sequence,environment_category,condition_variable,condition_bin,n_seed_rows,n_supported_seed_rows,supported,n_samples,n_samples_seed_sd,duration_s_approx,duration_s_approx_seed_sd,time_start_s,time_start_s_seed_sd,time_end_s,time_end_s_seed_sd,Dp_mean_m,Dp_mean_m_seed_sd,Dp_p95_m,Dp_p95_m_seed_sd,Dp_max_m,Dp_max_m_seed_sd,Dtheta_mean_deg,Dtheta_mean_deg_seed_sd,Dtheta_p95_deg,Dtheta_p95_deg_seed_sd,Dtheta_max_deg,Dtheta_max_deg_seed_sd,Dv_rmse_mps,Dv_rmse_mps_seed_sd,Dv_p95_mps,Dv_p95_mps_seed_sd,Domega_rmse_radps,Domega_rmse_radps_seed_sd,Domega_p95_radps,Domega_p95_radps_seed_sd,persistent_yaw_residual_signed_mean_radps,persistent_yaw_residual_signed_mean_radps_seed_sd,persistent_yaw_residual_abs_deg_per_min,persistent_yaw_residual_abs_deg_per_min_seed_sd,Iomega_start_deg,Iomega_start_deg_seed_sd,Iomega_end_deg,Iomega_end_deg_seed_sd,Iomega_delta_deg,Iomega_delta_deg_seed_sd,Iomega_p95_abs_deg,Iomega_p95_abs_deg_seed_sd,Iomega_max_abs_deg,Iomega_max_abs_deg_seed_sd,RPE1_m,RPE1_m_seed_sd,RPEtheta1_deg,RPEtheta1_deg_seed_sd,RPE1_n_pairs,RPE1_n_pairs_seed_sd,RPE5_m,RPE5_m_seed_sd,RPEtheta5_deg,RPEtheta5_deg_seed_sd,RPE5_n_pairs,RPE5_n_pairs_seed_sd,RPE10_m,RPE10_m_seed_sd,RPEtheta10_deg,RPEtheta10_deg_seed_sd,RPE10_n_pairs,RPE10_n_pairs_seed_sd
building00,building,acceleration,high,3,3,True,3533.0,0.0,353.3000000012853,0.0,9064.1,0.0,10260.2,0.0,1.7729682222060255,0.054357213226678906,3.5788576379393415,0.39316529795662386,4.0758140512077725,0.25229833015019953,0.7023572695738293,0.08485597736648023,1.9483066501780357,0.26974614071028474,3.3424337865139626,0.5280841360921906,0.061253961444887706,0.00033856580250148837,0.11846653108174587,0.0005454149285539678,0.033607221576830465,0.0001564137363352797,0.0764836356043815,0.00012167831927488207,-0.00011521653108252754,0.0001303799983660435,0.3960852576700016,0.44821341835781164,-0.0094537462055495,0.0,-23.510789334475145,14.153258485818561,-23.501335588269594,14.153258485818561,23.47853144244071,13.624621911698426,24.580172387137214,13.792392479749603,0.14637424932115636,0.010989824352250974,0.17445900502165598,0.004938101837365252,3533.0,0.0,0.33807532830653947,0.0015742399527009928,0.41417653465419746,0.006932812655123037,3530.0,0.0,0.5018438160687293,0.025913128158409793,0.5556924551139072,0.034035924556136084,3517.0,0.0
building00,building,acceleration,low,3,3,True,4103.0,0.0,410.30000000149266,0.0,9064.8,0.0,10264.9,0.0,1.6954402090184955,0.06401604120226345,3.569606211313706,0.39331894269184786,4.074955509733918,0.24964103566176818,0.6762864932076225,0.06751420470093525,1.9868622364983757,0.22136714003339925,3.3592533101694486,0.523795797994406,0.05111172445775649,9.84055321211731e-05,0.10284753721207368,0.0004933298474942601,0.03103649760887611,0.00019362656483791677,0.06935220435261719,6.0459902786328745e-05,-0.0008299700547225666,0.0003755092633137083,2.8532268754707033,1.2909057573565321,-0.1405332165766796,0.0,-23.45254973838038,14.200547744812202,-23.3120165218037,14.200547744812203,23.543312161029917,13.681999537871626,24.647474666728723,13.653267711034232,0.11193157033895035,0.016627949963471722,0.17597104416175957,0.0028192687163623577,4093.0,0.0,0.2959249570202123,0.027776661232945428,0.40051273756903366,0.008246367148631547,4059.0,0.0,0.4709728891739935,0.03206843875820077,0.5585933305216272,0.015615330634396525,4037.0,0.0
building00,building,acceleration,medium,3,3,True,4373.0,0.0,437.3000000015909,0.0,9064.2,0.0,10260.5,0.0,1.6939084758414868,0.053743218632659226,3.561679253702296,0.39266461943053577,4.076695257305762,0.25218179367733895,0.6527721382729718,0.06871242436462949,1.9461719842052247,0.25503529191265784,3.432005959941075,0.525643556003105,0.05449393051017535,0.00016400807855005548,0.10572918243706213,0.0005196414287105839,0.033482505706318354,0.00016085824379322085,0.07479191565265254,0.0001312493996119881,-6.421563466009131e-05,0.00021442284179568175,0.5277767540877825,0.4456914116192886,-0.0312305690704697,0.0,-23.52574150348306,14.161263625992614,-23.49451093441259,14.161263625992618,23.48445884973725,13.640199695868647,24.282597307851137,13.585972287810144,0.12028857719890944,0.024250609528135597,0.17909427074263196,0.00045768583498130355,4373.0,0.0,0.31248567779213154,0.027768117222509506,0.41318521608543896,0.00801855044769055,4370.0,0.0,0.4804703316062491,0.03843152920933467,0.5590553804419613,0.01117975672998751,4355.0,0.0
building00,building,curvature,high,3,3,True,4848.0,0.0,484.8000000017637,0.0,9064.7,0.0,10260.1,0.0,1.6559676555818799,0.04202350154258764,3.4531084559311425,0.32241283174920443,4.0647433315240695,0.24632213394266556,0.7535991151448465,0.0519950107305409,2.0546275032875543,0.18444844127156806,3.432005959941075,0.525643556003105,0.06720703512755095,0.00022789171518216168,0.1329215428869549,0.00015374353777386807,0.04813272173850924,0.0001970310532358263,0.10749857320139794,2.1541016661846842e-05,-0.0007284074261968879,0.0002594340294681075,2.5040802772241206,0.8918684970357111,-0.0149526861496221,0.0,-23.526204342722774,14.159665556506328,-23.51125165657315,14.15966555650633,23.35889166148658,13.48378493525075,24.665910611811892,13.679821530176486,0.12732030579851908,0.028130076906939236,0.24960564216641937,0.0017908484608314761,4848.0,0.0,0.3141690218008451,0.043328050396672,0.49362051502316406,0.006357534722033127,4846.0,0.0,0.4609402742770179,0.05765139785826427,0.6125591898208945,0.015303724195353125,4809.0,0.0
building00,building,curvature,low,3,3,True,3361.0,0.0,336.1000000012227,0.0,9064.1,0.0,10257.8,0.0,1.7644325730963082,0.06936952051480894,3.5821203869231986,0.3985950059040011,4.073852453074235,0.2569500085978009,0.5930060437654712,0.08240083998603628,1.8781103800157954,0.3251919134156013,3.275474674708587,0.5950285185825747,0.04404783491605115,0.00016277993241416413,0.08585880339766529,0.0004957784535099068,0.013421914968680483,6.08543835614349e-05,0.019980970459679667,0.0006067514805188826,-8.067924077084951e-05,0.0001834976295319703,0.49036178561140525,0.3906895682835282,-0.0094537462055495,0.0,-23.519388725623486,14.150555141920565,-23.509934979417935,14.150555141920565,23.62082603645483,13.773579738973142,23.92846678339808,13.671989387380222,0.11240654356078372,0.01364615757348627,0.12047207880291612,0.0019791371347550996,3361.0,0.0,0.2947216746703043,0.009812827941518727,0.33999558345318226,0.01154819439950643,3361.0,0.0,0.47772696805202464,0.013841679006850549,0.5030867979871222,0.025075463389068946,3357.0,0.0
building00,building,curvature,medium,3,3,True,3752.0,0.0,375.20000000136497,0.0,9064.4,0.0,10259.4,0.0,1.7495808586185573,0.05988270571891642,3.588282797518682,0.379807482056444,4.076448268187776,0.2528327251413554,0.6414057117533438,0.09925896385139793,1.9024911977050383,0.28021845611099555,3.323211027508241,0.5374563672389552,0.047707705117394555,0.0001750399132098361,0.09290638673507294,0.0003469899703938938,0.016388849519740834,0.00029549133532439574,0.024840683722868476,0.0004605909927609747,-8.092087748580473e-05,0.000162295473264785,0.4843513131633435,0.2747237960924107,-0.0428829251554069,0.0,-23.50332696716355,14.168260963634388,-23.460444042008138,14.168260963634392,23.49882753472467,13.655466898765173,24.33932023391313,13.620881708211284,0.13554433653661443,0.003996526069783264,0.13420670753635908,0.003688495036125816,3752.0,0.0,0.33176899089791273,0.01351459172005739,0.36208251375985984,0.01561230178221643,3752.0,0.0,0.5154946084881772,0.025182003872809305,0.5368523369181705,0.027623326769766855,3743.0,0.0
building00,building,elapsed_time,early,3,3,True,4003.0,0.0,400.3000000014563,0.0,9064.1,0.0,9464.3,0.0,1.4223018011713842,0.00853046136802659,1.7942721396318033,0.017127546661399946,2.0112771422856164,0.06043208169764989,0.4089002155169337,0.03223787098514978,1.3605625563528723,0.24998060996708787,2.483419999209646,0.07788970158950209,0.05121242938833346,3.5915964833105796e-05,0.09808226395398369,9.04745673486269e-05,0.029809953788848303,0.00017356623851736647,0.06532728321229393,0.0006953549978475095,-0.0004265042721539372,0.00022323478983766857,1.4662136843231786,0.7674246778913,-0.0094537462055495,0.0,-9.782088963945062,5.120001642683417,-9.772635217739513,5.120001642683417,9.211186850987014,4.550641181882122,10.423658452848425,4.947542338979194,0.08491023742209275,0.0033668648138290703,0.16504936019143612,0.002516499186708365,4003.0,0.0,0.22163776398161186,0.01631499803813395,0.3969470142778107,0.006767535442604073,4003.0,0.0,0.35030642847475707,0.026222698542890038,0.517723345363078,0.017205711752702316,4003.0,0.0
building00,building,elapsed_time,late,3,3,True,4003.0,0.0,400.3000000014563,0.0,9864.7,0.0,10264.9,0.0,2.251596900527398,0.1877409649137275,3.820914477359071,0.2673206983189909,4.077147718636371,0.25201609784620893,0.9224024964299921,0.14728600587580573,2.2296228099971582,0.577518484122913,2.9877666498958213,0.9144902716080843,0.05614937210357752,0.00029474301182130986,0.11076017690356808,0.0014976447233647258,0.035678134228870007,0.0001668508712587299,0.08067164923995727,0.00010737631932639155,-0.0002714151665239661,0.00021153732036398605,0.9330566122598211,0.7272117399817922,-17.226237811434988,9.350818974096718,-23.45254973838038,14.200547744812202,-6.226311926945388,4.849730306540688,23.801850915009595,13.696569109764628,24.665910611811892,13.679821530176486,0.1285040105373617,0.020621137378967983,0.18868124739789863,0.007549139418565719,3993.0,0.0,0.3312341396196904,0.03371507434642772,0.401410745916927,0.04519808432589835,3953.0,0.0,0.5126161862666546,0.06683498133893405,0.5669923442216845,0.09368282298554402,3903.0,0.0
building00,building,elapsed_time,middle,3,3,True,4003.0,0.0,400.3000000014563,0.0,9464.4,0.0,9864.6,0.0,1.4791739117190534,0.01216329811647234,2.0993731758634246,0.13106673639613028,2.587114280713255,0.24063734494090971,0.6948787209041659,0.07799401426400795,1.8591184190874752,0.24244057947676234,3.0557480224460924,0.2824406279373731,0.058802948674414386,0.00022895194816220738,0.11626700342167157,0.001094972435111321,0.03236203147628847,0.00017078258430986717,0.07391412692765391,0.00023315684204901945,-0.00032462418090986573,0.00018620718123434006,1.1159757296415969,0.6401331359853185,-9.823790260815631,5.1223456846705435,-17.22750704023099,9.34884354998868,-7.403716779415358,4.267293302022655,16.749850608427266,8.692944916009813,18.168766230489506,9.262203466697782,0.15538662940279455,0.01210265744429909,0.176291677428677,0.006976632022211186,4003.0,0.0,0.3721877943183291,0.022971099451322995,0.42907524023275156,0.029146227854245487,4003.0,0.0,0.5614730086463052,0.03327668856681816,0.5892281166101739,0.0544423207641194,4003.0,0.0
building00,building,environment,building,3,3,True,12009.0,0.0,1200.9000000043688,0.0,9064.1,0.0,10264.9,0.0,1.7176908711392789,0.057312964147920704,3.5696561606868613,0.3929725673491034,4.077147718636371,0.25201609784620893,0.675393810950364,0.07187232926090757,1.9612152823345133,0.25008852036216267,3.432005959941075,0.525643556003105,0.05547754369485584,0.00018952920490136624,0.10878493227064605,0.000260443692290533,0.032705066746178714,0.00016971009369929537,0.07325086730221908,0.00019145663195511446,-0.0003408478731959231,0.00020638380692208197,1.171748675408199,0.7094952657886897,-0.0094537462055495,0.0,-23.45254973838038,14.200547744812202,-23.44309599217483,14.2005477448122,23.507074274470842,13.653886942577032,24.665910611811892,13.679821530176486,0.12656482362501761,0.009974621355319308,0.17666408821177781,0.0019723816384143236,11999.0,0.0,0.3150781804151357,0.01857889516575371,0.4091766672309886,0.007686785573145328,11959.0,0.0,0.4837512811271149,0.03236635209260502,0.5579056026346597,0.018810420585924362,11909.0,0.0
building00,building,environment,parking,3,0,False,,,,,,,,,,,,,,,,,,,,,,,,,,,,,,,,,,,,,,,,,,,,,,,,,,,,,,,,,,,,
building00,building,environment,playground,3,0,False,,,,,,,,,,,,,,,,,,,,,,,,,,,,,,,,,,,,,,,,,,,,,,,,,,,,,,,,,,,,
building00,building,environment,street,3,0,False,,,,,,,,,,,,,,,,,,,,,,,,,,,,,,,,,,,,,,,,,,,,,,,,,,,,,,,,,,,,
building00,building,persistent_yaw_mismatch,high,3,2,True,12009.0,0.0,1200.9000000043688,0.0,9064.1,0.0,10264.9,0.0,1.7232212843607053,0.079912695464759,3.796228832542112,0.029048641760473542,4.211166262370492,0.13877466180672934,0.7014992415726848,0.07900824247454043,2.073924380519199,0.2210621884272407,3.458777486337662,0.7404741779303041,0.055475816863836874,0.00026800139430398445,0.10884670764207835,0.0003358044886749634,0.032697882825781,0.00023936035497375686,0.07315483242273335,0.0001340712324555716,-0.0004482152743102827,0.00012657803358794817,1.5408506118766598,0.4351432262192764,-0.0094537462055495,0.0,-30.840124996823473,8.709391672810359,-30.830671250617925,8.709391672810355,30.575728154421398,8.547634247796916,31.746530010338027,8.571114734633566,0.12925842688372577,0.012468085308981676,0.17663858366742863,0.0027886691744294766,11999.0,0.0,0.31885337306417316,0.02459345876317632,0.41310719201926,0.005047691970369771,11959.0,0.0,0.49066001840558504,0.042529725967462094,0.5678386802296425,0.010754890152439538,11909.0,0.0
building00,building,persistent_yaw_mismatch,low,3,1,True,12009.0,0.0,1200.9000000043688,0.0,9064.1,0.0,10264.9,0.0,1.7066300446964258,0.0,3.11651081697636,0.0,3.809110631168128,0.0,0.6231829497057222,0.0,1.7357970859651417,0.0,3.378462907147901,0.0,0.055480997356893776,0.0,0.10866138152778143,0.0,0.03271943458697414,0.0,0.07344293706119055,0.0,-0.00012611307096720395,0.0,0.43354480247127725,0.0,-0.0094537462055495,0.0,-8.677399221494188,0.0,-8.667945475288638,0.0,9.369766514569726,0.0,10.504671814759623,0.0,0.12117761710760129,0.0,0.17671509730047621,0.0,11999.0,0.0,0.30752779511706074,0.0,0.40131561765444584,0.0,11959.0,0.0,0.4699338065701747,0.0,0.5380394474446941,0.0,11909.0,0.0
building00,building,persistent_yaw_mismatch,medium,3,0,False,,,,,,,,,,,,,,,,,,,,,,,,,,,,,,,,,,,,,,,,,,,,,,,,,,,,,,,,,,,,
building00,building,speed,high,3,3,True,6252.0,0.0,625.2000000022745,0.0,9080.7,0.0,10250.0,0.0,1.655092052110505,0.04146902221229415,3.244638728876833,0.20848800709701892,4.052731279033233,0.29110430741517523,0.5853425985632987,0.08913345926640989,1.895989065064238,0.3456775163936992,2.9037606637736846,0.4045941725323792,0.05206633050904131,6.943552467192097e-05,0.10245557404123233,0.0002450113680791405,0.031328225104343126,0.00014551936671649082,0.07065990868334968,8.787203630143937e-05,-0.00025649288875673914,0.00019064441060594623,0.8817576000527807,0.6553872069287897,0.023900670920355607,0.12651479460402096,-23.454964785104007,14.039728337219735,-23.478865456024362,13.954862186540081,23.288510505745432,13.502710968293577,24.665910611811892,13.679821530176486,0.10642056545171562,0.005729305943448678,0.15496161631875988,0.0029310541421838374,6252.0,0.0,0.2783580945855806,0.018624468966470367,0.3783899341509236,0.008540320138136676,6252.0,0.0,0.4634451930983257,0.014745646408998654,0.5512496796385701,0.014011631411701196,6252.0,0.0
building00,building,speed,low,3,3,True,2565.0,0.0,256.50000000093314,0.0,9064.1,0.0,10264.9,0.0,1.7535732980633554,0.07785873547662181,3.548176514684408,0.5073435313462391,4.066694822542289,0.24713925669564307,0.9262882318408003,0.0753258735538071,2.1269391148394345,0.06004359900378639,3.432005959941075,0.525643556003105,0.06324890610708368,0.00035376934800848827,0.12844768731544406,0.000476820532001856,0.03446248904064206,0.00020361648961600702,0.07594885292152558,0.00012668320265409453,-0.00037101208363086,0.0002967314158298483,1.2754455924241808,1.0200874665595039,-0.0094537462055495,0.0,-23.45254973838038,14.200547744812202,-23.44309599217483,14.2005477448122,23.58499746866447,13.762158740807712,24.33058509110357,13.50324203367104,0.1153769844547576,0.010539068217413766,0.21905916237744502,0.005067739052621252,2555.0,0.0,0.27643965094945877,0.05267495162119837,0.4450244544838629,0.024873284512293984,2515.0,0.0,0.38879251041878354,0.051006518385211114,0.5530469766307365,0.03872021311495311,2465.0,0.0
building00,building,speed,medium,3,3,True,3192.0,0.0,319.20000000116124,0.0,9070.9,0.0,10251.0,0.0,1.8114657431654801,0.07434107052403396,3.702914486122339,0.30772799221732994,4.07683981709858,0.25195088050811126,0.6501607251922067,0.0662896242120113,1.9324235271722037,0.25730395830919,3.3766096910037597,0.5367417776555794,0.05527060243618529,0.00026361200629480407,0.11019866444888356,0.0014307967068415027,0.03387398473194673,0.00018766443632309147,0.07647389634512361,6.504817882615177e-05,-0.0004818303803851975,0.00018036834160232093,1.656410834235292,0.6200606838952137,-0.006348280700006701,0.026103368835503443,-23.495616923341057,14.043239753248965,-23.48926864264105,14.032259376216698,23.570889655305788,13.54181068064242,24.150168753570128,13.449432395102498,0.16380533427428015,0.03223785675283137,0.18523690769231305,0.0030152526588408334,3192.0,0.0,0.395977003563072,0.05635276872645351,0.44123226568825297,0.02375347141872589,3192.0,0.0,0.5743743140450853,0.10061398469543358,0.5746942441356693,0.05772791731185466,3192.0,0.0
building00,building,turning,high,3,3,True,5095.0,0.0,509.50000000185355,0.0,9064.7,0.0,10259.7,0.0,1.6555918283650877,0.04035198263431643,3.4391064767147586,0.30824848370710783,4.069397840879837,0.24701482390539026,0.7446439224326471,0.05699773546838864,2.053851766633224,0.19601590897713422,3.432005959941075,0.525643556003105,0.066791942985882,0.00020386852863973586,0.13202836195317405,0.0005853282277423232,0.047178022915659666,0.00019979676494277993,0.10562295361111558,5.494913084894482e-05,-0.0006723523282001981,0.0002493465583378352,2.311377045099967,0.8571903257322315,-0.0149526861496221,0.0,-23.554371279577477,14.155591828530271,-23.539418593427854,14.155591828530271,23.306122383317852,13.428688769678713,24.665910611811892,13.679821530176486,0.13460107484056968,0.021858420047659814,0.2454032765493602,0.002601157404412556,5095.0,0.0,0.3178534341116069,0.040381066821639666,0.48831354623463774,0.006119600047480291,5095.0,0.0,0.46556227626682783,0.05434141906059608,0.6117342844883306,0.013650389465460483,5064.0,0.0
building00,building,turning,low,3,3,True,2973.0,0.0,297.30000000108157,0.0,9064.1,0.0,10264.9,0.0,1.7876710897561747,0.08365452150467464,3.587000730530336,0.40135470389193945,4.073852453074235,0.2569500085978009,0.6139619325346668,0.06776977411061752,1.8742746458269677,0.28481463350503966,3.275474674708587,0.5950285185825747,0.04369813511128823,0.00020651123656128075,0.08644180130213495,0.00031332654463199315,0.012618501494787646,5.3654346855628764e-05,0.019414731270323157,0.0006641089368097656,-4.9065357472375565e-05,0.00017910220193138163,0.46888019893654165,0.30331487947410785,-0.0094537462055495,0.0,-23.45254973838038,14.200547744812202,-23.44309599217483,14.2005477448122,23.659316087071545,13.815446234124478,23.926517976515154,13.66918096469676,0.11561819758639318,0.013906100749757407,0.12063231992937658,0.0029353672977866217,2963.0,0.0,0.29805894945820705,0.0037333173635881295,0.3420365802443679,0.015170695406367141,2926.0,0.0,0.47880513654548257,0.01809768929869123,0.5009599510520865,0.02871755927323394,2921.0,0.0
building00,building,turning,medium,3,3,True,3941.0,0.0,394.1000000014337,0.0,9064.4,0.0,10260.3,0.0,1.7451822268831176,0.060811894883806485,3.585859883037957,0.380524338899929,4.076448268187776,0.2528327251413554,0.6322087453648869,0.09464079921135024,1.9021174329964312,0.29555407714346077,3.323211027508241,0.5374563672389552,0.04658913596421449,0.00016931058549216077,0.0878655426204205,0.0008653900226680269,0.016176899450709412,0.00026642334447702135,0.024487307139982765,0.0005161997882886552,-0.00013238662503538656,0.00017664677250582166,0.5323024337894426,0.5044246338773697,-0.0428829251554069,0.0,-23.515265633016867,14.154179692458738,-23.47238270786146,14.15417969245874,23.508920508187487,13.66428166405528,24.309561844666817,13.5779343757778,0.12221673118776011,0.009064687031885663,0.1299236580774902,0.0022420619748889643,3941.0,0.0,0.32241185164500585,0.011692621133556956,0.3566752695670119,0.015095729461749832,3938.0,0.0,0.5088112378241193,0.02356950816124785,0.5308285902405993,0.029826461105468757,3924.0,0.0
building00,building,wheel_imu_disagreement,high,3,3,True,5208.0,0.0,520.8000000018947,0.0,9064.4,0.0,10260.9,0.0,1.6797255497296757,0.0492937462555224,3.5183000038091627,0.35059581691012415,4.076306059003776,0.2528023916387576,0.6834181273905928,0.06963014529513127,1.9691726158388019,0.24803983830734835,3.4229243558719245,0.5114234650841145,0.06288691987673468,0.00031173833935947253,0.12449579744910177,0.000850177872095653,0.039579661523939484,0.00016928557968377443,0.09048533784225582,0.00014476466871651616,-0.0014702045184676257,0.00018691044407366983,5.054190835755507,0.6425507755402375,-0.0428829251554069,0.0,-23.506664376865036,14.178302007987147,-23.463781451709632,14.178302007987151,23.43645722959286,13.573478369682773,24.665910611811892,13.679821530176486,0.13580025155175712,0.017838180267169466,0.195124753302089,0.0021835081634317428,5208.0,0.0,0.31185634072816265,0.02858244317723996,0.425030035265739,0.01018987541999448,5202.0,0.0,0.4805743768866692,0.03941977464500386,0.5732895558048471,0.01773717346818972,5176.0,0.0
building00,building,wheel_imu_disagreement,low,3,3,True,3029.0,0.0,302.90000000110194,0.0,9064.2,0.0,10264.9,0.0,1.7614606372967776,0.06727409122575131,3.5761837595223773,0.39722439438671425,4.0760537362546545,0.2509380140730932,0.6755313127078625,0.06809956979093466,1.9769790910926373,0.2315456165390719,3.359624243158071,0.5607238444588557,0.045978250667511676,0.00011148242096909782,0.08831765917711881,0.001063166560873266,0.025574854345281683,0.00019147686558003253,0.05328510031104087,0.0001918564017704407,0.0007132341697111446,0.00023949188964967613,2.451918463737965,0.8233124702723572,-0.0312305690704697,0.0,-23.45254973838038,14.200547744812202,-23.421319169309907,14.200547744812203,23.629116256305597,13.76285799056716,24.2910932182985,13.569276656973503,0.10892890635179335,0.015235473559045575,0.15674496434836774,0.0013488095517884713,3019.0,0.0,0.30279915715656036,0.009937720624192636,0.38644072969791937,0.0027546748507841067,2985.0,0.0,0.47176775976636537,0.013487321882921465,0.5343860083328534,0.014119317770094876,2978.0,0.0
building00,building,wheel_imu_disagreement,medium,3,3,True,3772.0,0.0,377.20000000137225,0.0,9064.1,0.0,10259.5,0.0,1.7349614894346512,0.06191555905212321,3.575801171222711,0.4002603608071711,4.076870372849829,0.25182617538533336,0.6642042211189282,0.07804638156711598,1.9450355217600628,0.2644703059432727,3.354507709842449,0.5390748840653873,0.051388274967999026,0.00017029476960881437,0.09949947433584982,0.000573820475712976,0.026780614112751278,0.0001773147452166777,0.055753749081243996,0.0001039588261522719,0.00037200337298899693,0.00023897204455192574,1.2788533942140294,0.8215253744662574,-0.0094537462055495,0.0,-23.45967450602763,14.156260606612955,-23.450220759822077,14.156260606612955,23.509514849990534,13.672795920072378,24.205402949640686,13.739801068932142,0.12555792654088607,0.006323777768963809,0.16711814207002126,0.005487152107569711,3772.0,0.0,0.32842935987988775,0.013659531585793187,0.40530539284589845,0.011194620718818434,3772.0,0.0,0.4969118323256896,0.040411591164094554,0.5553527425073334,0.026559812201462873,3755.0,0.0
building01,building,acceleration,high,3,3,True,4777.0,0.0,477.70000000173786,0.0,10681.1,0.0,12047.0,0.0,1.4284272018404185,0.012801216945308684,1.963216378833934,0.08930761170243424,4.30524129601162,0.3405167286552846,0.7766982451623853,0.011013193545473542,2.7006836499390516,0.03987349143908068,4.601239173999181,0.3325978879693372,0.0737478097861684,0.000499274949205117,0.11616276310135909,0.000968894158116664,0.026808787062699166,0.0002559110113189434,0.058058116460839894,0.0003218374370647706,0.0004139372469479346,0.00011708975055730964,1.4230114340028701,0.4025249118704054,0.0088686651309311,0.0,12.72106267033264,2.1486335865590385,12.71219400520171,2.1486335865590385,11.839552322784835,2.099610562006508,13.215657150616787,2.144170043974285,0.09933703138498418,0.0028799948004583405,0.18910005270370192,0.006680889455035795,4777.0,0.0,0.25630375275816436,0.00667099293736792,0.4039892250106856,0.002589265025767173,4762.0,0.0,0.4039979713916271,0.01569084554645238,0.5220331675667136,0.009695802538853245,4733.0,0.0
building01,building,acceleration,low,3,3,True,4125.0,0.0,412.50000000150067,0.0,10682.0,0.0,12049.9,0.0,1.4359385828553368,0.0189708256601334,1.9350170065400603,0.11964366827282712,4.28830696230104,0.3422902354247898,0.705448094229805,0.033571990377777944,2.3844467418792052,0.08760530052598572,4.613656927271215,0.3267464604295853,0.05038822579640806,0.0002802782763872718,0.08770744353532783,0.0007145692325964834,0.02571246249147038,0.00024094031799856277,0.057231049984693465,0.00023810707754535554,-0.0003475615352415016,8.920333232413461e-05,1.194828545425528,0.30665846764054955,0.0557121421776506,0.0,12.928279111265951,2.0702445580681457,12.872566969088302,2.0702445580681457,11.47484682829211,2.0600056584866997,13.059873220059693,2.1397484890197087,0.08085370026481332,0.005943313737464122,0.18555569106870096,0.005209414489458616,4115.0,0.0,0.22413433642763933,0.014519828639835195,0.40590011309991886,0.008360789448920792,4098.0,0.0,0.34969329657413617,0.015563859637809353,0.5103921993741425,0.01265226552483205,4094.0,0.0
building01,building,acceleration,medium,3,3,True,4787.0,0.0,478.7000000017415,0.0,10682.6,0.0,12047.5,0.0,1.4431164674522814,0.014214184383282582,1.980099071192913,0.10576642173924847,4.306378279572358,0.3410497911305109,0.710201196926755,0.02843246581902052,2.4950880551503296,0.08574275062538407,4.4373469721946135,0.16996117189913734,0.05495884720068631,0.0003101715921508004,0.09316544450897098,0.0004522566185994954,0.027164568813166423,0.00023603512111743945,0.06255515984569977,0.00039781788839811545,0.00035778639550379645,1.3185483165101619e-05,1.2299790257739591,0.045328352172067245,-0.0194372721320599,0.0,12.770611536895752,2.114865412249302,12.79004880902781,2.114865412249302,11.472440687284298,2.0559891069588185,12.961796580370821,2.180448887392992,0.09175076970862646,0.0063655098130787485,0.1888340156276224,0.00672702318027482,4787.0,0.0,0.2415169737924614,0.01637322710945332,0.3987664390239882,0.005302187658219222,4779.0,0.0,0.3732203776533101,0.021367070240222653,0.5200055002807354,0.011961415333947858,4762.0,0.0
building01,building,curvature,high,3,3,True,6084.0,0.0,608.4000000022133,0.0,10683.8,0.0,12046.799999999997,2.227797943108433e-12,1.4544260560343147,0.020693654502653005,1.9677507267317376,0.10757908125147933,4.243704619864184,0.381442655792141,0.792137127832512,0.02258443468676076,2.772282707440239,0.00339281497755117,4.613656927271215,0.3267464604295853,0.07375271108444975,0.00048314171516731467,0.12484583555099825,0.0010677377224172547,0.03665907260320622,0.00031734985598959434,0.0833029390623171,0.0005712956429630461,-0.0002917869557783169,6.016063228709692e-05,1.0030896649840768,0.2068170193733477,-0.23246389936049838,0.024756813065478302,12.742468219722324,2.155754111628548,12.974932119082823,2.157012407083817,11.51048065070074,2.0489579627471253,13.215657150616787,2.144170043974285,0.09452743412955888,0.011260200246015225,0.25611171853921083,0.011625282850505455,6084.0,0.0,0.26529305442288514,0.029259026581037594,0.5038406643779996,0.01409900425097899,6079.0,0.0,0.401384585097658,0.02459281030529951,0.6394977889329315,0.02114943211232947,6070.0,0.0
building01,building,curvature,low,3,3,True,3646.0,0.0,364.6000000013264,0.0,10681.1,0.0,12046.200000000003,2.227797943108433e-12,1.4278327138507914,0.008492891503424744,2.007599389654089,0.02942070431241554,4.268512909192933,0.2821488226996353,0.6761805176213054,0.02312442045944772,2.3870021829437413,0.13153924832743336,4.298597087719718,0.32213518508610534,0.044532563985823774,0.00023650817541952861,0.07420640260291596,0.0010899042026230063,0.012284583478615212,0.00016781395444377355,0.017993332391294248,0.0008130441576845056,0.0004239916731616853,4.639826900563084e-05,1.457576005251287,0.15950549944411835,0.0088686651309311,0.0,12.716524285104553,2.1675529696788884,12.707655619973622,2.1675529696788884,11.89867062746253,2.1231370550920725,12.748016458415664,2.182099608634009,0.09117872997066888,0.005479157720350843,0.1286948100466919,0.003869936947036877,3646.0,0.0,0.21866416030670222,0.0068814745369361495,0.3146111746765298,0.00476441453109719,3640.0,0.0,0.36194897588385316,0.013815478879093344,0.4155771820494623,0.004255789151573445,3629.0,0.0
building01,building,curvature,medium,3,3,True,3900.0,0.0,390.0000000014188,0.0,10681.3,0.0,12046.5,0.0,1.4168650423728157,0.014028186981579071,1.9456622702135895,0.11243495299048432,4.2618911866527505,0.27756582296059507,0.6769986615217256,0.02651905098252192,2.24365511605639,0.08116569727244904,4.294744447427237,0.2435974403033823,0.052074033704315494,0.00029727277743402813,0.08959560150202978,0.0005954673474664275,0.015734998166112204,0.00026753156080205534,0.025609442317120906,0.000285768432601566,0.0006188201188595675,7.553552466469301e-05,2.127346865306231,0.2596720059955945,-0.0223574282980027,0.0,12.693306533337939,2.1615992911062487,12.715663961635942,2.1615992911062487,11.399302942300196,2.0464428049402326,12.800467313886514,2.1891361421409528,0.08580532694831211,0.005994986310234929,0.1363758866992569,0.0028336623661637567,3900.0,0.0,0.22182425822614804,0.004766012680430211,0.3259255001827177,0.006507588709060298,3892.0,0.0,0.3522628259922225,0.012357748009031074,0.42238339514740303,0.009213380996458478,3862.0,0.0
building01,building,elapsed_time,early,3,3,True,4563.0,0.0,456.30000000166,0.0,10681.1,0.0,11137.299999999997,2.227797943108433e-12,1.371380749982641,0.028843547398011406,1.8122243380036827,0.16039160234660105,2.0018372394179695,0.15392901112688775,0.45670416287098375,0.06413665958131261,1.1935968054811077,0.21562483437841043,1.9858349123218162,0.25821702597931107,0.056087770647534035,0.00031643054968582586,0.09603669254574905,0.0009905110828432346,0.022981338097362386,0.0002626227513196835,0.04876762796193355,0.00024444074048502856,0.00010266640352802627,9.601544196144414e-06,0.3529410971965758,0.0330076775548443,0.0088686651309311,0.0,2.6841170441897213,0.2510233878054992,2.67524837905879,0.2510233878054992,3.578084061454836,0.5115539124925078,4.221080849900325,0.5022272224241278,0.04624970930459949,0.002238366435072593,0.16599398706037266,0.005828520874859315,4563.0,0.0,0.12804960714657154,0.006548140560634748,0.3607359715605163,0.004463759090415225,4563.0,0.0,0.2012643414118627,0.00657537938786656,0.43196107995507194,0.007493358473765612,4563.0,0.0
building01,building,elapsed_time,late,3,3,True,4563.0,0.0,456.30000000166,0.0,11593.700000000003,2.227797943108433e-12,12049.9,0.0,1.2843298871769468,0.0321636135539391,1.615471820002105,0.03940081233407129,1.7711593633203984,0.03863210271534368,0.6855662781278813,0.0644503757207941,2.5153097368976716,0.14502619819896645,3.9237425205136742,0.3168134963727915,0.060960024867740166,0.00034684056112793866,0.09900760808959595,0.00016619222169589077,0.028582889846905945,0.0002233282459269053,0.06402164281656346,0.00023287031760766202,0.00014959555459007716,6.1028883148596374e-05,0.5142716347158198,0.20980184596869866,8.939176010145575,0.6581180783946619,12.928279111265951,2.0702445580681457,3.989103101120376,1.5875104684264354,12.323982653474795,2.183948126124361,13.215657150616787,2.144170043974285,0.08954791922514078,0.0042773695550410995,0.19828218998073396,0.005827372068588635,4553.0,0.0,0.2245346485849844,0.009153226016558914,0.39203138547674726,0.0030893450984901443,4513.0,0.0,0.33451114352652184,0.02052751986250307,0.4966628598776857,0.015472829341715205,4463.0,0.0
building01,building,elapsed_time,middle,3,3,True,4563.0,0.0,456.30000000166,0.0,11137.4,0.0,11593.6,0.0,1.6517717049758522,0.006483416920273388,3.332366969790808,0.3491621190914242,4.3080487834389185,0.34057489628907917,1.0536519862479103,0.05004273663256145,3.3433703192694004,0.2837215343568205,4.613656927271215,0.3267464604295853,0.06554277238531597,0.00046610065199378096,0.0987155454698948,0.00047812796737670794,0.02791234939437595,0.0002541333408185811,0.061870679010947484,0.0007425532227431726,0.00024223954770608296,3.1651879676360074e-05,0.832758222882991,0.10881114714668023,2.7089658344579686,0.2558085966110962,9.017243329237912,0.656681710125637,6.308277494779943,0.8361550396964067,9.303562716728424,1.2736761345587293,10.08460294727267,1.3765375132522342,0.12220253996551493,0.005959450000807758,0.1995686345351644,0.007556692230082268,4563.0,0.0,0.3292223155507294,0.023815763417509666,0.4553154249819846,0.012194006155744504,4563.0,0.0,0.5230317396104596,0.042322400476872815,0.6243589934689355,0.01371550897849214,4563.0,0.0
building01,building,environment,building,3,3,True,13689.0,0.0,1368.90000000498,0.0,10681.1,0.0,12049.9,0.0,1.43582744737848,0.015081861634952749,1.9605837170016198,0.10168233279046739,4.3080487834389185,0.34057489628907917,0.7319741424155919,0.023706793836301726,2.5447358635879715,0.07299156688007552,4.613656927271215,0.3267464604295853,0.060985859792932855,0.0003769352152743928,0.09812310573955359,0.0006363893157955015,0.026609682331885487,0.00024438360660321247,0.05939037414888532,0.00031186654523012266,0.00016483383527472872,2.6395342143073154e-05,0.5666569849317954,0.09074050221611338,0.0088686651309311,0.0,12.928279111265951,2.0702445580681457,12.91941044613502,2.0702445580681457,11.608186455468678,2.0532347147770276,13.215657150616787,2.144170043974285,0.09149760319849846,0.002816436314784735,0.18794071593849823,0.00624832834898774,13679.0,0.0,0.2418513478701122,0.01172767758000598,0.40273335032480334,0.004015013037900465,13639.0,0.0,0.3775039649859362,0.017500852704539414,0.5178155006746529,0.011370120562093819,13589.0,0.0
building01,building,environment,parking,3,0,False,,,,,,,,,,,,,,,,,,,,,,,,,,,,,,,,,,,,,,,,,,,,,,,,,,,,,,,,,,,,
building01,building,environment,playground,3,0,False,,,,,,,,,,,,,,,,,,,,,,,,,,,,,,,,,,,,,,,,,,,,,,,,,,,,,,,,,,,,
building01,building,environment,street,3,0,False,,,,,,,,,,,,,,,,,,,,,,,,,,,,,,,,,,,,,,,,,,,,,,,,,,,,,,,,,,,,
building01,building,persistent_yaw_mismatch,high,3,0,False,,,,,,,,,,,,,,,,,,,,,,,,,,,,,,,,,,,,,,,,,,,,,,,,,,,,,,,,,,,,
building01,building,persistent_yaw_mismatch,low,3,1,True,13689.0,0.0,1368.90000000498,0.0,10681.1,0.0,12049.9,0.0,1.4488667214039268,0.0,2.013991241417524,0.0,4.003321748430061,0.0,0.7125047334398944,0.0,2.490679962596023,0.0,4.527154966686052,0.0,0.060569124659707034,0.0,0.0974090613424776,0.0,0.026532197230998523,0.0,0.059247799590229806,0.0,0.00013549231943508873,0.0,0.4657882836041377,0.0,0.0088686651309311,0.0,10.626959690467071,0.0,10.61809102533614,0.0,9.311666683439581,0.0,10.789828084381998,0.0,0.08960969349450496,0.0,0.18320506825492444,0.0,13679.0,0.0,0.23428702929777678,0.0,0.3995656955500915,0.0,13639.0,0.0,0.3629531705718307,0.0,0.511941237328934,0.0,13589.0,0.0
building01,building,persistent_yaw_mismatch,medium,3,2,True,13689.0,0.0,1368.90000000498,0.0,10681.1,0.0,12049.9,0.0,1.4293078103657566,0.014138284906086797,1.9338799547936683,0.1280626725750703,4.460412300943347,0.3044579957345506,0.7417088469034405,0.02356771773420953,2.571763814083946,0.0791989710989987,4.656907907563797,0.4497806298951851,0.06119422735954577,0.0001538117555025916,0.0984801279380916,0.00021258791363544963,0.026648424882328964,0.0003323263201487259,0.05946166142821309,0.000405006452916269,0.00017950459319454877,1.0101551665363963e-05,0.6170913355956242,0.034726576617522174,0.0088686651309311,0.0,14.078938821665393,0.7922868455315929,14.07007015653446,0.7922868455315929,12.756446341483226,0.7214852686993303,14.428571683734184,0.6065973681685747,0.09244155805049521,0.003243196333068224,0.1903085397802851,0.006666609021018201,13679.0,0.0,0.2456335071562799,0.013756760870404125,0.4043171777121592,0.004146034760031561,13639.0,0.0,0.38477936219298897,0.017174727469442486,0.5207526323475122,0.014380501674517994,13589.0,0.0
building01,building,speed,high,3,3,True,4087.0,0.0,408.70000000148684,0.0,10686.3,0.0,12042.0,0.0,1.3680881242943868,0.008559327577298851,1.9282123362962764,0.11046080019292713,4.116221763643482,0.20073294868061664,0.6101955532062772,0.038938794711445054,1.622613039517695,0.07714751684489166,4.041016323123313,0.287846896067126,0.04421033102591996,0.00024564315025950756,0.08657465334981673,0.0005788666548260019,0.02800109513404256,0.0001745848245902692,0.062270100973546495,0.00038045055366053555,0.00024684691602418636,0.00011589871521307585,0.8485971884403677,0.39843043396187483,0.0876642790040809,0.02775685688555826,12.569310446799145,2.2092969453286657,12.481646167795065,2.202180038929787,11.973401658246809,2.116240976533837,13.121605802999065,2.098284415772221,0.06578311118939432,0.00364907662721133,0.1518630879288034,0.00613163315839085,4087.0,0.0,0.16609128959801076,0.008153318833330064,0.31905499874066146,0.006319761268774396,4087.0,0.0,0.2885032461383071,0.012310894917897094,0.41353697252520555,0.009420054478003292,4080.0,0.0
building01,building,speed,low,3,3,True,5775.0,0.0,577.5000000021009,0.0,10681.1,0.0,12049.9,0.0,1.4851620731958233,0.02454473530551404,2.0153974979947678,0.1021432826419434,4.3080487834389185,0.34057489628907917,0.894248713451827,0.03103920891327038,2.9719410581371792,0.050149609831534644,4.528504335606756,0.44577335266169527,0.07545371547785168,0.0005083729245739381,0.12899211888822415,0.001283140820850584,0.024139375693435074,0.0003124684912831468,0.054333059148242095,0.0003169986308217192,-7.837166693186073e-05,6.275912529726853e-05,0.26942194491603705,0.21574998032797227,0.0088686651309311,0.0,12.928279111265951,2.0702445580681457,12.91941044613502,2.0702445580681457,11.634007909754935,2.1120942254181014,13.194939635869732,2.1631627699734604,0.11404087867422487,0.0054901152309069015,0.2129470577050554,0.005878273256920105,5765.0,0.0,0.2996578253160112,0.029888986172688353,0.4674157445835143,0.008334726207055445,5728.0,0.0,0.44863640535202637,0.04151742825734024,0.6083364322449828,0.015045483309776266,5699.0,0.0
building01,building,speed,medium,3,3,True,3827.0,0.0,382.70000000139225,0.0,10681.9,0.0,12045.6,0.0,1.4337221819877126,0.02514955787859675,2.1375971035294383,0.1990680470958844,4.136362254194873,0.20236729517628368,0.6171514213192268,0.02260004432025323,2.408819101744983,0.11309529107416795,4.406638410202288,0.2861067235052388,0.051235474031367155,0.00033250216055629345,0.08993483816739163,0.001044206413795177,0.02856730950105746,0.00023485529042121256,0.06511830544720089,0.000144377257148866,0.0004442496477179015,6.513535647690055e-05,1.5272177918645629,0.22391886139239073,0.072990514409777,0.0,12.701442779964125,2.1796701085897476,12.62845226555435,2.1796701085897476,11.264732805718788,1.9943103769302282,13.115256365221427,2.138997640249746,0.07540161698009734,0.002681338593105793,0.18879979756677642,0.006956791587441799,3827.0,0.0,0.20960168622477313,0.011586045181023606,0.3952785042501408,0.0031600030448206613,3824.0,0.0,0.34189777419735395,0.011669405971738083,0.49408258881912404,0.0199941329690256,3810.0,0.0
building01,building,turning,high,3,3,True,6035.0,0.0,603.5000000021955,0.0,10683.8,0.0,12045.799999999997,2.227797943108433e-12,1.4540600905928978,0.020142091734793675,1.9684696276055005,0.10612889794777848,4.243704619864184,0.381442655792141,0.7765919530652602,0.024107090922466386,2.695818798322927,0.009284883423639438,4.613656927271215,0.3267464604295853,0.07213754618938162,0.0004919616887346063,0.12208813251927492,0.0011321998857795942,0.03699309610278682,0.00031383076553879015,0.08429151866585015,0.00036092566077515525,-0.00041779317718157965,7.402207626998848e-05,1.4362671457119556,0.25446915366394945,-0.23246389936049838,0.024756813065478302,12.712280433219293,2.1764210512284983,12.94474433257979,2.177770722710161,11.460968118593934,2.051259380834822,13.215657150616787,2.144170043974285,0.09335920863573638,0.011283539615841155,0.25572295681328344,0.012001384608613991,6035.0,0.0,0.2621328814621689,0.029651329425228152,0.5027149928802617,0.015364660291382936,6034.0,0.0,0.39959204329899034,0.025250678234297115,0.6404144226714369,0.021776053630866352,6026.0,0.0
building01,building,turning,low,3,3,True,3507.0,0.0,350.70000000127584,0.0,10681.1,0.0,12049.9,0.0,1.4411884926494516,0.010050843748684415,2.017960058043818,0.031130079989183893,4.270025391167805,0.27998382451276893,0.6924607212486954,0.024700301406165644,2.541677852899406,0.11474512480078668,4.298597087719718,0.32213518508610534,0.04562025479597928,0.0002341931842633095,0.07502756087730318,0.0010901724992415888,0.012279341269500746,0.00016907512365336557,0.017992776857378545,0.0010826461894919452,0.0004667360538037455,2.7787636451462615e-05,1.604520361772732,0.0955268574787615,0.0088686651309311,0.0,12.928279111265951,2.0702445580681457,12.91941044613502,2.0702445580681457,11.925036068323665,2.1008950429595457,12.928279111265951,2.0702445580681457,0.09613228173429528,0.007824829017874952,0.13180189746996304,0.0031102369097639544,3497.0,0.0,0.22971815423083383,0.0057053205690219076,0.32245387354800253,0.005955843926347653,3470.0,0.0,0.37408136140990383,0.01744717627996057,0.42209427120323134,0.0033250555669909043,3458.0,0.0
building01,building,turning,medium,3,3,True,4147.0,0.0,414.70000000150867,0.0,10681.3,0.0,12047.1,0.0,1.4047603657377017,0.013815110833677901,1.9391054807079262,0.11958021450437252,4.258367085912052,0.2825132177087856,0.700458608478181,0.02742007689555902,2.3894263165695793,0.14756093206893645,4.294744447427237,0.2435974403033823,0.05425971015308364,0.00028158934088119616,0.08952926337563732,0.00035301064398747035,0.014773362978950136,0.0002728664114757693,0.023973622266203105,0.0006517285419244268,0.0007574026657045721,4.4888789762765955e-05,2.603758568209798,0.154316292051393,-0.0223574282980027,0.0,12.730900038381792,2.1349618409622155,12.753257466679797,2.134961840962216,11.887652815779077,2.1205617912125585,12.897480059120012,2.2178010431332176,0.08358932461362585,0.0038792367890909257,0.1366389615389657,0.0035877927445670597,4147.0,0.0,0.2185954341661803,0.005830962268749324,0.32420385896709153,0.00747380770082307,4135.0,0.0,0.34542911318878805,0.007641100454512991,0.4184788155490878,0.011121905220049164,4105.0,0.0
building01,building,wheel_imu_disagreement,high,3,3,True,5036.0,0.0,503.6000000018321,0.0,10681.1,0.0,12046.700000000003,2.227797943108433e-12,1.4343193414129318,0.012654948492006268,1.958088075364329,0.09968428244863789,4.303339975911812,0.336119547412097,0.7243798187398726,0.02225127617143452,2.490532921819088,0.03412868466355557,4.598947509858449,0.33775491083313136,0.0792169484729488,0.0005595519213398999,0.13911293509105827,0.002082100391785403,0.03382283137622521,0.00024808073667243017,0.07803120044991375,0.00032750405803239546,-0.0014423752295057702,2.6483204844279214e-05,4.958520787493647,0.09104255193345671,0.0088686651309311,0.0,12.788497171808787,2.1645820849530493,12.779628506677854,2.1645820849530493,11.557975208748807,2.0638206842401514,13.215657150616787,2.144170043974285,0.09512857686662352,0.004025376237225789,0.2006982948359187,0.007599482477027684,5036.0,0.0,0.24655968091654287,0.01227120515281861,0.40983427731259403,0.005326706689786227,5029.0,0.0,0.3858960637463226,0.01853615561319277,0.5280735252536385,0.017482763772022323,5007.0,0.0
building01,building,wheel_imu_disagreement,low,3,3,True,4001.0,0.0,400.10000000145556,0.0,10681.2,0.0,12049.9,0.0,1.441583116820884,0.01780787651139897,1.9693754608178136,0.10749750324176498,4.29934338372443,0.3477735149007215,0.7480517343331519,0.024570251707473775,2.6551437034646113,0.10459875149208697,4.490229738546254,0.4314909843583713,0.04386909078673528,0.00023366339191163867,0.07528555827836184,0.0007444544269566368,0.020679254222379217,0.0002529751586358281,0.04229469348986947,0.0008393838422177935,0.001015952911969864,8.494405324843023e-05,3.4925888423939564,0.29201614475217486,0.0366653312497593,0.0,12.928279111265951,2.0702445580681457,12.891613780016193,2.0702445580681457,11.788876618732786,2.0762100629242286,13.15961374375371,2.160638660636484,0.08969286471551297,0.0017256931997648344,0.17817385946234607,0.004891878043509506,3991.0,0.0,0.23865678199803586,0.00818173849043887,0.39735249106252185,0.0041578067065707915,3970.0,0.0,0.37070357976967117,0.01704300364556066,0.5024933278435758,0.005467760291527318,3961.0,0.0
building01,building,wheel_imu_disagreement,medium,3,3,True,4652.0,0.0,465.2000000016924,0.0,10681.9,0.0,12047.4,0.0,1.4325098180155063,0.01578374772605222,1.9565548529398213,0.09900667426626811,4.3012816568180465,0.3497356448555817,0.7263676438706139,0.024823926263675775,2.496975338660769,0.11581539400812939,4.580107333975758,0.27161771561525727,0.049958402209377445,0.00022029098981615953,0.0847840964483717,0.0003980951498365258,0.021848904351107434,0.00025736109716183875,0.048555402923375346,0.000240031141790459,0.0011726965662242894,7.217703285227612e-06,4.031433833648138,0.024812636161275027,0.072990514409777,0.0,12.756285254409642,2.119565511762149,12.683294739999866,2.119565511762149,11.493017748733843,2.072416889027204,13.186017132528612,2.158233562130891,0.08895263354752975,0.003541295131349019,0.18250915034712115,0.0059666797139375895,4652.0,0.0,0.2393640778026446,0.014513164010740069,0.3996409902924019,0.002673774042499597,4640.0,0.0,0.3740486614251782,0.017442418646895275,0.5198343705116825,0.009862071336402605,4621.0,0.0
building02,building,acceleration,high,3,3,True,7260.0,0.0,726.0000000422588,0.0,181352.79999999996,3.564476708973493e-11,183110.20000000004,3.564476708973493e-11,1.0597338443151432,0.02663251293846376,4.831995754218213,0.38588036546985444,5.52642826374318,0.21230209070887082,0.737073782969757,0.1481047990385531,2.9337710828678385,0.6424517566010871,5.441940384737371,0.5302614495573056,0.053077374319656506,0.00038535875876299024,0.10199257292272995,0.0008321315414341507,0.034342439591963876,0.00017825334111986626,0.08085501898700985,0.0002445850750192064,0.00028246738778869726,0.00024635184739481427,0.9753774642588832,0.8394050781349339,-0.11410836195596469,2.8486135600545475,5.46188223870248,9.570083180839436,5.575990600658446,8.953795342308268,8.798235326780022,2.463188665767366,10.718205027719032,3.4258892962975294,0.12211198102389419,0.0030878776211153117,0.15909942163698462,0.006521497844577214,7260.0,0.0,0.31599539080907746,0.00618441692540333,0.33563882741509715,0.030198394047336194,7260.0,0.0,0.4921311844258142,0.009031121891800394,0.4465658477833167,0.05100211492164399,7260.0,0.0
building02,building,acceleration,low,3,3,True,6071.0,0.0,607.1000000353379,0.0,181295.79999999996,3.564476708973493e-11,183167.1,0.0,0.6809491235434485,0.07061339842646062,4.029002830101862,0.6497989926143191,5.5162118149133414,0.23559212774353838,0.7884429805455505,0.24210705254234835,2.679887765515486,0.8705564838512871,5.107601163875519,0.24616121653679204,0.04085012409522413,0.00031787361804789247,0.08319733198732135,0.0010550725882636975,0.028859124023188364,0.00011817121360264485,0.0656293695792556,0.00016484442318751848,-0.00036872967993325324,0.00022712540809630033,1.2675992664831057,0.7807996382462682,7.291865289459843e-05,0.0,5.971237822051048,10.98773555463546,5.971164903398154,10.98773555463546,10.219317330141976,5.146996808838577,11.845120507342001,5.276448258199171,0.10614852137157597,0.008628802526756909,0.12909682535766026,0.00954063278945263,6061.0,0.0,0.25471275077719246,0.03862469755190345,0.3005281780502027,0.056064371014028364,6021.0,0.0,0.39912993589276763,0.058412244819907796,0.4310180487929777,0.11545402959473927,5971.0,0.0
building02,building,acceleration,medium,3,3,True,5383.0,0.0,538.3000000313332,0.0,181352.70000000004,3.564476708973493e-11,183110.50000000003,0.0,0.900600243485131,0.08247804129420172,4.731341773509626,0.34615945907541346,5.522179893946135,0.2037219220570838,0.699582339237332,0.14343970449703786,2.816996030882811,0.6739717949838047,5.359812609653896,0.47684976066716994,0.047959301388954136,0.0003696528258188868,0.09750016576532881,0.0008185888858090541,0.03317714505839917,0.00017065656379924485,0.07550670827428502,0.00030871689719454815,0.00022850125499019775,4.836020572395935e-05,0.7855294514628582,0.1662501410620366,-0.12792461490754248,2.8401562344895934,5.499001994979547,9.57146119724536,5.62692660988709,8.95230924805494,8.455958509876908,2.0455366162814435,10.62266674258116,3.4399718923310005,0.12644778507417645,0.012455078282630152,0.16345312912300894,0.005584309186771248,5383.0,0.0,0.30297179087462683,0.0336124301586716,0.3240831364089457,0.0313108188300876,5383.0,0.0,0.47730730007068906,0.0416652587864591,0.42961949081714684,0.05523329283518536,5383.0,0.0
building02,building,curvature,high,3,3,True,5865.0,0.0,586.5000000341388,0.0,181352.9,0.0,183110.00000000003,0.0,1.01747436570077,0.09928246475512831,4.88921697670015,0.27969200516165554,5.523191401929747,0.2210326263299921,0.790391163069235,0.15873797205273832,3.12876684971666,0.7579694381777866,5.4312508267675215,0.5476838728021871,0.0603322398150214,0.00019982253181832644,0.1212857252607742,0.001423622066889871,0.05267274909708453,0.00017612300413676407,0.11652699634432795,0.000106186172132423,-0.0012103224518290546,0.00013503761646052977,4.160782100383843,0.46422512992168147,-0.12789087295039334,2.8514479625664735,5.461526502295645,9.572181117316877,5.58941737524604,8.95557421218696,8.776207440371518,2.3809216205237216,10.799073421919267,3.4726513194437167,0.12666422550230036,0.014260244731512807,0.22551342353916262,0.010256893578407443,5865.0,0.0,0.2983544225010359,0.031669553964888505,0.40090049621559326,0.040311492960012484,5865.0,0.0,0.4689191997098276,0.0415954123618241,0.5016466843435028,0.07647072401425478,5865.0,0.0
building02,building,curvature,low,3,3,True,5624.0,0.0,562.400000032736,0.0,181353.6,0.0,183110.1,0.0,0.8681204548426497,0.05305691638536234,4.704960933438117,0.37886153433996644,5.470271555707387,0.21453667663095108,0.6454164185287065,0.12884503836601544,2.7005280362538504,0.7003156185069885,5.013411714011078,0.12278325577959444,0.039404222016839636,0.0005593363677646033,0.07757475334219625,0.0012014160471087167,0.014644828449117615,0.00014813027947990217,0.020084087116022834,0.0009491747166982738,0.0002303005157790404,9.410363078603605e-05,0.7917148544295021,0.3235044528538336,-0.17303754341298946,2.881960578423245,5.46996781308502,9.573409675950145,5.643005356498011,8.945694222308745,8.454976952197162,2.0475024757913816,10.230119621579552,3.668193057056636,0.12449446070691156,0.010106911316839665,0.12415327773449719,0.005124807830710319,5624.0,0.0,0.3166722329019645,0.013961307718575483,0.2862592367447251,0.025836257654718753,5624.0,0.0,0.4903515390850462,0.02654325469057488,0.3913921359853357,0.039820522259595065,5624.0,0.0
building02,building,curvature,medium,3,3,True,5513.0,0.0,551.3000000320899,0.0,181353.20000000004,3.564476708973493e-11,183109.9,0.0,1.009378914533017,0.03798418800008577,4.775728934168197,0.3733725265374949,5.5276002846439205,0.19651418977592772,0.7109638625039297,0.1400096287001287,2.804147036270338,0.5889277259981854,5.016391903760614,0.15287474680424826,0.04828600577259465,0.00045891414584075575,0.0954934947309084,0.0011691114445649344,0.019348899616124366,0.00028274646524066073,0.03179964783291023,0.0008217616118720766,0.0012155969931774188,5.887667086437442e-05,4.178914637871554,0.20240308513857116,-0.14831092276050312,2.8653045352148667,5.432251477414433,9.56518401248284,5.580562400174938,8.943374799520155,8.442003870613076,2.02514831166378,10.232821297295374,3.6304849435100275,0.12121292484254115,0.003446706427036898,0.13209724705645717,0.004861305973775326,5513.0,0.0,0.3087878518402671,0.027698787165260138,0.30041469023025613,0.025670021800489023,5513.0,0.0,0.48485998328085045,0.028978533524387853,0.4054079740665835,0.04432523199603649,5513.0,0.0
building02,building,elapsed_time,early,3,3,True,6238.0,0.0,623.8000000363099,0.0,181295.79999999996,3.564476708973493e-11,181919.50000000003,0.0,0.2517281891077099,0.004759897421480907,0.524766798734705,0.006692515154576208,0.5863376369972687,0.006976523927797539,0.3977194696316806,0.10696335850569735,1.1430701692278766,0.5529961972698176,2.355318751548422,0.9634844100459308,0.04527129151884932,0.0003644095101112012,0.09346184215197946,0.0008308264089105725,0.029937452998700636,0.00015210016525758963,0.06717597444852189,0.00015552325518829565,-9.894853040959824e-05,0.00012131573973543438,0.43220504412584876,0.2594117587941018,7.291865289459843e-05,0.0,-3.5365300388204717,4.335958866494416,-3.536602957473366,4.335958866494416,5.144225712950813,2.5132114718041647,6.137209925888418,2.663353787610873,0.02612087909732579,0.0017222357795290797,0.12942657140545988,0.006657789161918754,6238.0,0.0,0.08614558446043692,0.005095080238646753,0.2654251576972223,0.034714000849949335,6238.0,0.0,0.14997007341117427,0.011214129531623838,0.33576088059984094,0.06110151408339726,6238.0,0.0
building02,building,elapsed_time,late,3,3,True,6238.0,0.0,623.8000000363099,0.0,182543.4,0.0,183167.1,0.0,1.3904589926266329,0.1534846451387405,4.881116309548157,0.5101278167523028,5.189691085301614,0.6116724267797874,0.7507808501804843,0.12452456011252788,2.333950280159156,0.7289874402953934,4.851929420254227,0.30908589801377195,0.052126853510104036,0.0003847670848550474,0.10646917531654844,0.0005851574829381139,0.0337938821285406,0.00017493181747017485,0.07610639274741209,0.0002867049590619141,0.00018499772045051113,0.00012211730189591195,0.6359753160813196,0.41980836024964086,-0.48005959958750477,6.68196381057078,5.971237822051048,10.98773555463546,6.451297421638553,4.3690039553797995,10.31334278073421,5.113750245958555,11.707214778819889,5.4452295964583115,0.12773077853042633,0.02757764498551999,0.15282093355180643,0.005166684766337874,6228.0,0.0,0.317380378868639,0.04127049585556959,0.3298845953971777,0.021599474976136457,6188.0,0.0,0.49217146059714306,0.07652265139126502,0.44248759795911385,0.04098041027452215,6138.0,0.0
building02,building,elapsed_time,middle,3,3,True,6238.0,0.0,623.8000000363099,0.0,181919.6,0.0,182543.29999999996,3.564476708973493e-11,1.0310479816899398,0.3187111270416373,4.13473548701461,1.0208779319232468,4.969868228052875,0.5139104543408727,1.0803622533470258,0.2937025525375433,3.4058787177266985,0.7997209583555395,5.4446993769513155,0.5257768172098919,0.04605387492478711,0.0003295583290841121,0.08374856247877066,0.0006090397061506461,0.03308714945551574,0.00014834824290007668,0.0773586343663434,0.0003041062532048188,8.101999945626497e-05,8.404351652201321e-05,0.31479141835197977,0.22627372994528133,-3.5759988129907625,4.3319377014351925,-0.6407855478592891,6.687500004919375,2.9352132651314733,3.0001543410123017,6.607564542264328,0.9861011615941331,7.631173196547798,1.2080989959369741,0.15572728204177708,0.027768665494353282,0.16964638138161833,0.01014505648967526,6238.0,0.0,0.38391458705953724,0.07556074199982507,0.3676995127172526,0.06034302678231361,6238.0,0.0,0.6008990315590229,0.11190858671640501,0.5318777322641234,0.12438420293540321,6238.0,0.0
building02,building,environment,building,3,3,True,18714.0,0.0,1871.4000001089298,0.0,181295.79999999996,3.564476708973493e-11,183167.1,0.0,0.8910783878080943,0.05664022763487367,4.735172000738296,0.36131659520571263,5.535060437907407,0.20680137841296237,0.7429541910530636,0.16392326102416369,2.8385283330095548,0.6713446741240822,5.4446993769513155,0.5257768172098919,0.047915411411850024,0.00035900445527885217,0.09484314586346336,0.000550431149199838,0.03231634044274203,0.0001580139655214907,0.07410589642822735,0.0002036068608422373,5.5689729832392636e-05,0.00010247523926240832,0.2767833267990636,0.2533149946597729,7.291865289459843e-05,0.0,5.971237822051048,10.98773555463546,5.971164903398154,10.98773555463546,9.104656252843718,3.096787079400901,11.869944008736153,5.246645321900726,0.11863731374694059,0.004619596449031456,0.15063012476723933,0.0071149258304284355,18704.0,0.0,0.29407236792363234,0.021729995168153667,0.3209792954545237,0.038688306670846745,18664.0,0.0,0.4603736353399199,0.02974688853009028,0.43667769116355704,0.07285116783499841,18614.0,0.0
building02,building,environment,parking,3,0,False,,,,,,,,,,,,,,,,,,,,,,,,,,,,,,,,,,,,,,,,,,,,,,,,,,,,,,,,,,,,
building02,building,environment,playground,3,0,False,,,,,,,,,,,,,,,,,,,,,,,,,,,,,,,,,,,,,,,,,,,,,,,,,,,,,,,,,,,,
building02,building,environment,street,3,0,False,,,,,,,,,,,,,,,,,,,,,,,,,,,,,,,,,,,,,,,,,,,,,,,,,,,,,,,,,,,,
building02,building,persistent_yaw_mismatch,high,3,0,False,,,,,,,,,,,,,,,,,,,,,,,,,,,,,,,,,,,,,,,,,,,,,,,,,,,,,,,,,,,,
building02,building,persistent_yaw_mismatch,low,3,2,True,18714.0,0.0,1871.4000001089298,0.0,181295.8,0.0,183167.1,0.0,0.8636328634580364,0.04355100379971601,4.86943598804807,0.39107346395809367,5.522289751785822,0.2907835581371584,0.6901887885011203,0.19244881078037462,2.6231613822803332,0.7893730437195856,5.211158611104479,0.4750103021585617,0.047963845724331655,0.0004936528153132737,0.09488436449319113,0.000771851700392702,0.03226777804596452,0.00018917449171334023,0.07403440074995152,0.00022856446681698622,7.37390792986211e-07,5.370094904528629e-05,0.13053916967020007,0.003584978796471384,7.291865289459843e-05,0.0,0.07906549027913856,5.757994139751264,0.07899257162624407,5.757994139751264,7.367502519904287,1.036321320390698,8.927124770306794,1.7588245640841687,0.11717498740443241,0.00546360253970291,0.1467654420268264,0.0034102350418589705,18704.0,0.0,0.28468353756746445,0.02038343855375149,0.30508094284440035,0.03843207581981586,18664.0,0.0,0.4483227478265892,0.029973511894496842,0.4116797032111864,0.08285643547634078,18614.0,0.0
building02,building,persistent_yaw_mismatch,medium,3,1,True,18714.0,0.0,1871.4000001089298,0.0,181295.8,0.0,183167.1,0.0,0.9459694365082102,0.0,4.466644026118748,0.0,5.560601810150578,0.0,0.8484849961569503,0.0,3.269262234467998,0.0,5.911780908644987,0.0,0.04781854278688676,0.0,0.09476070860400786,0.0,0.032413465236297026,0.0,0.074248887784779,0.0,0.0001655944079112055,0.0,0.5692716410567907,0.0,7.291865289459843e-05,0.0,17.755582485594868,0.0,17.755509566941974,0.0,12.57896371872258,0.0,17.755582485594868,0.0,0.12156196643195694,0.0,0.15835949024806514,0.0,18704.0,0.0,0.31285002863596817,0.0,0.3527760006747704,0.0,18664.0,0.0,0.48447541036658115,0.0,0.4866736670682982,0.0,18614.0,0.0
building02,building,speed,high,3,3,True,11748.0,0.0,1174.8000000683824,0.0,181375.6,0.0,183107.50000000003,0.0,0.8846417006633374,0.07671437781879872,4.65497787114186,0.24962231928664066,5.535060437907407,0.20680137841296237,0.6852865712615382,0.12703006803237724,2.7916939188942282,0.5938321941916165,5.367008490855791,0.44377503825601267,0.051341177049637456,0.00033327199039731977,0.1009679820155724,0.0006352015980533441,0.035059779661616164,0.0001669512323715528,0.08160235254714886,0.0003099223741032015,5.087476407183113e-05,0.00013287001680899798,0.3822887277962623,0.18790198358722837,-1.173996298131102,3.2885247812019514,5.360098243252023,9.52508039517999,6.5340945413831255,8.806110573452804,8.447117967137737,2.0000268452740286,10.673829662427186,3.3216045978755186,0.12213711736438641,0.012495665476500984,0.16028448886818283,0.006322079165794709,11748.0,0.0,0.295564006544534,0.041265393575713606,0.31104512778076077,0.028297528069170543,11748.0,0.0,0.4688515047119414,0.049528425443745534,0.4152844892759627,0.04802178769930124,11748.0,0.0
building02,building,speed,low,3,3,True,2829.0,0.0,282.90000001646695,0.0,181295.79999999996,3.564476708973493e-11,183167.1,0.0,0.6528566468317355,0.024780630861458215,4.671858806083358,0.5749667945917337,5.245514897628202,0.3945219558208664,0.9307316209841779,0.41364504313092354,2.5635202332079854,1.2621287848086173,4.700149294128334,0.8927205639922017,0.020867317780205456,0.0005607365236944569,0.04929548325017082,0.0005735507908031204,0.014810829611883465,0.00010963725897189748,0.024729630040625724,0.0002573627275214555,-0.0001443235407340201,0.0006080279076359048,1.5166674364118407,1.1348797336095702,7.291865289459843e-05,0.0,5.971237822051048,10.98773555463546,5.971164903398154,10.98773555463546,10.346541993884967,5.726812490173759,11.508884037041563,5.54074154865324,0.041367590775213146,0.026918927458311877,0.08576879093831691,0.016657852930508175,2819.0,0.0,0.18290399145044187,0.04033055447874868,0.3024006321302771,0.10238615317053451,2779.0,0.0,0.278270842094158,0.06778091878285938,0.4723351816301912,0.21183331816044682,2729.0,0.0
building02,building,speed,medium,3,3,True,4137.0,0.0,413.7000000240805,0.0,181375.20000000004,3.564476708973493e-11,183108.70000000004,3.564476708973493e-11,1.0722598008607225,0.05389683796839961,4.857245915766472,0.29439959824627315,5.434235360369757,0.24740272424904036,0.7783075505009042,0.1597904567839016,3.05464218611786,0.7204608674642866,5.40705368475917,0.5187818641276889,0.05101394853654129,0.00043578148825799674,0.10197440814226853,0.00045558640977906144,0.03291792111247954,0.00016527241634814221,0.07461979078749813,7.81067657276561e-05,0.00020613782269858984,4.1546068964598624e-05,0.7086496343187156,0.14282486442185732,-1.143514583206662,3.294269267551311,5.342662989833524,9.549652214243311,6.4861775730401865,8.826509077375244,9.011309966437672,2.73608798368595,10.618619007615976,3.378814506936211,0.13872873028235286,0.02122756044725434,0.16741151964416648,0.006829207439274941,4137.0,0.0,0.3403962968550755,0.042396225415810916,0.36166982173188617,0.027284338193756953,4137.0,0.0,0.5225065473624148,0.04380902114953422,0.473907095150024,0.057532885481539196,4137.0,0.0
building02,building,turning,high,3,3,True,6450.0,0.0,645.0000000375439,0.0,181361.9,0.0,183106.29999999996,3.564476708973493e-11,1.0121246590279658,0.09384539107379591,4.863964730288342,0.2870237118297,5.525779490438751,0.22159805286250095,0.7798714996914168,0.15292416316591406,3.1010715045298376,0.744084807943172,5.4312508267675215,0.5476838728021871,0.06066500603887045,0.00021042299478262876,0.12162673049994427,0.0014651621202786062,0.050810271155344124,0.0001850812134031001,0.11432247658570593,0.0001843525669090396,-0.0009717875743307539,0.0001366993557252228,3.340759595544478,0.46993776871276655,-0.5784012436551526,3.1794909354348952,5.438195434476664,9.518526821798444,6.016596678131816,8.817456439479114,8.752650093911782,2.353424401268451,10.799073421919267,3.4726513194437167,0.12802151067100842,0.011166726586268829,0.21797113218953376,0.009153003865828348,6450.0,0.0,0.29533931917314504,0.031615772938351695,0.38743750672526106,0.03686717034668749,6450.0,0.0,0.468339767489898,0.03750585216754904,0.4883116146735847,0.07105289201380316,6450.0,0.0
building02,building,turning,low,3,3,True,6599.0,0.0,659.9000000384112,0.0,181295.79999999996,3.564476708973493e-11,183167.1,0.0,0.6865095298678114,0.03603903701901089,4.471403822388882,0.22225862922505588,5.470271555707387,0.21453667663095108,0.7428865553141781,0.22566619911445784,2.520793626055297,0.953737527932126,5.013411714011078,0.12278325577959444,0.033583787554353,0.0005875378296038402,0.06814306157951545,0.0010496420056885242,0.012046833271799387,0.00012459610785112897,0.015449500503018396,0.0007535062966498975,0.000261943713427481,0.00020923764466897944,0.9004961549627382,0.7193060372874306,7.291865289459843e-05,0.0,5.971237822051048,10.98773555463546,5.971164903398154,10.98773555463546,10.168628524816228,5.070336576782795,11.347068048364813,5.584519611893982,0.10965557308889932,0.010396023740719072,0.10308576702284944,0.00944710812915295,6589.0,0.0,0.278901140988481,0.011464228255638809,0.2784969797146028,0.05355247006991065,6549.0,0.0,0.42971749711037194,0.019968010727668923,0.4173533773076807,0.10246795627315311,6499.0,0.0
building02,building,turning,medium,3,3,True,5665.0,0.0,566.5000000329746,0.0,181352.79999999996,3.564476708973493e-11,183110.00000000003,0.0,0.9915552535061973,0.04204455413992834,4.764297059775994,0.3731615485772414,5.457073618287358,0.21577162938950584,0.7010000317456545,0.13616022042595027,2.791486685424296,0.6061680649038861,5.028158942563922,0.1529439793096106,0.04560856131633576,0.00044184120557747003,0.08872136871019998,0.0012694145919240854,0.018477830906403047,0.0002493067400424985,0.02937614029894268,0.0008594440125248322,0.000985285241590258,4.9527465179693155e-05,3.387161157578968,0.17026288348665364,-0.11410836195596469,2.8486135600545475,5.461526502295645,9.572181117316877,5.575634864251611,8.956996227722334,8.43752938656714,2.032472137136591,10.243712672812636,3.6488817476097113,0.11699547410093425,0.002700293377867007,0.12925682826308857,0.004972523718509165,5665.0,0.0,0.30867518801018495,0.029349237501539407,0.29442346546061127,0.024492912672390295,5665.0,0.0,0.4843928737668226,0.03362055608940571,0.4000580811211319,0.041115473992596296,5665.0,0.0
building02,building,wheel_imu_disagreement,high,3,3,True,7427.0,0.0,742.7000000432308,0.0,181352.79999999996,3.564476708973493e-11,183111.00000000003,0.0,0.9732337643504,0.05277741245924824,4.794838509925104,0.35960805709813676,5.523457997308981,0.20562498202859553,0.7152237304343815,0.13225806916286517,2.867182218605791,0.6088848109809235,5.377365221630771,0.48209926117425167,0.05873277535529492,0.00043201312835650454,0.11562188659663657,0.0003877707140039115,0.04225223980861342,0.00017596410136303206,0.09905372976015005,8.865833988597958e-05,-0.001335545826785968,0.00010526330743820276,4.591268353268764,0.36186859522782355,-0.11410836195596469,2.8486135600545475,5.53150531427499,9.582650635184802,5.645613676230954,8.956557897174216,8.680673971147307,2.2792838649867977,10.781288783258281,3.4776107935488265,0.11479555923953226,0.0036728706831221473,0.17266143454651614,0.0070710666432051905,7427.0,0.0,0.28929750249752045,0.009532259656362346,0.3387394121268313,0.02668884424174252,7427.0,0.0,0.4540074058344576,0.011359468996966157,0.43389385576357914,0.04910035107705548,7427.0,0.0
building02,building,wheel_imu_disagreement,low,3,3,True,5915.0,0.0,591.5000000344298,0.0,181295.79999999996,3.564476708973493e-11,183167.1,0.0,0.7371128509796251,0.04522660772471644,4.611155442486638,0.2925312144082778,5.524414239147546,0.2158777190176028,0.7984987663759228,0.24713176668744857,2.6128538646934674,0.9367677957991141,5.376341944249501,0.44121876005569094,0.03427756685174744,0.00036359976530368483,0.07001370855917528,0.0009726500168724957,0.020381425949577887,0.00015846132784092648,0.04407420476588109,0.00027819880870300014,0.0008162263239137754,0.00024282044443854202,2.805979409264243,0.8347551987491618,7.291865289459843e-05,0.0,5.971237822051048,10.98773555463546,5.971164903398154,10.98773555463546,10.216139867099878,5.194559601973976,11.6981768101867,5.361788679786451,0.10849777474337909,0.013234679410434472,0.11721866224821209,0.010460648068325556,5905.0,0.0,0.2700330986629656,0.027118974385385967,0.29466296166510486,0.06259487759395232,5865.0,0.0,0.4353608797861644,0.044825483723361204,0.4437270452091346,0.12076364596243093,5815.0,0.0
building02,building,wheel_imu_disagreement,medium,3,3,True,5372.0,0.0,537.2000000312692,0.0,181352.9,0.0,183110.70000000004,3.564476708973493e-11,0.9470236910025638,0.07504930016344799,4.759123115933941,0.33626449278344467,5.521408507140244,0.21874947394690666,0.7201336340873601,0.14939448325720786,2.8994446803747316,0.6677821293325532,5.400431938267654,0.5256794493485424,0.04398955865577963,0.000397075891552596,0.08791913444098694,0.0008750971771821091,0.02669320960888073,0.0001488761398572761,0.05918003482123208,9.875767082712118e-05,0.0011417158886211467,0.00010499605354405543,3.9249301092612043,0.36094984401623914,-0.12789087295039334,2.8514479625664735,5.505272420020796,9.58046820898601,5.63316329297119,8.95588528057885,8.604165285849819,2.2518648514460313,10.713720061633202,3.4689720590731103,0.1331620195603589,0.00585220930807513,0.1568974643882682,0.005460493432812743,5372.0,0.0,0.32375758121330894,0.03443477374956004,0.32515668025528927,0.030772096021242326,5372.0,0.0,0.4935196339140395,0.04167279712973896,0.4328957759998569,0.054883750024777876,5372.0,0.0
parking00,parking,acceleration,high,3,3,True,5192.0,0.0,519.2000000302214,0.0,184129.1,0.0,185266.1,0.0,2.0404730867263585,0.09401986373991263,3.1241608155313574,0.40015391954572094,5.262065963929077,1.249533217731503,0.6307783121129101,0.0889372085363598,2.558168612104008,0.8145303480197396,4.329599586287949,0.6209343971351297,0.06689565397584846,4.111108294088934e-05,0.09782910921300442,0.0017754150935698784,0.02762234393311835,0.0001390980246459094,0.05958937288572386,0.00021291315203181562,-0.0008508493059659976,4.3624796845016885e-05,2.9250044540092155,0.14997100448010567,0.0306912602701252,0.0,-17.653495482928278,5.727721294827778,-17.684186743198403,5.727721294827778,16.636881833144926,5.253078143289855,18.252473188171624,5.448389794785759,0.1415453857254381,0.04208602168906562,0.15931167110687475,0.0065453147612350585,5192.0,0.0,0.3354893395657655,0.0848919704857939,0.32510115041873255,0.019053376774308326,5182.0,0.0,0.42859605324060196,0.10049685472890507,0.41621155003325677,0.029785378015795696,5156.0,0.0
parking00,parking,acceleration,low,3,3,True,2683.0,0.0,268.3000000156171,0.0,184129.4,0.0,185269.9,0.0,2.0169530920960823,0.08493882314385622,3.0875928528341734,0.3445287726593963,5.25585835617534,1.2487411009094256,0.6063664012382951,0.07440134827726586,2.342931261516411,0.6053296481223116,4.406301264202403,0.4934624321562569,0.05070145910710464,0.0002324160920128931,0.08768194445098432,0.0010746869931371307,0.027165430609050873,0.00011853033650334734,0.05764061724767089,0.0002021539310398326,0.0005637482180280793,0.0002813973154649821,1.9380236160617936,0.9673727125472932,0.1844915016661234,0.0,-17.614595912672158,5.763855252350352,-17.799087414338285,5.763855252350352,16.537074345663914,5.146768889450279,18.060711500083887,5.360820341681544,0.11099885008722145,0.02142197281226288,0.16260689865628,0.0051983277332544415,2673.0,0.0,0.29877967975997194,0.056750392435023625,0.33763116172129554,0.01640605554697089,2645.0,0.0,0.48504028789418435,0.10801494805814751,0.43890224957549734,0.03455944671694062,2634.0,0.0
parking00,parking,acceleration,medium,3,3,True,3534.0,0.0,353.4000000205706,0.0,184129.29999999996,3.564476708973493e-11,185266.0,0.0,2.0034868216255934,0.0767756545859062,2.9977782202404497,0.29316468051720673,5.199157485866807,1.2401682955034508,0.593699366120812,0.06847736405320602,2.221277900129356,0.5353460555323071,4.440837936958219,0.502666347585473,0.055680317198574164,0.00015268639771646365,0.09396423839110256,0.00032650702507902503,0.03019222193334739,0.00010853177105623065,0.05983432944243145,0.00024361781891592065,-4.78929889812034e-05,8.472372597216875e-05,0.26800372314162924,0.1332445130416572,0.0107421933579757,0.0,-17.65488141780155,5.721565507924537,-17.66562361115953,5.721565507924538,16.179496663005967,4.992533128645912,18.049038148892823,5.401715061303356,0.13241451437679685,0.027753500911414097,0.16680547242840196,0.006058925692652577,3534.0,0.0,0.3051531391418728,0.062318230268509744,0.3343731429403836,0.017420303441353546,3532.0,0.0,0.4628888692556679,0.0975525349544707,0.4234229208389106,0.03309693016420403,3519.0,0.0
parking00,parking,curvature,high,3,3,True,4498.0,0.0,449.8000000261818,0.0,184129.4,0.0,185265.4,0.0,2.0376528522718207,0.08105760590966783,3.27685389387533,0.24036833996011459,5.262065963929077,1.249533217731503,0.6277881006093915,0.07390464179094308,2.3858077048826387,0.5451274064074232,4.440837936958219,0.502666347585473,0.07641310820604914,0.00015187446799420405,0.1292497202273806,0.0002385788318116193,0.04226216239883221,0.0001329324416773997,0.08929386291032014,0.00010559768951039268,-0.0016058538557366397,0.00014925366708610707,5.520518906911178,0.5130963120530752,0.1844915016661234,0.0,-17.64566955800918,5.718647778537495,-17.8301610596753,5.718647778537495,16.437309034135165,4.948728986816383,18.252473188171624,5.448389794785759,0.15736536675366164,0.04566914059591327,0.24202083846978747,0.009069706680908462,4498.0,0.0,0.4147946640922389,0.10139292895342425,0.4625050024543844,0.024707340649822045,4496.0,0.0,0.6034750922161186,0.1429567529990404,0.527435091250219,0.040313718785899774,4474.0,0.0
parking00,parking,curvature,low,3,3,True,3333.0,0.0,333.3000000194006,0.0,184129.70000000004,3.564476708973493e-11,185265.6,0.0,1.9986273929952116,0.08924021409299232,3.0339661929676573,0.33056307812126584,5.09543936958316,1.218062641652541,0.6020139103798098,0.08225682381419935,2.2752100964058317,0.6746802182678069,4.273759340586018,0.4780957053319601,0.04225746223956329,0.00017176191010213725,0.06930453047777206,0.0007868150236531183,0.010696615564199596,0.0001288867245319159,0.014920639681319245,0.0006383981346811997,0.0001879342664689845,0.00023487980377788625,0.6460704176735879,0.8074572869600286,0.056954719676443,0.0,-17.61574105955933,5.721821650110684,-17.672695779235777,5.721821650110685,16.486063324830322,5.300091832829347,17.645142078863543,5.713111923042299,0.07532736192180418,0.006609038526220744,0.10267705391104327,0.0043896861622309295,3333.0,0.0,0.16692899302301167,0.014927286337241746,0.22753209751516854,0.013799908814305624,3331.0,0.0,0.24933135404864457,0.02858424512346643,0.33407733780077736,0.025620453414386953,3322.0,0.0
parking00,parking,curvature,medium,3,3,True,3536.0,0.0,353.60000002058223,0.0,184129.1,0.0,185265.70000000004,3.564476708973493e-11,2.027583638414671,0.091899505790744,3.1078864347439557,0.3899740683573655,5.25585835617534,1.2487411009094256,0.6096959792992931,0.08392292662119842,2.5525566473348476,0.8565117044490895,4.4162199968776905,0.481603941436997,0.05007798627748078,8.142780174183685e-05,0.084299059662347,0.0010008507337049455,0.014540489797609734,0.0002216745813560051,0.023130579405308948,0.0007480257907286442,0.0009942508889095854,0.00020036777541186044,3.417982782698982,0.6888136728914853,0.0306912602701252,0.0,-17.653257036955573,5.719779054163054,-17.683948297225697,5.719779054163054,16.517093186554032,5.293291800082211,17.86221416814074,5.625681758234168,0.13905822610625637,0.03355006905831223,0.11858691936318304,0.0049811192165980485,3536.0,0.0,0.28208275851917836,0.06268473993822282,0.26086710567106325,0.015942830314596874,3532.0,0.0,0.3708281066814463,0.08426439227082153,0.37646769751147047,0.027336837379872643,3513.0,0.0
parking00,parking,elapsed_time,early,3,3,True,3803.0,0.0,380.3000000221364,0.0,184129.1,0.0,184509.29999999996,3.564476708973493e-11,2.027258805764161,0.15832571461714573,3.902894760212149,0.8484668376578484,5.262065963929077,1.249533217731503,0.9855291564418852,0.21630646428725744,3.1782296254946587,1.101914070061592,4.449006686814728,0.4976606771490167,0.06008711060930657,0.00016988370622774971,0.0961939222955455,0.000846496877029667,0.029007003855221935,0.00011428270003048604,0.056912551137308164,0.00023059171190939918,-0.0004351642121632627,0.00010932770670395191,1.4959843651254285,0.37584097067883354,0.0306912602701252,0.0,-9.482047568171934,2.3822053526246756,-9.512738828442059,2.3822053526246756,8.593942328185832,2.262450949771821,9.978250041681356,2.2775282463265336,0.1859983236442236,0.058121614136532135,0.1683972078369443,0.006735030962832382,3803.0,0.0,0.42878249570752963,0.1326002206953273,0.40396171595003877,0.02411738404477198,3803.0,0.0,0.6174232360689236,0.18847893728668524,0.5683375010247548,0.053363794783391656,3803.0,0.0
parking00,parking,elapsed_time,late,3,3,True,3803.0,0.0,380.3000000221364,0.0,184889.70000000004,3.564476708973493e-11,185269.9,0.0,1.9447144355541848,0.09653634872419291,2.347051287648247,0.2603102844944089,2.551450811495448,0.3967645136685295,0.3641440253199473,0.06647392186895916,0.8174388166721337,0.08038149199735477,1.5156168688959546,0.04184851350237563,0.06451210008597913,5.1295675524803056e-05,0.09628333395424594,0.00032090649017554326,0.0309230410832103,0.00010994830517566032,0.07078438873092323,0.0004429647766309684,-0.00012055596765876034,8.076191540736416e-05,0.4144408885177569,0.27763901389407264,-15.052730123187857,4.0901649485648175,-17.614595912672158,5.763855252350352,-2.561865789484303,1.7585060802752488,17.156305215078262,5.62540171813266,18.134778117060524,5.6522363342964805,0.05747391153607281,0.014978422174101018,0.16140373168722558,0.00502936059430376,3793.0,0.0,0.15027175982359367,0.02441869834997366,0.2808485418205399,0.013933585678577953,3753.0,0.0,0.2214622318466255,0.03552667670207053,0.33922735769167933,0.016113708832424273,3703.0,0.0
parking00,parking,elapsed_time,middle,3,3,True,3803.0,0.0,380.3000000221364,0.0,184509.4,0.0,184889.6,0.0,2.098482672434452,0.03259440536498205,3.044820624926403,0.1320511584542076,3.7824991279186175,0.3049053326223594,0.49098303987464537,0.0518671069829318,1.4874654457849765,0.27911954513528914,2.4352283456266233,0.4979081091885089,0.0550617572134793,9.913172345247188e-05,0.0888413890885808,0.0007423567419920863,0.024733501456241456,0.00015365572828682008,0.05293784687916434,0.0003979510473614932,-0.0002526750215100033,8.055237712150556e-05,0.8686327392540288,0.2769186743285063,-9.51383783923011,2.3927868279452698,-14.987731414130877,4.08942729979285,-5.473893574900768,1.745291644959865,15.126954863036781,3.8487574564636757,16.305880963593495,3.805640971623505,0.11908532198255806,0.014371920001750508,0.15741941634592616,0.006507540841139885,3803.0,0.0,0.305664060349495,0.03231923551746358,0.30723732365965045,0.018283618618881295,3803.0,0.0,0.41906895735257144,0.04833652499503702,0.36143416088772745,0.03307217661158631,3803.0,0.0
parking00,parking,environment,building,3,0,False,,,,,,,,,,,,,,,,,,,,,,,,,,,,,,,,,,,,,,,,,,,,,,,,,,,,,,,,,,,,
parking00,parking,environment,parking,3,3,True,11409.0,0.0,1140.9000000664091,0.0,184129.1,0.0,185269.9,0.0,2.023485304584266,0.08652866000250752,3.08575541036265,0.3638535209869488,5.262065963929077,1.249533217731503,0.6135520738788259,0.07917940538038575,2.3951082048633237,0.66982504472688,4.449006686814728,0.4976606771490167,0.06001132424997932,9.863438838868492e-05,0.09393456741236146,0.0008681739815454572,0.0283395410970964,0.00012364093187715427,0.059242587847014284,0.00019713189112934725,-0.00026946506711067545,8.81744690647968e-05,0.9263526642990715,0.30312149629318175,0.0306912602701252,0.0,-17.614595912672158,5.763855252350352,-17.645287172942286,5.763855252350352,16.5501001716818,5.209000050921764,18.252473188171624,5.448389794785759,0.13221141011124501,0.03330578120138389,0.16240766523880193,0.006074909656101366,11399.0,0.0,0.3180317860490944,0.07184205759399,0.33090188617731614,0.01791091688707572,11359.0,0.0,0.45302730901660354,0.10129454191430608,0.42374043114205134,0.031860997041974544,11309.0,0.0
parking00,parking,environment,playground,3,0,False,,,,,,,,,,,,,,,,,,,,,,,,,,,,,,,,,,,,,,,,,,,,,,,,,,,,,,,,,,,,
parking00,parking,environment,street,3,0,False,,,,,,,,,,,,,,,,,,,,,,,,,,,,,,,,,,,,,,,,,,,,,,,,,,,,,,,,,,,,
parking00,parking,persistent_yaw_mismatch,high,3,2,True,11409.0,0.0,1140.9000000664091,0.0,184129.1,0.0,185269.9,0.0,2.068758247858205,0.05173569026839335,3.274863337953965,0.22407123822995945,5.916486250921797,0.7436874694810203,0.6529624196003232,0.05674243891000157,2.7554633085491913,0.343796999073612,4.633851185165282,0.5388203482961919,0.06003101163575609,0.00013088898423197737,0.09425710926298046,0.0009398152222967035,0.0282886865704119,0.0001227072237689058,0.059130692016333336,5.0969632702057324e-05,-0.00032036951469526984,1.3774201832772927e-06,1.1013492646016023,0.004735221787075391,0.0306912602701252,0.0,-20.94215626761847,0.09004024228638152,-20.972847527888593,0.09004024228638152,19.557125090357175,0.11903735463346221,21.397985588073993,0.06643165069305722,0.1492979412588169,0.02160677770809984,0.16589001973315015,0.0010238641090220308,11399.0,0.0,0.3542560944077088,0.04949100304415417,0.34112976982165855,0.003734201978767116,11359.0,0.0,0.5038294273838237,0.07096504110952034,0.4413910544783155,0.012687759458051917,11309.0,0.0
parking00,parking,persistent_yaw_mismatch,low,3,0,False,,,,,,,,,,,,,,,,,,,,,,,,,,,,,,,,,,,,,,,,,,,,,,,,,,,,,,,,,,,,
parking00,parking,persistent_yaw_mismatch,medium,3,1,True,11409.0,0.0,1140.9000000664091,0.0,184129.1,0.0,185269.9,0.0,1.9329394180363872,0.0,2.7075395551800194,0.0,3.953225389943637,0.0,0.5347313824358312,0.0,1.6743979974915897,0.0,4.079317690113622,0.0,0.05997194947842577,0.0,0.09328948371112346,0.0,0.028441250150465412,0.0,0.059466379508376195,0.0,-0.00016765617194148665,0.0,0.5763594636940103,0.0,0.0306912602701252,0.0,-10.959475202779538,0.0,-10.990166463049663,0.0,10.536050334331058,0.0,11.961448388366884,0.0,0.09803834781610116,0.0,0.15544295625010546,0.0,11399.0,0.0,0.24558316933186564,0.0,0.3104461188886314,0.0,11359.0,0.0,0.3514230722821632,0.0,0.388439184469523,0.0,11309.0,0.0
parking00,parking,speed,high,3,3,True,5124.0,0.0,512.4000000298256,0.0,184129.9,0.0,185264.6,0.0,1.9907660672481036,0.07000000897879924,2.726872709524647,0.2787857284066889,5.221707119253437,1.2438954070639328,0.566914600291288,0.04880917723385911,2.2229249725509117,0.5014929979876261,4.440837936958219,0.502666347585473,0.052652145590590727,7.907870872875532e-05,0.09168901602097308,0.00045284291086657776,0.03178665934439878,0.00011657462784962784,0.0672634824799993,0.00022842444870079,-0.0006303580497623302,0.00023377059118575736,2.167011350008743,0.8036440949533236,0.1015952516104189,0.0,-17.50684587574219,5.745051986247925,-17.60844112735261,5.745051986247925,16.63498238669177,5.183267005983563,18.248965246702898,5.445309091662775,0.13277140224241188,0.036070963529271936,0.17279588511403768,0.006417320865948551,5124.0,0.0,0.30543260472535566,0.06909701796856384,0.34360280933625426,0.016547000415362837,5124.0,0.0,0.38371921457487135,0.07235955253010036,0.43277397908797316,0.02395007574955021,5082.0,0.0
parking00,parking,speed,low,3,3,True,2021.0,0.0,202.10000001176377,0.0,184129.1,0.0,185269.9,0.0,2.1043771071753263,0.11589137517336857,3.4226396324931074,0.23992540934725995,5.25585835617534,1.2487411009094256,0.6800060657467218,0.11676223211342517,2.403502363784186,0.7362145275981378,4.023530409674901,1.0680134477748582,0.08674494603444832,0.0001644037532625253,0.16734488370517883,0.0015172869853239202,0.027489967695935934,0.00012158609947676307,0.05584692830840746,0.0004977424173603676,-0.0006173881142073476,0.00016293310291695177,2.1224239959373126,0.560122748406721,0.0306912602701252,0.0,-17.614595912672158,5.763855252350352,-17.645287172942286,5.763855252350352,16.862956182642325,5.585081810004565,17.815442133191834,5.730882768126331,0.08092590240828734,0.025372388121994244,0.16283772151182307,0.0053025571412591834,2011.0,0.0,0.23795328163134588,0.0340534695520785,0.3347179309992972,0.016673277490116264,1971.0,0.0,0.5212066851071934,0.11199138165441531,0.44095246292135254,0.04277960645315777,1970.0,0.0
parking00,parking,speed,medium,3,3,True,4264.0,0.0,426.40000002481975,0.0,184129.20000000004,3.564476708973493e-11,185264.79999999996,3.564476708973493e-11,2.0244635032413867,0.0926686480328946,3.2162552760074,0.39458892369320364,5.262065963929077,1.249533217731503,0.6380987195395966,0.10100722427009026,2.5975400013357244,0.8213420498798025,3.9351826142467092,1.0748506309541999,0.05232737949953054,0.00011768742105237622,0.0833670765937616,0.00037959575138750396,0.024011318052787556,0.0001464159618594952,0.05116581716574726,0.0007040711486603569,0.000329120327187977,3.479864228892604e-05,1.1314323419901509,0.11962892015645571,0.10701884302895699,1.6996749443881478e-17,-17.649728532882182,5.734204009924222,-17.75674737591114,5.734204009924222,16.437983199291295,5.229308385789752,18.05629483949903,5.586500951796339,0.14976505736515108,0.03375065588235301,0.14972143592225548,0.006086377795845603,4264.0,0.0,0.3619300478727465,0.08792940600871527,0.3138753958840414,0.021123945751119696,4264.0,0.0,0.4933011828240506,0.1256021633945383,0.40499103173721257,0.03720976961978136,4257.0,0.0
parking00,parking,turning,high,3,3,True,4720.0,0.0,472.000000027474,0.0,184129.4,0.0,185264.79999999996,3.564476708973493e-11,2.0321982508818355,0.0789043059736508,3.178016737807825,0.22655618536838584,5.262065963929077,1.249533217731503,0.6217434525867253,0.07012164281947235,2.323572676012922,0.4947480186744179,4.440837936958219,0.502666347585473,0.0758205616307308,0.00015024273343235213,0.12636114310007537,0.0009847147265191556,0.04154550642730375,0.0001360181169380471,0.08750900716210408,0.00013751396844011128,-0.0013329853364389156,0.00012737277379298734,4.582466035846559,0.43787534179276255,0.1844915016661234,0.0,-17.649728532882182,5.734204009924222,-17.834220034548306,5.734204009924222,16.44846121298607,4.969192085923405,18.252473188171624,5.448389794785759,0.15465796105491883,0.04434569561382819,0.2371331433819974,0.008812930092644949,4720.0,0.0,0.40926761362412983,0.09845392198200671,0.45737228989290246,0.023815765121775915,4720.0,0.0,0.5956113739109162,0.1398502764271813,0.5243319112516162,0.038657458973924114,4694.0,0.0
parking00,parking,turning,low,3,3,True,3089.0,0.0,308.90000001798035,0.0,184129.70000000004,3.564476708973493e-11,185269.9,0.0,1.9987740247517098,0.08909243605645965,3.027729326199006,0.33311752255478505,5.09543936958316,1.218062641652541,0.5951292261159646,0.0820675323653862,2.2436626380785065,0.6670502372990039,4.273759340586018,0.4780957053319601,0.04237433570613161,0.00018564592754930715,0.06720567444960267,0.000283169193548247,0.009826002078705707,0.0001272236331225727,0.01470330413430925,0.0005399710742447931,0.0003703501715216114,0.0002116247989320267,1.2731701062080683,0.7275124691465868,0.056954719676443,0.0,-17.614595912672158,5.763855252350352,-17.671550632348602,5.763855252350353,16.75495984571692,5.488818116080954,17.666845015402355,5.723133424711931,0.0761988303125132,0.005709459381014239,0.10119729248528958,0.0042346811180738915,3079.0,0.0,0.16957365723819115,0.016185078642368945,0.227731142082488,0.014488514084796626,3042.0,0.0,0.2516334789431855,0.0309788154492963,0.3339267024511043,0.025903070008910147,3035.0,0.0
parking00,parking,turning,medium,3,3,True,3600.0,0.0,360.00000002095476,0.0,184129.1,0.0,185265.4,0.0,2.0332653148282205,0.09432694548181923,3.1311390493983104,0.39821490191354286,5.25585835617534,1.2487411009094256,0.6186200931116573,0.08866209573234604,2.5919666598092412,0.8887645375411658,4.416177768506939,0.48165374819482687,0.04832507600489707,7.871273131922371e-05,0.08251220555781995,0.0007976672455723524,0.014119752978687734,0.00021034177595918822,0.02172802424902325,0.0004917586004868379,0.0005759311548599244,0.00021782249346711006,1.979905467814146,0.748818573520881,0.0306912602701252,0.0,-17.64566955800918,5.718647778537495,-17.676360818279303,5.718647778537495,16.52826844724343,5.302474933856414,17.86221416814074,5.625681758234168,0.13735000953804086,0.033776400331618064,0.11678613214774126,0.005112240181484534,3600.0,0.0,0.27377541399059263,0.062175685076087166,0.25219882751701594,0.01554973883301924,3597.0,0.0,0.35923739354219325,0.08139454128179456,0.36798854816515947,0.028286727712468256,3580.0,0.0
parking00,parking,wheel_imu_disagreement,high,3,3,True,4524.0,0.0,452.40000002633315,0.0,184129.5,0.0,185266.0,0.0,2.0312905169180078,0.08373598819050568,3.0829422599475222,0.3846398079712774,5.262065963929077,1.249533217731503,0.6085826895839493,0.0710775417070823,2.3743481374891027,0.6099615343393214,4.435085329301868,0.5135048979711492,0.0760742139251801,0.0001850500218296459,0.12857539579272229,0.0004819413380556074,0.035499479438334876,0.00012787134547031186,0.07645356537153315,0.00027383283964482714,-0.0019031957127406088,6.774771353520358e-05,6.54270491564577,0.23289948343370928,0.1002355687204115,0.0,-17.65488141780155,5.721565507924537,-17.75511698652196,5.721565507924537,16.525150871506966,5.145338247325773,18.252473188171624,5.448389794785759,0.1520081078810727,0.041993513467517944,0.1860618864056837,0.006805086434210395,4524.0,0.0,0.3463761435530892,0.08577570017476424,0.3583044150975685,0.018844027051070168,4521.0,0.0,0.506717544663164,0.1208559693627473,0.45002626248220534,0.033030218826111665,4490.0,0.0
parking00,parking,wheel_imu_disagreement,low,3,3,True,3185.0,0.0,318.50000001853914,0.0,184129.1,0.0,185269.9,0.0,2.017136134649394,0.09351339995517292,3.0839321748579764,0.3535464078869422,5.193089431273269,1.238482996186612,0.6168085619608731,0.08851431105851024,2.373584526669996,0.7013767261219697,4.314823300822212,0.42077260402749156,0.04155126200410181,8.755068150421123e-05,0.07360469345003354,0.0010712297010631213,0.02019150923604802,0.0001491804057885078,0.04110395616541302,0.00023031367982715556,0.000757177138089437,0.00020116390011789195,2.602983261379144,0.6915505480287869,0.0306912602701252,0.0,-17.614595912672158,5.763855252350352,-17.645287172942286,5.763855252350352,16.725605051107706,5.343906237391038,17.900372879094494,5.494517374947869,0.10492266543922156,0.01982908567975971,0.139825571007982,0.00520085226436518,3175.0,0.0,0.28525887851991233,0.05645876426418702,0.3003834884073138,0.016695247748065908,3145.0,0.0,0.40285055989325175,0.07878596876439095,0.3942316333847204,0.030802131806814393,3137.0,0.0
parking00,parking,wheel_imu_disagreement,medium,3,3,True,3700.0,0.0,370.00000002153683,0.0,184129.20000000004,3.564476708973493e-11,185266.1,0.0,2.019407284488244,0.08394201381468085,3.0881252198777993,0.3558429156736299,5.2255806567409016,1.2463071669819963,0.616824933340637,0.081169620828019,2.4515641272254043,0.7236353821189132,4.384725756250593,0.4585921742146982,0.05042314267326634,0.00010360312806671815,0.08288070056005363,0.0009813332013753366,0.024179329659413662,0.0001247244483614264,0.05088660661131134,0.00013366649961780617,0.000844357099718368,0.00013150508647128496,2.902685892946156,0.4520811863584542,0.10701884302895699,1.6996749443881478e-17,-17.653495482928278,5.727721294827778,-17.760514325957235,5.727721294827778,16.397746646175378,5.165714555751294,18.086139433977156,5.56237185452996,0.12692419213638748,0.031446522728295914,0.15286346324525588,0.0059603011686036956,3700.0,0.0,0.3079339943995084,0.06564714984977855,0.3233453001329611,0.017979978113142933,3693.0,0.0,0.42290720135705645,0.09282956085392584,0.41682726325705816,0.03148338317699162,3682.0,0.0
parking01,parking,acceleration,high,3,3,True,4373.0,0.0,437.3000000254542,0.0,186435.1,0.0,187491.0,0.0,3.3324078786565656,1.6539237714654604,7.643573081829298,4.49840376704792,8.71609829950723,5.133096081259999,4.905644111621826,3.0267619920282907,8.056563423858345,4.793311473923984,9.105124910838258,4.962922353417943,0.07250610738534713,0.0003308801515911129,0.0831896780990062,0.001967577502556999,0.02543628653052211,0.00034567428299975197,0.05831917275985071,0.000291171199235785,-0.0007330926903968345,0.0002410396574202635,2.520187029097761,0.8286333039276189,-0.0002843868114062,0.0,7.918909642888937,5.783958930140884,7.919194029700344,5.783958930140884,7.989663031258022,4.783782555641962,8.917980048728433,4.915612458143066,0.023901439147834314,0.0007344673409028469,0.11710838935897243,0.010657340737445216,4373.0,0.0,0.08419800209273115,0.004909701521186671,0.21391633650865474,0.015454811496146352,4366.0,0.0,0.15742656727683105,0.011959516746148641,0.28489738901946954,0.012716589114291318,4348.0,0.0
parking01,parking,acceleration,low,3,3,True,2911.0,0.0,291.10000001694425,0.0,186435.70000000004,3.564476708973493e-11,187494.9,0.0,3.2774102128479528,1.6189249369413965,7.879114747082583,4.702255648641825,8.706678958841891,5.136536081590806,4.853358177307502,3.0371859892180155,8.29091900625725,4.967567349073063,9.054621429955336,5.0256018152329895,0.039741849999954865,0.0008081838576088208,0.057355235005767634,0.002263715791570526,0.022852534013478726,0.0003251558967942611,0.05172654241323466,0.0004585844384360452,0.0009881475725161263,0.00015405911874757035,3.39700112647629,0.5296162379844335,0.0225751157537257,0.0,8.02654005259629,5.814522591974954,8.003964936842566,5.814522591974954,8.232623366746914,4.8755637631937185,8.778278540240475,4.849344270795761,0.021101004926806378,0.0007935198096107017,0.12252271512726644,0.011926774024098407,2901.0,0.0,0.07805708967521956,0.0045377443726483425,0.287386402341224,0.02211221952336794,2872.0,0.0,0.1491942825458545,0.010534504114551787,0.367331935044265,0.025295477365332934,2856.0,0.0
parking01,parking,acceleration,medium,3,3,True,3315.0,0.0,331.50000001929584,0.0,186436.6,0.0,187491.29999999996,3.564476708973493e-11,3.4210545089702418,1.7226428524849764,7.811316076791459,4.641053099321671,8.730770963832187,5.119765197269457,4.967967136740518,3.0999355973095226,8.09955135120285,4.853454581370959,8.998784306690965,4.952822110953244,0.04874194402659632,0.0007550842239274311,0.0656125196876624,0.001071149129656097,0.024442708766857658,0.00033575428286870384,0.054852647396425334,0.0007148964986680969,0.0005219343185639259,5.9787890636622404e-05,1.7942780182049738,0.20553562796809174,0.0306675645704777,0.0,7.949103566836633,5.753243637350542,7.918436002266155,5.753243637350542,7.997450884495355,4.7877981714709685,8.92755036331569,4.913936814238735,0.022463829945016337,0.0005858523147910805,0.11237007041537352,0.010243677834529414,3315.0,0.0,0.08081347814238247,0.004210003625754138,0.22721374954323137,0.02012343152017697,3311.0,0.0,0.15245546869063273,0.010070101447501279,0.29966228373886833,0.01856143813954864,3295.0,0.0
parking01,parking,curvature,high,3,3,True,3538.0,0.0,353.80000002059387,0.0,186436.0,0.0,187489.20000000004,3.564476708973493e-11,3.1257010633439655,1.5533821947661313,8.048138429236039,4.745868251662442,8.730770963832187,5.119765197269457,4.588709406207238,2.8442037676862255,8.310543999800531,5.013334808836134,9.107809440619837,4.967206788909278,0.08209816715573921,0.0003040799957808972,0.1526161338745923,0.0015842773510277568,0.039544667890623025,0.0004634433422278006,0.08839644767964872,0.0004035477963135724,-0.0007589334823662201,0.0002186848178793425,2.609021128245042,0.7517830264844024,0.0266342598251031,0.0,7.991101385188766,5.772303037271693,7.964467125363662,5.772303037271693,8.116569573795097,4.817746075337073,8.860388878971136,4.854061823318704,0.024355698957531563,0.0006598132035709706,0.21557820555937968,0.02011044258520481,3538.0,0.0,0.08235170071438493,0.00497986772846574,0.4339145862340648,0.035773102977738336,3538.0,0.0,0.1611563514075635,0.010138461536365835,0.5419808176501254,0.04588919889570167,3529.0,0.0
parking01,parking,curvature,low,3,3,True,3467.0,0.0,346.7000000201806,0.0,186435.20000000004,3.564476708973493e-11,187490.9,0.0,3.4590371466074763,1.729055674176047,7.669884070849311,4.546609029978952,8.641353582246937,5.149123691840562,5.06517670110714,3.1455399014172563,7.990623011223533,4.7853093093606365,8.562245280860237,5.00105671188232,0.03595645448672199,0.0009544124534149197,0.05818523184085874,0.0016574939813636773,0.008862665310282939,0.0002639331053030583,0.009992520578089087,0.0013561644954573804,0.0004448194585846583,9.904999362658625e-05,1.529176657331714,0.3405087957360657,-0.0107536827625228,0.0,7.925369232153694,5.786197526836081,7.936122914916216,5.786197526836081,7.97873540681848,4.786730459133263,8.81627039900886,5.0672802598526125,0.02148141392353295,0.0007166888958238324,0.06559595814232273,0.0062805455507938136,3467.0,0.0,0.08020051420739839,0.004272893702096493,0.1382358341985894,0.016582937957968225,3460.0,0.0,0.1483902467169753,0.01123239067864391,0.19207409792322158,0.007421287526005168,3445.0,0.0
parking01,parking,curvature,medium,3,3,True,3554.0,0.0,355.400000020687,0.0,186435.1,0.0,187490.79999999996,3.564476708973493e-11,3.467139232043383,1.7317371296627018,7.728365333803514,4.612043580801205,8.681728898439278,5.137810014545345,5.045838047714349,3.138903601952148,7.989515941255917,4.776556484305417,8.570521908233554,5.03595914217171,0.04478752217761416,0.0006420863778519916,0.06273345419516163,0.0015250469734233833,0.012153669007169632,0.000332899580391913,0.014729042370648345,0.0013202587904289093,0.0007107921983656532,4.9938664791962685e-05,2.443523584630652,0.17167648362588103,-0.0002843868114062,0.0,7.935368486470062,5.780484057082144,7.935652873281469,5.780484057082144,7.975468323697832,4.779705757749979,8.872184435005813,4.978643665904156,0.022260275016872527,0.0007384773650778635,0.07005620137365347,0.006547210102412301,3554.0,0.0,0.0819077013959824,0.004596332680286739,0.14028482259509434,0.015687361511553755,3551.0,0.0,0.15102402912450155,0.011676140084181426,0.19882993078861144,0.008816992784608055,3525.0,0.0
parking01,parking,elapsed_time,early,3,3,True,3533.0,0.0,353.30000002056477,0.0,186435.1,0.0,186788.29999999996,3.564476708973493e-11,1.583509007289465,0.7234522813928477,4.032675802885985,1.9800226799761351,4.374196714105821,2.005240959498499,2.446408673018308,0.9643375726281335,4.331838799543312,1.7176169971038808,4.788993249060437,1.885140744519075,0.05780158503024365,0.00033822052755173117,0.06913897187138582,0.0009900443418559013,0.022264920802307575,0.00042502496145743073,0.05050515222052731,0.0005306213402589227,0.00020347260904013073,9.241301407523314e-05,0.6994873046708959,0.3176925407156359,-0.0002843868114062,0.0,4.118814412576872,1.8706795773561289,4.119098799388278,1.870679577356129,4.34384856806279,1.706115900472169,4.993553145294995,1.6830891838541409,0.024117515901509085,0.00040116755839714055,0.12541839660697962,0.01189733318460728,3533.0,0.0,0.08826981411958933,0.002454696114630646,0.25508982291185406,0.019769776747825266,3533.0,0.0,0.16663054447827855,0.006128379660069835,0.34515801176800176,0.023210608473263745,3533.0,0.0
parking01,parking,elapsed_time,late,3,3,True,3533.0,0.0,353.30000002056477,0.0,187141.70000000004,3.564476708973493e-11,187494.9,0.0,5.745480618829052,3.1635619866103455,8.367262964533747,5.030982503799328,8.730770963832187,5.119765197269457,7.507258419092719,5.060765067536997,8.477853938109527,5.031559496557661,9.107809440619837,4.967206788909278,0.05765127704886316,0.000575327210059407,0.0637431121896951,0.002343404582262442,0.020713119892688786,0.0003651563718697613,0.044237541407346516,0.0008015593362528818,4.766178944307497e-05,7.504792402621127e-05,0.25091290567474944,0.11133599705261728,7.067735279227651,4.4497453615246645,8.02654005259629,5.814522591974954,0.9588047733686409,1.5201314793069127,8.426836921584247,5.002215343000473,8.934297250810012,4.912331180922551,0.021805027529606575,0.0009068126931821714,0.10838169037401901,0.010010425976538291,3523.0,0.0,0.07649010794974621,0.0060538205416992355,0.21638647537616207,0.015051247739051176,3483.0,0.0,0.14526693123799805,0.014453249950664842,0.27446718351247185,0.013306015354252217,3433.0,0.0
parking01,parking,elapsed_time,middle,3,3,True,3533.0,0.0,353.30000002056477,0.0,186788.4,0.0,187141.6,0.0,2.706095706517177,1.1330173563361392,4.412392181346399,2.2086000945159574,5.5139518735952775,2.7606478224630244,4.778661923614759,3.177224421282233,6.765756782438984,4.420250919143835,7.607748493080571,4.508081570763932,0.058078993435039666,0.0006045462203129497,0.07127417400479309,0.0013053582383799,0.029443593602510216,0.00026052817178592224,0.07129354886710618,0.0006148625662418506,0.00014538287140881238,0.00012925647735843952,0.49978949671308676,0.44435103764201217,4.133031216102654,1.8905605975829203,7.06174156589373,4.45253529289397,2.9287103497910754,2.5925245007346547,6.832766769779478,4.341630565967326,8.159390442684348,4.445300950995075,0.022141999712624632,0.000874092103819251,0.11750021972199874,0.010634267718284898,3533.0,0.0,0.0791571712677571,0.005854187182106247,0.24249384641258653,0.019079596614265944,3533.0,0.0,0.14785847085733397,0.013276535718335754,0.31518029501499567,0.019583107678171938,3533.0,0.0
parking01,parking,environment,building,3,0,False,,,,,,,,,,,,,,,,,,,,,,,,,,,,,,,,,,,,,,,,,,,,,,,,,,,,,,,,,,,,
parking01,parking,environment,parking,3,3,True,10599.0,0.0,1059.9000000616943,0.0,186435.1,0.0,187494.9,0.0,3.345028444211897,1.6657695533509995,7.762674126810559,4.601371532660503,8.730770963832187,5.119765197269457,4.910776338575262,3.0525103211137328,8.131906512287138,4.857613743999224,9.107809440619837,4.967206788909278,0.05784431634258388,0.0005041015847450932,0.06835584005651367,0.0010921005783160354,0.024438444827838458,0.00033693841413866743,0.05497269009550412,0.0008423139983708941,0.00013217242329733933,9.574730036385592e-05,0.4543753213772484,0.3291549726372214,-0.0002843868114062,0.0,8.02654005259629,5.814522591974954,8.026824439407697,5.814522591974954,8.004525302340726,4.789510930584724,8.934297250810012,4.912331180922551,0.022713253528946178,0.0007017718374111588,0.11710833569533945,0.010843086429114553,10589.0,0.0,0.08150325481298556,0.004591971900659886,0.23809244454056508,0.017789610943522403,10549.0,0.0,0.15366645476655763,0.01098699769808199,0.31195552708473623,0.017765287334189396,10499.0,0.0
parking01,parking,environment,playground,3,0,False,,,,,,,,,,,,,,,,,,,,,,,,,,,,,,,,,,,,,,,,,,,,,,,,,,,,,,,,,,,,
parking01,parking,environment,street,3,0,False,,,,,,,,,,,,,,,,,,,,,,,,,,,,,,,,,,,,,,,,,,,,,,,,,,,,,,,,,,,,
parking01,parking,persistent_yaw_mismatch,high,3,0,False,,,,,,,,,,,,,,,,,,,,,,,,,,,,,,,,,,,,,,,,,,,,,,,,,,,,,,,,,,,,
parking01,parking,persistent_yaw_mismatch,low,3,2,True,10599.0,0.0,1059.9000000616943,0.0,186435.1,0.0,187494.9,0.0,2.387426709751683,0.2181052926801807,5.177204411536401,1.495766716957542,5.866923856766984,1.7928384853267485,3.2656351086766833,1.5481280706512859,5.52095156948954,2.508048702052073,6.465098469814373,2.728142026412757,0.0579234532987869,0.0006860472785913217,0.06879978624638161,0.001096739727249292,0.02455295067113135,0.00038520833448313157,0.0552168481051922,0.0010301975254940485,8.359196435079774e-05,6.461211268170399e-05,0.2873680055105247,0.22212008172512052,-0.0002843868114062,0.0,5.076355817638905,3.9237512439026587,5.076640204450311,3.9237512439026587,5.412962049752554,2.362547217599844,6.307844803837917,2.621541631348555,0.02293297751686569,0.0008338438932817965,0.11333720489812443,0.01223995431691948,10589.0,0.0,0.08285451455689966,0.005587217062166399,0.2325888219920934,0.021241500608655477,10549.0,0.0,0.15635088766344565,0.014078038107916555,0.30268970075492746,0.01077393348260299,10499.0,0.0
parking01,parking,persistent_yaw_mismatch,medium,3,1,True,10599.0,0.0,1059.9000000616943,0.0,186435.1,0.0,187494.9,0.0,5.260231913132327,0.0,12.933613557358873,0.0,14.458465177962594,0.0,8.20105879837242,0.0,13.353816397882332,0.0,14.393231382230764,0.0,0.057686042430177845,0.0,0.06746794767677777,0.0,0.024209433141252686,0.0,0.05448437407612796,0.0,0.0002293333411904225,0.0,0.7883899531106958,0.0,-0.0002843868114062,0.0,13.926908522511065,0.0,13.927192909322471,0.0,13.187651807517073,0.0,14.187202144754202,0.0,0.022273805553107155,0.0,0.12465059728976943,0.0,10589.0,0.0,0.07880073532515738,0.0,0.24909968963750836,0.0,10549.0,0.0,0.14829758897278164,0.0,0.3304871797443538,0.0,10499.0,0.0
parking01,parking,speed,high,3,3,True,681.0,0.0,68.10000000396394,0.0,186438.70000000004,3.564476708973493e-11,187448.6,0.0,2.3292693258467634,1.081716660869978,6.530615756999121,3.6222234354084146,8.263208868281522,4.829193112004688,4.097469129493004,2.5388834405639082,7.62605808389609,4.922190673477668,8.041510246034436,4.772955499427574,0.033307360979943676,0.000509992483456911,0.06684947727868958,0.0009025660213637005,0.03348699178936942,0.00017553968850380868,0.08344297545651597,8.586258593267847e-05,0.0003689405309929797,0.00011449588669921021,1.2683241190327967,0.39360786476836823,-0.3750968888017452,0.05512507312517561,6.951651201696606,5.411853590471682,7.326748090498351,5.376907431992967,7.628984583554356,4.903689323880699,8.234961376212816,4.568649555534363,0.022827135598712384,0.0003498916486647853,0.08436100970024797,0.004752259443404464,681.0,0.0,0.09116140288538828,0.0005655581575214427,0.18199685762687712,0.015919519614096465,681.0,0.0,0.16392734930702454,0.005244353349935954,0.2583311645654084,0.015624333677267541,681.0,0.0
parking01,parking,speed,low,3,3,True,6992.0,0.0,699.2000000406988,0.0,186435.1,0.0,187494.9,0.0,3.514363573499295,1.7539307093353376,7.665906043084308,4.51769619986651,8.7293952471463,5.117456624091174,5.04316311242498,3.1349515142983697,8.319928023976978,4.961986599284957,9.098581746766358,4.9524824046226605,0.06353746889792435,0.0004892093344483409,0.07300776308547934,0.0018315129862647324,0.022904651642112677,0.00037863395100796315,0.05215459888180093,0.0006372259925346079,0.00023654377658032153,0.00010415990783559895,0.8131776040882746,0.3580753868070871,-0.0002843868114062,0.0,8.02654005259629,5.814522591974954,8.026824439407697,5.814522591974954,8.139505188183449,4.811928583162035,8.934297250810012,4.912331180922551,0.02317910996693316,0.0009116034125075093,0.12584997933267225,0.012274195415181856,6982.0,0.0,0.07885185703146118,0.005766253129257218,0.26105810014101866,0.018702084980015136,6942.0,0.0,0.1503563741600521,0.012781776432255103,0.33739094696372907,0.022926328484146344,6894.0,0.0
parking01,parking,speed,medium,3,3,True,2926.0,0.0,292.60000001703156,0.0,186438.0,0.0,187485.79999999996,3.564476708973493e-11,3.1767921952813345,1.5926931843828833,7.902552778254379,4.735078455486856,8.66804425012023,5.160929413439854,4.783713415344843,2.975381427967955,7.945100734376528,4.797646516030356,8.89348264648577,5.259185940640822,0.04706534188052718,0.0005835684641370119,0.06305020706107219,0.0010615668127412822,0.025470536847210328,0.0003041114761607461,0.05758625610421098,0.00010281949794190023,-0.00017234007960605874,8.594701040272666e-05,0.5924615521425478,0.2954640574705932,-0.014105430914459698,0.008948262378906412,7.975964718321421,5.785307992831874,7.990070149235881,5.778316980610263,7.947707732216744,4.795940433840141,8.748244664087006,4.8915445313264705,0.02152705782494767,0.0003926788017327762,0.10387073252609808,0.008926376100136043,2926.0,0.0,0.08517874105092149,0.002998420189558003,0.19666165626642718,0.019043922657078383,2926.0,0.0,0.15877095375091066,0.008375142976145859,0.26447481786103094,0.014772836048373221,2924.0,0.0
parking01,parking,turning,high,3,3,True,3447.0,0.0,344.7000000200642,0.0,186437.1,0.0,187489.20000000004,3.564476708973493e-11,3.1020465488335716,1.5398073625032502,8.05100378866549,4.746711986948082,8.730770963832187,5.119765197269457,4.574128651236582,2.8373503337001718,8.306210562677103,5.020604837724772,9.107809440619837,4.967206788909278,0.08204599462727412,0.0003019867120142548,0.152108509270086,0.0014091707484024515,0.039924529961486224,0.0004677600531471087,0.08884235254178442,0.0003214858993278124,-0.0007330535366893023,0.00022400541502619426,2.5200524285661277,0.7700738921446394,-0.06342003348377061,0.007067576434004681,7.991101385188766,5.772303037271693,8.054521418672536,5.76545208141074,8.109323234482895,4.812426623657494,8.860388878971136,4.854061823318704,0.02419335291838721,0.000607803845201168,0.21916859217426907,0.020587508959794585,3447.0,0.0,0.08254183893036986,0.0047915680892718065,0.4415493342007042,0.03672872156145461,3447.0,0.0,0.1617458673713753,0.009793880465183376,0.5520642752226287,0.047362654210202,3439.0,0.0
parking01,parking,turning,low,3,3,True,3672.0,0.0,367.20000002137385,0.0,186435.1,0.0,187494.9,0.0,3.465762029442295,1.721712680035111,7.642525763573649,4.538577428307466,8.674699980861478,5.125749912989622,5.102708451127001,3.1790002697006443,8.01532376945017,4.791281266642692,8.596488095650846,5.0273208230297035,0.036161638615307405,0.000948251646681836,0.05780391975616409,0.0018380480937889839,0.008287032237657909,0.0002648218032048062,0.009774740964348836,0.0011917836623473001,0.0004170031480808769,0.00010068335425576857,1.4335512257221883,0.3461238759645644,-0.0002843868114062,0.0,8.02654005259629,5.814522591974954,8.026824439407697,5.814522591974954,8.002185864873619,4.789833801303933,8.81627039900886,5.0672802598526125,0.021440666381961324,0.0007526537182575108,0.06483358206691037,0.0061722172132581245,3662.0,0.0,0.07971158765533498,0.004479922594118291,0.13903356622502525,0.01632251742340122,3623.0,0.0,0.14740652522331918,0.011689870729229997,0.1922062574012775,0.007026051773611989,3607.0,0.0
parking01,parking,turning,medium,3,3,True,3480.0,0.0,348.00000002025627,0.0,186435.6,0.0,187490.20000000004,3.564476708973493e-11,3.4583114523736995,1.731520711797446,7.74842994986583,4.6279402992388405,8.684862912142803,5.135119315471025,5.041710206669068,3.132202300229664,7.98610741206151,4.776273389158309,8.578120276303475,5.025436730862448,0.04629069071673154,0.000604057543356635,0.06514971482101818,0.0016525409052347642,0.012947882253179195,0.00033008298812696934,0.015580340195447096,0.0012073933578882871,0.0006886481309607886,3.5291911014158715e-05,2.367397888417535,0.12132465312375336,-0.0008942039764264,0.0,7.964850022521046,5.76015165891323,7.965744226497471,5.76015165891323,7.973405611164497,4.779086922489969,8.872184435005813,4.978643665904156,0.022499504802494436,0.0007570860752516825,0.07102455515063748,0.00660096796593804,3480.0,0.0,0.08230476558680024,0.004619019757700706,0.13966600518405492,0.015540664481239148,3479.0,0.0,0.15179211583984722,0.011561244790765226,0.19791024208677033,0.009184075021785794,3453.0,0.0
parking01,parking,wheel_imu_disagreement,high,3,3,True,3357.0,0.0,335.7000000195403,0.0,186435.9,0.0,187491.5,0.0,3.2417068642734783,1.6087328431891494,7.757437124135815,4.558119919557152,8.729748512985482,5.118049428639006,4.7323529371996855,2.905071421903102,8.105055131156275,4.861405413932647,9.066969736625907,5.023771456252537,0.08511008971237709,0.00045315813306869306,0.16423607746449595,0.001260515120694773,0.035306500992433876,0.0003271449575696885,0.08090935672322898,0.0004164273001095159,-0.0012996586234832375,9.819265137117592e-05,4.467897236002298,0.3375614701660716,0.0605529418927633,0.0,7.949921738788895,5.757919209097612,7.8893687968961315,5.757919209097612,7.984089234402131,4.784957462626143,8.772080272270115,4.84541949092658,0.024816831618114255,0.0006934446036828234,0.14799230072228045,0.013578507473336726,3357.0,0.0,0.08380882518622552,0.004614167338633841,0.27214621056190297,0.019833750149374108,3352.0,0.0,0.15859731129790658,0.010678691401743459,0.35246553912741696,0.023547707614059735,3337.0,0.0
parking01,parking,wheel_imu_disagreement,low,3,3,True,3531.0,0.0,353.1000000205531,0.0,186435.20000000004,3.564476708973493e-11,187494.9,0.0,3.410731202081655,1.6964331308280929,7.720036030088052,4.569016615508842,8.694737928336608,5.132349053005622,5.050595640512602,3.1618301986338513,8.227189269553458,4.917238360647183,9.01692483813869,4.978664599828617,0.03496490223302101,0.0006338469606106731,0.056445426579254276,0.0011994087887464602,0.01594667071026433,0.0003636481551510698,0.029388451172659716,0.0012772361296320628,0.0007280019546360601,5.802163813648447e-05,2.50268636867524,0.19946369913935172,-0.0107536827625228,0.0,8.02654005259629,5.814522591974954,8.037293735358814,5.814522591974954,8.010306038093761,4.789941348670976,8.934297250810012,4.912331180922551,0.021701312006665918,0.0007115275312014517,0.09373942043451076,0.008777031769867482,3521.0,0.0,0.08018735666084949,0.004451945825872308,0.20957930791257376,0.015735328500291253,3497.0,0.0,0.14948673028331486,0.011084797704279703,0.27541042737562815,0.012372643875903188,3476.0,0.0
parking01,parking,wheel_imu_disagreement,medium,3,3,True,3711.0,0.0,371.10000002160086,0.0,186435.1,0.0,187491.70000000004,3.564476708973493e-11,3.3759780819955574,1.6881894975167546,7.816741416611333,4.651156253669834,8.706610393330356,5.142551715811319,4.939142116876815,3.0819381419346477,8.11440663570916,4.845798995933806,9.098318640350092,4.964398632823068,0.042898444639247524,0.0006387184545995886,0.059537484931449086,0.0016783370145603007,0.01833377809986041,0.0004112385990126939,0.03923380095511675,0.001331566494074312,0.0008604889818759899,0.00014146516166082236,2.9581432187402044,0.4863214026780615,-0.0002843868114062,0.0,7.960571256963011,5.765246108214813,7.960855643774418,5.765246108214813,8.011871452595257,4.790677035797154,8.810917695704696,4.9217076474581205,0.02163526289921623,0.0007057524359959542,0.11134290320758329,0.010340159121334822,3711.0,0.0,0.08061299643511007,0.004721421731835291,0.2341903405093653,0.01804517114682222,3700.0,0.0,0.15301392919750714,0.011240474046896237,0.3097441479209908,0.01781663068875034,3686.0,0.0
parking02,parking,acceleration,high,3,3,True,4860.0,0.0,486.0000000282889,0.0,189598.29999999996,3.564476708973493e-11,190853.29999999996,3.564476708973493e-11,9.323424868082514,3.094254042554969,22.370981788559817,7.153719885350589,25.555074968817905,8.365688333001772,16.440633661025174,5.758810443759239,30.285629224124268,11.158556143744208,32.66143821284634,11.608705073783383,0.06838573240718711,0.001040500940461912,0.08126462191964183,0.0020361121090892594,0.023689725995816018,0.0004775010290142878,0.05277954051271081,0.0009588891063386477,0.0014444721969822359,0.0005595731344251238,4.965729630664309,1.9236707358879757,0.0155448495442883,0.0,31.753824876985107,11.730302539755309,31.73828002744082,11.730302539755305,30.201859082875547,11.181673734401974,32.318481043967346,11.541327966256045,0.021709245146716998,0.0004056297502447472,0.15120953128889394,0.011033215701076732,4860.0,0.0,0.060457976239554546,0.004259977542694856,0.27290921897993964,0.02694960057385208,4849.0,0.0,0.10577063566730704,0.01162345379497283,0.3602097272577651,0.060823548591220356,4834.0,0.0
parking02,parking,acceleration,low,3,3,True,3665.0,0.0,366.5000000213331,0.0,189598.9,0.0,190854.9,0.0,9.183541492397461,3.0700167245864782,22.182994614105695,7.11573644739332,25.561697920933792,8.3670322093384,16.91730527878398,6.007671090108775,30.574466150926654,11.251633278277316,32.82700304322655,11.667089348241149,0.0396651558990135,0.0008005934704810057,0.0531580707679191,0.0018900057930670172,0.020510206825254094,0.0003665518318964088,0.04435955708225569,0.0007453158408155194,0.00013763769692062212,0.00039786988048242186,1.1518822863662783,0.46517450099117025,-0.2567402155143066,0.0,31.843276162279505,11.696479225690075,32.1000163777938,11.696479225690075,30.431437709820273,11.273742806452468,32.00680366187026,11.539113413877615,0.01670219270438333,0.0008798831017978424,0.139785976228708,0.01138901197489352,3655.0,0.0,0.047421308246881115,0.005835525831280138,0.2574916869230542,0.028296935615734892,3635.0,0.0,0.08558255911838626,0.012708884328916852,0.35384899959495836,0.056584844449467084,3616.0,0.0
parking02,parking,acceleration,medium,3,3,True,4044.0,0.0,404.4000000235392,0.0,189598.1,0.0,190853.5,0.0,9.45900585014204,3.207918449906,22.38339434798537,7.241931684393835,25.55928351287356,8.366632900949096,16.876155870361085,5.940384689933838,30.47219356634562,11.217397042798325,32.83631425312518,11.66108912006495,0.046812166291827495,0.0009782230497516775,0.058138692875703085,0.0024990627489170987,0.02372474669162444,0.00039744232232613136,0.051506882812827816,0.0007212953585825548,-0.00048636916427676114,0.00018552706150570483,1.6720140239018055,0.6377950565844558,0.0070636989307159,0.0,31.772584090592726,11.73416953366052,31.765520391662008,11.73416953366052,30.374806892357963,11.25267917378791,32.042059332867616,11.527685570659548,0.018434654030382233,0.0007985971396941624,0.15486134868394852,0.010441135435100057,4044.0,0.0,0.054349128095377175,0.00539618156497789,0.28219451089224473,0.023516417034134787,4035.0,0.0,0.09604647597672362,0.012147784474538605,0.36424967553011567,0.05619680338404247,4019.0,0.0
parking02,parking,curvature,high,3,3,True,4425.0,0.0,442.5000000257569,0.0,189598.5,0.0,190852.6,0.0,10.442347387472742,3.558528091821918,23.49223225108102,7.9380725321885555,25.561697920933792,8.3670322093384,17.49710682811816,6.165498981409257,30.937229532827462,11.308884772089502,32.83631425312518,11.66108912006495,0.07414429922630976,0.0011336826454764947,0.10316480789333589,0.0017531060053076397,0.0357684373140999,0.0005617057398456317,0.07738265444835032,0.0005494859281019375,-0.0004660182426986818,0.00022652582016184067,1.6020527089642655,0.7787384067607778,-0.049943100271141204,8.498374721940739e-18,31.927321979093588,11.643119920455597,31.97726507936473,11.643119920455598,30.82791268741325,11.329967680981675,32.318481043967346,11.541327966256045,0.022541702652224226,0.0006182381582706914,0.2558033461880127,0.017559847269974956,4425.0,0.0,0.06961950662101192,0.004781260099308321,0.38494678376263236,0.030640279183454796,4410.0,0.0,0.1276238254833563,0.010399121105706058,0.440312341058531,0.040062270370209346,4362.0,0.0
parking02,parking,curvature,low,3,3,True,3851.0,0.0,385.10000002241577,0.0,189599.5,0.0,190852.79999999996,3.564476708973493e-11,8.822314067530394,2.93746003233885,22.005465307187336,6.9128079369140725,25.21674263693232,8.178193612356605,16.341256933864866,5.73146332777091,29.663203063799163,11.065908806030237,31.98332954658876,11.539448318616015,0.03719933459151409,0.0007405264145508586,0.054174348450032946,0.0023558562152275796,0.00907387832307927,0.0003118151142805591,0.012419238492536032,0.0009388400066824268,0.0007018775806842078,0.00017553175045163487,2.412877386483481,0.6034337082853357,0.0991865227004703,0.0,31.848586377568825,11.676107727126857,31.749399854868354,11.676107727126857,29.668729163132188,11.070425530057689,31.9033465053824,11.605945027358118,0.017507845985457533,0.0006869262418203443,0.09083329467543595,0.006314266894159785,3851.0,0.0,0.04520292644531715,0.005810523413721671,0.2133081020391312,0.027618952303703617,3847.0,0.0,0.07771931433740693,0.015594278296538113,0.31562804733349953,0.06872530160852017,3846.0,0.0
parking02,parking,curvature,medium,3,3,True,3834.0,0.0,383.4000000223168,0.0,189598.1,0.0,190853.1,0.0,9.08266366040244,3.0447411491112564,22.00294933413652,6.947422857080194,25.22320015700721,8.25094952188132,16.281899515298353,5.707175334354358,29.76074763053261,11.106497100562821,31.962213121900035,11.600737119355001,0.044777082459539826,0.0009440008403139216,0.05706478147767477,0.001736398378006299,0.012155228159741488,0.00044891687277818544,0.018302553392034723,0.001206781698453716,0.0012211834260302242,0.00019300590517745946,4.198119379371492,0.6635054272662356,0.0070636989307159,0.0,31.78448891160316,11.710547730272033,31.77742521267244,11.710547730272031,29.785652503747922,11.110313958829853,31.934086842400166,11.6271928223908,0.01799736261989477,0.0006145807780131246,0.09805967216363164,0.007012437351751054,3834.0,0.0,0.04653514925713461,0.005474417779343887,0.2131604123764689,0.026690987384862308,3821.0,0.0,0.07591801250471737,0.014782168326418451,0.320359397783792,0.06641930110984937,3820.0,0.0
parking02,parking,elapsed_time,early,3,3,True,4190.0,0.0,419.000000024389,0.0,189598.1,0.0,190017.0,0.0,3.749443987505744,0.9248478418619246,7.297135774818209,2.168974693706223,9.682263392029485,2.84018198712493,6.795028371942561,1.7551459010312576,11.074951512643253,3.715994442641771,11.877338906323898,3.6788383537063183,0.06260985601624115,0.0010553589659425238,0.07036778530649203,0.0018502836678549923,0.02294116934270543,0.0004475107327952488,0.048554272856563184,0.0011255320920453647,0.0004941788253910243,0.0001705085534900554,1.698861661178288,0.5861652291516489,0.0070636989307159,0.0,11.86371726791895,4.093387183813936,11.856653568988234,4.093387183813937,11.254462597632577,3.860230402986971,12.269430690570543,3.937960264617531,0.023774758969993186,0.0003972267477508524,0.1553679587141045,0.01116697862195293,4190.0,0.0,0.07705890295421391,0.00265906408346597,0.2799210775516974,0.024693125868076583,4190.0,0.0,0.13341690369467996,0.007745384714561352,0.3779838659742077,0.0589315118619768,4190.0,0.0
parking02,parking,elapsed_time,late,3,3,True,4190.0,0.0,419.000000024389,0.0,190436.0,0.0,190854.9,0.0,15.489415204049557,5.390170488632217,24.278461544765708,7.771091559620478,25.561697920933792,8.3670322093384,26.97438092042888,9.786884477986696,31.644485263057152,11.564172253060963,32.83631425312518,11.66108912006495,0.054699955797866885,0.0009069579417566283,0.061725485806042805,0.0020623282820758718,0.02210785699587539,0.00045110671107611184,0.051711062466104844,0.0006177567175211984,0.00041160335331775485,0.0001610794375563161,1.4149880987123644,0.5537503162990799,21.935769822387375,8.060824427772827,31.843276162279505,11.696479225690075,9.907506339892123,3.8613274041560977,31.429744071734177,11.47672710953055,32.318481043967346,11.541327966256045,0.017378263735450043,0.0007482823337677658,0.15904748014414147,0.010659799067621278,4180.0,0.0,0.039997940889450724,0.006948747074102789,0.2877736422190877,0.02184307344258457,4140.0,0.0,0.0719617627846438,0.01515523462651837,0.35164710965661916,0.0526602405321171,4090.0,0.0
parking02,parking,elapsed_time,middle,3,3,True,4189.0,0.0,418.9000000243832,0.0,190017.1,0.0,190435.9,0.0,8.739776575286562,3.0608198353830165,16.596512729954643,6.426919487636549,19.369028854014545,7.380479455257645,16.389771507288028,6.141093424459261,21.489580644783615,7.866285549713684,22.220868407550896,7.993970489244162,0.04476707822861559,0.000842474143019885,0.05688517441352197,0.002780996682495043,0.02339288157821139,0.0003643459917045223,0.04883117265999318,0.0006946558233779178,0.0004207383164055241,0.00017166216258024668,1.4463917885685824,0.5901310450762023,11.958031156010108,4.093532491371061,21.961942605696375,8.061523547088369,10.003911449686262,4.12200844552183,21.537845710848604,7.866357995881347,22.36273980093729,7.960301225688396,0.015856834074914113,0.0009490306295708463,0.13278709602368852,0.011037429796664099,4189.0,0.0,0.03840304997619589,0.008497510369129331,0.24677052817393216,0.03201792867667894,4189.0,0.0,0.07134013023000017,0.018774331020508187,0.3491769331886938,0.0648665235606113,4189.0,0.0
parking02,parking,environment,building,3,0,False,,,,,,,,,,,,,,,,,,,,,,,,,,,,,,,,,,,,,,,,,,,,,,,,,,,,,,,,,,,,
parking02,parking,environment,parking,3,3,True,12569.0,0.0,1256.9000000731612,0.0,189598.1,0.0,190854.9,0.0,9.326258579560196,3.123741631096798,22.344767075273904,7.1823675986240705,25.561697920933792,8.3670322093384,16.719753184745475,5.889785899211365,30.415317331820642,11.185117054259049,32.83631425312518,11.66108912006495,0.05451730057750545,0.0009374122529970437,0.0627175556146538,0.0016457316452750447,0.02282016611511001,0.00042007146826730297,0.05040922885139765,0.00086319906778916,0.00044217520377217947,0.0001624171162125282,1.5200863788889827,0.5583489167798212,0.0070636989307159,0.0,31.843276162279505,11.696479225690075,31.836212463348783,11.696479225690075,30.294859799010794,11.21052280578054,32.318481043967346,11.541327966256045,0.019314332520235223,0.0006439156880880866,0.1490608614744677,0.010936695678410591,12559.0,0.0,0.05496958246534898,0.004996211468391087,0.2714253483704159,0.025943517196993924,12519.0,0.0,0.09713907612215612,0.012027896022761208,0.3596672748460134,0.05699581911012309,12469.0,0.0
parking02,parking,environment,playground,3,0,False,,,,,,,,,,,,,,,,,,,,,,,,,,,,,,,,,,,,,,,,,,,,,,,,,,,,,,,,,,,,
parking02,parking,environment,street,3,0,False,,,,,,,,,,,,,,,,,,,,,,,,,,,,,,,,,,,,,,,,,,,,,,,,,,,,,,,,,,,,
parking02,parking,persistent_yaw_mismatch,high,3,3,True,12569.0,0.0,1256.9000000731612,0.0,189598.1,0.0,190854.9,0.0,9.326258579560196,3.123741631096798,22.344767075273904,7.1823675986240705,25.561697920933792,8.3670322093384,16.719753184745475,5.889785899211365,30.415317331820642,11.185117054259049,32.83631425312518,11.66108912006495,0.05451730057750545,0.0009374122529970437,0.0627175556146538,0.0016457316452750447,0.02282016611511001,0.00042007146826730297,0.05040922885139765,0.00086319906778916,0.00044217520377217947,0.0001624171162125282,1.5200863788889827,0.5583489167798212,0.0070636989307159,0.0,31.843276162279505,11.696479225690075,31.836212463348783,11.696479225690075,30.294859799010794,11.21052280578054,32.318481043967346,11.541327966256045,0.019314332520235223,0.0006439156880880866,0.1490608614744677,0.010936695678410591,12559.0,0.0,0.05496958246534898,0.004996211468391087,0.2714253483704159,0.025943517196993924,12519.0,0.0,0.09713907612215612,0.012027896022761208,0.3596672748460134,0.05699581911012309,12469.0,0.0
parking02,parking,persistent_yaw_mismatch,low,3,0,False,,,,,,,,,,,,,,,,,,,,,,,,,,,,,,,,,,,,,,,,,,,,,,,,,,,,,,,,,,,,
parking02,parking,persistent_yaw_mismatch,medium,3,0,False,,,,,,,,,,,,,,,,,,,,,,,,,,,,,,,,,,,,,,,,,,,,,,,,,,,,,,,,,,,,
parking02,parking,speed,high,3,3,True,995.0,0.0,99.50000000579166,0.0,189601.79999999996,3.564476708973493e-11,190821.9,0.0,8.353070252317936,2.584192303583184,22.976542226829025,7.439690509850151,24.67015031008575,8.198471048799947,12.880936688843164,4.382041389588528,28.701136327457473,10.452672715413927,31.50373975231432,11.33415007793063,0.029645384401759196,0.0005938750193745328,0.06073729847557838,0.001038560888625827,0.024338962095991293,0.00039429154289900246,0.058135666387776536,0.0010404516753029045,0.002262049806759051,8.647430539558423e-05,7.776354418540623,0.29727676412954024,0.2146368255182506,0.035670460246349504,31.270490412214333,11.322928793170593,31.055853586696085,11.292522875535715,28.713934401111505,10.458463528143602,31.270490412214333,11.322928793170593,0.017802689704955268,0.002083777458901767,0.1535179712964669,0.009821236949465104,995.0,0.0,0.0578370447626424,0.007489881779514126,0.24584693922411407,0.014724926690751056,995.0,0.0,0.10339585406951673,0.015012288174337899,0.3448159911641399,0.03854517509398558,995.0,0.0
parking02,parking,speed,low,3,3,True,7532.0,0.0,753.200000043842,0.0,189598.1,0.0,190854.9,0.0,9.448378646969697,3.1721310715433253,22.47685470476893,7.353714290496517,25.55686715837884,8.359079874728067,17.890054890013676,6.369691843454558,30.673200622743824,11.258344823009642,32.83631425312518,11.66108912006495,0.06365950629939314,0.0010412683457390432,0.07362554698872059,0.0023981092133366607,0.02305550113364327,0.00042170113806796355,0.048468938221534114,0.0011928687883810915,0.00022933231637211067,0.00022677686798947705,0.7883864300448535,0.779601445619547,0.0070636989307159,0.0,31.843276162279505,11.696479225690075,31.836212463348783,11.696479225690075,30.658571952211002,11.315780160791215,32.318481043967346,11.541327966256045,0.020820851521952594,0.0002473775461898155,0.15629169178176863,0.012348691122637659,7522.0,0.0,0.05592859864214417,0.0035471648978521813,0.29153499759993945,0.032448592234009255,7482.0,0.0,0.09782822235849321,0.01046342496623165,0.36325928543233704,0.0639592121469168,7432.0,0.0
parking02,parking,speed,medium,3,3,True,4042.0,0.0,404.20000002352754,0.0,189601.5,0.0,190840.70000000004,3.564476708973493e-11,9.338261062953988,3.166733017123464,21.97319462126877,6.854737011589855,25.333703972278567,8.547070049070104,15.483956541831743,5.366824420957847,28.84252137129946,10.470951892719334,32.003534520978725,11.540634121968125,0.038394642316501464,0.0008226213273680924,0.05473895580119758,0.0020111339409821434,0.02197745999496673,0.0004261871703331127,0.05050443392246956,0.0006313232907794097,0.0003908039514033973,9.609423882624335e-05,1.3434850219470234,0.3303476592159548,0.17943469298671053,0.03666163128409902,31.678588367012264,11.578309431006693,31.499153674025553,11.545597386273021,28.854365921334562,10.481073128629413,31.806531333307998,11.496306686977114,0.016536422100734267,0.0011940139651013726,0.13450739045902815,0.00881244496194072,4042.0,0.0,0.052324959916336566,0.007148683555148053,0.2404976199105632,0.020242402593652033,4042.0,0.0,0.09418918712229955,0.014220747863041991,0.3567185377321853,0.05153217326510692,4042.0,0.0
parking02,parking,turning,high,3,3,True,4337.0,0.0,433.70000002524466,0.0,189598.6,0.0,190852.6,0.0,10.456314136225224,3.563706161235248,23.504780193663702,7.941174372112567,25.561697920933792,8.3670322093384,17.46727573586697,6.154575395975632,30.926081061987478,11.304721015658783,32.83631425312518,11.66108912006495,0.07155715012659186,0.0011093868849013156,0.09420456203321591,0.0015623154890760532,0.035973983685668086,0.0005614863257294223,0.07752761679391061,0.0006122196028069755,-0.0004022802065841048,0.00022031159189385424,1.3829374811352046,0.7573754635995872,-0.2474307844019031,0.0,31.927321979093588,11.643119920455597,32.17475276349549,11.643119920455598,30.816184992267846,11.32694187219583,32.318481043967346,11.541327966256045,0.02204736616162102,0.0006683866229504678,0.25757400754718435,0.01759727831243512,4337.0,0.0,0.06902723396280153,0.00499326734568694,0.38652449656507076,0.030549449438622447,4323.0,0.0,0.12708486185677345,0.01059030569493049,0.4426957746283235,0.03896529747954432,4275.0,0.0
parking02,parking,turning,low,3,3,True,4441.0,0.0,444.10000002585,0.0,189598.1,0.0,190854.9,0.0,8.430554120589981,2.7573296431457024,21.792974057519785,6.75429076400338,25.21674263693232,8.178193612356605,16.48184532656324,5.8402273620075,29.79449498860384,11.105473974886252,31.987912733100348,11.539605069212664,0.035084467607924705,0.0007296226104845445,0.052465217110390365,0.002390361680573317,0.008819453803824243,0.00028893687978312303,0.011324622978766734,0.0012572033936339233,0.0006158649438419658,0.0001920959598753445,2.1171877219323654,0.6603772657422987,0.0070636989307159,0.0,31.843276162279505,11.696479225690075,31.836212463348783,11.696479225690075,29.803385551566077,11.11114854012515,31.92092442646806,11.634977010066827,0.017210113627616427,0.0006641973780877161,0.08518678046515954,0.008180169881432702,4431.0,0.0,0.045447670223196394,0.005638287347048379,0.2089892880752793,0.030944121617234296,4411.0,0.0,0.07676509667113023,0.0155141713558511,0.3112550067891943,0.07072082611006743,4410.0,0.0
parking02,parking,turning,medium,3,3,True,3791.0,0.0,379.1000000220665,0.0,189598.29999999996,3.564476708973493e-11,190853.5,0.0,9.082727203414196,3.049690732168503,22.001348803633856,6.9500920617082835,25.281146229967533,8.346392875625677,16.14326769120113,5.645052099240287,29.66443338729054,11.070385331929106,31.994007658922015,11.560181987690063,0.05053880289437368,0.0009631649033181786,0.05945488090704496,0.0011852698102995738,0.012445104889357121,0.0004602587330387043,0.01910205433766043,0.0015063660929966233,0.0012047832172423156,0.0001781552683961018,4.14173961457066,0.6124526986270233,0.0155448495442883,0.0,31.772584090592726,11.73416953366052,31.75703924104843,11.734169533660518,29.68030223717025,11.073990755624004,31.958973920922947,11.595377440410061,0.018262840510010012,0.0006119138493534195,0.09957643478886306,0.007283269307520648,3791.0,0.0,0.0462069818094816,0.005660887813747547,0.21272834554778833,0.026169740229508846,3785.0,0.0,0.07667843765126527,0.014808744434122901,0.3222865310725453,0.06539885903196235,3784.0,0.0
parking02,parking,wheel_imu_disagreement,high,3,3,True,3861.0,0.0,386.100000022474,0.0,189599.1,0.0,190853.9,0.0,9.560582509921444,3.1681594698552296,22.723319095934574,7.30386583587802,25.560298237691836,8.36830339489661,16.324643793395886,5.704601966194789,30.209520313270687,11.163375768608873,32.82700304322655,11.667089348241149,0.0834369224847785,0.001193144739519883,0.14894164043168223,0.000895964529495493,0.03304018024727533,0.0004402510737310088,0.07362063166995846,0.0005092157181330557,-0.0012302417204042412,0.000178096950710431,4.229259501604588,0.6122522171914287,-0.08346680063660779,1.6996749443881478e-17,31.784915005211673,11.71800936473975,31.868381805848276,11.71800936473975,30.109967211883504,11.17579747981196,32.318481043967346,11.541327966256045,0.02214527799685183,0.0003577912197717703,0.1801990736833179,0.012312904284736467,3861.0,0.0,0.057709604608073735,0.0044659121050337714,0.2894603706070585,0.02312512281703217,3851.0,0.0,0.1029735649051548,0.010733218013335249,0.3753119164255525,0.05544403436875591,3834.0,0.0
parking02,parking,wheel_imu_disagreement,low,3,3,True,4407.0,0.0,440.7000000256521,0.0,189598.1,0.0,190854.9,0.0,8.975635116804478,3.0085439742443563,22.24045450034824,7.145144844095851,25.556758190011266,8.358900501845715,16.89796595136341,5.999530318086126,30.544667608385264,11.252375533687903,32.836104834352334,11.66116808126765,0.02935496807841041,0.0008911826101046092,0.05035439494519464,0.0020829193861389783,0.014892769891996798,0.000452985939134058,0.031448070301363845,0.0013121434844937216,0.0011862322002913956,0.0001503361567465043,4.077965915952858,0.5168176373875141,0.0070636989307159,0.0,31.843276162279505,11.696479225690075,31.836212463348783,11.696479225690075,30.454844941341065,11.263273271486197,31.95189242411847,11.606606135766393,0.018000112921448066,0.0008514500116778096,0.1262560022175473,0.010813472264230852,4398.0,0.0,0.054995947347604573,0.004948685667090446,0.2556603747450199,0.029838694025159363,4380.0,0.0,0.09569723627903536,0.012536069415291572,0.344990277248564,0.061154733475583756,4366.0,0.0
parking02,parking,wheel_imu_disagreement,medium,3,3,True,4301.0,0.0,430.1000000250351,0.0,189598.5,0.0,190854.0,0.0,9.475171135998163,3.201946143818221,22.084368265381645,7.09072980971992,25.560163870593456,8.36647401551655,16.891837280889515,5.9436825787330765,30.44219945381847,11.179501153704026,32.80455421086386,11.659737917307595,0.03940720845879883,0.0008808485261231023,0.056050358029703234,0.0018054603991452802,0.017735629772452747,0.00045572485543100014,0.03886841268589097,0.0009910635535742343,0.0011811062804020275,0.00017852192486949312,4.060344301405881,0.6137131707344115,-0.049943100271141204,8.498374721940739e-18,31.788778234800475,11.713528180292952,31.83872133507162,11.713528180292954,30.375615783943545,11.243222317689025,31.944391472380204,11.625080418334244,0.017823061346457197,0.000762958532250014,0.14442624139855276,0.009925892599472845,4300.0,0.0,0.05235036777744593,0.005588566270671546,0.2713315316367228,0.02495209390134366,4288.0,0.0,0.09310093116866108,0.012820036618680518,0.3606272691525281,0.05625456602488514,4269.0,0.0
playground00,playground,acceleration,high,3,3,True,3625.0,0.0,362.5000000211003,0.0,198896.79999999996,3.564476708973493e-11,200150.9,0.0,0.2285357973275404,8.039437808488233e-05,0.3796353694403077,0.004252741183435998,0.42885307947801526,0.00730728539134338,0.22870891919751316,0.03700881157304031,0.4871440752426938,0.04137015779894139,1.095935466136351,0.09859319598778746,0.042616547938367506,0.0006340235846551176,0.08491042962608225,0.001173076367519566,0.028054653400950463,0.0004860820019211969,0.06074574415882417,0.000538590170970273,0.0002163683169342592,0.00020105011869799128,0.7455852706632315,0.6882996091507048,0.3628512920163321,0.2445715011114389,-4.768719850007392,9.08228769803468,-5.131571142023724,9.311864879024641,7.325050439635667,5.817930817939138,8.194519575189371,5.654176683679088,0.014782985106840264,0.00040284245339512205,0.13706169708460228,0.008547662578632665,3625.0,0.0,0.04488420023290521,0.0029379681122990125,0.1753298645199127,0.004198476904525702,3625.0,0.0,0.08340107646535437,0.00595803834772805,0.19687861713628887,0.001948422022273533,3625.0,0.0
playground00,playground,acceleration,low,3,3,True,5046.0,0.0,504.6000000293716,0.0,198869.4,0.0,200195.6,3.564476708973493e-11,0.1994475126027078,0.00013566974322814235,0.3697173187177299,0.004081277575794894,0.4312201035191851,0.007416041689048977,0.23487881600953073,0.022430412807018633,0.5324103756752524,0.0328452096959633,1.0652988672877817,0.053832482917365455,0.03830209989104768,0.000777735105577727,0.07619946384026353,0.0022584051078097384,0.025357960019736805,0.0005083638034627701,0.053469043535490764,0.0009562255940202094,9.437662271667594e-06,0.00012012709591529888,0.3030070304281574,0.1854734951407664,8.078290139759596e-05,0.0,-4.267807929076284,8.745634479359259,-4.267888711977681,8.745634479359259,7.357650577226025,5.894021249079912,8.138042034084453,5.599578633220662,0.012357014209792579,0.0004402636826514471,0.1255305234229966,0.007606305557393002,5036.0,0.0,0.04067218681755464,0.0028686206748855738,0.16631823845123136,0.00206053853878766,4996.0,0.0,0.07622508772528662,0.005799173649536511,0.19259725667312408,0.006238068348712654,4946.0,0.0
playground00,playground,acceleration,medium,3,3,True,4592.0,0.0,459.20000002672896,0.0,198896.6,3.564476708973493e-11,200151.20000000004,3.564476708973493e-11,0.23083111335891518,0.00011795166186182841,0.37727292375251514,0.0038033759653973765,0.42897735049036206,0.007425424636647753,0.23547976659291092,0.03779487943437976,0.49876503581279236,0.045527555371370744,1.208715542026245,0.001630056223803493,0.04258393188958561,0.0009069246575432494,0.08271907774421063,0.001075598843725111,0.027974151894837002,0.0004830661678569271,0.06240785471163677,0.0007739655590353444,-0.00034338645355339454,0.00012655374758633938,1.1804756718344749,0.4350597370956706,0.36280896429795323,0.23627102572933367,-4.754973068606298,9.064738339829251,-5.117782032904251,9.286416563764316,7.2668456322694865,5.832361284128395,8.411289352694421,5.805146523824593,0.013579914304396796,0.00044325431310350105,0.14289571659405945,0.00998309199320425,4592.0,0.0,0.044132302500314836,0.003184580436399287,0.1854925176046455,0.005624484201784451,4592.0,0.0,0.08233238331045163,0.006629573940216559,0.19894417498243244,0.0035185541791648315,4592.0,0.0
playground00,playground,curvature,high,3,3,True,4272.0,0.0,427.2000000248663,0.0,198896.9,0.0,200150.79999999996,3.564476708973493e-11,0.22492780595710613,0.00042126870856734453,0.37400081996147855,0.004003961380681905,0.4312201035191851,0.007416041689048977,0.23193663933233,0.024136595400187536,0.5680517058718495,0.045206020182459,1.209228056334945,0.0016351544497102853,0.04606513942450389,0.0006679710054947021,0.09104368042511239,0.0013412617663364486,0.04309352938010649,0.0005756294077170371,0.09524692408740515,0.0003143652765552261,-0.002580079179710083,6.133782947920222e-05,8.869658868417794,0.2108639252190845,0.3437186959569209,0.2377224729743401,-4.774973832346494,9.098428923228546,-5.118692528303415,9.323259790605317,7.314344554002432,5.811947860395132,8.440104715168715,5.777300463078888,0.014214765293722884,0.0003971187520504738,0.2090439392795261,0.01715026129892508,4272.0,0.0,0.045345392154953444,0.002497390687728404,0.24570057511201257,0.012052489298080117,4272.0,0.0,0.0840757260770877,0.004994709740449302,0.25624147593551416,0.007258533085545825,4272.0,0.0
playground00,playground,curvature,low,3,3,True,3219.0,0.0,321.90000001873705,0.0,198898.20000000004,3.564476708973493e-11,200150.50000000003,0.0,0.23507496747417914,0.00027864089388237846,0.3774516912266417,0.003947294611260724,0.4274643053005829,0.007915405516764163,0.23702963815211345,0.04637923999826746,0.4718621979413414,0.04906203380854307,0.7317233888592284,0.0638661838126161,0.039650581759475105,0.0009030657830222404,0.07747694118879726,0.002064430760446874,0.013108898583695907,0.00023375248840975952,0.01789038431597864,0.001122260754434383,0.0008568604560885294,0.00026816938802277126,2.9456692659316523,0.9218984476986555,0.2775622011612537,0.24169132937117827,-4.752820055297666,9.093257488811192,-5.030382256458919,9.326395370489402,7.194525180712827,5.881970058204673,8.0258419821407,5.805848113409409,0.01368639957115661,0.0004926310490567865,0.10157691195159702,0.005561939876844971,3219.0,0.0,0.04332675497741928,0.00360554481126529,0.14690982593555524,0.003505092277647352,3219.0,0.0,0.0809462683302591,0.0074439333417479206,0.16336442726261233,0.001823291632891116,3219.0,0.0
playground00,playground,curvature,medium,3,3,True,5049.0,0.0,504.90000002938905,0.0,198897.50000000003,0.0,200150.6,3.564476708973493e-11,0.23070709962794314,8.775185880634816e-05,0.37768288827215973,0.0037018603159349023,0.42913868261762894,0.007353241579296883,0.23165888234824394,0.04441971701252854,0.46796414378134904,0.04423116804090253,0.7596070744946397,0.07161503640864711,0.04025606034015126,0.0008730270738085735,0.07940445669616251,0.0016524979600040495,0.015439689795827494,0.0007966201798396826,0.02474147925774246,0.0018426355164281036,0.001459129490890574,0.00018786886892375226,5.016117695466144,0.645845597473648,0.3311443986804062,0.24608636342890974,-4.756059166679376,9.101046839660967,-5.087203565359782,9.335612450669137,7.2442370217529755,5.853431779142024,7.998867668534028,5.803018440563941,0.01360082453095332,0.0004372062342427263,0.11010854549418171,0.005742389082264379,5049.0,0.0,0.04319439514184631,0.0033910015713760084,0.14793981489428085,0.003152209821330593,5049.0,0.0,0.08081080028980048,0.0071724105462028275,0.1722201918726883,0.002360659724470465,5049.0,0.0
playground00,playground,elapsed_time,early,3,3,True,4421.0,0.0,442.1000000257336,0.0,198869.4,0.0,199311.4,0.0,0.18724860723210932,0.0003930997670900404,0.32953404238220885,0.0035874480928361407,0.34901964980774114,0.0036843103816500077,0.22785464272165745,0.026840180079446323,0.49669195363949853,0.03660609668771188,1.209228056334945,0.0016351544497102853,0.03996472111000978,0.0006671910928844738,0.07763855749120313,0.00143114670231502,0.023847131623447357,0.0005109275255304556,0.05196035839617247,0.0006482794197398605,-0.00010661712727679847,9.952365705247553e-05,0.372158839957758,0.33288561228564073,8.078290139759596e-05,0.0,-2.700661317511076,2.5209804244777296,-2.7007421004124734,2.5209804244777296,3.0658282340668648,1.8564765707084587,4.0797201977065765,1.8800520622629076,0.012224171284272391,0.00033085920511512706,0.1446230564180974,0.009060083345115676,4421.0,0.0,0.0402113777986115,0.002394785595786959,0.18403710507995005,0.0022888048127023344,4421.0,0.0,0.0744907930497703,0.004790304701970932,0.19850161089133414,0.007663257824523642,4421.0,0.0
playground00,playground,elapsed_time,late,3,3,True,4421.0,0.0,442.1000000257336,0.0,199753.6,3.564476708973493e-11,200195.6,3.564476708973493e-11,0.21869411148819687,0.0012892211733395616,0.39992055503857765,0.003834999631867625,0.4312201035191851,0.007416041689048977,0.2178973460052708,0.03215667749072913,0.4960715326694227,0.06122334805408536,0.9623706031219164,0.07748535342463402,0.040061612716603905,0.0008298392383824714,0.08097948366776107,0.002417068652888261,0.02791007596274311,0.0004883790198812798,0.0625048236300548,0.0010199110779504602,-1.6701113185558254e-06,0.0001090676982187898,0.281288280241447,0.14815582761747823,-4.1663977474115095,6.03801304393789,-4.267807929076284,8.745634479359259,-0.10141018166477404,2.779028876694813,7.407277084021607,5.936465852073736,8.27820562632182,5.906864751909907,0.013215257716842786,0.0004252345522651408,0.12121036831834321,0.006826131025153496,4411.0,0.0,0.04187615915505971,0.0029922919101494434,0.16570375368621607,0.003201044126726373,4371.0,0.0,0.07786575484016704,0.006179921746478213,0.17840334317772333,0.0040467088725767725,4321.0,0.0
playground00,playground,elapsed_time,middle,3,3,True,4421.0,0.0,442.1000000257336,0.0,199311.50000000003,0.0,199753.50000000003,0.0,0.24884825310727487,0.0007971148798880176,0.37479539999434613,0.0046790027530524015,0.39444573295390906,0.00549043355651392,0.2544496457154432,0.03996288073469259,0.5211180467867939,0.050471244607874215,1.066752139054512,0.04807322930714143,0.0429542159145351,0.0008367933959610428,0.08294788115502644,0.0010583785969501473,0.02905930391976483,0.0004882536424939144,0.06420347156623997,0.0004115868458484822,-6.01979462061982e-05,0.00014500117458160058,0.34905108486407005,0.36050545247017096,-2.526437688138945,2.512714224662591,-4.225503234238182,6.054774322009972,-1.6990655460992372,3.680835327671761,5.7158947966906455,4.170580200763474,6.896831498493501,3.831807918360616,0.014866027366311166,0.0005121974084286732,0.1382402242508922,0.010174141629520017,4421.0,0.0,0.04682615872435947,0.0036797672666566334,0.17651191361833476,0.006847310008804906,4421.0,0.0,0.08811936373744629,0.00767963792991161,0.21066867281658397,0.0077417171494610654,4421.0,0.0
playground00,playground,environment,building,3,0,False,,,,,,,,,,,,,,,,,,,,,,,,,,,,,,,,,,,,,,,,,,,,,,,,,,,,,,,,,,,,
playground00,playground,environment,parking,3,0,False,,,,,,,,,,,,,,,,,,,,,,,,,,,,,,,,,,,,,,,,,,,,,,,,,,,,,,,,,,,,
playground00,playground,environment,playground,3,3,True,13263.0,0.0,1326.3000000772008,0.0,198869.4,0.0,200195.6,3.564476708973493e-11,0.21826365727586036,9.280775145444001e-05,0.37562687999944444,0.0042453184626729985,0.4312201035191851,0.007416041689048977,0.23340054481412378,0.030548991995430142,0.5082774049477751,0.03481347933610022,1.209228056334945,0.0016351544497102853,0.04101702533727971,0.0007778097454995385,0.08069949929292003,0.0018332497887532202,0.02703151644897589,0.0004921864660979656,0.05895579696322481,0.0007826985926950803,-5.616172826718416e-05,0.00011508717245862501,0.30433096192341913,0.27114455381763153,8.078290139759596e-05,0.0,-4.267807929076284,8.745634479359259,-4.267888711977681,8.745634479359259,7.330430261810577,5.826834280892643,8.440104715168715,5.777300463078888,0.013479552296369157,0.00042518441729213824,0.1347013882509481,0.008686683173576838,13253.0,0.0,0.043071157399399713,0.0029875127755931846,0.17545434943067942,0.0038780733532961065,13213.0,0.0,0.08039775039853331,0.0061118654686611274,0.1959904786252107,0.0018439668108831363,13163.0,0.0
playground00,playground,environment,street,3,0,False,,,,,,,,,,,,,,,,,,,,,,,,,,,,,,,,,,,,,,,,,,,,,,,,,,,,,,,,,,,,
playground00,playground,persistent_yaw_mismatch,high,3,0,False,,,,,,,,,,,,,,,,,,,,,,,,,,,,,,,,,,,,,,,,,,,,,,,,,,,,,,,,,,,,
playground00,playground,persistent_yaw_mismatch,low,3,2,True,13263.0,0.0,1326.3000000772008,0.0,198869.4,0.0,200195.60000000003,0.0,0.21830647994468855,7.889151834416472e-05,0.3734663713204675,0.00283525504803642,0.42761302255599787,0.005650588484175839,0.25055457062024594,0.010045805877633146,0.5282370450114156,0.005799422225503233,1.2101444353242345,0.0005558393983373157,0.04064405419380506,0.0006126427647490598,0.0798175216186792,0.001433283596770632,0.026821183672523473,0.0004680339450498444,0.05859345365315674,0.0006614212938114537,5.448957411881213e-06,6.09496102528559e-05,0.14815960714996904,0.026491240425393997,8.078290139759596e-05,0.0,0.414073860708005,4.631645747683277,0.41399307780660743,4.631645747683277,3.970486177456158,0.4106701523629223,5.111559696510086,0.5283272035017568,0.01370543206249517,0.00023544333701605778,0.13794996972204826,0.009359339702668924,13253.0,0.0,0.044653997868874785,0.0016787380551523323,0.17749122925090194,0.0022771977197670766,13213.0,0.0,0.08362418073003688,0.0035000975571757077,0.19617614339203365,0.00256780037492025,13163.0,0.0
playground00,playground,persistent_yaw_mismatch,medium,3,1,True,13263.0,0.0,1326.3000000772008,0.0,198869.4,0.0,200195.60000000003,0.0,0.218178011938204,0.0,0.37994789735739837,0.0,0.4384342654455594,0.0,0.19909249320187958,0.0,0.46835812482049416,0.0,1.2073952983563652,0.0,0.04176296762422902,0.0,0.08246345464140171,0.0,0.027452182001880716,0.0,0.05968048358336094,0.0,-0.00017938309962531492,0.0,0.6166736714703194,0.0,8.078290139759596e-05,0.0,-13.631571508644862,0.0,-13.63165229154626,0.0,14.050318430519418,0.0,15.097194752485974,0.0,0.013027792764117132,0.0,0.1282042253087478,0.0,13253.0,0.0,0.039905476460449577,0.0,0.1713805897902344,0.0,13213.0,0.0,0.07394488973552618,0.0,0.19561914909156486,0.0,13163.0,0.0
playground00,playground,speed,high,3,3,True,4157.0,0.0,415.7000000241969,0.0,198899.1,3.564476708973493e-11,200148.20000000004,3.564476708973493e-11,0.23943449980136808,0.00019311963007867793,0.39488823322984623,0.0011892784738213233,0.4312201035191851,0.007416041689048977,0.23408925194800279,0.0405849398156718,0.4884866238972127,0.052411873333830794,1.066752139054512,0.04807322930714143,0.0434524133821941,0.0007655278046358405,0.08574519436806431,0.0017545655875472314,0.028093857703953493,0.0004815892461091922,0.06252604685723774,0.00038342754681259947,0.0013969284317930635,0.0002339625838296542,4.802286205414274,0.8043041170448942,0.38918396825843676,0.2471097912280017,-4.702983768446278,9.06868828547513,-5.092167736704716,9.307629497469858,7.313546028532194,5.83274050712763,8.368907741882028,5.7644584599824364,0.01439094870254447,0.00047776366385024856,0.1355331803272943,0.008257278861730772,4157.0,0.0,0.044380487586109706,0.003600094732373222,0.1736080648389701,0.0044646535194899015,4157.0,0.0,0.08317044913019268,0.007417121001039482,0.1940603973434545,0.004461896820092265,4157.0,0.0
playground00,playground,speed,low,3,3,True,2216.0,0.0,221.60000001289882,0.0,198869.4,0.0,200195.6,3.564476708973493e-11,0.12000082031571342,9.780850149671747e-05,0.30484221624606317,0.0003175633332986985,0.40052974537557223,0.006722750573039921,0.23788970098511844,0.03564255569505577,0.5735368523501087,0.036748119580530876,1.0890534763559028,0.10476562866442542,0.03259612646588242,0.0007409734673797823,0.0687340329944466,0.0014969185231564533,0.020447648959441553,0.0004980265346426354,0.04553868621587744,0.0008851410414006049,-0.0007491099765909649,8.565749237009407e-05,2.575250402988371,0.2944687677888266,8.078290139759596e-05,0.0,-4.267807929076284,8.745634479359259,-4.267888711977681,8.745634479359259,7.31586142425783,6.008806029104007,8.17858894101244,5.991710762998217,0.012910399317621536,0.0003829961265700731,0.10852119922606006,0.006267460052818569,2206.0,0.0,0.03890284356692417,0.0023064720797043876,0.15592645942225625,0.00521098270116743,2166.0,0.0,0.07068045771398808,0.0041509547804993085,0.20260637357844727,0.021944113980667524,2116.0,0.0
playground00,playground,speed,medium,3,3,True,6890.0,0.0,689.0000000401051,0.0,198898.79999999996,3.564476708973493e-11,200148.9,0.0,0.23709431828096197,0.00016450864755041447,0.37020040302495333,0.003615886163028618,0.41525807607402926,0.00432969115681902,0.23154119421463779,0.035300882740465715,0.49521476553157734,0.03764498787713809,1.2005960072227602,0.01458279895483543,0.04192427633938967,0.0008033448294331628,0.08121008087570461,0.0018406953045226643,0.028211795134570377,0.0005024004325759503,0.06096313352075703,0.0004742010728945293,-0.0007099966306017199,0.00010566318336578479,2.4407886241192505,0.3632432674065835,0.24085352911308808,0.23528625110903073,-4.741430328823588,9.073890662515185,-4.982283857936676,9.302515069874103,7.148665698632307,5.86376712407343,8.284650728243966,5.588356262754441,0.013083614658994836,0.00040548618531594503,0.14258175651328944,0.00972587689190969,6890.0,0.0,0.04351165221559435,0.0028134336388291356,0.18270723982341966,0.006572617759897156,6890.0,0.0,0.08148666486677134,0.005857718688982362,0.19512315121841997,0.0031893816925338495,6890.0,0.0
playground00,playground,turning,high,3,3,True,4581.0,0.0,458.10000002666493,0.0,198898.50000000003,0.0,200150.4,0.0,0.22683625686303224,0.0004310470595792476,0.3746893791038597,0.004107214217935377,0.4312201035191851,0.007416041689048977,0.23178813723492486,0.02579832818740521,0.5582062927269092,0.04837299978436371,1.209228056334945,0.0016351544497102853,0.04597685144797967,0.000710205779408039,0.09097036936630803,0.001367079607777296,0.041884756235011755,0.0005966779931819966,0.09299558649460472,0.0005867823052440142,-0.002342940319202702,5.044336092095177e-05,8.054435516480924,0.1734115011135408,0.34901459766148785,0.24922372939713938,-4.760564670950156,9.096159122535138,-5.109579268611644,9.33642997899208,7.309800432403726,5.816548853209042,8.440104715168715,5.777300463078888,0.014209441358130953,0.00040417868923808354,0.2027325741957319,0.01646995581852305,4581.0,0.0,0.04521515044246984,0.002636535880079626,0.23839208267215062,0.011367105554947564,4581.0,0.0,0.08391315000947856,0.0052818749063174445,0.24997744776821798,0.0068361154077609424,4581.0,0.0
playground00,playground,turning,low,3,3,True,3623.0,0.0,362.30000002108864,0.0,198869.4,0.0,200195.6,3.564476708973493e-11,0.19063220781999024,0.00026278499675301347,0.3737886596901721,0.004151075811727356,0.4274643053005829,0.007915405516764163,0.23755374492789408,0.028348703383467632,0.5229363788960757,0.04161444357877939,0.7241968833800462,0.04713235385588667,0.03538661323011269,0.0007960346099028183,0.07280579016854354,0.002773280491650769,0.011728100603793666,0.00019672080859322433,0.015614242339506616,0.0010054044167397951,0.0006586591315082732,0.00016814288465409583,2.2643033023905783,0.5780326587500824,8.078290139759596e-05,0.0,-4.267807929076284,8.745634479359259,-4.267888711977681,8.745634479359259,7.359297885701024,5.912909599827229,8.0258419821407,5.805848113409409,0.01238843336828406,0.00044067017010866207,0.0848766195979163,0.0033176303789138537,3613.0,0.0,0.04000592882977285,0.0030114264271312186,0.1324617896783994,0.00504996854682457,3573.0,0.0,0.07506256207054525,0.005949190613991414,0.15957420916867307,0.013706228236621123,3523.0,0.0
playground00,playground,turning,medium,3,3,True,5059.0,0.0,505.90000002944726,0.0,198897.00000000003,0.0,200150.79999999996,3.564476708973493e-11,0.23028928737465124,0.00014654031327675785,0.37780208732278364,0.0037188574802866758,0.42913868261762894,0.007353241579296883,0.2318862920187336,0.04422817831832846,0.4679762893538227,0.044164590829722274,0.7596070744946397,0.07161503640864711,0.03999669879421009,0.0008487225333951221,0.07867840726175925,0.001331115361734824,0.015113691640747896,0.0007186622469864921,0.023440931985775574,0.0014961388284847675,0.0015026318574432578,0.00020008822357503694,5.165667815604135,0.6878526444671782,0.34461406305403136,0.249994818177233,-4.774973832346494,9.098428923228546,-5.119587895400525,9.334508495232317,7.237388881757158,5.854872760553359,7.998867668534028,5.803018440563941,0.01354816784613018,0.000437034923974887,0.10868162670328042,0.005534738308214889,5059.0,0.0,0.04316550965769602,0.003328923991939227,0.14882747851067882,0.003210958872236503,5059.0,0.0,0.08072648232493318,0.007046371401646784,0.1724641318474415,0.002313119963804005,5059.0,0.0
playground00,playground,wheel_imu_disagreement,high,3,3,True,5080.0,0.0,508.0000000295695,0.0,198898.9,0.0,200150.6,3.564476708973493e-11,0.22923382734809947,0.00014532047165825282,0.3754145245755168,0.004137716314572445,0.42767946857110495,0.007761207819128762,0.2325439935532405,0.03441893220842503,0.5071632792714768,0.045268135237833955,1.1809404241375905,0.04856780711033748,0.04650798075942159,0.001031081158331013,0.09054131791926918,0.002276335148154745,0.03394000520697466,0.0004542528145915561,0.07957081468775869,0.0005583017640091822,-0.0013483661319739666,9.969881764698965e-05,4.635341316029284,0.34273928841701556,0.2557554935494816,0.2225666297311045,-4.756059166679376,9.101046839660967,-5.011814660228857,9.31915245055534,7.289583835547827,5.809796302099526,8.285220488073769,5.832448548440305,0.014192628051145706,0.0004202600466774678,0.15319404554236826,0.011051553364477874,5080.0,0.0,0.04443764591975554,0.0029558279486494627,0.1979482406225217,0.007350667579326066,5080.0,0.0,0.08272612629773307,0.006028205525221996,0.21302368476721248,0.0035370143540971693,5080.0,0.0
playground00,playground,wheel_imu_disagreement,low,3,3,True,3976.0,0.0,397.60000002314337,0.0,198869.4,0.0,200195.6,3.564476708973493e-11,0.19137456697750968,0.0001916975780980316,0.37545625944063943,0.004394457214083695,0.4229236520583181,0.007101373208765988,0.2355067441052606,0.024587710238064733,0.5346347456638315,0.03754419247669998,1.0885409620472029,0.10387996306952965,0.034305996092621964,0.0005346271615611285,0.07102107679626592,0.0021777863643724204,0.01904135808967719,0.0005647213015837633,0.040941857111950704,0.0007311786011717973,0.0007082821385038935,0.00013808489888291332,2.4348946344464113,0.47470091522890046,8.078290139759596e-05,0.0,-4.267807929076284,8.745634479359259,-4.267888711977681,8.745634479359259,7.3722665834293615,5.905622636524164,8.244412596723901,5.5754073841020295,0.012354041848222775,0.00039267575460693617,0.10949907754877382,0.005643921162248216,3966.0,0.0,0.04046137111044719,0.002790769661979444,0.15152863541819184,0.001781744690018659,3926.0,0.0,0.07587604807676068,0.005630707642901395,0.17985810653825537,0.009713595958533704,3876.0,0.0
playground00,playground,wheel_imu_disagreement,medium,3,3,True,4207.0,0.0,420.70000002448796,0.0,198896.6,3.564476708973493e-11,200151.20000000004,3.564476708973493e-11,0.2304297041166656,8.559532809048684e-05,0.3757842122238389,0.00421497114027988,0.4312201035191851,0.007416041689048977,0.23244428905556128,0.03947225568141528,0.4852303913920573,0.04395387107358239,1.0856095956212026,0.10751078299772694,0.03974606228493011,0.0006669649687812947,0.07780870621403052,0.0010036803077006393,0.023873175848428758,0.0005523319908222881,0.05227785476793843,0.0008048292374964636,0.0007817202675846462,0.00016767519434645836,2.687356325546256,0.5764248579052742,0.36280896429795323,0.23627102572933367,-4.754973068606298,9.064738339829251,-5.117782032904251,9.286416563764316,7.233924452664041,5.8534141746308395,8.282061355740522,5.903657321484828,0.013611758921215132,0.0004618955524875074,0.13612988009891783,0.008705647568996505,4207.0,0.0,0.04375084163323472,0.0032041738766869963,0.17062035512558496,0.004809096878065974,4207.0,0.0,0.08158418613428292,0.006641719053486776,0.19028579286520833,0.0030936590394153958,4207.0,0.0
street00,street,acceleration,high,3,3,True,1730.0,0.0,173.00000001006993,0.0,96822.8,0.0,98171.10000000002,1.7822383544867465e-11,0.27889621029011963,0.0007198234118663936,0.5303772800510927,0.004656495194407708,0.5870663840692343,0.0015593249759239872,0.22314243317079663,0.011371325213034975,0.586367374092086,0.004848175354730379,1.2746688303893505,0.13327253954368187,0.03547683761363974,0.000783664719143913,0.06547931207654366,0.0006128030588149066,0.014836372540336184,0.0004872817416756992,0.028518847562372662,0.0011203643889987598,-0.0009216164390402345,0.000302231138860202,3.1682839372128817,1.0389941216473142,-0.014535995170614035,0.012770563203655036,-33.86414929576454,12.26091085014412,-33.84961330059392,12.248146347514773,31.23262505772827,11.5427308253879,33.874994932137405,12.242918952103107,0.019969672599432817,0.00031101035652425767,0.15282387530712874,0.008200143046164276,1730.0,0.0,0.05852254089051528,0.000866909749781481,0.25927563775347806,0.006845564597152393,1730.0,0.0,0.09822862009492467,0.002249340164334737,0.30214840555243155,0.009853091022109304,1730.0,0.0
street00,street,acceleration,low,3,3,True,6872.0,0.0,687.2000000400003,0.0,96820.10000000002,1.7822383544867465e-11,98193.8,0.0,0.24278299077409773,0.0008177494733750795,0.5113910795057092,0.0031273676847029903,0.5868594284808011,0.0019746115729773264,0.22723670505676852,0.00641706115057,0.6481216074952822,0.011886823955695215,1.476461061180932,0.10860932838581223,0.027621874567256777,0.00013569170630962622,0.05473431625093017,0.0004792990425615116,0.013531738170235704,0.0004225374836113711,0.028051199624314887,0.0009551872346634407,-0.00023433677211747374,0.00010891119646163975,0.8055904816230117,0.3744091139383262,0.0011698267263141,0.0,-34.70592822232427,12.757672886595346,-34.70709804905058,12.757672886595344,33.11397284933148,12.029569935670082,34.7063715422057,12.756907060069716,0.0162737425075795,0.00017496201455278635,0.14334799636868725,0.008140842439238571,6862.0,0.0,0.05897935639850349,0.0010707460413679798,0.25777441034442167,0.007488031240015211,6822.0,0.0,0.10057119382232477,0.0024176861307772567,0.2979221766609985,0.007279883974038252,6772.0,0.0
street00,street,acceleration,medium,3,3,True,5136.0,0.0,513.6000000298955,0.0,96822.7,0.0,98171.7,0.0,0.26507358075981546,0.0006401074936357629,0.5233204838308408,0.002551090155613665,0.5889705443514197,0.0018650177175529253,0.22327676808001165,0.01583935148499133,0.6115150554935531,0.024118788148118752,1.4090041330502554,0.1266812302293411,0.02928435933577858,4.956744578041205e-05,0.056095117082198366,0.0003235605687915131,0.014819390099670796,0.0004110416214482899,0.030668827006593364,0.0011922400242281896,-0.0005554066270483502,0.00022536091007931418,1.909347338608021,0.7747337408863175,-0.010544414276633168,0.013508795739323249,-33.868806215235146,12.259022581147008,-33.85826180095851,12.24553824467534,32.109977990538745,11.681877598842892,33.901014043527184,12.230786280519522,0.017160514885725967,0.00018425963388298135,0.15202007758292935,0.010298942967440739,5136.0,0.0,0.058693152782394654,0.0009804172136928838,0.26042679938035723,0.008886024660505826,5136.0,0.0,0.10048765042026568,0.0024576119479504488,0.2943443552298519,0.00866736015521516,5136.0,0.0
street00,street,curvature,high,3,3,True,4276.0,0.0,427.6000000248896,0.0,96822.89999999998,1.7822383544867465e-11,98171.0,0.0,0.2686649969990182,0.0007037104537956645,0.5271939009945097,0.0037467424080652,0.5889705443514197,0.0018650177175529253,0.31018968526867413,0.016559787952114637,0.809996945511574,0.03724570380522683,1.467657374655058,0.12028971026245057,0.03398159269346846,0.00038178069625478844,0.06400521150014044,0.00037781581541754413,0.023336180591496933,0.0005524850698907686,0.05124597360069552,0.0004980716888450121,-0.00037139792512669675,0.00036243894932154057,1.3468501410158302,1.1298945781495955,-0.016313590699999766,0.012452673487306406,-33.85318834514339,12.247748946340122,-33.83687475444339,12.235364665584552,31.485270006233034,11.561905059743667,33.95577845521674,12.228105027148239,0.0193401626748491,0.0001912078623921781,0.22957083451936003,0.017304704600407072,4276.0,0.0,0.07254913833102794,0.0012340743965703017,0.36507036648182717,0.018998740825592657,4276.0,0.0,0.12549361202870787,0.00308713769724025,0.40069658647285206,0.014905472040159825,4276.0,0.0
street00,street,curvature,low,3,3,True,4702.0,0.0,470.20000002736924,0.0,96823.0,0.0,98170.7,0.0,0.24875532469574588,0.0006721672427025865,0.50113663114472,0.0017559518960026889,0.5882608753970885,0.001687407780437427,0.18176035919601133,0.014922840220737487,0.4754894018230224,0.011351240337452329,0.8620947961146758,0.02109375731953373,0.02469563154444429,0.00010518364342834215,0.0487955481240836,0.00014242448766285006,0.005559394248676423,0.0003631524352685,0.00862395025227059,0.0010968509980807627,-0.00047496381447323025,0.00017931384131623918,1.6328053194450447,0.6164355789419446,-0.021903386167561736,0.023013096443654315,-33.866813675186684,12.251232366250425,-33.84491028901912,12.228273983740717,32.26477969442888,11.767332328201755,33.942559222080256,12.19705163203938,0.015847247984556296,0.0002294793272417596,0.1104269774850759,0.005693597603803304,4702.0,0.0,0.05118641088569636,0.00092177933530776,0.20416240474471403,0.004530794704243711,4702.0,0.0,0.08625726858944394,0.0020878645995784997,0.24270430028883874,0.00528565450714087,4702.0,0.0
street00,street,curvature,medium,3,3,True,4504.0,0.0,450.40000002621673,0.0,96823.39999999998,1.7822383544867465e-11,98170.8,0.0,0.2637090633003985,0.0005946715894395369,0.5207771816631054,0.0023747496884794967,0.5880949151011462,0.001959764695161011,0.18217384138825699,0.014339746600037338,0.49241633242164456,0.014340533593811045,0.9017849523915539,0.08501578043925072,0.029852754839698445,0.00015437125873514113,0.0586177001610243,0.0008353639272514647,0.008059193747096812,0.0005233848501862694,0.013419755889723625,0.0012121515975672505,-0.0004628289510676611,4.2789478377104497e-05,1.5910887319586327,0.14709939111446305,-0.0506301447382175,0.03334682115244732,-33.87391086172115,12.241969431818255,-33.823280716982936,12.210616446675795,32.32801069861984,11.78924564325887,33.87391086172115,12.241969431818255,0.01654853251346679,0.00020221338470366795,0.1153132217072962,0.006156456760646813,4504.0,0.0,0.05267049547549193,0.0008718925903572421,0.21734863761339993,0.004391604083013884,4504.0,0.0,0.08773219991714089,0.0019502731252713451,0.2534421826564771,0.007086716119609384,4504.0,0.0
street00,street,elapsed_time,early,3,3,True,4580.0,0.0,458.0000000266591,0.0,96820.10000000002,1.7822383544867465e-11,97278.0,0.0,0.19644150344395472,0.0007878791136371429,0.42571592115540174,0.002813926838491774,0.5307305766488968,0.0031187922607548942,0.23665556045892963,0.017161674977991932,0.6324260111048924,0.04697732353811499,1.2590081966240219,0.1732925085319057,0.027327269750335476,8.901994244865302e-05,0.0530803346695999,0.0007699246484571523,0.012395482535709351,0.0003684890599974145,0.02497599571943282,0.0009259501513400617,-0.000363989449538971,0.0001555658209511304,1.251303554752385,0.5347958986192566,0.0011698267263141,0.0,-9.55161713516587,4.08227535969795,-9.552786961892185,4.08227535969795,9.129044769062919,3.877427590885695,10.06578397202491,4.090757359268007,0.017043757512596697,0.0002950150966138083,0.14352185801170766,0.009070792333339978,4580.0,0.0,0.06395307747959789,0.0016582900714361406,0.2510743683403358,0.00800315531783167,4580.0,0.0,0.11395537519711614,0.003851469106138508,0.2955619158352491,0.010054921025938773,4580.0,0.0
street00,street,elapsed_time,late,3,3,True,4579.0,0.0,457.9000000266533,0.0,97736.0,0.0,98193.8,0.0,0.2650246911849408,0.0011847667422369627,0.5427041303945201,0.002914468074834983,0.5889705443514197,0.0018650177175529253,0.21696613657909078,0.006845445634728126,0.637678441587716,0.047539950625233245,1.476461061180932,0.10860932838581223,0.03069714683375392,0.00024595835320860413,0.05986352468850478,0.0004709301857765301,0.014554778657746292,0.0004075370827104768,0.029181986177960983,0.0013244423331521418,-0.00046531840907564374,0.00016733661468146005,1.5996468581865795,0.5752609067552731,-22.50417615023768,8.361676780096477,-34.70592822232427,12.757672886595346,-12.201752072086592,4.397429594239441,33.86772269515202,12.252655826976598,34.7063715422057,12.756907060069716,0.016610805115087095,0.00015019892967199974,0.142877722748669,0.00821634689520525,4569.0,0.0,0.053557697306939635,0.0009441397291160611,0.24154012553850923,0.0059152974243279356,4529.0,0.0,0.08688884408240805,0.0019108826391757833,0.2759283914140299,0.007706562327697566,4479.0,0.0
street00,street,elapsed_time,middle,3,3,True,4579.0,0.0,457.9000000266533,0.0,97278.10000000002,1.7822383544867465e-11,97735.89999999998,1.7822383544867465e-11,0.30553896494316707,0.0001319604020467246,0.5067598155318831,0.002026671194281073,0.5595375537919258,0.002757252022431167,0.2220978644020478,0.011190096004988916,0.608138851017144,0.003266388854408416,1.4059541487325369,0.12645273529163661,0.02988770177227221,0.0002424863522191737,0.05621036188701197,0.00015351009536326818,0.015452225141757226,0.0004942344409269854,0.032927459975083555,0.0009451554702920162,-0.0004934620004379456,0.00017831799853675948,1.6963973985106238,0.6130121236425784,-9.571547886854612,4.0893600638559375,-22.497956615553004,8.368852676030295,-12.926408728698393,4.67179597206913,22.00092888385447,8.025073130027868,22.74408368176066,8.3230254192277,0.017662834351869813,0.00012191470391195711,0.15695041469685522,0.009623220318054791,4579.0,0.0,0.05841181274985641,0.00039739395061242125,0.28407514451583965,0.009424681448787277,4579.0,0.0,0.09774978545902664,0.001241291124183953,0.31938010280533474,0.00823302014241971,4579.0,0.0
street00,street,environment,building,3,0,False,,,,,,,,,,,,,,,,,,,,,,,,,,,,,,,,,,,,,,,,,,,,,,,,,,,,,,,,,,,,
street00,street,environment,parking,3,0,False,,,,,,,,,,,,,,,,,,,,,,,,,,,,,,,,,,,,,,,,,,,,,,,,,,,,,,,,,,,,
street00,street,environment,playground,3,0,False,,,,,,,,,,,,,,,,,,,,,,,,,,,,,,,,,,,,,,,,,,,,,,,,,,,,,,,,,,,,
street00,street,environment,street,3,3,True,13738.0,0.0,1373.8000000799657,0.0,96820.10000000002,1.7822383544867465e-11,98193.8,0.0,0.2556640753518648,0.0006750712144803216,0.5178628801554773,0.0027759252795916435,0.5889705443514197,0.0018650177175529253,0.22524068477176673,0.010199781970181575,0.6253211252375631,0.0062769572629855185,1.476461061180932,0.10860932838581223,0.029339172718977014,0.00018433247698401454,0.05636753039725583,0.00042332197578364886,0.01419215309291249,0.0004259436626131734,0.02913593555955833,0.0011542286170713068,-0.00044091768627538296,0.00016207846611627285,1.515763352175165,0.5571847235049932,0.0011698267263141,0.0,-34.70592822232427,12.757672886595346,-34.70709804905058,12.757672886595344,32.44396819029951,11.81369201720908,34.7063715422057,12.756907060069716,0.017111717756141398,0.00018836295103160045,0.14778659483021486,0.008943602750307955,13728.0,0.0,0.05881463955377972,0.0009998931954271412,0.2589593748027963,0.0077686971666868915,13688.0,0.0,0.100245751000357,0.0023977559014303814,0.29711089092348647,0.007458301421757585,13638.0,0.0
street00,street,persistent_yaw_mismatch,high,3,2,True,13738.0,0.0,1373.8000000799657,0.0,96820.1,0.0,98193.8,0.0,0.25605265076232464,7.414304792647122e-05,0.5194614300807799,0.00028169333261752403,0.5899279289224642,0.00120709190715918,0.21935335771884423,0.000327697284158151,0.6224539263637878,0.005429125958386323,1.4166498230415314,0.04612664282414207,0.02944354101774696,5.0994837124255976e-05,0.056607151892967444,0.00011786527529475186,0.014383767446693231,0.00037757071389579787,0.029683100327383652,0.0009317465868124355,-0.0005342468401748413,1.6639487722731184e-05,1.8366053496131185,0.057202345186335074,0.0011698267263141,0.0,-42.05214049075627,1.3097430303592081,-42.053310317482584,1.3097430303592081,39.2539580334809,0.9332031769863078,42.05214049075627,1.3097430303592081,0.017003002228160556,6.8415274424772386e-06,0.1440670444018755,0.008773011340290987,13728.0,0.0,0.05824324336496171,0.00020152215001959835,0.2574497412607385,0.010345595717383405,13688.0,0.0,0.09886795268798321,0.0003293897208597264,0.2970280311116835,0.01054567805810088,13638.0,0.0
street00,street,persistent_yaw_mismatch,low,3,0,False,,,,,,,,,,,,,,,,,,,,,,,,,,,,,,,,,,,,,,,,,,,,,,,,,,,,,,,,,,,,
street00,street,persistent_yaw_mismatch,medium,3,1,True,13738.0,0.0,1373.8000000799657,0.0,96820.1,0.0,98193.8,0.0,0.2548869245309452,0.0,0.514665780304872,0.0,0.5870557752093308,0.0,0.2370153388776117,0.0,0.6310555229851137,0.0,1.5960835374597326,0.0,0.029130436121437123,0.0,0.05588828740583259,0.0,0.013808924385351007,0.0,0.02804160602390767,0.0,-0.0002542593784764663,0.0,0.8740793572992579,0.0,0.0011698267263141,0.0,-20.013503685460257,0.0,-20.014673512186572,0.0,18.82398850393674,0.0,20.01483364510456,0.0,0.017329148812103085,0.0,0.15522569568689362,0.0,13728.0,0.0,0.059957431931415735,0.0,0.26197864188691194,0.0,13688.0,0.0,0.10300134762510459,0.0,0.2972766105470923,0.0,13638.0,0.0
street00,street,speed,high,3,3,True,1314.0,0.0,131.4000000076485,0.0,96825.0,0.0,98049.60000000002,1.7822383544867465e-11,0.24271614060545463,0.0007774661939267899,0.49589879144733695,0.002745761209576696,0.5787562725292464,0.005314710958490688,0.23433910811671077,0.018539225450141035,0.5392988562710594,0.02719026165276524,1.241571593063573,0.15144101124250753,0.030279547766855392,0.0003116585172636116,0.057607229178150386,0.0005251972890635058,0.011124529989761546,0.0004418205589007617,0.023808995696405526,0.0010143323954715934,-0.0003570428446668923,0.00022395066514775748,1.227422886285478,0.7698856759268425,-0.04832045965423864,0.11204553071692239,-30.770318579929846,11.519751047296372,-30.721998120275604,11.429784998938382,25.861960620854607,9.723169652913283,30.779675956435586,11.516522503034547,0.018264648846549134,0.0002140453244733609,0.13927576751878953,0.004450485252463961,1314.0,0.0,0.05695755159857884,4.78419102493142e-05,0.24042949793374535,0.00628365691304598,1314.0,0.0,0.09658932237738148,0.0007215701106972152,0.2892777992784595,0.010941372265498255,1314.0,0.0
street00,street,speed,low,3,3,True,7016.0,0.0,701.6000000408385,0.0,96820.10000000002,1.7822383544867465e-11,98193.8,0.0,0.27409430003603313,0.0004450103968930862,0.5291692563850726,0.003632992735159634,0.5889705443514197,0.0018650177175529253,0.2230885946972155,0.0036442880543933955,0.6730373391118887,0.03800817545698302,1.476461061180932,0.10860932838581223,0.02834565171156851,0.00020374987759440072,0.0557610950127127,0.0007874328954939861,0.014097623466162465,0.0004601105532623528,0.028912517242133586,0.0011884040089867706,-0.0004549622258574377,0.00014343170516183682,1.5640449227705344,0.49308188124828206,0.0011698267263141,0.0,-34.70592822232427,12.757672886595346,-34.70709804905058,12.757672886595344,33.463077302324,12.095999592745267,34.7063715422057,12.756907060069716,0.016773183251302146,0.00019245642394690466,0.1471769749605855,0.00905433353790704,7006.0,0.0,0.055474650103348545,0.0010915988409535404,0.2614353715585639,0.007588850554578902,6966.0,0.0,0.09373677628001587,0.0025905620505658903,0.2961625906647298,0.0063067635270159204,6916.0,0.0
street00,street,speed,medium,3,3,True,5408.0,0.0,540.8000000314787,0.0,96824.7,0.0,98168.3,0.0,0.23489986120109885,0.0010374946024546427,0.4938197294610061,0.0004733918396251933,0.5766999520152443,0.004224220093053716,0.22582199684421403,0.019566596398030607,0.6045467841870354,0.039541512401865354,1.259844382390643,0.10149398046275422,0.030356329351374514,0.00015485896357760945,0.05656984212776773,0.0004688942614384463,0.014958292763249397,0.0003841875036722641,0.030687566846609088,0.0009081474658011966,-0.00044307653467883374,0.00017449156992341335,1.5231849263027424,0.5998578310334086,-0.048861539147256106,0.09543462148976808,-33.80018394146846,12.24069818645593,-33.7513224023212,12.162273834295817,30.471212552369142,11.465103044016024,33.81619412724858,12.232246213146446,0.017255635347796918,0.0001949788247229355,0.15064425457389763,0.00997053791237002,5408.0,0.0,0.06326822672515531,0.0011571172679263905,0.26027233057299903,0.008390810934020755,5408.0,0.0,0.10880128905593933,0.0027186069532692384,0.3002268537583843,0.009465048744611609,5408.0,0.0
street00,street,turning,high,3,3,True,4196.0,0.0,419.60000002442393,0.0,96827.0,0.0,98169.39999999998,1.7822383544867465e-11,0.2668998177589654,0.0007366619296255593,0.5271652793095206,0.0038614905993010224,0.5889705443514197,0.0018650177175529253,0.31353054488319637,0.017247195544420807,0.8129578226125251,0.039342724039632154,1.467657374655058,0.12028971026245057,0.03415784825228022,0.00039976761318702734,0.06460482487455009,0.00016844144746403668,0.023527947560173092,0.0005519400786905981,0.051664524711668484,0.0005550495738634721,-0.00035717651799344334,0.0003683406413240137,1.3452886199561656,1.0725016213855234,-0.22388725406436424,0.20623438825642126,-33.716998896918476,12.219075065033616,-33.49311164285411,12.053911995983531,31.46652301419229,11.563418636076907,33.95577845521674,12.228105027148239,0.019418742202147975,0.00019789015777007578,0.23252007198205651,0.017631766830273614,4196.0,0.0,0.07311232005452632,0.0012611777461478222,0.36740094283158503,0.019465360528637465,4196.0,0.0,0.12632928381064087,0.0031807569522346564,0.40242790252924654,0.015694374042536333,4196.0,0.0
street00,street,turning,low,3,3,True,4940.0,0.0,494.0000000287546,0.0,96820.10000000002,1.7822383544867465e-11,98193.8,0.0,0.23771489128636603,0.0007101716356976816,0.5011564348914531,0.0017819808724607012,0.5882608753970885,0.001687407780437427,0.1897640258314588,0.0056547323346917925,0.5205086086606899,0.037330517372185366,1.043213397546802,0.2971383634713301,0.024044246565843252,0.00011812809751256389,0.04785604773399727,0.000312585084793658,0.005489581323750947,0.0003559109434848557,0.008435524895321527,0.0011719904650686391,-0.0004797175095744652,0.00018376372177028656,1.6491473194286108,0.6317331411032246,0.0011698267263141,0.0,-34.70592822232427,12.757672886595346,-34.70709804905058,12.757672886595344,33.70156447999102,12.187835516416621,34.7063715422057,12.756907060069716,0.015461246809624582,0.00021588770997370965,0.10691364867601123,0.004485995550987747,4930.0,0.0,0.04981497161237571,0.0009074152942563643,0.20541556507470263,0.004485969547716124,4890.0,0.0,0.08441132577942635,0.0021521360419067747,0.24737619626555193,0.007049438491236797,4840.0,0.0
street00,street,turning,medium,3,3,True,4602.0,0.0,460.20000002678717,0.0,96824.10000000002,1.7822383544867465e-11,98170.89999999998,1.7822383544867465e-11,0.2646870640835836,0.0006043260347295711,0.5197430463897565,0.00248891127536645,0.5880949151011462,0.001959764695161011,0.1828222671571562,0.0137982486090949,0.48917068378967477,0.01075145823126222,0.9017849523915539,0.08501578043925072,0.02975198702342091,0.00012578581868067943,0.05840373045454419,0.0007198642685268973,0.008006065797322104,0.0005300149270312871,0.013126552708369288,0.0013854952321577377,-0.00047562147050257843,3.634826739568432e-05,1.6350661743362231,0.12495613886314139,-0.052209484657516105,0.06474100985484209,-33.829398217853445,12.24422203483593,-33.77718873319593,12.187359669721962,31.96754168569964,11.663042824666407,33.82945758699942,12.244119375939523,0.01653927246043603,0.0002038226139478403,0.1143146162146339,0.00606227029450188,4602.0,0.0,0.0527076660915479,0.000838098049899536,0.2169794552290416,0.003993124442072649,4602.0,0.0,0.08795318258921801,0.0017626994407675845,0.25339201683540175,0.006611160980189423,4602.0,0.0
street00,street,wheel_imu_disagreement,high,3,3,True,1816.0,0.0,181.6000000105705,0.0,96822.7,0.0,98171.60000000002,1.7822383544867465e-11,0.2811138905468831,0.0006364599250953801,0.5239563460539863,0.0028165675166654932,0.58081290935941,0.0013573769286272823,0.26523613880971725,0.016748767308071833,0.7199627960264522,0.01763119161924769,1.467657374655058,0.12028971026245057,0.0409594146942128,0.0005705702756465313,0.07909850019495925,0.0003503320924544816,0.02403960425489647,0.0004442762825789375,0.05469556230430802,0.00046128096565257716,-0.0011666274978796608,0.00034781333798398215,4.0105699135447175,1.195694179490365,-0.010544414276633168,0.013508795739323249,-33.865549911681434,12.259064115039063,-33.8550054974048,12.245580287109957,31.535667057938024,11.562081521584485,33.88816676969188,12.254988658731332,0.019810850094457863,0.00014785139274223482,0.19012967073806653,0.012611588194694063,1816.0,0.0,0.06468790234086502,0.000614259838128016,0.3104625705350081,0.012198105632816366,1816.0,0.0,0.11157321256124346,0.0020642130026409192,0.35302227270490055,0.011411625464504973,1816.0,0.0
street00,street,wheel_imu_disagreement,low,3,3,True,6619.0,0.0,661.9000000385277,0.0,96820.10000000002,1.7822383544867465e-11,98193.8,0.0,0.24693718567650455,0.0006976374961446735,0.5158112886346932,0.0025826158402558804,0.5883977711800976,0.0015072473462788155,0.21702786610287314,0.004866149798623189,0.6110218671432747,0.021590667754516377,1.3923969800135747,0.06035887717382437,0.026431745790523636,0.00013219607436034978,0.05279978557179368,0.000512056282988791,0.010880022188743418,0.00044916094122410906,0.02128695665548237,0.0011811650377580056,-0.00029184392196252094,9.346791843628876e-05,1.003285500299868,0.3213190347763417,0.0011698267263141,0.0,-34.70592822232427,12.757672886595346,-34.70709804905058,12.757672886595344,33.25634438671697,12.047666156113811,34.7063715422057,12.756907060069716,0.016282115030056776,0.00022975969702111016,0.13320098072840927,0.007416248363916186,6609.0,0.0,0.05613056005090422,0.0010873108515128526,0.24312701219633134,0.006063626783282146,6569.0,0.0,0.0961968580208999,0.002413667941345911,0.28511015221835506,0.006022819192659289,6519.0,0.0
street00,street,wheel_imu_disagreement,medium,3,3,True,5303.0,0.0,530.3000000308675,0.0,96822.8,0.0,98171.8,0.0,0.25784141240014996,0.0006656518452855397,0.5185844068545372,0.0022676737916223805,0.5889705443514197,0.0018650177175529253,0.22179525807678058,0.015780979765641405,0.6095634148378799,0.027366861804979718,1.400039555315059,0.11119359540988417,0.02798920223435486,0.0001208257314996641,0.05426934248146905,0.00041272294606338353,0.013270622090698075,0.00044479395722220213,0.027300876192748524,0.0010244876572413672,-0.00037846817243670036,0.00018722553522211482,1.3010777376391445,0.6436339791183071,-0.014535995170614035,0.012770563203655036,-33.87275828742013,12.257382807785694,-33.85822229224952,12.24461781301548,32.02139542704425,11.636931492229744,33.96084803150503,12.214447585021288,0.017123236748812953,0.00015691296530120083,0.15146400341972543,0.009644031843434707,5303.0,0.0,0.059940559571631045,0.0010440223094971856,0.26093429211604774,0.008772241676628446,5303.0,0.0,0.10102080701306822,0.00251471088222913,0.2927167265455313,0.008432458599234333,5303.0,0.0
street01,street,acceleration,high,3,3,True,4977.0,0.0,497.70000002896995,0.0,109721.7,0.0,110953.8,0.0,0.35404424105012455,0.0005630586306346108,0.7802384156518117,0.0013122784503130384,0.9072669431108249,0.015930377829797872,0.3285524756481498,0.036873825479297725,0.7574618907126248,0.05522979404943451,3.1735249732198914,0.19568825205374404,0.03809526736136972,0.0004194368262446076,0.07214222699403759,0.001349577823203027,0.05009570177627121,0.000103766278455859,0.12086801292995603,0.0002937418482279623,-0.0007017611758882188,0.0002761477071526905,2.4124772162719657,0.9493258885238268,-0.0272611787178951,0.03937055086454629,-13.161503954435867,7.420000942014212,-13.134242775717972,7.392755334410753,13.758995999572155,6.446199531510513,16.915878656302137,6.629165371714934,0.035053243154658284,0.001099797552259094,0.12869256555078853,0.003063168302714018,4977.0,0.0,0.10622390724872315,0.0019306173426227118,0.24152357482114709,0.013359128874809018,4977.0,0.0,0.17304557689977726,0.004146431404634328,0.29136533386604896,0.017491265711711217,4977.0,0.0
street01,street,acceleration,low,3,3,True,3597.0,0.0,359.7000000209373,0.0,109719.3,0.0,110967.5,0.0,0.3223129948568037,0.0005077681556679581,0.7347385647846871,0.005780816325332648,0.9065915417012173,0.015980371771580952,0.34742001235999526,0.027723862334299534,0.8668246386065773,0.12123253494945017,3.170034425223746,0.17948467642631788,0.03158354472929217,0.0005061194869487584,0.05976020457843928,0.0004763364739629569,0.049192452993683966,0.00012917459573501914,0.12280630059540239,0.0010429571238279403,0.000934612774583888,0.00016322795289864506,3.2129620477601137,0.5611363679791532,0.0004450200499207001,6.639355251516202e-20,-13.965127336516,7.919514549693107,-13.965572356565922,7.919514549693106,13.918377490217972,6.638985959500013,15.162348770013587,6.44970623361573,0.04085449235048095,0.0009843544572736645,0.1415450825929885,0.005800708289947429,3587.0,0.0,0.09749621342338954,0.0037543957301505566,0.2538337804649686,0.019094465775740702,3547.0,0.0,0.16136292864250648,0.004535960202216594,0.31385655468969853,0.028927192084376385,3497.0,0.0
street01,street,acceleration,medium,3,3,True,3909.0,0.0,390.9000000227534,0.0,109722.3,0.0,110954.0,0.0,0.3408583702957655,0.000835812004071925,0.7606450766163958,0.0030882515911886737,0.9068107164371261,0.01591132607431912,0.32965785119042496,0.03449243196187219,0.7571191316852189,0.05257184198275045,3.1600270901176195,0.18847567623033368,0.03402757077324731,0.00039197115195049783,0.06443563889091208,0.001173606917928233,0.05093184109329765,0.0001273809772626452,0.12470156960189331,9.727486295609205e-05,-0.0005900514971771345,5.251223194187119e-05,2.028447629017513,0.18052375578487748,-0.0810612643158512,0.06474997737126253,-13.17936109794172,7.426838570226726,-13.098299833625871,7.391627257920652,13.775395543135579,6.464053106382175,15.343753104644401,6.529762648919473,0.03653065823837954,0.003177601355231688,0.13266968510169924,0.0021826423277805395,3909.0,0.0,0.09632066359702285,0.00329449419438592,0.24232685010113988,0.010168848224671498,3909.0,0.0,0.16069789574234497,0.005189515299314955,0.28598382792236154,0.016459505528631447,3909.0,0.0
street01,street,curvature,high,3,3,True,2358.0,0.0,235.80000001372537,0.0,109721.89999999998,1.7822383544867465e-11,110953.60000000002,1.7822383544867465e-11,0.3402974962649037,0.0013927690963761426,0.7858998112344638,0.0018657309312152689,0.9068107164371261,0.01591132607431912,0.37792322962705444,0.015486411481567581,0.9315933687395681,0.04295225437849802,1.9346552660019247,0.22725994208064815,0.04096383414651938,0.0006154777473986108,0.07684808652848003,0.0007297026124239421,0.107251409858352,0.00014938864202916058,0.24501520926132814,0.0015533688976711133,-0.004225279484745832,0.00026875345292858634,14.525440904348836,0.9239063149425504,-0.06808440697045202,0.05018297337659017,-13.160782723589733,7.41978849128391,-13.092698316619279,7.390651417656086,13.784747873393869,6.456755242124728,16.915878656302137,6.629165371714934,0.031940464347117885,0.0013102263189614363,0.27636605657729924,0.007803833371412398,2358.0,0.0,0.10812521058519309,0.0019455909601548416,0.37460914000442314,0.012832629114193932,2358.0,0.0,0.17716480178394134,0.004565413479604486,0.39019344587763233,0.01757648267818994,2358.0,0.0
street01,street,curvature,low,3,3,True,5371.0,0.0,537.1000000312633,0.0,109722.3,0.0,110953.39999999998,1.7822383544867465e-11,0.3432883120661597,0.0003928874010796355,0.7558940513106746,0.005346176241789288,0.9065915417012173,0.015980371771580952,0.3253534342409619,0.04081915079783789,0.6952927933966045,0.05483529920194751,3.1786734906916254,0.19157099162334798,0.03233165212277162,0.0004226686039782731,0.06391481030732386,0.0008211279022044284,0.017422493146783322,0.00016399266583760444,0.020768142033678716,0.000492884181116402,0.0005829076442609578,0.00017082745413159704,2.003888871723964,0.5872615288023102,-0.0810612643158512,0.06474997737126253,-13.164071292366778,7.4241824270626156,-13.083010028050927,7.388915393353729,13.80530883469337,6.471384744331416,14.6195904741148,6.729154499944313,0.03840069207302602,0.0008382808145405551,0.09673226354217988,0.0025704929257038683,5371.0,0.0,0.10028690738311785,0.0028257953942895687,0.21053914323654133,0.010402743171112314,5371.0,0.0,0.16351463714554704,0.005272182186582215,0.26823444950281666,0.017156749269685603,5371.0,0.0
street01,street,curvature,medium,3,3,True,4521.0,0.0,452.1000000263157,0.0,109721.8,0.0,110953.2,0.0,0.3487184418773417,0.0005807072097070903,0.7596368546840546,0.0038951460419626898,0.9072669431108249,0.015930377829797872,0.31330758069934667,0.037539899389705846,0.70489034266317,0.06137579735794898,2.5701403436859587,0.5375650116364297,0.03566111457991498,0.0004426117325961226,0.06518122864266224,0.001554611839737663,0.023367305858059417,0.00025061040789767854,0.029861438243339367,0.0002515239535175739,0.001014751765060492,0.00021314115619723678,3.488459603485024,0.7327253214384191,-0.0245375176115582,0.04977844875768702,-13.120216397606045,7.423469172263721,-13.095678879994486,7.389730477397274,13.687746113947048,6.454162299242364,15.16319330432635,6.388861198631724,0.03921518325089793,0.0026251291932393103,0.10185540307398457,0.0015857806878186891,4521.0,0.0,0.09739316048445464,0.002394774978666153,0.20791234007868373,0.011594712628271565,4521.0,0.0,0.1602598386861799,0.003994210733076664,0.2634365607902828,0.020107819732159908,4521.0,0.0
street01,street,elapsed_time,early,3,3,True,4161.0,0.0,416.1000000242202,0.0,109719.3,0.0,110135.3,0.0,0.35030351395287934,0.0016362311501455088,0.6311877628086277,0.0006427003325931443,0.658904802451571,0.002337827320572359,0.37062246602726745,0.04541547065247153,0.8220411396069406,0.06255482792461325,1.5764336716655472,0.08814833332415632,0.03436248276920976,0.00037862072789081645,0.0696470700204372,0.0005357904506750791,0.04664866086946071,0.00015034973011909046,0.10842966350416343,0.0001520495393013685,-0.00022165619143489092,0.0001276364635483787,0.7619978563297848,0.4387818403978485,0.0004450200499207001,6.639355251516202e-20,-5.284455133954658,3.0429520633362053,-5.28490015400458,3.0429520633362053,4.951304011639737,2.9212978297257224,6.107737031507732,2.941584371621105,0.030426305558293162,0.002354470623420561,0.11834002197851407,0.0029284647647813983,4161.0,0.0,0.09600998654667826,0.005926751685907813,0.21136010977531708,0.009808669678430788,4161.0,0.0,0.16713889250859407,0.010297769535081224,0.2592591279891388,0.01868342934909381,4161.0,0.0
street01,street,elapsed_time,late,3,3,True,4161.0,0.0,416.1000000242202,0.0,110551.5,0.0,110967.5,0.0,0.37235705932717966,0.0020922577567124194,0.8234345276118651,0.003614229684841792,0.9072669431108249,0.015930377829797872,0.34333876444629435,0.03542598791777398,0.7860327517087166,0.10867230088116349,3.1786734906916254,0.19157099162334798,0.0306407401764896,0.0004623406728436516,0.0607233544966826,0.000938104485743063,0.05299830612971171,9.808690094092365e-05,0.13297068203488985,0.00019875356062989532,-6.494151863188696e-05,0.00011456005352934,0.3658633515372334,0.17052676822156432,-12.510824294433796,5.140765435041868,-13.965127336516,7.919514549693107,-1.454303042082205,2.7790106616411365,14.0354571503081,6.588139577997419,16.915878656302137,6.629165371714934,0.04959559405239363,0.0011127018473639726,0.14220854739002775,0.005432145663527974,4151.0,0.0,0.1258108988539112,0.0022648351521869494,0.28124059392889283,0.020349665911679436,4111.0,0.0,0.19943998302123914,0.003109797352859744,0.3387526593423911,0.023695550991078198,4061.0,0.0
street01,street,elapsed_time,middle,3,3,True,4161.0,0.0,416.1000000242202,0.0,110135.39999999998,1.7822383544867465e-11,110551.39999999998,1.7822383544867465e-11,0.2996545912699387,0.0014702975483700438,0.6059518766399531,0.0033872988156261235,0.6775720018903822,0.004769554924754248,0.2890447767514119,0.02635245466943412,0.7133478534626061,0.04655642918247705,1.6714275212226688,0.05147276944050955,0.039576240416720566,0.0004666293283870154,0.06838716116423403,0.0012161492248610102,0.050454435816082076,0.00010928641917718405,0.12381020436684294,0.0005822519512794617,-0.00029916881833573044,9.046099234713193e-05,1.0284666391532034,0.3109819843233539,-5.2816004420501566,3.0553079814877186,-12.416871276897282,5.18950596947137,-7.135270834847127,2.144203117675952,12.030576326559997,4.903216168573539,13.931847007001272,5.051837860509588,0.02803407290768439,0.00027100951164143886,0.1403774086520703,0.0025585603213872372,4161.0,0.0,0.07378509912472338,0.0028980417802706884,0.24369560437939808,0.011663312204180905,4161.0,0.0,0.12312588149122343,0.0037313610130244573,0.29106960841082813,0.01963467688376621,4161.0,0.0
street01,street,environment,building,3,0,False,,,,,,,,,,,,,,,,,,,,,,,,,,,,,,,,,,,,,,,,,,,,,,,,,,,,,,,,,,,,
street01,street,environment,parking,3,0,False,,,,,,,,,,,,,,,,,,,,,,,,,,,,,,,,,,,,,,,,,,,,,,,,,,,,,,,,,,,,
street01,street,environment,playground,3,0,False,,,,,,,,,,,,,,,,,,,,,,,,,,,,,,,,,,,,,,,,,,,,,,,,,,,,,,,,,,,,
street01,street,environment,street,3,3,True,12483.0,0.0,1248.3000000726606,0.0,109719.3,0.0,110967.5,0.0,0.34077172151666585,0.0006225850648794782,0.7608475445672109,0.003878903787421254,0.9072669431108249,0.015930377829797872,0.33433533574165786,0.033248290203849125,0.7844750374569776,0.06437569209726138,3.1786734906916254,0.19157099162334798,0.035051982855070954,0.0004316925537120117,0.06631723614409558,0.0007753229477139558,0.05010179758802651,0.00011659502334279165,0.12274326899399356,0.0005471475453565783,-0.00019525550946750277,0.00011072787314243079,0.6712389971498759,0.38065438833127585,0.0004450200499207001,6.639355251516202e-20,-13.965127336516,7.919514549693107,-13.965572356565922,7.919514549693106,13.812912103819047,6.490339003896594,16.915878656302137,6.629165371714934,0.03729068612498554,0.0008962159781365131,0.1336351245947139,0.0035680565527132463,12473.0,0.0,0.10074278536475208,0.001922889209562907,0.24528809685831646,0.013692709505590489,12433.0,0.0,0.1659571748486063,0.004410261699101121,0.29601812337476485,0.020216742374676883,12383.0,0.0
street01,street,persistent_yaw_mismatch,high,3,1,True,12483.0,0.0,1248.3000000726606,0.0,109719.3,0.0,110967.5,0.0,0.3400701981896611,0.0,0.7582250710328895,0.0,0.9182844942920596,0.0,0.30079618648892587,0.0,0.7247090487728951,0.0,2.996103779172288,0.0,0.0345827935703156,0.0,0.06546165058389293,0.0,0.049981558880053865,0.0,0.12226288709789511,0.0,-0.0002893042943036205,0.0,0.9945549035164869,0.0,0.0004450200499207,0.0,-20.691714768864816,0.0,-20.692159788914736,0.0,19.914025439952198,0.0,23.06807194776955,0.0,0.03727960607714106,0.0,0.13234589821407508,0.0,12473.0,0.0,0.09953832376520447,0.0,0.24034051385254498,0.0,12433.0,0.0,0.1615682441542301,0.0,0.2857704318232244,0.0,12383.0,0.0
street01,street,persistent_yaw_mismatch,low,3,1,True,12483.0,0.0,1248.3000000726606,0.0,109719.3,0.0,110967.5,0.0,0.3412585380560901,0.0,0.7590142831210779,0.0,0.9145150132226832,0.0,0.36728492588197176,0.0,0.7760794518820207,0.0,3.3781279824789814,0.0,0.035432366805127444,0.0,0.06697329562157388,0.0,0.05021437062917692,0.0,0.12262807935476291,0.0,-7.321924169771396e-05,0.0,0.25170921170563815,0.0,0.0004450200499207,0.0,-5.236810149840645,0.0,-5.237255169890566,0.0,6.993162892216774,0.0,9.89532744702458,0.0,0.03819239075648387,0.0,0.13089086642896824,0.0,12473.0,0.0,0.10296039757573033,0.0,0.2347568370193105,0.0,12433.0,0.0,0.17038846244499753,0.0,0.28297729778982994,0.0,12383.0,0.0
street01,street,persistent_yaw_mismatch,medium,3,1,True,12483.0,0.0,1248.3000000726606,0.0,109719.3,0.0,110967.5,0.0,0.34098642830424647,0.0,0.7653032795476656,0.0,0.889001321817732,0.0,0.33492489485407606,0.0,0.8526366117160167,0.0,3.161788710423607,0.0,0.035140788189769824,0.0,0.06651676222681996,0.0,0.05010946325484874,0.0,0.12333884052932263,0.0,-0.00022324299240117392,0.0,0.7674528762275025,0.0,0.0004450200499207,0.0,-15.966857090842543,0.0,-15.967302110892463,0.0,14.531547979288169,0.0,17.78423657411229,0.0,0.036400061541331685,0.0,0.13766860914109846,0.0,12473.0,0.0,0.09972963475332144,0.0,0.2607669397030939,0.0,12433.0,0.0,0.16591481794659135,0.0,0.3193066405112402,0.0,12383.0,0.0
street01,street,speed,high,3,3,True,4676.0,0.0,467.6000000272179,0.0,109753.5,0.0,110941.3,0.0,0.34445058120208505,0.0010269863564039594,0.772133427239634,0.004666699486559835,0.9072669431108249,0.015930377829797872,0.36660094887124633,0.026088939633696767,0.8655794042483184,0.08420199722238646,3.1009264853712946,0.2414511777721514,0.03541734262487442,0.0003441352177910233,0.06922030999946092,0.0013560454591550776,0.061161232457127714,0.00010105076322300331,0.15598606054360672,0.0004099962953682711,0.00021732394269786755,1.313868497487408e-05,0.7471046822238453,0.045167471844734026,-0.5011541375307315,0.5818359896011284,-12.994760131105453,7.299829616321418,-12.493605993574723,6.724510440642019,13.647462602145689,6.4092345229414756,16.080319045126505,5.975351371314607,0.029691989419563372,0.0009664988733085702,0.14458465784284366,0.00273370671602959,4676.0,0.0,0.09176516815075614,0.0034326567371970383,0.23701126550622087,0.01171470537727647,4676.0,0.0,0.16264470189485222,0.006671265102867658,0.28900436813616004,0.0173457949666262,4676.0,0.0
street01,street,speed,low,3,3,True,3542.0,0.0,354.20000002061715,0.0,109719.3,0.0,110967.5,0.0,0.30285123112460466,0.00058999663021969,0.7422434518206843,0.0068333559074137094,0.8891852846325733,0.017106462932772338,0.31793087887181604,0.04487827027056329,0.7876227932871283,0.07974165139991524,2.3273503495671783,0.7354231030550897,0.03575029785933794,0.000411862295047338,0.061228691336388315,0.0009882083260409481,0.03547999077527239,0.00013658296240603423,0.06987880089630674,0.00043548241144529407,-0.000987872979587029,0.00023905534431413404,3.3960571455210045,0.8218117379547961,0.0004450200499207001,6.639355251516202e-20,-13.965127336516,7.919514549693107,-13.965572356565922,7.919514549693106,13.966235121202667,6.626751076067248,16.48926960837258,6.947228609166366,0.04779498322381232,0.005917230298570789,0.12686714234875918,0.008565407032727611,3532.0,0.0,0.13007569153577214,0.0004045284897244709,0.28088436037446085,0.022431674003572846,3492.0,0.0,0.19477967911326818,0.0016208876868902492,0.3280470664252882,0.031005796764907608,3442.0,0.0
street01,street,speed,medium,3,3,True,4265.0,0.0,426.50000002482557,0.0,109751.39999999998,1.7822383544867465e-11,110951.8,0.0,0.3682305794485911,0.0010116571345319355,0.7596189836848922,0.004708128861624937,0.9052191729592062,0.01602892583829738,0.3125840061376776,0.03223837631694104,0.6784383696183238,0.04376532599042506,3.1728561518760343,0.18673915909987723,0.034048878542753826,0.0005611154693370558,0.06674671589086441,0.0008519914483862456,0.046907686136148034,0.00014236199392942236,0.11517552137374869,0.00024321731469828598,1.065997959183825e-05,0.00014497179835348215,0.3405005893060537,0.2765545498952661,-0.4390699795825153,0.5890519135898643,-13.080821387866854,7.407677392253244,-12.641751408284337,6.82948614208247,13.685193952358228,6.4422117298221515,16.716501432319156,6.947251355081539,0.033190410807020884,0.011516166705302576,0.12723524084898297,0.0007362377253266829,4265.0,0.0,0.0805114462576435,0.005027223277728782,0.22521782984870867,0.009059298165949851,4265.0,0.0,0.14257907429253727,0.005348002958838918,0.27785931857190765,0.01772470139809207,4265.0,0.0
street01,street,turning,high,3,3,True,2460.0,0.0,246.00000001431908,0.0,109723.3,0.0,110952.0,0.0,0.34482970251868705,0.0013457954254624993,0.7829749551189876,0.002146196954109501,0.9068107164371261,0.01591132607431912,0.39591316934151033,0.015606151056815412,0.9968146475709947,0.0670083480268326,1.9346552660019247,0.22725994208064815,0.0406402843385942,0.0006226957860912721,0.07684286626366262,0.0015818573200767608,0.10619485128459362,0.00015075201410608767,0.2420027899245419,0.0003293182125659345,-0.004253653531268753,0.0002689754086651886,14.62298369115711,0.9246693425593119,-0.12262372625809866,0.10402322621370261,-13.133900655539966,7.410877132646496,-13.011276929281864,7.359369403795664,13.821105321506623,6.5114087717395215,16.915878656302137,6.629165371714934,0.03235058596865644,0.0009648044874624953,0.2777365534702357,0.0076243113687013515,2460.0,0.0,0.10303814370363995,0.002153136270388777,0.3799130568677383,0.013030462455671972,2460.0,0.0,0.17220029349062416,0.004918320693377109,0.4070160041823365,0.02097362899271181,2460.0,0.0
street01,street,turning,low,3,3,True,5240.0,0.0,524.0000000305008,0.0,109719.3,0.0,110967.5,0.0,0.33053530664037106,0.0005433021235084055,0.7497006828361622,0.004745068696781918,0.9056966616588144,0.016076273095967278,0.3248325353143869,0.03983860436921018,0.7212869980959438,0.09774193701786851,3.1786734906916254,0.19157099162334798,0.03150501315350406,0.0004098831467084383,0.06273510457637409,0.0011731949497250061,0.01562844030669291,0.00016382978076577033,0.018616928243136505,0.0005757341295818455,0.00039851415935461505,0.00021021892763833558,1.3699907644334026,0.7226794396465609,0.0004450200499207001,6.639355251516202e-20,-13.965127336516,7.919514549693107,-13.965572356565922,7.919514549693106,13.886782412802097,6.559747733432496,14.816091116999075,6.72874644619109,0.03854733881884779,0.0009753507029177113,0.09501507005727709,0.004354577975241824,5230.0,0.0,0.10576355057821206,0.0020137276358915697,0.2185687764929698,0.01594285684516361,5190.0,0.0,0.16977061113290123,0.005113542684217971,0.2763763716565391,0.021130851758949486,5140.0,0.0
street01,street,turning,medium,3,3,True,4783.0,0.0,478.3000000278407,0.0,109721.89999999998,1.7822383544867465e-11,110957.3,0.0,0.34989908523960406,0.0004168566087601775,0.7615473009133177,0.0039082080605542325,0.9072669431108249,0.015930377829797872,0.3130752904945876,0.0367233723207824,0.6857030728020118,0.055127999248667896,3.1612535203295686,0.17913905563875074,0.03563234901343549,0.0004316321308355842,0.06538942527646804,0.0011881838978833848,0.021987487570528517,0.0002586832997761188,0.027815022226422913,0.0006265041481215387,0.001241563656119613,0.00018481634761280044,4.268181449549143,0.6353518021941715,-0.06808440697045202,0.05018297337659017,-13.351689576039893,7.549941032540299,-13.283605169069439,7.519823306564473,13.677183450599868,6.452402887552682,14.980022746210253,6.679039750382303,0.038189969920685594,0.0028038750212843657,0.1017499835110867,0.0015422003846496583,4783.0,0.0,0.09371778124497954,0.0018778152383884489,0.2050405265202382,0.01172632110436774,4783.0,0.0,0.1583558383280902,0.0038935484006344186,0.2600373199135592,0.01894998911962482,4783.0,0.0
street01,street,wheel_imu_disagreement,high,3,3,True,4946.0,0.0,494.6000000287895,0.0,109721.7,0.0,110957.5,0.0,0.3558975131967286,0.0005505275109731309,0.7829052986857099,0.0024163449701620275,0.9068107164371261,0.01591132607431912,0.3344152829179711,0.030637303632420433,0.7997836081963907,0.041085605976357444,3.1633112394440253,0.19798176667938172,0.041050075880252314,0.00046986929494036264,0.07598600047640496,0.001564437727638339,0.06748212351602513,0.00011928664711476055,0.17847692795718717,0.00020874322931532636,-0.002334267779820549,0.00013225438640271996,8.024621522225422,0.45465708977809477,-0.0272611787178951,0.03937055086454629,-13.374660361663217,7.551195332653375,-13.347399182945322,7.523250181183202,13.821675545305702,6.47149121020232,16.915878656302137,6.629165371714934,0.03848610100466956,0.0009613670337556471,0.16054338452344522,0.004079611312183557,4946.0,0.0,0.0977959825235198,0.0020562006527841694,0.2687628763450515,0.01160388911714267,4946.0,0.0,0.1640346967677558,0.004411169226931992,0.3090896304994408,0.020042573762575965,4946.0,0.0
street01,street,wheel_imu_disagreement,low,3,3,True,3579.0,0.0,357.9000000208325,0.0,109719.3,0.0,110967.5,0.0,0.31981386321055044,0.0007109358130256437,0.7328172479599543,0.0064584438975589875,0.9072669431108249,0.015930377829797872,0.3375406569996646,0.035568633407115954,0.7949827078481712,0.12949084165666266,3.1698324262283246,0.1944629616324299,0.029730822417891045,0.00036628152322189017,0.058286238050398655,0.0005111689232182488,0.03055848409710586,0.0001418650760448137,0.04168617508063712,0.00046236226730961565,0.0010030958121699655,0.00022336097251071495,3.4483893890751944,0.767858461968094,0.0004450200499207001,6.639355251516202e-20,-13.965127336516,7.919514549693107,-13.965572356565922,7.919514549693106,13.887894409710526,6.598993917260528,15.194331467653967,6.361081104113628,0.03668926342275336,0.004498853800108221,0.11250626309922147,0.005331089341597132,3569.0,0.0,0.1098269318765241,0.002831459722162905,0.2304632671841489,0.018926189826299514,3529.0,0.0,0.16773234002148227,0.0049055338127483574,0.2860951072474192,0.021429255734431316,3480.0,0.0
street01,street,wheel_imu_disagreement,medium,3,3,True,3958.0,0.0,395.8000000230386,0.0,109722.3,0.0,110957.60000000002,1.7822383544867465e-11,0.34082124380772133,0.0006500764410292352,0.7465049707397132,0.00564046288441623,0.8991869510892303,0.015075822204727902,0.33133703773345907,0.034986710704876876,0.7636495353093634,0.05593133282636566,3.170034425223746,0.17948467642631788,0.031143785552853177,0.00044670123687739864,0.060455894153953166,0.0005495991102381626,0.03717287909010162,0.00012814613355891609,0.07007373779391242,0.00029301308630955375,0.0013940965140356975,0.00010794185099308033,4.79255078928876,0.3710767496840116,-0.0810612643158512,0.06474997737126253,-13.379677571833858,7.557868697405839,-13.298616307518005,7.521302708518596,13.710049184677578,6.4674515095683285,15.167213869091668,6.851994327966358,0.03583566527194145,0.005754301562414015,0.11906227291960209,0.0014330775332884976,3958.0,0.0,0.0957409485030009,0.0034238383850062133,0.22917151388174886,0.011670588844137842,3958.0,0.0,0.16676200212632616,0.004661775355154109,0.28840640285025515,0.019467980512802657,3957.0,0.0
street02,street,acceleration,high,3,3,True,3764.0,0.0,376.40000002190936,0.0,111894.8,0.0,113264.0,0.0,0.37992842580678604,0.005416741790194871,0.8609899573220868,0.00332665226307531,0.9544122407149441,0.0026265872521644175,0.4896780739856536,0.029724964858249416,1.1100267329935338,0.03673282592750406,3.261741332509628,0.6394868706738112,0.042393889999894935,5.4090943356816314e-05,0.06529330570871629,0.00033706545384703417,0.05379916287354904,6.189107930604525e-05,0.14076333412279682,0.00020599238511223765,0.0006453362408777504,0.000127705266114639,2.2185025781479784,0.43901836619783124,-0.07330371701284107,0.12605085964786017,21.99605702347809,8.943383535947829,22.069360740490925,8.817349714830325,20.124395605433005,8.705685659822237,23.393557341299168,8.875890382868551,0.030580905543279486,0.0011054654765666643,0.15502727278330866,0.003936453565060499,3764.0,0.0,0.09145262581100426,0.0045250567512255405,0.2664129385044139,0.004784782244208051,3764.0,0.0,0.1562697052220476,0.005371327523147189,0.30715981332777703,0.0048342598830727595,3733.0,0.0
street02,street,acceleration,low,3,3,True,5018.0,0.0,501.8000000292086,0.0,111890.10000000002,1.7822383544867465e-11,113269.89999999998,1.7822383544867465e-11,0.3660814345706826,0.007411235147776388,0.8485105517279706,0.0015978761463901466,0.9549505407620064,0.0009681703494697495,0.5134758063749095,0.028725752046932666,1.1181292574601385,0.04130122313635994,3.6177075767633506,0.7139838281666749,0.0342502719835095,0.0002849582677285678,0.06103045773537197,0.0005338707606094165,0.04989472419654919,6.125733722285485e-05,0.12632059967145284,4.208311680059556e-05,0.0004074840159798906,0.00014793616415068094,1.4008268600813476,0.5085670705913142,-6.515660504831965e-07,1.2967490725617583e-22,21.889037598885306,9.176557774231265,21.889038250451353,9.176557774231265,20.10432498389955,8.723013932618793,22.86926753657845,8.947246965355117,0.035016608865075426,0.0018829692334795716,0.13111457393809986,0.0029410946485158703,5008.0,0.0,0.09751517158340882,0.002105370648566175,0.24482794529883542,0.002685891202722195,4970.0,0.0,0.164119948589089,0.005951542737564324,0.29136552003074806,0.00648252402568225,4961.0,0.0
street02,street,acceleration,medium,3,3,True,5017.0,0.0,501.7000000292028,0.0,111898.2,0.0,113266.5,0.0,0.3682648205496874,0.0063559528613560245,0.8489349714241744,0.001670802029805449,0.9526437988354473,0.0009321258090324709,0.4996805914768105,0.030187257353341615,1.0975889965107697,0.04034440656749943,3.356548321787311,0.45532349940281114,0.03601583432865391,0.00022091232819120325,0.06293835329512738,0.0004570200634444614,0.05148559004250849,7.954635163327301e-05,0.1320084466288487,0.0002049167309901669,-0.00013024569287213347,0.0001178132383084187,0.4477517100798239,0.4050120795504829,-0.19257329045352786,0.25940575026585466,21.98712758546286,9.054501881078926,22.179700875916392,8.79630242686724,20.12044684462539,8.743449896100872,23.199965315905374,8.897367633732538,0.03151754167923219,0.004308567345491457,0.1359572786307109,0.0034256330011513203,5017.0,0.0,0.09444607777118859,0.0025412162314756214,0.2521197586627541,0.00528183430323697,5015.0,0.0,0.15973161252061832,0.005859769452983142,0.29763930623622725,0.00642742174968557,5005.0,0.0
street02,street,curvature,high,3,3,True,2690.0,0.0,269.00000001565786,0.0,111897.8,0.0,113263.89999999998,1.7822383544867465e-11,0.34631412991996474,0.004328350016143898,0.8605791418812624,0.003697555350357792,0.9549505407620064,0.0009681703494697495,0.515458600551469,0.03965315394470189,1.238843103803849,0.08998558953168062,3.605803709703348,0.7198210037809953,0.05256614371573557,0.00010782425117417485,0.08933597245874492,0.000970713717635947,0.10985205366870054,7.714833430543556e-05,0.2363281893543899,2.740822036155542e-05,-0.002414456539923392,0.0001584856608446169,8.30029017332222,0.5448335687842986,-0.18836575998047755,0.25470478834335913,21.963844556460405,8.943442247786777,22.152210316440883,8.688872927939505,20.381401282839775,8.687026412158938,23.393557341299168,8.875890382868551,0.03651560568327467,0.008317861872849306,0.3073754774326704,0.01042708069649911,2690.0,0.0,0.10328999221995366,0.003411399366611953,0.4206791428401679,0.014893404656332437,2690.0,0.0,0.18211910000973933,0.0093406373582524,0.45485497069332453,0.012046163650714873,2668.0,0.0
street02,street,curvature,low,3,3,True,6280.0,0.0,628.0000000365544,0.0,111898.2,0.0,113263.3,0.0,0.3972641795138472,0.008682410925109098,0.848339524709759,0.0012049617313955546,0.952406057337396,0.0009148720798759336,0.5142465130551755,0.028123224827925904,1.0815749974274713,0.04825372438055609,3.3807010145225824,0.46037895747318186,0.030439131267421166,0.0002124040311574115,0.05402065060722322,0.0003186076464521565,0.01531652796929221,0.0001096264627486955,0.015373840323688015,0.0012985405885700698,0.0008738938439108033,6.947077519319997e-05,3.0042257399132013,0.23882293308434963,-0.19257329045352786,0.25940575026585466,21.98670821511338,8.943768852299042,22.17928150556691,8.685614583173086,19.90980517456076,8.693769504281795,21.995286682596312,8.9326568254862,0.03138133186740547,0.004533657200847577,0.09420676772512117,0.0021015021132097665,6280.0,0.0,0.09331278011380256,0.0018534569285714763,0.20005757497711274,0.0017309288437497826,6280.0,0.0,0.15787732805318686,0.004535988881443999,0.25081029388813775,0.0047469200700561345,6276.0,0.0
street02,street,curvature,medium,3,3,True,4690.0,0.0,469.0000000272994,0.0,111898.10000000002,1.7822383544867465e-11,113263.39999999998,1.7822383544867465e-11,0.35863678163137536,0.005083493876457408,0.8559911037831287,0.0030483912213523723,0.9530465452840269,0.004305777875649304,0.47779176157005593,0.027858916115155074,1.0319160415750854,0.032587894066801605,3.4170428880974626,0.5128642815064247,0.035427921389642854,0.0002556778939881004,0.06354677868075657,0.00021312484054041245,0.02421665619728856,0.00013837387817020546,0.029777297963543437,0.0010113474666444604,0.001038031957239654,0.0001809157205219051,3.5684910089721904,0.6219424340084101,-0.18695831677869598,0.2592925183950768,22.015030321994782,8.943850835277527,22.201988638773475,8.685484217853766,20.055850751971388,8.725462934758234,22.230784080005566,8.93276898018692,0.031678531180435,0.0024626251111502604,0.10643018141283478,0.0015224430110663476,4690.0,0.0,0.09243431012104462,0.003444373757422005,0.22671554203616565,0.00333424070059462,4690.0,0.0,0.15158003952484647,0.004925599087274009,0.2689126706466091,0.0048725686637578845,4676.0,0.0
street02,street,elapsed_time,early,3,3,True,4600.0,0.0,460.0000000267755,0.0,111890.10000000002,1.7822383544867465e-11,112350.0,0.0,0.22466906520700772,0.0016530420918151475,0.634542112752959,0.002071062494315766,0.8831759250282198,0.01045063691854658,0.44118588084302074,0.02080018511797892,0.8479692054575597,0.06018956806834598,2.152716755526036,0.3048725205852006,0.042071467976544936,0.00030672500954603653,0.06884090324553353,0.00011139396799424401,0.051736650272373556,7.62845289569319e-05,0.1314512630458922,0.0001314951518885853,0.00017782401699979506,0.00011474743949687572,0.6113139402090516,0.3944726395862247,-6.515660504831965e-07,1.2967490725617583e-22,4.686740208542201,3.024290237003756,4.686740860108251,3.0242902370037563,4.437705077939845,2.7201798725078383,6.56866343675668,2.8196034662033145,0.02641398209274339,0.0005718370230222285,0.13395188847145786,0.0027955114003197015,4600.0,0.0,0.08128203222100806,0.0027388860287555143,0.2662102654168514,0.0038881629044467585,4600.0,0.0,0.13999651945476566,0.005184580859689929,0.31722709023663725,0.0022486003230152074,4600.0,0.0
street02,street,elapsed_time,late,3,3,True,4600.0,0.0,460.0000000267755,0.0,112810.0,0.0,113269.89999999998,1.7822383544867465e-11,0.22696303930685544,0.00131580639187969,0.5424325663636965,0.002607811404738509,0.5956011979527497,0.005604242405127973,0.45667154057062537,0.03220278180764241,1.0315429086635928,0.07422141091832576,1.8669561150121583,0.19598211230724072,0.03804991075195117,9.01684929029106e-05,0.05921200502198184,0.0004406595123867289,0.05251488199237144,5.5874909330164844e-05,0.13482699415956942,9.193946469570958e-05,0.00034857945149690677,0.00013592397573486853,1.1983278837454765,0.4672722086547948,12.725261770550636,5.5985476434748565,21.889037598885306,9.176557774231265,9.16377582833467,3.582789668949906,20.95925912340093,8.882370346999448,23.393557341299168,8.875890382868551,0.027329759146265568,0.00033615399278671623,0.14992753131299083,0.0039382143863428195,4590.0,0.0,0.08156396062339206,0.002958770888023847,0.25037085484053306,0.0035706053387316726,4550.0,0.0,0.1383788758195328,0.005769141628195037,0.3061055974422688,0.014032235264284052,4500.0,0.0
street02,street,elapsed_time,middle,3,3,True,4599.0,0.0,459.9000000267697,0.0,112350.10000000002,1.7822383544867465e-11,112809.89999999998,1.7822383544867465e-11,0.6603879446284929,0.019308236612968953,0.9076912605332548,0.0019583984753668723,0.9555345312607111,0.001375102333647295,0.6080720277903201,0.03724506254975535,1.238572034026633,0.05372701161351293,3.64220475983117,0.703721960362857,0.03077938063726866,0.00034577194760868665,0.060891404127081196,0.0002605503266364105,0.05040989641248823,6.89620184384241e-05,0.1292149528240162,0.000554420144492688,0.0003041752134434923,9.939298012622252e-05,1.0456773577681855,0.3416878964676133,4.6932081246568815,3.0179476287275007,12.70185715630187,5.59920331036329,8.008649031644987,2.6250135018440672,12.391065013374636,5.436393880513323,14.129502712632446,5.525822411289423,0.04189523918125449,0.001808069174260497,0.1343544362325115,0.003524185683238818,4599.0,0.0,0.11683038935439066,0.0050875567613839455,0.24357450922322152,0.009058656983116599,4599.0,0.0,0.1956841770955361,0.0075709758434461755,0.2707233859879776,0.009537231376171858,4599.0,0.0
street02,street,environment,building,3,0,False,,,,,,,,,,,,,,,,,,,,,,,,,,,,,,,,,,,,,,,,,,,,,,,,,,,,,,,,,,,,
street02,street,environment,parking,3,0,False,,,,,,,,,,,,,,,,,,,,,,,,,,,,,,,,,,,,,,,,,,,,,,,,,,,,,,,,,,,,
street02,street,environment,playground,3,0,False,,,,,,,,,,,,,,,,,,,,,,,,,,,,,,,,,,,,,,,,,,,,,,,,,,,,,,,,,,,,
street02,street,environment,street,3,3,True,13799.0,0.0,1379.9000000803208,0.0,111890.10000000002,1.7822383544867465e-11,113269.89999999998,1.7822383544867465e-11,0.37065235438149213,0.006481148056329676,0.8523538609988107,0.0022144173953517533,0.9555345312607111,0.001375102333647295,0.50196879442789,0.029514413612046007,1.112880133329085,0.03978790465216288,3.64220475983117,0.703721960362857,0.037261927456387366,0.00017945116782306132,0.06304379232848673,0.00034992753191951417,0.05156121673000721,6.674488598070092e-05,0.1318699372932313,0.00017852051251037324,0.00027685758110815637,0.00011606721295057337,0.951766255421894,0.3990096865148414,-6.515660504831965e-07,1.2967490725617583e-22,21.889037598885306,9.176557774231265,21.889038250451353,9.176557774231265,20.121716563657273,8.719169814232009,23.393557341299168,8.875890382868551,0.03266529759440699,0.0009434109561109032,0.13940402552242037,0.0033333049080356914,13789.0,0.0,0.09477542602171078,0.0026485686411743697,0.25339688547236433,0.0042046577086144125,13749.0,0.0,0.16041065643334976,0.0056557153477412875,0.29796165090425947,0.005849347966327576,13699.0,0.0
street02,street,persistent_yaw_mismatch,high,3,1,True,13799.0,0.0,1379.9000000803208,0.0,111890.1,0.0,113269.9,0.0,0.3724118744736613,0.0,0.8541129908390444,0.0,0.9559379581774956,0.0,0.5357059440231647,0.0,1.1586229825008567,0.0,4.416436811288188,0.0,0.037321120101903194,0.0,0.06319397697225207,0.0,0.05152999115017437,0.0,0.13171433042734845,0.0,0.0004022510159495872,0.0,1.3828371311256544,0.0,-6.515660504831966e-07,0.0,31.80294928918927,0.0,31.802949940755322,0.0,29.596128447451143,0.0,33.0011177828093,0.0,0.03370084308907124,0.0,0.1421446789478529,0.0,13789.0,0.0,0.09776396030019546,0.0,0.2580279946512149,0.0,13749.0,0.0,0.16693892798823493,0.0,0.30068624301135394,0.0,13699.0,0.0
street02,street,persistent_yaw_mismatch,low,3,0,False,,,,,,,,,,,,,,,,,,,,,,,,,,,,,,,,,,,,,,,,,,,,,,,,,,,,,,,,,,,,
street02,street,persistent_yaw_mismatch,medium,3,2,True,13799.0,0.0,1379.9000000803208,0.0,111890.1,0.0,113269.9,0.0,0.36977259433540755,0.008908798674569498,0.8514742960786938,0.0022727697000514365,0.9553328178023189,0.0018808729197436927,0.4851002196302526,0.005908326963272722,1.0900087087431989,0.0052480794288959735,3.255088734102661,0.3021527606011095,0.03723233113362945,0.00024320729705618814,0.06296870000660405,0.00045941856117943274,0.051576829519923637,8.62971862537114e-05,0.13194774072617269,0.0001655865384296711,0.00021416086368744095,5.794761075514028e-05,0.7362308175700136,0.19920921174818626,-6.515660504831966e-07,0.0,16.932081753733318,4.58147985512214,16.93208240529937,4.58147985512214,15.384510621760334,4.171465411958665,18.589777120544102,4.370930532677372,0.03214752484707487,0.00041414581603712664,0.13803369880970412,0.003309844622088332,13789.0,0.0,0.09328115888246842,0.0007955036099902003,0.2510813308829391,0.0017853667840448796,13749.0,0.0,0.15714652065590717,0.00021618961091755113,0.2965993548507122,0.007569322297094956,13699.0,0.0
street02,street,speed,high,3,3,True,5057.0,0.0,505.7000000294356,0.0,111931.2,0.0,113260.39999999998,1.7822383544867465e-11,0.386543318751769,0.006705272583300714,0.8535318945209557,0.0020278179705640045,0.9536169985686325,0.001899418577001332,0.5277276670226276,0.024715236619412963,1.1319780462846347,0.034209687056504116,3.64220475983117,0.703721960362857,0.034767861836759915,0.00023619982899083727,0.06749869954461853,0.0005150085782458587,0.060483485666149084,6.488856104320059e-05,0.16161689373354118,5.384454745893079e-05,0.0007568862291566802,9.139850077718439e-05,2.601983190134967,0.3142049009013504,-0.3384873494704265,0.6566082346039316,21.723681985754386,8.922608248993875,22.06216933522481,8.323050955905725,20.58679609103695,8.935978385887784,23.393557341299168,8.875890382868551,0.035998428452430654,0.0036318315400695692,0.14571645169186465,0.00423427515048956,5057.0,0.0,0.10249260044285673,0.0028834993004493307,0.2434812883975995,0.00785098613309293,5057.0,0.0,0.17458705376941883,0.007259185940392713,0.29216925049036185,0.01405621325466184,5053.0,0.0
street02,street,speed,low,3,3,True,3603.0,0.0,360.3000000209722,0.0,111890.10000000002,1.7822383544867465e-11,113269.89999999998,1.7822383544867465e-11,0.3400515341958752,0.004256504813522993,0.85401329169445,0.0029945777921792,0.9523844336396107,0.0023545467998007555,0.46745685905223916,0.03390383382614346,1.0521265403014743,0.04969505891158503,2.547887621828331,0.6499586541135121,0.040741532171489785,7.268086935205999e-05,0.0564803680094579,0.00010768069197100792,0.0395941863438542,6.82294961029839e-05,0.09414374809712162,0.0001021647592806522,-0.0002477890372167757,0.0001380078814590713,0.85183596252788,0.47443614882879315,-6.515660504831965e-07,1.2967490725617583e-22,21.889037598885306,9.176557774231265,21.889038250451353,9.176557774231265,20.085490273108878,8.657859269534312,22.230784080005566,8.93276898018692,0.028201715614691012,0.0011219209997659475,0.1399661264252089,0.0036343675728771237,3593.0,0.0,0.08051159688003567,0.003116227182409297,0.27690802225550154,0.0016864990855111638,3553.0,0.0,0.1365009762343087,0.003575269010405458,0.30821238927892886,0.004742438429691316,3510.0,0.0
street02,street,speed,medium,3,3,True,5139.0,0.0,513.9000000299129,0.0,111914.5,0.0,113260.60000000002,1.7822383544867465e-11,0.37646946827685834,0.007837621554227939,0.8498784978191619,0.001999642273421348,0.9555345312607111,0.001375102333647295,0.5008175752114826,0.031818114311431035,1.1471420516071762,0.05626789514518364,3.312718887934498,0.4473583027959231,0.03707993481295548,0.00022199032812370194,0.06189490668475616,0.00031836319665288376,0.04939259827192164,7.210879743046218e-05,0.12783402316272238,0.00026444289904616205,0.00017232302042384908,0.00012763884924467213,0.5924029069939943,0.4387900418175773,-0.13042040576776995,0.4434392473744442,21.77928440356963,8.93504844625429,21.9097048093374,8.516687581626881,19.396332432387066,8.251692352879259,22.337659583225104,8.827183816635932,0.03174663782015628,0.004939180671606368,0.1327993227237049,0.0025164908152955543,5139.0,0.0,0.0959649711420345,0.0030638984547955205,0.24689914377487443,0.003459017605289628,5139.0,0.0,0.16091774316451726,0.007015918603954363,0.29665497403438695,0.005073040651114179,5136.0,0.0
street02,street,turning,high,3,3,True,2770.0,0.0,277.0000000161235,0.0,111900.2,0.0,113263.89999999998,1.7822383544867465e-11,0.3488529593602661,0.004369628872647219,0.8607931002614109,0.003957200011561922,0.9549505407620064,0.0009681703494697495,0.515756357540452,0.039337102735486254,1.2345023036385705,0.0913622766930542,3.605803709703348,0.7198210037809953,0.05218186148345754,9.187794967113397e-05,0.0885126702072736,0.0007263035072647114,0.1088150246502116,8.006895892078981e-05,0.23608246020351834,3.29833930088134e-05,-0.0018409360006078803,0.0001668118357965024,6.328671791311481,0.5734568498381338,-0.30560098783682726,0.3126931636933383,21.963844556460405,8.943442247786777,22.26944554429723,8.634561721104761,20.37417160175036,8.69361173231673,23.393557341299168,8.875890382868551,0.03615398906261652,0.008135582814997482,0.3015021227093753,0.010487670158670232,2770.0,0.0,0.10382614052150115,0.0038265623322311106,0.4155601098295101,0.015210012138626543,2770.0,0.0,0.18248143773225345,0.009373317891896542,0.4501492812252674,0.012925304269336345,2753.0,0.0
street02,street,turning,low,3,3,True,6007.0,0.0,600.7000000349653,0.0,111890.10000000002,1.7822383544867465e-11,113269.89999999998,1.7822383544867465e-11,0.38951173031996644,0.008426631528354399,0.8487346780195466,0.0014794378587747333,0.9528004298832581,0.0019520132894265626,0.5125276755179488,0.0281542851904522,1.094363803019303,0.05307965420387357,3.3807010145225824,0.46037895747318186,0.030133645760704725,0.00022745017738000852,0.05304725530246885,0.0003630890128260224,0.01415185027310635,0.00011466980231243457,0.014181680562129787,0.0012591250950279558,0.00072894188875123,7.835120184024441e-05,2.505917624144416,0.2693515911134193,-6.515660504831965e-07,1.2967490725617583e-22,21.889037598885306,9.176557774231265,21.889038250451353,9.176557774231265,19.999332676479554,8.680792386492628,22.230784080005566,8.93276898018692,0.031589468443590306,0.004620604092713348,0.09173628753761721,0.0015791073244309011,5997.0,0.0,0.09273159392404427,0.0016823272799228106,0.2043112945409655,0.0006638371247060553,5960.0,0.0,0.1568825644645702,0.00466466560192326,0.25466788238728294,0.0045861940991744465,5947.0,0.0
street02,street,turning,medium,3,3,True,5022.0,0.0,502.2000000292319,0.0,111894.7,0.0,113266.39999999998,1.7822383544867465e-11,0.36011791649745795,0.005320400089132233,0.8534211381303116,0.0019475476642849467,0.9540962361995503,0.0026164829244870115,0.4817340774765202,0.027599217752876222,1.043814235548221,0.03350739410711299,3.4170428880974626,0.5128642815064247,0.03502858164898185,0.0002268204737004267,0.06326306798922215,0.0002829654656372901,0.0231162408071908,0.0001310953210196689,0.028095996449701417,0.001081474798963115,0.0009042207402761125,0.00019373655592889812,3.1084819299609734,0.6660172195275652,-0.07229474927340951,0.12085081935122736,21.987835644460386,9.052064550772771,22.06013039373379,8.931237941438834,20.122163881607204,8.744110965903635,22.111449368839743,8.940578936580177,0.03119987365133008,0.002451003427156015,0.10691730618490525,0.001526371903555689,5022.0,0.0,0.09189199002309417,0.0031160621634237383,0.2221870808263878,0.0029632877750826224,5019.0,0.0,0.1512967822323449,0.004549166399290444,0.2656542884511138,0.0037253844877826008,4999.0,0.0
street02,street,wheel_imu_disagreement,high,3,3,True,2836.0,0.0,283.6000000165077,0.0,111894.7,0.0,113266.39999999998,1.7822383544867465e-11,0.3535015376425905,0.005645079969965871,0.8592483352529173,0.0034087410510062017,0.953721392745463,0.0017194038800328443,0.5156668306352545,0.03317842059410341,1.2246966034717157,0.07096593166043336,3.6177075767633506,0.7139838281666749,0.0500375402339181,8.147514516865347e-05,0.08236759373297284,0.0005306406212745218,0.0930074410960725,7.394690421531547e-05,0.2246640141432484,7.551290614399059e-05,-0.0009848726991850106,0.00013940844669599513,3.385742941257517,0.4792509374493016,-0.07229474927340951,0.12085081935122736,21.987835644460386,9.052064550772771,22.06013039373379,8.931237941438834,20.32504670325657,8.721627978334654,23.393557341299168,8.875890382868551,0.03732947232127192,0.006185418213498991,0.24416711906244468,0.007175401992130244,2836.0,0.0,0.10299565192696541,0.004489708697441865,0.3577880632826324,0.011852254213674659,2834.0,0.0,0.17589637323531523,0.008706359686045854,0.39419538394578874,0.008111000033964491,2818.0,0.0
street02,street,wheel_imu_disagreement,low,3,3,True,5849.0,0.0,584.9000000340457,0.0,111890.10000000002,1.7822383544867465e-11,113269.89999999998,1.7822383544867465e-11,0.3770453794074484,0.006388339816743404,0.8502500686356503,0.0015362857462340098,0.9555345312607111,0.001375102333647295,0.5011704828143105,0.028864577883535587,1.092972462666418,0.045873569097778504,3.4224788834517006,0.5135129946532725,0.030660931665423857,0.0002722582824328259,0.05715610689173133,0.0003793179695921438,0.028816973698526538,7.325581270059689e-05,0.03877104073762874,0.00046261371358649784,0.0003977469680549485,0.00012077649001732112,1.3673533550203996,0.4151989885437852,-6.515660504831965e-07,1.2967490725617583e-22,21.889037598885306,9.176557774231265,21.889038250451353,9.176557774231265,20.140568030727437,8.73956298730542,22.23777184074524,8.923378077185532,0.0298495194534923,0.0036861831240240553,0.10713610411648321,0.0024162212701601214,5839.0,0.0,0.09279096536252684,0.0024042634950477613,0.2261634761235322,0.002504271928128573,5804.0,0.0,0.15643759386358375,0.0045888228235329885,0.2736377422084606,0.005728682566644852,5785.0,0.0
street02,street,wheel_imu_disagreement,medium,3,3,True,5114.0,0.0,511.4000000297674,0.0,111897.7,0.0,113266.2,0.0,0.3728515942905078,0.007051787498321,0.8510302617214974,0.001963316917891803,0.9508498326926037,0.0034013722696546985,0.49528551205474575,0.02842371065355235,1.0597334812620602,0.03217866101612833,3.3146279701083436,0.4491933692409263,0.0358150500241452,0.00021773191109554016,0.061071322765201275,9.45661233256652e-05,0.03777088578704852,8.782939702231116e-05,0.08183061818902666,9.404723089844971e-05,0.0008382938444362035,0.00011654593731773152,2.8818419566794504,0.40065541966213547,-0.16402160174033317,0.25097039627362344,21.985312685972644,9.045496157743692,22.149334287712975,8.794587876427464,19.95556528239916,8.693744865166503,22.12943530638518,8.918387283625307,0.032549613345121776,0.0026253212939256537,0.11814948109726554,0.0023234532538696,5114.0,0.0,0.09219940734000238,0.002337642981106927,0.22643897311594133,0.002395770325355388,5111.0,0.0,0.15580526233021466,0.00532370068329844,0.27235865877203164,0.00526066872426741,5096.0,0.0
