t,source_time_s,edge_arrival_time_s,seq,twin_x,twin_y,twin_theta,gps_x,gps_y,gps_valid,gps_speed_mps,gps_course_deg,gps_heading_rad,twin_global_theta,gps_age_s,aoi_s,clock_offset_s,arrival_jitter_ms,gps_agreement_m,gps_heading_agreement_deg,firmware_yaw_deg,encoder_v,encoder_omega,imu_omega,omega,yaw_disagreement,slip_indicator,condition,latency_ms,payload_bytes,bytes_per_s,packet_gap,stale,queue_depth,enc_left,enc_right,motor_l,motor_r,voltage,satellites,hdop,contract_reference_valid,contracts,resource_mode,requested_update_rate_hz,evaluation_ms
0.0,5862.063,1789517475.9608872,3791,0.0,0.0,0.0,0.0,0.0,True,0.154333332,325.72,,,0.785,0.0,1789511613.8978872,0.0,0.0,,-99.94806,0.0,0.0,-0.004472406208235469,-0.0008944812416470937,0.004472406208235469,0.01277830345210134,low-motion,583.4465026855469,621,621.0,0,True,0,151178,138807,0.0,0.0,11.42522,11,0.94,False,"[{""service_id"":""local_1s_tight"",""label"":""Immediate motion"",""family"":""local_relative_motion"",""horizon_s"":1.0,""position_tolerance_m"":0.1,""heading_tolerance_deg"":2.0,""maximum_aoi_s"":0.6,""position_error_m"":null,""heading_error_deg"":null,""aoi_s"":0.0,""position_margin_m"":null,""heading_margin_deg"":null,""freshness_margin_s"":null,""normalized_margin"":null,""observable"":false,""raw_pass"":false,""reason"":""GPS course unobservable at low speed"",""status"":""unobservable"",""observed_evaluations"":0,""satisfaction_fraction"":null},{""service_id"":""local_5s_moderate"",""label"":""Short prediction"",""family"":""local_relative_motion"",""horizon_s"":5.0,""position_tolerance_m"":0.2,""heading_tolerance_deg"":5.0,""maximum_aoi_s"":1.0,""position_error_m"":null,""heading_error_deg"":null,""aoi_s"":0.0,""position_margin_m"":null,""heading_margin_deg"":null,""freshness_margin_s"":null,""normalized_margin"":null,""observable"":false,""raw_pass"":false,""reason"":""GPS course unobservable at low speed"",""status"":""unobservable"",""observed_evaluations"":0,""satisfaction_fraction"":null},{""service_id"":""local_10s_preview"",""label"":""Planning support"",""family"":""local_relative_motion"",""horizon_s"":10.0,""position_tolerance_m"":0.5,""heading_tolerance_deg"":10.0,""maximum_aoi_s"":1.5,""position_error_m"":null,""heading_error_deg"":null,""aoi_s"":0.0,""position_margin_m"":null,""heading_margin_deg"":null,""freshness_margin_s"":null,""normalized_margin"":null,""observable"":false,""raw_pass"":false,""reason"":""GPS course unobservable at low speed"",""status"":""unobservable"",""observed_evaluations"":0,""satisfaction_fraction"":null},{""service_id"":""global_state_tracking"",""label"":""Global asset tracking"",""family"":""global_synchronization"",""horizon_s"":0.0,""position_tolerance_m"":1.0,""heading_tolerance_deg"":5.0,""maximum_aoi_s"":1.0,""position_error_m"":0.0,""heading_error_deg"":null,""aoi_s"":0.0,""position_margin_m"":1.0,""heading_margin_deg"":null,""freshness_margin_s"":1.0,""normalized_margin"":null,""observable"":false,""raw_pass"":false,""reason"":""GPS course unobservable at low speed"",""status"":""unobservable"",""observed_evaluations"":0,""satisfaction_fraction"":null}]",high,10.0,0.1545000122860074
0.5900000000001455,5862.653,1789517476.68203,3792,0.0,0.0,0.00011584622910110198,0.0,0.0,True,0.113177777,325.72,,,0.04,0.13114261627197266,1789511613.8978872,131.14276885971776,0.0,,-100.2192,-0.0,0.0,0.0009817477042468104,0.0001963495408493621,0.0009817477042468104,0.002804993440705173,low-motion,718.6355590820312,616,1237.0,0,False,0,151178,138807,0.0,0.0,11.42522,11,0.94,False,"[{""service_id"":""local_1s_tight"",""label"":""Immediate motion"",""family"":""local_relative_motion"",""horizon_s"":1.0,""position_tolerance_m"":0.1,""heading_tolerance_deg"":2.0,""maximum_aoi_s"":0.6,""position_error_m"":null,""heading_error_deg"":null,""aoi_s"":0.13114261627197266,""position_margin_m"":null,""heading_margin_deg"":null,""freshness_margin_s"":null,""normalized_margin"":null,""observable"":false,""raw_pass"":false,""reason"":""GPS course unobservable at low speed"",""status"":""unobservable"",""observed_evaluations"":0,""satisfaction_fraction"":null},{""service_id"":""local_5s_moderate"",""label"":""Short prediction"",""family"":""local_relative_motion"",""horizon_s"":5.0,""position_tolerance_m"":0.2,""heading_tolerance_deg"":5.0,""maximum_aoi_s"":1.0,""position_error_m"":null,""heading_error_deg"":null,""aoi_s"":0.13114261627197266,""position_margin_m"":null,""heading_margin_deg"":null,""freshness_margin_s"":null,""normalized_margin"":null,""observable"":false,""raw_pass"":false,""reason"":""GPS course unobservable at low speed"",""status"":""unobservable"",""observed_evaluations"":0,""satisfaction_fraction"":null},{""service_id"":""local_10s_preview"",""label"":""Planning support"",""family"":""local_relative_motion"",""horizon_s"":10.0,""position_tolerance_m"":0.5,""heading_tolerance_deg"":10.0,""maximum_aoi_s"":1.5,""position_error_m"":null,""heading_error_deg"":null,""aoi_s"":0.13114261627197266,""position_margin_m"":null,""heading_margin_deg"":null,""freshness_margin_s"":null,""normalized_margin"":null,""observable"":false,""raw_pass"":false,""reason"":""GPS course unobservable at low speed"",""status"":""unobservable"",""observed_evaluations"":0,""satisfaction_fraction"":null},{""service_id"":""global_state_tracking"",""label"":""Global asset tracking"",""family"":""global_synchronization"",""horizon_s"":0.0,""position_tolerance_m"":1.0,""heading_tolerance_deg"":5.0,""maximum_aoi_s"":1.0,""position_error_m"":0.0,""heading_error_deg"":null,""aoi_s"":0.13114261627197266,""position_margin_m"":1.0,""heading_margin_deg"":null,""freshness_margin_s"":0.8688573837280273,""normalized_margin"":null,""observable"":false,""raw_pass"":false,""reason"":""GPS course unobservable at low speed"",""status"":""unobservable"",""observed_evaluations"":0,""satisfaction_fraction"":null}]",high,10.0,0.2172000240534544
1.306999999999789,5863.37,1789517477.2632108,3793,0.0,0.0,-0.00036907168694977344,0.0,0.18479035418700554,True,0.051444444,325.72,,,0.032,0.0,1789511613.893211,135.81918907129875,0.18479035418700554,,-99.94291,-0.0,0.0,-0.0033815754257390134,-0.0006763150851478027,0.0033815754257390134,0.009661644073540039,low-motion,579.1587829589844,619,1425.1450475171725,0,False,0,151178,138807,0.0,0.0,11.42522,11,0.94,False,"[{""service_id"":""local_1s_tight"",""label"":""Immediate motion"",""family"":""local_relative_motion"",""horizon_s"":1.0,""position_tolerance_m"":0.1,""heading_tolerance_deg"":2.0,""maximum_aoi_s"":0.6,""position_error_m"":null,""heading_error_deg"":null,""aoi_s"":0.0,""position_margin_m"":null,""heading_margin_deg"":null,""freshness_margin_s"":null,""normalized_margin"":null,""observable"":false,""raw_pass"":false,""reason"":""GPS course unobservable at low speed"",""status"":""unobservable"",""observed_evaluations"":0,""satisfaction_fraction"":null},{""service_id"":""local_5s_moderate"",""label"":""Short prediction"",""family"":""local_relative_motion"",""horizon_s"":5.0,""position_tolerance_m"":0.2,""heading_tolerance_deg"":5.0,""maximum_aoi_s"":1.0,""position_error_m"":null,""heading_error_deg"":null,""aoi_s"":0.0,""position_margin_m"":null,""heading_margin_deg"":null,""freshness_margin_s"":null,""normalized_margin"":null,""observable"":false,""raw_pass"":false,""reason"":""GPS course unobservable at low speed"",""status"":""unobservable"",""observed_evaluations"":0,""satisfaction_fraction"":null},{""service_id"":""local_10s_preview"",""label"":""Planning support"",""family"":""local_relative_motion"",""horizon_s"":10.0,""position_tolerance_m"":0.5,""heading_tolerance_deg"":10.0,""maximum_aoi_s"":1.5,""position_error_m"":null,""heading_error_deg"":null,""aoi_s"":0.0,""position_margin_m"":null,""heading_margin_deg"":null,""freshness_margin_s"":null,""normalized_margin"":null,""observable"":false,""raw_pass"":false,""reason"":""GPS course unobservable at low speed"",""status"":""unobservable"",""observed_evaluations"":0,""satisfaction_fraction"":null},{""service_id"":""global_state_tracking"",""label"":""Global asset tracking"",""family"":""global_synchronization"",""horizon_s"":0.0,""position_tolerance_m"":1.0,""heading_tolerance_deg"":5.0,""maximum_aoi_s"":1.0,""position_error_m"":0.18479035418700554,""heading_error_deg"":null,""aoi_s"":0.0,""position_margin_m"":0.8152096458129945,""heading_margin_deg"":null,""freshness_margin_s"":1.0,""normalized_margin"":null,""observable"":false,""raw_pass"":false,""reason"":""GPS course unobservable at low speed"",""status"":""unobservable"",""observed_evaluations"":0,""satisfaction_fraction"":null}]",high,10.0,0.5543000297620893
1.8699999999998909,5863.933,1789517477.959149,3794,0.0,0.0,-1.2871803233505119e-05,0.0,0.18479035418700554,True,0.051444444,325.72,,,0.595,0.13293790817260742,1789511613.893211,132.93811035146064,0.18479035418700554,,-99.58372,-0.0,0.0,0.0031634092692397224,0.0006326818538479446,0.0031634092692397224,0.009038312197827778,low-motion,689.985990524292,619,1238.576514884236,0,False,0,151178,138807,0.0,0.0,11.42522,11,0.94,False,"[{""service_id"":""local_1s_tight"",""label"":""Immediate motion"",""family"":""local_relative_motion"",""horizon_s"":1.0,""position_tolerance_m"":0.1,""heading_tolerance_deg"":2.0,""maximum_aoi_s"":0.6,""position_error_m"":null,""heading_error_deg"":null,""aoi_s"":0.13293790817260742,""position_margin_m"":null,""heading_margin_deg"":null,""freshness_margin_s"":null,""normalized_margin"":null,""observable"":false,""raw_pass"":false,""reason"":""GPS course unobservable at low speed"",""status"":""unobservable"",""observed_evaluations"":0,""satisfaction_fraction"":null},{""service_id"":""local_5s_moderate"",""label"":""Short prediction"",""family"":""local_relative_motion"",""horizon_s"":5.0,""position_tolerance_m"":0.2,""heading_tolerance_deg"":5.0,""maximum_aoi_s"":1.0,""position_error_m"":null,""heading_error_deg"":null,""aoi_s"":0.13293790817260742,""position_margin_m"":null,""heading_margin_deg"":null,""freshness_margin_s"":null,""normalized_margin"":null,""observable"":false,""raw_pass"":false,""reason"":""GPS course unobservable at low speed"",""status"":""unobservable"",""observed_evaluations"":0,""satisfaction_fraction"":null},{""service_id"":""local_10s_preview"",""label"":""Planning support"",""family"":""local_relative_motion"",""horizon_s"":10.0,""position_tolerance_m"":0.5,""heading_tolerance_deg"":10.0,""maximum_aoi_s"":1.5,""position_error_m"":null,""heading_error_deg"":null,""aoi_s"":0.13293790817260742,""position_margin_m"":null,""heading_margin_deg"":null,""freshness_margin_s"":null,""normalized_margin"":null,""observable"":false,""raw_pass"":false,""reason"":""GPS course unobservable at low speed"",""status"":""unobservable"",""observed_evaluations"":0,""satisfaction_fraction"":null},{""service_id"":""global_state_tracking"",""label"":""Global asset tracking"",""family"":""global_synchronization"",""horizon_s"":0.0,""position_tolerance_m"":1.0,""heading_tolerance_deg"":5.0,""maximum_aoi_s"":1.0,""position_error_m"":0.18479035418700554,""heading_error_deg"":null,""aoi_s"":0.13293790817260742,""position_margin_m"":0.8152096458129945,""heading_margin_deg"":null,""freshness_margin_s"":0.8670620918273926,""normalized_margin"":null,""observable"":false,""raw_pass"":false,""reason"":""GPS course unobservable at low speed"",""status"":""unobservable"",""observed_evaluations"":0,""satisfaction_fraction"":null}]",high,10.0,0.1873999717645347
2.5670000000000073,5864.63,1789517478.6636162,3795,0.0,0.0,0.0011884165042985728,0.0,0.18479035418700554,True,0.097744444,325.72,,,0.011,0.14040517807006836,1789511613.893211,7.4672966002253816,0.18479035418700554,,-99.5305,-0.0,0.0,0.008617563181722002,0.0017235126363444005,0.008617563181722002,0.024621609090634294,low-motion,703.0174732208252,618,1144.398870613591,0,False,0,151178,138807,0.0,0.0,11.42522,11,0.94,False,"[{""service_id"":""local_1s_tight"",""label"":""Immediate motion"",""family"":""local_relative_motion"",""horizon_s"":1.0,""position_tolerance_m"":0.1,""heading_tolerance_deg"":2.0,""maximum_aoi_s"":0.6,""position_error_m"":null,""heading_error_deg"":null,""aoi_s"":0.14040517807006836,""position_margin_m"":null,""heading_margin_deg"":null,""freshness_margin_s"":null,""normalized_margin"":null,""observable"":false,""raw_pass"":false,""reason"":""GPS course unobservable at low speed"",""status"":""unobservable"",""observed_evaluations"":0,""satisfaction_fraction"":null},{""service_id"":""local_5s_moderate"",""label"":""Short prediction"",""family"":""local_relative_motion"",""horizon_s"":5.0,""position_tolerance_m"":0.2,""heading_tolerance_deg"":5.0,""maximum_aoi_s"":1.0,""position_error_m"":null,""heading_error_deg"":null,""aoi_s"":0.14040517807006836,""position_margin_m"":null,""heading_margin_deg"":null,""freshness_margin_s"":null,""normalized_margin"":null,""observable"":false,""raw_pass"":false,""reason"":""GPS course unobservable at low speed"",""status"":""unobservable"",""observed_evaluations"":0,""satisfaction_fraction"":null},{""service_id"":""local_10s_preview"",""label"":""Planning support"",""family"":""local_relative_motion"",""horizon_s"":10.0,""position_tolerance_m"":0.5,""heading_tolerance_deg"":10.0,""maximum_aoi_s"":1.5,""position_error_m"":null,""heading_error_deg"":null,""aoi_s"":0.14040517807006836,""position_margin_m"":null,""heading_margin_deg"":null,""freshness_margin_s"":null,""normalized_margin"":null,""observable"":false,""raw_pass"":false,""reason"":""GPS course unobservable at low speed"",""status"":""unobservable"",""observed_evaluations"":0,""satisfaction_fraction"":null},{""service_id"":""global_state_tracking"",""label"":""Global asset tracking"",""family"":""global_synchronization"",""horizon_s"":0.0,""position_tolerance_m"":1.0,""heading_tolerance_deg"":5.0,""maximum_aoi_s"":1.0,""position_error_m"":0.18479035418700554,""heading_error_deg"":null,""aoi_s"":0.14040517807006836,""position_margin_m"":0.8152096458129945,""heading_margin_deg"":null,""freshness_margin_s"":0.8595948219299316,""normalized_margin"":null,""observable"":false,""raw_pass"":false,""reason"":""GPS course unobservable at low speed"",""status"":""unobservable"",""observed_evaluations"":0,""satisfaction_fraction"":null}]",high,10.0,0.39190001552924514
3.3099999999994907,5865.373,1789517479.2667594,3796,0.0,0.0,0.0016584991217074574,0.14798474018713406,0.0,True,0.097744444,325.72,,,0.063,0.0005486011505126953,1789511613.893211,139.85678482004005,0.14798474018713406,,-99.86349,-0.0,0.0,0.0031634092692397224,0.0006326818538479446,0.0031634092692397224,0.009038312197827778,low-motion,599.0502834320068,624,1124.3628830665998,0,False,0,151178,138807,0.0,0.0,11.42522,11,0.94,False,"[{""service_id"":""local_1s_tight"",""label"":""Immediate motion"",""family"":""local_relative_motion"",""horizon_s"":1.0,""position_tolerance_m"":0.1,""heading_tolerance_deg"":2.0,""maximum_aoi_s"":0.6,""position_error_m"":null,""heading_error_deg"":null,""aoi_s"":0.0005486011505126953,""position_margin_m"":null,""heading_margin_deg"":null,""freshness_margin_s"":null,""normalized_margin"":null,""observable"":false,""raw_pass"":false,""reason"":""GPS course unobservable at low speed"",""status"":""unobservable"",""observed_evaluations"":0,""satisfaction_fraction"":null},{""service_id"":""local_5s_moderate"",""label"":""Short prediction"",""family"":""local_relative_motion"",""horizon_s"":5.0,""position_tolerance_m"":0.2,""heading_tolerance_deg"":5.0,""maximum_aoi_s"":1.0,""position_error_m"":null,""heading_error_deg"":null,""aoi_s"":0.0005486011505126953,""position_margin_m"":null,""heading_margin_deg"":null,""freshness_margin_s"":null,""normalized_margin"":null,""observable"":false,""raw_pass"":false,""reason"":""GPS course unobservable at low speed"",""status"":""unobservable"",""observed_evaluations"":0,""satisfaction_fraction"":null},{""service_id"":""local_10s_preview"",""label"":""Planning support"",""family"":""local_relative_motion"",""horizon_s"":10.0,""position_tolerance_m"":0.5,""heading_tolerance_deg"":10.0,""maximum_aoi_s"":1.5,""position_error_m"":null,""heading_error_deg"":null,""aoi_s"":0.0005486011505126953,""position_margin_m"":null,""heading_margin_deg"":null,""freshness_margin_s"":null,""normalized_margin"":null,""observable"":false,""raw_pass"":false,""reason"":""GPS course unobservable at low speed"",""status"":""unobservable"",""observed_evaluations"":0,""satisfaction_fraction"":null},{""service_id"":""global_state_tracking"",""label"":""Global asset tracking"",""family"":""global_synchronization"",""horizon_s"":0.0,""position_tolerance_m"":1.0,""heading_tolerance_deg"":5.0,""maximum_aoi_s"":1.0,""position_error_m"":0.14798474018713406,""heading_error_deg"":null,""aoi_s"":0.0005486011505126953,""position_margin_m"":0.852015259812866,""heading_margin_deg"":null,""freshness_margin_s"":0.9994513988494873,""normalized_margin"":null,""observable"":false,""raw_pass"":false,""reason"":""GPS course unobservable at low speed"",""status"":""unobservable"",""observed_evaluations"":0,""satisfaction_fraction"":null}]",high,10.0,0.4733000532723963
3.881999999999607,5865.945,1789517479.9723346,3797,0.0,0.0,0.0016460200175556494,0.14798474018713406,0.0,True,0.421844441,147.31,-1.0002481943179502,-1.0002481943179502,0.02,0.1341238021850586,1789511613.893211,133.57522773731034,0.14798474018713406,0.0,-99.94074,-0.0,0.0,-0.0001090830782496456,-2.181661564992912e-05,0.0001090830782496456,0.0003116659378561303,low-motion,700.5915641784668,623,1081.9037457437432,0,False,0,151178,138807,0.0,0.0,11.42522,11,0.94,True,"[{""service_id"":""local_1s_tight"",""label"":""Immediate motion"",""family"":""local_relative_motion"",""horizon_s"":1.0,""position_tolerance_m"":0.1,""heading_tolerance_deg"":2.0,""maximum_aoi_s"":0.6,""position_error_m"":null,""heading_error_deg"":null,""aoi_s"":0.1341238021850586,""position_margin_m"":null,""heading_margin_deg"":null,""freshness_margin_s"":null,""normalized_margin"":null,""observable"":false,""raw_pass"":false,""reason"":""waiting for 1 s history"",""status"":""unobservable"",""observed_evaluations"":0,""satisfaction_fraction"":null},{""service_id"":""local_5s_moderate"",""label"":""Short prediction"",""family"":""local_relative_motion"",""horizon_s"":5.0,""position_tolerance_m"":0.2,""heading_tolerance_deg"":5.0,""maximum_aoi_s"":1.0,""position_error_m"":null,""heading_error_deg"":null,""aoi_s"":0.1341238021850586,""position_margin_m"":null,""heading_margin_deg"":null,""freshness_margin_s"":null,""normalized_margin"":null,""observable"":false,""raw_pass"":false,""reason"":""waiting for 5 s history"",""status"":""unobservable"",""observed_evaluations"":0,""satisfaction_fraction"":null},{""service_id"":""local_10s_preview"",""label"":""Planning support"",""family"":""local_relative_motion"",""horizon_s"":10.0,""position_tolerance_m"":0.5,""heading_tolerance_deg"":10.0,""maximum_aoi_s"":1.5,""position_error_m"":null,""heading_error_deg"":null,""aoi_s"":0.1341238021850586,""position_margin_m"":null,""heading_margin_deg"":null,""freshness_margin_s"":null,""normalized_margin"":null,""observable"":false,""raw_pass"":false,""reason"":""waiting for 10 s history"",""status"":""unobservable"",""observed_evaluations"":0,""satisfaction_fraction"":null},{""service_id"":""global_state_tracking"",""label"":""Global asset tracking"",""family"":""global_synchronization"",""horizon_s"":0.0,""position_tolerance_m"":1.0,""heading_tolerance_deg"":5.0,""maximum_aoi_s"":1.0,""position_error_m"":0.14798474018713406,""heading_error_deg"":0.0,""aoi_s"":0.1341238021850586,""position_margin_m"":0.852015259812866,""heading_margin_deg"":5.0,""freshness_margin_s"":0.8658761978149414,""normalized_margin"":0.852015259812866,""observable"":true,""raw_pass"":true,""reason"":""within contract"",""status"":""qualified"",""observed_evaluations"":1,""satisfaction_fraction"":1.0}]",high,10.0,0.3991000121459365
4.5789999999997235,5866.642,1789517480.6718934,3798,0.0,0.0,0.002391122891847619,0.29508334350420984,-0.5565974541430395,True,0.499011107,151.72,-1.0772172143309002,-0.9995030914436582,0.011,0.13668251037597656,1789511613.893211,2.558734893682413,0.6299800834725939,4.452691250000002,-99.8344,-0.0,0.0,0.005345070834232635,0.001069014166846527,0.005345070834232635,0.015271630954950386,low-motion,694.5488452911377,623,1053.4904490988388,0,False,0,151178,138807,0.0,0.0,11.42522,11,0.94,True,"[{""service_id"":""local_1s_tight"",""label"":""Immediate motion"",""family"":""local_relative_motion"",""horizon_s"":1.0,""position_tolerance_m"":0.1,""heading_tolerance_deg"":2.0,""maximum_aoi_s"":0.6,""position_error_m"":0.5757071521670956,""heading_error_deg"":4.452691250000002,""aoi_s"":0.13668251037597656,""position_margin_m"":-0.4757071521670956,""heading_margin_deg"":-2.4526912500000018,""freshness_margin_s"":0.4633174896240234,""normalized_margin"":-4.757071521670955,""observable"":true,""raw_pass"":false,""reason"":""position tolerance, heading tolerance"",""status"":""withdrawn"",""observed_evaluations"":1,""satisfaction_fraction"":0.0},{""service_id"":""local_5s_moderate"",""label"":""Short prediction"",""family"":""local_relative_motion"",""horizon_s"":5.0,""position_tolerance_m"":0.2,""heading_tolerance_deg"":5.0,""maximum_aoi_s"":1.0,""position_error_m"":null,""heading_error_deg"":null,""aoi_s"":0.13668251037597656,""position_margin_m"":null,""heading_margin_deg"":null,""freshness_margin_s"":null,""normalized_margin"":null,""observable"":false,""raw_pass"":false,""reason"":""no synchronized 5 s window"",""status"":""unobservable"",""observed_evaluations"":0,""satisfaction_fraction"":null},{""service_id"":""local_10s_preview"",""label"":""Planning support"",""family"":""local_relative_motion"",""horizon_s"":10.0,""position_tolerance_m"":0.5,""heading_tolerance_deg"":10.0,""maximum_aoi_s"":1.5,""position_error_m"":null,""heading_error_deg"":null,""aoi_s"":0.13668251037597656,""position_margin_m"":null,""heading_margin_deg"":null,""freshness_margin_s"":null,""normalized_margin"":null,""observable"":false,""raw_pass"":false,""reason"":""no synchronized 10 s window"",""status"":""unobservable"",""observed_evaluations"":0,""satisfaction_fraction"":null},{""service_id"":""global_state_tracking"",""label"":""Global asset tracking"",""family"":""global_synchronization"",""horizon_s"":0.0,""position_tolerance_m"":1.0,""heading_tolerance_deg"":5.0,""maximum_aoi_s"":1.0,""position_error_m"":0.6299800834725939,""heading_error_deg"":4.452691250000002,""aoi_s"":0.13668251037597656,""position_margin_m"":0.37001991652740607,""heading_margin_deg"":0.5473087499999982,""freshness_margin_s"":0.8633174896240234,""normalized_margin"":0.10946174999999965,""observable"":true,""raw_pass"":true,""reason"":""within contract"",""status"":""at_risk"",""observed_evaluations"":2,""satisfaction_fraction"":1.0}]",high,10.0,0.6843000301159918
5.304000000000087,5867.367,1789517481.2601426,3799,0.0,0.0,0.0025334763089635004,0.591052823878478,-1.113194908286079,True,0.586466662,154.89,-1.1325441516191201,-0.9993607380265424,0.04,0.0,1789511613.8931425,136.75079345739505,1.2603754775656242,7.630847499999988,-100.4864,-0.0,0.0,0.0009817477042468104,0.0001963495408493621,0.0009817477042468104,0.002804993440705173,low-motion,581.244707107544,622,1084.2896257243258,0,False,0,151178,138807,0.0,0.0,11.42522,11,0.94,True,"[{""service_id"":""local_1s_tight"",""label"":""Immediate motion"",""family"":""local_relative_motion"",""horizon_s"":1.0,""position_tolerance_m"":0.1,""heading_tolerance_deg"":2.0,""maximum_aoi_s"":0.6,""position_error_m"":0.6303956370974718,""heading_error_deg"":3.1781562499999865,""aoi_s"":0.0,""position_margin_m"":-0.5303956370974718,""heading_margin_deg"":-1.1781562499999865,""freshness_margin_s"":0.6,""normalized_margin"":-5.303956370974718,""observable"":true,""raw_pass"":false,""reason"":""position tolerance, heading tolerance"",""status"":""withdrawn"",""observed_evaluations"":2,""satisfaction_fraction"":0.0},{""service_id"":""local_5s_moderate"",""label"":""Short prediction"",""family"":""local_relative_motion"",""horizon_s"":5.0,""position_tolerance_m"":0.2,""heading_tolerance_deg"":5.0,""maximum_aoi_s"":1.0,""position_error_m"":null,""heading_error_deg"":null,""aoi_s"":0.0,""position_margin_m"":null,""heading_margin_deg"":null,""freshness_margin_s"":null,""normalized_margin"":null,""observable"":false,""raw_pass"":false,""reason"":""no synchronized 5 s window"",""status"":""unobservable"",""observed_evaluations"":0,""satisfaction_fraction"":null},{""service_id"":""local_10s_preview"",""label"":""Planning support"",""family"":""local_relative_motion"",""horizon_s"":10.0,""position_tolerance_m"":0.5,""heading_tolerance_deg"":10.0,""maximum_aoi_s"":1.5,""position_error_m"":null,""heading_error_deg"":null,""aoi_s"":0.0,""position_margin_m"":null,""heading_margin_deg"":null,""freshness_margin_s"":null,""normalized_margin"":null,""observable"":false,""raw_pass"":false,""reason"":""no synchronized 10 s window"",""status"":""unobservable"",""observed_evaluations"":0,""satisfaction_fraction"":null},{""service_id"":""global_state_tracking"",""label"":""Global asset tracking"",""family"":""global_synchronization"",""horizon_s"":0.0,""position_tolerance_m"":1.0,""heading_tolerance_deg"":5.0,""maximum_aoi_s"":1.0,""position_error_m"":1.2603754775656242,""heading_error_deg"":7.630847499999988,""aoi_s"":0.0,""position_margin_m"":-0.2603754775656242,""heading_margin_deg"":-2.6308474999999882,""freshness_margin_s"":1.0,""normalized_margin"":-0.5261694999999976,""observable"":true,""raw_pass"":false,""reason"":""position tolerance, heading tolerance"",""status"":""withdrawn"",""observed_evaluations"":3,""satisfaction_fraction"":0.6666666666666666}]",high,10.0,0.47389999963343143
5.875,5867.938,1789517481.968687,3800,0.0,0.0,0.0017735817692607903,0.591052823878478,-1.113194908286079,True,0.586466662,154.89,-1.1325441516191201,-1.000120632566245,0.611,0.1375446319580078,1789511613.8931425,137.54449272164493,1.2603754775656242,7.587308749999987,-100.3296,-0.0,0.0,-0.006654067773228381,-0.0013308135546456763,0.006654067773228381,0.019011622209223946,low-motion,702.5458812713623,624,1056.6411771912706,0,False,0,151178,138807,0.0,0.0,11.42522,11,0.94,True,"[{""service_id"":""local_1s_tight"",""label"":""Immediate motion"",""family"":""local_relative_motion"",""horizon_s"":1.0,""position_tolerance_m"":0.1,""heading_tolerance_deg"":2.0,""maximum_aoi_s"":0.6,""position_error_m"":0.6303956370974718,""heading_error_deg"":3.1346174999999845,""aoi_s"":0.1375446319580078,""position_margin_m"":-0.5303956370974718,""heading_margin_deg"":-1.1346174999999845,""freshness_margin_s"":0.46245536804199217,""normalized_margin"":-5.303956370974718,""observable"":true,""raw_pass"":false,""reason"":""position tolerance, heading tolerance"",""status"":""withdrawn"",""observed_evaluations"":3,""satisfaction_fraction"":0.0},{""service_id"":""local_5s_moderate"",""label"":""Short prediction"",""family"":""local_relative_motion"",""horizon_s"":5.0,""position_tolerance_m"":0.2,""heading_tolerance_deg"":5.0,""maximum_aoi_s"":1.0,""position_error_m"":null,""heading_error_deg"":null,""aoi_s"":0.1375446319580078,""position_margin_m"":null,""heading_margin_deg"":null,""freshness_margin_s"":null,""normalized_margin"":null,""observable"":false,""raw_pass"":false,""reason"":""no synchronized 5 s window"",""status"":""unobservable"",""observed_evaluations"":0,""satisfaction_fraction"":null},{""service_id"":""local_10s_preview"",""label"":""Planning support"",""family"":""local_relative_motion"",""horizon_s"":10.0,""position_tolerance_m"":0.5,""heading_tolerance_deg"":10.0,""maximum_aoi_s"":1.5,""position_error_m"":null,""heading_error_deg"":null,""aoi_s"":0.1375446319580078,""position_margin_m"":null,""heading_margin_deg"":null,""freshness_margin_s"":null,""normalized_margin"":null,""observable"":false,""raw_pass"":false,""reason"":""no synchronized 10 s window"",""status"":""unobservable"",""observed_evaluations"":0,""satisfaction_fraction"":null},{""service_id"":""global_state_tracking"",""label"":""Global asset tracking"",""family"":""global_synchronization"",""horizon_s"":0.0,""position_tolerance_m"":1.0,""heading_tolerance_deg"":5.0,""maximum_aoi_s"":1.0,""position_error_m"":1.2603754775656242,""heading_error_deg"":7.587308749999987,""aoi_s"":0.1375446319580078,""position_margin_m"":-0.2603754775656242,""heading_margin_deg"":-2.5873087499999867,""freshness_margin_s"":0.8624553680419922,""normalized_margin"":-0.5174617499999974,""observable"":true,""raw_pass"":false,""reason"":""position tolerance, heading tolerance"",""status"":""withdrawn"",""observed_evaluations"":4,""satisfaction_fraction"":0.5}]",high,10.0,0.6060999585315585
6.570999999999913,5868.634,1789517482.6607156,3801,0.0,0.0,0.03956746499071695,0.7381514271955537,-1.4850020074511403,True,0.51444444,157.27,-1.1740829878165857,-0.9623267493447889,0.011,0.13357305526733398,1789511613.8931425,3.9714775084576104,1.6583420912479878,12.132738749999751,-99.39059,-0.0,0.0,0.2715077817633679,0.05430155635267358,0.2715077817633679,0.7757365193239083,low-motion,686.0065460205078,623,1058.3706074098116,0,False,0,151178,138807,0.0,0.0,11.42522,11,0.94,True,"[{""service_id"":""local_1s_tight"",""label"":""Immediate motion"",""family"":""local_relative_motion"",""horizon_s"":1.0,""position_tolerance_m"":0.1,""heading_tolerance_deg"":2.0,""maximum_aoi_s"":0.6,""position_error_m"":0.39984811877433174,""heading_error_deg"":4.501891249999762,""aoi_s"":0.13357305526733398,""position_margin_m"":-0.2998481187743317,""heading_margin_deg"":-2.501891249999762,""freshness_margin_s"":0.466426944732666,""normalized_margin"":-2.998481187743317,""observable"":true,""raw_pass"":false,""reason"":""position tolerance, heading tolerance"",""status"":""withdrawn"",""observed_evaluations"":4,""satisfaction_fraction"":0.0},{""service_id"":""local_5s_moderate"",""label"":""Short prediction"",""family"":""local_relative_motion"",""horizon_s"":5.0,""position_tolerance_m"":0.2,""heading_tolerance_deg"":5.0,""maximum_aoi_s"":1.0,""position_error_m"":null,""heading_error_deg"":null,""aoi_s"":0.13357305526733398,""position_margin_m"":null,""heading_margin_deg"":null,""freshness_margin_s"":null,""normalized_margin"":null,""observable"":false,""raw_pass"":false,""reason"":""no synchronized 5 s window"",""status"":""unobservable"",""observed_evaluations"":0,""satisfaction_fraction"":null},{""service_id"":""local_10s_preview"",""label"":""Planning support"",""family"":""local_relative_motion"",""horizon_s"":10.0,""position_tolerance_m"":0.5,""heading_tolerance_deg"":10.0,""maximum_aoi_s"":1.5,""position_error_m"":null,""heading_error_deg"":null,""aoi_s"":0.13357305526733398,""position_margin_m"":null,""heading_margin_deg"":null,""freshness_margin_s"":null,""normalized_margin"":null,""observable"":false,""raw_pass"":false,""reason"":""no synchronized 10 s window"",""status"":""unobservable"",""observed_evaluations"":0,""satisfaction_fraction"":null},{""service_id"":""global_state_tracking"",""label"":""Global asset tracking"",""family"":""global_synchronization"",""horizon_s"":0.0,""position_tolerance_m"":1.0,""heading_tolerance_deg"":5.0,""maximum_aoi_s"":1.0,""position_error_m"":1.6583420912479878,""heading_error_deg"":12.132738749999751,""aoi_s"":0.13357305526733398,""position_margin_m"":-0.6583420912479878,""heading_margin_deg"":-7.132738749999751,""freshness_margin_s"":0.866426944732666,""normalized_margin"":-1.4265477499999502,""observable"":true,""raw_pass"":false,""reason"":""position tolerance, heading tolerance"",""status"":""withdrawn"",""observed_evaluations"":5,""satisfaction_fraction"":0.4}]",high,10.0,0.42799999937415123
7.277000000000044,5869.34,1789517483.2327242,3802,0.0,0.0,0.04016816368602205,0.7381514271955537,-1.6697923624291182,True,0.195488887,157.27,,,0.004,0.0,1789511613.8927243,133.99139022840245,1.8256708528914647,,-99.49791,-0.0,0.0,0.004254240051736178,0.0008508480103472356,0.004254240051736178,0.012154971576389081,low-motion,565.5183792114258,618,1088.8339671183207,0,False,0,151178,138807,0.0,0.0,11.42522,11,0.94,False,"[{""service_id"":""local_1s_tight"",""label"":""Immediate motion"",""family"":""local_relative_motion"",""horizon_s"":1.0,""position_tolerance_m"":0.1,""heading_tolerance_deg"":2.0,""maximum_aoi_s"":0.6,""position_error_m"":null,""heading_error_deg"":null,""aoi_s"":0.0,""position_margin_m"":null,""heading_margin_deg"":null,""freshness_margin_s"":null,""normalized_margin"":null,""observable"":false,""raw_pass"":false,""reason"":""GPS course unobservable at low speed"",""status"":""unobservable"",""observed_evaluations"":4,""satisfaction_fraction"":0.0},{""service_id"":""local_5s_moderate"",""label"":""Short prediction"",""family"":""local_relative_motion"",""horizon_s"":5.0,""position_tolerance_m"":0.2,""heading_tolerance_deg"":5.0,""maximum_aoi_s"":1.0,""position_error_m"":null,""heading_error_deg"":null,""aoi_s"":0.0,""position_margin_m"":null,""heading_margin_deg"":null,""freshness_margin_s"":null,""normalized_margin"":null,""observable"":false,""raw_pass"":false,""reason"":""GPS course unobservable at low speed"",""status"":""unobservable"",""observed_evaluations"":0,""satisfaction_fraction"":null},{""service_id"":""local_10s_preview"",""label"":""Planning support"",""family"":""local_relative_motion"",""horizon_s"":10.0,""position_tolerance_m"":0.5,""heading_tolerance_deg"":10.0,""maximum_aoi_s"":1.5,""position_error_m"":null,""heading_error_deg"":null,""aoi_s"":0.0,""position_margin_m"":null,""heading_margin_deg"":null,""freshness_margin_s"":null,""normalized_margin"":null,""observable"":false,""raw_pass"":false,""reason"":""GPS course unobservable at low speed"",""status"":""unobservable"",""observed_evaluations"":0,""satisfaction_fraction"":null},{""service_id"":""global_state_tracking"",""label"":""Global asset tracking"",""family"":""global_synchronization"",""horizon_s"":0.0,""position_tolerance_m"":1.0,""heading_tolerance_deg"":5.0,""maximum_aoi_s"":1.0,""position_error_m"":1.8256708528914647,""heading_error_deg"":null,""aoi_s"":0.0,""position_margin_m"":-0.8256708528914647,""heading_margin_deg"":null,""freshness_margin_s"":1.0,""normalized_margin"":-0.8256708528914647,""observable"":true,""raw_pass"":false,""reason"":""position tolerance"",""status"":""withdrawn"",""observed_evaluations"":6,""satisfaction_fraction"":0.3333333333333333}]",high,10.0,0.3752000047825277
7.841000000000349,5869.904,1789517483.9325051,3803,0.0,0.0,0.03904844770440441,0.7381514271955537,-1.6697923624291182,True,0.195488887,157.27,,,0.567,0.13578081130981445,1789511613.8927243,135.7809410092159,1.8256708528914647,,-99.67609,-0.0,0.0,-0.00992656012071775,-0.00198531202414355,0.00992656012071775,0.028361600344907856,low-motion,696.2604522705078,625,1067.7821473312936,0,False,0,151178,138807,0.0,0.0,11.42522,11,0.94,False,"[{""service_id"":""local_1s_tight"",""label"":""Immediate motion"",""family"":""local_relative_motion"",""horizon_s"":1.0,""position_tolerance_m"":0.1,""heading_tolerance_deg"":2.0,""maximum_aoi_s"":0.6,""position_error_m"":null,""heading_error_deg"":null,""aoi_s"":0.13578081130981445,""position_margin_m"":null,""heading_margin_deg"":null,""freshness_margin_s"":null,""normalized_margin"":null,""observable"":false,""raw_pass"":false,""reason"":""GPS course unobservable at low speed"",""status"":""unobservable"",""observed_evaluations"":4,""satisfaction_fraction"":0.0},{""service_id"":""local_5s_moderate"",""label"":""Short prediction"",""family"":""local_relative_motion"",""horizon_s"":5.0,""position_tolerance_m"":0.2,""heading_tolerance_deg"":5.0,""maximum_aoi_s"":1.0,""position_error_m"":null,""heading_error_deg"":null,""aoi_s"":0.13578081130981445,""position_margin_m"":null,""heading_margin_deg"":null,""freshness_margin_s"":null,""normalized_margin"":null,""observable"":false,""raw_pass"":false,""reason"":""GPS course unobservable at low speed"",""status"":""unobservable"",""observed_evaluations"":0,""satisfaction_fraction"":null},{""service_id"":""local_10s_preview"",""label"":""Planning support"",""family"":""local_relative_motion"",""horizon_s"":10.0,""position_tolerance_m"":0.5,""heading_tolerance_deg"":10.0,""maximum_aoi_s"":1.5,""position_error_m"":null,""heading_error_deg"":null,""aoi_s"":0.13578081130981445,""position_margin_m"":null,""heading_margin_deg"":null,""freshness_margin_s"":null,""normalized_margin"":null,""observable"":false,""raw_pass"":false,""reason"":""GPS course unobservable at low speed"",""status"":""unobservable"",""observed_evaluations"":0,""satisfaction_fraction"":null},{""service_id"":""global_state_tracking"",""label"":""Global asset tracking"",""family"":""global_synchronization"",""horizon_s"":0.0,""position_tolerance_m"":1.0,""heading_tolerance_deg"":5.0,""maximum_aoi_s"":1.0,""position_error_m"":1.8256708528914647,""heading_error_deg"":null,""aoi_s"":0.13578081130981445,""position_margin_m"":-0.8256708528914647,""heading_margin_deg"":null,""freshness_margin_s"":0.8642191886901855,""normalized_margin"":-0.8256708528914647,""observable"":true,""raw_pass"":false,""reason"":""position tolerance"",""status"":""withdrawn"",""observed_evaluations"":7,""satisfaction_fraction"":0.2857142857142857}]",high,10.0,0.438000017311424
8.537000000000262,5870.6,1789517484.6268067,3804,0.0,0.0,0.03918510698483546,0.8861361673826879,-1.8556959116161627,True,0.195488887,157.27,,,0.016,0.13408255577087402,1789511613.8927243,1.6983947753033135,2.056415479306801,,-99.72367,-0.0,0.0,0.0009817477042468104,0.0001963495408493621,0.0009817477042468104,0.002804993440705173,low-motion,689.2993450164795,613,1068.0051098563276,0,False,0,151178,138807,0.0,0.0,11.42522,11,0.94,False,"[{""service_id"":""local_1s_tight"",""label"":""Immediate motion"",""family"":""local_relative_motion"",""horizon_s"":1.0,""position_tolerance_m"":0.1,""heading_tolerance_deg"":2.0,""maximum_aoi_s"":0.6,""position_error_m"":null,""heading_error_deg"":null,""aoi_s"":0.13408255577087402,""position_margin_m"":null,""heading_margin_deg"":null,""freshness_margin_s"":null,""normalized_margin"":null,""observable"":false,""raw_pass"":false,""reason"":""GPS course unobservable at low speed"",""status"":""unobservable"",""observed_evaluations"":4,""satisfaction_fraction"":0.0},{""service_id"":""local_5s_moderate"",""label"":""Short prediction"",""family"":""local_relative_motion"",""horizon_s"":5.0,""position_tolerance_m"":0.2,""heading_tolerance_deg"":5.0,""maximum_aoi_s"":1.0,""position_error_m"":null,""heading_error_deg"":null,""aoi_s"":0.13408255577087402,""position_margin_m"":null,""heading_margin_deg"":null,""freshness_margin_s"":null,""normalized_margin"":null,""observable"":false,""raw_pass"":false,""reason"":""GPS course unobservable at low speed"",""status"":""unobservable"",""observed_evaluations"":0,""satisfaction_fraction"":null},{""service_id"":""local_10s_preview"",""label"":""Planning support"",""family"":""local_relative_motion"",""horizon_s"":10.0,""position_tolerance_m"":0.5,""heading_tolerance_deg"":10.0,""maximum_aoi_s"":1.5,""position_error_m"":null,""heading_error_deg"":null,""aoi_s"":0.13408255577087402,""position_margin_m"":null,""heading_margin_deg"":null,""freshness_margin_s"":null,""normalized_margin"":null,""observable"":false,""raw_pass"":false,""reason"":""GPS course unobservable at low speed"",""status"":""unobservable"",""observed_evaluations"":0,""satisfaction_fraction"":null},{""service_id"":""global_state_tracking"",""label"":""Global asset tracking"",""family"":""global_synchronization"",""horizon_s"":0.0,""position_tolerance_m"":1.0,""heading_tolerance_deg"":5.0,""maximum_aoi_s"":1.0,""position_error_m"":2.056415479306801,""heading_error_deg"":null,""aoi_s"":0.13408255577087402,""position_margin_m"":-1.0564154793068008,""heading_margin_deg"":null,""freshness_margin_s"":0.865917444229126,""normalized_margin"":-1.0564154793068008,""observable"":true,""raw_pass"":false,""reason"":""position tolerance"",""status"":""withdrawn"",""observed_evaluations"":8,""satisfaction_fraction"":0.25}]",high,10.0,0.4879000480286777
9.235999999999876,5871.299,1789517485.1919577,3805,0.0,0.0,0.040084846030853605,0.8861361673826879,-2.04159946159418,True,0.056588888,157.27,,,0.012,0.0002334117889404297,1789511613.8927243,133.8490238185841,2.2256157953980567,,-99.79327,-0.0,0.0,0.0064359016167290905,0.0012871803233458182,0.0064359016167290905,0.01838829033351169,low-motion,558.1326484680176,617,1098.4356883478904,0,False,0,151178,138807,0.0,0.0,11.42522,11,0.94,False,"[{""service_id"":""local_1s_tight"",""label"":""Immediate motion"",""family"":""local_relative_motion"",""horizon_s"":1.0,""position_tolerance_m"":0.1,""heading_tolerance_deg"":2.0,""maximum_aoi_s"":0.6,""position_error_m"":null,""heading_error_deg"":null,""aoi_s"":0.0002334117889404297,""position_margin_m"":null,""heading_margin_deg"":null,""freshness_margin_s"":null,""normalized_margin"":null,""observable"":false,""raw_pass"":false,""reason"":""GPS course unobservable at low speed"",""status"":""unobservable"",""observed_evaluations"":4,""satisfaction_fraction"":0.0},{""service_id"":""local_5s_moderate"",""label"":""Short prediction"",""family"":""local_relative_motion"",""horizon_s"":5.0,""position_tolerance_m"":0.2,""heading_tolerance_deg"":5.0,""maximum_aoi_s"":1.0,""position_error_m"":null,""heading_error_deg"":null,""aoi_s"":0.0002334117889404297,""position_margin_m"":null,""heading_margin_deg"":null,""freshness_margin_s"":null,""normalized_margin"":null,""observable"":false,""raw_pass"":false,""reason"":""GPS course unobservable at low speed"",""status"":""unobservable"",""observed_evaluations"":0,""satisfaction_fraction"":null},{""service_id"":""local_10s_preview"",""label"":""Planning support"",""family"":""local_relative_motion"",""horizon_s"":10.0,""position_tolerance_m"":0.5,""heading_tolerance_deg"":10.0,""maximum_aoi_s"":1.5,""position_error_m"":null,""heading_error_deg"":null,""aoi_s"":0.0002334117889404297,""position_margin_m"":null,""heading_margin_deg"":null,""freshness_margin_s"":null,""normalized_margin"":null,""observable"":false,""raw_pass"":false,""reason"":""GPS course unobservable at low speed"",""status"":""unobservable"",""observed_evaluations"":0,""satisfaction_fraction"":null},{""service_id"":""global_state_tracking"",""label"":""Global asset tracking"",""family"":""global_synchronization"",""horizon_s"":0.0,""position_tolerance_m"":1.0,""heading_tolerance_deg"":5.0,""maximum_aoi_s"":1.0,""position_error_m"":2.2256157953980567,""heading_error_deg"":null,""aoi_s"":0.0002334117889404297,""position_margin_m"":-1.2256157953980567,""heading_margin_deg"":null,""freshness_margin_s"":0.9997665882110596,""normalized_margin"":-1.2256157953980567,""observable"":true,""raw_pass"":false,""reason"":""position tolerance"",""status"":""withdrawn"",""observed_evaluations"":9,""satisfaction_fraction"":0.2222222222222222}]",high,10.0,0.31949998810887337
9.819999999999709,5871.883,1789517485.912049,3806,-7.329478704242888e-05,-2.8603417523116025e-06,0.037925913727897775,0.8861361673826879,-2.04159946159418,True,0.056588888,157.27,,,0.595,0.13632488250732422,1789511613.8927243,136.09134292619274,2.225642355160556,,-100.0307,-0.00012560030560695423,-0.0013212392437286441,-0.013199052468207116,-0.0036968018886243386,0.011877813224478471,0.033936609212795635,low-motion,714.832067489624,619,1066.4444804118184,0,False,0,151178,138808,0.0,0.0,11.42522,11,0.94,False,"[{""service_id"":""local_1s_tight"",""label"":""Immediate motion"",""family"":""local_relative_motion"",""horizon_s"":1.0,""position_tolerance_m"":0.1,""heading_tolerance_deg"":2.0,""maximum_aoi_s"":0.6,""position_error_m"":null,""heading_error_deg"":null,""aoi_s"":0.13632488250732422,""position_margin_m"":null,""heading_margin_deg"":null,""freshness_margin_s"":null,""normalized_margin"":null,""observable"":false,""raw_pass"":false,""reason"":""GPS course unobservable at low speed"",""status"":""unobservable"",""observed_evaluations"":4,""satisfaction_fraction"":0.0},{""service_id"":""local_5s_moderate"",""label"":""Short prediction"",""family"":""local_relative_motion"",""horizon_s"":5.0,""position_tolerance_m"":0.2,""heading_tolerance_deg"":5.0,""maximum_aoi_s"":1.0,""position_error_m"":null,""heading_error_deg"":null,""aoi_s"":0.13632488250732422,""position_margin_m"":null,""heading_margin_deg"":null,""freshness_margin_s"":null,""normalized_margin"":null,""observable"":false,""raw_pass"":false,""reason"":""GPS course unobservable at low speed"",""status"":""unobservable"",""observed_evaluations"":0,""satisfaction_fraction"":null},{""service_id"":""local_10s_preview"",""label"":""Planning support"",""family"":""local_relative_motion"",""horizon_s"":10.0,""position_tolerance_m"":0.5,""heading_tolerance_deg"":10.0,""maximum_aoi_s"":1.5,""position_error_m"":null,""heading_error_deg"":null,""aoi_s"":0.13632488250732422,""position_margin_m"":null,""heading_margin_deg"":null,""freshness_margin_s"":null,""normalized_margin"":null,""observable"":false,""raw_pass"":false,""reason"":""GPS course unobservable at low speed"",""status"":""unobservable"",""observed_evaluations"":0,""satisfaction_fraction"":null},{""service_id"":""global_state_tracking"",""label"":""Global asset tracking"",""family"":""global_synchronization"",""horizon_s"":0.0,""position_tolerance_m"":1.0,""heading_tolerance_deg"":5.0,""maximum_aoi_s"":1.0,""position_error_m"":2.225642355160556,""heading_error_deg"":null,""aoi_s"":0.13632488250732422,""position_margin_m"":-1.2256423551605562,""heading_margin_deg"":null,""freshness_margin_s"":0.8636751174926758,""normalized_margin"":-1.2256423551605562,""observable"":true,""raw_pass"":false,""reason"":""position tolerance"",""status"":""withdrawn"",""observed_evaluations"":10,""satisfaction_fraction"":0.2}]",high,10.0,0.2478999667800963
10.524000000000342,5872.587,1789517486.5260503,3807,-0.0013198409222943872,-3.4978256706855225e-05,0.013593736585285399,0.8861361673826879,-2.04159946159418,True,0.025722222,157.27,,,0.019,0.0463261604309082,1789511613.8927243,89.99872589174629,2.2261095449913544,,-101.0407,-0.0017712497642959706,-0.01863247615301481,-0.09828385350293067,-0.03456275162299798,0.07965137734991587,0.2275753638569025,low-motion,611.9966506958008,627,1089.6651646848252,0,False,0,151178,138825,0.0,-0.01880079,11.42522,11,0.94,False,"[{""service_id"":""local_1s_tight"",""label"":""Immediate motion"",""family"":""local_relative_motion"",""horizon_s"":1.0,""position_tolerance_m"":0.1,""heading_tolerance_deg"":2.0,""maximum_aoi_s"":0.6,""position_error_m"":null,""heading_error_deg"":null,""aoi_s"":0.0463261604309082,""position_margin_m"":null,""heading_margin_deg"":null,""freshness_margin_s"":null,""normalized_margin"":null,""observable"":false,""raw_pass"":false,""reason"":""GPS course unobservable at low speed"",""status"":""unobservable"",""observed_evaluations"":4,""satisfaction_fraction"":0.0},{""service_id"":""local_5s_moderate"",""label"":""Short prediction"",""family"":""local_relative_motion"",""horizon_s"":5.0,""position_tolerance_m"":0.2,""heading_tolerance_deg"":5.0,""maximum_aoi_s"":1.0,""position_error_m"":null,""heading_error_deg"":null,""aoi_s"":0.0463261604309082,""position_margin_m"":null,""heading_margin_deg"":null,""freshness_margin_s"":null,""normalized_margin"":null,""observable"":false,""raw_pass"":false,""reason"":""GPS course unobservable at low speed"",""status"":""unobservable"",""observed_evaluations"":0,""satisfaction_fraction"":null},{""service_id"":""local_10s_preview"",""label"":""Planning support"",""family"":""local_relative_motion"",""horizon_s"":10.0,""position_tolerance_m"":0.5,""heading_tolerance_deg"":10.0,""maximum_aoi_s"":1.5,""position_error_m"":null,""heading_error_deg"":null,""aoi_s"":0.0463261604309082,""position_margin_m"":null,""heading_margin_deg"":null,""freshness_margin_s"":null,""normalized_margin"":null,""observable"":false,""raw_pass"":false,""reason"":""GPS course unobservable at low speed"",""status"":""unobservable"",""observed_evaluations"":0,""satisfaction_fraction"":null},{""service_id"":""global_state_tracking"",""label"":""Global asset tracking"",""family"":""global_synchronization"",""horizon_s"":0.0,""position_tolerance_m"":1.0,""heading_tolerance_deg"":5.0,""maximum_aoi_s"":1.0,""position_error_m"":2.2261095449913544,""heading_error_deg"":null,""aoi_s"":0.0463261604309082,""position_margin_m"":-1.2261095449913544,""heading_margin_deg"":null,""freshness_margin_s"":0.9536738395690918,""normalized_margin"":-1.2261095449913544,""observable"":true,""raw_pass"":false,""reason"":""position tolerance"",""status"":""withdrawn"",""observed_evaluations"":11,""satisfaction_fraction"":0.18181818181818182}]",high,10.0,0.2052999916486442
11.13000000000011,5873.193,1789517487.2237413,3808,-0.0344722403404142,0.004923874955430526,-0.3105471858627835,1.0341209063105468,-2.04159946159418,True,0.025722222,157.27,,,0.059,0.138016939163208,1789511613.8927243,91.69096374535002,2.3087115627794548,,-111.039,-0.05531553525219814,-0.528408486980372,-0.5607961052814281,-0.5348860106405833,0.032387618301056076,0.09253605228873166,low-motion,692.6946640014648,643,1092.4768593422432,0,False,0,151199,139261,-0.075250175,-0.131704274,11.42522,11,0.94,False,"[{""service_id"":""local_1s_tight"",""label"":""Immediate motion"",""family"":""local_relative_motion"",""horizon_s"":1.0,""position_tolerance_m"":0.1,""heading_tolerance_deg"":2.0,""maximum_aoi_s"":0.6,""position_error_m"":null,""heading_error_deg"":null,""aoi_s"":0.138016939163208,""position_margin_m"":null,""heading_margin_deg"":null,""freshness_margin_s"":null,""normalized_margin"":null,""observable"":false,""raw_pass"":false,""reason"":""GPS course unobservable at low speed"",""status"":""unobservable"",""observed_evaluations"":4,""satisfaction_fraction"":0.0},{""service_id"":""local_5s_moderate"",""label"":""Short prediction"",""family"":""local_relative_motion"",""horizon_s"":5.0,""position_tolerance_m"":0.2,""heading_tolerance_deg"":5.0,""maximum_aoi_s"":1.0,""position_error_m"":null,""heading_error_deg"":null,""aoi_s"":0.138016939163208,""position_margin_m"":null,""heading_margin_deg"":null,""freshness_margin_s"":null,""normalized_margin"":null,""observable"":false,""raw_pass"":false,""reason"":""GPS course unobservable at low speed"",""status"":""unobservable"",""observed_evaluations"":0,""satisfaction_fraction"":null},{""service_id"":""local_10s_preview"",""label"":""Planning support"",""family"":""local_relative_motion"",""horizon_s"":10.0,""position_tolerance_m"":0.5,""heading_tolerance_deg"":10.0,""maximum_aoi_s"":1.5,""position_error_m"":null,""heading_error_deg"":null,""aoi_s"":0.138016939163208,""position_margin_m"":null,""heading_margin_deg"":null,""freshness_margin_s"":null,""normalized_margin"":null,""observable"":false,""raw_pass"":false,""reason"":""GPS course unobservable at low speed"",""status"":""unobservable"",""observed_evaluations"":0,""satisfaction_fraction"":null},{""service_id"":""global_state_tracking"",""label"":""Global asset tracking"",""family"":""global_synchronization"",""horizon_s"":0.0,""position_tolerance_m"":1.0,""heading_tolerance_deg"":5.0,""maximum_aoi_s"":1.0,""position_error_m"":2.3087115627794548,""heading_error_deg"":null,""aoi_s"":0.138016939163208,""position_margin_m"":-1.3087115627794548,""heading_margin_deg"":null,""freshness_margin_s"":0.861983060836792,""normalized_margin"":-1.3087115627794548,""observable"":true,""raw_pass"":false,""reason"":""position tolerance"",""status"":""withdrawn"",""observed_evaluations"":12,""satisfaction_fraction"":0.16666666666666666}]",high,10.0,0.1283999881707132
11.872000000000298,5873.935,1789517487.9626086,3809,-0.12051051161395061,0.04044363031636469,-0.4724993703613487,1.0341209063105468,-2.04159946159418,True,0.066877777,157.27,,,0.06,0.13488435745239258,1789511613.8927243,3.1327171327575343,2.3807723847169338,,-116.7139,-0.12544728313213066,-0.23189707437894286,-0.16373370045271804,-0.21826439959369792,0.06816337392622482,0.19475249693207092,translation,736.8636131286621,646,1058.7996642702074,0,False,0,151722,140007,-0.131687806,-0.150481535,11.42522,11,0.94,False,"[{""service_id"":""local_1s_tight"",""label"":""Immediate motion"",""family"":""local_relative_motion"",""horizon_s"":1.0,""position_tolerance_m"":0.1,""heading_tolerance_deg"":2.0,""maximum_aoi_s"":0.6,""position_error_m"":null,""heading_error_deg"":null,""aoi_s"":0.13488435745239258,""position_margin_m"":null,""heading_margin_deg"":null,""freshness_margin_s"":null,""normalized_margin"":null,""observable"":false,""raw_pass"":false,""reason"":""GPS course unobservable at low speed"",""status"":""unobservable"",""observed_evaluations"":4,""satisfaction_fraction"":0.0},{""service_id"":""local_5s_moderate"",""label"":""Short prediction"",""family"":""local_relative_motion"",""horizon_s"":5.0,""position_tolerance_m"":0.2,""heading_tolerance_deg"":5.0,""maximum_aoi_s"":1.0,""position_error_m"":null,""heading_error_deg"":null,""aoi_s"":0.13488435745239258,""position_margin_m"":null,""heading_margin_deg"":null,""freshness_margin_s"":null,""normalized_margin"":null,""observable"":false,""raw_pass"":false,""reason"":""GPS course unobservable at low speed"",""status"":""unobservable"",""observed_evaluations"":0,""satisfaction_fraction"":null},{""service_id"":""local_10s_preview"",""label"":""Planning support"",""family"":""local_relative_motion"",""horizon_s"":10.0,""position_tolerance_m"":0.5,""heading_tolerance_deg"":10.0,""maximum_aoi_s"":1.5,""position_error_m"":null,""heading_error_deg"":null,""aoi_s"":0.13488435745239258,""position_margin_m"":null,""heading_margin_deg"":null,""freshness_margin_s"":null,""normalized_margin"":null,""observable"":false,""raw_pass"":false,""reason"":""GPS course unobservable at low speed"",""status"":""unobservable"",""observed_evaluations"":0,""satisfaction_fraction"":null},{""service_id"":""global_state_tracking"",""label"":""Global asset tracking"",""family"":""global_synchronization"",""horizon_s"":0.0,""position_tolerance_m"":1.0,""heading_tolerance_deg"":5.0,""maximum_aoi_s"":1.0,""position_error_m"":2.3807723847169338,""heading_error_deg"":null,""aoi_s"":0.13488435745239258,""position_margin_m"":-1.3807723847169338,""heading_margin_deg"":null,""freshness_margin_s"":0.8651156425476074,""normalized_margin"":-1.3807723847169338,""observable"":true,""raw_pass"":false,""reason"":""position tolerance"",""status"":""withdrawn"",""observed_evaluations"":13,""satisfaction_fraction"":0.15384615384615385}]",high,10.0,0.3633000305853784
12.568000000000211,5874.631,1789517488.5285444,3810,-0.21171729960162158,0.09254266322450079,-0.5654765740265901,0.8861361673826879,-2.5981969157372196,True,0.236644442,157.27,,,0.012,0.004820108413696289,1789511613.8927243,130.06414985648007,2.906090452267542,,-116.5804,-0.15091670743593624,-0.1396868800438404,-0.10919216132789523,-0.13358793630065136,0.030494718715945154,0.08712776775984331,translation,559.4756603240967,638,1093.9854246361476,0,False,0,152375,140786,-0.14666889,-0.177119158,11.42522,11,0.94,False,"[{""service_id"":""local_1s_tight"",""label"":""Immediate motion"",""family"":""local_relative_motion"",""horizon_s"":1.0,""position_tolerance_m"":0.1,""heading_tolerance_deg"":2.0,""maximum_aoi_s"":0.6,""position_error_m"":null,""heading_error_deg"":null,""aoi_s"":0.004820108413696289,""position_margin_m"":null,""heading_margin_deg"":null,""freshness_margin_s"":null,""normalized_margin"":null,""observable"":false,""raw_pass"":false,""reason"":""GPS course unobservable at low speed"",""status"":""unobservable"",""observed_evaluations"":4,""satisfaction_fraction"":0.0},{""service_id"":""local_5s_moderate"",""label"":""Short prediction"",""family"":""local_relative_motion"",""horizon_s"":5.0,""position_tolerance_m"":0.2,""heading_tolerance_deg"":5.0,""maximum_aoi_s"":1.0,""position_error_m"":null,""heading_error_deg"":null,""aoi_s"":0.004820108413696289,""position_margin_m"":null,""heading_margin_deg"":null,""freshness_margin_s"":null,""normalized_margin"":null,""observable"":false,""raw_pass"":false,""reason"":""GPS course unobservable at low speed"",""status"":""unobservable"",""observed_evaluations"":0,""satisfaction_fraction"":null},{""service_id"":""local_10s_preview"",""label"":""Planning support"",""family"":""local_relative_motion"",""horizon_s"":10.0,""position_tolerance_m"":0.5,""heading_tolerance_deg"":10.0,""maximum_aoi_s"":1.5,""position_error_m"":null,""heading_error_deg"":null,""aoi_s"":0.004820108413696289,""position_margin_m"":null,""heading_margin_deg"":null,""freshness_margin_s"":null,""normalized_margin"":null,""observable"":false,""raw_pass"":false,""reason"":""GPS course unobservable at low speed"",""status"":""unobservable"",""observed_evaluations"":0,""satisfaction_fraction"":null},{""service_id"":""global_state_tracking"",""label"":""Global asset tracking"",""family"":""global_synchronization"",""horizon_s"":0.0,""position_tolerance_m"":1.0,""heading_tolerance_deg"":5.0,""maximum_aoi_s"":1.0,""position_error_m"":2.906090452267542,""heading_error_deg"":null,""aoi_s"":0.004820108413696289,""position_margin_m"":-1.906090452267542,""heading_margin_deg"":null,""freshness_margin_s"":0.9951798915863037,""normalized_margin"":-1.906090452267542,""observable"":true,""raw_pass"":false,""reason"":""position tolerance"",""status"":""withdrawn"",""observed_evaluations"":14,""satisfaction_fraction"":0.14285714285714285}]",high,10.0,0.30909996712580323
13.157000000000153,5875.22,1789517489.2567565,3811,-0.2908189851042517,0.14579341714711844,-0.6195388175413448,1.0341209063105468,-2.226389816572158,True,0.236644442,157.27,,,0.043,0.14403223991394043,1789511613.8927243,139.21211814886192,2.717115936098624,,-116.5382,-0.16189431581796565,-0.0759813508719324,-0.15500705419274638,-0.09178649153609521,0.07902570332081398,0.22578772377375422,translation,723.1004238128662,645,1090.2925969404746,0,False,0,152996,141465,-0.16361313,-0.163280223,11.42522,10,0.97,False,"[{""service_id"":""local_1s_tight"",""label"":""Immediate motion"",""family"":""local_relative_motion"",""horizon_s"":1.0,""position_tolerance_m"":0.1,""heading_tolerance_deg"":2.0,""maximum_aoi_s"":0.6,""position_error_m"":null,""heading_error_deg"":null,""aoi_s"":0.14403223991394043,""position_margin_m"":null,""heading_margin_deg"":null,""freshness_margin_s"":null,""normalized_margin"":null,""observable"":false,""raw_pass"":false,""reason"":""GPS course unobservable at low speed"",""status"":""unobservable"",""observed_evaluations"":4,""satisfaction_fraction"":0.0},{""service_id"":""local_5s_moderate"",""label"":""Short prediction"",""family"":""local_relative_motion"",""horizon_s"":5.0,""position_tolerance_m"":0.2,""heading_tolerance_deg"":5.0,""maximum_aoi_s"":1.0,""position_error_m"":null,""heading_error_deg"":null,""aoi_s"":0.14403223991394043,""position_margin_m"":null,""heading_margin_deg"":null,""freshness_margin_s"":null,""normalized_margin"":null,""observable"":false,""raw_pass"":false,""reason"":""GPS course unobservable at low speed"",""status"":""unobservable"",""observed_evaluations"":0,""satisfaction_fraction"":null},{""service_id"":""local_10s_preview"",""label"":""Planning support"",""family"":""local_relative_motion"",""horizon_s"":10.0,""position_tolerance_m"":0.5,""heading_tolerance_deg"":10.0,""maximum_aoi_s"":1.5,""position_error_m"":null,""heading_error_deg"":null,""aoi_s"":0.14403223991394043,""position_margin_m"":null,""heading_margin_deg"":null,""freshness_margin_s"":null,""normalized_margin"":null,""observable"":false,""raw_pass"":false,""reason"":""GPS course unobservable at low speed"",""status"":""unobservable"",""observed_evaluations"":0,""satisfaction_fraction"":null},{""service_id"":""global_state_tracking"",""label"":""Global asset tracking"",""family"":""global_synchronization"",""horizon_s"":0.0,""position_tolerance_m"":1.0,""heading_tolerance_deg"":5.0,""maximum_aoi_s"":1.0,""position_error_m"":2.717115936098624,""heading_error_deg"":null,""aoi_s"":0.14403223991394043,""position_margin_m"":-1.7171159360986241,""heading_margin_deg"":null,""freshness_margin_s"":0.8559677600860596,""normalized_margin"":-1.7171159360986241,""observable"":true,""raw_pass"":false,""reason"":""position tolerance"",""status"":""withdrawn"",""observed_evaluations"":15,""satisfaction_fraction"":0.13333333333333333}]",high,10.0,0.39030000334605575
13.863000000000284,5875.926,1789517489.9552426,3812,-0.38598164157897386,0.21707865426584377,-0.6662959746096773,1.0341209063105468,-2.226389816572158,True,0.236644442,157.27,,,0.748,0.13651823997497559,1789511613.8927243,7.513910293710069,2.826168681183363,,-118.4955,-0.1684154216813677,-0.066668309941313,-0.06446809924554055,-0.06622826780215851,0.0022002106957724477,0.006286316273635565,translation,692.2135353088379,648,1067.1207126201875,0,False,0,153776,142306,-0.131654884,-0.169312894,11.42522,10,0.97,False,"[{""service_id"":""local_1s_tight"",""label"":""Immediate motion"",""family"":""local_relative_motion"",""horizon_s"":1.0,""position_tolerance_m"":0.1,""heading_tolerance_deg"":2.0,""maximum_aoi_s"":0.6,""position_error_m"":null,""heading_error_deg"":null,""aoi_s"":0.13651823997497559,""position_margin_m"":null,""heading_margin_deg"":null,""freshness_margin_s"":null,""normalized_margin"":null,""observable"":false,""raw_pass"":false,""reason"":""GPS course unobservable at low speed"",""status"":""unobservable"",""observed_evaluations"":4,""satisfaction_fraction"":0.0},{""service_id"":""local_5s_moderate"",""label"":""Short prediction"",""family"":""local_relative_motion"",""horizon_s"":5.0,""position_tolerance_m"":0.2,""heading_tolerance_deg"":5.0,""maximum_aoi_s"":1.0,""position_error_m"":null,""heading_error_deg"":null,""aoi_s"":0.13651823997497559,""position_margin_m"":null,""heading_margin_deg"":null,""freshness_margin_s"":null,""normalized_margin"":null,""observable"":false,""raw_pass"":false,""reason"":""GPS course unobservable at low speed"",""status"":""unobservable"",""observed_evaluations"":0,""satisfaction_fraction"":null},{""service_id"":""local_10s_preview"",""label"":""Planning support"",""family"":""local_relative_motion"",""horizon_s"":10.0,""position_tolerance_m"":0.5,""heading_tolerance_deg"":10.0,""maximum_aoi_s"":1.5,""position_error_m"":null,""heading_error_deg"":null,""aoi_s"":0.13651823997497559,""position_margin_m"":null,""heading_margin_deg"":null,""freshness_margin_s"":null,""normalized_margin"":null,""observable"":false,""raw_pass"":false,""reason"":""GPS course unobservable at low speed"",""status"":""unobservable"",""observed_evaluations"":0,""satisfaction_fraction"":null},{""service_id"":""global_state_tracking"",""label"":""Global asset tracking"",""family"":""global_synchronization"",""horizon_s"":0.0,""position_tolerance_m"":1.0,""heading_tolerance_deg"":5.0,""maximum_aoi_s"":1.0,""position_error_m"":2.826168681183363,""heading_error_deg"":null,""aoi_s"":0.13651823997497559,""position_margin_m"":-1.826168681183363,""heading_margin_deg"":null,""freshness_margin_s"":0.8634817600250244,""normalized_margin"":-1.826168681183363,""observable"":true,""raw_pass"":false,""reason"":""position tolerance"",""status"":""withdrawn"",""observed_evaluations"":16,""satisfaction_fraction"":0.125}]",high,10.0,0.3412999794818461
14.568000000000211,5876.631,1789517490.662554,3813,-0.4319452970268773,0.2539108818389252,-0.6848113548437285,0.8861361673826879,-2.226389816572158,True,0.123466666,157.27,,,0.02,0.13882970809936523,1789511613.8927243,2.3113918305170955,2.8087773677097605,,-119.2577,-0.0835468290992647,-0.022983940546220036,-0.03937899124812206,-0.026262950686600443,0.016395050701902024,0.046843002005434356,low-motion,702.4838924407959,636,1073.9910876061515,0,False,0,154167,142718,-0.056423522,-0.075287828,11.42522,9,0.99,False,"[{""service_id"":""local_1s_tight"",""label"":""Immediate motion"",""family"":""local_relative_motion"",""horizon_s"":1.0,""position_tolerance_m"":0.1,""heading_tolerance_deg"":2.0,""maximum_aoi_s"":0.6,""position_error_m"":null,""heading_error_deg"":null,""aoi_s"":0.13882970809936523,""position_margin_m"":null,""heading_margin_deg"":null,""freshness_margin_s"":null,""normalized_margin"":null,""observable"":false,""raw_pass"":false,""reason"":""GPS course unobservable at low speed"",""status"":""unobservable"",""observed_evaluations"":4,""satisfaction_fraction"":0.0},{""service_id"":""local_5s_moderate"",""label"":""Short prediction"",""family"":""local_relative_motion"",""horizon_s"":5.0,""position_tolerance_m"":0.2,""heading_tolerance_deg"":5.0,""maximum_aoi_s"":1.0,""position_error_m"":null,""heading_error_deg"":null,""aoi_s"":0.13882970809936523,""position_margin_m"":null,""heading_margin_deg"":null,""freshness_margin_s"":null,""normalized_margin"":null,""observable"":false,""raw_pass"":false,""reason"":""GPS course unobservable at low speed"",""status"":""unobservable"",""observed_evaluations"":0,""satisfaction_fraction"":null},{""service_id"":""local_10s_preview"",""label"":""Planning support"",""family"":""local_relative_motion"",""horizon_s"":10.0,""position_tolerance_m"":0.5,""heading_tolerance_deg"":10.0,""maximum_aoi_s"":1.5,""position_error_m"":null,""heading_error_deg"":null,""aoi_s"":0.13882970809936523,""position_margin_m"":null,""heading_margin_deg"":null,""freshness_margin_s"":null,""normalized_margin"":null,""observable"":false,""raw_pass"":false,""reason"":""GPS course unobservable at low speed"",""status"":""unobservable"",""observed_evaluations"":0,""satisfaction_fraction"":null},{""service_id"":""global_state_tracking"",""label"":""Global asset tracking"",""family"":""global_synchronization"",""horizon_s"":0.0,""position_tolerance_m"":1.0,""heading_tolerance_deg"":5.0,""maximum_aoi_s"":1.0,""position_error_m"":2.8087773677097605,""heading_error_deg"":null,""aoi_s"":0.13882970809936523,""position_margin_m"":-1.8087773677097605,""heading_margin_deg"":null,""freshness_margin_s"":0.8611702919006348,""normalized_margin"":-1.8087773677097605,""observable"":true,""raw_pass"":false,""reason"":""position tolerance"",""status"":""withdrawn"",""observed_evaluations"":17,""satisfaction_fraction"":0.11764705882352941}]",high,10.0,0.3720000386238098
15.273000000000138,5877.336,1789517491.3616984,3814,-0.4539491413575651,0.2723059247734382,-0.7077994686274591,1.0341209063105468,-2.226389816572158,True,0.08231111,157.27,,,0.019,0.13297414779663086,1789511613.8927243,5.855636596606928,2.908235354056751,,-119.1572,-0.04068095912554483,-0.02955078070228292,-0.04483314516060434,-0.03260725359394721,0.015282364458321419,0.043663898452346916,low-motion,693.6299800872803,644,1060.2508570825087,0,False,0,154349,142927,-0.018810192,-0.037639206,11.42522,10,0.96,False,"[{""service_id"":""local_1s_tight"",""label"":""Immediate motion"",""family"":""local_relative_motion"",""horizon_s"":1.0,""position_tolerance_m"":0.1,""heading_tolerance_deg"":2.0,""maximum_aoi_s"":0.6,""position_error_m"":null,""heading_error_deg"":null,""aoi_s"":0.13297414779663086,""position_margin_m"":null,""heading_margin_deg"":null,""freshness_margin_s"":null,""normalized_margin"":null,""observable"":false,""raw_pass"":false,""reason"":""GPS course unobservable at low speed"",""status"":""unobservable"",""observed_evaluations"":4,""satisfaction_fraction"":0.0},{""service_id"":""local_5s_moderate"",""label"":""Short prediction"",""family"":""local_relative_motion"",""horizon_s"":5.0,""position_tolerance_m"":0.2,""heading_tolerance_deg"":5.0,""maximum_aoi_s"":1.0,""position_error_m"":null,""heading_error_deg"":null,""aoi_s"":0.13297414779663086,""position_margin_m"":null,""heading_margin_deg"":null,""freshness_margin_s"":null,""normalized_margin"":null,""observable"":false,""raw_pass"":false,""reason"":""GPS course unobservable at low speed"",""status"":""unobservable"",""observed_evaluations"":0,""satisfaction_fraction"":null},{""service_id"":""local_10s_preview"",""label"":""Planning support"",""family"":""local_relative_motion"",""horizon_s"":10.0,""position_tolerance_m"":0.5,""heading_tolerance_deg"":10.0,""maximum_aoi_s"":1.5,""position_error_m"":null,""heading_error_deg"":null,""aoi_s"":0.13297414779663086,""position_margin_m"":null,""heading_margin_deg"":null,""freshness_margin_s"":null,""normalized_margin"":null,""observable"":false,""raw_pass"":false,""reason"":""GPS course unobservable at low speed"",""status"":""unobservable"",""observed_evaluations"":0,""satisfaction_fraction"":null},{""service_id"":""global_state_tracking"",""label"":""Global asset tracking"",""family"":""global_synchronization"",""horizon_s"":0.0,""position_tolerance_m"":1.0,""heading_tolerance_deg"":5.0,""maximum_aoi_s"":1.0,""position_error_m"":2.908235354056751,""heading_error_deg"":null,""aoi_s"":0.13297414779663086,""position_margin_m"":-1.908235354056751,""heading_margin_deg"":null,""freshness_margin_s"":0.8670258522033691,""normalized_margin"":-1.908235354056751,""observable"":true,""raw_pass"":false,""reason"":""position tolerance"",""status"":""withdrawn"",""observed_evaluations"":18,""satisfaction_fraction"":0.1111111111111111}]",high,10.0,0.37209998117759824
15.99200000000019,5878.055,1789517491.950111,3815,-0.45932735339497155,0.2771851898554871,-0.7657889399359661,1.0341209063105468,-2.226389816572158,True,0.08231111,157.27,,,0.738,0.0023865699768066406,1789511613.8927243,130.5874767303976,2.9151801860651125,,-118.6492,-0.010099731945714981,-0.10624307109233379,0.021707532571679473,-0.08065295035953114,0.12795060366401326,0.3655731533257522,low-motion,583.331823348999,623,1083.918612502296,0,False,0,154349,143026,0.0,0.0,11.42522,10,0.96,False,"[{""service_id"":""local_1s_tight"",""label"":""Immediate motion"",""family"":""local_relative_motion"",""horizon_s"":1.0,""position_tolerance_m"":0.1,""heading_tolerance_deg"":2.0,""maximum_aoi_s"":0.6,""position_error_m"":null,""heading_error_deg"":null,""aoi_s"":0.0023865699768066406,""position_margin_m"":null,""heading_margin_deg"":null,""freshness_margin_s"":null,""normalized_margin"":null,""observable"":false,""raw_pass"":false,""reason"":""GPS course unobservable at low speed"",""status"":""unobservable"",""observed_evaluations"":4,""satisfaction_fraction"":0.0},{""service_id"":""local_5s_moderate"",""label"":""Short prediction"",""family"":""local_relative_motion"",""horizon_s"":5.0,""position_tolerance_m"":0.2,""heading_tolerance_deg"":5.0,""maximum_aoi_s"":1.0,""position_error_m"":null,""heading_error_deg"":null,""aoi_s"":0.0023865699768066406,""position_margin_m"":null,""heading_margin_deg"":null,""freshness_margin_s"":null,""normalized_margin"":null,""observable"":false,""raw_pass"":false,""reason"":""GPS course unobservable at low speed"",""status"":""unobservable"",""observed_evaluations"":0,""satisfaction_fraction"":null},{""service_id"":""local_10s_preview"",""label"":""Planning support"",""family"":""local_relative_motion"",""horizon_s"":10.0,""position_tolerance_m"":0.5,""heading_tolerance_deg"":10.0,""maximum_aoi_s"":1.5,""position_error_m"":null,""heading_error_deg"":null,""aoi_s"":0.0023865699768066406,""position_margin_m"":null,""heading_margin_deg"":null,""freshness_margin_s"":null,""normalized_margin"":null,""observable"":false,""raw_pass"":false,""reason"":""GPS course unobservable at low speed"",""status"":""unobservable"",""observed_evaluations"":0,""satisfaction_fraction"":null},{""service_id"":""global_state_tracking"",""label"":""Global asset tracking"",""family"":""global_synchronization"",""horizon_s"":0.0,""position_tolerance_m"":1.0,""heading_tolerance_deg"":5.0,""maximum_aoi_s"":1.0,""position_error_m"":2.9151801860651125,""heading_error_deg"":null,""aoi_s"":0.0023865699768066406,""position_margin_m"":-1.9151801860651125,""heading_margin_deg"":null,""freshness_margin_s"":0.9976134300231934,""normalized_margin"":-1.9151801860651125,""observable"":true,""raw_pass"":false,""reason"":""position tolerance"",""status"":""withdrawn"",""observed_evaluations"":19,""satisfaction_fraction"":0.10526315789473684}]",high,10.0,0.22629997693002224
16.554000000000087,5878.617,1789517492.6955452,3816,-0.45932735339497155,0.2771851898554871,-0.7662916383937715,1.0341209063105468,-2.226389816572158,True,0.113177777,157.27,,,0.011,0.1858208179473877,1789511613.8927243,183.43428421030694,2.9151801860651125,,-118.7423,-0.0,0.0,-0.004472406208235469,-0.0008944812416470937,0.004472406208235469,0.01277830345210134,low-motion,742.8274154663086,624,1078.4002426028424,0,False,0,154349,143026,0.0,0.0,11.42522,10,0.98,False,"[{""service_id"":""local_1s_tight"",""label"":""Immediate motion"",""family"":""local_relative_motion"",""horizon_s"":1.0,""position_tolerance_m"":0.1,""heading_tolerance_deg"":2.0,""maximum_aoi_s"":0.6,""position_error_m"":null,""heading_error_deg"":null,""aoi_s"":0.1858208179473877,""position_margin_m"":null,""heading_margin_deg"":null,""freshness_margin_s"":null,""normalized_margin"":null,""observable"":false,""raw_pass"":false,""reason"":""GPS course unobservable at low speed"",""status"":""unobservable"",""observed_evaluations"":4,""satisfaction_fraction"":0.0},{""service_id"":""local_5s_moderate"",""label"":""Short prediction"",""family"":""local_relative_motion"",""horizon_s"":5.0,""position_tolerance_m"":0.2,""heading_tolerance_deg"":5.0,""maximum_aoi_s"":1.0,""position_error_m"":null,""heading_error_deg"":null,""aoi_s"":0.1858208179473877,""position_margin_m"":null,""heading_margin_deg"":null,""freshness_margin_s"":null,""normalized_margin"":null,""observable"":false,""raw_pass"":false,""reason"":""GPS course unobservable at low speed"",""status"":""unobservable"",""observed_evaluations"":0,""satisfaction_fraction"":null},{""service_id"":""local_10s_preview"",""label"":""Planning support"",""family"":""local_relative_motion"",""horizon_s"":10.0,""position_tolerance_m"":0.5,""heading_tolerance_deg"":10.0,""maximum_aoi_s"":1.5,""position_error_m"":null,""heading_error_deg"":null,""aoi_s"":0.1858208179473877,""position_margin_m"":null,""heading_margin_deg"":null,""freshness_margin_s"":null,""normalized_margin"":null,""observable"":false,""raw_pass"":false,""reason"":""GPS course unobservable at low speed"",""status"":""unobservable"",""observed_evaluations"":0,""satisfaction_fraction"":null},{""service_id"":""global_state_tracking"",""label"":""Global asset tracking"",""family"":""global_synchronization"",""horizon_s"":0.0,""position_tolerance_m"":1.0,""heading_tolerance_deg"":5.0,""maximum_aoi_s"":1.0,""position_error_m"":2.9151801860651125,""heading_error_deg"":null,""aoi_s"":0.1858208179473877,""position_margin_m"":-1.9151801860651125,""heading_margin_deg"":null,""freshness_margin_s"":0.8141791820526123,""normalized_margin"":-1.9151801860651125,""observable"":true,""raw_pass"":false,""reason"":""position tolerance"",""status"":""withdrawn"",""observed_evaluations"":20,""satisfaction_fraction"":0.1}]",high,10.0,0.12739998055621982
17.29199999999946,5879.355,1789517493.251702,3817,-0.45932735339497155,0.2771851898554871,-0.766307739056121,1.1812195108868977,-2.4122933657592025,True,0.097744444,157.27,,,0.054,0.003977775573730469,1789511613.8927243,181.84312629637134,3.1503474276683123,,-118.4982,-0.0,0.0,-0.0001090830782496456,-2.181661564992912e-05,0.0001090830782496456,0.0003116659378561303,low-motion,554.1696548461914,618,1074.7047594644803,0,False,0,154349,143026,0.0,0.0,11.42893,10,0.98,False,"[{""service_id"":""local_1s_tight"",""label"":""Immediate motion"",""family"":""local_relative_motion"",""horizon_s"":1.0,""position_tolerance_m"":0.1,""heading_tolerance_deg"":2.0,""maximum_aoi_s"":0.6,""position_error_m"":null,""heading_error_deg"":null,""aoi_s"":0.003977775573730469,""position_margin_m"":null,""heading_margin_deg"":null,""freshness_margin_s"":null,""normalized_margin"":null,""observable"":false,""raw_pass"":false,""reason"":""GPS course unobservable at low speed"",""status"":""unobservable"",""observed_evaluations"":4,""satisfaction_fraction"":0.0},{""service_id"":""local_5s_moderate"",""label"":""Short prediction"",""family"":""local_relative_motion"",""horizon_s"":5.0,""position_tolerance_m"":0.2,""heading_tolerance_deg"":5.0,""maximum_aoi_s"":1.0,""position_error_m"":null,""heading_error_deg"":null,""aoi_s"":0.003977775573730469,""position_margin_m"":null,""heading_margin_deg"":null,""freshness_margin_s"":null,""normalized_margin"":null,""observable"":false,""raw_pass"":false,""reason"":""GPS course unobservable at low speed"",""status"":""unobservable"",""observed_evaluations"":0,""satisfaction_fraction"":null},{""service_id"":""local_10s_preview"",""label"":""Planning support"",""family"":""local_relative_motion"",""horizon_s"":10.0,""position_tolerance_m"":0.5,""heading_tolerance_deg"":10.0,""maximum_aoi_s"":1.5,""position_error_m"":null,""heading_error_deg"":null,""aoi_s"":0.003977775573730469,""position_margin_m"":null,""heading_margin_deg"":null,""freshness_margin_s"":null,""normalized_margin"":null,""observable"":false,""raw_pass"":false,""reason"":""GPS course unobservable at low speed"",""status"":""unobservable"",""observed_evaluations"":0,""satisfaction_fraction"":null},{""service_id"":""global_state_tracking"",""label"":""Global asset tracking"",""family"":""global_synchronization"",""horizon_s"":0.0,""position_tolerance_m"":1.0,""heading_tolerance_deg"":5.0,""maximum_aoi_s"":1.0,""position_error_m"":3.1503474276683123,""heading_error_deg"":null,""aoi_s"":0.003977775573730469,""position_margin_m"":-2.1503474276683123,""heading_margin_deg"":null,""freshness_margin_s"":0.9960222244262695,""normalized_margin"":-2.1503474276683123,""observable"":true,""raw_pass"":false,""reason"":""position tolerance"",""status"":""withdrawn"",""observed_evaluations"":21,""satisfaction_fraction"":0.09523809523809523}]",high,10.0,0.20160002168267965
17.85699999999997,5879.92,1789517493.968956,3818,-0.45932735339497155,0.2771851898554871,-0.76558048217343,1.1812195108868977,-2.4122933657592025,True,0.097744444,157.27,,,0.618,0.15623164176940918,1789511613.8927243,152.25392341562838,3.1503474276683123,,-118.5135,-0.0,0.0,0.0064359016167290905,0.0012871803233458182,0.0064359016167290905,0.01838829033351169,low-motion,714.247465133667,614,1072.1108166366016,0,False,0,154349,143026,0.0,0.0,11.42893,10,0.98,False,"[{""service_id"":""local_1s_tight"",""label"":""Immediate motion"",""family"":""local_relative_motion"",""horizon_s"":1.0,""position_tolerance_m"":0.1,""heading_tolerance_deg"":2.0,""maximum_aoi_s"":0.6,""position_error_m"":null,""heading_error_deg"":null,""aoi_s"":0.15623164176940918,""position_margin_m"":null,""heading_margin_deg"":null,""freshness_margin_s"":null,""normalized_margin"":null,""observable"":false,""raw_pass"":false,""reason"":""GPS course unobservable at low speed"",""status"":""unobservable"",""observed_evaluations"":4,""satisfaction_fraction"":0.0},{""service_id"":""local_5s_moderate"",""label"":""Short prediction"",""family"":""local_relative_motion"",""horizon_s"":5.0,""position_tolerance_m"":0.2,""heading_tolerance_deg"":5.0,""maximum_aoi_s"":1.0,""position_error_m"":null,""heading_error_deg"":null,""aoi_s"":0.15623164176940918,""position_margin_m"":null,""heading_margin_deg"":null,""freshness_margin_s"":null,""normalized_margin"":null,""observable"":false,""raw_pass"":false,""reason"":""GPS course unobservable at low speed"",""status"":""unobservable"",""observed_evaluations"":0,""satisfaction_fraction"":null},{""service_id"":""local_10s_preview"",""label"":""Planning support"",""family"":""local_relative_motion"",""horizon_s"":10.0,""position_tolerance_m"":0.5,""heading_tolerance_deg"":10.0,""maximum_aoi_s"":1.5,""position_error_m"":null,""heading_error_deg"":null,""aoi_s"":0.15623164176940918,""position_margin_m"":null,""heading_margin_deg"":null,""freshness_margin_s"":null,""normalized_margin"":null,""observable"":false,""raw_pass"":false,""reason"":""GPS course unobservable at low speed"",""status"":""unobservable"",""observed_evaluations"":0,""satisfaction_fraction"":null},{""service_id"":""global_state_tracking"",""label"":""Global asset tracking"",""family"":""global_synchronization"",""horizon_s"":0.0,""position_tolerance_m"":1.0,""heading_tolerance_deg"":5.0,""maximum_aoi_s"":1.0,""position_error_m"":3.1503474276683123,""heading_error_deg"":null,""aoi_s"":0.15623164176940918,""position_margin_m"":-2.1503474276683123,""heading_margin_deg"":null,""freshness_margin_s"":0.8437683582305908,""normalized_margin"":-2.1503474276683123,""observable"":true,""raw_pass"":false,""reason"":""position tolerance"",""status"":""withdrawn"",""observed_evaluations"":22,""satisfaction_fraction"":0.09090909090909091}]",high,10.0,0.27949997456744313
18.568999999999505,5880.632,1789517494.5295932,3819,-0.45932735339497155,0.2771851898554871,-0.7655960156037729,1.1812195108868977,-2.4122933657592025,True,0.097744444,157.27,,,0.032,0.004868984222412109,1789511613.8927243,151.36276435805485,3.1503474276683123,,-118.1091,-0.0,0.0,-0.0001090830782496456,-2.181661564992912e-05,0.0001090830782496456,0.0003116659378561303,low-motion,556.0803413391113,618,1098.5165861514024,0,False,0,154349,143026,0.0,0.0,11.42893,10,0.98,False,"[{""service_id"":""local_1s_tight"",""label"":""Immediate motion"",""family"":""local_relative_motion"",""horizon_s"":1.0,""position_tolerance_m"":0.1,""heading_tolerance_deg"":2.0,""maximum_aoi_s"":0.6,""position_error_m"":null,""heading_error_deg"":null,""aoi_s"":0.004868984222412109,""position_margin_m"":null,""heading_margin_deg"":null,""freshness_margin_s"":null,""normalized_margin"":null,""observable"":false,""raw_pass"":false,""reason"":""GPS course unobservable at low speed"",""status"":""unobservable"",""observed_evaluations"":4,""satisfaction_fraction"":0.0},{""service_id"":""local_5s_moderate"",""label"":""Short prediction"",""family"":""local_relative_motion"",""horizon_s"":5.0,""position_tolerance_m"":0.2,""heading_tolerance_deg"":5.0,""maximum_aoi_s"":1.0,""position_error_m"":null,""heading_error_deg"":null,""aoi_s"":0.004868984222412109,""position_margin_m"":null,""heading_margin_deg"":null,""freshness_margin_s"":null,""normalized_margin"":null,""observable"":false,""raw_pass"":false,""reason"":""GPS course unobservable at low speed"",""status"":""unobservable"",""observed_evaluations"":0,""satisfaction_fraction"":null},{""service_id"":""local_10s_preview"",""label"":""Planning support"",""family"":""local_relative_motion"",""horizon_s"":10.0,""position_tolerance_m"":0.5,""heading_tolerance_deg"":10.0,""maximum_aoi_s"":1.5,""position_error_m"":null,""heading_error_deg"":null,""aoi_s"":0.004868984222412109,""position_margin_m"":null,""heading_margin_deg"":null,""freshness_margin_s"":null,""normalized_margin"":null,""observable"":false,""raw_pass"":false,""reason"":""GPS course unobservable at low speed"",""status"":""unobservable"",""observed_evaluations"":0,""satisfaction_fraction"":null},{""service_id"":""global_state_tracking"",""label"":""Global asset tracking"",""family"":""global_synchronization"",""horizon_s"":0.0,""position_tolerance_m"":1.0,""heading_tolerance_deg"":5.0,""maximum_aoi_s"":1.0,""position_error_m"":3.1503474276683123,""heading_error_deg"":null,""aoi_s"":0.004868984222412109,""position_margin_m"":-2.1503474276683123,""heading_margin_deg"":null,""freshness_margin_s"":0.9951310157775879,""normalized_margin"":-2.1503474276683123,""observable"":true,""raw_pass"":false,""reason"":""position tolerance"",""status"":""withdrawn"",""observed_evaluations"":23,""satisfaction_fraction"":0.08695652173913043}]",high,10.0,0.3507999936118722
19.14599999999973,5881.209,1789517495.2378268,3820,-0.45932735339497155,0.2771851898554871,-0.7653568400464028,1.1812195108868977,-2.4122933657592025,True,0.025722222,157.27,,,0.027,0.13610243797302246,1789511613.8927243,131.23359489418363,3.1503474276683123,,-118.2032,-0.0,0.0,0.002072578486743266,0.0004145156973486533,0.002072578486743266,0.005921652819266475,low-motion,702.1980285644531,617,1091.5196142174461,0,False,0,154349,143026,0.0,0.0,11.42893,11,0.94,False,"[{""service_id"":""local_1s_tight"",""label"":""Immediate motion"",""family"":""local_relative_motion"",""horizon_s"":1.0,""position_tolerance_m"":0.1,""heading_tolerance_deg"":2.0,""maximum_aoi_s"":0.6,""position_error_m"":null,""heading_error_deg"":null,""aoi_s"":0.13610243797302246,""position_margin_m"":null,""heading_margin_deg"":null,""freshness_margin_s"":null,""normalized_margin"":null,""observable"":false,""raw_pass"":false,""reason"":""GPS course unobservable at low speed"",""status"":""unobservable"",""observed_evaluations"":4,""satisfaction_fraction"":0.0},{""service_id"":""local_5s_moderate"",""label"":""Short prediction"",""family"":""local_relative_motion"",""horizon_s"":5.0,""position_tolerance_m"":0.2,""heading_tolerance_deg"":5.0,""maximum_aoi_s"":1.0,""position_error_m"":null,""heading_error_deg"":null,""aoi_s"":0.13610243797302246,""position_margin_m"":null,""heading_margin_deg"":null,""freshness_margin_s"":null,""normalized_margin"":null,""observable"":false,""raw_pass"":false,""reason"":""GPS course unobservable at low speed"",""status"":""unobservable"",""observed_evaluations"":0,""satisfaction_fraction"":null},{""service_id"":""local_10s_preview"",""label"":""Planning support"",""family"":""local_relative_motion"",""horizon_s"":10.0,""position_tolerance_m"":0.5,""heading_tolerance_deg"":10.0,""maximum_aoi_s"":1.5,""position_error_m"":null,""heading_error_deg"":null,""aoi_s"":0.13610243797302246,""position_margin_m"":null,""heading_margin_deg"":null,""freshness_margin_s"":null,""normalized_margin"":null,""observable"":false,""raw_pass"":false,""reason"":""GPS course unobservable at low speed"",""status"":""unobservable"",""observed_evaluations"":0,""satisfaction_fraction"":null},{""service_id"":""global_state_tracking"",""label"":""Global asset tracking"",""family"":""global_synchronization"",""horizon_s"":0.0,""position_tolerance_m"":1.0,""heading_tolerance_deg"":5.0,""maximum_aoi_s"":1.0,""position_error_m"":3.1503474276683123,""heading_error_deg"":null,""aoi_s"":0.13610243797302246,""position_margin_m"":-2.1503474276683123,""heading_margin_deg"":null,""freshness_margin_s"":0.8638975620269775,""normalized_margin"":-2.1503474276683123,""observable"":true,""raw_pass"":false,""reason"":""position tolerance"",""status"":""withdrawn"",""observed_evaluations"":24,""satisfaction_fraction"":0.08333333333333333}]",high,10.0,0.37789996713399887
19.903000000000247,5881.966,1789517495.8631523,3821,-0.45932735339497155,0.2771851898554871,-0.7642172927611592,1.1812195108868977,-2.4122933657592025,True,0.092599999,157.27,,,0.075,0.004427909851074219,1789511613.8927243,131.67455864004296,3.1503474276683123,,-118.1335,-0.0,0.0,0.007526732399225546,0.0015053464798451092,0.007526732399225546,0.02150494971207299,low-motion,619.0929412841797,617,1105.1984839780966,0,False,0,154349,143026,0.0,0.0,11.42893,11,0.94,False,"[{""service_id"":""local_1s_tight"",""label"":""Immediate motion"",""family"":""local_relative_motion"",""horizon_s"":1.0,""position_tolerance_m"":0.1,""heading_tolerance_deg"":2.0,""maximum_aoi_s"":0.6,""position_error_m"":null,""heading_error_deg"":null,""aoi_s"":0.004427909851074219,""position_margin_m"":null,""heading_margin_deg"":null,""freshness_margin_s"":null,""normalized_margin"":null,""observable"":false,""raw_pass"":false,""reason"":""GPS course unobservable at low speed"",""status"":""unobservable"",""observed_evaluations"":4,""satisfaction_fraction"":0.0},{""service_id"":""local_5s_moderate"",""label"":""Short prediction"",""family"":""local_relative_motion"",""horizon_s"":5.0,""position_tolerance_m"":0.2,""heading_tolerance_deg"":5.0,""maximum_aoi_s"":1.0,""position_error_m"":null,""heading_error_deg"":null,""aoi_s"":0.004427909851074219,""position_margin_m"":null,""heading_margin_deg"":null,""freshness_margin_s"":null,""normalized_margin"":null,""observable"":false,""raw_pass"":false,""reason"":""GPS course unobservable at low speed"",""status"":""unobservable"",""observed_evaluations"":0,""satisfaction_fraction"":null},{""service_id"":""local_10s_preview"",""label"":""Planning support"",""family"":""local_relative_motion"",""horizon_s"":10.0,""position_tolerance_m"":0.5,""heading_tolerance_deg"":10.0,""maximum_aoi_s"":1.5,""position_error_m"":null,""heading_error_deg"":null,""aoi_s"":0.004427909851074219,""position_margin_m"":null,""heading_margin_deg"":null,""freshness_margin_s"":null,""normalized_margin"":null,""observable"":false,""raw_pass"":false,""reason"":""GPS course unobservable at low speed"",""status"":""unobservable"",""observed_evaluations"":0,""satisfaction_fraction"":null},{""service_id"":""global_state_tracking"",""label"":""Global asset tracking"",""family"":""global_synchronization"",""horizon_s"":0.0,""position_tolerance_m"":1.0,""heading_tolerance_deg"":5.0,""maximum_aoi_s"":1.0,""position_error_m"":3.1503474276683123,""heading_error_deg"":null,""aoi_s"":0.004427909851074219,""position_margin_m"":-2.1503474276683123,""heading_margin_deg"":null,""freshness_margin_s"":0.9955720901489258,""normalized_margin"":-2.1503474276683123,""observable"":true,""raw_pass"":false,""reason"":""position tolerance"",""status"":""withdrawn"",""observed_evaluations"":25,""satisfaction_fraction"":0.08}]",high,10.0,0.5179000436328351
20.472999999999956,5882.536,1789517496.5632482,3822,-0.45932735339497155,0.2771851898554871,-0.7638566641044662,1.1812195108868977,-2.4122933657592025,True,0.08231111,157.27,,,0.019,0.13452386856079102,1789511613.8927243,130.0958919528057,3.1503474276683123,,-118.0477,-0.0,0.0,0.0031634092692397224,0.0006326818538479446,0.0031634092692397224,0.009038312197827778,low-motion,691.9801235198975,615,1072.1553981880106,0,False,0,154349,143026,0.0,0.0,11.42893,11,0.94,False,"[{""service_id"":""local_1s_tight"",""label"":""Immediate motion"",""family"":""local_relative_motion"",""horizon_s"":1.0,""position_tolerance_m"":0.1,""heading_tolerance_deg"":2.0,""maximum_aoi_s"":0.6,""position_error_m"":null,""heading_error_deg"":null,""aoi_s"":0.13452386856079102,""position_margin_m"":null,""heading_margin_deg"":null,""freshness_margin_s"":null,""normalized_margin"":null,""observable"":false,""raw_pass"":false,""reason"":""GPS course unobservable at low speed"",""status"":""unobservable"",""observed_evaluations"":4,""satisfaction_fraction"":0.0},{""service_id"":""local_5s_moderate"",""label"":""Short prediction"",""family"":""local_relative_motion"",""horizon_s"":5.0,""position_tolerance_m"":0.2,""heading_tolerance_deg"":5.0,""maximum_aoi_s"":1.0,""position_error_m"":null,""heading_error_deg"":null,""aoi_s"":0.13452386856079102,""position_margin_m"":null,""heading_margin_deg"":null,""freshness_margin_s"":null,""normalized_margin"":null,""observable"":false,""raw_pass"":false,""reason"":""GPS course unobservable at low speed"",""status"":""unobservable"",""observed_evaluations"":0,""satisfaction_fraction"":null},{""service_id"":""local_10s_preview"",""label"":""Planning support"",""family"":""local_relative_motion"",""horizon_s"":10.0,""position_tolerance_m"":0.5,""heading_tolerance_deg"":10.0,""maximum_aoi_s"":1.5,""position_error_m"":null,""heading_error_deg"":null,""aoi_s"":0.13452386856079102,""position_margin_m"":null,""heading_margin_deg"":null,""freshness_margin_s"":null,""normalized_margin"":null,""observable"":false,""raw_pass"":false,""reason"":""GPS course unobservable at low speed"",""status"":""unobservable"",""observed_evaluations"":0,""satisfaction_fraction"":null},{""service_id"":""global_state_tracking"",""label"":""Global asset tracking"",""family"":""global_synchronization"",""horizon_s"":0.0,""position_tolerance_m"":1.0,""heading_tolerance_deg"":5.0,""maximum_aoi_s"":1.0,""position_error_m"":3.1503474276683123,""heading_error_deg"":null,""aoi_s"":0.13452386856079102,""position_margin_m"":-2.1503474276683123,""heading_margin_deg"":null,""freshness_margin_s"":0.865476131439209,""normalized_margin"":-2.1503474276683123,""observable"":true,""raw_pass"":false,""reason"":""position tolerance"",""status"":""withdrawn"",""observed_evaluations"":26,""satisfaction_fraction"":0.07692307692307693}]",high,10.0,0.13770000077784061
21.18000000000029,5883.243,1789517497.1361938,3823,-0.45932735339497155,0.2771851898554871,-0.7644890623423111,1.1812195108868977,-2.4122933657592025,True,0.08231111,157.27,,,0.027,0.00046944618225097656,1789511613.8927243,134.05440521273704,3.1503474276683123,,-118.2481,-0.0,0.0,-0.004472406208235469,-0.0008944812416470937,0.004472406208235469,0.01277830345210134,low-motion,567.7824020385742,617,1112.4501157825619,0,False,0,154349,143026,0.0,0.0,11.42893,11,0.94,False,"[{""service_id"":""local_1s_tight"",""label"":""Immediate motion"",""family"":""local_relative_motion"",""horizon_s"":1.0,""position_tolerance_m"":0.1,""heading_tolerance_deg"":2.0,""maximum_aoi_s"":0.6,""position_error_m"":null,""heading_error_deg"":null,""aoi_s"":0.00046944618225097656,""position_margin_m"":null,""heading_margin_deg"":null,""freshness_margin_s"":null,""normalized_margin"":null,""observable"":false,""raw_pass"":false,""reason"":""GPS course unobservable at low speed"",""status"":""unobservable"",""observed_evaluations"":4,""satisfaction_fraction"":0.0},{""service_id"":""local_5s_moderate"",""label"":""Short prediction"",""family"":""local_relative_motion"",""horizon_s"":5.0,""position_tolerance_m"":0.2,""heading_tolerance_deg"":5.0,""maximum_aoi_s"":1.0,""position_error_m"":null,""heading_error_deg"":null,""aoi_s"":0.00046944618225097656,""position_margin_m"":null,""heading_margin_deg"":null,""freshness_margin_s"":null,""normalized_margin"":null,""observable"":false,""raw_pass"":false,""reason"":""GPS course unobservable at low speed"",""status"":""unobservable"",""observed_evaluations"":0,""satisfaction_fraction"":null},{""service_id"":""local_10s_preview"",""label"":""Planning support"",""family"":""local_relative_motion"",""horizon_s"":10.0,""position_tolerance_m"":0.5,""heading_tolerance_deg"":10.0,""maximum_aoi_s"":1.5,""position_error_m"":null,""heading_error_deg"":null,""aoi_s"":0.00046944618225097656,""position_margin_m"":null,""heading_margin_deg"":null,""freshness_margin_s"":null,""normalized_margin"":null,""observable"":false,""raw_pass"":false,""reason"":""GPS course unobservable at low speed"",""status"":""unobservable"",""observed_evaluations"":0,""satisfaction_fraction"":null},{""service_id"":""global_state_tracking"",""label"":""Global asset tracking"",""family"":""global_synchronization"",""horizon_s"":0.0,""position_tolerance_m"":1.0,""heading_tolerance_deg"":5.0,""maximum_aoi_s"":1.0,""position_error_m"":3.1503474276683123,""heading_error_deg"":null,""aoi_s"":0.00046944618225097656,""position_margin_m"":-2.1503474276683123,""heading_margin_deg"":null,""freshness_margin_s"":0.999530553817749,""normalized_margin"":-2.1503474276683123,""observable"":true,""raw_pass"":false,""reason"":""position tolerance"",""status"":""withdrawn"",""observed_evaluations"":27,""satisfaction_fraction"":0.07407407407407407}]",high,10.0,0.2243000199086964
21.738999999999578,5883.802,1789517497.832853,3824,-0.45932735339497155,0.2771851898554871,-0.7643793029489765,1.1812195108868977,-2.4122933657592025,True,0.108033332,157.27,,,0.011,0.13812875747680664,1789511613.8927243,137.65932655405777,3.1503474276683123,,-118.5074,-0.0,0.0,0.0009817477042468104,0.0001963495408493621,0.0009817477042468104,0.002804993440705173,low-motion,694.6563720703125,617,1076.8036222191922,0,False,0,154349,143026,0.0,0.0,11.42893,11,0.94,False,"[{""service_id"":""local_1s_tight"",""label"":""Immediate motion"",""family"":""local_relative_motion"",""horizon_s"":1.0,""position_tolerance_m"":0.1,""heading_tolerance_deg"":2.0,""maximum_aoi_s"":0.6,""position_error_m"":null,""heading_error_deg"":null,""aoi_s"":0.13812875747680664,""position_margin_m"":null,""heading_margin_deg"":null,""freshness_margin_s"":null,""normalized_margin"":null,""observable"":false,""raw_pass"":false,""reason"":""GPS course unobservable at low speed"",""status"":""unobservable"",""observed_evaluations"":4,""satisfaction_fraction"":0.0},{""service_id"":""local_5s_moderate"",""label"":""Short prediction"",""family"":""local_relative_motion"",""horizon_s"":5.0,""position_tolerance_m"":0.2,""heading_tolerance_deg"":5.0,""maximum_aoi_s"":1.0,""position_error_m"":null,""heading_error_deg"":null,""aoi_s"":0.13812875747680664,""position_margin_m"":null,""heading_margin_deg"":null,""freshness_margin_s"":null,""normalized_margin"":null,""observable"":false,""raw_pass"":false,""reason"":""GPS course unobservable at low speed"",""status"":""unobservable"",""observed_evaluations"":0,""satisfaction_fraction"":null},{""service_id"":""local_10s_preview"",""label"":""Planning support"",""family"":""local_relative_motion"",""horizon_s"":10.0,""position_tolerance_m"":0.5,""heading_tolerance_deg"":10.0,""maximum_aoi_s"":1.5,""position_error_m"":null,""heading_error_deg"":null,""aoi_s"":0.13812875747680664,""position_margin_m"":null,""heading_margin_deg"":null,""freshness_margin_s"":null,""normalized_margin"":null,""observable"":false,""raw_pass"":false,""reason"":""GPS course unobservable at low speed"",""status"":""unobservable"",""observed_evaluations"":0,""satisfaction_fraction"":null},{""service_id"":""global_state_tracking"",""label"":""Global asset tracking"",""family"":""global_synchronization"",""horizon_s"":0.0,""position_tolerance_m"":1.0,""heading_tolerance_deg"":5.0,""maximum_aoi_s"":1.0,""position_error_m"":3.1503474276683123,""heading_error_deg"":null,""aoi_s"":0.13812875747680664,""position_margin_m"":-2.1503474276683123,""heading_margin_deg"":null,""freshness_margin_s"":0.8618712425231934,""normalized_margin"":-2.1503474276683123,""observable"":true,""raw_pass"":false,""reason"":""position tolerance"",""status"":""withdrawn"",""observed_evaluations"":28,""satisfaction_fraction"":0.07142857142857142}]",high,10.0,0.21739996736869216
22.449999999999818,5884.513,1789517498.552821,3825,-0.45932735339497155,0.2771851898554871,-0.7650152791117879,1.1812195108868977,-2.4122933657592025,True,0.051444444,157.27,,,0.026,0.1470966339111328,1789511613.8927243,8.967842101810675,3.1503474276683123,,-118.3707,-0.0,0.0,-0.004472406208235469,-0.0008944812416470937,0.004472406208235469,0.01277830345210134,low-motion,715.954065322876,619,1076.3842474117116,0,False,0,154349,143026,0.0,0.0,11.42893,11,0.94,False,"[{""service_id"":""local_1s_tight"",""label"":""Immediate motion"",""family"":""local_relative_motion"",""horizon_s"":1.0,""position_tolerance_m"":0.1,""heading_tolerance_deg"":2.0,""maximum_aoi_s"":0.6,""position_error_m"":null,""heading_error_deg"":null,""aoi_s"":0.1470966339111328,""position_margin_m"":null,""heading_margin_deg"":null,""freshness_margin_s"":null,""normalized_margin"":null,""observable"":false,""raw_pass"":false,""reason"":""GPS course unobservable at low speed"",""status"":""unobservable"",""observed_evaluations"":4,""satisfaction_fraction"":0.0},{""service_id"":""local_5s_moderate"",""label"":""Short prediction"",""family"":""local_relative_motion"",""horizon_s"":5.0,""position_tolerance_m"":0.2,""heading_tolerance_deg"":5.0,""maximum_aoi_s"":1.0,""position_error_m"":null,""heading_error_deg"":null,""aoi_s"":0.1470966339111328,""position_margin_m"":null,""heading_margin_deg"":null,""freshness_margin_s"":null,""normalized_margin"":null,""observable"":false,""raw_pass"":false,""reason"":""GPS course unobservable at low speed"",""status"":""unobservable"",""observed_evaluations"":0,""satisfaction_fraction"":null},{""service_id"":""local_10s_preview"",""label"":""Planning support"",""family"":""local_relative_motion"",""horizon_s"":10.0,""position_tolerance_m"":0.5,""heading_tolerance_deg"":10.0,""maximum_aoi_s"":1.5,""position_error_m"":null,""heading_error_deg"":null,""aoi_s"":0.1470966339111328,""position_margin_m"":null,""heading_margin_deg"":null,""freshness_margin_s"":null,""normalized_margin"":null,""observable"":false,""raw_pass"":false,""reason"":""GPS course unobservable at low speed"",""status"":""unobservable"",""observed_evaluations"":0,""satisfaction_fraction"":null},{""service_id"":""global_state_tracking"",""label"":""Global asset tracking"",""family"":""global_synchronization"",""horizon_s"":0.0,""position_tolerance_m"":1.0,""heading_tolerance_deg"":5.0,""maximum_aoi_s"":1.0,""position_error_m"":3.1503474276683123,""heading_error_deg"":null,""aoi_s"":0.1470966339111328,""position_margin_m"":-2.1503474276683123,""heading_margin_deg"":null,""freshness_margin_s"":0.8529033660888672,""normalized_margin"":-2.1503474276683123,""observable"":true,""raw_pass"":false,""reason"":""position tolerance"",""status"":""withdrawn"",""observed_evaluations"":29,""satisfaction_fraction"":0.06896551724137931}]",high,10.0,0.4687000182457268
23.180999999999585,5885.244,1789517499.1383047,3826,-0.45932735339497155,0.2771851898554871,-0.7635959119142197,1.3292042510740316,-2.4122933657592025,True,0.051444444,157.27,,,0.051,0.0015804767608642578,1789511613.8927243,145.51621055579744,3.2298823819600218,,-118.6001,-0.0,0.0,0.009708393964218458,0.0019416787928436916,0.009708393964218458,0.027738268469195596,low-motion,576.1780738830566,614,1070.581228666629,0,False,0,154349,143026,0.0,0.0,11.42893,11,0.94,False,"[{""service_id"":""local_1s_tight"",""label"":""Immediate motion"",""family"":""local_relative_motion"",""horizon_s"":1.0,""position_tolerance_m"":0.1,""heading_tolerance_deg"":2.0,""maximum_aoi_s"":0.6,""position_error_m"":null,""heading_error_deg"":null,""aoi_s"":0.0015804767608642578,""position_margin_m"":null,""heading_margin_deg"":null,""freshness_margin_s"":null,""normalized_margin"":null,""observable"":false,""raw_pass"":false,""reason"":""GPS course unobservable at low speed"",""status"":""unobservable"",""observed_evaluations"":4,""satisfaction_fraction"":0.0},{""service_id"":""local_5s_moderate"",""label"":""Short prediction"",""family"":""local_relative_motion"",""horizon_s"":5.0,""position_tolerance_m"":0.2,""heading_tolerance_deg"":5.0,""maximum_aoi_s"":1.0,""position_error_m"":null,""heading_error_deg"":null,""aoi_s"":0.0015804767608642578,""position_margin_m"":null,""heading_margin_deg"":null,""freshness_margin_s"":null,""normalized_margin"":null,""observable"":false,""raw_pass"":false,""reason"":""GPS course unobservable at low speed"",""status"":""unobservable"",""observed_evaluations"":0,""satisfaction_fraction"":null},{""service_id"":""local_10s_preview"",""label"":""Planning support"",""family"":""local_relative_motion"",""horizon_s"":10.0,""position_tolerance_m"":0.5,""heading_tolerance_deg"":10.0,""maximum_aoi_s"":1.5,""position_error_m"":null,""heading_error_deg"":null,""aoi_s"":0.0015804767608642578,""position_margin_m"":null,""heading_margin_deg"":null,""freshness_margin_s"":null,""normalized_margin"":null,""observable"":false,""raw_pass"":false,""reason"":""GPS course unobservable at low speed"",""status"":""unobservable"",""observed_evaluations"":0,""satisfaction_fraction"":null},{""service_id"":""global_state_tracking"",""label"":""Global asset tracking"",""family"":""global_synchronization"",""horizon_s"":0.0,""position_tolerance_m"":1.0,""heading_tolerance_deg"":5.0,""maximum_aoi_s"":1.0,""position_error_m"":3.2298823819600218,""heading_error_deg"":null,""aoi_s"":0.0015804767608642578,""position_margin_m"":-2.2298823819600218,""heading_margin_deg"":null,""freshness_margin_s"":0.9984195232391357,""normalized_margin"":-2.2298823819600218,""observable"":true,""raw_pass"":false,""reason"":""position tolerance"",""status"":""withdrawn"",""observed_evaluations"":30,""satisfaction_fraction"":0.06666666666666667}]",high,10.0,0.16460003098472953
23.75799999999981,5885.821,1789517499.8476312,3827,-0.45932735339497155,0.2771851898554871,-0.7634826182291494,1.3292042510740316,-2.4122933657592025,True,0.051444444,157.27,,,0.627,0.13390684127807617,1789511613.8927243,132.3265056607852,3.2298823819600218,,-118.5329,-0.0,0.0,0.0009817477042468104,0.0001963495408493621,0.0009817477042468104,0.002804993440705173,low-motion,705.2783966064453,615,1069.6766241765354,0,False,0,154349,143026,0.0,0.0,11.42893,11,0.94,False,"[{""service_id"":""local_1s_tight"",""label"":""Immediate motion"",""family"":""local_relative_motion"",""horizon_s"":1.0,""position_tolerance_m"":0.1,""heading_tolerance_deg"":2.0,""maximum_aoi_s"":0.6,""position_error_m"":null,""heading_error_deg"":null,""aoi_s"":0.13390684127807617,""position_margin_m"":null,""heading_margin_deg"":null,""freshness_margin_s"":null,""normalized_margin"":null,""observable"":false,""raw_pass"":false,""reason"":""GPS course unobservable at low speed"",""status"":""unobservable"",""observed_evaluations"":4,""satisfaction_fraction"":0.0},{""service_id"":""local_5s_moderate"",""label"":""Short prediction"",""family"":""local_relative_motion"",""horizon_s"":5.0,""position_tolerance_m"":0.2,""heading_tolerance_deg"":5.0,""maximum_aoi_s"":1.0,""position_error_m"":null,""heading_error_deg"":null,""aoi_s"":0.13390684127807617,""position_margin_m"":null,""heading_margin_deg"":null,""freshness_margin_s"":null,""normalized_margin"":null,""observable"":false,""raw_pass"":false,""reason"":""GPS course unobservable at low speed"",""status"":""unobservable"",""observed_evaluations"":0,""satisfaction_fraction"":null},{""service_id"":""local_10s_preview"",""label"":""Planning support"",""family"":""local_relative_motion"",""horizon_s"":10.0,""position_tolerance_m"":0.5,""heading_tolerance_deg"":10.0,""maximum_aoi_s"":1.5,""position_error_m"":null,""heading_error_deg"":null,""aoi_s"":0.13390684127807617,""position_margin_m"":null,""heading_margin_deg"":null,""freshness_margin_s"":null,""normalized_margin"":null,""observable"":false,""raw_pass"":false,""reason"":""GPS course unobservable at low speed"",""status"":""unobservable"",""observed_evaluations"":0,""satisfaction_fraction"":null},{""service_id"":""global_state_tracking"",""label"":""Global asset tracking"",""family"":""global_synchronization"",""horizon_s"":0.0,""position_tolerance_m"":1.0,""heading_tolerance_deg"":5.0,""maximum_aoi_s"":1.0,""position_error_m"":3.2298823819600218,""heading_error_deg"":null,""aoi_s"":0.13390684127807617,""position_margin_m"":-2.2298823819600218,""heading_margin_deg"":null,""freshness_margin_s"":0.8660931587219238,""normalized_margin"":-2.2298823819600218,""observable"":true,""raw_pass"":false,""reason"":""position tolerance"",""status"":""withdrawn"",""observed_evaluations"":31,""satisfaction_fraction"":0.06451612903225806}]",high,10.0,0.1981999957934022
24.550999999999476,5886.614,1789517500.5088563,3828,-0.45932735339497155,0.2771851898554871,-0.7626348899948407,1.3292042510740316,-2.4122933657592025,True,0.0463,157.27,,,0.108,0.002131938934326172,1789511613.8927243,131.774919509553,3.2298823819600218,,-118.5925,-0.0,0.0,0.005345070834232635,0.001069014166846527,0.005345070834232635,0.015271630954950386,low-motion,657.0301055908203,609,1059.6886859687168,0,False,0,154349,143026,0.0,0.0,11.42893,10,0.98,False,"[{""service_id"":""local_1s_tight"",""label"":""Immediate motion"",""family"":""local_relative_motion"",""horizon_s"":1.0,""position_tolerance_m"":0.1,""heading_tolerance_deg"":2.0,""maximum_aoi_s"":0.6,""position_error_m"":null,""heading_error_deg"":null,""aoi_s"":0.002131938934326172,""position_margin_m"":null,""heading_margin_deg"":null,""freshness_margin_s"":null,""normalized_margin"":null,""observable"":false,""raw_pass"":false,""reason"":""GPS course unobservable at low speed"",""status"":""unobservable"",""observed_evaluations"":4,""satisfaction_fraction"":0.0},{""service_id"":""local_5s_moderate"",""label"":""Short prediction"",""family"":""local_relative_motion"",""horizon_s"":5.0,""position_tolerance_m"":0.2,""heading_tolerance_deg"":5.0,""maximum_aoi_s"":1.0,""position_error_m"":null,""heading_error_deg"":null,""aoi_s"":0.002131938934326172,""position_margin_m"":null,""heading_margin_deg"":null,""freshness_margin_s"":null,""normalized_margin"":null,""observable"":false,""raw_pass"":false,""reason"":""GPS course unobservable at low speed"",""status"":""unobservable"",""observed_evaluations"":0,""satisfaction_fraction"":null},{""service_id"":""local_10s_preview"",""label"":""Planning support"",""family"":""local_relative_motion"",""horizon_s"":10.0,""position_tolerance_m"":0.5,""heading_tolerance_deg"":10.0,""maximum_aoi_s"":1.5,""position_error_m"":null,""heading_error_deg"":null,""aoi_s"":0.002131938934326172,""position_margin_m"":null,""heading_margin_deg"":null,""freshness_margin_s"":null,""normalized_margin"":null,""observable"":false,""raw_pass"":false,""reason"":""GPS course unobservable at low speed"",""status"":""unobservable"",""observed_evaluations"":0,""satisfaction_fraction"":null},{""service_id"":""global_state_tracking"",""label"":""Global asset tracking"",""family"":""global_synchronization"",""horizon_s"":0.0,""position_tolerance_m"":1.0,""heading_tolerance_deg"":5.0,""maximum_aoi_s"":1.0,""position_error_m"":3.2298823819600218,""heading_error_deg"":null,""aoi_s"":0.002131938934326172,""position_margin_m"":-2.2298823819600218,""heading_margin_deg"":null,""freshness_margin_s"":0.9978680610656738,""normalized_margin"":-2.2298823819600218,""observable"":true,""raw_pass"":false,""reason"":""position tolerance"",""status"":""withdrawn"",""observed_evaluations"":32,""satisfaction_fraction"":0.0625}]",high,10.0,0.32400002237409353
25.11700000000019,5887.18,1789517501.2064772,3829,-0.45932735339497155,0.2771851898554871,-0.7945056057006172,1.3292042510740316,-2.5981969157372196,True,0.0463,157.27,,,0.019,0.13375282287597656,1789511613.8927243,131.62086868214828,3.3862468240438726,,-119.3574,-0.0,0.0,-0.2815434249623353,-0.056308684992467065,0.2815434249623353,0.8044097856066723,low-motion,691.5616989135742,617,1060.2535416224007,0,False,0,154349,143026,0.0,0.0,11.42893,10,0.98,False,"[{""service_id"":""local_1s_tight"",""label"":""Immediate motion"",""family"":""local_relative_motion"",""horizon_s"":1.0,""position_tolerance_m"":0.1,""heading_tolerance_deg"":2.0,""maximum_aoi_s"":0.6,""position_error_m"":null,""heading_error_deg"":null,""aoi_s"":0.13375282287597656,""position_margin_m"":null,""heading_margin_deg"":null,""freshness_margin_s"":null,""normalized_margin"":null,""observable"":false,""raw_pass"":false,""reason"":""GPS course unobservable at low speed"",""status"":""unobservable"",""observed_evaluations"":4,""satisfaction_fraction"":0.0},{""service_id"":""local_5s_moderate"",""label"":""Short prediction"",""family"":""local_relative_motion"",""horizon_s"":5.0,""position_tolerance_m"":0.2,""heading_tolerance_deg"":5.0,""maximum_aoi_s"":1.0,""position_error_m"":null,""heading_error_deg"":null,""aoi_s"":0.13375282287597656,""position_margin_m"":null,""heading_margin_deg"":null,""freshness_margin_s"":null,""normalized_margin"":null,""observable"":false,""raw_pass"":false,""reason"":""GPS course unobservable at low speed"",""status"":""unobservable"",""observed_evaluations"":0,""satisfaction_fraction"":null},{""service_id"":""local_10s_preview"",""label"":""Planning support"",""family"":""local_relative_motion"",""horizon_s"":10.0,""position_tolerance_m"":0.5,""heading_tolerance_deg"":10.0,""maximum_aoi_s"":1.5,""position_error_m"":null,""heading_error_deg"":null,""aoi_s"":0.13375282287597656,""position_margin_m"":null,""heading_margin_deg"":null,""freshness_margin_s"":null,""normalized_margin"":null,""observable"":false,""raw_pass"":false,""reason"":""GPS course unobservable at low speed"",""status"":""unobservable"",""observed_evaluations"":0,""satisfaction_fraction"":null},{""service_id"":""global_state_tracking"",""label"":""Global asset tracking"",""family"":""global_synchronization"",""horizon_s"":0.0,""position_tolerance_m"":1.0,""heading_tolerance_deg"":5.0,""maximum_aoi_s"":1.0,""position_error_m"":3.3862468240438726,""heading_error_deg"":null,""aoi_s"":0.13375282287597656,""position_margin_m"":-2.3862468240438726,""heading_margin_deg"":null,""freshness_margin_s"":0.8662471771240234,""normalized_margin"":-2.3862468240438726,""observable"":true,""raw_pass"":false,""reason"":""position tolerance"",""status"":""withdrawn"",""observed_evaluations"":33,""satisfaction_fraction"":0.06060606060606061}]",high,10.0,0.4282000008970499
25.823999999999614,5887.887,1789517501.7924864,3830,-0.45932735339497155,0.2771851898554871,-0.7949837604658163,1.3292042510740316,-2.5981969157372196,True,0.0463,157.27,,,0.024,0.012762069702148438,1789511613.8927243,120.99073600711563,3.3862468240438726,,-119.6544,-0.0,0.0,-0.0033815754257390134,-0.0006763150851478027,0.0033815754257390134,0.009661644073540039,low-motion,577.1579742431641,615,1057.278900099217,0,False,0,154349,143026,0.0,0.0,11.42893,10,0.98,False,"[{""service_id"":""local_1s_tight"",""label"":""Immediate motion"",""family"":""local_relative_motion"",""horizon_s"":1.0,""position_tolerance_m"":0.1,""heading_tolerance_deg"":2.0,""maximum_aoi_s"":0.6,""position_error_m"":null,""heading_error_deg"":null,""aoi_s"":0.012762069702148438,""position_margin_m"":null,""heading_margin_deg"":null,""freshness_margin_s"":null,""normalized_margin"":null,""observable"":false,""raw_pass"":false,""reason"":""GPS course unobservable at low speed"",""status"":""unobservable"",""observed_evaluations"":4,""satisfaction_fraction"":0.0},{""service_id"":""local_5s_moderate"",""label"":""Short prediction"",""family"":""local_relative_motion"",""horizon_s"":5.0,""position_tolerance_m"":0.2,""heading_tolerance_deg"":5.0,""maximum_aoi_s"":1.0,""position_error_m"":null,""heading_error_deg"":null,""aoi_s"":0.012762069702148438,""position_margin_m"":null,""heading_margin_deg"":null,""freshness_margin_s"":null,""normalized_margin"":null,""observable"":false,""raw_pass"":false,""reason"":""GPS course unobservable at low speed"",""status"":""unobservable"",""observed_evaluations"":0,""satisfaction_fraction"":null},{""service_id"":""local_10s_preview"",""label"":""Planning support"",""family"":""local_relative_motion"",""horizon_s"":10.0,""position_tolerance_m"":0.5,""heading_tolerance_deg"":10.0,""maximum_aoi_s"":1.5,""position_error_m"":null,""heading_error_deg"":null,""aoi_s"":0.012762069702148438,""position_margin_m"":null,""heading_margin_deg"":null,""freshness_margin_s"":null,""normalized_margin"":null,""observable"":false,""raw_pass"":false,""reason"":""GPS course unobservable at low speed"",""status"":""unobservable"",""observed_evaluations"":0,""satisfaction_fraction"":null},{""service_id"":""global_state_tracking"",""label"":""Global asset tracking"",""family"":""global_synchronization"",""horizon_s"":0.0,""position_tolerance_m"":1.0,""heading_tolerance_deg"":5.0,""maximum_aoi_s"":1.0,""position_error_m"":3.3862468240438726,""heading_error_deg"":null,""aoi_s"":0.012762069702148438,""position_margin_m"":-2.3862468240438726,""heading_margin_deg"":null,""freshness_margin_s"":0.9872379302978516,""normalized_margin"":-2.3862468240438726,""observable"":true,""raw_pass"":false,""reason"":""position tolerance"",""status"":""withdrawn"",""observed_evaluations"":34,""satisfaction_fraction"":0.058823529411764705}]",high,10.0,0.3197999903932214
26.403000000000247,5888.466,1789517502.5072598,3831,-0.45932735339497155,0.2771851898554871,-0.7955016651047306,1.3292042510740316,-2.5981969157372196,True,0.087455555,157.27,,,0.027,0.14853549003601074,1789511613.8927243,135.77341651853203,3.3862468240438726,,-119.2846,-0.0,0.0,-0.004472406208235469,-0.0008944812416470937,0.004472406208235469,0.01277830345210134,low-motion,708.3699703216553,621,1054.0374951742801,0,False,0,154349,143026,0.0,0.0,11.42893,10,0.98,False,"[{""service_id"":""local_1s_tight"",""label"":""Immediate motion"",""family"":""local_relative_motion"",""horizon_s"":1.0,""position_tolerance_m"":0.1,""heading_tolerance_deg"":2.0,""maximum_aoi_s"":0.6,""position_error_m"":null,""heading_error_deg"":null,""aoi_s"":0.14853549003601074,""position_margin_m"":null,""heading_margin_deg"":null,""freshness_margin_s"":null,""normalized_margin"":null,""observable"":false,""raw_pass"":false,""reason"":""GPS course unobservable at low speed"",""status"":""unobservable"",""observed_evaluations"":4,""satisfaction_fraction"":0.0},{""service_id"":""local_5s_moderate"",""label"":""Short prediction"",""family"":""local_relative_motion"",""horizon_s"":5.0,""position_tolerance_m"":0.2,""heading_tolerance_deg"":5.0,""maximum_aoi_s"":1.0,""position_error_m"":null,""heading_error_deg"":null,""aoi_s"":0.14853549003601074,""position_margin_m"":null,""heading_margin_deg"":null,""freshness_margin_s"":null,""normalized_margin"":null,""observable"":false,""raw_pass"":false,""reason"":""GPS course unobservable at low speed"",""status"":""unobservable"",""observed_evaluations"":0,""satisfaction_fraction"":null},{""service_id"":""local_10s_preview"",""label"":""Planning support"",""family"":""local_relative_motion"",""horizon_s"":10.0,""position_tolerance_m"":0.5,""heading_tolerance_deg"":10.0,""maximum_aoi_s"":1.5,""position_error_m"":null,""heading_error_deg"":null,""aoi_s"":0.14853549003601074,""position_margin_m"":null,""heading_margin_deg"":null,""freshness_margin_s"":null,""normalized_margin"":null,""observable"":false,""raw_pass"":false,""reason"":""GPS course unobservable at low speed"",""status"":""unobservable"",""observed_evaluations"":0,""satisfaction_fraction"":null},{""service_id"":""global_state_tracking"",""label"":""Global asset tracking"",""family"":""global_synchronization"",""horizon_s"":0.0,""position_tolerance_m"":1.0,""heading_tolerance_deg"":5.0,""maximum_aoi_s"":1.0,""position_error_m"":3.3862468240438726,""heading_error_deg"":null,""aoi_s"":0.14853549003601074,""position_margin_m"":-2.3862468240438726,""heading_margin_deg"":null,""freshness_margin_s"":0.8514645099639893,""normalized_margin"":-2.3862468240438726,""observable"":true,""raw_pass"":false,""reason"":""position tolerance"",""status"":""withdrawn"",""observed_evaluations"":35,""satisfaction_fraction"":0.05714285714285714}]",high,10.0,0.39980001747608185
27.11999999999989,5889.183,1789517503.2148547,3832,-0.45824715379470465,0.2760870621896571,-0.7917546868349437,1.3292042510740316,-2.5981969157372196,True,0.087455555,157.27,,,0.036,0.1391303539276123,1789511613.8927243,9.405128478647384,3.384743847107838,,-120.5135,0.002148343302599737,-0.0010761558135811587,0.03043417883165112,0.005225911115465297,0.03151033464523228,0.09002952755780652,low-motion,701.6057968139648,640,1061.768364681842,0,False,0,154338,143016,0.05640942,0.037620384,11.42893,10,0.98,False,"[{""service_id"":""local_1s_tight"",""label"":""Immediate motion"",""family"":""local_relative_motion"",""horizon_s"":1.0,""position_tolerance_m"":0.1,""heading_tolerance_deg"":2.0,""maximum_aoi_s"":0.6,""position_error_m"":null,""heading_error_deg"":null,""aoi_s"":0.1391303539276123,""position_margin_m"":null,""heading_margin_deg"":null,""freshness_margin_s"":null,""normalized_margin"":null,""observable"":false,""raw_pass"":false,""reason"":""GPS course unobservable at low speed"",""status"":""unobservable"",""observed_evaluations"":4,""satisfaction_fraction"":0.0},{""service_id"":""local_5s_moderate"",""label"":""Short prediction"",""family"":""local_relative_motion"",""horizon_s"":5.0,""position_tolerance_m"":0.2,""heading_tolerance_deg"":5.0,""maximum_aoi_s"":1.0,""position_error_m"":null,""heading_error_deg"":null,""aoi_s"":0.1391303539276123,""position_margin_m"":null,""heading_margin_deg"":null,""freshness_margin_s"":null,""normalized_margin"":null,""observable"":false,""raw_pass"":false,""reason"":""GPS course unobservable at low speed"",""status"":""unobservable"",""observed_evaluations"":0,""satisfaction_fraction"":null},{""service_id"":""local_10s_preview"",""label"":""Planning support"",""family"":""local_relative_motion"",""horizon_s"":10.0,""position_tolerance_m"":0.5,""heading_tolerance_deg"":10.0,""maximum_aoi_s"":1.5,""position_error_m"":null,""heading_error_deg"":null,""aoi_s"":0.1391303539276123,""position_margin_m"":null,""heading_margin_deg"":null,""freshness_margin_s"":null,""normalized_margin"":null,""observable"":false,""raw_pass"":false,""reason"":""GPS course unobservable at low speed"",""status"":""unobservable"",""observed_evaluations"":0,""satisfaction_fraction"":null},{""service_id"":""global_state_tracking"",""label"":""Global asset tracking"",""family"":""global_synchronization"",""horizon_s"":0.0,""position_tolerance_m"":1.0,""heading_tolerance_deg"":5.0,""maximum_aoi_s"":1.0,""position_error_m"":3.384743847107838,""heading_error_deg"":null,""aoi_s"":0.1391303539276123,""position_margin_m"":-2.384743847107838,""heading_margin_deg"":null,""freshness_margin_s"":0.8608696460723877,""normalized_margin"":-2.384743847107838,""observable"":true,""raw_pass"":false,""reason"":""position tolerance"",""status"":""withdrawn"",""observed_evaluations"":36,""satisfaction_fraction"":0.05555555555555555}]",high,10.0,0.31809997744858265
27.823999999999614,5889.887,1789517503.7802691,3833,-0.4088002291261574,0.22615857285648583,-0.7887333911844694,1.3292042510740316,-2.5981969157372196,True,0.077166666,157.27,,,0.003,0.0005447864532470703,1789511613.8927243,138.585571288786,3.3162695154563835,,-120.1686,0.09981513377633716,-0.01315233610802739,0.07406741013150937,0.004291613139879963,0.08721974623953677,0.24919927497010505,low-motion,557.8207969665527,638,1070.4519754430064,0,False,0,153853,142543,0.10230325,0.100302311,11.36485,10,0.98,False,"[{""service_id"":""local_1s_tight"",""label"":""Immediate motion"",""family"":""local_relative_motion"",""horizon_s"":1.0,""position_tolerance_m"":0.1,""heading_tolerance_deg"":2.0,""maximum_aoi_s"":0.6,""position_error_m"":null,""heading_error_deg"":null,""aoi_s"":0.0005447864532470703,""position_margin_m"":null,""heading_margin_deg"":null,""freshness_margin_s"":null,""normalized_margin"":null,""observable"":false,""raw_pass"":false,""reason"":""GPS course unobservable at low speed"",""status"":""unobservable"",""observed_evaluations"":4,""satisfaction_fraction"":0.0},{""service_id"":""local_5s_moderate"",""label"":""Short prediction"",""family"":""local_relative_motion"",""horizon_s"":5.0,""position_tolerance_m"":0.2,""heading_tolerance_deg"":5.0,""maximum_aoi_s"":1.0,""position_error_m"":null,""heading_error_deg"":null,""aoi_s"":0.0005447864532470703,""position_margin_m"":null,""heading_margin_deg"":null,""freshness_margin_s"":null,""normalized_margin"":null,""observable"":false,""raw_pass"":false,""reason"":""GPS course unobservable at low speed"",""status"":""unobservable"",""observed_evaluations"":0,""satisfaction_fraction"":null},{""service_id"":""local_10s_preview"",""label"":""Planning support"",""family"":""local_relative_motion"",""horizon_s"":10.0,""position_tolerance_m"":0.5,""heading_tolerance_deg"":10.0,""maximum_aoi_s"":1.5,""position_error_m"":null,""heading_error_deg"":null,""aoi_s"":0.0005447864532470703,""position_margin_m"":null,""heading_margin_deg"":null,""freshness_margin_s"":null,""normalized_margin"":null,""observable"":false,""raw_pass"":false,""reason"":""GPS course unobservable at low speed"",""status"":""unobservable"",""observed_evaluations"":0,""satisfaction_fraction"":null},{""service_id"":""global_state_tracking"",""label"":""Global asset tracking"",""family"":""global_synchronization"",""horizon_s"":0.0,""position_tolerance_m"":1.0,""heading_tolerance_deg"":5.0,""maximum_aoi_s"":1.0,""position_error_m"":3.3162695154563835,""heading_error_deg"":null,""aoi_s"":0.0005447864532470703,""position_margin_m"":-2.3162695154563835,""heading_margin_deg"":null,""freshness_margin_s"":0.9994552135467529,""normalized_margin"":-2.3162695154563835,""observable"":true,""raw_pass"":false,""reason"":""position tolerance"",""status"":""withdrawn"",""observed_evaluations"":37,""satisfaction_fraction"":0.05405405405405406}]",high,10.0,0.42559998109936714
28.41899999999987,5890.482,1789517504.5220346,3834,-0.3514213429183431,0.16849748357703642,-0.7869690998264187,1.3292042510740316,-2.5981969157372196,True,0.077166666,157.27,,,0.048,0.1473102569580078,1789511613.8927243,146.76549911473558,3.2371438470323026,,-119.8669,0.1367156160136461,-0.014264942691944109,0.07188574856651646,0.0029651955597480035,0.08615069125846056,0.24614483216703018,translation,730.3104400634766,641,1068.799489785431,0,False,0,153293,141994,0.144318865,0.144338643,11.36485,10,0.98,False,"[{""service_id"":""local_1s_tight"",""label"":""Immediate motion"",""family"":""local_relative_motion"",""horizon_s"":1.0,""position_tolerance_m"":0.1,""heading_tolerance_deg"":2.0,""maximum_aoi_s"":0.6,""position_error_m"":null,""heading_error_deg"":null,""aoi_s"":0.1473102569580078,""position_margin_m"":null,""heading_margin_deg"":null,""freshness_margin_s"":null,""normalized_margin"":null,""observable"":false,""raw_pass"":false,""reason"":""GPS course unobservable at low speed"",""status"":""unobservable"",""observed_evaluations"":4,""satisfaction_fraction"":0.0},{""service_id"":""local_5s_moderate"",""label"":""Short prediction"",""family"":""local_relative_motion"",""horizon_s"":5.0,""position_tolerance_m"":0.2,""heading_tolerance_deg"":5.0,""maximum_aoi_s"":1.0,""position_error_m"":null,""heading_error_deg"":null,""aoi_s"":0.1473102569580078,""position_margin_m"":null,""heading_margin_deg"":null,""freshness_margin_s"":null,""normalized_margin"":null,""observable"":false,""raw_pass"":false,""reason"":""GPS course unobservable at low speed"",""status"":""unobservable"",""observed_evaluations"":0,""satisfaction_fraction"":null},{""service_id"":""local_10s_preview"",""label"":""Planning support"",""family"":""local_relative_motion"",""horizon_s"":10.0,""position_tolerance_m"":0.5,""heading_tolerance_deg"":10.0,""maximum_aoi_s"":1.5,""position_error_m"":null,""heading_error_deg"":null,""aoi_s"":0.1473102569580078,""position_margin_m"":null,""heading_margin_deg"":null,""freshness_margin_s"":null,""normalized_margin"":null,""observable"":false,""raw_pass"":false,""reason"":""GPS course unobservable at low speed"",""status"":""unobservable"",""observed_evaluations"":0,""satisfaction_fraction"":null},{""service_id"":""global_state_tracking"",""label"":""Global asset tracking"",""family"":""global_synchronization"",""horizon_s"":0.0,""position_tolerance_m"":1.0,""heading_tolerance_deg"":5.0,""maximum_aoi_s"":1.0,""position_error_m"":3.2371438470323026,""heading_error_deg"":null,""aoi_s"":0.1473102569580078,""position_margin_m"":-2.2371438470323026,""heading_margin_deg"":null,""freshness_margin_s"":0.8526897430419922,""normalized_margin"":-2.2371438470323026,""observable"":true,""raw_pass"":false,""reason"":""position tolerance"",""status"":""withdrawn"",""observed_evaluations"":38,""satisfaction_fraction"":0.05263157894736842}]",high,10.0,0.4960999940522015
29.134000000000015,5891.197,1789517505.224856,3835,-0.27110835757054236,0.08802380574997093,-0.7858260547641467,1.3292042510740316,-2.5981969157372196,True,0.066877777,157.27,,,0.029,0.1351315975189209,1789511613.8927243,12.17874526992091,3.126784643996763,,-121.2782,0.159011743545957,-0.01079166039632383,0.05115996369908379,0.0015986644227576948,0.061951624095407616,0.1770046402725932,translation,694.3163871765137,640,1064.6735416425686,0,False,0,152513,141224,0.169270566,0.169291727,11.36485,10,0.98,False,"[{""service_id"":""local_1s_tight"",""label"":""Immediate motion"",""family"":""local_relative_motion"",""horizon_s"":1.0,""position_tolerance_m"":0.1,""heading_tolerance_deg"":2.0,""maximum_aoi_s"":0.6,""position_error_m"":null,""heading_error_deg"":null,""aoi_s"":0.1351315975189209,""position_margin_m"":null,""heading_margin_deg"":null,""freshness_margin_s"":null,""normalized_margin"":null,""observable"":false,""raw_pass"":false,""reason"":""GPS course unobservable at low speed"",""status"":""unobservable"",""observed_evaluations"":4,""satisfaction_fraction"":0.0},{""service_id"":""local_5s_moderate"",""label"":""Short prediction"",""family"":""local_relative_motion"",""horizon_s"":5.0,""position_tolerance_m"":0.2,""heading_tolerance_deg"":5.0,""maximum_aoi_s"":1.0,""position_error_m"":null,""heading_error_deg"":null,""aoi_s"":0.1351315975189209,""position_margin_m"":null,""heading_margin_deg"":null,""freshness_margin_s"":null,""normalized_margin"":null,""observable"":false,""raw_pass"":false,""reason"":""GPS course unobservable at low speed"",""status"":""unobservable"",""observed_evaluations"":0,""satisfaction_fraction"":null},{""service_id"":""local_10s_preview"",""label"":""Planning support"",""family"":""local_relative_motion"",""horizon_s"":10.0,""position_tolerance_m"":0.5,""heading_tolerance_deg"":10.0,""maximum_aoi_s"":1.5,""position_error_m"":null,""heading_error_deg"":null,""aoi_s"":0.1351315975189209,""position_margin_m"":null,""heading_margin_deg"":null,""freshness_margin_s"":null,""normalized_margin"":null,""observable"":false,""raw_pass"":false,""reason"":""GPS course unobservable at low speed"",""status"":""unobservable"",""observed_evaluations"":0,""satisfaction_fraction"":null},{""service_id"":""global_state_tracking"",""label"":""Global asset tracking"",""family"":""global_synchronization"",""horizon_s"":0.0,""position_tolerance_m"":1.0,""heading_tolerance_deg"":5.0,""maximum_aoi_s"":1.0,""position_error_m"":3.126784643996763,""heading_error_deg"":null,""aoi_s"":0.1351315975189209,""position_margin_m"":-2.126784643996763,""heading_margin_deg"":null,""freshness_margin_s"":0.8648684024810791,""normalized_margin"":-2.126784643996763,""observable"":true,""raw_pass"":false,""reason"":""position tolerance"",""status"":""withdrawn"",""observed_evaluations"":39,""satisfaction_fraction"":0.05128205128205128}]",high,10.0,0.5249999812804163
29.85699999999997,5891.92,1789517505.9531467,3836,-0.18685836432614483,0.0032928028753220484,-0.7906633184932494,1.3292042510740316,-2.5981969157372196,True,0.190344443,127.89,,,0.04,0.14042234420776367,1789511613.8927243,5.290796279950882,3.0110122234658534,,-120.0405,0.16526707100258697,-0.005336125299705101,-0.01210822168571066,-0.006690544576906213,0.00677209638600556,0.019348846817158743,translation,716.7575359344482,642,1064.7465485289927,0,False,0,151696,140412,0.150742676,0.129226503,11.36485,10,0.98,False,"[{""service_id"":""local_1s_tight"",""label"":""Immediate motion"",""family"":""local_relative_motion"",""horizon_s"":1.0,""position_tolerance_m"":0.1,""heading_tolerance_deg"":2.0,""maximum_aoi_s"":0.6,""position_error_m"":null,""heading_error_deg"":null,""aoi_s"":0.14042234420776367,""position_margin_m"":null,""heading_margin_deg"":null,""freshness_margin_s"":null,""normalized_margin"":null,""observable"":false,""raw_pass"":false,""reason"":""GPS course unobservable at low speed"",""status"":""unobservable"",""observed_evaluations"":4,""satisfaction_fraction"":0.0},{""service_id"":""local_5s_moderate"",""label"":""Short prediction"",""family"":""local_relative_motion"",""horizon_s"":5.0,""position_tolerance_m"":0.2,""heading_tolerance_deg"":5.0,""maximum_aoi_s"":1.0,""position_error_m"":null,""heading_error_deg"":null,""aoi_s"":0.14042234420776367,""position_margin_m"":null,""heading_margin_deg"":null,""freshness_margin_s"":null,""normalized_margin"":null,""observable"":false,""raw_pass"":false,""reason"":""GPS course unobservable at low speed"",""status"":""unobservable"",""observed_evaluations"":0,""satisfaction_fraction"":null},{""service_id"":""local_10s_preview"",""label"":""Planning support"",""family"":""local_relative_motion"",""horizon_s"":10.0,""position_tolerance_m"":0.5,""heading_tolerance_deg"":10.0,""maximum_aoi_s"":1.5,""position_error_m"":null,""heading_error_deg"":null,""aoi_s"":0.14042234420776367,""position_margin_m"":null,""heading_margin_deg"":null,""freshness_margin_s"":null,""normalized_margin"":null,""observable"":false,""raw_pass"":false,""reason"":""GPS course unobservable at low speed"",""status"":""unobservable"",""observed_evaluations"":0,""satisfaction_fraction"":null},{""service_id"":""global_state_tracking"",""label"":""Global asset tracking"",""family"":""global_synchronization"",""horizon_s"":0.0,""position_tolerance_m"":1.0,""heading_tolerance_deg"":5.0,""maximum_aoi_s"":1.0,""position_error_m"":3.0110122234658534,""heading_error_deg"":null,""aoi_s"":0.14042234420776367,""position_margin_m"":-2.0110122234658534,""heading_margin_deg"":null,""freshness_margin_s"":0.8595776557922363,""normalized_margin"":-2.0110122234658534,""observable"":true,""raw_pass"":false,""reason"":""position tolerance"",""status"":""withdrawn"",""observed_evaluations"":40,""satisfaction_fraction"":0.05}]",high,10.0,0.3095999709330499
30.61499999999978,5892.678,1789517506.7068596,3837,-0.1446834727653491,-0.039178227969516616,-0.7871301102858026,1.4771889900018904,-2.782987269924225,True,0.133755554,127.89,,,0.074,0.13613533973693848,1789511613.8927243,4.287107467462192,3.1873120876680847,,-118.0022,0.07896315571920605,0.0020358937159300696,0.015162547876700738,0.004661224548084203,0.013126654160770669,0.03750472617363049,low-motion,744.7099685668945,644,1033.906021212985,0,False,0,151289,140003,0.060072954,0.060025023,11.36485,10,0.98,False,"[{""service_id"":""local_1s_tight"",""label"":""Immediate motion"",""family"":""local_relative_motion"",""horizon_s"":1.0,""position_tolerance_m"":0.1,""heading_tolerance_deg"":2.0,""maximum_aoi_s"":0.6,""position_error_m"":null,""heading_error_deg"":null,""aoi_s"":0.13613533973693848,""position_margin_m"":null,""heading_margin_deg"":null,""freshness_margin_s"":null,""normalized_margin"":null,""observable"":false,""raw_pass"":false,""reason"":""GPS course unobservable at low speed"",""status"":""unobservable"",""observed_evaluations"":4,""satisfaction_fraction"":0.0},{""service_id"":""local_5s_moderate"",""label"":""Short prediction"",""family"":""local_relative_motion"",""horizon_s"":5.0,""position_tolerance_m"":0.2,""heading_tolerance_deg"":5.0,""maximum_aoi_s"":1.0,""position_error_m"":null,""heading_error_deg"":null,""aoi_s"":0.13613533973693848,""position_margin_m"":null,""heading_margin_deg"":null,""freshness_margin_s"":null,""normalized_margin"":null,""observable"":false,""raw_pass"":false,""reason"":""GPS course unobservable at low speed"",""status"":""unobservable"",""observed_evaluations"":0,""satisfaction_fraction"":null},{""service_id"":""local_10s_preview"",""label"":""Planning support"",""family"":""local_relative_motion"",""horizon_s"":10.0,""position_tolerance_m"":0.5,""heading_tolerance_deg"":10.0,""maximum_aoi_s"":1.5,""position_error_m"":null,""heading_error_deg"":null,""aoi_s"":0.13613533973693848,""position_margin_m"":null,""heading_margin_deg"":null,""freshness_margin_s"":null,""normalized_margin"":null,""observable"":false,""raw_pass"":false,""reason"":""GPS course unobservable at low speed"",""status"":""unobservable"",""observed_evaluations"":0,""satisfaction_fraction"":null},{""service_id"":""global_state_tracking"",""label"":""Global asset tracking"",""family"":""global_synchronization"",""horizon_s"":0.0,""position_tolerance_m"":1.0,""heading_tolerance_deg"":5.0,""maximum_aoi_s"":1.0,""position_error_m"":3.1873120876680847,""heading_error_deg"":null,""aoi_s"":0.13613533973693848,""position_margin_m"":-2.1873120876680847,""heading_margin_deg"":null,""freshness_margin_s"":0.8638646602630615,""normalized_margin"":-2.1873120876680847,""observable"":true,""raw_pass"":false,""reason"":""position tolerance"",""status"":""withdrawn"",""observed_evaluations"":41,""satisfaction_fraction"":0.04878048780487805}]",high,10.0,0.3738999948836863
31.310999999999694,5893.374,1789517507.400059,3838,-0.1244632534583485,-0.05931019810616647,-0.7792922764144623,1.6242875945782416,-2.782987269924225,True,0.200633332,127.89,,,0.012,0.13333463668823242,1789511613.8927243,2.800603866489837,3.2367493446444207,,-115.716,0.04099622848643799,0.012194886353033707,0.007526732399225546,0.011261255562272076,0.0046681539538081605,0.013337582725166174,low-motion,685.882568359375,643,1044.1875611146286,0,False,0,151100,139803,0.029790666,0.039931721,11.36485,10,0.98,False,"[{""service_id"":""local_1s_tight"",""label"":""Immediate motion"",""family"":""local_relative_motion"",""horizon_s"":1.0,""position_tolerance_m"":0.1,""heading_tolerance_deg"":2.0,""maximum_aoi_s"":0.6,""position_error_m"":null,""heading_error_deg"":null,""aoi_s"":0.13333463668823242,""position_margin_m"":null,""heading_margin_deg"":null,""freshness_margin_s"":null,""normalized_margin"":null,""observable"":false,""raw_pass"":false,""reason"":""GPS course unobservable at low speed"",""status"":""unobservable"",""observed_evaluations"":4,""satisfaction_fraction"":0.0},{""service_id"":""local_5s_moderate"",""label"":""Short prediction"",""family"":""local_relative_motion"",""horizon_s"":5.0,""position_tolerance_m"":0.2,""heading_tolerance_deg"":5.0,""maximum_aoi_s"":1.0,""position_error_m"":null,""heading_error_deg"":null,""aoi_s"":0.13333463668823242,""position_margin_m"":null,""heading_margin_deg"":null,""freshness_margin_s"":null,""normalized_margin"":null,""observable"":false,""raw_pass"":false,""reason"":""GPS course unobservable at low speed"",""status"":""unobservable"",""observed_evaluations"":0,""satisfaction_fraction"":null},{""service_id"":""local_10s_preview"",""label"":""Planning support"",""family"":""local_relative_motion"",""horizon_s"":10.0,""position_tolerance_m"":0.5,""heading_tolerance_deg"":10.0,""maximum_aoi_s"":1.5,""position_error_m"":null,""heading_error_deg"":null,""aoi_s"":0.13333463668823242,""position_margin_m"":null,""heading_margin_deg"":null,""freshness_margin_s"":null,""normalized_margin"":null,""observable"":false,""raw_pass"":false,""reason"":""GPS course unobservable at low speed"",""status"":""unobservable"",""observed_evaluations"":0,""satisfaction_fraction"":null},{""service_id"":""global_state_tracking"",""label"":""Global asset tracking"",""family"":""global_synchronization"",""horizon_s"":0.0,""position_tolerance_m"":1.0,""heading_tolerance_deg"":5.0,""maximum_aoi_s"":1.0,""position_error_m"":3.2367493446444207,""heading_error_deg"":null,""aoi_s"":0.13333463668823242,""position_margin_m"":-2.2367493446444207,""heading_margin_deg"":null,""freshness_margin_s"":0.8666653633117676,""normalized_margin"":-2.2367493446444207,""observable"":true,""raw_pass"":false,""reason"":""position tolerance"",""status"":""withdrawn"",""observed_evaluations"":42,""satisfaction_fraction"":0.047619047619047616}]",high,10.0,0.5447000148706138
32.016999999999825,5894.08,1789517507.9732509,3839,-0.12414997048769262,-0.05961930139852729,-0.7780731129957714,1.6242875945782416,-2.782987269924225,True,0.200633332,127.89,,,0.719,0.0005266666412353516,1789511613.8927243,132.8081188203214,3.2363199796876514,,-113.797,0.0006233760210291217,0.0021858462275840336,-0.0001090830782496456,0.001726860366417298,0.0022949293058336794,0.0065569408738105125,low-motion,559.8387718200684,626,1074.7318718759645,0,False,0,151098,139799,0.0,0.0,11.36485,10,0.98,False,"[{""service_id"":""local_1s_tight"",""label"":""Immediate motion"",""family"":""local_relative_motion"",""horizon_s"":1.0,""position_tolerance_m"":0.1,""heading_tolerance_deg"":2.0,""maximum_aoi_s"":0.6,""position_error_m"":null,""heading_error_deg"":null,""aoi_s"":0.0005266666412353516,""position_margin_m"":null,""heading_margin_deg"":null,""freshness_margin_s"":null,""normalized_margin"":null,""observable"":false,""raw_pass"":false,""reason"":""GPS course unobservable at low speed"",""status"":""unobservable"",""observed_evaluations"":4,""satisfaction_fraction"":0.0},{""service_id"":""local_5s_moderate"",""label"":""Short prediction"",""family"":""local_relative_motion"",""horizon_s"":5.0,""position_tolerance_m"":0.2,""heading_tolerance_deg"":5.0,""maximum_aoi_s"":1.0,""position_error_m"":null,""heading_error_deg"":null,""aoi_s"":0.0005266666412353516,""position_margin_m"":null,""heading_margin_deg"":null,""freshness_margin_s"":null,""normalized_margin"":null,""observable"":false,""raw_pass"":false,""reason"":""GPS course unobservable at low speed"",""status"":""unobservable"",""observed_evaluations"":0,""satisfaction_fraction"":null},{""service_id"":""local_10s_preview"",""label"":""Planning support"",""family"":""local_relative_motion"",""horizon_s"":10.0,""position_tolerance_m"":0.5,""heading_tolerance_deg"":10.0,""maximum_aoi_s"":1.5,""position_error_m"":null,""heading_error_deg"":null,""aoi_s"":0.0005266666412353516,""position_margin_m"":null,""heading_margin_deg"":null,""freshness_margin_s"":null,""normalized_margin"":null,""observable"":false,""raw_pass"":false,""reason"":""GPS course unobservable at low speed"",""status"":""unobservable"",""observed_evaluations"":0,""satisfaction_fraction"":null},{""service_id"":""global_state_tracking"",""label"":""Global asset tracking"",""family"":""global_synchronization"",""horizon_s"":0.0,""position_tolerance_m"":1.0,""heading_tolerance_deg"":5.0,""maximum_aoi_s"":1.0,""position_error_m"":3.2363199796876514,""heading_error_deg"":null,""aoi_s"":0.0005266666412353516,""position_margin_m"":-2.2363199796876514,""heading_margin_deg"":null,""freshness_margin_s"":0.9994733333587646,""normalized_margin"":-2.2363199796876514,""observable"":true,""raw_pass"":false,""reason"":""position tolerance"",""status"":""withdrawn"",""observed_evaluations"":43,""satisfaction_fraction"":0.046511627906976744}]",high,10.0,0.3160000196658075
32.58600000000024,5894.649,1789517508.67835,3840,-0.12414997048769262,-0.05961930139852729,-0.7777131170209319,1.7722723335061004,-2.782987269924225,True,0.154333332,127.89,,,0.019,0.1366257667541504,1789511613.8927243,136.0991058345462,3.3186067328137745,,-112.7815,-0.0,0.0,0.0031634092692397224,0.0006326818538479446,0.0031634092692397224,0.009038312197827778,low-motion,697.0839500427246,618,1039.5908481486601,0,False,0,151098,139799,0.0,0.0,11.36485,10,0.98,False,"[{""service_id"":""local_1s_tight"",""label"":""Immediate motion"",""family"":""local_relative_motion"",""horizon_s"":1.0,""position_tolerance_m"":0.1,""heading_tolerance_deg"":2.0,""maximum_aoi_s"":0.6,""position_error_m"":null,""heading_error_deg"":null,""aoi_s"":0.1366257667541504,""position_margin_m"":null,""heading_margin_deg"":null,""freshness_margin_s"":null,""normalized_margin"":null,""observable"":false,""raw_pass"":false,""reason"":""GPS course unobservable at low speed"",""status"":""unobservable"",""observed_evaluations"":4,""satisfaction_fraction"":0.0},{""service_id"":""local_5s_moderate"",""label"":""Short prediction"",""family"":""local_relative_motion"",""horizon_s"":5.0,""position_tolerance_m"":0.2,""heading_tolerance_deg"":5.0,""maximum_aoi_s"":1.0,""position_error_m"":null,""heading_error_deg"":null,""aoi_s"":0.1366257667541504,""position_margin_m"":null,""heading_margin_deg"":null,""freshness_margin_s"":null,""normalized_margin"":null,""observable"":false,""raw_pass"":false,""reason"":""GPS course unobservable at low speed"",""status"":""unobservable"",""observed_evaluations"":0,""satisfaction_fraction"":null},{""service_id"":""local_10s_preview"",""label"":""Planning support"",""family"":""local_relative_motion"",""horizon_s"":10.0,""position_tolerance_m"":0.5,""heading_tolerance_deg"":10.0,""maximum_aoi_s"":1.5,""position_error_m"":null,""heading_error_deg"":null,""aoi_s"":0.1366257667541504,""position_margin_m"":null,""heading_margin_deg"":null,""freshness_margin_s"":null,""normalized_margin"":null,""observable"":false,""raw_pass"":false,""reason"":""GPS course unobservable at low speed"",""status"":""unobservable"",""observed_evaluations"":0,""satisfaction_fraction"":null},{""service_id"":""global_state_tracking"",""label"":""Global asset tracking"",""family"":""global_synchronization"",""horizon_s"":0.0,""position_tolerance_m"":1.0,""heading_tolerance_deg"":5.0,""maximum_aoi_s"":1.0,""position_error_m"":3.3186067328137745,""heading_error_deg"":null,""aoi_s"":0.1366257667541504,""position_margin_m"":-2.3186067328137745,""heading_margin_deg"":null,""freshness_margin_s"":0.8633742332458496,""normalized_margin"":-2.3186067328137745,""observable"":true,""raw_pass"":false,""reason"":""position tolerance"",""status"":""withdrawn"",""observed_evaluations"":44,""satisfaction_fraction"":0.045454545454545456}]",high,10.0,0.215300009585917
33.28299999999945,5895.346,1789517509.377483,3841,-0.12414997048769262,-0.05961930139852729,-0.7774241995798805,1.7722723335061004,-2.782987269924225,True,0.154333332,127.89,,,0.017,0.13875865936279297,1789511613.8927243,2.132919312316517,3.3186067328137745,,-112.2722,-0.0,0.0,0.002072578486743266,0.0004145156973486533,0.002072578486743266,0.005921652819266475,low-motion,693.2070255279541,614,1043.7759282416016,0,False,0,151098,139799,0.0,0.0,11.36485,10,0.98,False,"[{""service_id"":""local_1s_tight"",""label"":""Immediate motion"",""family"":""local_relative_motion"",""horizon_s"":1.0,""position_tolerance_m"":0.1,""heading_tolerance_deg"":2.0,""maximum_aoi_s"":0.6,""position_error_m"":null,""heading_error_deg"":null,""aoi_s"":0.13875865936279297,""position_margin_m"":null,""heading_margin_deg"":null,""freshness_margin_s"":null,""normalized_margin"":null,""observable"":false,""raw_pass"":false,""reason"":""GPS course unobservable at low speed"",""status"":""unobservable"",""observed_evaluations"":4,""satisfaction_fraction"":0.0},{""service_id"":""local_5s_moderate"",""label"":""Short prediction"",""family"":""local_relative_motion"",""horizon_s"":5.0,""position_tolerance_m"":0.2,""heading_tolerance_deg"":5.0,""maximum_aoi_s"":1.0,""position_error_m"":null,""heading_error_deg"":null,""aoi_s"":0.13875865936279297,""position_margin_m"":null,""heading_margin_deg"":null,""freshness_margin_s"":null,""normalized_margin"":null,""observable"":false,""raw_pass"":false,""reason"":""GPS course unobservable at low speed"",""status"":""unobservable"",""observed_evaluations"":0,""satisfaction_fraction"":null},{""service_id"":""local_10s_preview"",""label"":""Planning support"",""family"":""local_relative_motion"",""horizon_s"":10.0,""position_tolerance_m"":0.5,""heading_tolerance_deg"":10.0,""maximum_aoi_s"":1.5,""position_error_m"":null,""heading_error_deg"":null,""aoi_s"":0.13875865936279297,""position_margin_m"":null,""heading_margin_deg"":null,""freshness_margin_s"":null,""normalized_margin"":null,""observable"":false,""raw_pass"":false,""reason"":""GPS course unobservable at low speed"",""status"":""unobservable"",""observed_evaluations"":0,""satisfaction_fraction"":null},{""service_id"":""global_state_tracking"",""label"":""Global asset tracking"",""family"":""global_synchronization"",""horizon_s"":0.0,""position_tolerance_m"":1.0,""heading_tolerance_deg"":5.0,""maximum_aoi_s"":1.0,""position_error_m"":3.3186067328137745,""heading_error_deg"":null,""aoi_s"":0.13875865936279297,""position_margin_m"":-2.3186067328137745,""heading_margin_deg"":null,""freshness_margin_s"":0.861241340637207,""normalized_margin"":-2.3186067328137745,""observable"":true,""raw_pass"":false,""reason"":""position tolerance"",""status"":""withdrawn"",""observed_evaluations"":45,""satisfaction_fraction"":0.044444444444444446}]",high,10.0,0.3260999801568687
34.068999999999505,5896.132,1789517510.0264986,3842,-0.12414997048769262,-0.05961930139852729,-0.7777843046377981,1.9202570736932345,-2.968890819902242,True,0.123466666,127.89,,,0.027,0.0017743110656738281,1789511613.8927243,136.98433494573692,3.55576446501642,,-110.1332,-0.0,0.0,-0.0022907446432425577,-0.00045814892864851157,0.0022907446432425577,0.006544984694978736,low-motion,641.9894695281982,622,1051.5151504137457,0,False,0,151098,139799,0.0,0.0,11.36485,10,0.98,False,"[{""service_id"":""local_1s_tight"",""label"":""Immediate motion"",""family"":""local_relative_motion"",""horizon_s"":1.0,""position_tolerance_m"":0.1,""heading_tolerance_deg"":2.0,""maximum_aoi_s"":0.6,""position_error_m"":null,""heading_error_deg"":null,""aoi_s"":0.0017743110656738281,""position_margin_m"":null,""heading_margin_deg"":null,""freshness_margin_s"":null,""normalized_margin"":null,""observable"":false,""raw_pass"":false,""reason"":""GPS course unobservable at low speed"",""status"":""unobservable"",""observed_evaluations"":4,""satisfaction_fraction"":0.0},{""service_id"":""local_5s_moderate"",""label"":""Short prediction"",""family"":""local_relative_motion"",""horizon_s"":5.0,""position_tolerance_m"":0.2,""heading_tolerance_deg"":5.0,""maximum_aoi_s"":1.0,""position_error_m"":null,""heading_error_deg"":null,""aoi_s"":0.0017743110656738281,""position_margin_m"":null,""heading_margin_deg"":null,""freshness_margin_s"":null,""normalized_margin"":null,""observable"":false,""raw_pass"":false,""reason"":""GPS course unobservable at low speed"",""status"":""unobservable"",""observed_evaluations"":0,""satisfaction_fraction"":null},{""service_id"":""local_10s_preview"",""label"":""Planning support"",""family"":""local_relative_motion"",""horizon_s"":10.0,""position_tolerance_m"":0.5,""heading_tolerance_deg"":10.0,""maximum_aoi_s"":1.5,""position_error_m"":null,""heading_error_deg"":null,""aoi_s"":0.0017743110656738281,""position_margin_m"":null,""heading_margin_deg"":null,""freshness_margin_s"":null,""normalized_margin"":null,""observable"":false,""raw_pass"":false,""reason"":""GPS course unobservable at low speed"",""status"":""unobservable"",""observed_evaluations"":0,""satisfaction_fraction"":null},{""service_id"":""global_state_tracking"",""label"":""Global asset tracking"",""family"":""global_synchronization"",""horizon_s"":0.0,""position_tolerance_m"":1.0,""heading_tolerance_deg"":5.0,""maximum_aoi_s"":1.0,""position_error_m"":3.55576446501642,""heading_error_deg"":null,""aoi_s"":0.0017743110656738281,""position_margin_m"":-2.55576446501642,""heading_margin_deg"":null,""freshness_margin_s"":0.9982256889343262,""normalized_margin"":-2.55576446501642,""observable"":true,""raw_pass"":false,""reason"":""position tolerance"",""status"":""withdrawn"",""observed_evaluations"":46,""satisfaction_fraction"":0.043478260869565216}]",high,10.0,0.23880001390352845
34.64300000000003,5896.706,1789517510.7358112,3843,-0.12414997048769262,-0.05961930139852729,-0.7772959178798584,1.9202570736932345,-2.968890819902242,True,0.159477776,127.89,,,0.025,0.1370868682861328,1789511613.8927243,135.31267738289898,3.55576446501642,,-109.8682,-0.0,0.0,0.004254240051736178,0.0008508480103472356,0.004254240051736178,0.012154971576389081,low-motion,705.6093215942383,621,1051.7149928945482,0,False,0,151098,139799,0.0,0.0,11.36485,10,0.98,False,"[{""service_id"":""local_1s_tight"",""label"":""Immediate motion"",""family"":""local_relative_motion"",""horizon_s"":1.0,""position_tolerance_m"":0.1,""heading_tolerance_deg"":2.0,""maximum_aoi_s"":0.6,""position_error_m"":null,""heading_error_deg"":null,""aoi_s"":0.1370868682861328,""position_margin_m"":null,""heading_margin_deg"":null,""freshness_margin_s"":null,""normalized_margin"":null,""observable"":false,""raw_pass"":false,""reason"":""GPS course unobservable at low speed"",""status"":""unobservable"",""observed_evaluations"":4,""satisfaction_fraction"":0.0},{""service_id"":""local_5s_moderate"",""label"":""Short prediction"",""family"":""local_relative_motion"",""horizon_s"":5.0,""position_tolerance_m"":0.2,""heading_tolerance_deg"":5.0,""maximum_aoi_s"":1.0,""position_error_m"":null,""heading_error_deg"":null,""aoi_s"":0.1370868682861328,""position_margin_m"":null,""heading_margin_deg"":null,""freshness_margin_s"":null,""normalized_margin"":null,""observable"":false,""raw_pass"":false,""reason"":""GPS course unobservable at low speed"",""status"":""unobservable"",""observed_evaluations"":0,""satisfaction_fraction"":null},{""service_id"":""local_10s_preview"",""label"":""Planning support"",""family"":""local_relative_motion"",""horizon_s"":10.0,""position_tolerance_m"":0.5,""heading_tolerance_deg"":10.0,""maximum_aoi_s"":1.5,""position_error_m"":null,""heading_error_deg"":null,""aoi_s"":0.1370868682861328,""position_margin_m"":null,""heading_margin_deg"":null,""freshness_margin_s"":null,""normalized_margin"":null,""observable"":false,""raw_pass"":false,""reason"":""GPS course unobservable at low speed"",""status"":""unobservable"",""observed_evaluations"":0,""satisfaction_fraction"":null},{""service_id"":""global_state_tracking"",""label"":""Global asset tracking"",""family"":""global_synchronization"",""horizon_s"":0.0,""position_tolerance_m"":1.0,""heading_tolerance_deg"":5.0,""maximum_aoi_s"":1.0,""position_error_m"":3.55576446501642,""heading_error_deg"":null,""aoi_s"":0.1370868682861328,""position_margin_m"":-2.55576446501642,""heading_margin_deg"":null,""freshness_margin_s"":0.8629131317138672,""normalized_margin"":-2.55576446501642,""observable"":true,""raw_pass"":false,""reason"":""position tolerance"",""status"":""withdrawn"",""observed_evaluations"":47,""satisfaction_fraction"":0.0425531914893617}]",high,10.0,0.1550999586470425
35.35599999999977,5897.419,1789517511.3150065,3844,-0.12414997048769262,-0.05961930139852729,-0.7763781583093134,1.9202570736932345,-2.968890819902242,True,0.159477776,127.89,,,0.027,0.003282308578491211,1789511613.8927243,133.80473899815115,3.55576446501642,,-109.7967,-0.0,0.0,0.0064359016167290905,0.0012871803233458182,0.0064359016167290905,0.01838829033351169,low-motion,573.3020305633545,618,1086.3368946835542,0,False,0,151098,139799,0.0,0.0,11.36485,10,0.98,False,"[{""service_id"":""local_1s_tight"",""label"":""Immediate motion"",""family"":""local_relative_motion"",""horizon_s"":1.0,""position_tolerance_m"":0.1,""heading_tolerance_deg"":2.0,""maximum_aoi_s"":0.6,""position_error_m"":null,""heading_error_deg"":null,""aoi_s"":0.003282308578491211,""position_margin_m"":null,""heading_margin_deg"":null,""freshness_margin_s"":null,""normalized_margin"":null,""observable"":false,""raw_pass"":false,""reason"":""GPS course unobservable at low speed"",""status"":""unobservable"",""observed_evaluations"":4,""satisfaction_fraction"":0.0},{""service_id"":""local_5s_moderate"",""label"":""Short prediction"",""family"":""local_relative_motion"",""horizon_s"":5.0,""position_tolerance_m"":0.2,""heading_tolerance_deg"":5.0,""maximum_aoi_s"":1.0,""position_error_m"":null,""heading_error_deg"":null,""aoi_s"":0.003282308578491211,""position_margin_m"":null,""heading_margin_deg"":null,""freshness_margin_s"":null,""normalized_margin"":null,""observable"":false,""raw_pass"":false,""reason"":""GPS course unobservable at low speed"",""status"":""unobservable"",""observed_evaluations"":0,""satisfaction_fraction"":null},{""service_id"":""local_10s_preview"",""label"":""Planning support"",""family"":""local_relative_motion"",""horizon_s"":10.0,""position_tolerance_m"":0.5,""heading_tolerance_deg"":10.0,""maximum_aoi_s"":1.5,""position_error_m"":null,""heading_error_deg"":null,""aoi_s"":0.003282308578491211,""position_margin_m"":null,""heading_margin_deg"":null,""freshness_margin_s"":null,""normalized_margin"":null,""observable"":false,""raw_pass"":false,""reason"":""GPS course unobservable at low speed"",""status"":""unobservable"",""observed_evaluations"":0,""satisfaction_fraction"":null},{""service_id"":""global_state_tracking"",""label"":""Global asset tracking"",""family"":""global_synchronization"",""horizon_s"":0.0,""position_tolerance_m"":1.0,""heading_tolerance_deg"":5.0,""maximum_aoi_s"":1.0,""position_error_m"":3.55576446501642,""heading_error_deg"":null,""aoi_s"":0.003282308578491211,""position_margin_m"":-2.55576446501642,""heading_margin_deg"":null,""freshness_margin_s"":0.9967176914215088,""normalized_margin"":-2.55576446501642,""observable"":true,""raw_pass"":false,""reason"":""position tolerance"",""status"":""withdrawn"",""observed_evaluations"":48,""satisfaction_fraction"":0.041666666666666664}]",high,10.0,0.6599000189453363
35.935999999999694,5897.999,1789517512.02614,3845,-0.12414997048769262,-0.05961930139852729,-0.7768969574294688,1.9202570736932345,-2.968890819902242,True,0.159477776,127.89,,,0.607,0.1344156265258789,1789511613.8927243,131.13348007209424,3.55576446501642,,-109.3334,-0.0,0.0,-0.004472406208235469,-0.0008944812416470937,0.004472406208235469,0.01277830345210134,low-motion,700.5484104156494,620,1076.9374792495462,0,False,0,151098,139799,0.0,0.0,11.36485,10,0.98,False,"[{""service_id"":""local_1s_tight"",""label"":""Immediate motion"",""family"":""local_relative_motion"",""horizon_s"":1.0,""position_tolerance_m"":0.1,""heading_tolerance_deg"":2.0,""maximum_aoi_s"":0.6,""position_error_m"":null,""heading_error_deg"":null,""aoi_s"":0.1344156265258789,""position_margin_m"":null,""heading_margin_deg"":null,""freshness_margin_s"":null,""normalized_margin"":null,""observable"":false,""raw_pass"":false,""reason"":""GPS course unobservable at low speed"",""status"":""unobservable"",""observed_evaluations"":4,""satisfaction_fraction"":0.0},{""service_id"":""local_5s_moderate"",""label"":""Short prediction"",""family"":""local_relative_motion"",""horizon_s"":5.0,""position_tolerance_m"":0.2,""heading_tolerance_deg"":5.0,""maximum_aoi_s"":1.0,""position_error_m"":null,""heading_error_deg"":null,""aoi_s"":0.1344156265258789,""position_margin_m"":null,""heading_margin_deg"":null,""freshness_margin_s"":null,""normalized_margin"":null,""observable"":false,""raw_pass"":false,""reason"":""GPS course unobservable at low speed"",""status"":""unobservable"",""observed_evaluations"":0,""satisfaction_fraction"":null},{""service_id"":""local_10s_preview"",""label"":""Planning support"",""family"":""local_relative_motion"",""horizon_s"":10.0,""position_tolerance_m"":0.5,""heading_tolerance_deg"":10.0,""maximum_aoi_s"":1.5,""position_error_m"":null,""heading_error_deg"":null,""aoi_s"":0.1344156265258789,""position_margin_m"":null,""heading_margin_deg"":null,""freshness_margin_s"":null,""normalized_margin"":null,""observable"":false,""raw_pass"":false,""reason"":""GPS course unobservable at low speed"",""status"":""unobservable"",""observed_evaluations"":0,""satisfaction_fraction"":null},{""service_id"":""global_state_tracking"",""label"":""Global asset tracking"",""family"":""global_synchronization"",""horizon_s"":0.0,""position_tolerance_m"":1.0,""heading_tolerance_deg"":5.0,""maximum_aoi_s"":1.0,""position_error_m"":3.55576446501642,""heading_error_deg"":null,""aoi_s"":0.1344156265258789,""position_margin_m"":-2.55576446501642,""heading_margin_deg"":null,""freshness_margin_s"":0.8655843734741211,""normalized_margin"":-2.55576446501642,""observable"":true,""raw_pass"":false,""reason"":""position tolerance"",""status"":""withdrawn"",""observed_evaluations"":49,""satisfaction_fraction"":0.04081632653061224}]",high,10.0,0.3068000078201294
36.65399999999954,5898.717,1789517512.6138153,3846,-0.12414997048769262,-0.05961930139852729,-0.7758161186569401,2.0673556782695854,-2.968890819902242,True,0.190344443,127.89,,,0.033,0.004091024398803711,1789511613.8927243,130.32466697677592,3.6423286201154297,,-109.1197,-0.0,0.0,0.007526732399225546,0.0015053464798451092,0.007526732399225546,0.02150494971207299,low-motion,579.6630382537842,620,1068.620005674083,0,False,0,151098,139799,0.0,0.0,11.36485,10,0.98,False,"[{""service_id"":""local_1s_tight"",""label"":""Immediate motion"",""family"":""local_relative_motion"",""horizon_s"":1.0,""position_tolerance_m"":0.1,""heading_tolerance_deg"":2.0,""maximum_aoi_s"":0.6,""position_error_m"":null,""heading_error_deg"":null,""aoi_s"":0.004091024398803711,""position_margin_m"":null,""heading_margin_deg"":null,""freshness_margin_s"":null,""normalized_margin"":null,""observable"":false,""raw_pass"":false,""reason"":""GPS course unobservable at low speed"",""status"":""unobservable"",""observed_evaluations"":4,""satisfaction_fraction"":0.0},{""service_id"":""local_5s_moderate"",""label"":""Short prediction"",""family"":""local_relative_motion"",""horizon_s"":5.0,""position_tolerance_m"":0.2,""heading_tolerance_deg"":5.0,""maximum_aoi_s"":1.0,""position_error_m"":null,""heading_error_deg"":null,""aoi_s"":0.004091024398803711,""position_margin_m"":null,""heading_margin_deg"":null,""freshness_margin_s"":null,""normalized_margin"":null,""observable"":false,""raw_pass"":false,""reason"":""GPS course unobservable at low speed"",""status"":""unobservable"",""observed_evaluations"":0,""satisfaction_fraction"":null},{""service_id"":""local_10s_preview"",""label"":""Planning support"",""family"":""local_relative_motion"",""horizon_s"":10.0,""position_tolerance_m"":0.5,""heading_tolerance_deg"":10.0,""maximum_aoi_s"":1.5,""position_error_m"":null,""heading_error_deg"":null,""aoi_s"":0.004091024398803711,""position_margin_m"":null,""heading_margin_deg"":null,""freshness_margin_s"":null,""normalized_margin"":null,""observable"":false,""raw_pass"":false,""reason"":""GPS course unobservable at low speed"",""status"":""unobservable"",""observed_evaluations"":0,""satisfaction_fraction"":null},{""service_id"":""global_state_tracking"",""label"":""Global asset tracking"",""family"":""global_synchronization"",""horizon_s"":0.0,""position_tolerance_m"":1.0,""heading_tolerance_deg"":5.0,""maximum_aoi_s"":1.0,""position_error_m"":3.6423286201154297,""heading_error_deg"":null,""aoi_s"":0.004091024398803711,""position_margin_m"":-2.6423286201154297,""heading_margin_deg"":null,""freshness_margin_s"":0.9959089756011963,""normalized_margin"":-2.6423286201154297,""observable"":true,""raw_pass"":false,""reason"":""position tolerance"",""status"":""withdrawn"",""observed_evaluations"":50,""satisfaction_fraction"":0.04}]",high,10.0,0.2666999935172498
37.222999999999956,5899.286,1789517513.313887,3847,-0.12414997048769262,-0.05961930139852729,-0.775952668854293,2.215340417197444,-3.154794369089286,True,0.190344443,127.89,,,0.021,0.1351625919342041,1789511613.8927243,131.07157325703156,3.8798613343424586,,-109.2793,-0.0,0.0,-0.0011999138607461017,-0.00023998277214922034,0.0011999138607461017,0.0034283253164174338,low-motion,693.21608543396,618,1068.0531936391428,0,False,0,151098,139799,0.0,0.0,11.36485,10,0.98,False,"[{""service_id"":""local_1s_tight"",""label"":""Immediate motion"",""family"":""local_relative_motion"",""horizon_s"":1.0,""position_tolerance_m"":0.1,""heading_tolerance_deg"":2.0,""maximum_aoi_s"":0.6,""position_error_m"":null,""heading_error_deg"":null,""aoi_s"":0.1351625919342041,""position_margin_m"":null,""heading_margin_deg"":null,""freshness_margin_s"":null,""normalized_margin"":null,""observable"":false,""raw_pass"":false,""reason"":""GPS course unobservable at low speed"",""status"":""unobservable"",""observed_evaluations"":4,""satisfaction_fraction"":0.0},{""service_id"":""local_5s_moderate"",""label"":""Short prediction"",""family"":""local_relative_motion"",""horizon_s"":5.0,""position_tolerance_m"":0.2,""heading_tolerance_deg"":5.0,""maximum_aoi_s"":1.0,""position_error_m"":null,""heading_error_deg"":null,""aoi_s"":0.1351625919342041,""position_margin_m"":null,""heading_margin_deg"":null,""freshness_margin_s"":null,""normalized_margin"":null,""observable"":false,""raw_pass"":false,""reason"":""GPS course unobservable at low speed"",""status"":""unobservable"",""observed_evaluations"":0,""satisfaction_fraction"":null},{""service_id"":""local_10s_preview"",""label"":""Planning support"",""family"":""local_relative_motion"",""horizon_s"":10.0,""position_tolerance_m"":0.5,""heading_tolerance_deg"":10.0,""maximum_aoi_s"":1.5,""position_error_m"":null,""heading_error_deg"":null,""aoi_s"":0.1351625919342041,""position_margin_m"":null,""heading_margin_deg"":null,""freshness_margin_s"":null,""normalized_margin"":null,""observable"":false,""raw_pass"":false,""reason"":""GPS course unobservable at low speed"",""status"":""unobservable"",""observed_evaluations"":0,""satisfaction_fraction"":null},{""service_id"":""global_state_tracking"",""label"":""Global asset tracking"",""family"":""global_synchronization"",""horizon_s"":0.0,""position_tolerance_m"":1.0,""heading_tolerance_deg"":5.0,""maximum_aoi_s"":1.0,""position_error_m"":3.8798613343424586,""heading_error_deg"":null,""aoi_s"":0.1351625919342041,""position_margin_m"":-2.8798613343424586,""heading_margin_deg"":null,""freshness_margin_s"":0.8648374080657959,""normalized_margin"":-2.8798613343424586,""observable"":true,""raw_pass"":false,""reason"":""position tolerance"",""status"":""withdrawn"",""observed_evaluations"":51,""satisfaction_fraction"":0.0392156862745098}]",high,10.0,0.4110999871045351
37.93199999999979,5899.995,1789517514.0242307,3848,-0.12414997048769262,-0.05961930139852729,-0.7764321762496627,2.215340417197444,-3.154794369089286,True,0.216066665,127.89,,,0.011,0.1365065574645996,1789511613.8927243,1.3438377382044564,3.8798613343424586,,-109.167,-0.0,0.0,-0.0033815754257390134,-0.0006763150851478027,0.0033815754257390134,0.009661644073540039,low-motion,702.7101516723633,621,1066.1219811950546,0,False,0,151098,139799,0.0,0.0,11.41697,10,0.98,False,"[{""service_id"":""local_1s_tight"",""label"":""Immediate motion"",""family"":""local_relative_motion"",""horizon_s"":1.0,""position_tolerance_m"":0.1,""heading_tolerance_deg"":2.0,""maximum_aoi_s"":0.6,""position_error_m"":null,""heading_error_deg"":null,""aoi_s"":0.1365065574645996,""position_margin_m"":null,""heading_margin_deg"":null,""freshness_margin_s"":null,""normalized_margin"":null,""observable"":false,""raw_pass"":false,""reason"":""GPS course unobservable at low speed"",""status"":""unobservable"",""observed_evaluations"":4,""satisfaction_fraction"":0.0},{""service_id"":""local_5s_moderate"",""label"":""Short prediction"",""family"":""local_relative_motion"",""horizon_s"":5.0,""position_tolerance_m"":0.2,""heading_tolerance_deg"":5.0,""maximum_aoi_s"":1.0,""position_error_m"":null,""heading_error_deg"":null,""aoi_s"":0.1365065574645996,""position_margin_m"":null,""heading_margin_deg"":null,""freshness_margin_s"":null,""normalized_margin"":null,""observable"":false,""raw_pass"":false,""reason"":""GPS course unobservable at low speed"",""status"":""unobservable"",""observed_evaluations"":0,""satisfaction_fraction"":null},{""service_id"":""local_10s_preview"",""label"":""Planning support"",""family"":""local_relative_motion"",""horizon_s"":10.0,""position_tolerance_m"":0.5,""heading_tolerance_deg"":10.0,""maximum_aoi_s"":1.5,""position_error_m"":null,""heading_error_deg"":null,""aoi_s"":0.1365065574645996,""position_margin_m"":null,""heading_margin_deg"":null,""freshness_margin_s"":null,""normalized_margin"":null,""observable"":false,""raw_pass"":false,""reason"":""GPS course unobservable at low speed"",""status"":""unobservable"",""observed_evaluations"":0,""satisfaction_fraction"":null},{""service_id"":""global_state_tracking"",""label"":""Global asset tracking"",""family"":""global_synchronization"",""horizon_s"":0.0,""position_tolerance_m"":1.0,""heading_tolerance_deg"":5.0,""maximum_aoi_s"":1.0,""position_error_m"":3.8798613343424586,""heading_error_deg"":null,""aoi_s"":0.1365065574645996,""position_margin_m"":-2.8798613343424586,""heading_margin_deg"":null,""freshness_margin_s"":0.8634934425354004,""normalized_margin"":-2.8798613343424586,""observable"":true,""raw_pass"":false,""reason"":""position tolerance"",""status"":""withdrawn"",""observed_evaluations"":52,""satisfaction_fraction"":0.038461538461538464}]",high,10.0,0.2237000153400004
38.63100000000031,5900.694,1789517514.5863237,3849,-0.12414997048769262,-0.05961930139852729,-0.7758374334904294,2.3633251573845784,-3.3395847240672643,True,0.185199998,127.89,,,0.011,0.0,1789511613.8923237,136.90698051505024,4.116516207387708,,-108.9721,-0.0,0.0,0.004254240051736178,0.0008508480103472356,0.004254240051736178,0.012154971576389081,low-motion,553.6041259765625,624,1088.638226666645,0,False,0,151098,139799,0.0,0.0,11.41697,10,0.98,False,"[{""service_id"":""local_1s_tight"",""label"":""Immediate motion"",""family"":""local_relative_motion"",""horizon_s"":1.0,""position_tolerance_m"":0.1,""heading_tolerance_deg"":2.0,""maximum_aoi_s"":0.6,""position_error_m"":null,""heading_error_deg"":null,""aoi_s"":0.0,""position_margin_m"":null,""heading_margin_deg"":null,""freshness_margin_s"":null,""normalized_margin"":null,""observable"":false,""raw_pass"":false,""reason"":""GPS course unobservable at low speed"",""status"":""unobservable"",""observed_evaluations"":4,""satisfaction_fraction"":0.0},{""service_id"":""local_5s_moderate"",""label"":""Short prediction"",""family"":""local_relative_motion"",""horizon_s"":5.0,""position_tolerance_m"":0.2,""heading_tolerance_deg"":5.0,""maximum_aoi_s"":1.0,""position_error_m"":null,""heading_error_deg"":null,""aoi_s"":0.0,""position_margin_m"":null,""heading_margin_deg"":null,""freshness_margin_s"":null,""normalized_margin"":null,""observable"":false,""raw_pass"":false,""reason"":""GPS course unobservable at low speed"",""status"":""unobservable"",""observed_evaluations"":0,""satisfaction_fraction"":null},{""service_id"":""local_10s_preview"",""label"":""Planning support"",""family"":""local_relative_motion"",""horizon_s"":10.0,""position_tolerance_m"":0.5,""heading_tolerance_deg"":10.0,""maximum_aoi_s"":1.5,""position_error_m"":null,""heading_error_deg"":null,""aoi_s"":0.0,""position_margin_m"":null,""heading_margin_deg"":null,""freshness_margin_s"":null,""normalized_margin"":null,""observable"":false,""raw_pass"":false,""reason"":""GPS course unobservable at low speed"",""status"":""unobservable"",""observed_evaluations"":0,""satisfaction_fraction"":null},{""service_id"":""global_state_tracking"",""label"":""Global asset tracking"",""family"":""global_synchronization"",""horizon_s"":0.0,""position_tolerance_m"":1.0,""heading_tolerance_deg"":5.0,""maximum_aoi_s"":1.0,""position_error_m"":4.116516207387708,""heading_error_deg"":null,""aoi_s"":0.0,""position_margin_m"":-3.1165162073877077,""heading_margin_deg"":null,""freshness_margin_s"":1.0,""normalized_margin"":-3.1165162073877077,""observable"":true,""raw_pass"":false,""reason"":""position tolerance"",""status"":""withdrawn"",""observed_evaluations"":53,""satisfaction_fraction"":0.03773584905660377}]",high,10.0,0.45759999193251133
39.19200000000001,5901.255,1789517515.2849634,3850,-0.12414997048769262,-0.05961930139852729,-0.775604890184217,2.3633251573845784,-3.154794369089286,True,0.185199998,127.89,,,0.014,0.13763952255249023,1789511613.8923237,137.6396312716679,3.9708489283071025,,-108.9462,-0.0,0.0,0.002072578486743266,0.0004145156973486533,0.002072578486743266,0.005921652819266475,low-motion,689.5227432250977,623,1091.4121690663994,0,False,0,151098,139799,0.0,0.0,11.41697,10,0.98,False,"[{""service_id"":""local_1s_tight"",""label"":""Immediate motion"",""family"":""local_relative_motion"",""horizon_s"":1.0,""position_tolerance_m"":0.1,""heading_tolerance_deg"":2.0,""maximum_aoi_s"":0.6,""position_error_m"":null,""heading_error_deg"":null,""aoi_s"":0.13763952255249023,""position_margin_m"":null,""heading_margin_deg"":null,""freshness_margin_s"":null,""normalized_margin"":null,""observable"":false,""raw_pass"":false,""reason"":""GPS course unobservable at low speed"",""status"":""unobservable"",""observed_evaluations"":4,""satisfaction_fraction"":0.0},{""service_id"":""local_5s_moderate"",""label"":""Short prediction"",""family"":""local_relative_motion"",""horizon_s"":5.0,""position_tolerance_m"":0.2,""heading_tolerance_deg"":5.0,""maximum_aoi_s"":1.0,""position_error_m"":null,""heading_error_deg"":null,""aoi_s"":0.13763952255249023,""position_margin_m"":null,""heading_margin_deg"":null,""freshness_margin_s"":null,""normalized_margin"":null,""observable"":false,""raw_pass"":false,""reason"":""GPS course unobservable at low speed"",""status"":""unobservable"",""observed_evaluations"":0,""satisfaction_fraction"":null},{""service_id"":""local_10s_preview"",""label"":""Planning support"",""family"":""local_relative_motion"",""horizon_s"":10.0,""position_tolerance_m"":0.5,""heading_tolerance_deg"":10.0,""maximum_aoi_s"":1.5,""position_error_m"":null,""heading_error_deg"":null,""aoi_s"":0.13763952255249023,""position_margin_m"":null,""heading_margin_deg"":null,""freshness_margin_s"":null,""normalized_margin"":null,""observable"":false,""raw_pass"":false,""reason"":""GPS course unobservable at low speed"",""status"":""unobservable"",""observed_evaluations"":0,""satisfaction_fraction"":null},{""service_id"":""global_state_tracking"",""label"":""Global asset tracking"",""family"":""global_synchronization"",""horizon_s"":0.0,""position_tolerance_m"":1.0,""heading_tolerance_deg"":5.0,""maximum_aoi_s"":1.0,""position_error_m"":3.9708489283071025,""heading_error_deg"":null,""aoi_s"":0.13763952255249023,""position_margin_m"":-2.9708489283071025,""heading_margin_deg"":null,""freshness_margin_s"":0.8623604774475098,""normalized_margin"":-2.9708489283071025,""observable"":true,""raw_pass"":false,""reason"":""position tolerance"",""status"":""withdrawn"",""observed_evaluations"":54,""satisfaction_fraction"":0.037037037037037035}]",high,10.0,0.48589997459203005
39.90599999999995,5901.969,1789517515.9973536,3851,-0.12414997048769262,-0.05961930139852729,-0.7748416140690884,2.3633251573845784,-3.154794369089286,True,0.102888888,127.89,,,0.033,0.13602972030639648,1789511613.8923237,1.609815597475972,3.9708489283071025,,-108.9301,-0.0,0.0,0.005345070834232635,0.001069014166846527,0.005345070834232635,0.015271630954950386,low-motion,701.8649578094482,623,1060.792789844101,0,False,0,151098,139799,0.0,0.0,11.41697,10,0.98,False,"[{""service_id"":""local_1s_tight"",""label"":""Immediate motion"",""family"":""local_relative_motion"",""horizon_s"":1.0,""position_tolerance_m"":0.1,""heading_tolerance_deg"":2.0,""maximum_aoi_s"":0.6,""position_error_m"":null,""heading_error_deg"":null,""aoi_s"":0.13602972030639648,""position_margin_m"":null,""heading_margin_deg"":null,""freshness_margin_s"":null,""normalized_margin"":null,""observable"":false,""raw_pass"":false,""reason"":""GPS course unobservable at low speed"",""status"":""unobservable"",""observed_evaluations"":4,""satisfaction_fraction"":0.0},{""service_id"":""local_5s_moderate"",""label"":""Short prediction"",""family"":""local_relative_motion"",""horizon_s"":5.0,""position_tolerance_m"":0.2,""heading_tolerance_deg"":5.0,""maximum_aoi_s"":1.0,""position_error_m"":null,""heading_error_deg"":null,""aoi_s"":0.13602972030639648,""position_margin_m"":null,""heading_margin_deg"":null,""freshness_margin_s"":null,""normalized_margin"":null,""observable"":false,""raw_pass"":false,""reason"":""GPS course unobservable at low speed"",""status"":""unobservable"",""observed_evaluations"":0,""satisfaction_fraction"":null},{""service_id"":""local_10s_preview"",""label"":""Planning support"",""family"":""local_relative_motion"",""horizon_s"":10.0,""position_tolerance_m"":0.5,""heading_tolerance_deg"":10.0,""maximum_aoi_s"":1.5,""position_error_m"":null,""heading_error_deg"":null,""aoi_s"":0.13602972030639648,""position_margin_m"":null,""heading_margin_deg"":null,""freshness_margin_s"":null,""normalized_margin"":null,""observable"":false,""raw_pass"":false,""reason"":""GPS course unobservable at low speed"",""status"":""unobservable"",""observed_evaluations"":0,""satisfaction_fraction"":null},{""service_id"":""global_state_tracking"",""label"":""Global asset tracking"",""family"":""global_synchronization"",""horizon_s"":0.0,""position_tolerance_m"":1.0,""heading_tolerance_deg"":5.0,""maximum_aoi_s"":1.0,""position_error_m"":3.9708489283071025,""heading_error_deg"":null,""aoi_s"":0.13602972030639648,""position_margin_m"":-2.9708489283071025,""heading_margin_deg"":null,""freshness_margin_s"":0.8639702796936035,""normalized_margin"":-2.9708489283071025,""observable"":true,""raw_pass"":false,""reason"":""position tolerance"",""status"":""withdrawn"",""observed_evaluations"":55,""satisfaction_fraction"":0.03636363636363636}]",high,10.0,0.47859997721388936
40.60999999999967,5902.673,1789517516.566127,3852,-0.12414997048769262,-0.05961930139852729,-0.7748569729665058,2.510423760701654,-3.154794369089286,True,0.118322221,127.89,,,0.019,0.0008032321929931641,1789511613.8923237,135.2264919278241,4.06461405852111,,-108.7829,-0.0,0.0,-0.0001090830782496456,-2.181661564992912e-05,0.0001090830782496456,0.0003116659378561303,low-motion,559.948205947876,623,1095.157299888258,0,False,0,151098,139799,0.0,0.0,11.41697,10,0.98,False,"[{""service_id"":""local_1s_tight"",""label"":""Immediate motion"",""family"":""local_relative_motion"",""horizon_s"":1.0,""position_tolerance_m"":0.1,""heading_tolerance_deg"":2.0,""maximum_aoi_s"":0.6,""position_error_m"":null,""heading_error_deg"":null,""aoi_s"":0.0008032321929931641,""position_margin_m"":null,""heading_margin_deg"":null,""freshness_margin_s"":null,""normalized_margin"":null,""observable"":false,""raw_pass"":false,""reason"":""GPS course unobservable at low speed"",""status"":""unobservable"",""observed_evaluations"":4,""satisfaction_fraction"":0.0},{""service_id"":""local_5s_moderate"",""label"":""Short prediction"",""family"":""local_relative_motion"",""horizon_s"":5.0,""position_tolerance_m"":0.2,""heading_tolerance_deg"":5.0,""maximum_aoi_s"":1.0,""position_error_m"":null,""heading_error_deg"":null,""aoi_s"":0.0008032321929931641,""position_margin_m"":null,""heading_margin_deg"":null,""freshness_margin_s"":null,""normalized_margin"":null,""observable"":false,""raw_pass"":false,""reason"":""GPS course unobservable at low speed"",""status"":""unobservable"",""observed_evaluations"":0,""satisfaction_fraction"":null},{""service_id"":""local_10s_preview"",""label"":""Planning support"",""family"":""local_relative_motion"",""horizon_s"":10.0,""position_tolerance_m"":0.5,""heading_tolerance_deg"":10.0,""maximum_aoi_s"":1.5,""position_error_m"":null,""heading_error_deg"":null,""aoi_s"":0.0008032321929931641,""position_margin_m"":null,""heading_margin_deg"":null,""freshness_margin_s"":null,""normalized_margin"":null,""observable"":false,""raw_pass"":false,""reason"":""GPS course unobservable at low speed"",""status"":""unobservable"",""observed_evaluations"":0,""satisfaction_fraction"":null},{""service_id"":""global_state_tracking"",""label"":""Global asset tracking"",""family"":""global_synchronization"",""horizon_s"":0.0,""position_tolerance_m"":1.0,""heading_tolerance_deg"":5.0,""maximum_aoi_s"":1.0,""position_error_m"":4.06461405852111,""heading_error_deg"":null,""aoi_s"":0.0008032321929931641,""position_margin_m"":-3.0646140585211104,""heading_margin_deg"":null,""freshness_margin_s"":0.9991967678070068,""normalized_margin"":-3.0646140585211104,""observable"":true,""raw_pass"":false,""reason"":""position tolerance"",""status"":""withdrawn"",""observed_evaluations"":56,""satisfaction_fraction"":0.03571428571428571}]",high,10.0,0.36259996704757214
41.185999999999694,5903.249,1789517517.2771394,3853,-0.12414997048769262,-0.05961930139852729,-0.7752465304555507,2.510423760701654,-3.154794369089286,True,0.118322221,127.89,,,0.03,0.13581562042236328,1789511613.8923237,135.01236343381606,4.06461405852111,,-108.9082,-0.0,0.0,-0.0033815754257390134,-0.0006763150851478027,0.0033815754257390134,0.009661644073540039,low-motion,703.3088207244873,624,1067.0500000536827,0,False,0,151098,139799,0.0,0.0,11.41697,10,0.98,False,"[{""service_id"":""local_1s_tight"",""label"":""Immediate motion"",""family"":""local_relative_motion"",""horizon_s"":1.0,""position_tolerance_m"":0.1,""heading_tolerance_deg"":2.0,""maximum_aoi_s"":0.6,""position_error_m"":null,""heading_error_deg"":null,""aoi_s"":0.13581562042236328,""position_margin_m"":null,""heading_margin_deg"":null,""freshness_margin_s"":null,""normalized_margin"":null,""observable"":false,""raw_pass"":false,""reason"":""GPS course unobservable at low speed"",""status"":""unobservable"",""observed_evaluations"":4,""satisfaction_fraction"":0.0},{""service_id"":""local_5s_moderate"",""label"":""Short prediction"",""family"":""local_relative_motion"",""horizon_s"":5.0,""position_tolerance_m"":0.2,""heading_tolerance_deg"":5.0,""maximum_aoi_s"":1.0,""position_error_m"":null,""heading_error_deg"":null,""aoi_s"":0.13581562042236328,""position_margin_m"":null,""heading_margin_deg"":null,""freshness_margin_s"":null,""normalized_margin"":null,""observable"":false,""raw_pass"":false,""reason"":""GPS course unobservable at low speed"",""status"":""unobservable"",""observed_evaluations"":0,""satisfaction_fraction"":null},{""service_id"":""local_10s_preview"",""label"":""Planning support"",""family"":""local_relative_motion"",""horizon_s"":10.0,""position_tolerance_m"":0.5,""heading_tolerance_deg"":10.0,""maximum_aoi_s"":1.5,""position_error_m"":null,""heading_error_deg"":null,""aoi_s"":0.13581562042236328,""position_margin_m"":null,""heading_margin_deg"":null,""freshness_margin_s"":null,""normalized_margin"":null,""observable"":false,""raw_pass"":false,""reason"":""GPS course unobservable at low speed"",""status"":""unobservable"",""observed_evaluations"":0,""satisfaction_fraction"":null},{""service_id"":""global_state_tracking"",""label"":""Global asset tracking"",""family"":""global_synchronization"",""horizon_s"":0.0,""position_tolerance_m"":1.0,""heading_tolerance_deg"":5.0,""maximum_aoi_s"":1.0,""position_error_m"":4.06461405852111,""heading_error_deg"":null,""aoi_s"":0.13581562042236328,""position_margin_m"":-3.0646140585211104,""heading_margin_deg"":null,""freshness_margin_s"":0.8641843795776367,""normalized_margin"":-3.0646140585211104,""observable"":true,""raw_pass"":false,""reason"":""position tolerance"",""status"":""withdrawn"",""observed_evaluations"":57,""satisfaction_fraction"":0.03508771929824561}]",high,10.0,0.23480004165321589
41.899999999999636,5903.963,1789517517.860013,3854,-0.12414997048769262,-0.05961930139852729,-0.7747947956119035,2.510423760701654,-3.154794369089286,True,0.108033332,127.89,,,0.034,0.004689216613769531,1789511613.8923237,131.12641715997597,4.06461405852111,,-108.8999,-0.0,0.0,0.0031634092692397224,0.0006326818538479446,0.0031634092692397224,0.009038312197827778,low-motion,576.3156414031982,622,1094.9982162107024,0,False,0,151098,139799,0.0,0.0,11.41697,10,0.98,False,"[{""service_id"":""local_1s_tight"",""label"":""Immediate motion"",""family"":""local_relative_motion"",""horizon_s"":1.0,""position_tolerance_m"":0.1,""heading_tolerance_deg"":2.0,""maximum_aoi_s"":0.6,""position_error_m"":null,""heading_error_deg"":null,""aoi_s"":0.004689216613769531,""position_margin_m"":null,""heading_margin_deg"":null,""freshness_margin_s"":null,""normalized_margin"":null,""observable"":false,""raw_pass"":false,""reason"":""GPS course unobservable at low speed"",""status"":""unobservable"",""observed_evaluations"":4,""satisfaction_fraction"":0.0},{""service_id"":""local_5s_moderate"",""label"":""Short prediction"",""family"":""local_relative_motion"",""horizon_s"":5.0,""position_tolerance_m"":0.2,""heading_tolerance_deg"":5.0,""maximum_aoi_s"":1.0,""position_error_m"":null,""heading_error_deg"":null,""aoi_s"":0.004689216613769531,""position_margin_m"":null,""heading_margin_deg"":null,""freshness_margin_s"":null,""normalized_margin"":null,""observable"":false,""raw_pass"":false,""reason"":""GPS course unobservable at low speed"",""status"":""unobservable"",""observed_evaluations"":0,""satisfaction_fraction"":null},{""service_id"":""local_10s_preview"",""label"":""Planning support"",""family"":""local_relative_motion"",""horizon_s"":10.0,""position_tolerance_m"":0.5,""heading_tolerance_deg"":10.0,""maximum_aoi_s"":1.5,""position_error_m"":null,""heading_error_deg"":null,""aoi_s"":0.004689216613769531,""position_margin_m"":null,""heading_margin_deg"":null,""freshness_margin_s"":null,""normalized_margin"":null,""observable"":false,""raw_pass"":false,""reason"":""GPS course unobservable at low speed"",""status"":""unobservable"",""observed_evaluations"":0,""satisfaction_fraction"":null},{""service_id"":""global_state_tracking"",""label"":""Global asset tracking"",""family"":""global_synchronization"",""horizon_s"":0.0,""position_tolerance_m"":1.0,""heading_tolerance_deg"":5.0,""maximum_aoi_s"":1.0,""position_error_m"":4.06461405852111,""heading_error_deg"":null,""aoi_s"":0.004689216613769531,""position_margin_m"":-3.0646140585211104,""heading_margin_deg"":null,""freshness_margin_s"":0.9953107833862305,""normalized_margin"":-3.0646140585211104,""observable"":true,""raw_pass"":false,""reason"":""position tolerance"",""status"":""withdrawn"",""observed_evaluations"":58,""satisfaction_fraction"":0.034482758620689655}]",high,10.0,0.3302000113762915
42.47099999999955,5904.534,1789517518.5627997,3855,-0.12414997048769262,-0.05961930139852729,-0.7746826800240783,2.510423760701654,-3.154794369089286,True,0.097744444,127.89,,,0.019,0.1364760398864746,1789511613.8923237,131.7866840363422,4.06461405852111,,-109.0791,-0.0,0.0,0.0009817477042468104,0.0001963495408493621,0.0009817477042468104,0.002804993440705173,low-motion,692.7704811096191,623,1097.9231623557257,0,False,0,151098,139799,0.0,0.0,11.41697,10,0.98,False,"[{""service_id"":""local_1s_tight"",""label"":""Immediate motion"",""family"":""local_relative_motion"",""horizon_s"":1.0,""position_tolerance_m"":0.1,""heading_tolerance_deg"":2.0,""maximum_aoi_s"":0.6,""position_error_m"":null,""heading_error_deg"":null,""aoi_s"":0.1364760398864746,""position_margin_m"":null,""heading_margin_deg"":null,""freshness_margin_s"":null,""normalized_margin"":null,""observable"":false,""raw_pass"":false,""reason"":""GPS course unobservable at low speed"",""status"":""unobservable"",""observed_evaluations"":4,""satisfaction_fraction"":0.0},{""service_id"":""local_5s_moderate"",""label"":""Short prediction"",""family"":""local_relative_motion"",""horizon_s"":5.0,""position_tolerance_m"":0.2,""heading_tolerance_deg"":5.0,""maximum_aoi_s"":1.0,""position_error_m"":null,""heading_error_deg"":null,""aoi_s"":0.1364760398864746,""position_margin_m"":null,""heading_margin_deg"":null,""freshness_margin_s"":null,""normalized_margin"":null,""observable"":false,""raw_pass"":false,""reason"":""GPS course unobservable at low speed"",""status"":""unobservable"",""observed_evaluations"":0,""satisfaction_fraction"":null},{""service_id"":""local_10s_preview"",""label"":""Planning support"",""family"":""local_relative_motion"",""horizon_s"":10.0,""position_tolerance_m"":0.5,""heading_tolerance_deg"":10.0,""maximum_aoi_s"":1.5,""position_error_m"":null,""heading_error_deg"":null,""aoi_s"":0.1364760398864746,""position_margin_m"":null,""heading_margin_deg"":null,""freshness_margin_s"":null,""normalized_margin"":null,""observable"":false,""raw_pass"":false,""reason"":""GPS course unobservable at low speed"",""status"":""unobservable"",""observed_evaluations"":0,""satisfaction_fraction"":null},{""service_id"":""global_state_tracking"",""label"":""Global asset tracking"",""family"":""global_synchronization"",""horizon_s"":0.0,""position_tolerance_m"":1.0,""heading_tolerance_deg"":5.0,""maximum_aoi_s"":1.0,""position_error_m"":4.06461405852111,""heading_error_deg"":null,""aoi_s"":0.1364760398864746,""position_margin_m"":-3.0646140585211104,""heading_margin_deg"":null,""freshness_margin_s"":0.8635239601135254,""normalized_margin"":-3.0646140585211104,""observable"":true,""raw_pass"":false,""reason"":""position tolerance"",""status"":""withdrawn"",""observed_evaluations"":59,""satisfaction_fraction"":0.03389830508474576}]",high,10.0,0.2891999902203679
43.202000000000226,5905.265,1789517519.292522,3856,-0.12497979460015068,-0.05878939138702474,-0.7962171561741185,2.510423760701654,-3.154794369089286,True,0.097744444,127.89,,,0.051,0.13519811630249023,1789511613.8923237,1.2777385718436562,4.065783899969915,,-109.7946,-0.00160548461777012,-0.01688872707713473,-0.07973973020049092,-0.02945892770180597,0.0628510031233562,0.1795742946381606,low-motion,721.6763496398926,635,1061.7912317331998,0,False,0,151098,139815,0.0,-0.062114789,11.41697,10,0.98,False,"[{""service_id"":""local_1s_tight"",""label"":""Immediate motion"",""family"":""local_relative_motion"",""horizon_s"":1.0,""position_tolerance_m"":0.1,""heading_tolerance_deg"":2.0,""maximum_aoi_s"":0.6,""position_error_m"":null,""heading_error_deg"":null,""aoi_s"":0.13519811630249023,""position_margin_m"":null,""heading_margin_deg"":null,""freshness_margin_s"":null,""normalized_margin"":null,""observable"":false,""raw_pass"":false,""reason"":""GPS course unobservable at low speed"",""status"":""unobservable"",""observed_evaluations"":4,""satisfaction_fraction"":0.0},{""service_id"":""local_5s_moderate"",""label"":""Short prediction"",""family"":""local_relative_motion"",""horizon_s"":5.0,""position_tolerance_m"":0.2,""heading_tolerance_deg"":5.0,""maximum_aoi_s"":1.0,""position_error_m"":null,""heading_error_deg"":null,""aoi_s"":0.13519811630249023,""position_margin_m"":null,""heading_margin_deg"":null,""freshness_margin_s"":null,""normalized_margin"":null,""observable"":false,""raw_pass"":false,""reason"":""GPS course unobservable at low speed"",""status"":""unobservable"",""observed_evaluations"":0,""satisfaction_fraction"":null},{""service_id"":""local_10s_preview"",""label"":""Planning support"",""family"":""local_relative_motion"",""horizon_s"":10.0,""position_tolerance_m"":0.5,""heading_tolerance_deg"":10.0,""maximum_aoi_s"":1.5,""position_error_m"":null,""heading_error_deg"":null,""aoi_s"":0.13519811630249023,""position_margin_m"":null,""heading_margin_deg"":null,""freshness_margin_s"":null,""normalized_margin"":null,""observable"":false,""raw_pass"":false,""reason"":""GPS course unobservable at low speed"",""status"":""unobservable"",""observed_evaluations"":0,""satisfaction_fraction"":null},{""service_id"":""global_state_tracking"",""label"":""Global asset tracking"",""family"":""global_synchronization"",""horizon_s"":0.0,""position_tolerance_m"":1.0,""heading_tolerance_deg"":5.0,""maximum_aoi_s"":1.0,""position_error_m"":4.065783899969915,""heading_error_deg"":null,""aoi_s"":0.13519811630249023,""position_margin_m"":-3.065783899969915,""heading_margin_deg"":null,""freshness_margin_s"":0.8648018836975098,""normalized_margin"":-3.065783899969915,""observable"":true,""raw_pass"":false,""reason"":""position tolerance"",""status"":""withdrawn"",""observed_evaluations"":60,""satisfaction_fraction"":0.03333333333333333}]",high,10.0,0.368500011973083
43.90700000000015,5905.97,1789517519.9958832,3857,-0.14238017816173987,-0.03417083026139526,-1.1148260173908202,2.510423760701654,-3.154794369089286,True,0.097744444,127.89,,,0.755,0.1335594654083252,1789511613.8923237,1.638727188037592,4.095810055304792,,-113.8914,-0.04276182659999724,-0.4410727638155559,-0.4953462583316407,-0.4519274627187729,0.05427349451608482,0.15506712718881377,low-motion,692.0502185821533,645,1065.1847520855022,0,False,0,151102,140222,-0.018807841,-0.094062719,11.41697,10,0.98,False,"[{""service_id"":""local_1s_tight"",""label"":""Immediate motion"",""family"":""local_relative_motion"",""horizon_s"":1.0,""position_tolerance_m"":0.1,""heading_tolerance_deg"":2.0,""maximum_aoi_s"":0.6,""position_error_m"":null,""heading_error_deg"":null,""aoi_s"":0.1335594654083252,""position_margin_m"":null,""heading_margin_deg"":null,""freshness_margin_s"":null,""normalized_margin"":null,""observable"":false,""raw_pass"":false,""reason"":""GPS course unobservable at low speed"",""status"":""unobservable"",""observed_evaluations"":4,""satisfaction_fraction"":0.0},{""service_id"":""local_5s_moderate"",""label"":""Short prediction"",""family"":""local_relative_motion"",""horizon_s"":5.0,""position_tolerance_m"":0.2,""heading_tolerance_deg"":5.0,""maximum_aoi_s"":1.0,""position_error_m"":null,""heading_error_deg"":null,""aoi_s"":0.1335594654083252,""position_margin_m"":null,""heading_margin_deg"":null,""freshness_margin_s"":null,""normalized_margin"":null,""observable"":false,""raw_pass"":false,""reason"":""GPS course unobservable at low speed"",""status"":""unobservable"",""observed_evaluations"":0,""satisfaction_fraction"":null},{""service_id"":""local_10s_preview"",""label"":""Planning support"",""family"":""local_relative_motion"",""horizon_s"":10.0,""position_tolerance_m"":0.5,""heading_tolerance_deg"":10.0,""maximum_aoi_s"":1.5,""position_error_m"":null,""heading_error_deg"":null,""aoi_s"":0.1335594654083252,""position_margin_m"":null,""heading_margin_deg"":null,""freshness_margin_s"":null,""normalized_margin"":null,""observable"":false,""raw_pass"":false,""reason"":""GPS course unobservable at low speed"",""status"":""unobservable"",""observed_evaluations"":0,""satisfaction_fraction"":null},{""service_id"":""global_state_tracking"",""label"":""Global asset tracking"",""family"":""global_synchronization"",""horizon_s"":0.0,""position_tolerance_m"":1.0,""heading_tolerance_deg"":5.0,""maximum_aoi_s"":1.0,""position_error_m"":4.095810055304792,""heading_error_deg"":null,""aoi_s"":0.1335594654083252,""position_margin_m"":-3.095810055304792,""heading_margin_deg"":null,""freshness_margin_s"":0.8664405345916748,""normalized_margin"":-3.095810055304792,""observable"":true,""raw_pass"":false,""reason"":""position tolerance"",""status"":""withdrawn"",""observed_evaluations"":61,""satisfaction_fraction"":0.03278688524590164}]",high,10.0,0.5024999845772982
44.610999999999876,5906.674,1789517520.7103353,3858,-0.1645772501850253,0.029323510205828983,-1.3541452020803402,2.3633251573845784,-3.154794369089286,True,0.097744444,127.89,,,0.019,0.1440114974975586,1789511613.8923237,10.45202827481262,4.0655746520563385,,-120.5697,-0.0955432961095002,-0.34963293487172964,-0.3011783790472715,-0.33994202370683807,0.04845455582445812,0.13844158806988036,low-motion,699.9354362487793,647,1069.8110707792791,0,False,0,151401,140840,-0.056423522,-0.150575657,11.41697,10,0.98,False,"[{""service_id"":""local_1s_tight"",""label"":""Immediate motion"",""family"":""local_relative_motion"",""horizon_s"":1.0,""position_tolerance_m"":0.1,""heading_tolerance_deg"":2.0,""maximum_aoi_s"":0.6,""position_error_m"":null,""heading_error_deg"":null,""aoi_s"":0.1440114974975586,""position_margin_m"":null,""heading_margin_deg"":null,""freshness_margin_s"":null,""normalized_margin"":null,""observable"":false,""raw_pass"":false,""reason"":""GPS course unobservable at low speed"",""status"":""unobservable"",""observed_evaluations"":4,""satisfaction_fraction"":0.0},{""service_id"":""local_5s_moderate"",""label"":""Short prediction"",""family"":""local_relative_motion"",""horizon_s"":5.0,""position_tolerance_m"":0.2,""heading_tolerance_deg"":5.0,""maximum_aoi_s"":1.0,""position_error_m"":null,""heading_error_deg"":null,""aoi_s"":0.1440114974975586,""position_margin_m"":null,""heading_margin_deg"":null,""freshness_margin_s"":null,""normalized_margin"":null,""observable"":false,""raw_pass"":false,""reason"":""GPS course unobservable at low speed"",""status"":""unobservable"",""observed_evaluations"":0,""satisfaction_fraction"":null},{""service_id"":""local_10s_preview"",""label"":""Planning support"",""family"":""local_relative_motion"",""horizon_s"":10.0,""position_tolerance_m"":0.5,""heading_tolerance_deg"":10.0,""maximum_aoi_s"":1.5,""position_error_m"":null,""heading_error_deg"":null,""aoi_s"":0.1440114974975586,""position_margin_m"":null,""heading_margin_deg"":null,""freshness_margin_s"":null,""normalized_margin"":null,""observable"":false,""raw_pass"":false,""reason"":""GPS course unobservable at low speed"",""status"":""unobservable"",""observed_evaluations"":0,""satisfaction_fraction"":null},{""service_id"":""global_state_tracking"",""label"":""Global asset tracking"",""family"":""global_synchronization"",""horizon_s"":0.0,""position_tolerance_m"":1.0,""heading_tolerance_deg"":5.0,""maximum_aoi_s"":1.0,""position_error_m"":4.0655746520563385,""heading_error_deg"":null,""aoi_s"":0.1440114974975586,""position_margin_m"":-3.0655746520563385,""heading_margin_deg"":null,""freshness_margin_s"":0.8559885025024414,""normalized_margin"":-3.0655746520563385,""observable"":true,""raw_pass"":false,""reason"":""position tolerance"",""status"":""withdrawn"",""observed_evaluations"":62,""satisfaction_fraction"":0.03225806451612903}]",high,10.0,0.5863000405952334
45.32899999999972,5907.392,1789517521.4307144,3859,-0.1704614910753751,0.11023556966585149,-1.642255244931432,2.3633251573845784,-2.968890819902242,True,0.061733333,127.89,,,0.034,0.14639067649841309,1789511613.8923237,2.3791141511537717,3.987617597369207,,-130.4486,-0.11298849553307547,-0.3954737720726872,-0.42444225746937103,-0.401267469152024,0.02896848539668384,0.08276710113338241,low-motion,705.2638530731201,641,1040.170456544883,0,False,0,151770,141577,-0.080623028,-0.160365281,11.41697,10,0.98,False,"[{""service_id"":""local_1s_tight"",""label"":""Immediate motion"",""family"":""local_relative_motion"",""horizon_s"":1.0,""position_tolerance_m"":0.1,""heading_tolerance_deg"":2.0,""maximum_aoi_s"":0.6,""position_error_m"":null,""heading_error_deg"":null,""aoi_s"":0.14639067649841309,""position_margin_m"":null,""heading_margin_deg"":null,""freshness_margin_s"":null,""normalized_margin"":null,""observable"":false,""raw_pass"":false,""reason"":""GPS course unobservable at low speed"",""status"":""unobservable"",""observed_evaluations"":4,""satisfaction_fraction"":0.0},{""service_id"":""local_5s_moderate"",""label"":""Short prediction"",""family"":""local_relative_motion"",""horizon_s"":5.0,""position_tolerance_m"":0.2,""heading_tolerance_deg"":5.0,""maximum_aoi_s"":1.0,""position_error_m"":null,""heading_error_deg"":null,""aoi_s"":0.14639067649841309,""position_margin_m"":null,""heading_margin_deg"":null,""freshness_margin_s"":null,""normalized_margin"":null,""observable"":false,""raw_pass"":false,""reason"":""GPS course unobservable at low speed"",""status"":""unobservable"",""observed_evaluations"":0,""satisfaction_fraction"":null},{""service_id"":""local_10s_preview"",""label"":""Planning support"",""family"":""local_relative_motion"",""horizon_s"":10.0,""position_tolerance_m"":0.5,""heading_tolerance_deg"":10.0,""maximum_aoi_s"":1.5,""position_error_m"":null,""heading_error_deg"":null,""aoi_s"":0.14639067649841309,""position_margin_m"":null,""heading_margin_deg"":null,""freshness_margin_s"":null,""normalized_margin"":null,""observable"":false,""raw_pass"":false,""reason"":""GPS course unobservable at low speed"",""status"":""unobservable"",""observed_evaluations"":0,""satisfaction_fraction"":null},{""service_id"":""global_state_tracking"",""label"":""Global asset tracking"",""family"":""global_synchronization"",""horizon_s"":0.0,""position_tolerance_m"":1.0,""heading_tolerance_deg"":5.0,""maximum_aoi_s"":1.0,""position_error_m"":3.987617597369207,""heading_error_deg"":null,""aoi_s"":0.14639067649841309,""position_margin_m"":-2.987617597369207,""heading_margin_deg"":null,""freshness_margin_s"":0.8536093235015869,""normalized_margin"":-2.987617597369207,""observable"":true,""raw_pass"":false,""reason"":""position tolerance"",""status"":""withdrawn"",""observed_evaluations"":63,""satisfaction_fraction"":0.031746031746031744}]",high,10.0,0.5076000234112144
46.050999999999476,5908.114,1789517522.016055,3860,-0.1511217951397656,0.1957293681690309,-1.944272286145928,2.3633251573845784,-2.968890819902242,True,0.061733333,127.89,,,0.756,0.009731292724609375,1789511613.8923237,136.65926170324383,4.04193819989955,,-137.316,-0.12140435079914978,-0.41786295549860175,-0.4200789343393852,-0.41830615126675846,0.00221597884078345,0.006331368116524144,translation,572.6704597473145,638,1070.9200882068849,0,False,0,152172,142370,-0.075287828,-0.131951776,11.41697,10,0.98,False,"[{""service_id"":""local_1s_tight"",""label"":""Immediate motion"",""family"":""local_relative_motion"",""horizon_s"":1.0,""position_tolerance_m"":0.1,""heading_tolerance_deg"":2.0,""maximum_aoi_s"":0.6,""position_error_m"":null,""heading_error_deg"":null,""aoi_s"":0.009731292724609375,""position_margin_m"":null,""heading_margin_deg"":null,""freshness_margin_s"":null,""normalized_margin"":null,""observable"":false,""raw_pass"":false,""reason"":""GPS course unobservable at low speed"",""status"":""unobservable"",""observed_evaluations"":4,""satisfaction_fraction"":0.0},{""service_id"":""local_5s_moderate"",""label"":""Short prediction"",""family"":""local_relative_motion"",""horizon_s"":5.0,""position_tolerance_m"":0.2,""heading_tolerance_deg"":5.0,""maximum_aoi_s"":1.0,""position_error_m"":null,""heading_error_deg"":null,""aoi_s"":0.009731292724609375,""position_margin_m"":null,""heading_margin_deg"":null,""freshness_margin_s"":null,""normalized_margin"":null,""observable"":false,""raw_pass"":false,""reason"":""GPS course unobservable at low speed"",""status"":""unobservable"",""observed_evaluations"":0,""satisfaction_fraction"":null},{""service_id"":""local_10s_preview"",""label"":""Planning support"",""family"":""local_relative_motion"",""horizon_s"":10.0,""position_tolerance_m"":0.5,""heading_tolerance_deg"":10.0,""maximum_aoi_s"":1.5,""position_error_m"":null,""heading_error_deg"":null,""aoi_s"":0.009731292724609375,""position_margin_m"":null,""heading_margin_deg"":null,""freshness_margin_s"":null,""normalized_margin"":null,""observable"":false,""raw_pass"":false,""reason"":""GPS course unobservable at low speed"",""status"":""unobservable"",""observed_evaluations"":0,""satisfaction_fraction"":null},{""service_id"":""global_state_tracking"",""label"":""Global asset tracking"",""family"":""global_synchronization"",""horizon_s"":0.0,""position_tolerance_m"":1.0,""heading_tolerance_deg"":5.0,""maximum_aoi_s"":1.0,""position_error_m"":4.04193819989955,""heading_error_deg"":null,""aoi_s"":0.009731292724609375,""position_margin_m"":-3.0419381998995503,""heading_margin_deg"":null,""freshness_margin_s"":0.9902687072753906,""normalized_margin"":-3.0419381998995503,""observable"":true,""raw_pass"":false,""reason"":""position tolerance"",""status"":""withdrawn"",""observed_evaluations"":64,""satisfaction_fraction"":0.03125}]",high,10.0,0.4727999912574887
46.71399999999994,5908.777,1789517522.6720414,3861,-0.13571128465029852,0.226813881232076,-2.1178227871785182,2.3633251573845784,-3.154794369089286,True,0.077166666,127.89,,,0.114,0.002717733383178711,1789511613.8923237,7.013690948951989,4.2048136102876,,-147.0178,-0.05233005070646437,-0.26418407852555914,-0.25209099383493094,-0.2617654615874335,0.012093084690628197,0.034551670544652,low-motion,643.5887813568115,635,1056.9347411771525,0,False,0,152295,142720,0.0,-0.021372546,11.41697,10,0.98,False,"[{""service_id"":""local_1s_tight"",""label"":""Immediate motion"",""family"":""local_relative_motion"",""horizon_s"":1.0,""position_tolerance_m"":0.1,""heading_tolerance_deg"":2.0,""maximum_aoi_s"":0.6,""position_error_m"":null,""heading_error_deg"":null,""aoi_s"":0.002717733383178711,""position_margin_m"":null,""heading_margin_deg"":null,""freshness_margin_s"":null,""normalized_margin"":null,""observable"":false,""raw_pass"":false,""reason"":""GPS course unobservable at low speed"",""status"":""unobservable"",""observed_evaluations"":4,""satisfaction_fraction"":0.0},{""service_id"":""local_5s_moderate"",""label"":""Short prediction"",""family"":""local_relative_motion"",""horizon_s"":5.0,""position_tolerance_m"":0.2,""heading_tolerance_deg"":5.0,""maximum_aoi_s"":1.0,""position_error_m"":null,""heading_error_deg"":null,""aoi_s"":0.002717733383178711,""position_margin_m"":null,""heading_margin_deg"":null,""freshness_margin_s"":null,""normalized_margin"":null,""observable"":false,""raw_pass"":false,""reason"":""GPS course unobservable at low speed"",""status"":""unobservable"",""observed_evaluations"":0,""satisfaction_fraction"":null},{""service_id"":""local_10s_preview"",""label"":""Planning support"",""family"":""local_relative_motion"",""horizon_s"":10.0,""position_tolerance_m"":0.5,""heading_tolerance_deg"":10.0,""maximum_aoi_s"":1.5,""position_error_m"":null,""heading_error_deg"":null,""aoi_s"":0.002717733383178711,""position_margin_m"":null,""heading_margin_deg"":null,""freshness_margin_s"":null,""normalized_margin"":null,""observable"":false,""raw_pass"":false,""reason"":""GPS course unobservable at low speed"",""status"":""unobservable"",""observed_evaluations"":0,""satisfaction_fraction"":null},{""service_id"":""global_state_tracking"",""label"":""Global asset tracking"",""family"":""global_synchronization"",""horizon_s"":0.0,""position_tolerance_m"":1.0,""heading_tolerance_deg"":5.0,""maximum_aoi_s"":1.0,""position_error_m"":4.2048136102876,""heading_error_deg"":null,""aoi_s"":0.002717733383178711,""position_margin_m"":-3.2048136102875997,""heading_margin_deg"":null,""freshness_margin_s"":0.9972822666168213,""normalized_margin"":-3.2048136102875997,""observable"":true,""raw_pass"":false,""reason"":""position tolerance"",""status"":""withdrawn"",""observed_evaluations"":65,""satisfaction_fraction"":0.03076923076923077}]",high,10.0,0.24399999529123306
47.3090000000002,5909.372,1789517523.414393,3862,-0.13559677150843966,0.2270017894719284,-2.1183895283576684,2.3633251573845784,-3.154794369089286,True,0.33953333,177.43,-1.5259413650186424,-3.120283742693174,0.044,0.1500692367553711,1789511613.8923237,147.35153198216722,4.204896677061375,91.3490893396034,-145.8146,-0.00036983484945080097,-0.0038904389159847576,0.010799224746714915,-0.0009525061834448228,0.014689663662699673,0.041970467607713356,low-motion,732.8965663909912,622,1048.3154155005807,0,False,0,152295,142723,0.0,0.0,11.41697,10,0.98,True,"[{""service_id"":""local_1s_tight"",""label"":""Immediate motion"",""family"":""local_relative_motion"",""horizon_s"":1.0,""position_tolerance_m"":0.1,""heading_tolerance_deg"":2.0,""maximum_aoi_s"":0.6,""position_error_m"":null,""heading_error_deg"":null,""aoi_s"":0.1500692367553711,""position_margin_m"":null,""heading_margin_deg"":null,""freshness_margin_s"":null,""normalized_margin"":null,""observable"":false,""raw_pass"":false,""reason"":""no synchronized 1 s window"",""status"":""unobservable"",""observed_evaluations"":4,""satisfaction_fraction"":0.0},{""service_id"":""local_5s_moderate"",""label"":""Short prediction"",""family"":""local_relative_motion"",""horizon_s"":5.0,""position_tolerance_m"":0.2,""heading_tolerance_deg"":5.0,""maximum_aoi_s"":1.0,""position_error_m"":null,""heading_error_deg"":null,""aoi_s"":0.1500692367553711,""position_margin_m"":null,""heading_margin_deg"":null,""freshness_margin_s"":null,""normalized_margin"":null,""observable"":false,""raw_pass"":false,""reason"":""no synchronized 5 s window"",""status"":""unobservable"",""observed_evaluations"":0,""satisfaction_fraction"":null},{""service_id"":""local_10s_preview"",""label"":""Planning support"",""family"":""local_relative_motion"",""horizon_s"":10.0,""position_tolerance_m"":0.5,""heading_tolerance_deg"":10.0,""maximum_aoi_s"":1.5,""position_error_m"":null,""heading_error_deg"":null,""aoi_s"":0.1500692367553711,""position_margin_m"":null,""heading_margin_deg"":null,""freshness_margin_s"":null,""normalized_margin"":null,""observable"":false,""raw_pass"":false,""reason"":""no synchronized 10 s window"",""status"":""unobservable"",""observed_evaluations"":0,""satisfaction_fraction"":null},{""service_id"":""global_state_tracking"",""label"":""Global asset tracking"",""family"":""global_synchronization"",""horizon_s"":0.0,""position_tolerance_m"":1.0,""heading_tolerance_deg"":5.0,""maximum_aoi_s"":1.0,""position_error_m"":4.204896677061375,""heading_error_deg"":91.3490893396034,""aoi_s"":0.1500692367553711,""position_margin_m"":-3.2048966770613747,""heading_margin_deg"":-86.3490893396034,""freshness_margin_s"":0.8499307632446289,""normalized_margin"":-17.26981786792068,""observable"":true,""raw_pass"":false,""reason"":""position tolerance, heading tolerance"",""status"":""withdrawn"",""observed_evaluations"":66,""satisfaction_fraction"":0.030303030303030304}]",high,10.0,0.5180999869480729
48.04199999999946,5910.105,1789517524.001205,3863,-0.13559677150843966,0.2270017894719284,-2.119045183107795,2.3633251573845784,-3.154794369089286,True,0.33953333,177.43,-1.5259413650186424,-3.120939397443301,0.777,0.003881216049194336,1789511613.8923237,146.1879806511206,4.204896677061375,91.38665558960336,-144.8646,-0.0,0.0,-0.004472406208235469,-0.0008944812416470937,0.004472406208235469,0.01277830345210134,low-motion,576.9050121307373,624,1080.3445432546443,0,False,0,152295,142723,0.0,0.0,11.41376,10,0.98,True,"[{""service_id"":""local_1s_tight"",""label"":""Immediate motion"",""family"":""local_relative_motion"",""horizon_s"":1.0,""position_tolerance_m"":0.1,""heading_tolerance_deg"":2.0,""maximum_aoi_s"":0.6,""position_error_m"":0.0,""heading_error_deg"":0.037566249999960645,""aoi_s"":0.003881216049194336,""position_margin_m"":0.1,""heading_margin_deg"":1.9624337500000393,""freshness_margin_s"":0.5961187839508056,""normalized_margin"":0.9812168750000196,""observable"":true,""raw_pass"":true,""reason"":""within contract"",""status"":""qualified"",""observed_evaluations"":5,""satisfaction_fraction"":0.2},{""service_id"":""local_5s_moderate"",""label"":""Short prediction"",""family"":""local_relative_motion"",""horizon_s"":5.0,""position_tolerance_m"":0.2,""heading_tolerance_deg"":5.0,""maximum_aoi_s"":1.0,""position_error_m"":null,""heading_error_deg"":null,""aoi_s"":0.003881216049194336,""position_margin_m"":null,""heading_margin_deg"":null,""freshness_margin_s"":null,""normalized_margin"":null,""observable"":false,""raw_pass"":false,""reason"":""no synchronized 5 s window"",""status"":""unobservable"",""observed_evaluations"":0,""satisfaction_fraction"":null},{""service_id"":""local_10s_preview"",""label"":""Planning support"",""family"":""local_relative_motion"",""horizon_s"":10.0,""position_tolerance_m"":0.5,""heading_tolerance_deg"":10.0,""maximum_aoi_s"":1.5,""position_error_m"":null,""heading_error_deg"":null,""aoi_s"":0.003881216049194336,""position_margin_m"":null,""heading_margin_deg"":null,""freshness_margin_s"":null,""normalized_margin"":null,""observable"":false,""raw_pass"":false,""reason"":""no synchronized 10 s window"",""status"":""unobservable"",""observed_evaluations"":0,""satisfaction_fraction"":null},{""service_id"":""global_state_tracking"",""label"":""Global asset tracking"",""family"":""global_synchronization"",""horizon_s"":0.0,""position_tolerance_m"":1.0,""heading_tolerance_deg"":5.0,""maximum_aoi_s"":1.0,""position_error_m"":4.204896677061375,""heading_error_deg"":91.38665558960336,""aoi_s"":0.003881216049194336,""position_margin_m"":-3.2048966770613747,""heading_margin_deg"":-86.38665558960336,""freshness_margin_s"":0.9961187839508057,""normalized_margin"":-17.277331117920674,""observable"":true,""raw_pass"":false,""reason"":""position tolerance, heading tolerance"",""status"":""withdrawn"",""observed_evaluations"":67,""satisfaction_fraction"":0.029850746268656716}]",high,10.0,0.19270001212134957
48.60400000000027,5910.667,1789517524.6976495,3864,-0.13559677150843966,0.2270017894719284,-2.1183217877660736,2.3633251573845784,-3.5254882740452813,True,0.33953333,177.43,-1.5259413650186424,-3.1202160021015795,0.017,0.13832569122314453,1789511613.8923237,134.4445114127666,4.508413521794313,91.3452080896033,-144.6551,-0.0,0.0,0.0064359016167290905,0.0012871803233458182,0.0064359016167290905,0.01838829033351169,low-motion,691.1137104034424,615,1077.680115911063,0,False,0,152295,142723,0.0,0.0,11.41376,10,0.98,True,"[{""service_id"":""local_1s_tight"",""label"":""Immediate motion"",""family"":""local_relative_motion"",""horizon_s"":1.0,""position_tolerance_m"":0.1,""heading_tolerance_deg"":2.0,""maximum_aoi_s"":0.6,""position_error_m"":0.3706939049559952,""heading_error_deg"":0.0038812500000988963,""aoi_s"":0.13832569122314453,""position_margin_m"":-0.2706939049559952,""heading_margin_deg"":1.9961187499999011,""freshness_margin_s"":0.46167430877685545,""normalized_margin"":-2.706939049559952,""observable"":true,""raw_pass"":false,""reason"":""position tolerance"",""status"":""withdrawn"",""observed_evaluations"":6,""satisfaction_fraction"":0.16666666666666666},{""service_id"":""local_5s_moderate"",""label"":""Short prediction"",""family"":""local_relative_motion"",""horizon_s"":5.0,""position_tolerance_m"":0.2,""heading_tolerance_deg"":5.0,""maximum_aoi_s"":1.0,""position_error_m"":null,""heading_error_deg"":null,""aoi_s"":0.13832569122314453,""position_margin_m"":null,""heading_margin_deg"":null,""freshness_margin_s"":null,""normalized_margin"":null,""observable"":false,""raw_pass"":false,""reason"":""no synchronized 5 s window"",""status"":""unobservable"",""observed_evaluations"":0,""satisfaction_fraction"":null},{""service_id"":""local_10s_preview"",""label"":""Planning support"",""family"":""local_relative_motion"",""horizon_s"":10.0,""position_tolerance_m"":0.5,""heading_tolerance_deg"":10.0,""maximum_aoi_s"":1.5,""position_error_m"":null,""heading_error_deg"":null,""aoi_s"":0.13832569122314453,""position_margin_m"":null,""heading_margin_deg"":null,""freshness_margin_s"":null,""normalized_margin"":null,""observable"":false,""raw_pass"":false,""reason"":""no synchronized 10 s window"",""status"":""unobservable"",""observed_evaluations"":0,""satisfaction_fraction"":null},{""service_id"":""global_state_tracking"",""label"":""Global asset tracking"",""family"":""global_synchronization"",""horizon_s"":0.0,""position_tolerance_m"":1.0,""heading_tolerance_deg"":5.0,""maximum_aoi_s"":1.0,""position_error_m"":4.508413521794313,""heading_error_deg"":91.3452080896033,""aoi_s"":0.13832569122314453,""position_margin_m"":-3.5084135217943127,""heading_margin_deg"":-86.3452080896033,""freshness_margin_s"":0.8616743087768555,""normalized_margin"":-17.26904161792066,""observable"":true,""raw_pass"":false,""reason"":""position tolerance, heading tolerance"",""status"":""withdrawn"",""observed_evaluations"":68,""satisfaction_fraction"":0.029411764705882353}]",high,10.0,0.8434000192210078
49.36700000000019,5911.43,1789517525.3237824,3865,-0.13559677150843966,0.2270017894719284,-2.1181719730664055,2.3633251573845784,-3.896182178210304,True,0.324099997,191.24,-1.7669713347190594,-3.1200661874019113,0.076,0.0014586448669433594,1789511613.8923237,136.86703491202934,4.821333512427262,77.52662433960329,-143.5487,-0.0,0.0,0.0009817477042468104,0.0001963495408493621,0.0009817477042468104,0.002804993440705173,low-motion,614.6125793457031,623,1093.5423757893975,0,False,0,152295,142723,0.0,0.0,11.41376,10,0.98,True,"[{""service_id"":""local_1s_tight"",""label"":""Immediate motion"",""family"":""local_relative_motion"",""horizon_s"":1.0,""position_tolerance_m"":0.1,""heading_tolerance_deg"":2.0,""maximum_aoi_s"":0.6,""position_error_m"":0.37069390416502257,""heading_error_deg"":13.818583750000009,""aoi_s"":0.0014586448669433594,""position_margin_m"":-0.2706939041650226,""heading_margin_deg"":-11.818583750000009,""freshness_margin_s"":0.5985413551330566,""normalized_margin"":-5.9092918750000045,""observable"":true,""raw_pass"":false,""reason"":""position tolerance, heading tolerance"",""status"":""withdrawn"",""observed_evaluations"":7,""satisfaction_fraction"":0.14285714285714285},{""service_id"":""local_5s_moderate"",""label"":""Short prediction"",""family"":""local_relative_motion"",""horizon_s"":5.0,""position_tolerance_m"":0.2,""heading_tolerance_deg"":5.0,""maximum_aoi_s"":1.0,""position_error_m"":null,""heading_error_deg"":null,""aoi_s"":0.0014586448669433594,""position_margin_m"":null,""heading_margin_deg"":null,""freshness_margin_s"":null,""normalized_margin"":null,""observable"":false,""raw_pass"":false,""reason"":""no synchronized 5 s window"",""status"":""unobservable"",""observed_evaluations"":0,""satisfaction_fraction"":null},{""service_id"":""local_10s_preview"",""label"":""Planning support"",""family"":""local_relative_motion"",""horizon_s"":10.0,""position_tolerance_m"":0.5,""heading_tolerance_deg"":10.0,""maximum_aoi_s"":1.5,""position_error_m"":null,""heading_error_deg"":null,""aoi_s"":0.0014586448669433594,""position_margin_m"":null,""heading_margin_deg"":null,""freshness_margin_s"":null,""normalized_margin"":null,""observable"":false,""raw_pass"":false,""reason"":""no synchronized 10 s window"",""status"":""unobservable"",""observed_evaluations"":0,""satisfaction_fraction"":null},{""service_id"":""global_state_tracking"",""label"":""Global asset tracking"",""family"":""global_synchronization"",""horizon_s"":0.0,""position_tolerance_m"":1.0,""heading_tolerance_deg"":5.0,""maximum_aoi_s"":1.0,""position_error_m"":4.821333512427262,""heading_error_deg"":77.52662433960329,""aoi_s"":0.0014586448669433594,""position_margin_m"":-3.8213335124272616,""heading_margin_deg"":-72.52662433960329,""freshness_margin_s"":0.9985413551330566,""normalized_margin"":-14.505324867920658,""observable"":true,""raw_pass"":false,""reason"":""position tolerance, heading tolerance"",""status"":""withdrawn"",""observed_evaluations"":69,""satisfaction_fraction"":0.028985507246376812}]",high,10.0,0.534099992364645
49.930999999999585,5911.994,1789517526.0210166,3866,-0.13559677150843966,0.2270017894719284,-2.1169538205149774,2.3633251573845784,-3.896182178210304,True,0.324099997,191.24,-1.7669713347190594,-3.1188480348504832,0.64,0.13469290733337402,1789511613.8923237,133.2341537481625,4.821333512427262,77.45682933960337,-143.5334,-0.0,0.0,0.010799224746714915,0.0021598449493429833,0.010799224746714915,0.030854927847756904,low-motion,687.1461868286133,623,1093.8277589563002,0,False,0,152295,142723,0.0,0.0,11.41376,10,0.98,True,"[{""service_id"":""local_1s_tight"",""label"":""Immediate motion"",""family"":""local_relative_motion"",""horizon_s"":1.0,""position_tolerance_m"":0.1,""heading_tolerance_deg"":2.0,""maximum_aoi_s"":0.6,""position_error_m"":0.37069390416502257,""heading_error_deg"":13.888378749999934,""aoi_s"":0.13469290733337402,""position_margin_m"":-0.2706939041650226,""heading_margin_deg"":-11.888378749999934,""freshness_margin_s"":0.46530709266662595,""normalized_margin"":-5.944189374999967,""observable"":true,""raw_pass"":false,""reason"":""position tolerance, heading tolerance"",""status"":""withdrawn"",""observed_evaluations"":8,""satisfaction_fraction"":0.125},{""service_id"":""local_5s_moderate"",""label"":""Short prediction"",""family"":""local_relative_motion"",""horizon_s"":5.0,""position_tolerance_m"":0.2,""heading_tolerance_deg"":5.0,""maximum_aoi_s"":1.0,""position_error_m"":null,""heading_error_deg"":null,""aoi_s"":0.13469290733337402,""position_margin_m"":null,""heading_margin_deg"":null,""freshness_margin_s"":null,""normalized_margin"":null,""observable"":false,""raw_pass"":false,""reason"":""no synchronized 5 s window"",""status"":""unobservable"",""observed_evaluations"":0,""satisfaction_fraction"":null},{""service_id"":""local_10s_preview"",""label"":""Planning support"",""family"":""local_relative_motion"",""horizon_s"":10.0,""position_tolerance_m"":0.5,""heading_tolerance_deg"":10.0,""maximum_aoi_s"":1.5,""position_error_m"":null,""heading_error_deg"":null,""aoi_s"":0.13469290733337402,""position_margin_m"":null,""heading_margin_deg"":null,""freshness_margin_s"":null,""normalized_margin"":null,""observable"":false,""raw_pass"":false,""reason"":""no synchronized 10 s window"",""status"":""unobservable"",""observed_evaluations"":0,""satisfaction_fraction"":null},{""service_id"":""global_state_tracking"",""label"":""Global asset tracking"",""family"":""global_synchronization"",""horizon_s"":0.0,""position_tolerance_m"":1.0,""heading_tolerance_deg"":5.0,""maximum_aoi_s"":1.0,""position_error_m"":4.821333512427262,""heading_error_deg"":77.45682933960337,""aoi_s"":0.13469290733337402,""position_margin_m"":-3.8213335124272616,""heading_margin_deg"":-72.45682933960337,""freshness_margin_s"":0.865307092666626,""normalized_margin"":-14.491365867920674,""observable"":true,""raw_pass"":false,""reason"":""position tolerance, heading tolerance"",""status"":""withdrawn"",""observed_evaluations"":70,""satisfaction_fraction"":0.02857142857142857}]",high,10.0,0.48340001376345754
50.63299999999981,5912.696,1789517526.7223034,3867,-0.13559677150843966,0.2270017894719284,-2.1168159831373012,2.510423760701654,-4.082085727397348,True,0.324099997,163.82,-1.2884020538222138,-3.118710197472807,0.017,0.13397955894470215,1789511613.8923237,0.7132072450986016,5.056645121512485,104.86893183960339,-143.2726,-0.0,0.0,0.0009817477042468104,0.0001963495408493621,0.0009817477042468104,0.002804993440705173,low-motion,691.7321681976318,618,1061.9924192362944,0,False,0,152295,142723,0.0,0.0,11.41376,11,0.94,True,"[{""service_id"":""local_1s_tight"",""label"":""Immediate motion"",""family"":""local_relative_motion"",""horizon_s"":1.0,""position_tolerance_m"":0.1,""heading_tolerance_deg"":2.0,""maximum_aoi_s"":0.6,""position_error_m"":0.23706144498457365,""heading_error_deg"":27.342307500000107,""aoi_s"":0.13397955894470215,""position_margin_m"":-0.13706144498457365,""heading_margin_deg"":-25.342307500000107,""freshness_margin_s"":0.46602044105529783,""normalized_margin"":-12.671153750000054,""observable"":true,""raw_pass"":false,""reason"":""position tolerance, heading tolerance"",""status"":""withdrawn"",""observed_evaluations"":9,""satisfaction_fraction"":0.1111111111111111},{""service_id"":""local_5s_moderate"",""label"":""Short prediction"",""family"":""local_relative_motion"",""horizon_s"":5.0,""position_tolerance_m"":0.2,""heading_tolerance_deg"":5.0,""maximum_aoi_s"":1.0,""position_error_m"":null,""heading_error_deg"":null,""aoi_s"":0.13397955894470215,""position_margin_m"":null,""heading_margin_deg"":null,""freshness_margin_s"":null,""normalized_margin"":null,""observable"":false,""raw_pass"":false,""reason"":""no synchronized 5 s window"",""status"":""unobservable"",""observed_evaluations"":0,""satisfaction_fraction"":null},{""service_id"":""local_10s_preview"",""label"":""Planning support"",""family"":""local_relative_motion"",""horizon_s"":10.0,""position_tolerance_m"":0.5,""heading_tolerance_deg"":10.0,""maximum_aoi_s"":1.5,""position_error_m"":null,""heading_error_deg"":null,""aoi_s"":0.13397955894470215,""position_margin_m"":null,""heading_margin_deg"":null,""freshness_margin_s"":null,""normalized_margin"":null,""observable"":false,""raw_pass"":false,""reason"":""no synchronized 10 s window"",""status"":""unobservable"",""observed_evaluations"":0,""satisfaction_fraction"":null},{""service_id"":""global_state_tracking"",""label"":""Global asset tracking"",""family"":""global_synchronization"",""horizon_s"":0.0,""position_tolerance_m"":1.0,""heading_tolerance_deg"":5.0,""maximum_aoi_s"":1.0,""position_error_m"":5.056645121512485,""heading_error_deg"":104.86893183960339,""aoi_s"":0.13397955894470215,""position_margin_m"":-4.056645121512485,""heading_margin_deg"":-99.86893183960339,""freshness_margin_s"":0.8660204410552979,""normalized_margin"":-19.973786367920678,""observable"":true,""raw_pass"":false,""reason"":""position tolerance, heading tolerance"",""status"":""withdrawn"",""observed_evaluations"":71,""satisfaction_fraction"":0.028169014084507043}]",high,10.0,0.7137000211514533
51.358000000000175,5913.421,1789517527.3186388,3868,-0.13559677150843966,0.2270017894719284,-2.1166736297201854,2.510423760701654,-4.082085727397348,True,0.190344443,163.82,,,0.039,0.005315065383911133,1789511613.8923237,128.66458892858645,5.056645121512485,,-143.4151,-0.0,0.0,0.0009817477042468104,0.0001963495408493621,0.0009817477042468104,0.002804993440705173,low-motion,584.0067863464355,618,1071.3215686890235,0,False,0,152295,142723,0.0,0.0,11.41376,11,0.94,False,"[{""service_id"":""local_1s_tight"",""label"":""Immediate motion"",""family"":""local_relative_motion"",""horizon_s"":1.0,""position_tolerance_m"":0.1,""heading_tolerance_deg"":2.0,""maximum_aoi_s"":0.6,""position_error_m"":null,""heading_error_deg"":null,""aoi_s"":0.005315065383911133,""position_margin_m"":null,""heading_margin_deg"":null,""freshness_margin_s"":null,""normalized_margin"":null,""observable"":false,""raw_pass"":false,""reason"":""GPS course unobservable at low speed"",""status"":""unobservable"",""observed_evaluations"":9,""satisfaction_fraction"":0.1111111111111111},{""service_id"":""local_5s_moderate"",""label"":""Short prediction"",""family"":""local_relative_motion"",""horizon_s"":5.0,""position_tolerance_m"":0.2,""heading_tolerance_deg"":5.0,""maximum_aoi_s"":1.0,""position_error_m"":null,""heading_error_deg"":null,""aoi_s"":0.005315065383911133,""position_margin_m"":null,""heading_margin_deg"":null,""freshness_margin_s"":null,""normalized_margin"":null,""observable"":false,""raw_pass"":false,""reason"":""GPS course unobservable at low speed"",""status"":""unobservable"",""observed_evaluations"":0,""satisfaction_fraction"":null},{""service_id"":""local_10s_preview"",""label"":""Planning support"",""family"":""local_relative_motion"",""horizon_s"":10.0,""position_tolerance_m"":0.5,""heading_tolerance_deg"":10.0,""maximum_aoi_s"":1.5,""position_error_m"":null,""heading_error_deg"":null,""aoi_s"":0.005315065383911133,""position_margin_m"":null,""heading_margin_deg"":null,""freshness_margin_s"":null,""normalized_margin"":null,""observable"":false,""raw_pass"":false,""reason"":""GPS course unobservable at low speed"",""status"":""unobservable"",""observed_evaluations"":0,""satisfaction_fraction"":null},{""service_id"":""global_state_tracking"",""label"":""Global asset tracking"",""family"":""global_synchronization"",""horizon_s"":0.0,""position_tolerance_m"":1.0,""heading_tolerance_deg"":5.0,""maximum_aoi_s"":1.0,""position_error_m"":5.056645121512485,""heading_error_deg"":null,""aoi_s"":0.005315065383911133,""position_margin_m"":-4.056645121512485,""heading_margin_deg"":null,""freshness_margin_s"":0.9946849346160889,""normalized_margin"":-4.056645121512485,""observable"":true,""raw_pass"":false,""reason"":""position tolerance"",""status"":""withdrawn"",""observed_evaluations"":72,""satisfaction_fraction"":0.027777777777777776}]",high,10.0,0.5002000252716243
51.92900000000009,5913.992,1789517528.0183249,3869,-0.13559677150843966,0.2270017894719284,-2.1168106598830825,2.510423760701654,-4.082085727397348,True,0.190344443,163.82,,,0.61,0.1340010166168213,1789511613.8923237,128.68605041512637,5.056645121512485,,-142.8813,-0.0,0.0,-0.0011999138607461017,-0.00023998277214922034,0.0011999138607461017,0.0034283253164174338,low-motion,688.0078315734863,621,1078.2088231714802,0,False,0,152295,142723,0.0,0.0,11.41376,11,0.94,False,"[{""service_id"":""local_1s_tight"",""label"":""Immediate motion"",""family"":""local_relative_motion"",""horizon_s"":1.0,""position_tolerance_m"":0.1,""heading_tolerance_deg"":2.0,""maximum_aoi_s"":0.6,""position_error_m"":null,""heading_error_deg"":null,""aoi_s"":0.1340010166168213,""position_margin_m"":null,""heading_margin_deg"":null,""freshness_margin_s"":null,""normalized_margin"":null,""observable"":false,""raw_pass"":false,""reason"":""GPS course unobservable at low speed"",""status"":""unobservable"",""observed_evaluations"":9,""satisfaction_fraction"":0.1111111111111111},{""service_id"":""local_5s_moderate"",""label"":""Short prediction"",""family"":""local_relative_motion"",""horizon_s"":5.0,""position_tolerance_m"":0.2,""heading_tolerance_deg"":5.0,""maximum_aoi_s"":1.0,""position_error_m"":null,""heading_error_deg"":null,""aoi_s"":0.1340010166168213,""position_margin_m"":null,""heading_margin_deg"":null,""freshness_margin_s"":null,""normalized_margin"":null,""observable"":false,""raw_pass"":false,""reason"":""GPS course unobservable at low speed"",""status"":""unobservable"",""observed_evaluations"":0,""satisfaction_fraction"":null},{""service_id"":""local_10s_preview"",""label"":""Planning support"",""family"":""local_relative_motion"",""horizon_s"":10.0,""position_tolerance_m"":0.5,""heading_tolerance_deg"":10.0,""maximum_aoi_s"":1.5,""position_error_m"":null,""heading_error_deg"":null,""aoi_s"":0.1340010166168213,""position_margin_m"":null,""heading_margin_deg"":null,""freshness_margin_s"":null,""normalized_margin"":null,""observable"":false,""raw_pass"":false,""reason"":""GPS course unobservable at low speed"",""status"":""unobservable"",""observed_evaluations"":0,""satisfaction_fraction"":null},{""service_id"":""global_state_tracking"",""label"":""Global asset tracking"",""family"":""global_synchronization"",""horizon_s"":0.0,""position_tolerance_m"":1.0,""heading_tolerance_deg"":5.0,""maximum_aoi_s"":1.0,""position_error_m"":5.056645121512485,""heading_error_deg"":null,""aoi_s"":0.1340010166168213,""position_margin_m"":-4.056645121512485,""heading_margin_deg"":null,""freshness_margin_s"":0.8659989833831787,""normalized_margin"":-4.056645121512485,""observable"":true,""raw_pass"":false,""reason"":""position tolerance"",""status"":""withdrawn"",""observed_evaluations"":73,""satisfaction_fraction"":0.0273972602739726}]",high,10.0,0.21389999892562628
52.625,5914.688,1789517528.7145624,3870,-0.13559677150843966,0.2270017894719284,-2.117129531537422,2.510423760701654,-4.082085727397348,True,0.138899999,163.82,,,0.011,0.13423871994018555,1789511613.8923237,0.237564087001374,5.056645121512485,,-143.1629,-0.0,0.0,-0.0022907446432425577,-0.00045814892864851157,0.0022907446432425577,0.006544984694978736,low-motion,688.2369518280029,617,1052.1162576999618,0,False,0,152295,142723,0.0,0.0,11.41376,11,0.94,False,"[{""service_id"":""local_1s_tight"",""label"":""Immediate motion"",""family"":""local_relative_motion"",""horizon_s"":1.0,""position_tolerance_m"":0.1,""heading_tolerance_deg"":2.0,""maximum_aoi_s"":0.6,""position_error_m"":null,""heading_error_deg"":null,""aoi_s"":0.13423871994018555,""position_margin_m"":null,""heading_margin_deg"":null,""freshness_margin_s"":null,""normalized_margin"":null,""observable"":false,""raw_pass"":false,""reason"":""GPS course unobservable at low speed"",""status"":""unobservable"",""observed_evaluations"":9,""satisfaction_fraction"":0.1111111111111111},{""service_id"":""local_5s_moderate"",""label"":""Short prediction"",""family"":""local_relative_motion"",""horizon_s"":5.0,""position_tolerance_m"":0.2,""heading_tolerance_deg"":5.0,""maximum_aoi_s"":1.0,""position_error_m"":null,""heading_error_deg"":null,""aoi_s"":0.13423871994018555,""position_margin_m"":null,""heading_margin_deg"":null,""freshness_margin_s"":null,""normalized_margin"":null,""observable"":false,""raw_pass"":false,""reason"":""GPS course unobservable at low speed"",""status"":""unobservable"",""observed_evaluations"":0,""satisfaction_fraction"":null},{""service_id"":""local_10s_preview"",""label"":""Planning support"",""family"":""local_relative_motion"",""horizon_s"":10.0,""position_tolerance_m"":0.5,""heading_tolerance_deg"":10.0,""maximum_aoi_s"":1.5,""position_error_m"":null,""heading_error_deg"":null,""aoi_s"":0.13423871994018555,""position_margin_m"":null,""heading_margin_deg"":null,""freshness_margin_s"":null,""normalized_margin"":null,""observable"":false,""raw_pass"":false,""reason"":""GPS course unobservable at low speed"",""status"":""unobservable"",""observed_evaluations"":0,""satisfaction_fraction"":null},{""service_id"":""global_state_tracking"",""label"":""Global asset tracking"",""family"":""global_synchronization"",""horizon_s"":0.0,""position_tolerance_m"":1.0,""heading_tolerance_deg"":5.0,""maximum_aoi_s"":1.0,""position_error_m"":5.056645121512485,""heading_error_deg"":null,""aoi_s"":0.13423871994018555,""position_margin_m"":-4.056645121512485,""heading_margin_deg"":null,""freshness_margin_s"":0.8657612800598145,""normalized_margin"":-4.056645121512485,""observable"":true,""raw_pass"":false,""reason"":""position tolerance"",""status"":""withdrawn"",""observed_evaluations"":74,""satisfaction_fraction"":0.02702702702702703}]",high,10.0,0.36049995105713606
53.345000000000255,5915.408,1789517529.3076649,3871,-0.13559677150843966,0.2270017894719284,-2.1165169209699717,2.658408500888788,-4.267989277375365,True,0.138899999,163.82,,,0.039,0.007341146469116211,1789511613.8923237,126.8975448610945,5.292580670449953,,-143.3015,-0.0,0.0,0.004254240051736178,0.0008508480103472356,0.004254240051736178,0.012154971576389081,low-motion,581.5317630767822,615,1073.7491263617353,0,False,0,152295,142723,0.0,0.0,11.41376,11,0.94,False,"[{""service_id"":""local_1s_tight"",""label"":""Immediate motion"",""family"":""local_relative_motion"",""horizon_s"":1.0,""position_tolerance_m"":0.1,""heading_tolerance_deg"":2.0,""maximum_aoi_s"":0.6,""position_error_m"":null,""heading_error_deg"":null,""aoi_s"":0.007341146469116211,""position_margin_m"":null,""heading_margin_deg"":null,""freshness_margin_s"":null,""normalized_margin"":null,""observable"":false,""raw_pass"":false,""reason"":""GPS course unobservable at low speed"",""status"":""unobservable"",""observed_evaluations"":9,""satisfaction_fraction"":0.1111111111111111},{""service_id"":""local_5s_moderate"",""label"":""Short prediction"",""family"":""local_relative_motion"",""horizon_s"":5.0,""position_tolerance_m"":0.2,""heading_tolerance_deg"":5.0,""maximum_aoi_s"":1.0,""position_error_m"":null,""heading_error_deg"":null,""aoi_s"":0.007341146469116211,""position_margin_m"":null,""heading_margin_deg"":null,""freshness_margin_s"":null,""normalized_margin"":null,""observable"":false,""raw_pass"":false,""reason"":""GPS course unobservable at low speed"",""status"":""unobservable"",""observed_evaluations"":0,""satisfaction_fraction"":null},{""service_id"":""local_10s_preview"",""label"":""Planning support"",""family"":""local_relative_motion"",""horizon_s"":10.0,""position_tolerance_m"":0.5,""heading_tolerance_deg"":10.0,""maximum_aoi_s"":1.5,""position_error_m"":null,""heading_error_deg"":null,""aoi_s"":0.007341146469116211,""position_margin_m"":null,""heading_margin_deg"":null,""freshness_margin_s"":null,""normalized_margin"":null,""observable"":false,""raw_pass"":false,""reason"":""GPS course unobservable at low speed"",""status"":""unobservable"",""observed_evaluations"":0,""satisfaction_fraction"":null},{""service_id"":""global_state_tracking"",""label"":""Global asset tracking"",""family"":""global_synchronization"",""horizon_s"":0.0,""position_tolerance_m"":1.0,""heading_tolerance_deg"":5.0,""maximum_aoi_s"":1.0,""position_error_m"":5.292580670449953,""heading_error_deg"":null,""aoi_s"":0.007341146469116211,""position_margin_m"":-4.292580670449953,""heading_margin_deg"":null,""freshness_margin_s"":0.9926588535308838,""normalized_margin"":-4.292580670449953,""observable"":true,""raw_pass"":false,""reason"":""position tolerance"",""status"":""withdrawn"",""observed_evaluations"":75,""satisfaction_fraction"":0.02666666666666667}]",high,10.0,0.25759998243302107
53.927999999999884,5915.991,1789517530.0329235,3872,-0.13555862052571357,0.2270644377750145,-2.1190547860701505,2.658408500888788,-4.267989277375365,True,0.025722222,163.82,,,0.032,0.14959979057312012,1789511613.8923237,142.25858879126463,5.292613737807859,,-143.3504,-0.00012581574352399133,-0.0013235055203049712,-0.016471544815696484,-0.0043531133793832735,0.015148039295391512,0.04328011227254718,low-motion,713.9871120452881,618,1051.7841753229832,0,False,0,152295,142724,0.0,0.0,11.41376,11,0.94,False,"[{""service_id"":""local_1s_tight"",""label"":""Immediate motion"",""family"":""local_relative_motion"",""horizon_s"":1.0,""position_tolerance_m"":0.1,""heading_tolerance_deg"":2.0,""maximum_aoi_s"":0.6,""position_error_m"":null,""heading_error_deg"":null,""aoi_s"":0.14959979057312012,""position_margin_m"":null,""heading_margin_deg"":null,""freshness_margin_s"":null,""normalized_margin"":null,""observable"":false,""raw_pass"":false,""reason"":""GPS course unobservable at low speed"",""status"":""unobservable"",""observed_evaluations"":9,""satisfaction_fraction"":0.1111111111111111},{""service_id"":""local_5s_moderate"",""label"":""Short prediction"",""family"":""local_relative_motion"",""horizon_s"":5.0,""position_tolerance_m"":0.2,""heading_tolerance_deg"":5.0,""maximum_aoi_s"":1.0,""position_error_m"":null,""heading_error_deg"":null,""aoi_s"":0.14959979057312012,""position_margin_m"":null,""heading_margin_deg"":null,""freshness_margin_s"":null,""normalized_margin"":null,""observable"":false,""raw_pass"":false,""reason"":""GPS course unobservable at low speed"",""status"":""unobservable"",""observed_evaluations"":0,""satisfaction_fraction"":null},{""service_id"":""local_10s_preview"",""label"":""Planning support"",""family"":""local_relative_motion"",""horizon_s"":10.0,""position_tolerance_m"":0.5,""heading_tolerance_deg"":10.0,""maximum_aoi_s"":1.5,""position_error_m"":null,""heading_error_deg"":null,""aoi_s"":0.14959979057312012,""position_margin_m"":null,""heading_margin_deg"":null,""freshness_margin_s"":null,""normalized_margin"":null,""observable"":false,""raw_pass"":false,""reason"":""GPS course unobservable at low speed"",""status"":""unobservable"",""observed_evaluations"":0,""satisfaction_fraction"":null},{""service_id"":""global_state_tracking"",""label"":""Global asset tracking"",""family"":""global_synchronization"",""horizon_s"":0.0,""position_tolerance_m"":1.0,""heading_tolerance_deg"":5.0,""maximum_aoi_s"":1.0,""position_error_m"":5.292613737807859,""heading_error_deg"":null,""aoi_s"":0.14959979057312012,""position_margin_m"":-4.292613737807859,""heading_margin_deg"":null,""freshness_margin_s"":0.8504002094268799,""normalized_margin"":-4.292613737807859,""observable"":true,""raw_pass"":false,""reason"":""position tolerance"",""status"":""withdrawn"",""observed_evaluations"":76,""satisfaction_fraction"":0.02631578947368421}]",high,10.0,0.5636000423692167
54.66399999999976,5916.727,1789517530.6299503,3873,-0.13438802835493582,0.22901384520936732,-2.1040916455275447,2.658408500888788,-4.267989277375365,True,0.056588888,163.82,,,0.052,0.010626554489135742,1789511613.8923237,138.97317504870443,5.293651814984872,,-141.5612,-0.0030894944737880846,0.011532120790369301,0.05552328682906961,0.020330353998109365,0.043991166038700305,0.12568904582485801,low-motion,581.4950466156006,638,1077.906591233095,0,False,0,152316,142734,-0.056374194,-0.037554655,11.41376,11,0.94,False,"[{""service_id"":""local_1s_tight"",""label"":""Immediate motion"",""family"":""local_relative_motion"",""horizon_s"":1.0,""position_tolerance_m"":0.1,""heading_tolerance_deg"":2.0,""maximum_aoi_s"":0.6,""position_error_m"":null,""heading_error_deg"":null,""aoi_s"":0.010626554489135742,""position_margin_m"":null,""heading_margin_deg"":null,""freshness_margin_s"":null,""normalized_margin"":null,""observable"":false,""raw_pass"":false,""reason"":""GPS course unobservable at low speed"",""status"":""unobservable"",""observed_evaluations"":9,""satisfaction_fraction"":0.1111111111111111},{""service_id"":""local_5s_moderate"",""label"":""Short prediction"",""family"":""local_relative_motion"",""horizon_s"":5.0,""position_tolerance_m"":0.2,""heading_tolerance_deg"":5.0,""maximum_aoi_s"":1.0,""position_error_m"":null,""heading_error_deg"":null,""aoi_s"":0.010626554489135742,""position_margin_m"":null,""heading_margin_deg"":null,""freshness_margin_s"":null,""normalized_margin"":null,""observable"":false,""raw_pass"":false,""reason"":""GPS course unobservable at low speed"",""status"":""unobservable"",""observed_evaluations"":0,""satisfaction_fraction"":null},{""service_id"":""local_10s_preview"",""label"":""Planning support"",""family"":""local_relative_motion"",""horizon_s"":10.0,""position_tolerance_m"":0.5,""heading_tolerance_deg"":10.0,""maximum_aoi_s"":1.5,""position_error_m"":null,""heading_error_deg"":null,""aoi_s"":0.010626554489135742,""position_margin_m"":null,""heading_margin_deg"":null,""freshness_margin_s"":null,""normalized_margin"":null,""observable"":false,""raw_pass"":false,""reason"":""GPS course unobservable at low speed"",""status"":""unobservable"",""observed_evaluations"":0,""satisfaction_fraction"":null},{""service_id"":""global_state_tracking"",""label"":""Global asset tracking"",""family"":""global_synchronization"",""horizon_s"":0.0,""position_tolerance_m"":1.0,""heading_tolerance_deg"":5.0,""maximum_aoi_s"":1.0,""position_error_m"":5.293651814984872,""heading_error_deg"":null,""aoi_s"":0.010626554489135742,""position_margin_m"":-4.293651814984872,""heading_margin_deg"":null,""freshness_margin_s"":0.9893734455108643,""normalized_margin"":-4.293651814984872,""observable"":true,""raw_pass"":false,""reason"":""position tolerance"",""status"":""withdrawn"",""observed_evaluations"":77,""satisfaction_fraction"":0.025974025974025976}]",high,10.0,0.9783999994397163
55.25600000000031,5917.319,1789517531.345695,3874,-0.10894883315071871,0.27496049033835895,-2.048811220157374,2.658408500888788,-4.267989277375365,True,0.108033332,163.82,,,0.017,0.13437128067016602,1789511613.8923237,123.74473380987183,5.319460424350615,,-143.0009,-0.08871455099265231,0.09384369547336863,0.09152070265145267,0.09337909690898544,0.002322992821915962,0.00663712234833132,low-motion,702.7003765106201,635,1077.1313356961743,0,False,0,152710,143056,-0.122145359,-0.081629038,11.41376,11,0.94,False,"[{""service_id"":""local_1s_tight"",""label"":""Immediate motion"",""family"":""local_relative_motion"",""horizon_s"":1.0,""position_tolerance_m"":0.1,""heading_tolerance_deg"":2.0,""maximum_aoi_s"":0.6,""position_error_m"":null,""heading_error_deg"":null,""aoi_s"":0.13437128067016602,""position_margin_m"":null,""heading_margin_deg"":null,""freshness_margin_s"":null,""normalized_margin"":null,""observable"":false,""raw_pass"":false,""reason"":""GPS course unobservable at low speed"",""status"":""unobservable"",""observed_evaluations"":9,""satisfaction_fraction"":0.1111111111111111},{""service_id"":""local_5s_moderate"",""label"":""Short prediction"",""family"":""local_relative_motion"",""horizon_s"":5.0,""position_tolerance_m"":0.2,""heading_tolerance_deg"":5.0,""maximum_aoi_s"":1.0,""position_error_m"":null,""heading_error_deg"":null,""aoi_s"":0.13437128067016602,""position_margin_m"":null,""heading_margin_deg"":null,""freshness_margin_s"":null,""normalized_margin"":null,""observable"":false,""raw_pass"":false,""reason"":""GPS course unobservable at low speed"",""status"":""unobservable"",""observed_evaluations"":0,""satisfaction_fraction"":null},{""service_id"":""local_10s_preview"",""label"":""Planning support"",""family"":""local_relative_motion"",""horizon_s"":10.0,""position_tolerance_m"":0.5,""heading_tolerance_deg"":10.0,""maximum_aoi_s"":1.5,""position_error_m"":null,""heading_error_deg"":null,""aoi_s"":0.13437128067016602,""position_margin_m"":null,""heading_margin_deg"":null,""freshness_margin_s"":null,""normalized_margin"":null,""observable"":false,""raw_pass"":false,""reason"":""GPS course unobservable at low speed"",""status"":""unobservable"",""observed_evaluations"":0,""satisfaction_fraction"":null},{""service_id"":""global_state_tracking"",""label"":""Global asset tracking"",""family"":""global_synchronization"",""horizon_s"":0.0,""position_tolerance_m"":1.0,""heading_tolerance_deg"":5.0,""maximum_aoi_s"":1.0,""position_error_m"":5.319460424350615,""heading_error_deg"":null,""aoi_s"":0.13437128067016602,""position_margin_m"":-4.319460424350615,""heading_margin_deg"":null,""freshness_margin_s"":0.865628719329834,""normalized_margin"":-4.319460424350615,""observable"":true,""raw_pass"":false,""reason"":""position tolerance"",""status"":""withdrawn"",""observed_evaluations"":78,""satisfaction_fraction"":0.02564102564102564}]",high,10.0,0.3967000520788133
55.96299999999974,5918.026,1789517532.0538697,3875,-0.08050305967075128,0.3469275284413122,-1.8456104109246616,2.658408500888788,-4.267989277375365,True,0.108033332,163.82,,,0.724,0.13554596900939941,1789511613.8923237,1.1747055059458944,5.3664787022009035,,-139.0561,-0.10945524793578132,0.2739356906687716,0.34132095184314104,0.2874127429036455,0.06738526117436944,0.19252931764105555,low-motion,694.1053867340088,637,1055.7035299031802,0,False,0,153363,143458,-0.150349963,-0.075043753,11.41376,11,0.94,False,"[{""service_id"":""local_1s_tight"",""label"":""Immediate motion"",""family"":""local_relative_motion"",""horizon_s"":1.0,""position_tolerance_m"":0.1,""heading_tolerance_deg"":2.0,""maximum_aoi_s"":0.6,""position_error_m"":null,""heading_error_deg"":null,""aoi_s"":0.13554596900939941,""position_margin_m"":null,""heading_margin_deg"":null,""freshness_margin_s"":null,""normalized_margin"":null,""observable"":false,""raw_pass"":false,""reason"":""GPS course unobservable at low speed"",""status"":""unobservable"",""observed_evaluations"":9,""satisfaction_fraction"":0.1111111111111111},{""service_id"":""local_5s_moderate"",""label"":""Short prediction"",""family"":""local_relative_motion"",""horizon_s"":5.0,""position_tolerance_m"":0.2,""heading_tolerance_deg"":5.0,""maximum_aoi_s"":1.0,""position_error_m"":null,""heading_error_deg"":null,""aoi_s"":0.13554596900939941,""position_margin_m"":null,""heading_margin_deg"":null,""freshness_margin_s"":null,""normalized_margin"":null,""observable"":false,""raw_pass"":false,""reason"":""GPS course unobservable at low speed"",""status"":""unobservable"",""observed_evaluations"":0,""satisfaction_fraction"":null},{""service_id"":""local_10s_preview"",""label"":""Planning support"",""family"":""local_relative_motion"",""horizon_s"":10.0,""position_tolerance_m"":0.5,""heading_tolerance_deg"":10.0,""maximum_aoi_s"":1.5,""position_error_m"":null,""heading_error_deg"":null,""aoi_s"":0.13554596900939941,""position_margin_m"":null,""heading_margin_deg"":null,""freshness_margin_s"":null,""normalized_margin"":null,""observable"":false,""raw_pass"":false,""reason"":""GPS course unobservable at low speed"",""status"":""unobservable"",""observed_evaluations"":0,""satisfaction_fraction"":null},{""service_id"":""global_state_tracking"",""label"":""Global asset tracking"",""family"":""global_synchronization"",""horizon_s"":0.0,""position_tolerance_m"":1.0,""heading_tolerance_deg"":5.0,""maximum_aoi_s"":1.0,""position_error_m"":5.3664787022009035,""heading_error_deg"":null,""aoi_s"":0.13554596900939941,""position_margin_m"":-4.3664787022009035,""heading_margin_deg"":null,""freshness_margin_s"":0.8644540309906006,""normalized_margin"":-4.3664787022009035,""observable"":true,""raw_pass"":false,""reason"":""position tolerance"",""status"":""withdrawn"",""observed_evaluations"":79,""satisfaction_fraction"":0.02531645569620253}]",high,10.0,0.3369000041857362
56.675999999999476,5918.739,1789517532.7656767,3876,-0.06866989587612798,0.43155768792790544,-1.5738250911784677,2.658408500888788,-4.267989277375365,True,0.077166666,163.82,,,0.027,0.1343529224395752,1789511613.8923237,1.192987441754667,5.433479388126275,,-133.746,-0.11985052443584053,0.36469909267849654,0.4471315377452973,0.3811855816918567,0.08243244506680075,0.23552127161943073,low-motion,694.8251724243164,639,1057.4316212009971,0,False,0,154114,143872,-0.169312894,-0.09405096,11.41376,11,0.94,False,"[{""service_id"":""local_1s_tight"",""label"":""Immediate motion"",""family"":""local_relative_motion"",""horizon_s"":1.0,""position_tolerance_m"":0.1,""heading_tolerance_deg"":2.0,""maximum_aoi_s"":0.6,""position_error_m"":null,""heading_error_deg"":null,""aoi_s"":0.1343529224395752,""position_margin_m"":null,""heading_margin_deg"":null,""freshness_margin_s"":null,""normalized_margin"":null,""observable"":false,""raw_pass"":false,""reason"":""GPS course unobservable at low speed"",""status"":""unobservable"",""observed_evaluations"":9,""satisfaction_fraction"":0.1111111111111111},{""service_id"":""local_5s_moderate"",""label"":""Short prediction"",""family"":""local_relative_motion"",""horizon_s"":5.0,""position_tolerance_m"":0.2,""heading_tolerance_deg"":5.0,""maximum_aoi_s"":1.0,""position_error_m"":null,""heading_error_deg"":null,""aoi_s"":0.1343529224395752,""position_margin_m"":null,""heading_margin_deg"":null,""freshness_margin_s"":null,""normalized_margin"":null,""observable"":false,""raw_pass"":false,""reason"":""GPS course unobservable at low speed"",""status"":""unobservable"",""observed_evaluations"":0,""satisfaction_fraction"":null},{""service_id"":""local_10s_preview"",""label"":""Planning support"",""family"":""local_relative_motion"",""horizon_s"":10.0,""position_tolerance_m"":0.5,""heading_tolerance_deg"":10.0,""maximum_aoi_s"":1.5,""position_error_m"":null,""heading_error_deg"":null,""aoi_s"":0.1343529224395752,""position_margin_m"":null,""heading_margin_deg"":null,""freshness_margin_s"":null,""normalized_margin"":null,""observable"":false,""raw_pass"":false,""reason"":""GPS course unobservable at low speed"",""status"":""unobservable"",""observed_evaluations"":0,""satisfaction_fraction"":null},{""service_id"":""global_state_tracking"",""label"":""Global asset tracking"",""family"":""global_synchronization"",""horizon_s"":0.0,""position_tolerance_m"":1.0,""heading_tolerance_deg"":5.0,""maximum_aoi_s"":1.0,""position_error_m"":5.433479388126275,""heading_error_deg"":null,""aoi_s"":0.1343529224395752,""position_margin_m"":-4.433479388126275,""heading_margin_deg"":null,""freshness_margin_s"":0.8656470775604248,""normalized_margin"":-4.433479388126275,""observable"":true,""raw_pass"":false,""reason"":""position tolerance"",""status"":""withdrawn"",""observed_evaluations"":80,""satisfaction_fraction"":0.025}]",high,10.0,0.21989998640492558
57.399999999999636,5919.463,1789517533.4959178,3877,-0.08079449461320062,0.5241424502560903,-1.307336103486068,2.658408500888788,-4.267989277375365,True,0.077166666,163.82,,,0.04,0.1405940055847168,1789511613.8923237,6.241060256797937,5.519760823218621,,-119.9461,-0.1289713900524058,0.39113061412946,0.2758711048933537,0.36807871228223876,0.11525950923610628,0.32931288353173227,translation,722.7456569671631,642,1054.303560036377,0,False,0,154934,144325,-0.172228044,-0.107642528,11.41376,11,0.94,False,"[{""service_id"":""local_1s_tight"",""label"":""Immediate motion"",""family"":""local_relative_motion"",""horizon_s"":1.0,""position_tolerance_m"":0.1,""heading_tolerance_deg"":2.0,""maximum_aoi_s"":0.6,""position_error_m"":null,""heading_error_deg"":null,""aoi_s"":0.1405940055847168,""position_margin_m"":null,""heading_margin_deg"":null,""freshness_margin_s"":null,""normalized_margin"":null,""observable"":false,""raw_pass"":false,""reason"":""GPS course unobservable at low speed"",""status"":""unobservable"",""observed_evaluations"":9,""satisfaction_fraction"":0.1111111111111111},{""service_id"":""local_5s_moderate"",""label"":""Short prediction"",""family"":""local_relative_motion"",""horizon_s"":5.0,""position_tolerance_m"":0.2,""heading_tolerance_deg"":5.0,""maximum_aoi_s"":1.0,""position_error_m"":null,""heading_error_deg"":null,""aoi_s"":0.1405940055847168,""position_margin_m"":null,""heading_margin_deg"":null,""freshness_margin_s"":null,""normalized_margin"":null,""observable"":false,""raw_pass"":false,""reason"":""GPS course unobservable at low speed"",""status"":""unobservable"",""observed_evaluations"":0,""satisfaction_fraction"":null},{""service_id"":""local_10s_preview"",""label"":""Planning support"",""family"":""local_relative_motion"",""horizon_s"":10.0,""position_tolerance_m"":0.5,""heading_tolerance_deg"":10.0,""maximum_aoi_s"":1.5,""position_error_m"":null,""heading_error_deg"":null,""aoi_s"":0.1405940055847168,""position_margin_m"":null,""heading_margin_deg"":null,""freshness_margin_s"":null,""normalized_margin"":null,""observable"":false,""raw_pass"":false,""reason"":""GPS course unobservable at low speed"",""status"":""unobservable"",""observed_evaluations"":0,""satisfaction_fraction"":null},{""service_id"":""global_state_tracking"",""label"":""Global asset tracking"",""family"":""global_synchronization"",""horizon_s"":0.0,""position_tolerance_m"":1.0,""heading_tolerance_deg"":5.0,""maximum_aoi_s"":1.0,""position_error_m"":5.519760823218621,""heading_error_deg"":null,""aoi_s"":0.1405940055847168,""position_margin_m"":-4.519760823218621,""heading_margin_deg"":null,""freshness_margin_s"":0.8594059944152832,""normalized_margin"":-4.519760823218621,""observable"":true,""raw_pass"":false,""reason"":""position tolerance"",""status"":""withdrawn"",""observed_evaluations"":81,""satisfaction_fraction"":0.024691358024691357}]",high,10.0,0.4276999970898032
58.125,5920.188,1789517534.2155607,3878,-0.11747471448415649,0.6080939025132153,-1.01040648590125,2.8063932410759223,-4.267989277375365,True,0.077166666,163.82,,,0.027,0.1352369785308838,1789511613.8923237,5.357122421628446,5.685524689836762,,-117.1348,-0.1263653413993516,0.43316236325948476,0.3151410130632261,0.40955809322023307,0.11802135019625865,0.3372038577035962,translation,706.6452503204346,647,1033.233019420208,0,False,0,155762,144746,-0.131687806,-0.075231363,11.41705,11,0.94,False,"[{""service_id"":""local_1s_tight"",""label"":""Immediate motion"",""family"":""local_relative_motion"",""horizon_s"":1.0,""position_tolerance_m"":0.1,""heading_tolerance_deg"":2.0,""maximum_aoi_s"":0.6,""position_error_m"":null,""heading_error_deg"":null,""aoi_s"":0.1352369785308838,""position_margin_m"":null,""heading_margin_deg"":null,""freshness_margin_s"":null,""normalized_margin"":null,""observable"":false,""raw_pass"":false,""reason"":""GPS course unobservable at low speed"",""status"":""unobservable"",""observed_evaluations"":9,""satisfaction_fraction"":0.1111111111111111},{""service_id"":""local_5s_moderate"",""label"":""Short prediction"",""family"":""local_relative_motion"",""horizon_s"":5.0,""position_tolerance_m"":0.2,""heading_tolerance_deg"":5.0,""maximum_aoi_s"":1.0,""position_error_m"":null,""heading_error_deg"":null,""aoi_s"":0.1352369785308838,""position_margin_m"":null,""heading_margin_deg"":null,""freshness_margin_s"":null,""normalized_margin"":null,""observable"":false,""raw_pass"":false,""reason"":""GPS course unobservable at low speed"",""status"":""unobservable"",""observed_evaluations"":0,""satisfaction_fraction"":null},{""service_id"":""local_10s_preview"",""label"":""Planning support"",""family"":""local_relative_motion"",""horizon_s"":10.0,""position_tolerance_m"":0.5,""heading_tolerance_deg"":10.0,""maximum_aoi_s"":1.5,""position_error_m"":null,""heading_error_deg"":null,""aoi_s"":0.1352369785308838,""position_margin_m"":null,""heading_margin_deg"":null,""freshness_margin_s"":null,""normalized_margin"":null,""observable"":false,""raw_pass"":false,""reason"":""GPS course unobservable at low speed"",""status"":""unobservable"",""observed_evaluations"":0,""satisfaction_fraction"":null},{""service_id"":""global_state_tracking"",""label"":""Global asset tracking"",""family"":""global_synchronization"",""horizon_s"":0.0,""position_tolerance_m"":1.0,""heading_tolerance_deg"":5.0,""maximum_aoi_s"":1.0,""position_error_m"":5.685524689836762,""heading_error_deg"":null,""aoi_s"":0.1352369785308838,""position_margin_m"":-4.685524689836762,""heading_margin_deg"":null,""freshness_margin_s"":0.8647630214691162,""normalized_margin"":-4.685524689836762,""observable"":true,""raw_pass"":false,""reason"":""position tolerance"",""status"":""withdrawn"",""observed_evaluations"":82,""satisfaction_fraction"":0.024390243902439025}]",high,10.0,0.3104000352323055
58.891999999999825,5920.955,1789517534.856489,3879,-0.14616870892207012,0.645802562400576,-0.8302552405555832,2.8063932410759223,-4.267989277375365,True,0.077166666,163.82,,,0.794,0.009165287017822266,1789511613.8923237,126.07173156720819,5.732623510507608,,-113.2341,-0.061778974829855525,0.2273565063158684,0.26496279706838916,0.23487776446637257,0.037606290752520755,0.10744654500720216,low-motion,624.0684986114502,638,1056.0652732619924,0,False,0,156198,144956,-0.056374194,0.0,11.41705,11,0.94,False,"[{""service_id"":""local_1s_tight"",""label"":""Immediate motion"",""family"":""local_relative_motion"",""horizon_s"":1.0,""position_tolerance_m"":0.1,""heading_tolerance_deg"":2.0,""maximum_aoi_s"":0.6,""position_error_m"":null,""heading_error_deg"":null,""aoi_s"":0.009165287017822266,""position_margin_m"":null,""heading_margin_deg"":null,""freshness_margin_s"":null,""normalized_margin"":null,""observable"":false,""raw_pass"":false,""reason"":""GPS course unobservable at low speed"",""status"":""unobservable"",""observed_evaluations"":9,""satisfaction_fraction"":0.1111111111111111},{""service_id"":""local_5s_moderate"",""label"":""Short prediction"",""family"":""local_relative_motion"",""horizon_s"":5.0,""position_tolerance_m"":0.2,""heading_tolerance_deg"":5.0,""maximum_aoi_s"":1.0,""position_error_m"":null,""heading_error_deg"":null,""aoi_s"":0.009165287017822266,""position_margin_m"":null,""heading_margin_deg"":null,""freshness_margin_s"":null,""normalized_margin"":null,""observable"":false,""raw_pass"":false,""reason"":""GPS course unobservable at low speed"",""status"":""unobservable"",""observed_evaluations"":0,""satisfaction_fraction"":null},{""service_id"":""local_10s_preview"",""label"":""Planning support"",""family"":""local_relative_motion"",""horizon_s"":10.0,""position_tolerance_m"":0.5,""heading_tolerance_deg"":10.0,""maximum_aoi_s"":1.5,""position_error_m"":null,""heading_error_deg"":null,""aoi_s"":0.009165287017822266,""position_margin_m"":null,""heading_margin_deg"":null,""freshness_margin_s"":null,""normalized_margin"":null,""observable"":false,""raw_pass"":false,""reason"":""GPS course unobservable at low speed"",""status"":""unobservable"",""observed_evaluations"":0,""satisfaction_fraction"":null},{""service_id"":""global_state_tracking"",""label"":""Global asset tracking"",""family"":""global_synchronization"",""horizon_s"":0.0,""position_tolerance_m"":1.0,""heading_tolerance_deg"":5.0,""maximum_aoi_s"":1.0,""position_error_m"":5.732623510507608,""heading_error_deg"":null,""aoi_s"":0.009165287017822266,""position_margin_m"":-4.732623510507608,""heading_margin_deg"":null,""freshness_margin_s"":0.9908347129821777,""normalized_margin"":-4.732623510507608,""observable"":true,""raw_pass"":false,""reason"":""position tolerance"",""status"":""withdrawn"",""observed_evaluations"":83,""satisfaction_fraction"":0.024096385542168676}]",high,10.0,0.43730001198127866
59.52800000000025,5921.591,1789517535.6676376,3880,-0.15611303457648984,0.6552500147259035,-0.6893065233616853,2.8063932410759223,-4.267989277375365,True,0.097744444,163.82,,,0.085,0.18431377410888672,1789511613.8923237,175.14864349323034,5.745844460179002,,-111.5917,-0.02156691536904281,0.22687090460531553,0.20060378090109826,0.22161747986447208,0.02626712370421727,0.07504892486919221,low-motion,796.506404876709,634,1034.7199042605944,0,False,0,156385,144956,-0.021510039,0.0,11.41705,11,0.94,False,"[{""service_id"":""local_1s_tight"",""label"":""Immediate motion"",""family"":""local_relative_motion"",""horizon_s"":1.0,""position_tolerance_m"":0.1,""heading_tolerance_deg"":2.0,""maximum_aoi_s"":0.6,""position_error_m"":null,""heading_error_deg"":null,""aoi_s"":0.18431377410888672,""position_margin_m"":null,""heading_margin_deg"":null,""freshness_margin_s"":null,""normalized_margin"":null,""observable"":false,""raw_pass"":false,""reason"":""GPS course unobservable at low speed"",""status"":""unobservable"",""observed_evaluations"":9,""satisfaction_fraction"":0.1111111111111111},{""service_id"":""local_5s_moderate"",""label"":""Short prediction"",""family"":""local_relative_motion"",""horizon_s"":5.0,""position_tolerance_m"":0.2,""heading_tolerance_deg"":5.0,""maximum_aoi_s"":1.0,""position_error_m"":null,""heading_error_deg"":null,""aoi_s"":0.18431377410888672,""position_margin_m"":null,""heading_margin_deg"":null,""freshness_margin_s"":null,""normalized_margin"":null,""observable"":false,""raw_pass"":false,""reason"":""GPS course unobservable at low speed"",""status"":""unobservable"",""observed_evaluations"":0,""satisfaction_fraction"":null},{""service_id"":""local_10s_preview"",""label"":""Planning support"",""family"":""local_relative_motion"",""horizon_s"":10.0,""position_tolerance_m"":0.5,""heading_tolerance_deg"":10.0,""maximum_aoi_s"":1.5,""position_error_m"":null,""heading_error_deg"":null,""aoi_s"":0.18431377410888672,""position_margin_m"":null,""heading_margin_deg"":null,""freshness_margin_s"":null,""normalized_margin"":null,""observable"":false,""raw_pass"":false,""reason"":""GPS course unobservable at low speed"",""status"":""unobservable"",""observed_evaluations"":0,""satisfaction_fraction"":null},{""service_id"":""global_state_tracking"",""label"":""Global asset tracking"",""family"":""global_synchronization"",""horizon_s"":0.0,""position_tolerance_m"":1.0,""heading_tolerance_deg"":5.0,""maximum_aoi_s"":1.0,""position_error_m"":5.745844460179002,""heading_error_deg"":null,""aoi_s"":0.18431377410888672,""position_margin_m"":-4.745844460179002,""heading_margin_deg"":null,""freshness_margin_s"":0.8156862258911133,""normalized_margin"":-4.745844460179002,""observable"":true,""raw_pass"":false,""reason"":""position tolerance"",""status"":""withdrawn"",""observed_evaluations"":84,""satisfaction_fraction"":0.023809523809523808}]",high,10.0,0.45089999912306666
60.3090000000002,5922.372,1789517536.2765396,3881,-0.15822707673458028,0.6569519155846866,-0.6663137043074978,2.953491844392998,-4.4527796323533435,True,0.097744444,163.82,,,0.079,0.012215852737426758,1789511613.8923237,172.09802246088657,5.982654188242586,,-116.8688,-0.0034749953950761418,0.036554849652346,0.0009817477042468104,0.029440229262726162,0.035573101948099185,0.10163743413742625,low-motion,590.264081954956,625,1033.69715940281,0,False,0,156422,144956,0.0,0.0,11.41705,11,0.94,False,"[{""service_id"":""local_1s_tight"",""label"":""Immediate motion"",""family"":""local_relative_motion"",""horizon_s"":1.0,""position_tolerance_m"":0.1,""heading_tolerance_deg"":2.0,""maximum_aoi_s"":0.6,""position_error_m"":null,""heading_error_deg"":null,""aoi_s"":0.012215852737426758,""position_margin_m"":null,""heading_margin_deg"":null,""freshness_margin_s"":null,""normalized_margin"":null,""observable"":false,""raw_pass"":false,""reason"":""GPS course unobservable at low speed"",""status"":""unobservable"",""observed_evaluations"":9,""satisfaction_fraction"":0.1111111111111111},{""service_id"":""local_5s_moderate"",""label"":""Short prediction"",""family"":""local_relative_motion"",""horizon_s"":5.0,""position_tolerance_m"":0.2,""heading_tolerance_deg"":5.0,""maximum_aoi_s"":1.0,""position_error_m"":null,""heading_error_deg"":null,""aoi_s"":0.012215852737426758,""position_margin_m"":null,""heading_margin_deg"":null,""freshness_margin_s"":null,""normalized_margin"":null,""observable"":false,""raw_pass"":false,""reason"":""GPS course unobservable at low speed"",""status"":""unobservable"",""observed_evaluations"":0,""satisfaction_fraction"":null},{""service_id"":""local_10s_preview"",""label"":""Planning support"",""family"":""local_relative_motion"",""horizon_s"":10.0,""position_tolerance_m"":0.5,""heading_tolerance_deg"":10.0,""maximum_aoi_s"":1.5,""position_error_m"":null,""heading_error_deg"":null,""aoi_s"":0.012215852737426758,""position_margin_m"":null,""heading_margin_deg"":null,""freshness_margin_s"":null,""normalized_margin"":null,""observable"":false,""raw_pass"":false,""reason"":""GPS course unobservable at low speed"",""status"":""unobservable"",""observed_evaluations"":0,""satisfaction_fraction"":null},{""service_id"":""global_state_tracking"",""label"":""Global asset tracking"",""family"":""global_synchronization"",""horizon_s"":0.0,""position_tolerance_m"":1.0,""heading_tolerance_deg"":5.0,""maximum_aoi_s"":1.0,""position_error_m"":5.982654188242586,""heading_error_deg"":null,""aoi_s"":0.012215852737426758,""position_margin_m"":-4.982654188242586,""heading_margin_deg"":null,""freshness_margin_s"":0.9877841472625732,""normalized_margin"":-4.982654188242586,""observable"":true,""raw_pass"":false,""reason"":""position tolerance"",""status"":""withdrawn"",""observed_evaluations"":85,""satisfaction_fraction"":0.023529411764705882}]",high,10.0,0.3916000132448971
60.91100000000006,5922.974,1789517537.0007458,3882,-0.15822707673458028,0.6569519155846866,-0.6659328298314815,2.953491844392998,-4.4527796323533435,True,0.097744444,163.82,,,0.681,0.13442206382751465,1789511613.8923237,122.2062091828775,5.982654188242586,,-118.8059,-0.0,0.0,0.0031634092692397224,0.0006326818538479446,0.0031634092692397224,0.009038312197827778,low-motion,703.7758827209473,623,1027.9214497369521,0,False,0,156422,144956,0.0,0.0,11.41705,11,0.94,False,"[{""service_id"":""local_1s_tight"",""label"":""Immediate motion"",""family"":""local_relative_motion"",""horizon_s"":1.0,""position_tolerance_m"":0.1,""heading_tolerance_deg"":2.0,""maximum_aoi_s"":0.6,""position_error_m"":null,""heading_error_deg"":null,""aoi_s"":0.13442206382751465,""position_margin_m"":null,""heading_margin_deg"":null,""freshness_margin_s"":null,""normalized_margin"":null,""observable"":false,""raw_pass"":false,""reason"":""GPS course unobservable at low speed"",""status"":""unobservable"",""observed_evaluations"":9,""satisfaction_fraction"":0.1111111111111111},{""service_id"":""local_5s_moderate"",""label"":""Short prediction"",""family"":""local_relative_motion"",""horizon_s"":5.0,""position_tolerance_m"":0.2,""heading_tolerance_deg"":5.0,""maximum_aoi_s"":1.0,""position_error_m"":null,""heading_error_deg"":null,""aoi_s"":0.13442206382751465,""position_margin_m"":null,""heading_margin_deg"":null,""freshness_margin_s"":null,""normalized_margin"":null,""observable"":false,""raw_pass"":false,""reason"":""GPS course unobservable at low speed"",""status"":""unobservable"",""observed_evaluations"":0,""satisfaction_fraction"":null},{""service_id"":""local_10s_preview"",""label"":""Planning support"",""family"":""local_relative_motion"",""horizon_s"":10.0,""position_tolerance_m"":0.5,""heading_tolerance_deg"":10.0,""maximum_aoi_s"":1.5,""position_error_m"":null,""heading_error_deg"":null,""aoi_s"":0.13442206382751465,""position_margin_m"":null,""heading_margin_deg"":null,""freshness_margin_s"":null,""normalized_margin"":null,""observable"":false,""raw_pass"":false,""reason"":""GPS course unobservable at low speed"",""status"":""unobservable"",""observed_evaluations"":0,""satisfaction_fraction"":null},{""service_id"":""global_state_tracking"",""label"":""Global asset tracking"",""family"":""global_synchronization"",""horizon_s"":0.0,""position_tolerance_m"":1.0,""heading_tolerance_deg"":5.0,""maximum_aoi_s"":1.0,""position_error_m"":5.982654188242586,""heading_error_deg"":null,""aoi_s"":0.13442206382751465,""position_margin_m"":-4.982654188242586,""heading_margin_deg"":null,""freshness_margin_s"":0.8655779361724854,""normalized_margin"":-4.982654188242586,""observable"":true,""raw_pass"":false,""reason"":""position tolerance"",""status"":""withdrawn"",""observed_evaluations"":86,""satisfaction_fraction"":0.023255813953488372}]",high,10.0,0.6375000230036676
61.63100000000031,5923.694,1789517537.5863109,3883,-0.15822707673458028,0.6569519155846866,-0.6661056174274291,2.953491844392998,-4.4527796323533435,True,0.133755554,163.82,,,0.035,0.0,1789511613.8923109,134.4349098208113,5.982654188242586,,-119.2132,-0.0,0.0,-0.0011999138607461017,-0.00023998277214922034,0.0011999138607461017,0.0034283253164174338,low-motion,570.1160430908203,626,1052.5586191939792,0,False,0,156422,144956,0.0,0.0,11.41705,11,0.94,False,"[{""service_id"":""local_1s_tight"",""label"":""Immediate motion"",""family"":""local_relative_motion"",""horizon_s"":1.0,""position_tolerance_m"":0.1,""heading_tolerance_deg"":2.0,""maximum_aoi_s"":0.6,""position_error_m"":null,""heading_error_deg"":null,""aoi_s"":0.0,""position_margin_m"":null,""heading_margin_deg"":null,""freshness_margin_s"":null,""normalized_margin"":null,""observable"":false,""raw_pass"":false,""reason"":""GPS course unobservable at low speed"",""status"":""unobservable"",""observed_evaluations"":9,""satisfaction_fraction"":0.1111111111111111},{""service_id"":""local_5s_moderate"",""label"":""Short prediction"",""family"":""local_relative_motion"",""horizon_s"":5.0,""position_tolerance_m"":0.2,""heading_tolerance_deg"":5.0,""maximum_aoi_s"":1.0,""position_error_m"":null,""heading_error_deg"":null,""aoi_s"":0.0,""position_margin_m"":null,""heading_margin_deg"":null,""freshness_margin_s"":null,""normalized_margin"":null,""observable"":false,""raw_pass"":false,""reason"":""GPS course unobservable at low speed"",""status"":""unobservable"",""observed_evaluations"":0,""satisfaction_fraction"":null},{""service_id"":""local_10s_preview"",""label"":""Planning support"",""family"":""local_relative_motion"",""horizon_s"":10.0,""position_tolerance_m"":0.5,""heading_tolerance_deg"":10.0,""maximum_aoi_s"":1.5,""position_error_m"":null,""heading_error_deg"":null,""aoi_s"":0.0,""position_margin_m"":null,""heading_margin_deg"":null,""freshness_margin_s"":null,""normalized_margin"":null,""observable"":false,""raw_pass"":false,""reason"":""GPS course unobservable at low speed"",""status"":""unobservable"",""observed_evaluations"":0,""satisfaction_fraction"":null},{""service_id"":""global_state_tracking"",""label"":""Global asset tracking"",""family"":""global_synchronization"",""horizon_s"":0.0,""position_tolerance_m"":1.0,""heading_tolerance_deg"":5.0,""maximum_aoi_s"":1.0,""position_error_m"":5.982654188242586,""heading_error_deg"":null,""aoi_s"":0.0,""position_margin_m"":-4.982654188242586,""heading_margin_deg"":null,""freshness_margin_s"":1.0,""normalized_margin"":-4.982654188242586,""observable"":true,""raw_pass"":false,""reason"":""position tolerance"",""status"":""withdrawn"",""observed_evaluations"":87,""satisfaction_fraction"":0.022988505747126436}]",high,10.0,0.23249996593222022
62.19800000000032,5924.261,1789517538.2889726,3884,-0.15822707673458028,0.6569519155846866,-0.666489088080708,3.101476584580132,-4.4527796323533435,True,0.133755554,163.82,,,0.021,0.13566184043884277,1789511613.8923109,135.6617527007984,6.060942538218105,,-119.365,-0.0,0.0,-0.0033815754257390134,-0.0006763150851478027,0.0033815754257390134,0.009661644073540039,low-motion,694.6372985839844,619,1054.4423526834516,0,False,0,156422,144956,0.0,0.0,11.41705,11,0.94,False,"[{""service_id"":""local_1s_tight"",""label"":""Immediate motion"",""family"":""local_relative_motion"",""horizon_s"":1.0,""position_tolerance_m"":0.1,""heading_tolerance_deg"":2.0,""maximum_aoi_s"":0.6,""position_error_m"":null,""heading_error_deg"":null,""aoi_s"":0.13566184043884277,""position_margin_m"":null,""heading_margin_deg"":null,""freshness_margin_s"":null,""normalized_margin"":null,""observable"":false,""raw_pass"":false,""reason"":""GPS course unobservable at low speed"",""status"":""unobservable"",""observed_evaluations"":9,""satisfaction_fraction"":0.1111111111111111},{""service_id"":""local_5s_moderate"",""label"":""Short prediction"",""family"":""local_relative_motion"",""horizon_s"":5.0,""position_tolerance_m"":0.2,""heading_tolerance_deg"":5.0,""maximum_aoi_s"":1.0,""position_error_m"":null,""heading_error_deg"":null,""aoi_s"":0.13566184043884277,""position_margin_m"":null,""heading_margin_deg"":null,""freshness_margin_s"":null,""normalized_margin"":null,""observable"":false,""raw_pass"":false,""reason"":""GPS course unobservable at low speed"",""status"":""unobservable"",""observed_evaluations"":0,""satisfaction_fraction"":null},{""service_id"":""local_10s_preview"",""label"":""Planning support"",""family"":""local_relative_motion"",""horizon_s"":10.0,""position_tolerance_m"":0.5,""heading_tolerance_deg"":10.0,""maximum_aoi_s"":1.5,""position_error_m"":null,""heading_error_deg"":null,""aoi_s"":0.13566184043884277,""position_margin_m"":null,""heading_margin_deg"":null,""freshness_margin_s"":null,""normalized_margin"":null,""observable"":false,""raw_pass"":false,""reason"":""GPS course unobservable at low speed"",""status"":""unobservable"",""observed_evaluations"":0,""satisfaction_fraction"":null},{""service_id"":""global_state_tracking"",""label"":""Global asset tracking"",""family"":""global_synchronization"",""horizon_s"":0.0,""position_tolerance_m"":1.0,""heading_tolerance_deg"":5.0,""maximum_aoi_s"":1.0,""position_error_m"":6.060942538218105,""heading_error_deg"":null,""aoi_s"":0.13566184043884277,""position_margin_m"":-5.060942538218105,""heading_margin_deg"":null,""freshness_margin_s"":0.8643381595611572,""normalized_margin"":-5.060942538218105,""observable"":true,""raw_pass"":false,""reason"":""position tolerance"",""status"":""withdrawn"",""observed_evaluations"":88,""satisfaction_fraction"":0.022727272727272728}]",high,10.0,0.38460001815110445
62.92900000000009,5924.992,1789517538.886902,3885,-0.15822707673458028,0.6569519155846866,-0.6658671181851443,3.101476584580132,-4.4527796323533435,True,0.144044443,163.82,,,0.05,0.0025911331176757812,1789511613.8923109,133.07052230811678,6.060942538218105,,-119.0135,-0.0,0.0,0.004254240051736178,0.0008508480103472356,0.004254240051736178,0.012154971576389081,low-motion,584.4097137451172,620,1077.2066411793667,0,False,0,156422,144956,0.0,0.0,11.41705,11,0.94,False,"[{""service_id"":""local_1s_tight"",""label"":""Immediate motion"",""family"":""local_relative_motion"",""horizon_s"":1.0,""position_tolerance_m"":0.1,""heading_tolerance_deg"":2.0,""maximum_aoi_s"":0.6,""position_error_m"":null,""heading_error_deg"":null,""aoi_s"":0.0025911331176757812,""position_margin_m"":null,""heading_margin_deg"":null,""freshness_margin_s"":null,""normalized_margin"":null,""observable"":false,""raw_pass"":false,""reason"":""GPS course unobservable at low speed"",""status"":""unobservable"",""observed_evaluations"":9,""satisfaction_fraction"":0.1111111111111111},{""service_id"":""local_5s_moderate"",""label"":""Short prediction"",""family"":""local_relative_motion"",""horizon_s"":5.0,""position_tolerance_m"":0.2,""heading_tolerance_deg"":5.0,""maximum_aoi_s"":1.0,""position_error_m"":null,""heading_error_deg"":null,""aoi_s"":0.0025911331176757812,""position_margin_m"":null,""heading_margin_deg"":null,""freshness_margin_s"":null,""normalized_margin"":null,""observable"":false,""raw_pass"":false,""reason"":""GPS course unobservable at low speed"",""status"":""unobservable"",""observed_evaluations"":0,""satisfaction_fraction"":null},{""service_id"":""local_10s_preview"",""label"":""Planning support"",""family"":""local_relative_motion"",""horizon_s"":10.0,""position_tolerance_m"":0.5,""heading_tolerance_deg"":10.0,""maximum_aoi_s"":1.5,""position_error_m"":null,""heading_error_deg"":null,""aoi_s"":0.0025911331176757812,""position_margin_m"":null,""heading_margin_deg"":null,""freshness_margin_s"":null,""normalized_margin"":null,""observable"":false,""raw_pass"":false,""reason"":""GPS course unobservable at low speed"",""status"":""unobservable"",""observed_evaluations"":0,""satisfaction_fraction"":null},{""service_id"":""global_state_tracking"",""label"":""Global asset tracking"",""family"":""global_synchronization"",""horizon_s"":0.0,""position_tolerance_m"":1.0,""heading_tolerance_deg"":5.0,""maximum_aoi_s"":1.0,""position_error_m"":6.060942538218105,""heading_error_deg"":null,""aoi_s"":0.0025911331176757812,""position_margin_m"":-5.060942538218105,""heading_margin_deg"":null,""freshness_margin_s"":0.9974088668823242,""normalized_margin"":-5.060942538218105,""observable"":true,""raw_pass"":false,""reason"":""position tolerance"",""status"":""withdrawn"",""observed_evaluations"":89,""satisfaction_fraction"":0.02247191011235955}]",high,10.0,0.381199992261827
63.5029999999997,5925.566,1789517539.5960135,3886,-0.15822707673458028,0.6569519155846866,-0.6657544135486968,3.2494613247672657,-4.638683181540388,True,0.144044443,163.82,,,0.025,0.13770270347595215,1789511613.8923109,135.11145210304676,6.297308260172207,,-119.446,-0.0,0.0,0.0009817477042468104,0.0001963495408493621,0.0009817477042468104,0.002804993440705173,low-motion,694.8862075805664,617,1055.3801106866154,0,False,0,156422,144956,0.0,0.0,11.41705,11,0.94,False,"[{""service_id"":""local_1s_tight"",""label"":""Immediate motion"",""family"":""local_relative_motion"",""horizon_s"":1.0,""position_tolerance_m"":0.1,""heading_tolerance_deg"":2.0,""maximum_aoi_s"":0.6,""position_error_m"":null,""heading_error_deg"":null,""aoi_s"":0.13770270347595215,""position_margin_m"":null,""heading_margin_deg"":null,""freshness_margin_s"":null,""normalized_margin"":null,""observable"":false,""raw_pass"":false,""reason"":""GPS course unobservable at low speed"",""status"":""unobservable"",""observed_evaluations"":9,""satisfaction_fraction"":0.1111111111111111},{""service_id"":""local_5s_moderate"",""label"":""Short prediction"",""family"":""local_relative_motion"",""horizon_s"":5.0,""position_tolerance_m"":0.2,""heading_tolerance_deg"":5.0,""maximum_aoi_s"":1.0,""position_error_m"":null,""heading_error_deg"":null,""aoi_s"":0.13770270347595215,""position_margin_m"":null,""heading_margin_deg"":null,""freshness_margin_s"":null,""normalized_margin"":null,""observable"":false,""raw_pass"":false,""reason"":""GPS course unobservable at low speed"",""status"":""unobservable"",""observed_evaluations"":0,""satisfaction_fraction"":null},{""service_id"":""local_10s_preview"",""label"":""Planning support"",""family"":""local_relative_motion"",""horizon_s"":10.0,""position_tolerance_m"":0.5,""heading_tolerance_deg"":10.0,""maximum_aoi_s"":1.5,""position_error_m"":null,""heading_error_deg"":null,""aoi_s"":0.13770270347595215,""position_margin_m"":null,""heading_margin_deg"":null,""freshness_margin_s"":null,""normalized_margin"":null,""observable"":false,""raw_pass"":false,""reason"":""GPS course unobservable at low speed"",""status"":""unobservable"",""observed_evaluations"":0,""satisfaction_fraction"":null},{""service_id"":""global_state_tracking"",""label"":""Global asset tracking"",""family"":""global_synchronization"",""horizon_s"":0.0,""position_tolerance_m"":1.0,""heading_tolerance_deg"":5.0,""maximum_aoi_s"":1.0,""position_error_m"":6.297308260172207,""heading_error_deg"":null,""aoi_s"":0.13770270347595215,""position_margin_m"":-5.297308260172207,""heading_margin_deg"":null,""freshness_margin_s"":0.8622972965240479,""normalized_margin"":-5.297308260172207,""observable"":true,""raw_pass"":false,""reason"":""position tolerance"",""status"":""withdrawn"",""observed_evaluations"":90,""satisfaction_fraction"":0.022222222222222223}]",high,10.0,0.3103000344708562
64.22499999999945,5926.288,1789517540.1910274,3887,-0.15822707673458028,0.6569519155846866,-0.6656126491802037,3.3965599280843417,-4.638683181540388,True,0.164622221,163.82,,,0.037,0.010716438293457031,1789511613.8923109,126.98614311193523,6.378108005633989,,-119.9028,-0.0,0.0,0.0009817477042468104,0.0001963495408493621,0.0009817477042468104,0.002804993440705173,low-motion,574.7978687286377,619,1101.6074674929023,0,False,0,156422,144956,0.0,0.0,11.41705,11,0.94,False,"[{""service_id"":""local_1s_tight"",""label"":""Immediate motion"",""family"":""local_relative_motion"",""horizon_s"":1.0,""position_tolerance_m"":0.1,""heading_tolerance_deg"":2.0,""maximum_aoi_s"":0.6,""position_error_m"":null,""heading_error_deg"":null,""aoi_s"":0.010716438293457031,""position_margin_m"":null,""heading_margin_deg"":null,""freshness_margin_s"":null,""normalized_margin"":null,""observable"":false,""raw_pass"":false,""reason"":""GPS course unobservable at low speed"",""status"":""unobservable"",""observed_evaluations"":9,""satisfaction_fraction"":0.1111111111111111},{""service_id"":""local_5s_moderate"",""label"":""Short prediction"",""family"":""local_relative_motion"",""horizon_s"":5.0,""position_tolerance_m"":0.2,""heading_tolerance_deg"":5.0,""maximum_aoi_s"":1.0,""position_error_m"":null,""heading_error_deg"":null,""aoi_s"":0.010716438293457031,""position_margin_m"":null,""heading_margin_deg"":null,""freshness_margin_s"":null,""normalized_margin"":null,""observable"":false,""raw_pass"":false,""reason"":""GPS course unobservable at low speed"",""status"":""unobservable"",""observed_evaluations"":0,""satisfaction_fraction"":null},{""service_id"":""local_10s_preview"",""label"":""Planning support"",""family"":""local_relative_motion"",""horizon_s"":10.0,""position_tolerance_m"":0.5,""heading_tolerance_deg"":10.0,""maximum_aoi_s"":1.5,""position_error_m"":null,""heading_error_deg"":null,""aoi_s"":0.010716438293457031,""position_margin_m"":null,""heading_margin_deg"":null,""freshness_margin_s"":null,""normalized_margin"":null,""observable"":false,""raw_pass"":false,""reason"":""GPS course unobservable at low speed"",""status"":""unobservable"",""observed_evaluations"":0,""satisfaction_fraction"":null},{""service_id"":""global_state_tracking"",""label"":""Global asset tracking"",""family"":""global_synchronization"",""horizon_s"":0.0,""position_tolerance_m"":1.0,""heading_tolerance_deg"":5.0,""maximum_aoi_s"":1.0,""position_error_m"":6.378108005633989,""heading_error_deg"":null,""aoi_s"":0.010716438293457031,""position_margin_m"":-5.378108005633989,""heading_margin_deg"":null,""freshness_margin_s"":0.989283561706543,""normalized_margin"":-5.378108005633989,""observable"":true,""raw_pass"":false,""reason"":""position tolerance"",""status"":""withdrawn"",""observed_evaluations"":91,""satisfaction_fraction"":0.02197802197802198}]",high,10.0,0.4366000066511333
64.82999999999993,5926.893,1789517540.9228873,3888,-0.15822707673458028,0.6569519155846866,-0.6645699240352148,3.3965599280843417,-4.638683181540388,True,0.329244442,144.6,-0.9529497715889037,-1.6664641383707206,0.059,0.13757658004760742,1789511613.8923109,126.85992240858468,6.378108005633989,40.881361838547534,-120.0751,-0.0,0.0,0.008617563181722002,0.0017235126363444005,0.008617563181722002,0.024621609090634294,low-motion,717.3643112182617,618,1069.011674400836,0,False,0,156422,144956,0.0,0.0,11.41705,11,0.94,True,"[{""service_id"":""local_1s_tight"",""label"":""Immediate motion"",""family"":""local_relative_motion"",""horizon_s"":1.0,""position_tolerance_m"":0.1,""heading_tolerance_deg"":2.0,""maximum_aoi_s"":0.6,""position_error_m"":null,""heading_error_deg"":null,""aoi_s"":0.13757658004760742,""position_margin_m"":null,""heading_margin_deg"":null,""freshness_margin_s"":null,""normalized_margin"":null,""observable"":false,""raw_pass"":false,""reason"":""no synchronized 1 s window"",""status"":""unobservable"",""observed_evaluations"":9,""satisfaction_fraction"":0.1111111111111111},{""service_id"":""local_5s_moderate"",""label"":""Short prediction"",""family"":""local_relative_motion"",""horizon_s"":5.0,""position_tolerance_m"":0.2,""heading_tolerance_deg"":5.0,""maximum_aoi_s"":1.0,""position_error_m"":null,""heading_error_deg"":null,""aoi_s"":0.13757658004760742,""position_margin_m"":null,""heading_margin_deg"":null,""freshness_margin_s"":null,""normalized_margin"":null,""observable"":false,""raw_pass"":false,""reason"":""no synchronized 5 s window"",""status"":""unobservable"",""observed_evaluations"":0,""satisfaction_fraction"":null},{""service_id"":""local_10s_preview"",""label"":""Planning support"",""family"":""local_relative_motion"",""horizon_s"":10.0,""position_tolerance_m"":0.5,""heading_tolerance_deg"":10.0,""maximum_aoi_s"":1.5,""position_error_m"":null,""heading_error_deg"":null,""aoi_s"":0.13757658004760742,""position_margin_m"":null,""heading_margin_deg"":null,""freshness_margin_s"":null,""normalized_margin"":null,""observable"":false,""raw_pass"":false,""reason"":""no synchronized 10 s window"",""status"":""unobservable"",""observed_evaluations"":0,""satisfaction_fraction"":null},{""service_id"":""global_state_tracking"",""label"":""Global asset tracking"",""family"":""global_synchronization"",""horizon_s"":0.0,""position_tolerance_m"":1.0,""heading_tolerance_deg"":5.0,""maximum_aoi_s"":1.0,""position_error_m"":6.378108005633989,""heading_error_deg"":40.881361838547534,""aoi_s"":0.13757658004760742,""position_margin_m"":-5.378108005633989,""heading_margin_deg"":-35.881361838547534,""freshness_margin_s"":0.8624234199523926,""normalized_margin"":-7.176272367709506,""observable"":true,""raw_pass"":false,""reason"":""position tolerance, heading tolerance"",""status"":""withdrawn"",""observed_evaluations"":92,""satisfaction_fraction"":0.021739130434782608}]",high,10.0,0.31179998768493533
65.54299999999967,5927.606,1789517541.499739,3889,-0.15822707673458028,0.6569519155846866,-0.664741031751757,3.3965599280843417,-4.824586731518405,True,0.036011111,144.6,,,0.027,0.0014281272888183594,1789511613.8923109,136.1483936307195,6.533282221771403,,-120.287,-0.0,0.0,-0.0011999138607461017,-0.00023998277214922034,0.0011999138607461017,0.0034283253164174338,low-motion,567.9192543029785,624,1103.802523192058,0,False,0,156422,144956,0.0,0.0,11.41705,11,0.94,False,"[{""service_id"":""local_1s_tight"",""label"":""Immediate motion"",""family"":""local_relative_motion"",""horizon_s"":1.0,""position_tolerance_m"":0.1,""heading_tolerance_deg"":2.0,""maximum_aoi_s"":0.6,""position_error_m"":null,""heading_error_deg"":null,""aoi_s"":0.0014281272888183594,""position_margin_m"":null,""heading_margin_deg"":null,""freshness_margin_s"":null,""normalized_margin"":null,""observable"":false,""raw_pass"":false,""reason"":""GPS course unobservable at low speed"",""status"":""unobservable"",""observed_evaluations"":9,""satisfaction_fraction"":0.1111111111111111},{""service_id"":""local_5s_moderate"",""label"":""Short prediction"",""family"":""local_relative_motion"",""horizon_s"":5.0,""position_tolerance_m"":0.2,""heading_tolerance_deg"":5.0,""maximum_aoi_s"":1.0,""position_error_m"":null,""heading_error_deg"":null,""aoi_s"":0.0014281272888183594,""position_margin_m"":null,""heading_margin_deg"":null,""freshness_margin_s"":null,""normalized_margin"":null,""observable"":false,""raw_pass"":false,""reason"":""GPS course unobservable at low speed"",""status"":""unobservable"",""observed_evaluations"":0,""satisfaction_fraction"":null},{""service_id"":""local_10s_preview"",""label"":""Planning support"",""family"":""local_relative_motion"",""horizon_s"":10.0,""position_tolerance_m"":0.5,""heading_tolerance_deg"":10.0,""maximum_aoi_s"":1.5,""position_error_m"":null,""heading_error_deg"":null,""aoi_s"":0.0014281272888183594,""position_margin_m"":null,""heading_margin_deg"":null,""freshness_margin_s"":null,""normalized_margin"":null,""observable"":false,""raw_pass"":false,""reason"":""GPS course unobservable at low speed"",""status"":""unobservable"",""observed_evaluations"":0,""satisfaction_fraction"":null},{""service_id"":""global_state_tracking"",""label"":""Global asset tracking"",""family"":""global_synchronization"",""horizon_s"":0.0,""position_tolerance_m"":1.0,""heading_tolerance_deg"":5.0,""maximum_aoi_s"":1.0,""position_error_m"":6.533282221771403,""heading_error_deg"":null,""aoi_s"":0.0014281272888183594,""position_margin_m"":-5.533282221771403,""heading_margin_deg"":null,""freshness_margin_s"":0.9985718727111816,""normalized_margin"":-5.533282221771403,""observable"":true,""raw_pass"":false,""reason"":""position tolerance"",""status"":""withdrawn"",""observed_evaluations"":93,""satisfaction_fraction"":0.021505376344086023}]",high,10.0,0.25759998243302107
66.125,5928.188,1789517542.2157576,3890,-0.15822707673458028,0.6569519155846866,-0.6642458382097347,3.544544668271476,-4.824586731518405,True,0.036011111,144.6,,,0.036,0.13544678688049316,1789511613.8923109,134.0186767574778,6.614966707043958,,-120.2366,-0.0,0.0,0.004254240051736178,0.0008508480103472356,0.004254240051736178,0.012154971576389081,low-motion,700.0007629394531,618,1071.6183322434981,0,False,0,156422,144956,0.0,0.0,11.41705,11,0.94,False,"[{""service_id"":""local_1s_tight"",""label"":""Immediate motion"",""family"":""local_relative_motion"",""horizon_s"":1.0,""position_tolerance_m"":0.1,""heading_tolerance_deg"":2.0,""maximum_aoi_s"":0.6,""position_error_m"":null,""heading_error_deg"":null,""aoi_s"":0.13544678688049316,""position_margin_m"":null,""heading_margin_deg"":null,""freshness_margin_s"":null,""normalized_margin"":null,""observable"":false,""raw_pass"":false,""reason"":""GPS course unobservable at low speed"",""status"":""unobservable"",""observed_evaluations"":9,""satisfaction_fraction"":0.1111111111111111},{""service_id"":""local_5s_moderate"",""label"":""Short prediction"",""family"":""local_relative_motion"",""horizon_s"":5.0,""position_tolerance_m"":0.2,""heading_tolerance_deg"":5.0,""maximum_aoi_s"":1.0,""position_error_m"":null,""heading_error_deg"":null,""aoi_s"":0.13544678688049316,""position_margin_m"":null,""heading_margin_deg"":null,""freshness_margin_s"":null,""normalized_margin"":null,""observable"":false,""raw_pass"":false,""reason"":""GPS course unobservable at low speed"",""status"":""unobservable"",""observed_evaluations"":0,""satisfaction_fraction"":null},{""service_id"":""local_10s_preview"",""label"":""Planning support"",""family"":""local_relative_motion"",""horizon_s"":10.0,""position_tolerance_m"":0.5,""heading_tolerance_deg"":10.0,""maximum_aoi_s"":1.5,""position_error_m"":null,""heading_error_deg"":null,""aoi_s"":0.13544678688049316,""position_margin_m"":null,""heading_margin_deg"":null,""freshness_margin_s"":null,""normalized_margin"":null,""observable"":false,""raw_pass"":false,""reason"":""GPS course unobservable at low speed"",""status"":""unobservable"",""observed_evaluations"":0,""satisfaction_fraction"":null},{""service_id"":""global_state_tracking"",""label"":""Global asset tracking"",""family"":""global_synchronization"",""horizon_s"":0.0,""position_tolerance_m"":1.0,""heading_tolerance_deg"":5.0,""maximum_aoi_s"":1.0,""position_error_m"":6.614966707043958,""heading_error_deg"":null,""aoi_s"":0.13544678688049316,""position_margin_m"":-5.614966707043958,""heading_margin_deg"":null,""freshness_margin_s"":0.8645532131195068,""normalized_margin"":-5.614966707043958,""observable"":true,""raw_pass"":false,""reason"":""position tolerance"",""status"":""withdrawn"",""observed_evaluations"":94,""satisfaction_fraction"":0.02127659574468085}]",high,10.0,0.30960002914071083
66.89599999999973,5928.959,1789517542.8559723,3891,-0.15822707673458028,0.6569519155846866,-0.6630852160737746,3.544544668271476,-4.824586731518405,True,0.21092222,144.6,,,0.088,0.0046613216400146484,1789511613.8923109,130.78531837436458,6.614966707043958,,-118.1642,-0.0,0.0,0.007526732399225546,0.0015053464798451092,0.007526732399225546,0.02150494971207299,low-motion,627.0172595977783,617,1084.3004934643704,0,False,0,156422,144956,0.0,0.0,11.41705,11,0.94,False,"[{""service_id"":""local_1s_tight"",""label"":""Immediate motion"",""family"":""local_relative_motion"",""horizon_s"":1.0,""position_tolerance_m"":0.1,""heading_tolerance_deg"":2.0,""maximum_aoi_s"":0.6,""position_error_m"":null,""heading_error_deg"":null,""aoi_s"":0.0046613216400146484,""position_margin_m"":null,""heading_margin_deg"":null,""freshness_margin_s"":null,""normalized_margin"":null,""observable"":false,""raw_pass"":false,""reason"":""GPS course unobservable at low speed"",""status"":""unobservable"",""observed_evaluations"":9,""satisfaction_fraction"":0.1111111111111111},{""service_id"":""local_5s_moderate"",""label"":""Short prediction"",""family"":""local_relative_motion"",""horizon_s"":5.0,""position_tolerance_m"":0.2,""heading_tolerance_deg"":5.0,""maximum_aoi_s"":1.0,""position_error_m"":null,""heading_error_deg"":null,""aoi_s"":0.0046613216400146484,""position_margin_m"":null,""heading_margin_deg"":null,""freshness_margin_s"":null,""normalized_margin"":null,""observable"":false,""raw_pass"":false,""reason"":""GPS course unobservable at low speed"",""status"":""unobservable"",""observed_evaluations"":0,""satisfaction_fraction"":null},{""service_id"":""local_10s_preview"",""label"":""Planning support"",""family"":""local_relative_motion"",""horizon_s"":10.0,""position_tolerance_m"":0.5,""heading_tolerance_deg"":10.0,""maximum_aoi_s"":1.5,""position_error_m"":null,""heading_error_deg"":null,""aoi_s"":0.0046613216400146484,""position_margin_m"":null,""heading_margin_deg"":null,""freshness_margin_s"":null,""normalized_margin"":null,""observable"":false,""raw_pass"":false,""reason"":""GPS course unobservable at low speed"",""status"":""unobservable"",""observed_evaluations"":0,""satisfaction_fraction"":null},{""service_id"":""global_state_tracking"",""label"":""Global asset tracking"",""family"":""global_synchronization"",""horizon_s"":0.0,""position_tolerance_m"":1.0,""heading_tolerance_deg"":5.0,""maximum_aoi_s"":1.0,""position_error_m"":6.614966707043958,""heading_error_deg"":null,""aoi_s"":0.0046613216400146484,""position_margin_m"":-5.614966707043958,""heading_margin_deg"":null,""freshness_margin_s"":0.9953386783599854,""normalized_margin"":-5.614966707043958,""observable"":true,""raw_pass"":false,""reason"":""position tolerance"",""status"":""withdrawn"",""observed_evaluations"":95,""satisfaction_fraction"":0.021052631578947368}]",high,10.0,0.18289999570697546
67.48999999999978,5929.553,1789517543.5798056,3892,-0.158754417713807,0.6573490508110182,-0.6278663587674669,3.544544668271476,-4.824586731518405,True,0.133755554,144.6,,,0.043,0.13449478149414062,1789511613.8923109,129.83332252497348,6.615590982054675,,-115.4353,-0.0011113724011277875,0.011690965429352135,0.24969116611343878,0.059291005566169466,0.23800020068408664,0.6800005733831047,low-motion,713.8485908508301,628,1057.1280616054166,0,False,0,156431,144956,-0.037615681,0.0,11.41705,11,0.94,False,"[{""service_id"":""local_1s_tight"",""label"":""Immediate motion"",""family"":""local_relative_motion"",""horizon_s"":1.0,""position_tolerance_m"":0.1,""heading_tolerance_deg"":2.0,""maximum_aoi_s"":0.6,""position_error_m"":null,""heading_error_deg"":null,""aoi_s"":0.13449478149414062,""position_margin_m"":null,""heading_margin_deg"":null,""freshness_margin_s"":null,""normalized_margin"":null,""observable"":false,""raw_pass"":false,""reason"":""GPS course unobservable at low speed"",""status"":""unobservable"",""observed_evaluations"":9,""satisfaction_fraction"":0.1111111111111111},{""service_id"":""local_5s_moderate"",""label"":""Short prediction"",""family"":""local_relative_motion"",""horizon_s"":5.0,""position_tolerance_m"":0.2,""heading_tolerance_deg"":5.0,""maximum_aoi_s"":1.0,""position_error_m"":null,""heading_error_deg"":null,""aoi_s"":0.13449478149414062,""position_margin_m"":null,""heading_margin_deg"":null,""freshness_margin_s"":null,""normalized_margin"":null,""observable"":false,""raw_pass"":false,""reason"":""GPS course unobservable at low speed"",""status"":""unobservable"",""observed_evaluations"":0,""satisfaction_fraction"":null},{""service_id"":""local_10s_preview"",""label"":""Planning support"",""family"":""local_relative_motion"",""horizon_s"":10.0,""position_tolerance_m"":0.5,""heading_tolerance_deg"":10.0,""maximum_aoi_s"":1.5,""position_error_m"":null,""heading_error_deg"":null,""aoi_s"":0.13449478149414062,""position_margin_m"":null,""heading_margin_deg"":null,""freshness_margin_s"":null,""normalized_margin"":null,""observable"":false,""raw_pass"":false,""reason"":""GPS course unobservable at low speed"",""status"":""unobservable"",""observed_evaluations"":0,""satisfaction_fraction"":null},{""service_id"":""global_state_tracking"",""label"":""Global asset tracking"",""family"":""global_synchronization"",""horizon_s"":0.0,""position_tolerance_m"":1.0,""heading_tolerance_deg"":5.0,""maximum_aoi_s"":1.0,""position_error_m"":6.615590982054675,""heading_error_deg"":null,""aoi_s"":0.13449478149414062,""position_margin_m"":-5.615590982054675,""heading_margin_deg"":null,""freshness_margin_s"":0.8655052185058594,""normalized_margin"":-5.615590982054675,""observable"":true,""raw_pass"":false,""reason"":""position tolerance"",""status"":""withdrawn"",""observed_evaluations"":96,""satisfaction_fraction"":0.020833333333333332}]",high,10.0,0.4859999753534794
68.20899999999983,5930.272,1789517544.2988157,3893,-0.18744172754776223,0.6709794103655194,-0.2592514285216043,3.6925294084586104,-5.00937708570541,True,0.133755554,144.6,,,0.021,0.1345047950744629,1789511613.8923109,0.010114669748872984,6.878998905269413,,-109.2794,-0.044173575075702895,0.4797035634169011,0.6445719093771558,0.512677232608952,0.16486834596025468,0.4710524170292991,low-motion,703.4294605255127,642,1059.5810344465713,0,False,0,156871,144949,-0.116247277,0.038694284,11.38505,11,0.94,False,"[{""service_id"":""local_1s_tight"",""label"":""Immediate motion"",""family"":""local_relative_motion"",""horizon_s"":1.0,""position_tolerance_m"":0.1,""heading_tolerance_deg"":2.0,""maximum_aoi_s"":0.6,""position_error_m"":null,""heading_error_deg"":null,""aoi_s"":0.1345047950744629,""position_margin_m"":null,""heading_margin_deg"":null,""freshness_margin_s"":null,""normalized_margin"":null,""observable"":false,""raw_pass"":false,""reason"":""GPS course unobservable at low speed"",""status"":""unobservable"",""observed_evaluations"":9,""satisfaction_fraction"":0.1111111111111111},{""service_id"":""local_5s_moderate"",""label"":""Short prediction"",""family"":""local_relative_motion"",""horizon_s"":5.0,""position_tolerance_m"":0.2,""heading_tolerance_deg"":5.0,""maximum_aoi_s"":1.0,""position_error_m"":null,""heading_error_deg"":null,""aoi_s"":0.1345047950744629,""position_margin_m"":null,""heading_margin_deg"":null,""freshness_margin_s"":null,""normalized_margin"":null,""observable"":false,""raw_pass"":false,""reason"":""GPS course unobservable at low speed"",""status"":""unobservable"",""observed_evaluations"":0,""satisfaction_fraction"":null},{""service_id"":""local_10s_preview"",""label"":""Planning support"",""family"":""local_relative_motion"",""horizon_s"":10.0,""position_tolerance_m"":0.5,""heading_tolerance_deg"":10.0,""maximum_aoi_s"":1.5,""position_error_m"":null,""heading_error_deg"":null,""aoi_s"":0.1345047950744629,""position_margin_m"":null,""heading_margin_deg"":null,""freshness_margin_s"":null,""normalized_margin"":null,""observable"":false,""raw_pass"":false,""reason"":""GPS course unobservable at low speed"",""status"":""unobservable"",""observed_evaluations"":0,""satisfaction_fraction"":null},{""service_id"":""global_state_tracking"",""label"":""Global asset tracking"",""family"":""global_synchronization"",""horizon_s"":0.0,""position_tolerance_m"":1.0,""heading_tolerance_deg"":5.0,""maximum_aoi_s"":1.0,""position_error_m"":6.878998905269413,""heading_error_deg"":null,""aoi_s"":0.1345047950744629,""position_margin_m"":-5.878998905269413,""heading_margin_deg"":null,""freshness_margin_s"":0.8654952049255371,""normalized_margin"":-5.878998905269413,""observable"":true,""raw_pass"":false,""reason"":""position tolerance"",""status"":""withdrawn"",""observed_evaluations"":97,""satisfaction_fraction"":0.020618556701030927}]",high,10.0,0.24140003370121121
68.92199999999957,5930.985,1789517545.0163052,3894,-0.2058184483378948,0.669856522504432,0.38130731608489876,3.6925294084586104,-5.00937708570541,True,0.133755554,144.6,,,0.733,0.13899445533752441,1789511613.8923109,4.4894809725519735,6.888454862246691,,-97.157,-0.025821872646691824,0.886316192592548,0.9467320361286741,0.8983993612997733,0.06041584353612606,0.17261669581750302,turning,702.8331756591797,642,1037.8677046262203,0,False,0,157406,144665,-0.112847044,0.075231363,11.38505,11,0.94,False,"[{""service_id"":""local_1s_tight"",""label"":""Immediate motion"",""family"":""local_relative_motion"",""horizon_s"":1.0,""position_tolerance_m"":0.1,""heading_tolerance_deg"":2.0,""maximum_aoi_s"":0.6,""position_error_m"":null,""heading_error_deg"":null,""aoi_s"":0.13899445533752441,""position_margin_m"":null,""heading_margin_deg"":null,""freshness_margin_s"":null,""normalized_margin"":null,""observable"":false,""raw_pass"":false,""reason"":""GPS course unobservable at low speed"",""status"":""unobservable"",""observed_evaluations"":9,""satisfaction_fraction"":0.1111111111111111},{""service_id"":""local_5s_moderate"",""label"":""Short prediction"",""family"":""local_relative_motion"",""horizon_s"":5.0,""position_tolerance_m"":0.2,""heading_tolerance_deg"":5.0,""maximum_aoi_s"":1.0,""position_error_m"":null,""heading_error_deg"":null,""aoi_s"":0.13899445533752441,""position_margin_m"":null,""heading_margin_deg"":null,""freshness_margin_s"":null,""normalized_margin"":null,""observable"":false,""raw_pass"":false,""reason"":""GPS course unobservable at low speed"",""status"":""unobservable"",""observed_evaluations"":0,""satisfaction_fraction"":null},{""service_id"":""local_10s_preview"",""label"":""Planning support"",""family"":""local_relative_motion"",""horizon_s"":10.0,""position_tolerance_m"":0.5,""heading_tolerance_deg"":10.0,""maximum_aoi_s"":1.5,""position_error_m"":null,""heading_error_deg"":null,""aoi_s"":0.13899445533752441,""position_margin_m"":null,""heading_margin_deg"":null,""freshness_margin_s"":null,""normalized_margin"":null,""observable"":false,""raw_pass"":false,""reason"":""GPS course unobservable at low speed"",""status"":""unobservable"",""observed_evaluations"":0,""satisfaction_fraction"":null},{""service_id"":""global_state_tracking"",""label"":""Global asset tracking"",""family"":""global_synchronization"",""horizon_s"":0.0,""position_tolerance_m"":1.0,""heading_tolerance_deg"":5.0,""maximum_aoi_s"":1.0,""position_error_m"":6.888454862246691,""heading_error_deg"":null,""aoi_s"":0.13899445533752441,""position_margin_m"":-5.888454862246691,""heading_margin_deg"":null,""freshness_margin_s"":0.8610055446624756,""normalized_margin"":-5.888454862246691,""observable"":true,""raw_pass"":false,""reason"":""position tolerance"",""status"":""withdrawn"",""observed_evaluations"":98,""satisfaction_fraction"":0.02040816326530612}]",high,10.0,0.5191000527702272
69.66200000000026,5931.725,1789517545.7695305,3895,-0.21369676712684568,0.6612570083616497,1.2769683992000305,3.3965599280843417,-4.824586731518405,True,0.056588888,144.6,,,0.056,0.1522197723388672,1789511613.8923109,13.225326537394722,6.567224295217759,,-67.75977,-0.01576046213165555,1.1584482852323612,1.4179709341671431,1.2103528150193177,0.25952264893478194,0.7414932826708056,turning,736.9928359985352,645,1038.6570214570381,0,False,0,158041,144189,-0.129245004,0.10770417,11.38505,11,0.94,False,"[{""service_id"":""local_1s_tight"",""label"":""Immediate motion"",""family"":""local_relative_motion"",""horizon_s"":1.0,""position_tolerance_m"":0.1,""heading_tolerance_deg"":2.0,""maximum_aoi_s"":0.6,""position_error_m"":null,""heading_error_deg"":null,""aoi_s"":0.1522197723388672,""position_margin_m"":null,""heading_margin_deg"":null,""freshness_margin_s"":null,""normalized_margin"":null,""observable"":false,""raw_pass"":false,""reason"":""GPS course unobservable at low speed"",""status"":""unobservable"",""observed_evaluations"":9,""satisfaction_fraction"":0.1111111111111111},{""service_id"":""local_5s_moderate"",""label"":""Short prediction"",""family"":""local_relative_motion"",""horizon_s"":5.0,""position_tolerance_m"":0.2,""heading_tolerance_deg"":5.0,""maximum_aoi_s"":1.0,""position_error_m"":null,""heading_error_deg"":null,""aoi_s"":0.1522197723388672,""position_margin_m"":null,""heading_margin_deg"":null,""freshness_margin_s"":null,""normalized_margin"":null,""observable"":false,""raw_pass"":false,""reason"":""GPS course unobservable at low speed"",""status"":""unobservable"",""observed_evaluations"":0,""satisfaction_fraction"":null},{""service_id"":""local_10s_preview"",""label"":""Planning support"",""family"":""local_relative_motion"",""horizon_s"":10.0,""position_tolerance_m"":0.5,""heading_tolerance_deg"":10.0,""maximum_aoi_s"":1.5,""position_error_m"":null,""heading_error_deg"":null,""aoi_s"":0.1522197723388672,""position_margin_m"":null,""heading_margin_deg"":null,""freshness_margin_s"":null,""normalized_margin"":null,""observable"":false,""raw_pass"":false,""reason"":""GPS course unobservable at low speed"",""status"":""unobservable"",""observed_evaluations"":0,""satisfaction_fraction"":null},{""service_id"":""global_state_tracking"",""label"":""Global asset tracking"",""family"":""global_synchronization"",""horizon_s"":0.0,""position_tolerance_m"":1.0,""heading_tolerance_deg"":5.0,""maximum_aoi_s"":1.0,""position_error_m"":6.567224295217759,""heading_error_deg"":null,""aoi_s"":0.1522197723388672,""position_margin_m"":-5.567224295217759,""heading_margin_deg"":null,""freshness_margin_s"":0.8477802276611328,""normalized_margin"":-5.567224295217759,""observable"":true,""raw_pass"":false,""reason"":""position tolerance"",""status"":""withdrawn"",""observed_evaluations"":99,""satisfaction_fraction"":0.020202020202020204}]",high,10.0,0.1495999749749899
70.39000000000033,5932.453,1789517546.3452592,3896,-0.2128721080628473,0.6573079113509606,2.2763519734877864,3.544544668271476,-5.00937708570541,True,0.164622221,144.6,,,0.044,0.0,1789511613.8922591,152.2713451386153,6.799227874320905,,-49.48559,-0.005541595901227817,1.359845564047632,1.424515918862122,1.37277963501053,0.06467035481449002,0.18477244232711434,turning,568.1884288787842,636,1042.6125020757902,0,False,0,158710,143575,-0.131687806,0.131671343,11.38505,11,0.94,False,"[{""service_id"":""local_1s_tight"",""label"":""Immediate motion"",""family"":""local_relative_motion"",""horizon_s"":1.0,""position_tolerance_m"":0.1,""heading_tolerance_deg"":2.0,""maximum_aoi_s"":0.6,""position_error_m"":null,""heading_error_deg"":null,""aoi_s"":0.0,""position_margin_m"":null,""heading_margin_deg"":null,""freshness_margin_s"":null,""normalized_margin"":null,""observable"":false,""raw_pass"":false,""reason"":""GPS course unobservable at low speed"",""status"":""unobservable"",""observed_evaluations"":9,""satisfaction_fraction"":0.1111111111111111},{""service_id"":""local_5s_moderate"",""label"":""Short prediction"",""family"":""local_relative_motion"",""horizon_s"":5.0,""position_tolerance_m"":0.2,""heading_tolerance_deg"":5.0,""maximum_aoi_s"":1.0,""position_error_m"":null,""heading_error_deg"":null,""aoi_s"":0.0,""position_margin_m"":null,""heading_margin_deg"":null,""freshness_margin_s"":null,""normalized_margin"":null,""observable"":false,""raw_pass"":false,""reason"":""GPS course unobservable at low speed"",""status"":""unobservable"",""observed_evaluations"":0,""satisfaction_fraction"":null},{""service_id"":""local_10s_preview"",""label"":""Planning support"",""family"":""local_relative_motion"",""horizon_s"":10.0,""position_tolerance_m"":0.5,""heading_tolerance_deg"":10.0,""maximum_aoi_s"":1.5,""position_error_m"":null,""heading_error_deg"":null,""aoi_s"":0.0,""position_margin_m"":null,""heading_margin_deg"":null,""freshness_margin_s"":null,""normalized_margin"":null,""observable"":false,""raw_pass"":false,""reason"":""GPS course unobservable at low speed"",""status"":""unobservable"",""observed_evaluations"":0,""satisfaction_fraction"":null},{""service_id"":""global_state_tracking"",""label"":""Global asset tracking"",""family"":""global_synchronization"",""horizon_s"":0.0,""position_tolerance_m"":1.0,""heading_tolerance_deg"":5.0,""maximum_aoi_s"":1.0,""position_error_m"":6.799227874320905,""heading_error_deg"":null,""aoi_s"":0.0,""position_margin_m"":-5.799227874320905,""heading_margin_deg"":null,""freshness_margin_s"":1.0,""normalized_margin"":-5.799227874320905,""observable"":true,""raw_pass"":false,""reason"":""position tolerance"",""status"":""withdrawn"",""observed_evaluations"":100,""satisfaction_fraction"":0.02}]",high,10.0,0.44220004929229617
70.98999999999978,5933.053,1789517547.0798638,3897,-0.2105159419247499,0.6561157035370587,3.06996945370026,3.544544668271476,-5.00937708570541,True,0.164622221,144.6,,,0.645,0.13460469245910645,1789511613.8922591,134.6045970922205,6.796932302973574,,-31.48337,-0.004401034708470422,1.3348744327247555,1.273981270877611,1.3226958003553266,0.06089316184714444,0.1739804624204127,turning,718.0252075195312,639,1041.7124573929223,0,False,0,159247,143074,-0.104429987,0.104357557,11.38505,11,0.94,False,"[{""service_id"":""local_1s_tight"",""label"":""Immediate motion"",""family"":""local_relative_motion"",""horizon_s"":1.0,""position_tolerance_m"":0.1,""heading_tolerance_deg"":2.0,""maximum_aoi_s"":0.6,""position_error_m"":null,""heading_error_deg"":null,""aoi_s"":0.13460469245910645,""position_margin_m"":null,""heading_margin_deg"":null,""freshness_margin_s"":null,""normalized_margin"":null,""observable"":false,""raw_pass"":false,""reason"":""GPS course unobservable at low speed"",""status"":""unobservable"",""observed_evaluations"":9,""satisfaction_fraction"":0.1111111111111111},{""service_id"":""local_5s_moderate"",""label"":""Short prediction"",""family"":""local_relative_motion"",""horizon_s"":5.0,""position_tolerance_m"":0.2,""heading_tolerance_deg"":5.0,""maximum_aoi_s"":1.0,""position_error_m"":null,""heading_error_deg"":null,""aoi_s"":0.13460469245910645,""position_margin_m"":null,""heading_margin_deg"":null,""freshness_margin_s"":null,""normalized_margin"":null,""observable"":false,""raw_pass"":false,""reason"":""GPS course unobservable at low speed"",""status"":""unobservable"",""observed_evaluations"":0,""satisfaction_fraction"":null},{""service_id"":""local_10s_preview"",""label"":""Planning support"",""family"":""local_relative_motion"",""horizon_s"":10.0,""position_tolerance_m"":0.5,""heading_tolerance_deg"":10.0,""maximum_aoi_s"":1.5,""position_error_m"":null,""heading_error_deg"":null,""aoi_s"":0.13460469245910645,""position_margin_m"":null,""heading_margin_deg"":null,""freshness_margin_s"":null,""normalized_margin"":null,""observable"":false,""raw_pass"":false,""reason"":""GPS course unobservable at low speed"",""status"":""unobservable"",""observed_evaluations"":0,""satisfaction_fraction"":null},{""service_id"":""global_state_tracking"",""label"":""Global asset tracking"",""family"":""global_synchronization"",""horizon_s"":0.0,""position_tolerance_m"":1.0,""heading_tolerance_deg"":5.0,""maximum_aoi_s"":1.0,""position_error_m"":6.796932302973574,""heading_error_deg"":null,""aoi_s"":0.13460469245910645,""position_margin_m"":-5.796932302973574,""heading_margin_deg"":null,""freshness_margin_s"":0.8653953075408936,""normalized_margin"":-5.796932302973574,""observable"":true,""raw_pass"":false,""reason"":""position tolerance"",""status"":""withdrawn"",""observed_evaluations"":101,""satisfaction_fraction"":0.019801980198019802}]",high,10.0,0.4729999927803874
71.70299999999952,5933.766,1789517547.7976248,3898,-0.20979241845130903,0.6562363041988877,-2.7396360154123585,3.544544668271476,-5.00937708570541,True,0.061733333,144.6,,,0.027,0.13936567306518555,1789511613.8922591,4.761039734148653,6.796633140357437,,-28.54862,-0.0010287598664020649,0.6969323907565335,0.5333071695625173,0.6642073465177303,0.16362522119401612,0.46750063198290326,turning,692.9836273193359,639,1029.6150857491557,0,False,0,159574,142757,-0.056423522,0.056423522,11.38505,11,0.94,False,"[{""service_id"":""local_1s_tight"",""label"":""Immediate motion"",""family"":""local_relative_motion"",""horizon_s"":1.0,""position_tolerance_m"":0.1,""heading_tolerance_deg"":2.0,""maximum_aoi_s"":0.6,""position_error_m"":null,""heading_error_deg"":null,""aoi_s"":0.13936567306518555,""position_margin_m"":null,""heading_margin_deg"":null,""freshness_margin_s"":null,""normalized_margin"":null,""observable"":false,""raw_pass"":false,""reason"":""GPS course unobservable at low speed"",""status"":""unobservable"",""observed_evaluations"":9,""satisfaction_fraction"":0.1111111111111111},{""service_id"":""local_5s_moderate"",""label"":""Short prediction"",""family"":""local_relative_motion"",""horizon_s"":5.0,""position_tolerance_m"":0.2,""heading_tolerance_deg"":5.0,""maximum_aoi_s"":1.0,""position_error_m"":null,""heading_error_deg"":null,""aoi_s"":0.13936567306518555,""position_margin_m"":null,""heading_margin_deg"":null,""freshness_margin_s"":null,""normalized_margin"":null,""observable"":false,""raw_pass"":false,""reason"":""GPS course unobservable at low speed"",""status"":""unobservable"",""observed_evaluations"":0,""satisfaction_fraction"":null},{""service_id"":""local_10s_preview"",""label"":""Planning support"",""family"":""local_relative_motion"",""horizon_s"":10.0,""position_tolerance_m"":0.5,""heading_tolerance_deg"":10.0,""maximum_aoi_s"":1.5,""position_error_m"":null,""heading_error_deg"":null,""aoi_s"":0.13936567306518555,""position_margin_m"":null,""heading_margin_deg"":null,""freshness_margin_s"":null,""normalized_margin"":null,""observable"":false,""raw_pass"":false,""reason"":""GPS course unobservable at low speed"",""status"":""unobservable"",""observed_evaluations"":0,""satisfaction_fraction"":null},{""service_id"":""global_state_tracking"",""label"":""Global asset tracking"",""family"":""global_synchronization"",""horizon_s"":0.0,""position_tolerance_m"":1.0,""heading_tolerance_deg"":5.0,""maximum_aoi_s"":1.0,""position_error_m"":6.796633140357437,""heading_error_deg"":null,""aoi_s"":0.13936567306518555,""position_margin_m"":-5.796633140357437,""heading_margin_deg"":null,""freshness_margin_s"":0.8606343269348145,""normalized_margin"":-5.796633140357437,""observable"":true,""raw_pass"":false,""reason"":""position tolerance"",""status"":""withdrawn"",""observed_evaluations"":102,""satisfaction_fraction"":0.0196078431372549}]",high,10.0,0.542099995072931
72.42799999999988,5934.491,1789517548.3838918,3899,-0.20711209360394625,0.6577550934864854,-2.512485990051912,3.544544668271476,-5.00937708570541,True,0.092599999,144.6,,,0.04,0.0006327629089355469,1789511613.8922591,138.73300552404544,6.796419321625017,,-29.85272,-0.004249274890930959,0.3256699831877207,0.2638719662858927,0.3133103798073551,0.06179801690182801,0.17656576257665146,low-motion,563.0338191986084,638,1063.469675279127,0,False,0,159748,142625,-0.037582796,0.018777327,11.38505,11,0.94,False,"[{""service_id"":""local_1s_tight"",""label"":""Immediate motion"",""family"":""local_relative_motion"",""horizon_s"":1.0,""position_tolerance_m"":0.1,""heading_tolerance_deg"":2.0,""maximum_aoi_s"":0.6,""position_error_m"":null,""heading_error_deg"":null,""aoi_s"":0.0006327629089355469,""position_margin_m"":null,""heading_margin_deg"":null,""freshness_margin_s"":null,""normalized_margin"":null,""observable"":false,""raw_pass"":false,""reason"":""GPS course unobservable at low speed"",""status"":""unobservable"",""observed_evaluations"":9,""satisfaction_fraction"":0.1111111111111111},{""service_id"":""local_5s_moderate"",""label"":""Short prediction"",""family"":""local_relative_motion"",""horizon_s"":5.0,""position_tolerance_m"":0.2,""heading_tolerance_deg"":5.0,""maximum_aoi_s"":1.0,""position_error_m"":null,""heading_error_deg"":null,""aoi_s"":0.0006327629089355469,""position_margin_m"":null,""heading_margin_deg"":null,""freshness_margin_s"":null,""normalized_margin"":null,""observable"":false,""raw_pass"":false,""reason"":""GPS course unobservable at low speed"",""status"":""unobservable"",""observed_evaluations"":0,""satisfaction_fraction"":null},{""service_id"":""local_10s_preview"",""label"":""Planning support"",""family"":""local_relative_motion"",""horizon_s"":10.0,""position_tolerance_m"":0.5,""heading_tolerance_deg"":10.0,""maximum_aoi_s"":1.5,""position_error_m"":null,""heading_error_deg"":null,""aoi_s"":0.0006327629089355469,""position_margin_m"":null,""heading_margin_deg"":null,""freshness_margin_s"":null,""normalized_margin"":null,""observable"":false,""raw_pass"":false,""reason"":""GPS course unobservable at low speed"",""status"":""unobservable"",""observed_evaluations"":0,""satisfaction_fraction"":null},{""service_id"":""global_state_tracking"",""label"":""Global asset tracking"",""family"":""global_synchronization"",""horizon_s"":0.0,""position_tolerance_m"":1.0,""heading_tolerance_deg"":5.0,""maximum_aoi_s"":1.0,""position_error_m"":6.796419321625017,""heading_error_deg"":null,""aoi_s"":0.0006327629089355469,""position_margin_m"":-5.796419321625017,""heading_margin_deg"":null,""freshness_margin_s"":0.9993672370910645,""normalized_margin"":-5.796419321625017,""observable"":true,""raw_pass"":false,""reason"":""position tolerance"",""status"":""withdrawn"",""observed_evaluations"":103,""satisfaction_fraction"":0.019417475728155338}]",high,10.0,0.2982000005431473
73.01500000000033,5935.078,1789517549.1117244,3900,-0.2083326651506902,0.6568154549143966,-2.4585491951753626,3.544544668271476,-5.00937708570541,True,0.092599999,144.6,,,0.627,0.1414651870727539,1789511613.8922591,140.8325557704302,6.796309747729969,,-39.02645,0.0026241263168008183,0.12224726713000902,-0.02956151420565396,0.09188551086287643,0.15180878133566297,0.43373937524475137,low-motion,706.6142559051514,618,1059.4425058511001,0,False,0,159784,142568,0.0,0.0,11.38505,11,0.94,False,"[{""service_id"":""local_1s_tight"",""label"":""Immediate motion"",""family"":""local_relative_motion"",""horizon_s"":1.0,""position_tolerance_m"":0.1,""heading_tolerance_deg"":2.0,""maximum_aoi_s"":0.6,""position_error_m"":null,""heading_error_deg"":null,""aoi_s"":0.1414651870727539,""position_margin_m"":null,""heading_margin_deg"":null,""freshness_margin_s"":null,""normalized_margin"":null,""observable"":false,""raw_pass"":false,""reason"":""GPS course unobservable at low speed"",""status"":""unobservable"",""observed_evaluations"":9,""satisfaction_fraction"":0.1111111111111111},{""service_id"":""local_5s_moderate"",""label"":""Short prediction"",""family"":""local_relative_motion"",""horizon_s"":5.0,""position_tolerance_m"":0.2,""heading_tolerance_deg"":5.0,""maximum_aoi_s"":1.0,""position_error_m"":null,""heading_error_deg"":null,""aoi_s"":0.1414651870727539,""position_margin_m"":null,""heading_margin_deg"":null,""freshness_margin_s"":null,""normalized_margin"":null,""observable"":false,""raw_pass"":false,""reason"":""GPS course unobservable at low speed"",""status"":""unobservable"",""observed_evaluations"":0,""satisfaction_fraction"":null},{""service_id"":""local_10s_preview"",""label"":""Planning support"",""family"":""local_relative_motion"",""horizon_s"":10.0,""position_tolerance_m"":0.5,""heading_tolerance_deg"":10.0,""maximum_aoi_s"":1.5,""position_error_m"":null,""heading_error_deg"":null,""aoi_s"":0.1414651870727539,""position_margin_m"":null,""heading_margin_deg"":null,""freshness_margin_s"":null,""normalized_margin"":null,""observable"":false,""raw_pass"":false,""reason"":""GPS course unobservable at low speed"",""status"":""unobservable"",""observed_evaluations"":0,""satisfaction_fraction"":null},{""service_id"":""global_state_tracking"",""label"":""Global asset tracking"",""family"":""global_synchronization"",""horizon_s"":0.0,""position_tolerance_m"":1.0,""heading_tolerance_deg"":5.0,""maximum_aoi_s"":1.0,""position_error_m"":6.796309747729969,""heading_error_deg"":null,""aoi_s"":0.1414651870727539,""position_margin_m"":-5.796309747729969,""heading_margin_deg"":null,""freshness_margin_s"":0.8585348129272461,""normalized_margin"":-5.796309747729969,""observable"":true,""raw_pass"":false,""reason"":""position tolerance"",""status"":""withdrawn"",""observed_evaluations"":104,""satisfaction_fraction"":0.019230769230769232}]",high,10.0,0.21869997726753354
73.72900000000027,5935.792,1789517549.6870067,3901,-0.2083326651506902,0.6568154549143966,-2.4585647722389368,3.6925294084586104,-5.00937708570541,True,0.092599999,144.6,,,0.034,0.0027475357055664062,1789511613.8922591,138.71766471856972,6.879132418023293,,-46.37152,-0.0,0.0,-0.0001090830782496456,-2.181661564992912e-05,0.0001090830782496456,0.0003116659378561303,low-motion,564.8119449615479,625,1088.0592553208107,0,False,0,159784,142568,0.0,0.0,11.38505,10,0.98,False,"[{""service_id"":""local_1s_tight"",""label"":""Immediate motion"",""family"":""local_relative_motion"",""horizon_s"":1.0,""position_tolerance_m"":0.1,""heading_tolerance_deg"":2.0,""maximum_aoi_s"":0.6,""position_error_m"":null,""heading_error_deg"":null,""aoi_s"":0.0027475357055664062,""position_margin_m"":null,""heading_margin_deg"":null,""freshness_margin_s"":null,""normalized_margin"":null,""observable"":false,""raw_pass"":false,""reason"":""GPS course unobservable at low speed"",""status"":""unobservable"",""observed_evaluations"":9,""satisfaction_fraction"":0.1111111111111111},{""service_id"":""local_5s_moderate"",""label"":""Short prediction"",""family"":""local_relative_motion"",""horizon_s"":5.0,""position_tolerance_m"":0.2,""heading_tolerance_deg"":5.0,""maximum_aoi_s"":1.0,""position_error_m"":null,""heading_error_deg"":null,""aoi_s"":0.0027475357055664062,""position_margin_m"":null,""heading_margin_deg"":null,""freshness_margin_s"":null,""normalized_margin"":null,""observable"":false,""raw_pass"":false,""reason"":""GPS course unobservable at low speed"",""status"":""unobservable"",""observed_evaluations"":0,""satisfaction_fraction"":null},{""service_id"":""local_10s_preview"",""label"":""Planning support"",""family"":""local_relative_motion"",""horizon_s"":10.0,""position_tolerance_m"":0.5,""heading_tolerance_deg"":10.0,""maximum_aoi_s"":1.5,""position_error_m"":null,""heading_error_deg"":null,""aoi_s"":0.0027475357055664062,""position_margin_m"":null,""heading_margin_deg"":null,""freshness_margin_s"":null,""normalized_margin"":null,""observable"":false,""raw_pass"":false,""reason"":""GPS course unobservable at low speed"",""status"":""unobservable"",""observed_evaluations"":0,""satisfaction_fraction"":null},{""service_id"":""global_state_tracking"",""label"":""Global asset tracking"",""family"":""global_synchronization"",""horizon_s"":0.0,""position_tolerance_m"":1.0,""heading_tolerance_deg"":5.0,""maximum_aoi_s"":1.0,""position_error_m"":6.879132418023293,""heading_error_deg"":null,""aoi_s"":0.0027475357055664062,""position_margin_m"":-5.879132418023293,""heading_margin_deg"":null,""freshness_margin_s"":0.9972524642944336,""normalized_margin"":-5.879132418023293,""observable"":true,""raw_pass"":false,""reason"":""position tolerance"",""status"":""withdrawn"",""observed_evaluations"":105,""satisfaction_fraction"":0.01904761904761905}]",high,10.0,0.45220000902190804
74.31700000000001,5936.38,1789517550.4050078,3902,-0.2083326651506902,0.6568154549143966,-2.4581927553088745,3.6925294084586104,-5.00937708570541,True,0.077166666,144.6,,,0.036,0.13274860382080078,1789511613.8922591,130.00112724330393,6.879132418023293,,-56.44684,-0.0,0.0,0.0031634092692397224,0.0006326818538479446,0.0031634092692397224,0.009038312197827778,low-motion,692.6078796386719,620,1091.5812261949932,0,False,0,159784,142568,0.0,0.0,11.38505,10,0.98,False,"[{""service_id"":""local_1s_tight"",""label"":""Immediate motion"",""family"":""local_relative_motion"",""horizon_s"":1.0,""position_tolerance_m"":0.1,""heading_tolerance_deg"":2.0,""maximum_aoi_s"":0.6,""position_error_m"":null,""heading_error_deg"":null,""aoi_s"":0.13274860382080078,""position_margin_m"":null,""heading_margin_deg"":null,""freshness_margin_s"":null,""normalized_margin"":null,""observable"":false,""raw_pass"":false,""reason"":""GPS course unobservable at low speed"",""status"":""unobservable"",""observed_evaluations"":9,""satisfaction_fraction"":0.1111111111111111},{""service_id"":""local_5s_moderate"",""label"":""Short prediction"",""family"":""local_relative_motion"",""horizon_s"":5.0,""position_tolerance_m"":0.2,""heading_tolerance_deg"":5.0,""maximum_aoi_s"":1.0,""position_error_m"":null,""heading_error_deg"":null,""aoi_s"":0.13274860382080078,""position_margin_m"":null,""heading_margin_deg"":null,""freshness_margin_s"":null,""normalized_margin"":null,""observable"":false,""raw_pass"":false,""reason"":""GPS course unobservable at low speed"",""status"":""unobservable"",""observed_evaluations"":0,""satisfaction_fraction"":null},{""service_id"":""local_10s_preview"",""label"":""Planning support"",""family"":""local_relative_motion"",""horizon_s"":10.0,""position_tolerance_m"":0.5,""heading_tolerance_deg"":10.0,""maximum_aoi_s"":1.5,""position_error_m"":null,""heading_error_deg"":null,""aoi_s"":0.13274860382080078,""position_margin_m"":null,""heading_margin_deg"":null,""freshness_margin_s"":null,""normalized_margin"":null,""observable"":false,""raw_pass"":false,""reason"":""GPS course unobservable at low speed"",""status"":""unobservable"",""observed_evaluations"":0,""satisfaction_fraction"":null},{""service_id"":""global_state_tracking"",""label"":""Global asset tracking"",""family"":""global_synchronization"",""horizon_s"":0.0,""position_tolerance_m"":1.0,""heading_tolerance_deg"":5.0,""maximum_aoi_s"":1.0,""position_error_m"":6.879132418023293,""heading_error_deg"":null,""aoi_s"":0.13274860382080078,""position_margin_m"":-5.879132418023293,""heading_margin_deg"":null,""freshness_margin_s"":0.8672513961791992,""normalized_margin"":-5.879132418023293,""observable"":true,""raw_pass"":false,""reason"":""position tolerance"",""status"":""withdrawn"",""observed_evaluations"":106,""satisfaction_fraction"":0.018867924528301886}]",high,10.0,0.46249997103586793
75.03099999999995,5937.094,1789517550.9873793,3903,-0.2083326651506902,0.6568154549143966,-2.459298726822632,3.6925294084586104,-5.00937708570541,True,0.077166666,144.6,,,0.002,0.0011200904846191406,1789511613.8922591,131.62852668756386,6.879132418023293,,-66.88868,-0.0,0.0,-0.007744898555724837,-0.0015489797111449674,0.007744898555724837,0.02212828158778525,low-motion,572.7715492248535,621,1084.8491350205693,0,False,0,159784,142568,0.0,0.0,11.38505,9,1.15,False,"[{""service_id"":""local_1s_tight"",""label"":""Immediate motion"",""family"":""local_relative_motion"",""horizon_s"":1.0,""position_tolerance_m"":0.1,""heading_tolerance_deg"":2.0,""maximum_aoi_s"":0.6,""position_error_m"":null,""heading_error_deg"":null,""aoi_s"":0.0011200904846191406,""position_margin_m"":null,""heading_margin_deg"":null,""freshness_margin_s"":null,""normalized_margin"":null,""observable"":false,""raw_pass"":false,""reason"":""GPS course unobservable at low speed"",""status"":""unobservable"",""observed_evaluations"":9,""satisfaction_fraction"":0.1111111111111111},{""service_id"":""local_5s_moderate"",""label"":""Short prediction"",""family"":""local_relative_motion"",""horizon_s"":5.0,""position_tolerance_m"":0.2,""heading_tolerance_deg"":5.0,""maximum_aoi_s"":1.0,""position_error_m"":null,""heading_error_deg"":null,""aoi_s"":0.0011200904846191406,""position_margin_m"":null,""heading_margin_deg"":null,""freshness_margin_s"":null,""normalized_margin"":null,""observable"":false,""raw_pass"":false,""reason"":""GPS course unobservable at low speed"",""status"":""unobservable"",""observed_evaluations"":0,""satisfaction_fraction"":null},{""service_id"":""local_10s_preview"",""label"":""Planning support"",""family"":""local_relative_motion"",""horizon_s"":10.0,""position_tolerance_m"":0.5,""heading_tolerance_deg"":10.0,""maximum_aoi_s"":1.5,""position_error_m"":null,""heading_error_deg"":null,""aoi_s"":0.0011200904846191406,""position_margin_m"":null,""heading_margin_deg"":null,""freshness_margin_s"":null,""normalized_margin"":null,""observable"":false,""raw_pass"":false,""reason"":""GPS course unobservable at low speed"",""status"":""unobservable"",""observed_evaluations"":0,""satisfaction_fraction"":null},{""service_id"":""global_state_tracking"",""label"":""Global asset tracking"",""family"":""global_synchronization"",""horizon_s"":0.0,""position_tolerance_m"":1.0,""heading_tolerance_deg"":5.0,""maximum_aoi_s"":1.0,""position_error_m"":6.879132418023293,""heading_error_deg"":null,""aoi_s"":0.0011200904846191406,""position_margin_m"":-5.879132418023293,""heading_margin_deg"":null,""freshness_margin_s"":0.9988799095153809,""normalized_margin"":-5.879132418023293,""observable"":true,""raw_pass"":false,""reason"":""position tolerance"",""status"":""withdrawn"",""observed_evaluations"":107,""satisfaction_fraction"":0.018691588785046728}]",high,10.0,0.13509998098015785
75.61599999999999,5937.679,1789517551.7059848,3904,-0.2083326651506902,0.6568154549143966,-2.459311489542787,3.6925294084586104,-5.00937708570541,True,0.066877777,144.6,,,0.035,0.13472580909729004,1789511613.8922591,133.60551834102807,6.879132418023293,,-78.05547,-0.0,0.0,-0.0001090830782496456,-2.181661564992912e-05,0.0001090830782496456,0.0003116659378561303,low-motion,711.0693454742432,621,1085.3585438149416,0,False,0,159784,142568,0.0,0.0,11.38505,9,1.15,False,"[{""service_id"":""local_1s_tight"",""label"":""Immediate motion"",""family"":""local_relative_motion"",""horizon_s"":1.0,""position_tolerance_m"":0.1,""heading_tolerance_deg"":2.0,""maximum_aoi_s"":0.6,""position_error_m"":null,""heading_error_deg"":null,""aoi_s"":0.13472580909729004,""position_margin_m"":null,""heading_margin_deg"":null,""freshness_margin_s"":null,""normalized_margin"":null,""observable"":false,""raw_pass"":false,""reason"":""GPS course unobservable at low speed"",""status"":""unobservable"",""observed_evaluations"":9,""satisfaction_fraction"":0.1111111111111111},{""service_id"":""local_5s_moderate"",""label"":""Short prediction"",""family"":""local_relative_motion"",""horizon_s"":5.0,""position_tolerance_m"":0.2,""heading_tolerance_deg"":5.0,""maximum_aoi_s"":1.0,""position_error_m"":null,""heading_error_deg"":null,""aoi_s"":0.13472580909729004,""position_margin_m"":null,""heading_margin_deg"":null,""freshness_margin_s"":null,""normalized_margin"":null,""observable"":false,""raw_pass"":false,""reason"":""GPS course unobservable at low speed"",""status"":""unobservable"",""observed_evaluations"":0,""satisfaction_fraction"":null},{""service_id"":""local_10s_preview"",""label"":""Planning support"",""family"":""local_relative_motion"",""horizon_s"":10.0,""position_tolerance_m"":0.5,""heading_tolerance_deg"":10.0,""maximum_aoi_s"":1.5,""position_error_m"":null,""heading_error_deg"":null,""aoi_s"":0.13472580909729004,""position_margin_m"":null,""heading_margin_deg"":null,""freshness_margin_s"":null,""normalized_margin"":null,""observable"":false,""raw_pass"":false,""reason"":""GPS course unobservable at low speed"",""status"":""unobservable"",""observed_evaluations"":0,""satisfaction_fraction"":null},{""service_id"":""global_state_tracking"",""label"":""Global asset tracking"",""family"":""global_synchronization"",""horizon_s"":0.0,""position_tolerance_m"":1.0,""heading_tolerance_deg"":5.0,""maximum_aoi_s"":1.0,""position_error_m"":6.879132418023293,""heading_error_deg"":null,""aoi_s"":0.13472580909729004,""position_margin_m"":-5.879132418023293,""heading_margin_deg"":null,""freshness_margin_s"":0.86527419090271,""normalized_margin"":-5.879132418023293,""observable"":true,""raw_pass"":false,""reason"":""position tolerance"",""status"":""withdrawn"",""observed_evaluations"":108,""satisfaction_fraction"":0.018518518518518517}]",high,10.0,0.3738999948836863
76.34299999999985,5938.406,1789517552.2994642,3905,-0.2083326651506902,0.6568154549143966,-2.45853431624349,3.6925294084586104,-5.00937708570541,True,0.08231111,144.6,,,0.042,0.0012052059173583984,1789511613.8922591,133.52060508714203,6.879132418023293,,-91.07369,-0.0,0.0,0.005345070834232635,0.001069014166846527,0.005345070834232635,0.015271630954950386,low-motion,570.6493854522705,620,1111.1013868544057,0,False,0,159784,142568,0.0,0.0,11.38505,9,1.15,False,"[{""service_id"":""local_1s_tight"",""label"":""Immediate motion"",""family"":""local_relative_motion"",""horizon_s"":1.0,""position_tolerance_m"":0.1,""heading_tolerance_deg"":2.0,""maximum_aoi_s"":0.6,""position_error_m"":null,""heading_error_deg"":null,""aoi_s"":0.0012052059173583984,""position_margin_m"":null,""heading_margin_deg"":null,""freshness_margin_s"":null,""normalized_margin"":null,""observable"":false,""raw_pass"":false,""reason"":""GPS course unobservable at low speed"",""status"":""unobservable"",""observed_evaluations"":9,""satisfaction_fraction"":0.1111111111111111},{""service_id"":""local_5s_moderate"",""label"":""Short prediction"",""family"":""local_relative_motion"",""horizon_s"":5.0,""position_tolerance_m"":0.2,""heading_tolerance_deg"":5.0,""maximum_aoi_s"":1.0,""position_error_m"":null,""heading_error_deg"":null,""aoi_s"":0.0012052059173583984,""position_margin_m"":null,""heading_margin_deg"":null,""freshness_margin_s"":null,""normalized_margin"":null,""observable"":false,""raw_pass"":false,""reason"":""GPS course unobservable at low speed"",""status"":""unobservable"",""observed_evaluations"":0,""satisfaction_fraction"":null},{""service_id"":""local_10s_preview"",""label"":""Planning support"",""family"":""local_relative_motion"",""horizon_s"":10.0,""position_tolerance_m"":0.5,""heading_tolerance_deg"":10.0,""maximum_aoi_s"":1.5,""position_error_m"":null,""heading_error_deg"":null,""aoi_s"":0.0012052059173583984,""position_margin_m"":null,""heading_margin_deg"":null,""freshness_margin_s"":null,""normalized_margin"":null,""observable"":false,""raw_pass"":false,""reason"":""GPS course unobservable at low speed"",""status"":""unobservable"",""observed_evaluations"":0,""satisfaction_fraction"":null},{""service_id"":""global_state_tracking"",""label"":""Global asset tracking"",""family"":""global_synchronization"",""horizon_s"":0.0,""position_tolerance_m"":1.0,""heading_tolerance_deg"":5.0,""maximum_aoi_s"":1.0,""position_error_m"":6.879132418023293,""heading_error_deg"":null,""aoi_s"":0.0012052059173583984,""position_margin_m"":-5.879132418023293,""heading_margin_deg"":null,""freshness_margin_s"":0.9987947940826416,""normalized_margin"":-5.879132418023293,""observable"":true,""raw_pass"":false,""reason"":""position tolerance"",""status"":""withdrawn"",""observed_evaluations"":109,""satisfaction_fraction"":0.01834862385321101}]",high,10.0,0.4597000079229474
76.97400000000016,5939.037,1789517552.932291,3906,-0.2083326651506902,0.6568154549143966,-2.4581350939937114,3.6925294084586104,-5.00937708570541,True,0.08231111,144.6,,,0.673,0.0030319690704345703,1789511613.8922591,1.8268051144332276,6.879132418023293,,-112.3657,-0.0,0.0,0.0031634092692397224,0.0006326818538479446,0.0031634092692397224,0.009038312197827778,low-motion,610.1443767547607,623,1096.2098465464499,0,False,0,159784,142568,0.0,0.0,11.38505,9,1.15,False,"[{""service_id"":""local_1s_tight"",""label"":""Immediate motion"",""family"":""local_relative_motion"",""horizon_s"":1.0,""position_tolerance_m"":0.1,""heading_tolerance_deg"":2.0,""maximum_aoi_s"":0.6,""position_error_m"":null,""heading_error_deg"":null,""aoi_s"":0.0030319690704345703,""position_margin_m"":null,""heading_margin_deg"":null,""freshness_margin_s"":null,""normalized_margin"":null,""observable"":false,""raw_pass"":false,""reason"":""GPS course unobservable at low speed"",""status"":""unobservable"",""observed_evaluations"":9,""satisfaction_fraction"":0.1111111111111111},{""service_id"":""local_5s_moderate"",""label"":""Short prediction"",""family"":""local_relative_motion"",""horizon_s"":5.0,""position_tolerance_m"":0.2,""heading_tolerance_deg"":5.0,""maximum_aoi_s"":1.0,""position_error_m"":null,""heading_error_deg"":null,""aoi_s"":0.0030319690704345703,""position_margin_m"":null,""heading_margin_deg"":null,""freshness_margin_s"":null,""normalized_margin"":null,""observable"":false,""raw_pass"":false,""reason"":""GPS course unobservable at low speed"",""status"":""unobservable"",""observed_evaluations"":0,""satisfaction_fraction"":null},{""service_id"":""local_10s_preview"",""label"":""Planning support"",""family"":""local_relative_motion"",""horizon_s"":10.0,""position_tolerance_m"":0.5,""heading_tolerance_deg"":10.0,""maximum_aoi_s"":1.5,""position_error_m"":null,""heading_error_deg"":null,""aoi_s"":0.0030319690704345703,""position_margin_m"":null,""heading_margin_deg"":null,""freshness_margin_s"":null,""normalized_margin"":null,""observable"":false,""raw_pass"":false,""reason"":""GPS course unobservable at low speed"",""status"":""unobservable"",""observed_evaluations"":0,""satisfaction_fraction"":null},{""service_id"":""global_state_tracking"",""label"":""Global asset tracking"",""family"":""global_synchronization"",""horizon_s"":0.0,""position_tolerance_m"":1.0,""heading_tolerance_deg"":5.0,""maximum_aoi_s"":1.0,""position_error_m"":6.879132418023293,""heading_error_deg"":null,""aoi_s"":0.0030319690704345703,""position_margin_m"":-5.879132418023293,""heading_margin_deg"":null,""freshness_margin_s"":0.9969680309295654,""normalized_margin"":-5.879132418023293,""observable"":true,""raw_pass"":false,""reason"":""position tolerance"",""status"":""withdrawn"",""observed_evaluations"":110,""satisfaction_fraction"":0.01818181818181818}]",high,10.0,0.5833000177517533
77.5609999999997,5939.624,1789517553.651482,3907,-0.2083326651506902,0.6568154549143966,-2.457763709745503,3.6925294084586104,-5.00937708570541,True,0.169766665,144.6,,,0.036,0.1352229118347168,1789511613.8922591,132.19107437180355,6.879132418023293,,-119.5527,-0.0,0.0,0.0031634092692397224,0.0006326818538479446,0.0031634092692397224,0.009038312197827778,low-motion,695.9426403045654,623,1094.992353602655,0,False,0,159784,142568,0.0,0.0,11.38505,9,1.15,False,"[{""service_id"":""local_1s_tight"",""label"":""Immediate motion"",""family"":""local_relative_motion"",""horizon_s"":1.0,""position_tolerance_m"":0.1,""heading_tolerance_deg"":2.0,""maximum_aoi_s"":0.6,""position_error_m"":null,""heading_error_deg"":null,""aoi_s"":0.1352229118347168,""position_margin_m"":null,""heading_margin_deg"":null,""freshness_margin_s"":null,""normalized_margin"":null,""observable"":false,""raw_pass"":false,""reason"":""GPS course unobservable at low speed"",""status"":""unobservable"",""observed_evaluations"":9,""satisfaction_fraction"":0.1111111111111111},{""service_id"":""local_5s_moderate"",""label"":""Short prediction"",""family"":""local_relative_motion"",""horizon_s"":5.0,""position_tolerance_m"":0.2,""heading_tolerance_deg"":5.0,""maximum_aoi_s"":1.0,""position_error_m"":null,""heading_error_deg"":null,""aoi_s"":0.1352229118347168,""position_margin_m"":null,""heading_margin_deg"":null,""freshness_margin_s"":null,""normalized_margin"":null,""observable"":false,""raw_pass"":false,""reason"":""GPS course unobservable at low speed"",""status"":""unobservable"",""observed_evaluations"":0,""satisfaction_fraction"":null},{""service_id"":""local_10s_preview"",""label"":""Planning support"",""family"":""local_relative_motion"",""horizon_s"":10.0,""position_tolerance_m"":0.5,""heading_tolerance_deg"":10.0,""maximum_aoi_s"":1.5,""position_error_m"":null,""heading_error_deg"":null,""aoi_s"":0.1352229118347168,""position_margin_m"":null,""heading_margin_deg"":null,""freshness_margin_s"":null,""normalized_margin"":null,""observable"":false,""raw_pass"":false,""reason"":""GPS course unobservable at low speed"",""status"":""unobservable"",""observed_evaluations"":0,""satisfaction_fraction"":null},{""service_id"":""global_state_tracking"",""label"":""Global asset tracking"",""family"":""global_synchronization"",""horizon_s"":0.0,""position_tolerance_m"":1.0,""heading_tolerance_deg"":5.0,""maximum_aoi_s"":1.0,""position_error_m"":6.879132418023293,""heading_error_deg"":null,""aoi_s"":0.1352229118347168,""position_margin_m"":-5.879132418023293,""heading_margin_deg"":null,""freshness_margin_s"":0.8647770881652832,""normalized_margin"":-5.879132418023293,""observable"":true,""raw_pass"":false,""reason"":""position tolerance"",""status"":""withdrawn"",""observed_evaluations"":111,""satisfaction_fraction"":0.018018018018018018}]",high,10.0,0.48399996012449265
78.29699999999957,5940.36,1789517554.258687,3908,-0.208447286924924,0.6567238957623601,-2.4774116669022015,3.2494613247672657,-4.638683181540388,True,0.169766665,144.6,,,0.038,0.0064280033111572266,1789511613.8922591,128.79508590685873,6.324434210359298,,-127.1019,0.00019932222411536043,-0.025160990815351197,-0.03283400655314333,-0.026695593962909624,0.007673015737792131,0.02192290210797752,low-motion,581.0599327087402,638,1091.7211319291139,0,False,0,159771,142579,0.041200089,-0.041205731,11.39326,9,1.15,False,"[{""service_id"":""local_1s_tight"",""label"":""Immediate motion"",""family"":""local_relative_motion"",""horizon_s"":1.0,""position_tolerance_m"":0.1,""heading_tolerance_deg"":2.0,""maximum_aoi_s"":0.6,""position_error_m"":null,""heading_error_deg"":null,""aoi_s"":0.0064280033111572266,""position_margin_m"":null,""heading_margin_deg"":null,""freshness_margin_s"":null,""normalized_margin"":null,""observable"":false,""raw_pass"":false,""reason"":""GPS course unobservable at low speed"",""status"":""unobservable"",""observed_evaluations"":9,""satisfaction_fraction"":0.1111111111111111},{""service_id"":""local_5s_moderate"",""label"":""Short prediction"",""family"":""local_relative_motion"",""horizon_s"":5.0,""position_tolerance_m"":0.2,""heading_tolerance_deg"":5.0,""maximum_aoi_s"":1.0,""position_error_m"":null,""heading_error_deg"":null,""aoi_s"":0.0064280033111572266,""position_margin_m"":null,""heading_margin_deg"":null,""freshness_margin_s"":null,""normalized_margin"":null,""observable"":false,""raw_pass"":false,""reason"":""GPS course unobservable at low speed"",""status"":""unobservable"",""observed_evaluations"":0,""satisfaction_fraction"":null},{""service_id"":""local_10s_preview"",""label"":""Planning support"",""family"":""local_relative_motion"",""horizon_s"":10.0,""position_tolerance_m"":0.5,""heading_tolerance_deg"":10.0,""maximum_aoi_s"":1.5,""position_error_m"":null,""heading_error_deg"":null,""aoi_s"":0.0064280033111572266,""position_margin_m"":null,""heading_margin_deg"":null,""freshness_margin_s"":null,""normalized_margin"":null,""observable"":false,""raw_pass"":false,""reason"":""GPS course unobservable at low speed"",""status"":""unobservable"",""observed_evaluations"":0,""satisfaction_fraction"":null},{""service_id"":""global_state_tracking"",""label"":""Global asset tracking"",""family"":""global_synchronization"",""horizon_s"":0.0,""position_tolerance_m"":1.0,""heading_tolerance_deg"":5.0,""maximum_aoi_s"":1.0,""position_error_m"":6.324434210359298,""heading_error_deg"":null,""aoi_s"":0.0064280033111572266,""position_margin_m"":-5.324434210359298,""heading_margin_deg"":null,""freshness_margin_s"":0.9935719966888428,""normalized_margin"":-5.324434210359298,""observable"":true,""raw_pass"":false,""reason"":""position tolerance"",""status"":""withdrawn"",""observed_evaluations"":112,""satisfaction_fraction"":0.017857142857142856}]",high,10.0,0.3233000170439482
78.8769999999995,5940.94,1789517554.9718516,3909,-0.2097939098272511,0.6559760172255601,-2.791855045085944,3.2494613247672657,-4.638683181540388,True,0.360111108,320.76,2.2556635252774715,2.4894360477581365,0.027,0.13959240913391113,1789511613.8922591,133.16456794746045,6.3245444744381745,13.394178904269266,-139.4714,0.002655796806833515,-0.5148459293044402,-0.6513350602286339,-0.542143755489279,0.13648913092419368,0.38996894549769623,low-motion,694.4353580474854,640,1096.1618737428366,0,False,0,159567,142762,0.056437631,-0.056430576,11.39326,9,1.15,True,"[{""service_id"":""local_1s_tight"",""label"":""Immediate motion"",""family"":""local_relative_motion"",""horizon_s"":1.0,""position_tolerance_m"":0.1,""heading_tolerance_deg"":2.0,""maximum_aoi_s"":0.6,""position_error_m"":null,""heading_error_deg"":null,""aoi_s"":0.13959240913391113,""position_margin_m"":null,""heading_margin_deg"":null,""freshness_margin_s"":null,""normalized_margin"":null,""observable"":false,""raw_pass"":false,""reason"":""no synchronized 1 s window"",""status"":""unobservable"",""observed_evaluations"":9,""satisfaction_fraction"":0.1111111111111111},{""service_id"":""local_5s_moderate"",""label"":""Short prediction"",""family"":""local_relative_motion"",""horizon_s"":5.0,""position_tolerance_m"":0.2,""heading_tolerance_deg"":5.0,""maximum_aoi_s"":1.0,""position_error_m"":null,""heading_error_deg"":null,""aoi_s"":0.13959240913391113,""position_margin_m"":null,""heading_margin_deg"":null,""freshness_margin_s"":null,""normalized_margin"":null,""observable"":false,""raw_pass"":false,""reason"":""no synchronized 5 s window"",""status"":""unobservable"",""observed_evaluations"":0,""satisfaction_fraction"":null},{""service_id"":""local_10s_preview"",""label"":""Planning support"",""family"":""local_relative_motion"",""horizon_s"":10.0,""position_tolerance_m"":0.5,""heading_tolerance_deg"":10.0,""maximum_aoi_s"":1.5,""position_error_m"":null,""heading_error_deg"":null,""aoi_s"":0.13959240913391113,""position_margin_m"":null,""heading_margin_deg"":null,""freshness_margin_s"":null,""normalized_margin"":null,""observable"":false,""raw_pass"":false,""reason"":""no synchronized 10 s window"",""status"":""unobservable"",""observed_evaluations"":0,""satisfaction_fraction"":null},{""service_id"":""global_state_tracking"",""label"":""Global asset tracking"",""family"":""global_synchronization"",""horizon_s"":0.0,""position_tolerance_m"":1.0,""heading_tolerance_deg"":5.0,""maximum_aoi_s"":1.0,""position_error_m"":6.3245444744381745,""heading_error_deg"":13.394178904269266,""aoi_s"":0.13959240913391113,""position_margin_m"":-5.3245444744381745,""heading_margin_deg"":-8.394178904269266,""freshness_margin_s"":0.8604075908660889,""normalized_margin"":-5.3245444744381745,""observable"":true,""raw_pass"":false,""reason"":""position tolerance, heading tolerance"",""status"":""withdrawn"",""observed_evaluations"":113,""satisfaction_fraction"":0.017699115044247787}]",high,10.0,0.5432000034488738
79.59799999999996,5941.661,1789517555.6904526,3910,-0.20671342942638748,0.6559372527133489,2.766688537803451,2.953491844392998,-4.082085727397348,True,0.380688886,325.06,2.1806143674417156,1.764794323467945,0.035,0.1371934413909912,1789511613.8922591,2.399011612396862,5.695240041713158,23.82473355664135,-157.3255,-0.004272849231518076,-0.9653072870177648,-1.164025528001968,-1.0050509352146055,0.1987182409842032,0.5677664028120092,turning,701.7216682434082,641,1068.8755455647408,0,False,0,159137,143234,0.112818839,-0.11283294,11.39326,9,1.15,True,"[{""service_id"":""local_1s_tight"",""label"":""Immediate motion"",""family"":""local_relative_motion"",""horizon_s"":1.0,""position_tolerance_m"":0.1,""heading_tolerance_deg"":2.0,""maximum_aoi_s"":0.6,""position_error_m"":0.632465837706558,""heading_error_deg"":37.218912460910616,""aoi_s"":0.1371934413909912,""position_margin_m"":-0.532465837706558,""heading_margin_deg"":-35.218912460910616,""freshness_margin_s"":0.46280655860900877,""normalized_margin"":-17.609456230455308,""observable"":true,""raw_pass"":false,""reason"":""position tolerance, heading tolerance"",""status"":""withdrawn"",""observed_evaluations"":10,""satisfaction_fraction"":0.1},{""service_id"":""local_5s_moderate"",""label"":""Short prediction"",""family"":""local_relative_motion"",""horizon_s"":5.0,""position_tolerance_m"":0.2,""heading_tolerance_deg"":5.0,""maximum_aoi_s"":1.0,""position_error_m"":null,""heading_error_deg"":null,""aoi_s"":0.1371934413909912,""position_margin_m"":null,""heading_margin_deg"":null,""freshness_margin_s"":null,""normalized_margin"":null,""observable"":false,""raw_pass"":false,""reason"":""no synchronized 5 s window"",""status"":""unobservable"",""observed_evaluations"":0,""satisfaction_fraction"":null},{""service_id"":""local_10s_preview"",""label"":""Planning support"",""family"":""local_relative_motion"",""horizon_s"":10.0,""position_tolerance_m"":0.5,""heading_tolerance_deg"":10.0,""maximum_aoi_s"":1.5,""position_error_m"":null,""heading_error_deg"":null,""aoi_s"":0.1371934413909912,""position_margin_m"":null,""heading_margin_deg"":null,""freshness_margin_s"":null,""normalized_margin"":null,""observable"":false,""raw_pass"":false,""reason"":""no synchronized 10 s window"",""status"":""unobservable"",""observed_evaluations"":0,""satisfaction_fraction"":null},{""service_id"":""global_state_tracking"",""label"":""Global asset tracking"",""family"":""global_synchronization"",""horizon_s"":0.0,""position_tolerance_m"":1.0,""heading_tolerance_deg"":5.0,""maximum_aoi_s"":1.0,""position_error_m"":5.695240041713158,""heading_error_deg"":23.82473355664135,""aoi_s"":0.1371934413909912,""position_margin_m"":-4.695240041713158,""heading_margin_deg"":-18.82473355664135,""freshness_margin_s"":0.8628065586090088,""normalized_margin"":-4.695240041713158,""observable"":true,""raw_pass"":false,""reason"":""position tolerance, heading tolerance"",""status"":""withdrawn"",""observed_evaluations"":114,""satisfaction_fraction"":0.017543859649122806}]",high,10.0,0.5180999869480729
80.34000000000015,5942.403,1789517556.297326,3911,-0.2075108758198902,0.656798320616768,1.8690169547821984,2.658408500888788,-3.896182178210304,True,0.262366664,325.06,,,0.057,0.0020668506622314453,1789511613.8922591,135.12648773212277,5.37988153182706,,-177.6469,0.0015816836328716262,-1.1958817737030685,-1.2654727907741385,-1.2097999771172825,0.06959101707107007,0.1988314773459145,turning,578.1447887420654,637,1098.371852061025,0,False,0,158554,143801,0.12913408,-0.12913408,11.39326,9,1.15,False,"[{""service_id"":""local_1s_tight"",""label"":""Immediate motion"",""family"":""local_relative_motion"",""horizon_s"":1.0,""position_tolerance_m"":0.1,""heading_tolerance_deg"":2.0,""maximum_aoi_s"":0.6,""position_error_m"":null,""heading_error_deg"":null,""aoi_s"":0.0020668506622314453,""position_margin_m"":null,""heading_margin_deg"":null,""freshness_margin_s"":null,""normalized_margin"":null,""observable"":false,""raw_pass"":false,""reason"":""GPS course unobservable at low speed"",""status"":""unobservable"",""observed_evaluations"":10,""satisfaction_fraction"":0.1},{""service_id"":""local_5s_moderate"",""label"":""Short prediction"",""family"":""local_relative_motion"",""horizon_s"":5.0,""position_tolerance_m"":0.2,""heading_tolerance_deg"":5.0,""maximum_aoi_s"":1.0,""position_error_m"":null,""heading_error_deg"":null,""aoi_s"":0.0020668506622314453,""position_margin_m"":null,""heading_margin_deg"":null,""freshness_margin_s"":null,""normalized_margin"":null,""observable"":false,""raw_pass"":false,""reason"":""GPS course unobservable at low speed"",""status"":""unobservable"",""observed_evaluations"":0,""satisfaction_fraction"":null},{""service_id"":""local_10s_preview"",""label"":""Planning support"",""family"":""local_relative_motion"",""horizon_s"":10.0,""position_tolerance_m"":0.5,""heading_tolerance_deg"":10.0,""maximum_aoi_s"":1.5,""position_error_m"":null,""heading_error_deg"":null,""aoi_s"":0.0020668506622314453,""position_margin_m"":null,""heading_margin_deg"":null,""freshness_margin_s"":null,""normalized_margin"":null,""observable"":false,""raw_pass"":false,""reason"":""GPS course unobservable at low speed"",""status"":""unobservable"",""observed_evaluations"":0,""satisfaction_fraction"":null},{""service_id"":""global_state_tracking"",""label"":""Global asset tracking"",""family"":""global_synchronization"",""horizon_s"":0.0,""position_tolerance_m"":1.0,""heading_tolerance_deg"":5.0,""maximum_aoi_s"":1.0,""position_error_m"":5.37988153182706,""heading_error_deg"":null,""aoi_s"":0.0020668506622314453,""position_margin_m"":-4.37988153182706,""heading_margin_deg"":null,""freshness_margin_s"":0.9979331493377686,""normalized_margin"":-4.37988153182706,""observable"":true,""raw_pass"":false,""reason"":""position tolerance"",""status"":""withdrawn"",""observed_evaluations"":115,""satisfaction_fraction"":0.017391304347826087}]",high,10.0,0.31650002347305417
80.92799999999988,5942.991,1789517557.0220795,3912,-0.20754933569535383,0.656359900837298,1.0975759628742914,2.658408500888788,-3.896182178210304,True,0.262366664,325.06,,,0.646,0.13882040977478027,1789511613.8922591,136.75337982203928,5.379530992807562,,162.5521,-0.000748475290555843,-1.3358717436525995,-1.216385405561798,-1.3119744760344394,0.11948633809080156,0.34138953740229017,turning,691.4806365966797,639,1071.6519853207408,0,False,0,158048,144313,0.112776558,-0.112593708,11.39326,9,1.15,False,"[{""service_id"":""local_1s_tight"",""label"":""Immediate motion"",""family"":""local_relative_motion"",""horizon_s"":1.0,""position_tolerance_m"":0.1,""heading_tolerance_deg"":2.0,""maximum_aoi_s"":0.6,""position_error_m"":null,""heading_error_deg"":null,""aoi_s"":0.13882040977478027,""position_margin_m"":null,""heading_margin_deg"":null,""freshness_margin_s"":null,""normalized_margin"":null,""observable"":false,""raw_pass"":false,""reason"":""GPS course unobservable at low speed"",""status"":""unobservable"",""observed_evaluations"":10,""satisfaction_fraction"":0.1},{""service_id"":""local_5s_moderate"",""label"":""Short prediction"",""family"":""local_relative_motion"",""horizon_s"":5.0,""position_tolerance_m"":0.2,""heading_tolerance_deg"":5.0,""maximum_aoi_s"":1.0,""position_error_m"":null,""heading_error_deg"":null,""aoi_s"":0.13882040977478027,""position_margin_m"":null,""heading_margin_deg"":null,""freshness_margin_s"":null,""normalized_margin"":null,""observable"":false,""raw_pass"":false,""reason"":""GPS course unobservable at low speed"",""status"":""unobservable"",""observed_evaluations"":0,""satisfaction_fraction"":null},{""service_id"":""local_10s_preview"",""label"":""Planning support"",""family"":""local_relative_motion"",""horizon_s"":10.0,""position_tolerance_m"":0.5,""heading_tolerance_deg"":10.0,""maximum_aoi_s"":1.5,""position_error_m"":null,""heading_error_deg"":null,""aoi_s"":0.13882040977478027,""position_margin_m"":null,""heading_margin_deg"":null,""freshness_margin_s"":null,""normalized_margin"":null,""observable"":false,""raw_pass"":false,""reason"":""GPS course unobservable at low speed"",""status"":""unobservable"",""observed_evaluations"":0,""satisfaction_fraction"":null},{""service_id"":""global_state_tracking"",""label"":""Global asset tracking"",""family"":""global_synchronization"",""horizon_s"":0.0,""position_tolerance_m"":1.0,""heading_tolerance_deg"":5.0,""maximum_aoi_s"":1.0,""position_error_m"":5.379530992807562,""heading_error_deg"":null,""aoi_s"":0.13882040977478027,""position_margin_m"":-4.379530992807562,""heading_margin_deg"":null,""freshness_margin_s"":0.8611795902252197,""normalized_margin"":-4.379530992807562,""observable"":true,""raw_pass"":false,""reason"":""position tolerance"",""status"":""withdrawn"",""observed_evaluations"":116,""satisfaction_fraction"":0.017241379310344827}]",high,10.0,0.37379999412223697
81.64099999999962,5943.704,1789517557.7374701,3913,-0.2067574399701858,0.6573231297759379,0.667841374551625,2.510423760701654,-3.896182178210304,True,0.097744444,325.06,,,0.027,0.14121103286743164,1789511613.8922591,2.390682220720919,5.3025922214652095,,161.0859,0.0017488917728835068,-0.6309186084022655,-0.4898921044191584,-0.6027133076056441,0.14102650398310712,0.40293286852316323,turning,699.2931365966797,644,1058.2331842276285,0,False,0,157748,144596,0.056437631,-0.037620384,11.39326,8,1.27,False,"[{""service_id"":""local_1s_tight"",""label"":""Immediate motion"",""family"":""local_relative_motion"",""horizon_s"":1.0,""position_tolerance_m"":0.1,""heading_tolerance_deg"":2.0,""maximum_aoi_s"":0.6,""position_error_m"":null,""heading_error_deg"":null,""aoi_s"":0.14121103286743164,""position_margin_m"":null,""heading_margin_deg"":null,""freshness_margin_s"":null,""normalized_margin"":null,""observable"":false,""raw_pass"":false,""reason"":""GPS course unobservable at low speed"",""status"":""unobservable"",""observed_evaluations"":10,""satisfaction_fraction"":0.1},{""service_id"":""local_5s_moderate"",""label"":""Short prediction"",""family"":""local_relative_motion"",""horizon_s"":5.0,""position_tolerance_m"":0.2,""heading_tolerance_deg"":5.0,""maximum_aoi_s"":1.0,""position_error_m"":null,""heading_error_deg"":null,""aoi_s"":0.14121103286743164,""position_margin_m"":null,""heading_margin_deg"":null,""freshness_margin_s"":null,""normalized_margin"":null,""observable"":false,""raw_pass"":false,""reason"":""GPS course unobservable at low speed"",""status"":""unobservable"",""observed_evaluations"":0,""satisfaction_fraction"":null},{""service_id"":""local_10s_preview"",""label"":""Planning support"",""family"":""local_relative_motion"",""horizon_s"":10.0,""position_tolerance_m"":0.5,""heading_tolerance_deg"":10.0,""maximum_aoi_s"":1.5,""position_error_m"":null,""heading_error_deg"":null,""aoi_s"":0.14121103286743164,""position_margin_m"":null,""heading_margin_deg"":null,""freshness_margin_s"":null,""normalized_margin"":null,""observable"":false,""raw_pass"":false,""reason"":""GPS course unobservable at low speed"",""status"":""unobservable"",""observed_evaluations"":0,""satisfaction_fraction"":null},{""service_id"":""global_state_tracking"",""label"":""Global asset tracking"",""family"":""global_synchronization"",""horizon_s"":0.0,""position_tolerance_m"":1.0,""heading_tolerance_deg"":5.0,""maximum_aoi_s"":1.0,""position_error_m"":5.3025922214652095,""heading_error_deg"":null,""aoi_s"":0.14121103286743164,""position_margin_m"":-4.3025922214652095,""heading_margin_deg"":null,""freshness_margin_s"":0.8587889671325684,""normalized_margin"":-4.3025922214652095,""observable"":true,""raw_pass"":false,""reason"":""position tolerance"",""status"":""withdrawn"",""observed_evaluations"":117,""satisfaction_fraction"":0.017094017094017096}]",high,10.0,0.32709998777136207
82.36700000000019,5944.43,1789517558.3238616,3914,-0.20459766011044164,0.658711015749838,0.4744771386497102,2.510423760701654,-3.7113918232323253,True,0.061733333,325.06,,,0.041,0.0016024112701416016,1789511613.8922591,139.60855102595815,5.14481682266225,,163.1537,0.0035361849126768633,-0.30290228612391273,-0.1201004691528598,-0.26634192272970214,0.18280181697105294,0.5222909056315799,low-motion,569.486141204834,633,1090.450809240827,0,False,0,157588,144721,0.0,-0.021357378,11.39326,9,1.15,False,"[{""service_id"":""local_1s_tight"",""label"":""Immediate motion"",""family"":""local_relative_motion"",""horizon_s"":1.0,""position_tolerance_m"":0.1,""heading_tolerance_deg"":2.0,""maximum_aoi_s"":0.6,""position_error_m"":null,""heading_error_deg"":null,""aoi_s"":0.0016024112701416016,""position_margin_m"":null,""heading_margin_deg"":null,""freshness_margin_s"":null,""normalized_margin"":null,""observable"":false,""raw_pass"":false,""reason"":""GPS course unobservable at low speed"",""status"":""unobservable"",""observed_evaluations"":10,""satisfaction_fraction"":0.1},{""service_id"":""local_5s_moderate"",""label"":""Short prediction"",""family"":""local_relative_motion"",""horizon_s"":5.0,""position_tolerance_m"":0.2,""heading_tolerance_deg"":5.0,""maximum_aoi_s"":1.0,""position_error_m"":null,""heading_error_deg"":null,""aoi_s"":0.0016024112701416016,""position_margin_m"":null,""heading_margin_deg"":null,""freshness_margin_s"":null,""normalized_margin"":null,""observable"":false,""raw_pass"":false,""reason"":""GPS course unobservable at low speed"",""status"":""unobservable"",""observed_evaluations"":0,""satisfaction_fraction"":null},{""service_id"":""local_10s_preview"",""label"":""Planning support"",""family"":""local_relative_motion"",""horizon_s"":10.0,""position_tolerance_m"":0.5,""heading_tolerance_deg"":10.0,""maximum_aoi_s"":1.5,""position_error_m"":null,""heading_error_deg"":null,""aoi_s"":0.0016024112701416016,""position_margin_m"":null,""heading_margin_deg"":null,""freshness_margin_s"":null,""normalized_margin"":null,""observable"":false,""raw_pass"":false,""reason"":""GPS course unobservable at low speed"",""status"":""unobservable"",""observed_evaluations"":0,""satisfaction_fraction"":null},{""service_id"":""global_state_tracking"",""label"":""Global asset tracking"",""family"":""global_synchronization"",""horizon_s"":0.0,""position_tolerance_m"":1.0,""heading_tolerance_deg"":5.0,""maximum_aoi_s"":1.0,""position_error_m"":5.14481682266225,""heading_error_deg"":null,""aoi_s"":0.0016024112701416016,""position_margin_m"":-4.14481682266225,""heading_margin_deg"":null,""freshness_margin_s"":0.9983975887298584,""normalized_margin"":-4.14481682266225,""observable"":true,""raw_pass"":false,""reason"":""position tolerance"",""status"":""withdrawn"",""observed_evaluations"":118,""satisfaction_fraction"":0.01694915254237288}]",high,10.0,0.36589999217540026
82.95100000000002,5945.014,1789517559.044169,3915,-0.20822576001849788,0.6569468386530501,0.4307033384138719,2.510423760701654,-3.7113918232323253,True,0.061733333,325.06,,,0.626,0.1379098892211914,1789511613.8922591,136.30735015885875,5.145234482648426,,167.4893,-0.006908016808382484,-0.07266815840507544,-0.08410305333047675,-0.07495513739015572,0.011434894925401312,0.03267112835828947,low-motion,697.4704265594482,635,1067.1861423653504,0,False,0,157588,144776,0.0,-0.018796093,11.39326,9,1.15,False,"[{""service_id"":""local_1s_tight"",""label"":""Immediate motion"",""family"":""local_relative_motion"",""horizon_s"":1.0,""position_tolerance_m"":0.1,""heading_tolerance_deg"":2.0,""maximum_aoi_s"":0.6,""position_error_m"":null,""heading_error_deg"":null,""aoi_s"":0.1379098892211914,""position_margin_m"":null,""heading_margin_deg"":null,""freshness_margin_s"":null,""normalized_margin"":null,""observable"":false,""raw_pass"":false,""reason"":""GPS course unobservable at low speed"",""status"":""unobservable"",""observed_evaluations"":10,""satisfaction_fraction"":0.1},{""service_id"":""local_5s_moderate"",""label"":""Short prediction"",""family"":""local_relative_motion"",""horizon_s"":5.0,""position_tolerance_m"":0.2,""heading_tolerance_deg"":5.0,""maximum_aoi_s"":1.0,""position_error_m"":null,""heading_error_deg"":null,""aoi_s"":0.1379098892211914,""position_margin_m"":null,""heading_margin_deg"":null,""freshness_margin_s"":null,""normalized_margin"":null,""observable"":false,""raw_pass"":false,""reason"":""GPS course unobservable at low speed"",""status"":""unobservable"",""observed_evaluations"":0,""satisfaction_fraction"":null},{""service_id"":""local_10s_preview"",""label"":""Planning support"",""family"":""local_relative_motion"",""horizon_s"":10.0,""position_tolerance_m"":0.5,""heading_tolerance_deg"":10.0,""maximum_aoi_s"":1.5,""position_error_m"":null,""heading_error_deg"":null,""aoi_s"":0.1379098892211914,""position_margin_m"":null,""heading_margin_deg"":null,""freshness_margin_s"":null,""normalized_margin"":null,""observable"":false,""raw_pass"":false,""reason"":""GPS course unobservable at low speed"",""status"":""unobservable"",""observed_evaluations"":0,""satisfaction_fraction"":null},{""service_id"":""global_state_tracking"",""label"":""Global asset tracking"",""family"":""global_synchronization"",""horizon_s"":0.0,""position_tolerance_m"":1.0,""heading_tolerance_deg"":5.0,""maximum_aoi_s"":1.0,""position_error_m"":5.145234482648426,""heading_error_deg"":null,""aoi_s"":0.1379098892211914,""position_margin_m"":-4.145234482648426,""heading_margin_deg"":null,""freshness_margin_s"":0.8620901107788086,""normalized_margin"":-4.145234482648426,""observable"":true,""raw_pass"":false,""reason"":""position tolerance"",""status"":""withdrawn"",""observed_evaluations"":119,""satisfaction_fraction"":0.01680672268907563}]",high,10.0,0.4368999507278204
83.66600000000017,5945.729,1789517559.7573743,3916,-0.20929429410579814,0.656461458813042,0.422059122354141,2.215340417197444,-3.3395847240672643,True,0.200633332,325.06,,,0.027,0.13611507415771484,1789511613.8922591,1.7946624757314567,4.6741029705141095,,171.4502,-0.0016414115462808465,-0.01726665663411804,0.008617563181722002,-0.012089812670950034,0.02588421981584004,0.07395491375954298,low-motion,696.277379989624,617,1062.7888152498685,0,False,0,157588,144792,0.0,0.0,11.39326,9,1.15,False,"[{""service_id"":""local_1s_tight"",""label"":""Immediate motion"",""family"":""local_relative_motion"",""horizon_s"":1.0,""position_tolerance_m"":0.1,""heading_tolerance_deg"":2.0,""maximum_aoi_s"":0.6,""position_error_m"":null,""heading_error_deg"":null,""aoi_s"":0.13611507415771484,""position_margin_m"":null,""heading_margin_deg"":null,""freshness_margin_s"":null,""normalized_margin"":null,""observable"":false,""raw_pass"":false,""reason"":""GPS course unobservable at low speed"",""status"":""unobservable"",""observed_evaluations"":10,""satisfaction_fraction"":0.1},{""service_id"":""local_5s_moderate"",""label"":""Short prediction"",""family"":""local_relative_motion"",""horizon_s"":5.0,""position_tolerance_m"":0.2,""heading_tolerance_deg"":5.0,""maximum_aoi_s"":1.0,""position_error_m"":null,""heading_error_deg"":null,""aoi_s"":0.13611507415771484,""position_margin_m"":null,""heading_margin_deg"":null,""freshness_margin_s"":null,""normalized_margin"":null,""observable"":false,""raw_pass"":false,""reason"":""GPS course unobservable at low speed"",""status"":""unobservable"",""observed_evaluations"":0,""satisfaction_fraction"":null},{""service_id"":""local_10s_preview"",""label"":""Planning support"",""family"":""local_relative_motion"",""horizon_s"":10.0,""position_tolerance_m"":0.5,""heading_tolerance_deg"":10.0,""maximum_aoi_s"":1.5,""position_error_m"":null,""heading_error_deg"":null,""aoi_s"":0.13611507415771484,""position_margin_m"":null,""heading_margin_deg"":null,""freshness_margin_s"":null,""normalized_margin"":null,""observable"":false,""raw_pass"":false,""reason"":""GPS course unobservable at low speed"",""status"":""unobservable"",""observed_evaluations"":0,""satisfaction_fraction"":null},{""service_id"":""global_state_tracking"",""label"":""Global asset tracking"",""family"":""global_synchronization"",""horizon_s"":0.0,""position_tolerance_m"":1.0,""heading_tolerance_deg"":5.0,""maximum_aoi_s"":1.0,""position_error_m"":4.6741029705141095,""heading_error_deg"":null,""aoi_s"":0.13611507415771484,""position_margin_m"":-3.6741029705141095,""heading_margin_deg"":null,""freshness_margin_s"":0.8638849258422852,""normalized_margin"":-3.6741029705141095,""observable"":true,""raw_pass"":false,""reason"":""position tolerance"",""status"":""withdrawn"",""observed_evaluations"":120,""satisfaction_fraction"":0.016666666666666666}]",high,10.0,0.4236000240780413
84.39900000000034,5946.462,1789517560.3592966,3917,-0.20929429410579814,0.656461458813042,0.42284270973843974,2.510423760701654,-3.3395847240672643,True,0.108033332,325.06,,,0.048,0.005037546157836914,1789511613.8922591,131.07772636431037,4.833761619417935,,179.0287,-0.0,0.0,0.005345070834232635,0.001069014166846527,0.005345070834232635,0.015271630954950386,low-motion,578.916072845459,624,1085.9219148720715,0,False,0,157588,144792,0.0,0.0,11.39326,10,0.98,False,"[{""service_id"":""local_1s_tight"",""label"":""Immediate motion"",""family"":""local_relative_motion"",""horizon_s"":1.0,""position_tolerance_m"":0.1,""heading_tolerance_deg"":2.0,""maximum_aoi_s"":0.6,""position_error_m"":null,""heading_error_deg"":null,""aoi_s"":0.005037546157836914,""position_margin_m"":null,""heading_margin_deg"":null,""freshness_margin_s"":null,""normalized_margin"":null,""observable"":false,""raw_pass"":false,""reason"":""GPS course unobservable at low speed"",""status"":""unobservable"",""observed_evaluations"":10,""satisfaction_fraction"":0.1},{""service_id"":""local_5s_moderate"",""label"":""Short prediction"",""family"":""local_relative_motion"",""horizon_s"":5.0,""position_tolerance_m"":0.2,""heading_tolerance_deg"":5.0,""maximum_aoi_s"":1.0,""position_error_m"":null,""heading_error_deg"":null,""aoi_s"":0.005037546157836914,""position_margin_m"":null,""heading_margin_deg"":null,""freshness_margin_s"":null,""normalized_margin"":null,""observable"":false,""raw_pass"":false,""reason"":""GPS course unobservable at low speed"",""status"":""unobservable"",""observed_evaluations"":0,""satisfaction_fraction"":null},{""service_id"":""local_10s_preview"",""label"":""Planning support"",""family"":""local_relative_motion"",""horizon_s"":10.0,""position_tolerance_m"":0.5,""heading_tolerance_deg"":10.0,""maximum_aoi_s"":1.5,""position_error_m"":null,""heading_error_deg"":null,""aoi_s"":0.005037546157836914,""position_margin_m"":null,""heading_margin_deg"":null,""freshness_margin_s"":null,""normalized_margin"":null,""observable"":false,""raw_pass"":false,""reason"":""GPS course unobservable at low speed"",""status"":""unobservable"",""observed_evaluations"":0,""satisfaction_fraction"":null},{""service_id"":""global_state_tracking"",""label"":""Global asset tracking"",""family"":""global_synchronization"",""horizon_s"":0.0,""position_tolerance_m"":1.0,""heading_tolerance_deg"":5.0,""maximum_aoi_s"":1.0,""position_error_m"":4.833761619417935,""heading_error_deg"":null,""aoi_s"":0.005037546157836914,""position_margin_m"":-3.8337616194179347,""heading_margin_deg"":null,""freshness_margin_s"":0.9949624538421631,""normalized_margin"":-3.8337616194179347,""observable"":true,""raw_pass"":false,""reason"":""position tolerance"",""status"":""withdrawn"",""observed_evaluations"":121,""satisfaction_fraction"":0.01652892561983471}]",high,10.0,0.4813999985344708
84.98700000000008,5947.05,1789517561.0775354,3918,-0.20929429410579814,0.656461458813042,0.42295816326845914,2.510423760701654,-3.3395847240672643,True,0.108033332,325.06,,,0.636,0.13527631759643555,1789511613.8922591,130.23883056666818,4.833761619417935,,-173.6689,-0.0,0.0,0.0009817477042468104,0.0001963495408493621,0.0009817477042468104,0.002804993440705173,low-motion,696.8777179718018,622,1056.6482929802619,0,False,0,157588,144792,0.0,0.0,11.39326,10,0.98,False,"[{""service_id"":""local_1s_tight"",""label"":""Immediate motion"",""family"":""local_relative_motion"",""horizon_s"":1.0,""position_tolerance_m"":0.1,""heading_tolerance_deg"":2.0,""maximum_aoi_s"":0.6,""position_error_m"":null,""heading_error_deg"":null,""aoi_s"":0.13527631759643555,""position_margin_m"":null,""heading_margin_deg"":null,""freshness_margin_s"":null,""normalized_margin"":null,""observable"":false,""raw_pass"":false,""reason"":""GPS course unobservable at low speed"",""status"":""unobservable"",""observed_evaluations"":10,""satisfaction_fraction"":0.1},{""service_id"":""local_5s_moderate"",""label"":""Short prediction"",""family"":""local_relative_motion"",""horizon_s"":5.0,""position_tolerance_m"":0.2,""heading_tolerance_deg"":5.0,""maximum_aoi_s"":1.0,""position_error_m"":null,""heading_error_deg"":null,""aoi_s"":0.13527631759643555,""position_margin_m"":null,""heading_margin_deg"":null,""freshness_margin_s"":null,""normalized_margin"":null,""observable"":false,""raw_pass"":false,""reason"":""GPS course unobservable at low speed"",""status"":""unobservable"",""observed_evaluations"":0,""satisfaction_fraction"":null},{""service_id"":""local_10s_preview"",""label"":""Planning support"",""family"":""local_relative_motion"",""horizon_s"":10.0,""position_tolerance_m"":0.5,""heading_tolerance_deg"":10.0,""maximum_aoi_s"":1.5,""position_error_m"":null,""heading_error_deg"":null,""aoi_s"":0.13527631759643555,""position_margin_m"":null,""heading_margin_deg"":null,""freshness_margin_s"":null,""normalized_margin"":null,""observable"":false,""raw_pass"":false,""reason"":""GPS course unobservable at low speed"",""status"":""unobservable"",""observed_evaluations"":0,""satisfaction_fraction"":null},{""service_id"":""global_state_tracking"",""label"":""Global asset tracking"",""family"":""global_synchronization"",""horizon_s"":0.0,""position_tolerance_m"":1.0,""heading_tolerance_deg"":5.0,""maximum_aoi_s"":1.0,""position_error_m"":4.833761619417935,""heading_error_deg"":null,""aoi_s"":0.13527631759643555,""position_margin_m"":-3.8337616194179347,""heading_margin_deg"":null,""freshness_margin_s"":0.8647236824035645,""normalized_margin"":-3.8337616194179347,""observable"":true,""raw_pass"":false,""reason"":""position tolerance"",""status"":""withdrawn"",""observed_evaluations"":122,""satisfaction_fraction"":0.01639344262295082}]",high,10.0,0.32410002313554287
85.70799999999963,5947.771,1789517561.6677454,3919,-0.20929429410579814,0.656461458813042,0.4235716246839192,2.510423760701654,-2.968890819902242,True,0.113177777,325.06,,,0.035,0.0044863224029541016,1789511613.8922591,130.7900390620489,4.532112690835449,,-167.1699,-0.0,0.0,0.004254240051736178,0.0008508480103472356,0.004254240051736178,0.012154971576389081,low-motion,564.6994113922119,620,1083.590625257405,0,False,0,157588,144792,0.0,0.0,11.39326,11,0.94,False,"[{""service_id"":""local_1s_tight"",""label"":""Immediate motion"",""family"":""local_relative_motion"",""horizon_s"":1.0,""position_tolerance_m"":0.1,""heading_tolerance_deg"":2.0,""maximum_aoi_s"":0.6,""position_error_m"":null,""heading_error_deg"":null,""aoi_s"":0.0044863224029541016,""position_margin_m"":null,""heading_margin_deg"":null,""freshness_margin_s"":null,""normalized_margin"":null,""observable"":false,""raw_pass"":false,""reason"":""GPS course unobservable at low speed"",""status"":""unobservable"",""observed_evaluations"":10,""satisfaction_fraction"":0.1},{""service_id"":""local_5s_moderate"",""label"":""Short prediction"",""family"":""local_relative_motion"",""horizon_s"":5.0,""position_tolerance_m"":0.2,""heading_tolerance_deg"":5.0,""maximum_aoi_s"":1.0,""position_error_m"":null,""heading_error_deg"":null,""aoi_s"":0.0044863224029541016,""position_margin_m"":null,""heading_margin_deg"":null,""freshness_margin_s"":null,""normalized_margin"":null,""observable"":false,""raw_pass"":false,""reason"":""GPS course unobservable at low speed"",""status"":""unobservable"",""observed_evaluations"":0,""satisfaction_fraction"":null},{""service_id"":""local_10s_preview"",""label"":""Planning support"",""family"":""local_relative_motion"",""horizon_s"":10.0,""position_tolerance_m"":0.5,""heading_tolerance_deg"":10.0,""maximum_aoi_s"":1.5,""position_error_m"":null,""heading_error_deg"":null,""aoi_s"":0.0044863224029541016,""position_margin_m"":null,""heading_margin_deg"":null,""freshness_margin_s"":null,""normalized_margin"":null,""observable"":false,""raw_pass"":false,""reason"":""GPS course unobservable at low speed"",""status"":""unobservable"",""observed_evaluations"":0,""satisfaction_fraction"":null},{""service_id"":""global_state_tracking"",""label"":""Global asset tracking"",""family"":""global_synchronization"",""horizon_s"":0.0,""position_tolerance_m"":1.0,""heading_tolerance_deg"":5.0,""maximum_aoi_s"":1.0,""position_error_m"":4.532112690835449,""heading_error_deg"":null,""aoi_s"":0.0044863224029541016,""position_margin_m"":-3.532112690835449,""heading_margin_deg"":null,""freshness_margin_s"":0.9955136775970459,""normalized_margin"":-3.532112690835449,""observable"":true,""raw_pass"":false,""reason"":""position tolerance"",""status"":""withdrawn"",""observed_evaluations"":123,""satisfaction_fraction"":0.016260162601626018}]",high,10.0,0.2502999850548804
86.30199999999968,5948.365,1789517562.392054,3920,-0.20929429410579814,0.656461458813042,0.4230403028263807,2.510423760701654,-2.782987269924225,True,0.102888888,325.06,,,0.043,0.1347949504852295,1789511613.8922591,130.308729171702,4.3848231270209785,,-159.1377,-0.0,0.0,-0.004472406208235469,-0.0008944812416470937,0.004472406208235469,0.01277830345210134,low-motion,695.7595348358154,624,1078.291867637432,0,False,0,157588,144792,0.0,0.0,11.39326,11,0.94,False,"[{""service_id"":""local_1s_tight"",""label"":""Immediate motion"",""family"":""local_relative_motion"",""horizon_s"":1.0,""position_tolerance_m"":0.1,""heading_tolerance_deg"":2.0,""maximum_aoi_s"":0.6,""position_error_m"":null,""heading_error_deg"":null,""aoi_s"":0.1347949504852295,""position_margin_m"":null,""heading_margin_deg"":null,""freshness_margin_s"":null,""normalized_margin"":null,""observable"":false,""raw_pass"":false,""reason"":""GPS course unobservable at low speed"",""status"":""unobservable"",""observed_evaluations"":10,""satisfaction_fraction"":0.1},{""service_id"":""local_5s_moderate"",""label"":""Short prediction"",""family"":""local_relative_motion"",""horizon_s"":5.0,""position_tolerance_m"":0.2,""heading_tolerance_deg"":5.0,""maximum_aoi_s"":1.0,""position_error_m"":null,""heading_error_deg"":null,""aoi_s"":0.1347949504852295,""position_margin_m"":null,""heading_margin_deg"":null,""freshness_margin_s"":null,""normalized_margin"":null,""observable"":false,""raw_pass"":false,""reason"":""GPS course unobservable at low speed"",""status"":""unobservable"",""observed_evaluations"":0,""satisfaction_fraction"":null},{""service_id"":""local_10s_preview"",""label"":""Planning support"",""family"":""local_relative_motion"",""horizon_s"":10.0,""position_tolerance_m"":0.5,""heading_tolerance_deg"":10.0,""maximum_aoi_s"":1.5,""position_error_m"":null,""heading_error_deg"":null,""aoi_s"":0.1347949504852295,""position_margin_m"":null,""heading_margin_deg"":null,""freshness_margin_s"":null,""normalized_margin"":null,""observable"":false,""raw_pass"":false,""reason"":""GPS course unobservable at low speed"",""status"":""unobservable"",""observed_evaluations"":0,""satisfaction_fraction"":null},{""service_id"":""global_state_tracking"",""label"":""Global asset tracking"",""family"":""global_synchronization"",""horizon_s"":0.0,""position_tolerance_m"":1.0,""heading_tolerance_deg"":5.0,""maximum_aoi_s"":1.0,""position_error_m"":4.3848231270209785,""heading_error_deg"":null,""aoi_s"":0.1347949504852295,""position_margin_m"":-3.3848231270209785,""heading_margin_deg"":null,""freshness_margin_s"":0.8652050495147705,""normalized_margin"":-3.3848231270209785,""observable"":true,""raw_pass"":false,""reason"":""position tolerance"",""status"":""withdrawn"",""observed_evaluations"":124,""satisfaction_fraction"":0.016129032258064516}]",high,10.0,0.4936999757774174
