sample_idx,cycle_ok,error,run_id,route,surface,surface_profile,speed_label,network_condition,trial_id,attack_type,square_side_length_m,square_repeats,square_turn_profile,square_turn_left_cmd,square_turn_right_cmd,square_turn_seconds,square_turn_schedule_s,square_straight_left_cmd,square_straight_right_cmd,t_wall_unix_s,t_cycle_start_ns,t_edge_send_ns,t_edge_rx_ns,t_edge_mid_ns,http_latency_ms,rover_millis_s,source_sample_time_s,edge_arrival_time_s,estimate_time_s,alarm_time_s,clock_offset_s,clock_calibrated,clock_calibration_samples,packet_loss_count,request_failure_count,sequence_gap_count,stale_packet,queue_depth,T,seq,sample_ms,send_ms,millis,L,R,enc_left,enc_right,v,r,p,y,ax,ay,az,gx,gy,gz,mx,my,mz,temp,gps_valid,gps_age_ms,gps_fix_type,lat,lon,sat,hdop,alt_m,speed_mps,course_deg,gps_chars,gps_sentences,gps_failed_checksums
0,True,,speed-low_surface-rough_permeable_concrete_latency-wifi_baseline_route-square0p5x3_attack-none_trial-3,square0p5x3,rough_permeable_concrete,rough,low,wifi_baseline,3,none,0.5,3,rough,0.064,-0.064,1.65,2.1;2.1;2.1;2.1,-0.14,-0.14,1784561242.929541,422487125000000,422487125000000,422488453000000,422487789000000,1328.0,2473.092,2473.092,422488.453,422488.453,,420014.697,False,1,0,0,0,False,0,1007,1036,2473092,2473093,2473092,0,0,272754,435584,11.40526,-0.255616,0.508405,-163.1272,-11.14258,-5.947266,980.1074,-0.785,-0.04875,0.16125,21,-6,-48,52.77778,True,251,3,37.24857317,-80.41747817,12,0.83,,,,1509363,4046,968
1,True,,speed-low_surface-rough_permeable_concrete_latency-wifi_baseline_route-square0p5x3_attack-none_trial-3,square0p5x3,rough_permeable_concrete,rough,low,wifi_baseline,3,none,0.5,3,rough,0.064,-0.064,1.65,2.1;2.1;2.1;2.1,-0.14,-0.14,1784561244.6625185,422488859000000,422488859000000,422489562000000,422489210500000,703.0,2474.236,2474.236,422489.562,422489.562,,420014.83574999997,False,2,0,0,0,False,0,1007,1037,2474236,2474237,2474236,0,0,272754,435584,11.40526,-0.775747,0.380986,-163.8596,-6.259766,-6.923828,980.1074,-0.41,-1.73625,-0.08875,19,-4,-47,52.77778,True,337,3,37.24857333,-80.4174775,12,0.83,,,,1510049,4048,968
2,True,,speed-low_surface-rough_permeable_concrete_latency-wifi_baseline_route-square0p5x3_attack-none_trial-3,square0p5x3,rough_permeable_concrete,rough,low,wifi_baseline,3,none,0.5,3,rough,0.064,-0.064,1.65,2.1;2.1;2.1;2.1,-0.14,-0.14,1784561245.6774733,422489875000000,422489890000000,422490609000000,422490249500000,719.0,2475.211,2475.211,422490.609,422490.609,,420014.9745,False,3,0,0,0,False,0,1007,1038,2475211,2475212,2475211,0,0,272754,435584,11.40526,-0.454956,0.3671,-163.8495,-9.189453,-8.388672,979.1309,-0.3475,-0.92375,-0.21375,21,-7,-49,52.77778,True,169,3,37.2485735,-80.41747683,12,0.83,,,,1510606,4050,969
3,True,,speed-low_surface-rough_permeable_concrete_latency-wifi_baseline_route-square0p5x3_attack-none_trial-3,square0p5x3,rough_permeable_concrete,rough,low,wifi_baseline,3,none,0.5,3,rough,0.064,-0.064,1.65,2.1;2.1;2.1;2.1,-0.14,-0.14,1784561246.6736069,422490875000000,422490875000000,422491515000000,422491195000000,640.0,2476.196,2476.196,422491.515,422491.515,,420014.98675000004,False,4,0,0,0,False,0,1007,1039,2476196,2476197,2476196,0,0,272754,435584,11.4211,-0.11516,0.564627,-163.7328,-10.16602,-7.900391,979.6191,0.34,1.88875,0.09875,20,-6,-47,52.77778,True,162,3,37.2485735,-80.41747633,12,0.83,,,,1511163,4052,970
4,True,,speed-low_surface-rough_permeable_concrete_latency-wifi_baseline_route-square0p5x3_attack-none_trial-3,square0p5x3,rough_permeable_concrete,rough,low,wifi_baseline,3,none,0.5,3,rough,0.064,-0.064,1.65,2.1;2.1;2.1;2.1,-0.14,-0.14,1784561247.668227,422491875000000,422491875000000,422492515000000,422492195000000,640.0,2477.198,2477.198,422492.515,422492.515,,420014.99700000003,True,5,0,0,0,False,0,1007,1040,2477198,2477199,2477198,0,0,272754,435584,11.4211,-0.808927,0.718847,-164.2692,-7.236328,-8.876953,981.5723,-0.3475,-0.11125,-0.52625,21,-4,-49,52.77778,True,196,3,37.24857433,-80.4174755,12,0.83,,,,1511720,4054,971
5,True,,speed-low_surface-rough_permeable_concrete_latency-wifi_baseline_route-square0p5x3_attack-none_trial-3,square0p5x3,rough_permeable_concrete,rough,low,wifi_baseline,3,none,0.5,3,rough,0.064,-0.064,1.65,2.1;2.1;2.1;2.1,-0.14,-0.14,1784561248.6626296,422492859000000,422492859000000,422493421000000,422493140000000,562.0,2478.206,2478.206,422493.421,422493.421,,420014.98575,True,6,0,0,0,False,0,1007,1041,2478206,2478208,2478206,0,0,272754,435584,11.4211,-0.434861,0.377675,-164.204,-7.724609,-7.900391,981.5723,-0.535,-1.23625,-0.15125,21,-5,-47,52.77778,True,203,3,37.248575,-80.417475,12,0.83,,,,1512277,4056,972
6,True,,speed-low_surface-rough_permeable_concrete_latency-wifi_baseline_route-square0p5x3_attack-none_trial-3,square0p5x3,rough_permeable_concrete,rough,low,wifi_baseline,3,none,0.5,3,rough,0.064,-0.064,1.65,2.1;2.1;2.1;2.1,-0.14,-0.14,1784561249.656928,422493859000000,422493859000000,422494546000000,422494202500000,687.0,2479.22,2479.22,422494.546,422494.546,,420014.98250000004,True,7,0,0,0,False,0,1007,1042,2479220,2479221,2479220,0,0,272754,435584,11.4211,-0.727383,0.661895,-164.6192,-9.677734,-6.435547,980.5957,0.0275,0.95125,-0.27625,21,-5,-47,52.77778,True,330,3,37.24857517,-80.41747483,12,0.83,,,,1512963,4058,972
7,True,,speed-low_surface-rough_permeable_concrete_latency-wifi_baseline_route-square0p5x3_attack-none_trial-3,square0p5x3,rough_permeable_concrete,rough,low,wifi_baseline,3,none,0.5,3,rough,0.064,-0.064,1.65,2.1;2.1;2.1;2.1,-0.14,-0.14,1784561250.6651597,422494859000000,422494859000000,422495625000000,422495242000000,766.0,2480.264,2480.264,422495.625,422495.625,,420014.98025,True,8,0,0,0,False,0,1007,1043,2480264,2480265,2480264,-0.064484025,-0.064484025,272787,435615,11.4211,-0.179922,-2.076937,-163.0982,41.10352,3.818359,1033.818,-2.5975,2.70125,-1.77625,19,-7,-48,52.77778,True,238,3,37.2485755,-80.41747483,12,0.83,,,,1513520,4060,973
8,True,,speed-low_surface-rough_permeable_concrete_latency-wifi_baseline_route-square0p5x3_attack-none_trial-3,square0p5x3,rough_permeable_concrete,rough,low,wifi_baseline,3,none,0.5,3,rough,0.064,-0.064,1.65,2.1;2.1;2.1;2.1,-0.14,-0.14,1784561251.5472476,422495750000000,422495750000000,422496406000000,422496078000000,656.0,2481.076,2481.076,422496.406,422496.406,,420014.98250000004,True,9,0,0,0,False,0,1007,1044,2481076,2481077,2481076,-0.107473375,-0.107473375,273306,436126,11.4211,0.379002,-4.988407,-162.0209,100.6738,-87.49023,977.666,2.09,-1.79875,2.66125,18,-9,-48,52.77778,True,51,3,37.24857583,-80.41747467,12,0.83,,,,1513948,4062,974
9,True,,speed-low_surface-rough_permeable_concrete_latency-wifi_baseline_route-square0p5x3_attack-none_trial-3,square0p5x3,rough_permeable_concrete,rough,low,wifi_baseline,3,none,0.5,3,rough,0.064,-0.064,1.65,2.1;2.1;2.1;2.1,-0.14,-0.14,1784561252.6509264,422496859000000,422496859000000,422497531000000,422497195000000,672.0,2482.179,2482.179,422497.531,422497.531,,420014.98975000007,True,10,0,0,0,False,0,1007,1045,2482179,2482180,2482179,-0.126865704,-0.126812242,274276,437111,11.4211,-1.422062,-3.541853,-162.8268,177.8223,-26.94336,978.1543,1.84,4.57625,-5.40125,18,-6,-48,52.77778,True,296,3,37.24857633,-80.41747383,12,0.83,,,,1514634,4064,974
10,True,,speed-low_surface-rough_permeable_concrete_latency-wifi_baseline_route-square0p5x3_attack-none_trial-3,square0p5x3,rough_permeable_concrete,rough,low,wifi_baseline,3,none,0.5,3,rough,0.064,-0.064,1.65,2.1;2.1;2.1;2.1,-0.14,-0.14,1784561253.6263585,422497828000000,422497828000000,422498578000000,422498203000000,750.0,2483.166,2483.166,422498.578,422498.578,,420014.99700000003,True,11,0,0,0,False,0,1007,1046,2483166,2483167,2483166,-0.126990625,-0.148093233,275188,438019,11.4211,2.84339,-0.648399,-160.5674,87.00195,4.306641,892.7051,0.0275,5.45125,2.84875,23,-11,-48,52.77778,True,182,3,37.248576,-80.41747333,12,0.83,,,,1515191,4066,975
11,True,,speed-low_surface-rough_permeable_concrete_latency-wifi_baseline_route-square0p5x3_attack-none_trial-3,square0p5x3,rough_permeable_concrete,rough,low,wifi_baseline,3,none,0.5,3,rough,0.064,-0.064,1.65,2.1;2.1;2.1;2.1,-0.14,-0.14,1784561254.616133,422498812000000,422498812000000,422499515000000,422499163500000,703.0,2484.137,2484.137,422499.515,422499.515,,420014.998,True,12,0,0,0,False,0,1007,1047,2484137,2484138,2484137,-0.150591804,-0.129171033,276078,438893,11.4211,-1.259807,-2.792194,-161.8307,13.27148,0.888672,783.8184,-4.4725,-3.73625,-7.15125,20,-5,-51,52.77778,True,166,3,37.24857617,-80.41747267,12,0.83,,,,1515748,4068,976
12,True,,speed-low_surface-rough_permeable_concrete_latency-wifi_baseline_route-square0p5x3_attack-none_trial-3,square0p5x3,rough_permeable_concrete,rough,low,wifi_baseline,3,none,0.5,3,rough,0.064,-0.064,1.65,2.1;2.1;2.1;2.1,-0.14,-0.14,1784561255.5616217,422499765000000,422499765000000,422500437000000,422500101000000,672.0,2485.096,2485.096,422500.437,422500.453,,420014.999,True,13,0,0,0,False,0,1007,1048,2485096,2485097,2485096,-0.084589023,-0.084529621,276948,439761,11.4211,0.51019,3.933794,-163.0665,-84.87305,10.16602,850.2246,2.9025,0.07625,-0.21375,21,-4,-50,52.77778,True,159,3,37.24857667,-80.41747167,12,0.83,,,,1516305,4070,977
13,True,,speed-low_surface-rough_permeable_concrete_latency-wifi_baseline_route-square0p5x3_attack-none_trial-3,square0p5x3,rough_permeable_concrete,rough,low,wifi_baseline,3,none,0.5,3,rough,0.064,-0.064,1.65,2.1;2.1;2.1;2.1,-0.14,-0.14,1784561256.6701882,422500875000000,422500875000000,422501562000000,422501218500000,687.0,2486.215,2486.215,422501.562,422501.562,,420015.00049999997,True,14,0,0,0,False,0,1007,1049,2486215,2486216,2486215,0,-0.021494675,277287,440133,11.41318,1.648253,2.255458,-162.3214,-56.06445,2.353516,970.8301,-0.2225,-1.67375,-1.65125,17,-9,-47,52.77778,True,313,3,37.24857633,-80.4174715,12,0.83,,,,1516991,4072,977
14,True,,speed-low_surface-rough_permeable_concrete_latency-wifi_baseline_route-square0p5x3_attack-none_trial-3,square0p5x3,rough_permeable_concrete,rough,low,wifi_baseline,3,none,0.5,3,rough,0.064,-0.064,1.65,2.1;2.1;2.1;2.1,-0.14,-0.14,1784561257.6451404,422501843000000,422501843000000,422502515000000,422502179000000,672.0,2487.189,2487.189,422502.515,422502.515,,420014.999,True,15,0,0,0,False,0,1007,1050,2487189,2487190,2487189,0,-0.021503891,277326,440176,11.41318,0.326032,1.580647,-162.8795,-33.60352,-2.529297,997.6855,-0.66,1.88875,-7.15125,19,-8,-48,52.77778,True,168,3,37.24857617,-80.41747183,12,0.83,,,,1517548,4074,978
15,True,,speed-low_surface-rough_permeable_concrete_latency-wifi_baseline_route-square0p5x3_attack-none_trial-3,square0p5x3,rough_permeable_concrete,rough,low,wifi_baseline,3,none,0.5,3,rough,0.064,-0.064,1.65,2.1;2.1;2.1;2.1,-0.14,-0.14,1784561258.6344426,422502828000000,422502828000000,422503500000000,422503164000000,672.0,2488.163,2488.163,422503.5,422503.5,,420015.0,True,16,0,0,0,False,0,1007,1051,2488163,2488164,2488163,0,-0.042318303,277326,440336,11.41318,1.509826,-0.492104,-164.7281,3.505859,-15.71289,979.1309,0.5275,1.45125,-10.21375,16,-7,-47,52.77778,True,168,3,37.2485755,-80.41747183,12,0.83,,,,1518105,4076,979
16,True,,speed-low_surface-rough_permeable_concrete_latency-wifi_baseline_route-square0p5x3_attack-none_trial-3,square0p5x3,rough_permeable_concrete,rough,low,wifi_baseline,3,none,0.5,3,rough,0.064,-0.064,1.65,2.1;2.1;2.1;2.1,-0.14,-0.14,1784561259.6152942,422503812000000,422503812000000,422504484000000,422504148000000,672.0,2489.134,2489.134,422504.484,422504.484,,420015.001,True,17,0,0,0,False,0,1007,1052,2489134,2489135,2489134,0.021500818,-0.086163336,277269,440684,11.41318,0.785005,-0.875717,-173.8964,35.73242,5.283203,951.7871,-1.16,2.95125,-36.46375,13,-4,-48,52.77778,True,166,3,37.24857617,-80.41747083,12,0.83,,,,1518662,4078,980
17,True,,speed-low_surface-rough_permeable_concrete_latency-wifi_baseline_route-square0p5x3_attack-none_trial-3,square0p5x3,rough_permeable_concrete,rough,low,wifi_baseline,3,none,0.5,3,rough,0.064,-0.064,1.65,2.1;2.1;2.1;2.1,-0.14,-0.14,1784561260.4838893,422504687000000,422504687000000,422505453000000,422505070000000,766.0,2490.031,2490.031,422505.453,422505.453,,420015.0015,True,18,0,0,0,False,0,1007,1053,2490031,2490032,2490031,0.066704326,-0.066714185,276974,441126,11.41318,8.248451,-3.046273,173.1234,1.552734,66.31836,1085.088,2.715,-1.86125,-32.83875,3,-11,-48,52.77778,True,99,3,37.24857683,-80.41747,12,0.83,,,,1519202,4080,981
18,True,,speed-low_surface-rough_permeable_concrete_latency-wifi_baseline_route-square0p5x3_attack-none_trial-3,square0p5x3,rough_permeable_concrete,rough,low,wifi_baseline,3,none,0.5,3,rough,0.064,-0.064,1.65,2.1;2.1;2.1;2.1,-0.14,-0.14,1784561261.6522808,422505859000000,422505859000000,422506515000000,422506187000000,656.0,2491.188,2491.188,422506.515,422506.515,,420015.001,True,19,0,0,0,False,0,1007,1054,2491188,2491189,2491188,0,0,276936,441161,11.41318,8.303025,-3.669278,176.768,-13.58398,5.283203,972.2949,0.1525,0.45125,0.66125,0,-12,-50,52.77778,True,335,3,37.24857667,-80.41747067,12,0.83,,,,1519905,4082,981
19,True,,speed-low_surface-rough_permeable_concrete_latency-wifi_baseline_route-square0p5x3_attack-none_trial-3,square0p5x3,rough_permeable_concrete,rough,low,wifi_baseline,3,none,0.5,3,rough,0.064,-0.064,1.65,2.1;2.1;2.1;2.1,-0.14,-0.14,1784561262.6380475,422506843000000,422506843000000,422507484000000,422507163500000,641.0,2492.159,2492.159,422507.484,422507.484,,420015.0015,True,20,0,0,0,False,0,1007,1055,2492159,2492160,2492159,0,0,276936,441161,11.41318,8.528547,-4.325194,178.285,3.994141,13.0957,969.3652,0.0275,-0.04875,-0.65125,1,-16,-52,52.77778,True,165,3,37.248576,-80.41747133,12,0.83,,,,1520460,4084,982
20,True,,speed-low_surface-rough_permeable_concrete_latency-wifi_baseline_route-square0p5x3_attack-none_trial-3,square0p5x3,rough_permeable_concrete,rough,low,wifi_baseline,3,none,0.5,3,rough,0.064,-0.064,1.65,2.1;2.1;2.1;2.1,-0.14,-0.14,1784561263.601739,422507796000000,422507796000000,422508468000000,422508132000000,672.0,2493.142,2493.142,422508.468,422508.468,,420015.001,True,21,0,0,0,False,0,1007,1056,2493142,2493143,2493142,0,-0.023062956,276936,441168,11.41318,8.695132,-6.56596,-179.6052,43.05664,-17.66602,978.1543,-0.4725,-1.42375,-8.65125,1,-16,-48,52.77778,True,179,3,37.24857467,-80.41747383,12,0.74,,,,1521017,4086,983
21,True,,speed-low_surface-rough_permeable_concrete_latency-wifi_baseline_route-square0p5x3_attack-none_trial-3,square0p5x3,rough_permeable_concrete,rough,low,wifi_baseline,3,none,0.5,3,rough,0.064,-0.064,1.65,2.1;2.1;2.1;2.1,-0.14,-0.14,1784561264.600037,422508796000000,422508796000000,422509546000000,422509171000000,750.0,2494.133,2494.133,422509.546,422509.546,,420015.0015,True,22,0,0,0,False,0,1007,1057,2494133,2494134,2494133,-0.064484025,-0.12896805,277056,441822,11.41318,14.90678,-11.31324,176.2176,81.14258,61.92383,1048.955,3.215,7.32625,-19.90125,-4,-26,-50,52.77778,True,189,3,37.24857417,-80.41747433,12,0.83,,,,1521576,4088,984
22,True,,speed-low_surface-rough_permeable_concrete_latency-wifi_baseline_route-square0p5x3_attack-none_trial-3,square0p5x3,rough_permeable_concrete,rough,low,wifi_baseline,3,none,0.5,3,rough,0.064,-0.064,1.65,2.1;2.1;2.1;2.1,-0.14,-0.14,1784561265.4634974,422509671000000,422509671000000,422510375000000,422510023000000,704.0,2494.989,2494.989,422510.375,422510.375,,420015.002,True,23,0,0,0,False,0,1007,1058,2494989,2494991,2494989,-0.107473375,-0.150140994,277615,442607,11.41318,15.4531,-12.02466,-179.6843,41.10352,51.66992,850.2246,-1.66,3.57625,-12.96375,-4,-29,-49,52.77778,True,61,3,37.248573,-80.417474,12,0.83,,,,1522075,4090,985
23,True,,speed-low_surface-rough_permeable_concrete_latency-wifi_baseline_route-square0p5x3_attack-none_trial-3,square0p5x3,rough_permeable_concrete,rough,low,wifi_baseline,3,none,0.5,3,rough,0.064,-0.064,1.65,2.1;2.1;2.1;2.1,-0.14,-0.14,1784561266.6800597,422510875000000,422510875000000,422511609000000,422511242000000,734.0,2496.224,2496.224,422511.609,422511.609,,420015.00275,True,24,0,0,0,False,0,1007,1059,2496224,2496225,2496224,-0.126616599,-0.147409248,278672,443808,11.37726,16.77262,-12.05291,-157.5192,-67.29492,-53.79883,971.8066,7.0275,-10.11125,-1.40125,-1,-47,-51,52.77778,True,370,3,37.24857183,-80.41747383,12,0.74,,,,1522823,4092,985
24,True,,speed-low_surface-rough_permeable_concrete_latency-wifi_baseline_route-square0p5x3_attack-none_trial-3,square0p5x3,rough_permeable_concrete,rough,low,wifi_baseline,3,none,0.5,3,rough,0.064,-0.064,1.65,2.1;2.1;2.1;2.1,-0.14,-0.14,1784561267.6700668,422511875000000,422511875000000,422512609000000,422512242000000,734.0,2497.194,2497.194,422512.609,422512.625,,420015.0035,True,25,0,0,0,False,0,1007,1060,2497194,2497195,2497194,-0.150441233,-0.150677979,279578,444738,11.37726,10.47558,-11.52922,-153.0711,52.82227,-60.63477,988.4082,0.465,-16.36125,-4.33875,-6,-28,-50,52.77778,True,164,3,37.24857067,-80.41747383,12,0.74,,,,1523382,4094,986
25,True,,speed-low_surface-rough_permeable_concrete_latency-wifi_baseline_route-square0p5x3_attack-none_trial-3,square0p5x3,rough_permeable_concrete,rough,low,wifi_baseline,3,none,0.5,3,rough,0.064,-0.064,1.65,2.1;2.1;2.1;2.1,-0.14,-0.14,1784561268.6601446,422512859000000,422512859000000,422513546000000,422513202500000,687.0,2498.198,2498.198,422513.546,422513.546,,420015.00450000004,True,25,0,0,0,False,0,1007,1061,2498198,2498199,2498198,-0.0859787,-0.107473375,280498,445658,11.37726,8.122346,-6.4683,-140.341,-229.8926,-0.087891,923.9551,4.7775,-9.54875,-2.58875,-1,-31,-50,52.77778,True,198,3,37.24856933,-80.41747367,12,0.74,,,,1523941,4096,987
26,True,,speed-low_surface-rough_permeable_concrete_latency-wifi_baseline_route-square0p5x3_attack-none_trial-3,square0p5x3,rough_permeable_concrete,rough,low,wifi_baseline,3,none,0.5,3,rough,0.064,-0.064,1.65,2.1;2.1;2.1;2.1,-0.14,-0.14,1784561269.6489017,422513843000000,422513843000000,422514562000000,422514202500000,719.0,2499.217,2499.217,422514.562,422514.562,,420015.00450000004,True,25,0,0,0,False,0,1007,1062,2499217,2499218,2499217,0,0,280833,446005,11.37726,5.265492,-10.51852,-127.3381,76.74805,11.63086,956.6699,0.09,-0.48625,-1.52625,-4,-30,-53,52.77778,True,213,3,37.24856817,-80.4174735,12,0.74,,,,1524500,4098,988
27,True,,speed-low_surface-rough_permeable_concrete_latency-wifi_baseline_route-square0p5x3_attack-none_trial-3,square0p5x3,rough_permeable_concrete,rough,low,wifi_baseline,3,none,0.5,3,rough,0.064,-0.064,1.65,2.1;2.1;2.1;2.1,-0.14,-0.14,1784561270.690762,422514890000000,422514890000000,422515546000000,422515218000000,656.0,2500.22,2500.22,422515.546,422515.546,,420015.0035,True,25,0,0,0,False,0,1007,1063,2500220,2500221,2500220,0,-0.023006533,280833,446008,11.37726,3.640208,-7.687138,-119.5266,-2.353516,-3.994141,978.1543,-0.3475,0.76375,-3.83875,-3,-31,-49,52.77778,True,197,3,37.24856767,-80.41747333,12,0.74,,,,1525059,4100,989
28,True,,speed-low_surface-rough_permeable_concrete_latency-wifi_baseline_route-square0p5x3_attack-none_trial-3,square0p5x3,rough_permeable_concrete,rough,low,wifi_baseline,3,none,0.5,3,rough,0.064,-0.064,1.65,2.1;2.1;2.1;2.1,-0.14,-0.14,1784561271.657377,422515859000000,422515859000000,422516625000000,422516242000000,766.0,2501.191,2501.191,422516.625,422516.625,,420015.00450000004,True,25,0,0,0,False,0,1007,1064,2501191,2501192,2501191,0,-0.064548574,280833,446209,11.37726,2.834651,-8.110026,-116.8501,23.03711,-38.17383,1010.869,0.2775,-0.79875,-15.83875,-2,-36,-51,52.77778,True,164,3,37.24856767,-80.41747317,12,0.74,,,,1525618,4102,990
29,True,,speed-low_surface-rough_permeable_concrete_latency-wifi_baseline_route-square0p5x3_attack-none_trial-3,square0p5x3,rough_permeable_concrete,rough,low,wifi_baseline,3,none,0.5,3,rough,0.064,-0.064,1.65,2.1;2.1;2.1;2.1,-0.14,-0.14,1784561272.657078,422516859000000,422516859000000,422517640000000,422517249500000,781.0,2502.214,2502.214,422517.64,422517.64,,420015.00450000004,True,25,0,0,0,False,0,1007,1065,2502214,2502215,2502214,0.046296223,-0.069433653,280772,446674,11.37726,3.76145,-5.873013,-120.8751,-8.212891,-3.505859,1000.127,1.465,0.88875,-31.52625,3,-37,-47,52.77778,True,218,3,37.2485675,-80.41747283,12,0.74,,,,1526177,4104,991
30,True,,speed-low_surface-rough_permeable_concrete_latency-wifi_baseline_route-square0p5x3_attack-none_trial-3,square0p5x3,rough_permeable_concrete,rough,low,wifi_baseline,3,none,0.5,3,rough,0.064,-0.064,1.65,2.1;2.1;2.1;2.1,-0.14,-0.14,1784561273.686323,422517890000000,422517890000000,422518562000000,422518226000000,672.0,2503.211,2503.211,422518.562,422518.562,,420015.005,True,25,0,0,0,False,0,1007,1066,2503211,2503213,2503211,0.021494675,-0.04298935,280504,447055,11.37726,4.273836,-4.183903,-123.419,3.017578,5.283203,942.5098,0.5275,-3.17375,-24.15125,14,-48,-49,52.77778,True,192,3,37.24856783,-80.41747283,12,0.74,,,,1526736,4106,992
31,True,,speed-low_surface-rough_permeable_concrete_latency-wifi_baseline_route-square0p5x3_attack-none_trial-3,square0p5x3,rough_permeable_concrete,rough,low,wifi_baseline,3,none,0.5,3,rough,0.064,-0.064,1.65,2.1;2.1;2.1;2.1,-0.14,-0.14,1784561274.669814,422518875000000,422518875000000,422519515000000,422519195000000,640.0,2504.194,2504.194,422519.515,422519.515,,420015.005,True,25,0,0,0,False,0,1007,1067,2504194,2504195,2504194,-0.021494675,0.021482399,280472,447089,11.37726,2.374721,-3.634621,-117.0536,-9.677734,1.376953,982.0605,-1.16,-2.67375,0.53625,12,-47,-51,52.77778,True,176,3,37.24856883,-80.41747367,12,0.74,,,,1527295,4108,993
32,True,,speed-low_surface-rough_permeable_concrete_latency-wifi_baseline_route-square0p5x3_attack-none_trial-3,square0p5x3,rough_permeable_concrete,rough,low,wifi_baseline,3,none,0.5,3,rough,0.064,-0.064,1.65,2.1;2.1;2.1;2.1,-0.14,-0.14,1784561275.668304,422519875000000,422519875000000,422520593000000,422520234000000,718.0,2505.204,2505.204,422520.593,422520.593,,420015.01399999997,True,25,0,0,0,False,0,1007,1068,2505204,2505205,2505204,0,0,280472,447089,11.37726,0.951367,-1.933944,-111.3291,-4.794922,-10.3418,982.5488,0.1525,1.45125,-0.15125,12,-47,-50,52.77778,True,204,3,37.24856967,-80.41747433,12,0.74,,,,1527854,4110,994
33,True,,speed-low_surface-rough_permeable_concrete_latency-wifi_baseline_route-square0p5x3_attack-none_trial-3,square0p5x3,rough_permeable_concrete,rough,low,wifi_baseline,3,none,0.5,3,rough,0.064,-0.064,1.65,2.1;2.1;2.1;2.1,-0.14,-0.14,1784561276.6635633,422520859000000,422520859000000,422521531000000,422521195000000,672.0,2506.195,2506.195,422521.531,422521.531,,420015.01399999997,True,25,0,0,0,False,0,1007,1069,2506195,2506196,2506195,0,0,280472,447089,11.40922,0.609728,-1.084677,-109.9051,-16.51367,1.376953,982.0605,-0.16,1.01375,0.16125,12,-48,-50,52.77778,True,185,3,37.24856967,-80.41747533,12,0.77,,,,1528411,4112,995
34,True,,speed-low_surface-rough_permeable_concrete_latency-wifi_baseline_route-square0p5x3_attack-none_trial-3,square0p5x3,rough_permeable_concrete,rough,low,wifi_baseline,3,none,0.5,3,rough,0.064,-0.064,1.65,2.1;2.1;2.1;2.1,-0.14,-0.14,1784561277.6489398,422521843000000,422521843000000,422522562000000,422522202500000,719.0,2507.184,2507.184,422522.562,422522.562,,420015.01399999997,True,25,0,0,0,False,0,1007,1070,2507184,2507185,2507184,0,-0.042258875,280472,447096,11.40922,0.27551,-1.737838,-110.4724,10.3418,-6.923828,1001.592,-0.285,-0.98625,-6.02625,15,-50,-49,52.77778,True,183,3,37.24856983,-80.41747633,12,0.77,,,,1528968,4114,996
35,True,,speed-low_surface-rough_permeable_concrete_latency-wifi_baseline_route-square0p5x3_attack-none_trial-3,square0p5x3,rough_permeable_concrete,rough,low,wifi_baseline,3,none,0.5,3,rough,0.064,-0.064,1.65,2.1;2.1;2.1;2.1,-0.14,-0.14,1784561278.626223,422522828000000,422522828000000,422523593000000,422523210500000,765.0,2508.149,2508.149,422523.593,422523.593,,420015.01399999997,True,25,0,0,0,False,0,1007,1071,2508149,2508151,2508149,-0.064484025,-0.12896805,280563,447686,11.40922,4.500855,0.620356,-116.3698,-114.1699,134.1895,1014.287,4.6525,-2.73625,-24.33875,19,-54,-52,52.77778,True,161,3,37.24857,-80.417477,12,0.77,,,,1529525,4116,997
36,True,,speed-low_surface-rough_permeable_concrete_latency-wifi_baseline_route-square0p5x3_attack-none_trial-3,square0p5x3,rough_permeable_concrete,rough,low,wifi_baseline,3,none,0.5,3,rough,0.064,-0.064,1.65,2.1;2.1;2.1;2.1,-0.14,-0.14,1784561279.5962536,422523796000000,422523796000000,422524468000000,422524132000000,672.0,2509.119,2509.119,422524.468,422524.468,,420015.013,True,25,0,0,0,False,0,1007,1072,2509119,2509120,2509119,-0.107473375,-0.12896805,281172,448577,11.40922,-0.157845,-2.166261,-118.4967,113.3691,-50.86914,880.0098,3.715,9.32625,-15.52625,19,-47,-46,52.77778,True,166,3,37.24857017,-80.41747833,12,0.77,,,,1530084,4118,998
37,True,,speed-low_surface-rough_permeable_concrete_latency-wifi_baseline_route-square0p5x3_attack-none_trial-3,square0p5x3,rough_permeable_concrete,rough,low,wifi_baseline,3,none,0.5,3,rough,0.064,-0.064,1.65,2.1;2.1;2.1;2.1,-0.14,-0.14,1784561280.3084836,422524515000000,422524515000000,422525218000000,422524866500000,703.0,2509.829,2509.829,422525.218,422525.218,,420015.01399999997,True,25,0,0,0,False,0,1007,1073,2509829,2509831,2509829,-0.128912802,-0.128637269,281757,449294,11.40922,1.839682,1.409541,-119.4923,-38.48633,-26.45508,996.2207,-2.285,-18.29875,-3.40125,26,-47,-50,52.77778,True,49,3,37.24856983,-80.4174795,12,0.77,,,,1530428,4120,999
38,True,,speed-low_surface-rough_permeable_concrete_latency-wifi_baseline_route-square0p5x3_attack-none_trial-3,square0p5x3,rough_permeable_concrete,rough,low,wifi_baseline,3,none,0.5,3,rough,0.064,-0.064,1.65,2.1;2.1;2.1;2.1,-0.14,-0.14,1784561281.6305842,422525828000000,422525828000000,422526484000000,422526156000000,656.0,2511.156,2511.156,422526.484,422526.484,,420015.01399999997,True,25,0,0,0,False,0,1007,1074,2511156,2511157,2511156,-0.12896805,-0.150462725,282933,450570,11.40922,3.296248,0.081302,-121.8038,30.36133,108.3105,1002.568,-5.2225,-0.86125,3.34875,29,-46,-48,53.33333,True,311,3,37.2485695,-80.41748133,12,0.74,,,,1531331,4122,999
39,True,,speed-low_surface-rough_permeable_concrete_latency-wifi_baseline_route-square0p5x3_attack-none_trial-3,square0p5x3,rough_permeable_concrete,rough,low,wifi_baseline,3,none,0.5,3,rough,0.064,-0.064,1.65,2.1;2.1;2.1;2.1,-0.14,-0.14,1784561282.6006794,422526796000000,422526796000000,422527468000000,422527132000000,672.0,2512.127,2512.127,422527.468,422527.468,,420015.01399999997,True,25,0,0,0,False,0,1007,1075,2512127,2512128,2512127,-0.105810636,-0.105751142,283812,451492,11.40922,0.28499,3.656111,-121.1291,-173.7402,-102.1387,1119.756,-3.41,3.07625,2.22375,29,-48,-49,52.77778,True,167,3,37.24856917,-80.4174835,12,0.74,,,,1531890,4124,1000
40,True,,speed-low_surface-rough_permeable_concrete_latency-wifi_baseline_route-square0p5x3_attack-none_trial-3,square0p5x3,rough_permeable_concrete,rough,low,wifi_baseline,3,none,0.5,3,rough,0.064,-0.064,1.65,2.1;2.1;2.1;2.1,-0.14,-0.14,1784561283.4102118,422527609000000,422527609000000,422528296000000,422527952500000,687.0,2512.939,2512.939,422528.296,422528.296,,420015.01399999997,True,25,0,0,0,False,0,1007,1076,2512939,2512941,2512939,0,0,284114,451807,11.40922,-0.003627,1.111556,-119.6348,-32.13867,-16.20117,980.5957,-0.41,5.20125,-2.83875,24,-46,-50,52.77778,True,54,3,37.24856917,-80.417485,12,0.74,,,,1532343,4126,1001
41,True,,speed-low_surface-rough_permeable_concrete_latency-wifi_baseline_route-square0p5x3_attack-none_trial-3,square0p5x3,rough_permeable_concrete,rough,low,wifi_baseline,3,none,0.5,3,rough,0.064,-0.064,1.65,2.1;2.1;2.1;2.1,-0.14,-0.14,1784561284.707452,422528906000000,422528906000000,422529625000000,422529265500000,719.0,2514.229,2514.229,422529.625,422529.625,,420015.015,True,25,0,0,0,False,0,1007,1077,2514229,2514230,2514229,0,-0.021150228,284114,451820,11.40922,-0.660904,-1.569712,-120.7731,19.61914,-18.1543,975.7129,0.5275,2.57625,-7.96375,28,-51,-51,52.77778,True,380,3,37.24856933,-80.417486,12,0.74,,,,1533137,4128,1001
42,True,,speed-low_surface-rough_permeable_concrete_latency-wifi_baseline_route-square0p5x3_attack-none_trial-3,square0p5x3,rough_permeable_concrete,rough,low,wifi_baseline,3,none,0.5,3,rough,0.064,-0.064,1.65,2.1;2.1;2.1;2.1,-0.14,-0.14,1784561285.6856353,422529890000000,422529890000000,422530640000000,422530265000000,750.0,2515.207,2515.207,422530.64,422530.64,,420015.015,True,25,0,0,0,False,0,1007,1078,2515207,2515208,2515207,0.021494675,-0.042970934,284111,452188,11.40922,-1.471192,0.006945,-128.6763,29.87305,37.99805,950.8105,-0.9725,8.38875,-17.52625,36,-43,-50,52.77778,True,171,3,37.24856917,-80.4174865,12,0.74,,,,1533696,4130,1002
43,True,,speed-low_surface-rough_permeable_concrete_latency-wifi_baseline_route-square0p5x3_attack-none_trial-3,square0p5x3,rough_permeable_concrete,rough,low,wifi_baseline,3,none,0.5,3,rough,0.064,-0.064,1.65,2.1;2.1;2.1;2.1,-0.14,-0.14,1784561286.6562123,422530859000000,422530859000000,422531562000000,422531210500000,703.0,2516.207,2516.207,422531.562,422531.562,,420015.015,True,25,0,0,0,False,0,1007,1079,2516207,2516208,2516207,0.039076152,-0.045573064,283918,452596,11.3811,0.134262,-0.713535,-140.1817,-39.46289,37.02148,951.7871,0.09,4.26375,-22.27625,36,-33,-49,52.77778,True,193,3,37.248569,-80.41748683,12,0.74,,,,1534255,4132,1003
44,True,,speed-low_surface-rough_permeable_concrete_latency-wifi_baseline_route-square0p5x3_attack-none_trial-3,square0p5x3,rough_permeable_concrete,rough,low,wifi_baseline,3,none,0.5,3,rough,0.064,-0.064,1.65,2.1;2.1;2.1;2.1,-0.14,-0.14,1784561287.6542702,422531859000000,422531859000000,422532531000000,422532195000000,672.0,2517.191,2517.191,422532.531,422532.531,,420015.015,True,25,0,0,0,False,0,1007,1080,2517191,2517192,2517191,0,0.021153202,283827,452640,11.3811,0.515149,-1.137677,-140.0605,9.365234,3.330078,982.0605,-0.035,0.45125,0.66125,34,-31,-50,52.77778,True,177,3,37.24856867,-80.41748733,12,0.74,,,,1534814,4134,1004
45,True,,speed-low_surface-rough_permeable_concrete_latency-wifi_baseline_route-square0p5x3_attack-none_trial-3,square0p5x3,rough_permeable_concrete,rough,low,wifi_baseline,3,none,0.5,3,rough,0.064,-0.064,1.65,2.1;2.1;2.1;2.1,-0.14,-0.14,1784561288.632077,422532828000000,422532828000000,422533625000000,422533226500000,797.0,2518.19,2518.19,422533.625,422533.625,,420015.01800000004,True,25,0,0,0,False,0,1007,1081,2518190,2518192,2518190,0,0,283827,452640,11.3811,0.412505,-1.505948,-139.3139,8.388672,1.376953,976.6895,0.0275,-0.04875,-0.08875,32,-31,-49,52.77778,True,195,3,37.24856833,-80.41748733,12,0.74,,,,1535371,4136,1005
46,True,,speed-low_surface-rough_permeable_concrete_latency-wifi_baseline_route-square0p5x3_attack-none_trial-3,square0p5x3,rough_permeable_concrete,rough,low,wifi_baseline,3,none,0.5,3,rough,0.064,-0.064,1.65,2.1;2.1;2.1;2.1,-0.14,-0.14,1784561289.6341355,422533828000000,422533828000000,422534531000000,422534179500000,703.0,2519.183,2519.183,422534.531,422534.531,,420015.015,True,25,0,0,0,False,0,1007,1082,2519183,2519184,2519183,0,0,283827,452640,11.3811,-0.032728,-1.116267,-139.1693,19.61914,3.330078,979.1309,-0.41,0.45125,0.09875,36,-31,-49,52.77778,True,187,3,37.24856817,-80.41748717,12,0.74,,,,1535928,4138,1006
47,True,,speed-low_surface-rough_permeable_concrete_latency-wifi_baseline_route-square0p5x3_attack-none_trial-3,square0p5x3,rough_permeable_concrete,rough,low,wifi_baseline,3,none,0.5,3,rough,0.064,-0.064,1.65,2.1;2.1;2.1;2.1,-0.14,-0.14,1784561290.6226273,422534828000000,422534828000000,422535562000000,422535195000000,734.0,2520.15,2520.15,422535.562,422535.562,,420015.015,True,25,0,0,0,False,0,1007,1083,2520150,2520151,2520150,0,-0.021543918,283827,452643,11.3811,0.006141,-2.650782,-139.5069,81.63086,-0.087891,965.9473,-0.16,1.26375,-4.52625,38,-35,-47,52.77778,True,161,3,37.248568,-80.417487,12,0.74,,,,1536485,4140,1007
48,True,,speed-low_surface-rough_permeable_concrete_latency-wifi_baseline_route-square0p5x3_attack-none_trial-3,square0p5x3,rough_permeable_concrete,rough,low,wifi_baseline,3,none,0.5,3,rough,0.064,-0.064,1.65,2.1;2.1;2.1;2.1,-0.14,-0.14,1784561291.5987825,422535796000000,422535796000000,422536484000000,422536140000000,688.0,2521.125,2521.125,422536.484,422536.484,,420015.015,True,25,0,0,0,False,0,1007,1084,2521125,2521126,2521125,-0.064484025,-0.12896805,283928,453302,11.3811,1.838852,-1.299446,-149.5265,-35.06836,22.86133,974.248,-2.8475,-8.73625,-26.90125,33,-24,-49,52.77778,True,172,3,37.24856783,-80.417487,12,0.74,,,,1537042,4142,1008
49,True,,speed-low_surface-rough_permeable_concrete_latency-wifi_baseline_route-square0p5x3_attack-none_trial-3,square0p5x3,rough_permeable_concrete,rough,low,wifi_baseline,3,none,0.5,3,rough,0.064,-0.064,1.65,2.1;2.1;2.1;2.1,-0.14,-0.14,1784561292.3485954,422536546000000,422536546000000,422537296000000,422536921000000,750.0,2521.875,2521.875,422537.296,422537.296,,420015.015,True,25,0,0,0,False,0,1007,1085,2521875,2521877,2521875,-0.12896805,-0.150462725,284424,453972,11.3811,3.247891,2.377798,-150.7104,-63.87695,134.6777,868.7793,0.9025,0.57625,-4.77625,34,-19,-51,52.77778,True,44,3,37.24856883,-80.41748683,12,0.83,,,,1537430,4144,1009
50,True,,speed-low_surface-rough_permeable_concrete_latency-wifi_baseline_route-square0p5x3_attack-none_trial-3,square0p5x3,rough_permeable_concrete,rough,low,wifi_baseline,3,none,0.5,3,rough,0.064,-0.064,1.65,2.1;2.1;2.1;2.1,-0.14,-0.14,1784561293.7175727,422537921000000,422537921000000,422538640000000,422538280500000,719.0,2523.256,2523.256,422538.64,422538.64,,420015.015,True,25,0,0,0,False,0,1007,1086,2523256,2523258,2523256,-0.137660316,-0.137807411,285642,455372,11.3811,1.16727,-1.00342,-151.8829,-55.57617,16.02539,1022.588,-3.9725,16.70125,-0.65125,31,-20,-46,52.77778,True,412,3,37.24857017,-80.41748617,12,0.74,,,,1538283,4146,1009
51,True,,speed-low_surface-rough_permeable_concrete_latency-wifi_baseline_route-square0p5x3_attack-none_trial-3,square0p5x3,rough_permeable_concrete,rough,low,wifi_baseline,3,none,0.5,3,rough,0.064,-0.064,1.65,2.1;2.1;2.1;2.1,-0.14,-0.14,1784561294.4895236,422538687000000,422538687000000,422539406000000,422539046500000,719.0,2524.07,2524.07,422539.406,422539.406,,420015.015,True,25,0,0,0,False,0,1007,1087,2524070,2524071,2524070,-0.13825059,-0.138292946,286396,456134,11.3811,0.552017,-1.440395,-143.8202,100.6738,-94.81445,1301.396,1.6525,9.82625,-2.52625,32,-27,-48,52.77778,True,138,3,37.24857133,-80.4174855,12,0.74,,,,1538711,4148,1010
52,True,,speed-low_surface-rough_permeable_concrete_latency-wifi_baseline_route-square0p5x3_attack-none_trial-3,square0p5x3,rough_permeable_concrete,rough,low,wifi_baseline,3,none,0.5,3,rough,0.064,-0.064,1.65,2.1;2.1;2.1;2.1,-0.14,-0.14,1784561295.6529875,422539859000000,422539859000000,422540531000000,422540195000000,672.0,2525.205,2525.205,422540.531,422540.531,,420015.015,True,25,0,0,0,False,0,1007,1088,2525205,2525206,2525205,-0.092778002,-0.092778002,287398,457189,11.3811,-1.915972,4.657344,-148.9309,-111.7285,-44.52148,1132.939,-2.0975,-2.48625,-1.08875,33,-15,-48,52.77778,True,330,3,37.24857267,-80.41748467,12,0.74,,,,1539397,4150,1010
53,True,,speed-low_surface-rough_permeable_concrete_latency-wifi_baseline_route-square0p5x3_attack-none_trial-3,square0p5x3,rough_permeable_concrete,rough,low,wifi_baseline,3,none,0.5,3,rough,0.064,-0.064,1.65,2.1;2.1;2.1;2.1,-0.14,-0.14,1784561296.6491258,422540843000000,422540843000000,422541609000000,422541226000000,766.0,2526.171,2526.171,422541.609,422541.609,,420015.015,True,25,0,0,0,False,0,1007,1089,2526171,2526172,2526171,0,-0.043038537,287743,457575,11.3811,-0.923679,2.7191,-150.4595,-28.23242,-21.08398,993.291,-0.0975,15.57625,-8.08875,35,-17,-48,52.77778,True,161,3,37.24857483,-80.4174845,12,0.74,,,,1539954,4152,1011
54,True,,speed-low_surface-rough_permeable_concrete_latency-wifi_baseline_route-square0p5x3_attack-none_trial-3,square0p5x3,rough_permeable_concrete,rough,low,wifi_baseline,3,none,0.5,3,rough,0.064,-0.064,1.65,2.1;2.1;2.1;2.1,-0.14,-0.14,1784561297.644407,422541843000000,422541843000000,422542625000000,422542234000000,782.0,2527.209,2527.209,422542.625,422542.625,,420015.015,True,25,0,0,0,False,0,1007,1090,2527209,2527210,2527209,0,-0.045705567,287743,457801,11.39714,0.936683,-0.753281,-159.0323,-8.701172,10.16602,960.0879,0.965,-1.61125,-16.08875,30,-15,-49,52.77778,True,215,3,37.24857567,-80.41748383,12,0.74,,,,1540511,4154,1012
55,True,,speed-low_surface-rough_permeable_concrete_latency-wifi_baseline_route-square0p5x3_attack-none_trial-3,square0p5x3,rough_permeable_concrete,rough,low,wifi_baseline,3,none,0.5,3,rough,0.064,-0.064,1.65,2.1;2.1;2.1;2.1,-0.14,-0.14,1784561298.6574636,422542859000000,422542859000000,422543562000000,422543210500000,703.0,2528.21,2528.21,422543.562,422543.562,,420015.015,True,25,0,0,0,False,0,1007,1091,2528210,2528211,2528210,0,-0.023151673,287731,458105,11.39714,-0.112152,-0.332904,-165.5855,22.06055,-30.84961,991.3379,0.6525,-1.04875,-16.77625,30,-11,-43,52.77778,True,194,3,37.2485765,-80.41748333,12,0.74,,,,1541068,4156,1013
56,True,,speed-low_surface-rough_permeable_concrete_latency-wifi_baseline_route-square0p5x3_attack-none_trial-3,square0p5x3,rough_permeable_concrete,rough,low,wifi_baseline,3,none,0.5,3,rough,0.064,-0.064,1.65,2.1;2.1;2.1;2.1,-0.14,-0.14,1784561299.6535697,422543859000000,422543859000000,422544562000000,422544210500000,703.0,2529.182,2529.182,422544.562,422544.562,,420015.0185,True,25,0,0,0,False,0,1007,1092,2529182,2529183,2529182,0.04298935,-0.04298935,287389,458572,11.39714,-0.292498,-3.301583,-175.6843,107.0215,22.37305,1020.635,4.9025,9.63875,-34.52625,15,-2,-49,52.77778,True,165,3,37.24857717,-80.4174825,12,0.83,,,,1541623,4158,1014
57,True,,speed-low_surface-rough_permeable_concrete_latency-wifi_baseline_route-square0p5x3_attack-none_trial-3,square0p5x3,rough_permeable_concrete,rough,low,wifi_baseline,3,none,0.5,3,rough,0.064,-0.064,1.65,2.1;2.1;2.1;2.1,-0.14,-0.14,1784561300.628907,422544828000000,422544828000000,422545484000000,422545156000000,656.0,2530.153,2530.153,422545.484,422545.484,,420015.015,True,25,0,0,0,False,0,1007,1093,2530153,2530154,2530153,0,-0.02112054,287235,458825,11.39714,5.183653,-3.181165,-177.5008,18.64258,49.7168,988.8965,-0.285,0.01375,-4.90125,9,-10,-49,52.77778,True,165,3,37.248578,-80.41748167,12,0.83,,,,1542178,4160,1015
58,True,,speed-low_surface-rough_permeable_concrete_latency-wifi_baseline_route-square0p5x3_attack-none_trial-3,square0p5x3,rough_permeable_concrete,rough,low,wifi_baseline,3,none,0.5,3,rough,0.064,-0.064,1.65,2.1;2.1;2.1;2.1,-0.14,-0.14,1784561301.5905106,422545796000000,422545796000000,422546453000000,422546124500000,657.0,2531.12,2531.12,422546.453,422546.453,,420015.015,True,25,0,0,0,False,0,1007,1094,2531120,2531121,2531120,0,0,287235,458828,11.39714,3.796018,-1.632952,-176.0389,8.876953,-4.970703,979.6191,-0.66,-0.29875,1.22375,6,-7,-48,52.77778,True,164,3,37.24857883,-80.41748,12,0.74,,,,1542735,4162,1016
59,True,,speed-low_surface-rough_permeable_concrete_latency-wifi_baseline_route-square0p5x3_attack-none_trial-3,square0p5x3,rough_permeable_concrete,rough,low,wifi_baseline,3,none,0.5,3,rough,0.064,-0.064,1.65,2.1;2.1;2.1;2.1,-0.14,-0.14,1784561302.314609,422546515000000,422546515000000,422547234000000,422546874500000,719.0,2531.843,2531.843,422547.234,422547.234,,420015.015,True,25,0,0,0,False,0,1007,1095,2531843,2531845,2531843,0,0,287235,458828,11.39714,3.601103,-1.354043,-175.582,-13.58398,-2.041016,987.9199,-0.3475,1.07625,0.41125,6,-6,-49,52.77778,True,50,3,37.24858,-80.417479,12,0.74,,,,1543093,4164,1017
60,True,,speed-low_surface-rough_permeable_concrete_latency-wifi_baseline_route-square0p5x3_attack-none_trial-3,square0p5x3,rough_permeable_concrete,rough,low,wifi_baseline,3,none,0.5,3,rough,0.064,-0.064,1.65,2.1;2.1;2.1;2.1,-0.14,-0.14,1784561303.6485744,422547843000000,422547843000000,422548484000000,422548163500000,641.0,2533.173,2533.173,422548.484,422548.484,,420015.0135,True,25,0,0,0,False,0,1007,1096,2533173,2533174,2533173,0,-0.042276686,287235,458841,11.39714,4.875926,-3.660289,-174.7928,25.9668,-15.22461,975.7129,0.34,1.70125,-13.90125,10,-12,-49,52.77778,True,328,3,37.248581,-80.41747783,12,0.74,,,,1543978,4166,1017
61,True,,speed-low_surface-rough_permeable_concrete_latency-wifi_baseline_route-square0p5x3_attack-none_trial-3,square0p5x3,rough_permeable_concrete,rough,low,wifi_baseline,3,none,0.5,3,rough,0.064,-0.064,1.65,2.1;2.1;2.1;2.1,-0.14,-0.14,1784561304.614042,422548812000000,422548812000000,422549468000000,422549140000000,656.0,2534.145,2534.145,422549.468,422549.468,,420015.0135,True,25,0,0,0,False,0,1007,1097,2534145,2534146,2534145,-0.042258875,-0.105780881,287349,459362,11.39714,8.553336,-7.076277,-177.9602,69.91211,50.69336,970.3418,-3.91,-2.98625,-23.58875,7,-15,-54,53.88889,True,168,3,37.24858217,-80.41747633,12,0.74,,,,1544535,4168,1018
62,True,,speed-low_surface-rough_permeable_concrete_latency-wifi_baseline_route-square0p5x3_attack-none_trial-3,square0p5x3,rough_permeable_concrete,rough,low,wifi_baseline,3,none,0.5,3,rough,0.064,-0.064,1.65,2.1;2.1;2.1;2.1,-0.14,-0.14,1784561305.5828779,422549781000000,422549781000000,422550515000000,422550148000000,734.0,2535.111,2535.111,422550.515,422550.515,,420015.0135,True,25,0,0,0,False,0,1007,1098,2535111,2535112,2535111,-0.12896805,-0.150462725,288005,460279,11.39714,7.823317,-5.789515,-176.4281,141.6895,-8.388672,870.7324,3.59,2.13875,-16.15125,0,-18,-51,52.77778,True,164,3,37.24858233,-80.41747483,12,0.74,,,,1545092,4170,1019
63,True,,speed-low_surface-rough_permeable_concrete_latency-wifi_baseline_route-square0p5x3_attack-none_trial-3,square0p5x3,rough_permeable_concrete,rough,low,wifi_baseline,3,none,0.5,3,rough,0.064,-0.064,1.65,2.1;2.1;2.1;2.1,-0.14,-0.14,1784561306.3615935,422550562000000,422550562000000,422551343000000,422550952500000,781.0,2535.9,2535.9,422551.343,422551.343,,420015.015,True,25,0,0,0,False,0,1007,1099,2535900,2535902,2535900,-0.143142033,-0.143044829,288697,461031,11.39714,7.385362,-8.618939,-170.4426,71.86523,-0.576172,872.1973,4.7775,2.07625,-7.96375,0,-17,-51,52.77778,True,154,3,37.24858117,-80.417474,12,0.74,,,,1545506,4172,1020
64,True,,speed-low_surface-rough_permeable_concrete_latency-wifi_baseline_route-square0p5x3_attack-none_trial-3,square0p5x3,rough_permeable_concrete,rough,low,wifi_baseline,3,none,0.5,3,rough,0.064,-0.064,1.65,2.1;2.1;2.1;2.1,-0.14,-0.14,1784561307.7574668,422551953000000,422551953000000,422552781000000,422552367000000,828.0,2537.302,2537.302,422552.781,422552.781,,420015.0245,True,25,0,0,0,False,0,1007,1100,2537302,2537303,2537302,-0.138824596,-0.115704956,289915,462316,11.37054,8.794614,-8.640449,-160.144,-105.3809,-10.83008,975.7129,-1.91,1.88875,-2.27625,-6,-18,-49,52.77778,True,456,3,37.24857967,-80.41747383,12,0.74,,,,1546335,4174,1020
65,True,,speed-low_surface-rough_permeable_concrete_latency-wifi_baseline_route-square0p5x3_attack-none_trial-3,square0p5x3,rough_permeable_concrete,rough,low,wifi_baseline,3,none,0.5,3,rough,0.064,-0.064,1.65,2.1;2.1;2.1;2.1,-0.14,-0.14,1784561308.6239412,422552828000000,422552828000000,422553562000000,422553195000000,734.0,2538.179,2538.179,422553.562,422553.562,,420015.0245,True,25,0,0,0,False,0,1007,1101,2538179,2538181,2538179,-0.092265967,-0.115332458,290688,463112,11.37054,8.092791,-5.154338,-153.8689,-109.7754,31.65039,1219.365,3.4025,2.01375,-2.33875,3,-22,-49,52.77778,True,85,3,37.24857867,-80.41747283,12,0.74,,,,1546763,4176,1021
66,True,,speed-low_surface-rough_permeable_concrete_latency-wifi_baseline_route-square0p5x3_attack-none_trial-3,square0p5x3,rough_permeable_concrete,rough,low,wifi_baseline,3,none,0.5,3,rough,0.064,-0.064,1.65,2.1;2.1;2.1;2.1,-0.14,-0.14,1784561309.6559432,422553859000000,422553859000000,422554609000000,422554234000000,750.0,2539.2,2539.2,422554.609,422554.609,,420015.0245,True,25,0,0,0,False,0,1007,1102,2539200,2539202,2539200,0,0,291043,463482,11.37054,6.340253,-6.947491,-148.4274,23.03711,19.93164,988.8965,-1.0975,-1.54875,0.16125,-3,-17,-49,52.77778,True,216,3,37.24857533,-80.41747383,12,0.74,,,,1547320,4178,1022
67,True,,speed-low_surface-rough_permeable_concrete_latency-wifi_baseline_route-square0p5x3_attack-none_trial-3,square0p5x3,rough_permeable_concrete,rough,low,wifi_baseline,3,none,0.5,3,rough,0.064,-0.064,1.65,2.1;2.1;2.1;2.1,-0.14,-0.14,1784561310.64969,422554843000000,422554843000000,422555515000000,422555179000000,672.0,2540.181,2540.181,422555.515,422555.515,,420015.016,True,25,0,0,0,False,0,1007,1103,2540181,2540182,2540181,0,-0.021494675,291043,463486,11.37054,5.67969,-8.158513,-145.7336,37.68555,-12.29492,975.2246,0.0275,0.76375,-6.21375,-1,-19,-49,52.77778,True,175,3,37.24857283,-80.4174755,12,0.74,,,,1547877,4180,1023
68,True,,speed-low_surface-rough_permeable_concrete_latency-wifi_baseline_route-square0p5x3_attack-none_trial-3,square0p5x3,rough_permeable_concrete,rough,low,wifi_baseline,3,none,0.5,3,rough,0.064,-0.064,1.65,2.1;2.1;2.1;2.1,-0.14,-0.14,1784561311.622667,422555828000000,422555828000000,422556500000000,422556164000000,672.0,2541.174,2541.174,422556.5,422556.5,,420015.016,True,25,0,0,0,False,0,1007,1104,2541174,2541175,2541174,0,-0.069369629,291043,463745,11.37054,6.664544,-7.684343,-147.6547,17.17773,2.353516,957.6465,0.965,3.07625,-18.96375,0,-20,-51,52.77778,True,187,3,37.248571,-80.41747667,12,0.74,,,,1548434,4182,1024
69,True,,speed-low_surface-rough_permeable_concrete_latency-wifi_baseline_route-square0p5x3_attack-none_trial-3,square0p5x3,rough_permeable_concrete,rough,low,wifi_baseline,3,none,0.5,3,rough,0.064,-0.064,1.65,2.1;2.1;2.1;2.1,-0.14,-0.14,1784561312.6145277,422556812000000,422556812000000,422557484000000,422557148000000,672.0,2542.146,2542.146,422557.484,422557.484,,420015.016,True,25,0,0,0,False,0,1007,1105,2542146,2542147,2542146,0.021482399,-0.064355314,290982,464130,11.37054,8.913102,-5.725401,-149.3543,-88.29102,10.16602,921.0254,-1.535,0.38875,-29.21375,0,-25,-48,52.77778,True,167,3,37.248569,-80.4174765,12,0.74,,,,1548991,4184,1025
70,True,,speed-low_surface-rough_permeable_concrete_latency-wifi_baseline_route-square0p5x3_attack-none_trial-3,square0p5x3,rough_permeable_concrete,rough,low,wifi_baseline,3,none,0.5,3,rough,0.064,-0.064,1.65,2.1;2.1;2.1;2.1,-0.14,-0.14,1784561313.6054602,422557812000000,422557812000000,422558500000000,422558156000000,688.0,2543.138,2543.138,422558.5,422558.5,,420015.016,True,25,0,0,0,False,0,1007,1106,2543138,2543139,2543138,0.021168082,-0.042318303,290724,464509,11.37054,11.52523,-7.928885,-143.9594,-60.45898,11.14258,1011.357,-0.2225,0.76375,-16.15125,7,-39,-47,52.77778,True,190,3,37.24856767,-80.4174765,12,0.74,,,,1549550,4186,1026
71,True,,speed-low_surface-rough_permeable_concrete_latency-wifi_baseline_route-square0p5x3_attack-none_trial-3,square0p5x3,rough_permeable_concrete,rough,low,wifi_baseline,3,none,0.5,3,rough,0.064,-0.064,1.65,2.1;2.1;2.1;2.1,-0.14,-0.14,1784561314.5109737,422558718000000,422558718000000,422559359000000,422559038500000,641.0,2544.037,2544.037,422559.359,422559.359,,420015.016,True,25,0,0,0,False,0,1007,1107,2544037,2544039,2544037,0,0,290667,464543,11.37054,6.728698,-8.67651,-130.2267,-10.6543,-2.529297,982.0605,-1.16,1.45125,-0.27625,4,-43,-50,52.77778,True,102,3,37.248567,-80.417476,12,0.74,,,,1550094,4188,1027
72,True,,speed-low_surface-rough_permeable_concrete_latency-wifi_baseline_route-square0p5x3_attack-none_trial-3,square0p5x3,rough_permeable_concrete,rough,low,wifi_baseline,3,none,0.5,3,rough,0.064,-0.064,1.65,2.1;2.1;2.1;2.1,-0.14,-0.14,1784561315.7397351,422559937000000,422559937000000,422560656000000,422560296500000,719.0,2545.272,2545.272,422560.656,422560.656,,420015.016,True,25,0,0,0,False,0,1007,1108,2545272,2545273,2545272,0,0,290667,464543,11.37054,0.853792,-2.395842,-107.3973,-14.07227,-6.435547,983.5254,-0.0975,-0.67375,-0.21375,7,-39,-51,52.77778,True,415,3,37.248567,-80.4174755,12,0.74,,,,1550797,4190,1027
73,True,,speed-low_surface-rough_permeable_concrete_latency-wifi_baseline_route-square0p5x3_attack-none_trial-3,square0p5x3,rough_permeable_concrete,rough,low,wifi_baseline,3,none,0.5,3,rough,0.064,-0.064,1.65,2.1;2.1;2.1;2.1,-0.14,-0.14,1784561316.5899096,422560796000000,422560796000000,422561484000000,422561140000000,688.0,2546.128,2546.128,422561.484,422561.484,,420015.016,True,25,0,0,0,False,0,1007,1109,2546128,2546129,2546128,0,-0.021448713,290668,464551,11.37054,-1.327914,-2.964253,-106.3231,37.68555,-67.95898,995.7324,1.59,-1.23625,-10.65125,10,-45,-48,52.77778,True,65,3,37.24856683,-80.417475,12,0.74,,,,1551227,4192,1028
74,True,,speed-low_surface-rough_permeable_concrete_latency-wifi_baseline_route-square0p5x3_attack-none_trial-3,square0p5x3,rough_permeable_concrete,rough,low,wifi_baseline,3,none,0.5,3,rough,0.064,-0.064,1.65,2.1;2.1;2.1;2.1,-0.14,-0.14,1784561317.376466,422561578000000,422561578000000,422562296000000,422561937000000,718.0,2546.902,2546.902,422562.296,422562.296,,420015.016,True,25,0,0,0,False,0,1007,1110,2546902,2546904,2546902,-0.060370225,-0.120805078,290705,465043,11.37054,-1.51101,-3.13163,-111.8158,68.44727,9.677734,975.7129,9.6525,7.70125,-32.90125,12,-49,-52,52.77778,True,52,3,37.24856667,-80.41747483,12,0.74,,,,1551641,4194,1029
75,True,,speed-low_surface-rough_permeable_concrete_latency-wifi_baseline_route-square0p5x3_attack-none_trial-3,square0p5x3,rough_permeable_concrete,rough,low,wifi_baseline,3,none,0.5,3,rough,0.064,-0.064,1.65,2.1;2.1;2.1;2.1,-0.14,-0.14,1784561318.637748,422562843000000,422562843000000,422563531000000,422563187000000,688.0,2548.173,2548.173,422563.531,422563.531,,420015.01399999997,True,25,0,0,0,False,0,1007,1111,2548173,2548175,2548173,-0.107473375,-0.150462725,291600,466250,11.37293,1.693013,-0.378543,-110.4322,-106.8457,76.08398,1103.154,-0.7225,-0.92375,2.84875,12,-45,-52,53.88889,True,305,3,37.24856617,-80.41747617,12,0.74,,,,1552474,4196,1029
76,True,,speed-low_surface-rough_permeable_concrete_latency-wifi_baseline_route-square0p5x3_attack-none_trial-3,square0p5x3,rough_permeable_concrete,rough,low,wifi_baseline,3,none,0.5,3,rough,0.064,-0.064,1.65,2.1;2.1;2.1;2.1,-0.14,-0.14,1784561319.626627,422563828000000,422563828000000,422564546000000,422564187000000,718.0,2549.161,2549.161,422564.546,422564.546,,420015.016,True,25,0,0,0,False,0,1007,1112,2549161,2549162,2549161,-0.12896805,-0.150462725,292448,467175,11.37293,-1.402261,-4.226097,-106.7192,160.7324,-165.6152,938.6035,6.9025,0.70125,-11.02625,9,-49,-50,52.77778,True,183,3,37.24856617,-80.41747733,12,0.74,,,,1553033,4198,1030
77,True,,speed-low_surface-rough_permeable_concrete_latency-wifi_baseline_route-square0p5x3_attack-none_trial-3,square0p5x3,rough_permeable_concrete,rough,low,wifi_baseline,3,none,0.5,3,rough,0.064,-0.064,1.65,2.1;2.1;2.1;2.1,-0.14,-0.14,1784561320.5985398,422564796000000,422564796000000,422565562000000,422565179000000,766.0,2550.159,2550.159,422565.562,422565.562,,420015.01800000004,True,25,0,0,0,False,0,1007,1113,2550159,2550160,2550159,-0.115633819,-0.162036781,293328,468136,11.37293,-0.379976,-0.536473,-107.5976,87.00195,58.99414,776.9824,3.09,-3.04875,3.91125,13,-46,-50,52.77778,True,194,3,37.24856567,-80.41747867,12,0.74,,,,1553592,4200,1031
78,True,,speed-low_surface-rough_permeable_concrete_latency-wifi_baseline_route-square0p5x3_attack-none_trial-3,square0p5x3,rough_permeable_concrete,rough,low,wifi_baseline,3,none,0.5,3,rough,0.064,-0.064,1.65,2.1;2.1;2.1;2.1,-0.14,-0.14,1784561321.6058378,422565812000000,422565812000000,422566453000000,422566132500000,641.0,2551.124,2551.124,422566.453,422566.453,,420015.016,True,25,0,0,0,False,0,1007,1114,2551124,2551125,2551124,-0.107473375,-0.12896805,294218,469065,11.37293,-0.622461,-1.700661,-107.2637,125.0879,45.81055,622.1973,6.7775,7.32625,-4.21375,19,-57,-49,52.77778,True,161,3,37.248565,-80.41748083,12,0.74,,,,1554151,4202,1032
79,True,,speed-low_surface-rough_permeable_concrete_latency-wifi_baseline_route-square0p5x3_attack-none_trial-3,square0p5x3,rough_permeable_concrete,rough,low,wifi_baseline,3,none,0.5,3,rough,0.064,-0.064,1.65,2.1;2.1;2.1;2.1,-0.14,-0.14,1784561322.3429837,422566546000000,422566546000000,422567312000000,422566929000000,766.0,2551.894,2551.894,422567.312,422567.312,,420015.016,True,25,0,0,0,False,0,1007,1115,2551894,2551895,2551894,0,-0.022241349,294518,469383,11.37293,-0.659065,2.075744,-109.1436,-51.18164,-13.27148,978.1543,0.465,-0.73625,-2.40125,19,-49,-47,52.77778,True,71,3,37.24856483,-80.41748233,12,0.74,,,,1554557,4204,1033
80,True,,speed-low_surface-rough_permeable_concrete_latency-wifi_baseline_route-square0p5x3_attack-none_trial-3,square0p5x3,rough_permeable_concrete,rough,low,wifi_baseline,3,none,0.5,3,rough,0.064,-0.064,1.65,2.1;2.1;2.1;2.1,-0.14,-0.14,1784561323.7272818,422567921000000,422567921000000,422568625000000,422568273000000,704.0,2553.292,2553.292,422568.625,422568.625,,420015.016,True,25,0,0,0,False,0,1007,1116,2553292,2553293,2553292,0,-0.04298935,294517,469432,11.37293,-0.336159,-1.64255,-113.8235,0.576172,-36.2207,1015.264,-0.9725,-3.23625,-11.33875,19,-52,-48,53.33333,True,443,3,37.2485645,-80.4174835,12,0.74,,,,1555398,4206,1033
81,True,,speed-low_surface-rough_permeable_concrete_latency-wifi_baseline_route-square0p5x3_attack-none_trial-3,square0p5x3,rough_permeable_concrete,rough,low,wifi_baseline,3,none,0.5,3,rough,0.064,-0.064,1.65,2.1;2.1;2.1;2.1,-0.14,-0.14,1784561324.6504757,422568859000000,422568859000000,422569671000000,422569265000000,812.0,2554.187,2554.187,422569.671,422569.671,,420015.016,True,25,0,0,0,False,0,1007,1117,2554187,2554189,2554187,0,-0.068945803,294512,469734,11.37293,-0.992442,-2.126863,-124.6434,36.70898,-81.63086,958.623,2.465,1.76375,-22.96375,25,-46,-48,52.77778,True,100,3,37.24856433,-80.41748417,12,0.74,,,,1555828,4208,1034
82,True,,speed-low_surface-rough_permeable_concrete_latency-wifi_baseline_route-square0p5x3_attack-none_trial-3,square0p5x3,rough_permeable_concrete,rough,low,wifi_baseline,3,none,0.5,3,rough,0.064,-0.064,1.65,2.1;2.1;2.1;2.1,-0.14,-0.14,1784561325.6429663,422569843000000,422569843000000,422570593000000,422570218000000,750.0,2555.183,2555.183,422570.593,422570.593,,420015.01800000004,True,25,0,0,0,False,0,1007,1118,2555183,2555184,2555183,0.042970934,-0.042964799,294342,470172,11.37293,2.105771,-0.791055,-133.7172,18.1543,-38.17383,966.9238,-0.285,-0.61125,-20.65125,34,-46,-47,52.77778,True,191,3,37.2485645,-80.41748483,12,0.74,,,,1556387,4210,1035
83,True,,speed-low_surface-rough_permeable_concrete_latency-wifi_baseline_route-square0p5x3_attack-none_trial-3,square0p5x3,rough_permeable_concrete,rough,low,wifi_baseline,3,none,0.5,3,rough,0.064,-0.064,1.65,2.1;2.1;2.1;2.1,-0.14,-0.14,1784561326.6322224,422570828000000,422570828000000,422571515000000,422571171500000,687.0,2556.159,2556.159,422571.515,422571.515,,420015.01800000004,True,25,0,0,0,False,0,1007,1119,2556159,2556161,2556159,-0.021503891,0.021522347,294316,470277,11.37293,1.321019,-1.514713,-130.3911,3.017578,-1.064453,977.1777,-0.3475,1.63875,1.28625,34,-47,-46,52.22222,True,171,3,37.2485645,-80.41748583,12,0.74,,,,1556946,4212,1036
84,True,,speed-low_surface-rough_permeable_concrete_latency-wifi_baseline_route-square0p5x3_attack-none_trial-3,square0p5x3,rough_permeable_concrete,rough,low,wifi_baseline,3,none,0.5,3,rough,0.064,-0.064,1.65,2.1;2.1;2.1;2.1,-0.14,-0.14,1784561327.6018775,422571796000000,422571796000000,422572531000000,422572163500000,735.0,2557.138,2557.138,422572.531,422572.531,,420015.01800000004,True,25,0,0,0,False,0,1007,1120,2557138,2557139,2557138,0,0,294251,470277,11.37293,0.766514,-2.468803,-129.166,45.49805,-3.505859,968.3887,-0.2225,3.13875,0.78625,34,-48,-45,52.77778,True,174,3,37.248564,-80.4174865,12,0.74,,,,1557505,4214,1037
85,True,,speed-low_surface-rough_permeable_concrete_latency-wifi_baseline_route-square0p5x3_attack-none_trial-3,square0p5x3,rough_permeable_concrete,rough,low,wifi_baseline,3,none,0.5,3,rough,0.064,-0.064,1.65,2.1;2.1;2.1;2.1,-0.14,-0.14,1784561328.595274,422572796000000,422572796000000,422573562000000,422573179000000,766.0,2558.125,2558.125,422573.562,422573.562,,420015.02,True,25,0,0,0,False,0,1007,1121,2558125,2558127,2558125,0,0,294251,470277,11.40118,0.134895,-1.035441,-128.3888,-4.794922,-6.435547,983.0371,-0.5975,-0.98625,0.84875,34,-47,-47,52.77778,True,168,3,37.24856367,-80.4174875,12,0.74,,,,1558064,4216,1038
86,True,,speed-low_surface-rough_permeable_concrete_latency-wifi_baseline_route-square0p5x3_attack-none_trial-3,square0p5x3,rough_permeable_concrete,rough,low,wifi_baseline,3,none,0.5,3,rough,0.064,-0.064,1.65,2.1;2.1;2.1;2.1,-0.14,-0.14,1784561329.4118376,422573609000000,422573609000000,422574375000000,422573992000000,766.0,2558.942,2558.942,422574.375,422574.375,,420015.0245,True,25,0,0,0,False,0,1007,1122,2558942,2558944,2558942,0.020404492,0,294250,470277,11.40118,-0.754554,0.214293,-127.7907,1.064453,-11.31836,983.5254,-0.2225,1.51375,-1.90125,42,-51,-43,52.77778,True,107,3,37.24856333,-80.417488,12,0.74,,,,1558517,4218,1039
87,True,,speed-low_surface-rough_permeable_concrete_latency-wifi_baseline_route-square0p5x3_attack-none_trial-3,square0p5x3,rough_permeable_concrete,rough,low,wifi_baseline,3,none,0.5,3,rough,0.064,-0.064,1.65,2.1;2.1;2.1;2.1,-0.14,-0.14,1784561330.6910045,422574890000000,422574890000000,422575718000000,422575304000000,828.0,2560.251,2560.251,422575.718,422575.718,,420015.0245,True,25,0,0,0,False,0,1007,1123,2560251,2560253,2560251,-0.069433653,-0.115758367,294266,470673,11.40118,3.041039,-5.150493,-137.1785,26.45508,99.52148,973.2715,-1.0975,3.26375,-15.08875,40,-48,-49,52.77778,True,400,3,37.24856283,-80.417488,12,0.74,,,,1559311,4220,1039
88,True,,speed-low_surface-rough_permeable_concrete_latency-wifi_baseline_route-square0p5x3_attack-none_trial-3,square0p5x3,rough_permeable_concrete,rough,low,wifi_baseline,3,none,0.5,3,rough,0.064,-0.064,1.65,2.1;2.1;2.1;2.1,-0.14,-0.14,1784561331.5519016,422575750000000,422575750000000,422576437000000,422576093500000,687.0,2561.081,2561.081,422576.437,422576.437,,420015.02,True,25,0,0,0,False,0,1007,1124,2561081,2561082,2561081,-0.122543281,-0.163280223,294879,471445,11.40118,0.466567,-4.32804,-137.8182,68.93555,-36.2207,937.627,3.4025,-1.42375,-7.33875,32,-34,-49,52.77778,True,175,3,37.24856283,-80.41748883,12,0.74,,,,1559741,4222,1040
89,True,,speed-low_surface-rough_permeable_concrete_latency-wifi_baseline_route-square0p5x3_attack-none_trial-3,square0p5x3,rough_permeable_concrete,rough,low,wifi_baseline,3,none,0.5,3,rough,0.064,-0.064,1.65,2.1;2.1;2.1;2.1,-0.14,-0.14,1784561332.7419014,422576937000000,422576937000000,422577656000000,422577296500000,719.0,2562.308,2562.308,422577.656,422577.656,,420015.01800000004,True,25,0,0,0,False,0,1007,1125,2562308,2562310,2562308,-0.138867305,-0.13891004,295957,472723,11.40118,-0.412628,-0.588234,-138.4975,37.68555,-12.7832,956.6699,-10.8475,-3.42375,-4.96375,36,-32,-50,52.77778,True,421,3,37.248563,-80.41749,12,0.74,,,,1560427,4224,1040
90,True,,speed-low_surface-rough_permeable_concrete_latency-wifi_baseline_route-square0p5x3_attack-none_trial-3,square0p5x3,rough_permeable_concrete,rough,low,wifi_baseline,3,none,0.5,3,rough,0.064,-0.064,1.65,2.1;2.1;2.1;2.1,-0.14,-0.14,1784561333.6310017,422577828000000,422577828000000,422578578000000,422578203000000,750.0,2563.161,2563.161,422578.578,422578.578,,420015.02,True,25,0,0,0,False,0,1007,1126,2563161,2563162,2563161,-0.126883535,-0.127062118,296759,473611,11.40118,-0.307123,-0.414465,-141.0627,-6.259766,-36.2207,1012.822,2.34,2.63875,-2.08875,38,-29,-49,52.77778,True,58,3,37.24856383,-80.41749083,12,0.74,,,,1560855,4226,1041
91,True,,speed-low_surface-rough_permeable_concrete_latency-wifi_baseline_route-square0p5x3_attack-none_trial-3,square0p5x3,rough_permeable_concrete,rough,low,wifi_baseline,3,none,0.5,3,rough,0.064,-0.064,1.65,2.1;2.1;2.1;2.1,-0.14,-0.14,1784561334.6034636,422578812000000,422578812000000,422579500000000,422579156000000,688.0,2564.126,2564.126,422579.5,422579.5,,420015.02,True,25,0,0,0,False,0,1007,1127,2564126,2564127,2564126,-0.129023346,-0.107657932,297660,474557,11.40118,0.727254,-2.279972,-137.4633,-5.283203,55.57617,866.8262,1.5275,4.01375,-4.71375,33,-37,-45,52.77778,True,160,3,37.24856483,-80.4174915,12,0.74,,,,1561412,4228,1042
92,True,,speed-low_surface-rough_permeable_concrete_latency-wifi_baseline_route-square0p5x3_attack-none_trial-3,square0p5x3,rough_permeable_concrete,rough,low,wifi_baseline,3,none,0.5,3,rough,0.064,-0.064,1.65,2.1;2.1;2.1;2.1,-0.14,-0.14,1784561335.3816438,422579578000000,422579578000000,422580312000000,422579945000000,734.0,2564.911,2564.911,422580.312,422580.312,,420015.0245,True,25,0,0,0,False,0,1007,1128,2564911,2564913,2564911,-0.021506965,-0.021547003,297969,474880,11.40118,0.638588,1.191584,-135.5225,-75.5957,8.701172,982.0605,-0.035,2.01375,-0.52625,39,-41,-45,52.77778,True,52,3,37.24856583,-80.41749217,12,0.74,,,,1561836,4230,1043
93,True,,speed-low_surface-rough_permeable_concrete_latency-wifi_baseline_route-square0p5x3_attack-none_trial-3,square0p5x3,rough_permeable_concrete,rough,low,wifi_baseline,3,none,0.5,3,rough,0.064,-0.064,1.65,2.1;2.1;2.1;2.1,-0.14,-0.14,1784561336.631578,422580828000000,422580828000000,422581500000000,422581164000000,672.0,2566.161,2566.161,422581.5,422581.5,,420015.0245,True,25,0,0,0,False,0,1007,1129,2566161,2566162,2566161,0,-0.021467074,297969,474887,11.40118,-0.195311,-1.242488,-134.7215,-5.771484,12.11914,983.0371,0.59,0.88875,-6.90125,39,-40,-43,52.77778,True,313,3,37.24856633,-80.41749267,12,0.74,,,,1562653,4232,1043
94,True,,speed-low_surface-rough_permeable_concrete_latency-wifi_baseline_route-square0p5x3_attack-none_trial-3,square0p5x3,rough_permeable_concrete,rough,low,wifi_baseline,3,none,0.5,3,rough,0.064,-0.064,1.65,2.1;2.1;2.1;2.1,-0.14,-0.14,1784561337.6035821,422581812000000,422581812000000,422582562000000,422582187000000,750.0,2567.13,2567.13,422582.562,422582.562,,420015.02550000005,True,25,0,0,0,False,0,1007,1130,2567130,2567131,2567130,0,-0.063326063,297969,475147,11.40118,-1.138563,-1.22334,-138.9251,13.75977,-37.68555,976.2012,-3.8475,-2.48625,-13.40125,40,-37,-45,52.77778,True,164,3,37.2485665,-80.417493,12,0.74,,,,1563208,4234,1044
95,True,,speed-low_surface-rough_permeable_concrete_latency-wifi_baseline_route-square0p5x3_attack-none_trial-3,square0p5x3,rough_permeable_concrete,rough,low,wifi_baseline,3,none,0.5,3,rough,0.064,-0.064,1.65,2.1;2.1;2.1;2.1,-0.14,-0.14,1784561338.4292965,422582625000000,422582625000000,422583390000000,422583007500000,765.0,2567.976,2567.976,422583.39,422583.39,,420015.02599999995,True,25,0,0,0,False,0,1007,1131,2567976,2567977,2567976,0,-0.044687474,297943,475419,11.39672,-0.496632,-0.021587,-144.9759,23.03711,-17.17773,985.4785,-0.66,0.38875,-18.58875,38,-31,-47,52.77778,True,69,3,37.24856683,-80.417493,12,0.74,,,,1563695,4236,1045
96,True,,speed-low_surface-rough_permeable_concrete_latency-wifi_baseline_route-square0p5x3_attack-none_trial-3,square0p5x3,rough_permeable_concrete,rough,low,wifi_baseline,3,none,0.5,3,rough,0.064,-0.064,1.65,2.1;2.1;2.1;2.1,-0.14,-0.14,1784561339.6391962,422583843000000,422583843000000,422584515000000,422584179000000,672.0,2569.161,2569.161,422584.515,422584.515,,420015.02599999995,True,25,0,0,0,False,0,1007,1132,2569161,2569162,2569161,0,0,297943,475580,11.39672,-0.388399,0.171064,-144.8653,-10.6543,-17.17773,974.248,-0.035,0.57625,-0.58875,39,-25,-45,52.77778,True,312,3,37.24856717,-80.41749283,12,0.74,,,,1564447,4238,1045
97,True,,speed-low_surface-rough_permeable_concrete_latency-wifi_baseline_route-square0p5x3_attack-none_trial-3,square0p5x3,rough_permeable_concrete,rough,low,wifi_baseline,3,none,0.5,3,rough,0.064,-0.064,1.65,2.1;2.1;2.1;2.1,-0.14,-0.14,1784561340.599228,422584796000000,422584796000000,422585546000000,422585171000000,750.0,2570.135,2570.135,422585.546,422585.546,,420015.03,True,25,0,0,0,False,0,1007,1133,2570135,2570136,2570135,0,0,297943,475580,11.39672,0.030828,-0.163619,-144.0563,-0.888672,-5.458984,981.5723,-0.2225,-0.73625,-0.33875,37,-28,-47,52.77778,True,169,3,37.24856733,-80.4174925,12,0.84,,,,1565000,4240,1046
98,True,,speed-low_surface-rough_permeable_concrete_latency-wifi_baseline_route-square0p5x3_attack-none_trial-3,square0p5x3,rough_permeable_concrete,rough,low,wifi_baseline,3,none,0.5,3,rough,0.064,-0.064,1.65,2.1;2.1;2.1;2.1,-0.14,-0.14,1784561341.5408494,422585750000000,422585750000000,422586406000000,422586078000000,656.0,2571.069,2571.069,422586.406,422586.406,,420015.03,True,25,0,0,0,False,0,1007,1134,2571069,2571070,2571069,0,0,297943,475580,11.39672,0.053787,0.071933,-142.7646,-0.888672,-4.482422,981.084,0.5275,0.26375,-0.21375,37,-29,-48,52.77778,True,136,3,37.2485675,-80.41749217,12,0.84,,,,1565553,4242,1047
99,True,,speed-low_surface-rough_permeable_concrete_latency-wifi_baseline_route-square0p5x3_attack-none_trial-3,square0p5x3,rough_permeable_concrete,rough,low,wifi_baseline,3,none,0.5,3,rough,0.064,-0.064,1.65,2.1;2.1;2.1;2.1,-0.14,-0.14,1784561342.6400442,422586843000000,422586843000000,422587500000000,422587171500000,657.0,2572.169,2572.169,422587.5,422587.5,,420015.02599999995,True,25,0,0,0,False,0,1007,1135,2572169,2572170,2572169,0,-0.021494675,297943,475584,11.39672,-0.24489,-1.89328,-142.8761,44.52148,-18.1543,958.623,0.09,-0.48625,-6.21375,39,-31,-46,52.77778,True,294,3,37.2485675,-80.41749183,12,0.74,,,,1566237,4244,1047
100,True,,speed-low_surface-rough_permeable_concrete_latency-wifi_baseline_route-square0p5x3_attack-none_trial-3,square0p5x3,rough_permeable_concrete,rough,low,wifi_baseline,3,none,0.5,3,rough,0.064,-0.064,1.65,2.1;2.1;2.1;2.1,-0.14,-0.14,1784561343.6010354,422587796000000,422587796000000,422588609000000,422588202500000,813.0,2573.131,2573.131,422588.609,422588.609,,420015.03,True,25,0,0,0,False,0,1007,1136,2573131,2573132,2573131,-0.042235151,-0.126652125,298045,476170,11.39672,-0.139288,1.035352,-148.4937,-32.62695,-18.1543,893.1934,-3.16,-4.79875,-17.58875,34,-24,-50,52.77778,True,157,3,37.2485675,-80.41749167,12,0.84,,,,1566790,4246,1048
101,True,,speed-low_surface-rough_permeable_concrete_latency-wifi_baseline_route-square0p5x3_attack-none_trial-3,square0p5x3,rough_permeable_concrete,rough,low,wifi_baseline,3,none,0.5,3,rough,0.064,-0.064,1.65,2.1;2.1;2.1;2.1,-0.14,-0.14,1784561344.44382,422588640000000,422588640000000,422589328000000,422588984000000,688.0,2573.974,2573.974,422589.328,422589.328,,420015.03,True,25,0,0,0,False,0,1007,1137,2573974,2573976,2573974,-0.1317537,-0.131770183,298588,476932,11.39672,-1.646775,-1.736562,-153.8139,120.6934,-10.83008,992.8027,5.6525,1.57625,-8.21375,28,-10,-49,52.77778,True,75,3,37.24856817,-80.41749033,12,0.84,,,,1567274,4248,1049
102,True,,speed-low_surface-rough_permeable_concrete_latency-wifi_baseline_route-square0p5x3_attack-none_trial-3,square0p5x3,rough_permeable_concrete,rough,low,wifi_baseline,3,none,0.5,3,rough,0.064,-0.064,1.65,2.1;2.1;2.1;2.1,-0.14,-0.14,1784561345.637925,422589843000000,422589843000000,422590562000000,422590202500000,719.0,2575.191,2575.191,422590.562,422590.562,,420015.03,True,25,0,0,0,False,0,1007,1138,2575191,2575192,2575191,-0.138760583,-0.138760583,299639,478075,11.39672,0.99345,-1.199178,-158.0183,0.576172,42.88086,912.7246,2.59,9.63875,-5.46375,30,-11,-51,52.77778,True,344,3,37.24856883,-80.41748833,12,0.84,,,,1568025,4250,1049
103,True,,speed-low_surface-rough_permeable_concrete_latency-wifi_baseline_route-square0p5x3_attack-none_trial-3,square0p5x3,rough_permeable_concrete,rough,low,wifi_baseline,3,none,0.5,3,rough,0.064,-0.064,1.65,2.1;2.1;2.1;2.1,-0.14,-0.14,1784561346.6338577,422590828000000,422590828000000,422591484000000,422591156000000,656.0,2576.163,2576.163,422591.484,422591.484,,420015.03,True,25,0,0,0,False,0,1007,1139,2576163,2576164,2576163,-0.147864534,-0.148051599,300527,478990,11.39672,-0.310307,-0.994157,-157.996,79.18945,-28.89648,881.9629,0.84,3.70125,1.72375,20,-8,-49,52.22222,True,166,3,37.24856933,-80.4174865,12,0.84,,,,1568580,4252,1050
104,True,,speed-low_surface-rough_permeable_concrete_latency-wifi_baseline_route-square0p5x3_attack-none_trial-3,square0p5x3,rough_permeable_concrete,rough,low,wifi_baseline,3,none,0.5,3,rough,0.064,-0.064,1.65,2.1;2.1;2.1;2.1,-0.14,-0.14,1784561347.5906641,422591796000000,422591796000000,422592500000000,422592148000000,704.0,2577.154,2577.154,422592.5,422592.5,,420015.02550000005,True,25,0,0,0,False,0,1007,1140,2577154,2577155,2577154,-0.105989522,-0.105944744,301428,479935,11.39672,0.759618,5.020722,-156.3429,-169.3457,-19.61914,987.9199,-4.035,-4.86125,-0.83875,22,-9,-47,52.77778,True,186,3,37.24856983,-80.41748483,12,0.74,,,,1569135,4254,1051
105,True,,speed-low_surface-rough_permeable_concrete_latency-wifi_baseline_route-square0p5x3_attack-none_trial-3,square0p5x3,rough_permeable_concrete,rough,low,wifi_baseline,3,none,0.5,3,rough,0.064,-0.064,1.65,2.1;2.1;2.1;2.1,-0.14,-0.14,1784561348.5915236,422592796000000,422592796000000,422593531000000,422593163500000,735.0,2578.122,2578.122,422593.531,422593.531,,420015.03,True,25,0,0,0,False,0,1007,1141,2578122,2578124,2578122,0,-0.021658662,301763,480287,11.37677,2.380646,1.398218,-154.0359,-36.5332,-32.31445,972.2949,0.59,-0.92375,-8.40125,28,-20,-46,52.22222,True,166,3,37.2485705,-80.41748317,12,0.74,,,,1569690,4256,1052
106,True,,speed-low_surface-rough_permeable_concrete_latency-wifi_baseline_route-square0p5x3_attack-none_trial-3,square0p5x3,rough_permeable_concrete,rough,low,wifi_baseline,3,none,0.5,3,rough,0.064,-0.064,1.65,2.1;2.1;2.1;2.1,-0.14,-0.14,1784561349.3542829,422593562000000,422593562000000,422594234000000,422593898000000,672.0,2578.892,2578.892,422594.234,422594.234,,420015.02550000005,True,25,0,0,0,False,0,1007,1142,2578892,2578893,2578892,0,-0.064474814,301763,480442,11.37677,3.469935,-2.58567,-155.1469,27.91992,-4.482422,987.4316,-0.035,-1.42375,-16.15125,27,-22,-46,52.22222,True,86,3,37.24857083,-80.4174825,12,0.74,,,,1570093,4258,1053
107,True,,speed-low_surface-rough_permeable_concrete_latency-wifi_baseline_route-square0p5x3_attack-none_trial-3,square0p5x3,rough_permeable_concrete,rough,low,wifi_baseline,3,none,0.5,3,rough,0.064,-0.064,1.65,2.1;2.1;2.1;2.1,-0.14,-0.14,1784561350.6578386,422594859000000,422594859000000,422595578000000,422595218500000,719.0,2580.214,2580.214,422595.578,422595.578,,420015.018,True,25,0,0,0,False,0,1007,1143,2580214,2580215,2580214,0.046218008,-0.069273814,301682,480932,11.37677,6.707991,-1.668984,-163.3674,2.041016,-52.82227,987.4316,-3.5975,-2.92375,-31.08875,15,-19,-47,52.22222,True,367,3,37.24857133,-80.41748183,12,0.74,,,,1570929,4260,1053
108,True,,speed-low_surface-rough_permeable_concrete_latency-wifi_baseline_route-square0p5x3_attack-none_trial-3,square0p5x3,rough_permeable_concrete,rough,low,wifi_baseline,3,none,0.5,3,rough,0.064,-0.064,1.65,2.1;2.1;2.1;2.1,-0.14,-0.14,1784561351.6564336,422595859000000,422595859000000,422596593000000,422596226000000,734.0,2581.186,2581.186,422596.593,422596.593,,420015.02550000005,True,25,0,0,0,False,0,1007,1144,2581186,2581187,2581186,0.04298935,-0.04298935,301310,481323,11.37677,5.678612,-1.620656,-171.6608,-27.74414,24.32617,977.666,2.09,-5.23625,-25.40125,1,-8,-47,52.22222,True,166,3,37.24857267,-80.4174805,12,0.74,,,,1571484,4262,1054
109,True,,speed-low_surface-rough_permeable_concrete_latency-wifi_baseline_route-square0p5x3_attack-none_trial-3,square0p5x3,rough_permeable_concrete,rough,low,wifi_baseline,3,none,0.5,3,rough,0.064,-0.064,1.65,2.1;2.1;2.1;2.1,-0.14,-0.14,1784561352.617952,422596812000000,422596812000000,422597625000000,422597218500000,813.0,2582.178,2582.178,422597.625,422597.625,,420015.03,True,25,0,0,0,False,0,1007,1145,2582178,2582179,2582178,0,0,301176,481508,11.37677,6.369249,-5.645306,-170.7573,17.66602,1.865234,977.1777,-0.41,2.07625,0.59875,0,-14,-49,52.77778,True,186,3,37.24857333,-80.4174795,12,0.84,,,,1572039,4264,1055
110,True,,speed-low_surface-rough_permeable_concrete_latency-wifi_baseline_route-square0p5x3_attack-none_trial-3,square0p5x3,rough_permeable_concrete,rough,low,wifi_baseline,3,none,0.5,3,rough,0.064,-0.064,1.65,2.1;2.1;2.1;2.1,-0.14,-0.14,1784561353.6212544,422597828000000,422597828000000,422598484000000,422598156000000,656.0,2583.155,2583.155,422598.484,422598.484,,420015.018,True,25,0,0,0,False,0,1007,1146,2583155,2583156,2583155,0,0,301175,481508,11.37677,5.458552,-4.464788,-168.8296,-14.56055,-8.388672,983.5254,-0.8475,-2.23625,0.97375,-2,-10,-50,52.77778,True,172,3,37.2485725,-80.41748017,12,0.75,,,,1572594,4266,1056
111,True,,speed-low_surface-rough_permeable_concrete_latency-wifi_baseline_route-square0p5x3_attack-none_trial-3,square0p5x3,rough_permeable_concrete,rough,low,wifi_baseline,3,none,0.5,3,rough,0.064,-0.064,1.65,2.1;2.1;2.1;2.1,-0.14,-0.14,1784561354.5964787,422598796000000,422598796000000,422599468000000,422599132000000,672.0,2584.123,2584.123,422599.468,422599.468,,420015.0125,True,25,0,0,0,False,0,1007,1147,2584123,2584124,2584123,0,0,301175,481509,11.37677,5.722678,-4.342768,-166.4391,-4.306641,-7.412109,985.9668,-0.4725,-0.79875,1.09875,-1,-12,-50,52.77778,True,164,3,37.24857067,-80.41748233,12,0.75,,,,1573149,4268,1057
112,True,,speed-low_surface-rough_permeable_concrete_latency-wifi_baseline_route-square0p5x3_attack-none_trial-3,square0p5x3,rough_permeable_concrete,rough,low,wifi_baseline,3,none,0.5,3,rough,0.064,-0.064,1.65,2.1;2.1;2.1;2.1,-0.14,-0.14,1784561355.3330948,422599531000000,422599531000000,422600281000000,422599906000000,750.0,2584.868,2584.868,422600.281,422600.281,,420015.0125,True,25,0,0,0,False,0,1007,1148,2584868,2584870,2584868,0,-0.021485467,301176,481511,11.37677,6.277277,-4.761062,-163.7042,24.01367,-16.68945,984.9902,-1.4725,-1.29875,-1.77625,4,-14,-44,52.77778,True,50,3,37.24856933,-80.41748417,12,0.75,,,,1573531,4270,1058
113,True,,speed-low_surface-rough_permeable_concrete_latency-wifi_baseline_route-square0p5x3_attack-none_trial-3,square0p5x3,rough_permeable_concrete,rough,low,wifi_baseline,3,none,0.5,3,rough,0.064,-0.064,1.65,2.1;2.1;2.1;2.1,-0.14,-0.14,1784561356.7067192,422600906000000,422600906000000,422601609000000,422601257500000,703.0,2586.24,2586.24,422601.609,422601.609,,420015.0175,True,25,0,0,0,False,0,1007,1149,2586240,2586241,2586240,-0.107473375,-0.12896805,301480,482342,11.37677,9.415878,-12.34484,-142.6574,-71.20117,-58.19336,881.4746,-4.5975,-10.79875,-6.21375,-10,-37,-49,52.22222,True,396,3,37.24856883,-80.41748433,12,0.75,,,,1574388,4272,1058
114,True,,speed-low_surface-rough_permeable_concrete_latency-wifi_baseline_route-square0p5x3_attack-none_trial-3,square0p5x3,rough_permeable_concrete,rough,low,wifi_baseline,3,none,0.5,3,rough,0.064,-0.064,1.65,2.1;2.1;2.1;2.1,-0.14,-0.14,1784561357.685091,422601890000000,422601890000000,422602640000000,422602265000000,750.0,2587.214,2587.214,422602.64,422602.64,,420015.018,True,25,0,0,0,False,0,1007,1150,2587214,2587215,2587214,-0.126865704,-0.126812242,302233,483290,11.37677,8.177307,-10.72149,-139.8035,61.12305,94.15039,739.3848,2.965,4.26375,-13.52625,-1,-27,-49,52.77778,True,167,3,37.2485685,-80.4174835,12,0.75,,,,1574943,4274,1059
115,True,,speed-low_surface-rough_permeable_concrete_latency-wifi_baseline_route-square0p5x3_attack-none_trial-3,square0p5x3,rough_permeable_concrete,rough,low,wifi_baseline,3,none,0.5,3,rough,0.064,-0.064,1.65,2.1;2.1;2.1;2.1,-0.14,-0.14,1784561358.6599758,422602859000000,422602859000000,422603515000000,422603187000000,656.0,2588.177,2588.177,422603.515,422603.515,,420015.0175,True,25,0,0,0,False,0,1007,1151,2588177,2588179,2588177,-0.14187345,-0.148060071,303114,484236,11.38085,8.102994,-11.31712,-138.0695,95.79102,108.7988,933.2324,-8.035,19.70125,8.97375,-3,-31,-52,52.77778,True,157,3,37.24856733,-80.41748233,12,0.75,,,,1575500,4276,1060
116,True,,speed-low_surface-rough_permeable_concrete_latency-wifi_baseline_route-square0p5x3_attack-none_trial-3,square0p5x3,rough_permeable_concrete,rough,low,wifi_baseline,3,none,0.5,3,rough,0.064,-0.064,1.65,2.1;2.1;2.1;2.1,-0.14,-0.14,1784561359.623469,422603828000000,422603828000000,422604484000000,422604156000000,656.0,2589.149,2589.149,422604.484,422604.484,,420015.0115,True,25,0,0,0,False,0,1007,1152,2589149,2589150,2589149,-0.147367997,-0.147574482,304019,485168,11.38085,4.037788,-9.199078,-132.504,43.05664,-137.2949,1257.939,-4.8475,10.88875,-15.90125,-6,-26,-51,52.22222,True,166,3,37.24856617,-80.4174815,12,0.75,,,,1576057,4278,1061
117,True,,speed-low_surface-rough_permeable_concrete_latency-wifi_baseline_route-square0p5x3_attack-none_trial-3,square0p5x3,rough_permeable_concrete,rough,low,wifi_baseline,3,none,0.5,3,rough,0.064,-0.064,1.65,2.1;2.1;2.1;2.1,-0.14,-0.14,1784561360.6017752,422604796000000,422604796000000,422605437000000,422605116500000,641.0,2590.13,2590.13,422605.437,422605.437,,420015.01,True,25,0,0,0,False,0,1007,1153,2590130,2590131,2590130,-0.107411997,-0.128655601,304910,486059,11.38085,4.758561,-7.057058,-123.5202,-96.10352,104.8926,1217.412,-4.41,8.13875,-2.27625,-2,-31,-49,52.77778,True,178,3,37.248565,-80.41748,12,0.75,,,,1576614,4280,1062
118,True,,speed-low_surface-rough_permeable_concrete_latency-wifi_baseline_route-square0p5x3_attack-none_trial-3,square0p5x3,rough_permeable_concrete,rough,low,wifi_baseline,3,none,0.5,3,rough,0.064,-0.064,1.65,2.1;2.1;2.1;2.1,-0.14,-0.14,1784561361.4257686,422605625000000,422605625000000,422606328000000,422605976500000,703.0,2590.952,2590.952,422606.328,422606.328,,420015.0115,True,25,0,0,0,False,0,1007,1154,2590952,2590954,2590952,0,-0.021510039,305234,486399,11.38085,3.503657,-7.311631,-115.4257,-121.4941,9.677734,980.1074,-0.035,1.13875,-2.02625,-9,-31,-50,52.22222,True,52,3,37.248564,-80.417479,12,0.75,,,,1577078,4282,1063
119,True,,speed-low_surface-rough_permeable_concrete_latency-wifi_baseline_route-square0p5x3_attack-none_trial-3,square0p5x3,rough_permeable_concrete,rough,low,wifi_baseline,3,none,0.5,3,rough,0.064,-0.064,1.65,2.1;2.1;2.1;2.1,-0.14,-0.14,1784561362.6281784,422606828000000,422606828000000,422607484000000,422607156000000,656.0,2592.165,2592.165,422607.484,422607.484,,420015.01,True,25,0,0,0,False,0,1007,1155,2592165,2592166,2592165,0,-0.021448713,305234,486405,11.38085,1.586899,-8.667117,-106.1172,-0.888672,-3.505859,968.3887,0.215,1.38875,-3.83875,-10,-31,-47,52.22222,True,316,3,37.24856367,-80.41747867,12,0.75,,,,1577857,4284,1063
120,True,,speed-low_surface-rough_permeable_concrete_latency-wifi_baseline_route-square0p5x3_attack-none_trial-3,square0p5x3,rough_permeable_concrete,rough,low,wifi_baseline,3,none,0.5,3,rough,0.064,-0.064,1.65,2.1;2.1;2.1;2.1,-0.14,-0.14,1784561363.6011987,422607796000000,422607796000000,422608484000000,422608140000000,688.0,2593.145,2593.145,422608.484,422608.484,,420015.00999999995,True,25,0,0,0,False,0,1007,1156,2593145,2593146,2593145,0,-0.042503595,305234,486572,11.38085,0.675281,-6.093366,-103.2282,-5.771484,-21.57227,984.9902,-0.0975,-1.67375,-16.46375,-5,-35,-49,52.77778,True,175,3,37.2485635,-80.41747817,12,0.75,,,,1578416,4286,1064
121,True,,speed-low_surface-rough_permeable_concrete_latency-wifi_baseline_route-square0p5x3_attack-none_trial-3,square0p5x3,rough_permeable_concrete,rough,low,wifi_baseline,3,none,0.5,3,rough,0.064,-0.064,1.65,2.1;2.1;2.1;2.1,-0.14,-0.14,1784561364.6084406,422608812000000,422608812000000,422609500000000,422609156000000,688.0,2594.158,2594.158,422609.5,422609.5,,420015.00899999996,True,25,0,0,0,False,0,1007,1157,2594158,2594160,2594158,0,-0.04580296,305173,486949,11.38085,1.540518,-6.862914,-105.7369,47.93945,13.0957,928.3496,-0.3475,2.32625,-17.58875,-6,-36,-48,52.77778,True,212,3,37.24856333,-80.4174775,12,0.75,,,,1578975,4288,1065
122,True,,speed-low_surface-rough_permeable_concrete_latency-wifi_baseline_route-square0p5x3_attack-none_trial-3,square0p5x3,rough_permeable_concrete,rough,low,wifi_baseline,3,none,0.5,3,rough,0.064,-0.064,1.65,2.1;2.1;2.1;2.1,-0.14,-0.14,1784561365.6096578,422609812000000,422609812000000,422610531000000,422610171500000,719.0,2595.137,2595.137,422610.531,422610.531,,420015.00899999996,True,25,0,0,0,False,0,1007,1158,2595137,2595138,2595137,0,0,305173,487149,11.38085,0.85656,-4.167148,-100.1768,-21.88477,-12.29492,987.4316,0.215,1.57625,0.53625,-3,-41,-47,52.22222,True,175,3,37.24856333,-80.41747717,12,0.75,,,,1579534,4290,1066
123,True,,speed-low_surface-rough_permeable_concrete_latency-wifi_baseline_route-square0p5x3_attack-none_trial-3,square0p5x3,rough_permeable_concrete,rough,low,wifi_baseline,3,none,0.5,3,rough,0.064,-0.064,1.65,2.1;2.1;2.1;2.1,-0.14,-0.14,1784561366.5309289,422610734000000,422610734000000,422611453000000,422611093500000,719.0,2596.079,2596.079,422611.453,422611.453,,420015.00999999995,True,25,0,0,0,False,0,1007,1159,2596079,2596081,2596079,0,0,305173,487149,11.38085,0.026682,-2.606027,-92.72384,-4.306641,-3.994141,981.5723,0.215,2.01375,-0.02625,-4,-40,-50,52.22222,True,144,3,37.24856333,-80.417477,12,0.75,,,,1580093,4292,1067
124,True,,speed-low_surface-rough_permeable_concrete_latency-wifi_baseline_route-square0p5x3_attack-none_trial-3,square0p5x3,rough_permeable_concrete,rough,low,wifi_baseline,3,none,0.5,3,rough,0.064,-0.064,1.65,2.1;2.1;2.1;2.1,-0.14,-0.14,1784561367.65936,422611859000000,422611859000000,422612562000000,422612210500000,703.0,2597.183,2597.183,422612.562,422612.562,,420015.01,True,25,0,0,0,False,0,1007,1160,2597183,2597184,2597183,0,0,305173,487149,11.38085,-0.155068,-1.83409,-90.89143,-3.330078,-4.970703,981.084,-0.785,-0.98625,-0.65125,-3,-39,-49,52.22222,True,297,3,37.24856367,-80.41747667,12,0.75,,,,1580781,4294,1067
125,True,,speed-low_surface-rough_permeable_concrete_latency-wifi_baseline_route-square0p5x3_attack-none_trial-3,square0p5x3,rough_permeable_concrete,rough,low,wifi_baseline,3,none,0.5,3,rough,0.064,-0.064,1.65,2.1;2.1;2.1;2.1,-0.14,-0.14,1784561368.6482387,422612843000000,422612843000000,422613593000000,422613218000000,750.0,2598.184,2598.184,422613.593,422613.593,,420015.01,True,25,0,0,0,False,0,1007,1161,2598184,2598185,2598184,0,-0.021494675,305173,487161,11.37705,-0.864588,-1.967008,-92.02234,30.36133,19.44336,949.834,-1.7225,2.51375,-10.77625,0,-42,-51,52.22222,True,195,3,37.24856367,-80.41747633,12,0.75,,,,1581342,4296,1068
126,True,,speed-low_surface-rough_permeable_concrete_latency-wifi_baseline_route-square0p5x3_attack-none_trial-3,square0p5x3,rough_permeable_concrete,rough,low,wifi_baseline,3,none,0.5,3,rough,0.064,-0.064,1.65,2.1;2.1;2.1;2.1,-0.14,-0.14,1784561369.659006,422613859000000,422613859000000,422614515000000,422614187000000,656.0,2599.182,2599.182,422614.515,422614.515,,420015.00999999995,True,25,0,0,0,False,0,1007,1162,2599182,2599183,2599182,-0.0859787,-0.12896805,305313,487720,11.37705,-0.404859,-4.246493,-95.46027,108.9746,-3.017578,896.123,-10.41,-1.54875,-6.83875,2,-51,-50,52.22222,True,193,3,37.24856367,-80.41747617,12,0.75,,,,1581903,4298,1069
127,True,,speed-low_surface-rough_permeable_concrete_latency-wifi_baseline_route-square0p5x3_attack-none_trial-3,square0p5x3,rough_permeable_concrete,rough,low,wifi_baseline,3,none,0.5,3,rough,0.064,-0.064,1.65,2.1;2.1;2.1;2.1,-0.14,-0.14,1784561370.6286404,422614828000000,422614828000000,422615546000000,422615187000000,718.0,2600.153,2600.153,422615.546,422615.546,,420015.00999999995,True,25,0,0,0,False,0,1007,1163,2600153,2600154,2600153,-0.105706565,-0.147926836,305962,488595,11.37705,-4.301799,-2.75341,-102.8964,54.28711,-151.9434,790.6543,-1.5975,0.88875,-28.08875,12,-54,-50,52.22222,True,165,3,37.248564,-80.41747733,12,0.75,,,,1582464,4300,1070
128,True,,speed-low_surface-rough_permeable_concrete_latency-wifi_baseline_route-square0p5x3_attack-none_trial-3,square0p5x3,rough_permeable_concrete,rough,low,wifi_baseline,3,none,0.5,3,rough,0.064,-0.064,1.65,2.1;2.1;2.1;2.1,-0.14,-0.14,1784561371.6000137,422615796000000,422615796000000,422616484000000,422616140000000,688.0,2601.157,2601.157,422616.484,422616.484,,420015.00999999995,True,25,0,0,0,False,0,1007,1164,2601157,2601159,2601157,-0.139016993,-0.139016993,306810,489562,11.37705,-2.984422,-2.514234,-105.6987,87.97852,-149.0137,968.877,9.6525,-15.17375,-9.08875,12,-48,-51,52.22222,True,202,3,37.2485635,-80.417479,12,0.75,,,,1583025,4302,1071
129,True,,speed-low_surface-rough_permeable_concrete_latency-wifi_baseline_route-square0p5x3_attack-none_trial-3,square0p5x3,rough_permeable_concrete,rough,low,wifi_baseline,3,none,0.5,3,rough,0.064,-0.064,1.65,2.1;2.1;2.1;2.1,-0.14,-0.14,1784561372.6070213,422616812000000,422616812000000,422617484000000,422617148000000,672.0,2602.137,2602.137,422617.484,422617.484,,420015.011,True,25,0,0,0,False,0,1007,1165,2602137,2602138,2602137,-0.147843778,-0.147760813,307700,490482,11.37705,-2.649847,-1.88166,-104.9924,69.91211,-42.08008,805.791,3.84,4.82625,-7.15125,12,-46,-52,52.22222,True,176,3,37.2485635,-80.41748017,12,0.75,,,,1583586,4304,1072
130,True,,speed-low_surface-rough_permeable_concrete_latency-wifi_baseline_route-square0p5x3_attack-none_trial-3,square0p5x3,rough_permeable_concrete,rough,low,wifi_baseline,3,none,0.5,3,rough,0.064,-0.064,1.65,2.1;2.1;2.1;2.1,-0.14,-0.14,1784561373.496395,422617703000000,422617703000000,422618375000000,422618039000000,672.0,2603.022,2603.022,422618.375,422618.375,,420015.011,True,25,0,0,0,False,0,1007,1166,2603022,2603024,2603022,-0.121308298,-0.141412336,308515,491316,11.37705,-2.402574,0.554601,-104.5937,-84.87305,-100.6738,992.3145,3.09,-13.98625,5.28625,13,-47,-50,52.22222,True,87,3,37.24856417,-80.41748133,12,0.75,,,,1584116,4306,1073
131,True,,speed-low_surface-rough_permeable_concrete_latency-wifi_baseline_route-square0p5x3_attack-none_trial-3,square0p5x3,rough_permeable_concrete,rough,low,wifi_baseline,3,none,0.5,3,rough,0.064,-0.064,1.65,2.1;2.1;2.1;2.1,-0.14,-0.14,1784561374.7214112,422618921000000,422618921000000,422619640000000,422619280500000,719.0,2604.247,2604.247,422619.64,422619.64,,420015.0145,True,25,0,0,0,False,0,1007,1167,2604247,2604248,2604247,0,0,308905,491757,11.37705,-1.05417,-0.628911,-103.847,20.5957,-20.10742,982.5488,-0.035,1.95125,0.03625,12,-47,-48,52.22222,True,388,3,37.24856433,-80.41748233,12,0.75,,,,1584837,4308,1073
132,True,,speed-low_surface-rough_permeable_concrete_latency-wifi_baseline_route-square0p5x3_attack-none_trial-3,square0p5x3,rough_permeable_concrete,rough,low,wifi_baseline,3,none,0.5,3,rough,0.064,-0.064,1.65,2.1;2.1;2.1;2.1,-0.14,-0.14,1784561375.5053418,422619703000000,422619703000000,422620453000000,422620078000000,750.0,2605.063,2605.063,422620.453,422620.453,,420015.01499999996,True,25,0,0,0,False,0,1007,1168,2605063,2605064,2605063,0,0,308905,491757,11.37705,-0.982552,-0.549197,-104.6929,10.83008,-18.1543,980.1074,-0.8475,-1.73625,-0.15125,12,-47,-47,52.22222,True,174,3,37.24856483,-80.41748267,12,0.75,,,,1585269,4310,1074
133,True,,speed-low_surface-rough_permeable_concrete_latency-wifi_baseline_route-square0p5x3_attack-none_trial-3,square0p5x3,rough_permeable_concrete,rough,low,wifi_baseline,3,none,0.5,3,rough,0.064,-0.064,1.65,2.1;2.1;2.1;2.1,-0.14,-0.14,1784561376.6428194,422620843000000,422620843000000,422621593000000,422621218000000,750.0,2606.175,2606.175,422621.593,422621.593,,420015.01499999996,True,25,0,0,0,False,0,1007,1169,2606175,2606176,2606175,0,-0.021494675,308906,491878,11.37705,-0.881597,-0.581181,-107.9489,30.36133,-23.52539,984.502,-0.535,-0.04875,-11.27625,15,-50,-49,52.22222,True,306,3,37.24856567,-80.41748283,12,0.75,,,,1585959,4312,1074
134,True,,speed-low_surface-rough_permeable_concrete_latency-wifi_baseline_route-square0p5x3_attack-none_trial-3,square0p5x3,rough_permeable_concrete,rough,low,wifi_baseline,3,none,0.5,3,rough,0.064,-0.064,1.65,2.1;2.1;2.1;2.1,-0.14,-0.14,1784561377.6198156,422621828000000,422621828000000,422622468000000,422622148000000,640.0,2607.144,2607.144,422622.468,422622.484,,420015.0145,True,25,0,0,0,False,0,1007,1170,2607144,2607145,2607144,0.021494675,-0.042970934,308905,492179,11.37705,-1.019687,0.916249,-113.4592,-25.79102,0.888672,971.8066,0.5275,3.51375,-18.33875,23,-49,-45,52.22222,True,163,3,37.2485665,-80.41748317,12,0.75,,,,1586520,4314,1075
135,True,,speed-low_surface-rough_permeable_concrete_latency-wifi_baseline_route-square0p5x3_attack-none_trial-3,square0p5x3,rough_permeable_concrete,rough,low,wifi_baseline,3,none,0.5,3,rough,0.064,-0.064,1.65,2.1;2.1;2.1;2.1,-0.14,-0.14,1784561378.6151524,422622812000000,422622812000000,422623484000000,422623148000000,672.0,2608.139,2608.139,422623.484,422623.484,,420015.0145,True,25,0,0,0,False,0,1007,1171,2608139,2608140,2608139,0.042223299,-0.042211453,308686,492579,11.37705,0.254984,-1.498934,-126.4225,50.86914,-44.0332,1021.611,-0.0975,-4.23625,-25.46375,25,-40,-47,52.22222,True,193,3,37.248567,-80.41748333,12,0.75,,,,1587081,4316,1076
136,True,,speed-low_surface-rough_permeable_concrete_latency-wifi_baseline_route-square0p5x3_attack-none_trial-3,square0p5x3,rough_permeable_concrete,rough,low,wifi_baseline,3,none,0.5,3,rough,0.064,-0.064,1.65,2.1;2.1;2.1;2.1,-0.14,-0.14,1784561379.636262,422623843000000,422623843000000,422624546000000,422624194500000,703.0,2609.169,2609.169,422624.546,422624.546,,420015.01499999996,True,25,0,0,0,False,0,1007,1172,2609169,2609170,2609169,-0.021114612,0,308620,492693,11.38081,-0.344672,-1.522462,-125.4471,13.75977,-15.71289,969.8535,-1.2225,0.57625,-0.21375,26,-40,-48,52.22222,True,210,3,37.24856667,-80.41748433,12,0.75,,,,1587640,4318,1077
137,True,,speed-low_surface-rough_permeable_concrete_latency-wifi_baseline_route-square0p5x3_attack-none_trial-3,square0p5x3,rough_permeable_concrete,rough,low,wifi_baseline,3,none,0.5,3,rough,0.064,-0.064,1.65,2.1;2.1;2.1;2.1,-0.14,-0.14,1784561380.6134923,422624812000000,422624812000000,422625468000000,422625140000000,656.0,2610.137,2610.137,422625.468,422625.468,,420015.0145,True,25,0,0,0,False,0,1007,1173,2610137,2610138,2610137,0,0,308620,492693,11.38081,-0.424941,-1.155178,-125.5918,15.22461,-1.552734,976.2012,-0.5975,0.51375,0.97375,26,-42,-48,52.22222,True,163,3,37.248566,-80.41748517,12,0.75,,,,1588199,4320,1078
138,True,,speed-low_surface-rough_permeable_concrete_latency-wifi_baseline_route-square0p5x3_attack-none_trial-3,square0p5x3,rough_permeable_concrete,rough,low,wifi_baseline,3,none,0.5,3,rough,0.064,-0.064,1.65,2.1;2.1;2.1;2.1,-0.14,-0.14,1784561381.5838304,422625781000000,422625781000000,422626484000000,422626132500000,703.0,2611.106,2611.106,422626.484,422626.484,,420015.0145,True,25,0,0,0,False,0,1007,1174,2611106,2611107,2611106,0,0,308621,492693,11.38081,-0.712156,-0.809247,-124.6188,22.54883,-26.45508,985.9668,-0.9725,-0.36125,-0.46375,27,-42,-49,52.22222,True,170,3,37.248565,-80.417486,12,0.75,,,,1588758,4322,1079
139,True,,speed-low_surface-rough_permeable_concrete_latency-wifi_baseline_route-square0p5x3_attack-none_trial-3,square0p5x3,rough_permeable_concrete,rough,low,wifi_baseline,3,none,0.5,3,rough,0.064,-0.064,1.65,2.1;2.1;2.1;2.1,-0.14,-0.14,1784561382.6857107,422626890000000,422626890000000,422627625000000,422627257500000,735.0,2612.226,2612.226,422627.625,422627.625,,420015.0145,True,25,0,0,0,False,0,1007,1175,2612226,2612227,2612226,0,-0.042276686,308621,492702,11.38081,-1.641716,-3.819652,-125.7003,86.51367,-43.05664,962.5293,-0.5975,3.20125,-13.15125,28,-46,-48,52.22222,True,314,3,37.24856417,-80.41748733,12,0.75,,,,1589448,4324,1079
140,True,,speed-low_surface-rough_permeable_concrete_latency-wifi_baseline_route-square0p5x3_attack-none_trial-3,square0p5x3,rough_permeable_concrete,rough,low,wifi_baseline,3,none,0.5,3,rough,0.064,-0.064,1.65,2.1;2.1;2.1;2.1,-0.14,-0.14,1784561383.674314,422627875000000,422627875000000,422628531000000,422628203000000,656.0,2613.205,2613.205,422628.531,422628.531,,420015.0145,True,25,0,0,0,False,0,1007,1176,2613205,2613206,2613205,-0.082683185,-0.123973682,308739,493320,11.38081,-0.441437,-0.628811,-132.9965,39.63867,19.93164,848.7598,-7.3475,-2.67375,-12.40125,35,-34,-46,52.22222,True,173,3,37.24856317,-80.4174895,12,0.75,,,,1590009,4326,1080
141,True,,speed-low_surface-rough_permeable_concrete_latency-wifi_baseline_route-square0p5x3_attack-none_trial-3,square0p5x3,rough_permeable_concrete,rough,low,wifi_baseline,3,none,0.5,3,rough,0.064,-0.064,1.65,2.1;2.1;2.1;2.1,-0.14,-0.14,1784561384.6603045,422628859000000,422628859000000,422629515000000,422629187000000,656.0,2614.196,2614.196,422629.515,422629.531,,420015.0145,True,25,0,0,0,False,0,1007,1177,2614196,2614197,2614196,-0.12896805,-0.12896805,309403,494213,11.38081,0.795354,-6.770481,-132.443,139.7363,10.6543,866.3379,-2.3475,2.76375,-12.96375,30,-46,-47,52.22222,True,184,3,37.24856283,-80.41749133,12,0.75,,,,1590568,4328,1081
142,True,,speed-low_surface-rough_permeable_concrete_latency-wifi_baseline_route-square0p5x3_attack-none_trial-3,square0p5x3,rough_permeable_concrete,rough,low,wifi_baseline,3,none,0.5,3,rough,0.064,-0.064,1.65,2.1;2.1;2.1;2.1,-0.14,-0.14,1784561385.6416502,422629843000000,422629843000000,422630593000000,422630218000000,750.0,2615.162,2615.162,422630.593,422630.593,,420015.01499999996,True,25,0,0,0,False,0,1007,1178,2615162,2615163,2615162,-0.12896805,-0.150462725,310234,495147,11.38081,-0.947717,0.278718,-137.72,-47.76367,31.65039,949.834,0.59,-0.73625,1.16125,36,-28,-48,52.22222,True,160,3,37.24856333,-80.41749217,12,0.75,,,,1591123,4330,1082
143,True,,speed-low_surface-rough_permeable_concrete_latency-wifi_baseline_route-square0p5x3_attack-none_trial-3,square0p5x3,rough_permeable_concrete,rough,low,wifi_baseline,3,none,0.5,3,rough,0.064,-0.064,1.65,2.1;2.1;2.1;2.1,-0.14,-0.14,1784561386.5970786,422630796000000,422630796000000,422631515000000,422631155500000,719.0,2616.123,2616.123,422631.515,422631.515,,420015.01499999996,True,25,0,0,0,False,0,1007,1179,2616123,2616124,2616123,-0.150462725,-0.150462725,311107,496051,11.38081,0.855427,0.473715,-138.2716,-111.2402,1.865234,964.4824,-1.41,-16.48625,-1.21375,35,-35,-52,52.22222,True,157,3,37.24856433,-80.41749233,12,0.75,,,,1591678,4332,1083
144,True,,speed-low_surface-rough_permeable_concrete_latency-wifi_baseline_route-square0p5x3_attack-none_trial-3,square0p5x3,rough_permeable_concrete,rough,low,wifi_baseline,3,none,0.5,3,rough,0.064,-0.064,1.65,2.1;2.1;2.1;2.1,-0.14,-0.14,1784561387.3588576,422631562000000,422631562000000,422632234000000,422631898000000,672.0,2616.882,2616.882,422632.234,422632.234,,420015.016,True,25,0,0,0,False,0,1007,1180,2616882,2616884,2616882,-0.12896805,-0.129004909,311804,496759,11.38081,-1.483559,1.048063,-139.9561,-23.34961,65.3418,1047.49,-7.2225,15.88875,-0.83875,35,-25,-46,52.22222,True,65,3,37.2485655,-80.41749283,12,0.75,,,,1592073,4334,1084
145,True,,speed-low_surface-rough_permeable_concrete_latency-wifi_baseline_route-square0p5x3_attack-none_trial-3,square0p5x3,rough_permeable_concrete,rough,low,wifi_baseline,3,none,0.5,3,rough,0.064,-0.064,1.65,2.1;2.1;2.1;2.1,-0.14,-0.14,1784561388.643456,422632843000000,422632843000000,422633671000000,422633257000000,828.0,2618.172,2618.172,422633.671,422633.671,,420015.017,True,25,0,0,0,False,0,1007,1181,2618172,2618173,2618172,0,0,312201,497197,11.38081,-1.350384,1.231094,-141.3516,24.01367,-13.75977,979.6191,-0.41,-0.79875,14.72375,38,-27,-48,52.22222,True,327,3,37.24856683,-80.41749317,12,0.75,,,,1592917,4336,1084
146,True,,speed-low_surface-rough_permeable_concrete_latency-wifi_baseline_route-square0p5x3_attack-none_trial-3,square0p5x3,rough_permeable_concrete,rough,low,wifi_baseline,3,none,0.5,3,rough,0.064,-0.064,1.65,2.1;2.1;2.1;2.1,-0.14,-0.14,1784561389.6296666,422633828000000,422633828000000,422634593000000,422634210500000,765.0,2619.15,2619.15,422634.593,422634.593,,420015.0255,True,25,0,0,0,False,0,1007,1182,2619150,2619151,2619150,0,0,312201,497199,11.39726,-1.482665,-0.90505,-142.5771,45.98633,-13.75977,971.3184,-0.16,-0.48625,-3.83875,40,-28,-45,52.22222,True,156,3,37.24856733,-80.41749333,12,0.84,,,,1593470,4338,1085
147,True,,speed-low_surface-rough_permeable_concrete_latency-wifi_baseline_route-square0p5x3_attack-none_trial-3,square0p5x3,rough_permeable_concrete,rough,low,wifi_baseline,3,none,0.5,3,rough,0.064,-0.064,1.65,2.1;2.1;2.1;2.1,-0.14,-0.14,1784561390.5958498,422634796000000,422634796000000,422635531000000,422635163500000,735.0,2620.129,2620.129,422635.531,422635.531,,420015.0255,True,25,0,0,0,False,0,1007,1183,2620129,2620130,2620129,0,-0.063016638,312201,497478,11.39726,-0.00614,-2.456745,-147.7621,41.10352,-9.853516,987.9199,0.34,-0.54875,-17.33875,37,-29,-45,52.22222,True,176,3,37.24856783,-80.41749317,12,0.75,,,,1594025,4340,1086
148,True,,speed-low_surface-rough_permeable_concrete_latency-wifi_baseline_route-square0p5x3_attack-none_trial-3,square0p5x3,rough_permeable_concrete,rough,low,wifi_baseline,3,none,0.5,3,rough,0.064,-0.064,1.65,2.1;2.1;2.1;2.1,-0.14,-0.14,1784561391.3900034,422635593000000,422635593000000,422636328000000,422635960500000,735.0,2620.921,2620.921,422636.328,422636.328,,420015.0265,True,25,0,0,0,False,0,1007,1184,2620921,2620923,2620921,0.042964799,-0.064309471,312178,497754,11.39726,-0.882273,-0.828427,-153.429,-29.69727,-29.87305,966.4355,-0.785,-1.04875,-27.15125,39,-22,-45,52.22222,True,51,3,37.2485685,-80.41749317,12,0.75,,,,1594458,4342,1087
149,True,,speed-low_surface-rough_permeable_concrete_latency-wifi_baseline_route-square0p5x3_attack-none_trial-3,square0p5x3,rough_permeable_concrete,rough,low,wifi_baseline,3,none,0.5,3,rough,0.064,-0.064,1.65,2.1;2.1;2.1;2.1,-0.14,-0.14,1784561392.6409647,422636843000000,422636843000000,422637500000000,422637171500000,657.0,2622.166,2622.166,422637.5,422637.5,,420015.0255,True,25,0,0,0,False,0,1007,1185,2622166,2622167,2622166,0.021150228,-0.042276686,311755,498309,11.39726,-1.14904,-0.297937,-171.1851,65.51758,-79.18945,1013.311,0.9025,-2.23625,-26.40125,24,-4,-47,52.22222,True,319,3,37.248569,-80.41749267,12,0.75,,,,1595264,4344,1087
150,True,,speed-low_surface-rough_permeable_concrete_latency-wifi_baseline_route-square0p5x3_attack-none_trial-3,square0p5x3,rough_permeable_concrete,rough,low,wifi_baseline,3,none,0.5,3,rough,0.064,-0.064,1.65,2.1;2.1;2.1;2.1,-0.14,-0.14,1784561393.6158447,422637812000000,422637812000000,422638484000000,422638148000000,672.0,2623.139,2623.139,422638.484,422638.484,,420015.017,True,25,0,0,0,False,0,1007,1186,2623139,2623140,2623139,0.021506965,0,311699,498390,11.39726,-0.559301,-0.454146,-171.1688,-2.353516,1.376953,961.5527,0.215,0.95125,-0.58875,22,-3,-51,52.22222,True,169,3,37.24857167,-80.41749133,12,0.84,,,,1595817,4346,1088
151,True,,speed-low_surface-rough_permeable_concrete_latency-wifi_baseline_route-square0p5x3_attack-none_trial-3,square0p5x3,rough_permeable_concrete,rough,low,wifi_baseline,3,none,0.5,3,rough,0.064,-0.064,1.65,2.1;2.1;2.1;2.1,-0.14,-0.14,1784561394.5893312,422638796000000,422638796000000,422639453000000,422639124500000,657.0,2624.111,2624.111,422639.453,422639.453,,420015.017,True,25,0,0,0,False,0,1007,1187,2624111,2624112,2624111,0,0,311698,498389,11.39726,-1.049281,-0.537079,-171.8546,11.31836,-11.80664,984.502,-0.66,0.07625,-0.27625,18,-1,-49,52.22222,True,171,3,37.2485725,-80.41749083,12,0.75,,,,1596372,4348,1089
152,True,,speed-low_surface-rough_permeable_concrete_latency-wifi_baseline_route-square0p5x3_attack-none_trial-3,square0p5x3,rough_permeable_concrete,rough,low,wifi_baseline,3,none,0.5,3,rough,0.064,-0.064,1.65,2.1;2.1;2.1;2.1,-0.14,-0.14,1784561395.2884808,422639484000000,422639484000000,422640218000000,422639851000000,734.0,2624.816,2624.816,422640.218,422640.218,,420015.017,True,25,0,0,0,False,0,1007,1188,2624816,2624818,2624816,0.021510039,0,311697,498389,11.39726,-0.500084,-0.422141,-171.6052,-1.376953,-12.7832,977.666,0.215,0.88875,-2.40125,25,-1,-44,52.22222,True,71,3,37.248573,-80.41749067,12,0.84,,,,1596704,4350,1090
153,True,,speed-low_surface-rough_permeable_concrete_latency-wifi_baseline_route-square0p5x3_attack-none_trial-3,square0p5x3,rough_permeable_concrete,rough,low,wifi_baseline,3,none,0.5,3,rough,0.064,-0.064,1.65,2.1;2.1;2.1;2.1,-0.14,-0.14,1784561396.6379938,422640843000000,422640843000000,422641546000000,422641194500000,703.0,2626.167,2626.167,422641.546,422641.546,,420015.0255,True,25,0,0,0,False,0,1007,1189,2626167,2626168,2626167,-0.04298935,-0.107473375,311711,498754,11.39726,5.444765,-0.518385,178.2689,-47.27539,139.5605,833.1348,-2.035,1.45125,-24.33875,17,-4,-51,52.22222,True,326,3,37.24857367,-80.41749017,12,0.75,,,,1597611,4352,1090
154,True,,speed-low_surface-rough_permeable_concrete_latency-wifi_baseline_route-square0p5x3_attack-none_trial-3,square0p5x3,rough_permeable_concrete,rough,low,wifi_baseline,3,none,0.5,3,rough,0.064,-0.064,1.65,2.1;2.1;2.1;2.1,-0.14,-0.14,1784561397.6197934,422641828000000,422641828000000,422642671000000,422642249500000,843.0,2627.144,2627.144,422642.671,422642.671,,420015.0265,True,25,0,0,0,False,0,1007,1190,2627144,2627145,2627144,-0.105840409,-0.148114059,312108,499599,11.39726,7.423876,1.162208,174.9037,-56.55273,82.91992,677.373,-7.2225,-0.73625,-6.40125,12,-9,-48,52.22222,True,172,3,37.24857433,-80.41748917,12,0.75,,,,1598166,4354,1091
155,True,,speed-low_surface-rough_permeable_concrete_latency-wifi_baseline_route-square0p5x3_attack-none_trial-3,square0p5x3,rough_permeable_concrete,rough,low,wifi_baseline,3,none,0.5,3,rough,0.064,-0.064,1.65,2.1;2.1;2.1;2.1,-0.14,-0.14,1784561398.5667834,422642765000000,422642765000000,422643500000000,422643132500000,735.0,2628.111,2628.111,422643.5,422643.5,,420015.0265,True,25,0,0,0,False,0,1007,1191,2628111,2628113,2628111,-0.114211876,-0.137075061,312861,500500,11.39726,4.853859,-2.060829,171.5397,-5.771484,35.06836,942.5098,-3.285,3.51375,-18.27625,3,-6,-49,51.66667,True,167,3,37.24857583,-80.4174875,12,0.84,,,,1598721,4356,1092
156,True,,speed-low_surface-rough_permeable_concrete_latency-wifi_baseline_route-square0p5x3_attack-none_trial-3,square0p5x3,rough_permeable_concrete,rough,low,wifi_baseline,3,none,0.5,3,rough,0.064,-0.064,1.65,2.1;2.1;2.1;2.1,-0.14,-0.14,1784561399.3330853,422643531000000,422643531000000,422644218000000,422643874500000,687.0,2628.864,2628.864,422644.218,422644.218,,420015.0255,True,25,0,0,0,False,0,1007,1192,2628864,2628866,2628864,-0.143434438,-0.163791237,313512,501254,11.36526,11.94968,-3.021716,107.1992,10.83008,-177.334,754.5215,1.84,-33.98625,-128.2137,2,-19,-43,53.33333,True,116,3,37.2485765,-80.41748567,12,0.75,,,,1599101,4358,1093
157,True,,speed-low_surface-rough_permeable_concrete_latency-wifi_baseline_route-square0p5x3_attack-none_trial-3,square0p5x3,rough_permeable_concrete,rough,low,wifi_baseline,3,none,0.5,3,rough,0.064,-0.064,1.65,2.1;2.1;2.1;2.1,-0.14,-0.14,1784561400.6377604,422644843000000,422644843000000,422645531000000,422645187000000,688.0,2630.185,2630.185,422645.531,422645.531,,420015.0255,True,25,0,0,0,False,0,1007,1193,2630185,2630187,2630185,-0.137618346,-0.137807411,314725,502480,11.36526,17.65559,-3.802305,109.0879,-49.7168,41.9043,1159.307,2.6525,-3.29875,3.59875,-6,-25,-51,52.22222,True,344,3,37.24857583,-80.41748617,12,0.84,,,,1599956,4360,1093
158,True,,speed-low_surface-rough_permeable_concrete_latency-wifi_baseline_route-square0p5x3_attack-none_trial-3,square0p5x3,rough_permeable_concrete,rough,low,wifi_baseline,3,none,0.5,3,rough,0.064,-0.064,1.65,2.1;2.1;2.1;2.1,-0.14,-0.14,1784561401.626494,422645828000000,422645828000000,422646500000000,422646164000000,672.0,2631.153,2631.153,422646.5,422646.5,,420015.02150000003,True,25,0,0,0,False,0,1007,1194,2631153,2631154,2631153,-0.107473375,-0.12896805,315643,503389,11.36526,15.77091,0.704638,111.3692,-132.7246,-33.29102,1115.361,1.34,-5.79875,3.47375,0,-23,-51,51.66667,True,162,3,37.24857383,-80.41748633,12,0.84,,,,1600507,4362,1094
159,True,,speed-low_surface-rough_permeable_concrete_latency-wifi_baseline_route-square0p5x3_attack-none_trial-3,square0p5x3,rough_permeable_concrete,rough,low,wifi_baseline,3,none,0.5,3,rough,0.064,-0.064,1.65,2.1;2.1;2.1;2.1,-0.14,-0.14,1784561402.5859694,422646781000000,422646781000000,422647500000000,422647140500000,719.0,2632.11,2632.11,422647.5,422647.5,,420015.0255,True,25,0,0,0,False,0,1007,1195,2632110,2632111,2632110,-0.021497746,-0.021479333,315997,503764,11.36526,16.08928,-0.276757,112.0447,-83.89648,1.376953,1010.381,-1.785,2.32625,0.22375,-1,-24,-50,52.22222,True,153,3,37.2485725,-80.41748583,12,0.84,,,,1601058,4364,1095
160,True,,speed-low_surface-rough_permeable_concrete_latency-wifi_baseline_route-square0p5x3_attack-none_trial-3,square0p5x3,rough_permeable_concrete,rough,low,wifi_baseline,3,none,0.5,3,rough,0.064,-0.064,1.65,2.1;2.1;2.1;2.1,-0.14,-0.14,1784561403.3454797,422647546000000,422647546000000,422648312000000,422647929000000,766.0,2632.897,2632.897,422648.312,422648.312,,420015.0265,True,25,0,0,0,False,0,1007,1196,2632897,2632899,2632897,0,-0.021448713,315998,503772,11.36526,16.48787,-2.025862,113.7387,-1.865234,-23.03711,977.666,0.09,3.20125,-8.83875,-1,-23,-49,52.22222,True,155,3,37.24857167,-80.41748533,12,0.84,,,,1601469,4366,1096
161,True,,speed-low_surface-rough_permeable_concrete_latency-wifi_baseline_route-square0p5x3_attack-none_trial-3,square0p5x3,rough_permeable_concrete,rough,low,wifi_baseline,3,none,0.5,3,rough,0.064,-0.064,1.65,2.1;2.1;2.1;2.1,-0.14,-0.14,1784561404.6249337,422648828000000,422648828000000,422649515000000,422649171500000,687.0,2634.148,2634.148,422649.515,422649.515,,420015.0265,True,25,0,0,0,False,0,1007,1197,2634148,2634149,2634148,0,-0.043050851,315998,504091,11.36526,19.69997,-2.226872,111.1345,2.041016,-37.68555,980.5957,0.6525,1.88875,-12.96375,-1,-30,-50,51.66667,True,308,3,37.24857117,-80.41748617,12,0.84,,,,1602289,4368,1096
162,True,,speed-low_surface-rough_permeable_concrete_latency-wifi_baseline_route-square0p5x3_attack-none_trial-3,square0p5x3,rough_permeable_concrete,rough,low,wifi_baseline,3,none,0.5,3,rough,0.064,-0.064,1.65,2.1;2.1;2.1;2.1,-0.14,-0.14,1784561405.6019545,422649796000000,422649796000000,422650515000000,422650155500000,719.0,2635.131,2635.131,422650.515,422650.515,,420015.0265,True,25,0,0,0,False,0,1007,1198,2635131,2635132,2635131,0.04298935,-0.064484025,315938,504416,11.36526,22.51475,2.009527,103.9208,-26.2793,-3.017578,998.6621,-0.66,0.45125,-28.27625,3,-33,-49,52.22222,True,180,3,37.248571,-80.417484,12,0.84,,,,1602840,4370,1097
163,True,,speed-low_surface-rough_permeable_concrete_latency-wifi_baseline_route-square0p5x3_attack-none_trial-3,square0p5x3,rough_permeable_concrete,rough,low,wifi_baseline,3,none,0.5,3,rough,0.064,-0.064,1.65,2.1;2.1;2.1;2.1,-0.14,-0.14,1784561406.4203746,422650625000000,422650625000000,422651375000000,422651000000000,750.0,2635.972,2635.972,422651.375,422651.375,,420015.02749999997,True,25,0,0,0,False,0,1007,1199,2635972,2635974,2635972,0.044687474,-0.066911974,315681,504797,11.36526,26.96946,5.28905,93.63431,-42.88086,-7.412109,981.5723,1.84,4.32625,-27.02625,8,-42,-50,52.22222,True,73,3,37.24857017,-80.41748417,12,0.84,,,,1603323,4372,1098
164,True,,speed-low_surface-rough_permeable_concrete_latency-wifi_baseline_route-square0p5x3_attack-none_trial-3,square0p5x3,rough_permeable_concrete,rough,low,wifi_baseline,3,none,0.5,3,rough,0.064,-0.064,1.65,2.1;2.1;2.1;2.1,-0.14,-0.14,1784561407.686229,422651890000000,422651890000000,422652609000000,422652249500000,719.0,2637.22,2637.22,422652.609,422652.609,,420015.02749999997,True,25,0,0,0,False,0,1007,1200,2637220,2637221,2637220,0,0,315654,504855,11.36526,26.65844,1.443639,97.90073,4.482422,-21.57227,978.6426,-1.2225,-1.86125,-0.33875,6,-42,-48,51.66667,True,376,3,37.2485695,-80.41748517,12,0.84,,,,1604075,4374,1098
165,True,,speed-low_surface-rough_permeable_concrete_latency-wifi_baseline_route-square0p5x3_attack-none_trial-3,square0p5x3,rough_permeable_concrete,rough,low,wifi_baseline,3,none,0.5,3,rough,0.064,-0.064,1.65,2.1;2.1;2.1;2.1,-0.14,-0.14,1784561408.6655214,422652859000000,422652859000000,422653546000000,422653202500000,687.0,2638.219,2638.219,422653.546,422653.546,,420015.02749999997,True,25,0,0,0,False,0,1007,1201,2638219,2638220,2638219,0,0,315654,504855,11.36526,25.9799,0.797612,100.6519,3.994141,-25.47852,979.6191,-0.41,-2.17375,0.16125,5,-42,-49,52.22222,True,193,3,37.248568,-80.417487,12,0.84,,,,1604630,4376,1099
166,True,,speed-low_surface-rough_permeable_concrete_latency-wifi_baseline_route-square0p5x3_attack-none_trial-3,square0p5x3,rough_permeable_concrete,rough,low,wifi_baseline,3,none,0.5,3,rough,0.064,-0.064,1.65,2.1;2.1;2.1;2.1,-0.14,-0.14,1784561409.6778715,422653875000000,422653875000000,422654531000000,422654203000000,656.0,2639.207,2639.207,422654.531,422654.531,,420015.02749999997,True,25,0,0,0,False,0,1007,1202,2639207,2639209,2639207,0,0,315654,504855,11.4053,26.72356,1.127246,102.9406,7.900391,-16.20117,977.666,-0.0975,1.26375,-0.08875,7,-43,-50,53.33333,True,166,3,37.24856817,-80.41748733,12,0.93,,,,1605183,4378,1100
167,True,,speed-low_surface-rough_permeable_concrete_latency-wifi_baseline_route-square0p5x3_attack-none_trial-3,square0p5x3,rough_permeable_concrete,rough,low,wifi_baseline,3,none,0.5,3,rough,0.064,-0.064,1.65,2.1;2.1;2.1;2.1,-0.14,-0.14,1784561410.6474078,422654843000000,422654843000000,422655500000000,422655171500000,657.0,2640.171,2640.171,422655.5,422655.5,,420015.0245,True,25,0,0,0,False,0,1007,1203,2640171,2640172,2640171,0,0,315654,504855,11.4053,26.55955,0.131093,104.4231,4.482422,-24.50195,981.084,-0.41,-0.54875,-0.15125,5,-41,-47,52.22222,True,158,3,37.24856883,-80.41748717,12,0.93,,,,1605736,4380,1101
168,True,,speed-low_surface-rough_permeable_concrete_latency-wifi_baseline_route-square0p5x3_attack-none_trial-3,square0p5x3,rough_permeable_concrete,rough,low,wifi_baseline,3,none,0.5,3,rough,0.064,-0.064,1.65,2.1;2.1;2.1;2.1,-0.14,-0.14,1784561411.689646,422655890000000,422655890000000,422656609000000,422656249500000,719.0,2641.214,2641.214,422656.609,422656.609,,420015.0245,True,25,0,0,0,False,0,1007,1204,2641214,2641215,2641214,0,0,315654,504855,11.4053,26.37194,-0.564574,111.3218,1.552734,-25.9668,976.6895,-0.91,-2.11125,-0.08875,4,-43,-48,52.22222,True,238,3,37.248569,-80.4174875,12,0.93,,,,1606293,4382,1102
