sample_idx,cycle_ok,error,run_id,route,surface,surface_profile,speed_label,network_condition,trial_id,attack_type,square_side_length_m,square_repeats,square_turn_profile,square_turn_left_cmd,square_turn_right_cmd,square_turn_seconds,square_turn_schedule_s,square_straight_left_cmd,square_straight_right_cmd,t_wall_unix_s,t_cycle_start_ns,t_edge_send_ns,t_edge_rx_ns,t_edge_mid_ns,http_latency_ms,rover_millis_s,source_sample_time_s,edge_arrival_time_s,estimate_time_s,alarm_time_s,clock_offset_s,clock_calibrated,clock_calibration_samples,packet_loss_count,request_failure_count,sequence_gap_count,stale_packet,queue_depth,T,seq,sample_ms,send_ms,millis,L,R,enc_left,enc_right,v,r,p,y,ax,ay,az,gx,gy,gz,mx,my,mz,temp,gps_valid,gps_age_ms,gps_fix_type,lat,lon,sat,hdop,alt_m,speed_mps,course_deg,gps_chars,gps_sentences,gps_failed_checksums
0,True,,speed-low_surface-rough_permeable_concrete_latency-wifi_baseline_route-square0p5x3_attack-none_trial-4,square0p5x3,rough_permeable_concrete,rough,low,wifi_baseline,4,none,0.5,3,rough,0.064,-0.064,1.65,"2.1,2.1,2.1,2.1",-0.14,-0.14,1784560135.6382484,421379843000000,421379843000000,421380593000000,421380218000000,750.0,1365.248,1365.248,421380.593,421380.593,,420014.97,False,1,0,0,0,False,0,1007,416,1365248,1365249,1365248,0,0,119173,184302,11.46134,0.183565,-0.662152,-100.847,3.994141,-0.576172,982.5488,-0.535,-0.73625,-0.52625,6,-50,-49,51.11111,True,88,3,37.24856383,-80.417501,12,0.68,,,,797563,1955,389
1,True,,speed-low_surface-rough_permeable_concrete_latency-wifi_baseline_route-square0p5x3_attack-none_trial-4,square0p5x3,rough_permeable_concrete,rough,low,wifi_baseline,4,none,0.5,3,rough,0.064,-0.064,1.65,"2.1,2.1,2.1,2.1",-0.14,-0.14,1784560136.7890742,421380984000000,421380984000000,421381718000000,421381351000000,734.0,1366.305,1366.305,421381.718,421381.718,,420015.00800000003,False,2,0,0,0,False,0,1007,417,1366305,1366306,1366305,0,0,119173,184302,11.46134,0.168684,-0.646225,-100.7697,5.458984,0.400391,982.5488,-0.16,-0.98625,-0.46375,8,-51,-50,51.11111,True,251,3,37.248564,-80.41750133,12,0.68,,,,798210,1957,390
2,True,,speed-low_surface-rough_permeable_concrete_latency-wifi_baseline_route-square0p5x3_attack-none_trial-4,square0p5x3,rough_permeable_concrete,rough,low,wifi_baseline,4,none,0.5,3,rough,0.064,-0.064,1.65,"2.1,2.1,2.1,2.1",-0.14,-0.14,1784560137.7201743,421381921000000,421381921000000,421382625000000,421382273000000,704.0,1367.251,1367.251,421382.625,421382.625,,420015.022,False,3,0,0,0,False,0,1007,418,1367251,1367252,1367251,0,0,119173,184302,11.46134,0.147076,-0.094686,-101.4213,6.923828,0.888672,982.0605,0.09,1.45125,-0.15125,11,-50,-50,51.11111,True,143,3,37.24856517,-80.41750033,12,0.69,,,,798728,1959,391
3,True,,speed-low_surface-rough_permeable_concrete_latency-wifi_baseline_route-square0p5x3_attack-none_trial-4,square0p5x3,rough_permeable_concrete,rough,low,wifi_baseline,4,none,0.5,3,rough,0.064,-0.064,1.65,"2.1,2.1,2.1,2.1",-0.14,-0.14,1784560138.8108282,421383015000000,421383015000000,421383765000000,421383390000000,750.0,1368.357,1368.357,421383.765,421383.765,,420015.02749999997,False,4,0,0,0,False,0,1007,419,1368357,1368359,1368357,0,0,119173,184302,11.46134,0.108387,-0.49275,-101.0836,5.458984,0.888672,984.0137,-0.535,-0.92375,-0.15125,10,-52,-49,51.11111,True,300,3,37.248566,-80.41749917,12,0.68,,,,799385,1961,392
4,True,,speed-low_surface-rough_permeable_concrete_latency-wifi_baseline_route-square0p5x3_attack-none_trial-4,square0p5x3,rough_permeable_concrete,rough,low,wifi_baseline,4,none,0.5,3,rough,0.064,-0.064,1.65,"2.1,2.1,2.1,2.1",-0.14,-0.14,1784560139.7704494,421383968000000,421383968000000,421384671000000,421384319500000,703.0,1369.286,1369.286,421384.671,421384.671,,420015.033,True,5,0,0,0,False,0,1007,420,1369286,1369287,1369286,0,0,119173,184302,11.46134,0.18356,-0.616143,-100.8101,3.017578,1.376953,982.0605,-0.785,0.63875,-0.02625,8,-51,-50,51.11111,True,132,3,37.24856683,-80.417498,12,0.68,,,,799895,1963,393
5,True,,speed-low_surface-rough_permeable_concrete_latency-wifi_baseline_route-square0p5x3_attack-none_trial-4,square0p5x3,rough_permeable_concrete,rough,low,wifi_baseline,4,none,0.5,3,rough,0.064,-0.064,1.65,"2.1,2.1,2.1,2.1",-0.14,-0.14,1784560140.7645786,421384968000000,421384968000000,421385703000000,421385335500000,735.0,1370.275,1370.275,421385.703,421385.703,,420015.03325,True,6,0,0,0,False,0,1007,421,1370275,1370276,1370275,0,0,119173,184302,11.46134,0.136082,-0.416127,-100.0066,6.435547,2.841797,982.0605,-0.5975,2.07625,0.16125,9,-52,-49,51.11111,True,188,3,37.24856767,-80.417497,12,0.68,,,,800415,1965,394
6,True,,speed-low_surface-rough_permeable_concrete_latency-wifi_baseline_route-square0p5x3_attack-none_trial-4,square0p5x3,rough_permeable_concrete,rough,low,wifi_baseline,4,none,0.5,3,rough,0.064,-0.064,1.65,"2.1,2.1,2.1,2.1",-0.14,-0.14,1784560141.549452,421385750000000,421385750000000,421386421000000,421386085500000,671.0,1371.07,1371.07,421386.421,421386.421,,420015.033,True,7,0,0,0,False,0,1007,422,1371070,1371072,1371070,0.020341047,0,119172,184303,11.46134,-0.21257,0.658374,-102.5234,3.017578,-7.412109,977.666,-0.785,0.88875,-2.27625,13,-50,-46,51.11111,True,66,3,37.24856783,-80.41749667,12,0.68,,,,800849,1967,395
7,True,,speed-low_surface-rough_permeable_concrete_latency-wifi_baseline_route-square0p5x3_attack-none_trial-4,square0p5x3,rough_permeable_concrete,rough,low,wifi_baseline,4,none,0.5,3,rough,0.064,-0.064,1.65,"2.1,2.1,2.1,2.1",-0.14,-0.14,1784560142.613555,421386812000000,421386812000000,421387546000000,421387179000000,734.0,1372.156,1372.156,421387.546,421387.546,,420015.028,True,8,0,0,0,False,0,1007,423,1372156,1372157,1372156,-0.044482698,-0.111124612,119183,184526,11.46134,1.462611,-1.236606,-110.7319,-4.794922,-6.435547,1020.146,2.9025,-2.61125,-24.83875,15,-55,-52,51.11111,True,311,3,37.24856817,-80.417496,12,0.68,,,,801583,1968,395
8,True,,speed-low_surface-rough_permeable_concrete_latency-wifi_baseline_route-square0p5x3_attack-none_trial-4,square0p5x3,rough_permeable_concrete,rough,low,wifi_baseline,4,none,0.5,3,rough,0.064,-0.064,1.65,"2.1,2.1,2.1,2.1",-0.14,-0.14,1784560143.760341,421387968000000,421387968000000,421388671000000,421388319500000,703.0,1373.276,1373.276,421388.671,421388.671,,420015.033,True,9,0,0,0,False,0,1007,424,1373276,1373277,1373276,-0.107473375,-0.12896805,119746,185399,11.42114,-1.707593,1.070354,-109.0385,-199.6191,-96.2793,1013.311,-11.91,-14.29875,-1.90125,14,-50,-48,51.11111,True,298,3,37.24856833,-80.4174955,12,0.68,,,,802233,1970,396
9,True,,speed-low_surface-rough_permeable_concrete_latency-wifi_baseline_route-square0p5x3_attack-none_trial-4,square0p5x3,rough_permeable_concrete,rough,low,wifi_baseline,4,none,0.5,3,rough,0.064,-0.064,1.65,"2.1,2.1,2.1,2.1",-0.14,-0.14,1784560144.5478306,421388750000000,421388750000000,421389500000000,421389125000000,750.0,1374.065,1374.065,421389.5,421389.5,,420015.03325,True,10,0,0,0,False,0,1007,425,1374065,1374067,1374065,-0.121487868,-0.121210573,120352,186102,11.42114,-0.458092,0.600684,-111.7525,-161.5332,-2.529297,1198.857,0.215,6.63875,-2.27625,21,-52,-51,51.11111,True,47,3,37.24856917,-80.41749483,12,0.68,,,,802663,1972,397
10,True,,speed-low_surface-rough_permeable_concrete_latency-wifi_baseline_route-square0p5x3_attack-none_trial-4,square0p5x3,rough_permeable_concrete,rough,low,wifi_baseline,4,none,0.5,3,rough,0.064,-0.064,1.65,"2.1,2.1,2.1,2.1",-0.14,-0.14,1784560145.6050818,421389812000000,421389812000000,421390515000000,421390163500000,703.0,1375.162,1375.162,421390.515,421390.515,,420015.033,True,11,0,0,0,False,0,1007,426,1375162,1375163,1375162,-0.129060236,-0.150505727,121349,187181,11.42114,0.252799,0.538551,-112.6558,7.412109,25.79102,880.9863,2.4025,-5.79875,-6.96375,25,-58,-48,51.11111,True,319,3,37.24857083,-80.4174945,12,0.68,,,,803402,1973,398
11,True,,speed-low_surface-rough_permeable_concrete_latency-wifi_baseline_route-square0p5x3_attack-none_trial-4,square0p5x3,rough_permeable_concrete,rough,low,wifi_baseline,4,none,0.5,3,rough,0.064,-0.064,1.65,"2.1,2.1,2.1,2.1",-0.14,-0.14,1784560146.7270224,421390921000000,421390921000000,421391640000000,421391280500000,719.0,1376.253,1376.253,421391.64,421391.64,,420015.03024999995,True,12,0,0,0,False,0,1007,427,1376253,1376255,1376253,-0.150462725,-0.150462725,122340,188211,11.42114,0.887466,-1.391534,-113.0283,99.69727,-3.505859,984.0137,-2.285,0.95125,7.47375,22,-54,-47,51.11111,True,288,3,37.24857217,-80.4174945,12,0.68,,,,804051,1975,399
12,True,,speed-low_surface-rough_permeable_concrete_latency-wifi_baseline_route-square0p5x3_attack-none_trial-4,square0p5x3,rough_permeable_concrete,rough,low,wifi_baseline,4,none,0.5,3,rough,0.064,-0.064,1.65,"2.1,2.1,2.1,2.1",-0.14,-0.14,1784560147.852604,421392046000000,421392046000000,421392765000000,421392405500000,719.0,1377.369,1377.369,421392.765,421392.765,,420015.033,True,13,0,0,0,False,0,1007,428,1377369,1377371,1377369,-0.0859787,-0.086027859,123345,189241,11.42114,0.639028,1.07151,-111.6765,-17.49023,-26.94336,917.6074,6.0275,-11.92375,-0.58875,19,-47,-49,51.11111,True,310,3,37.24857383,-80.4174945,12,0.68,,,,804720,1977,400
13,True,,speed-low_surface-rough_permeable_concrete_latency-wifi_baseline_route-square0p5x3_attack-none_trial-4,square0p5x3,rough_permeable_concrete,rough,low,wifi_baseline,4,none,0.5,3,rough,0.064,-0.064,1.65,"2.1,2.1,2.1,2.1",-0.14,-0.14,1784560148.7823439,421392984000000,421392984000000,421393687000000,421393335500000,703.0,1378.295,1378.295,421393.687,421393.687,,420015.03325,True,14,0,0,0,False,0,1007,429,1378295,1378296,1378295,0,-0.042934149,123665,189587,11.42114,-0.632039,2.259277,-114.9471,-47.27539,-10.83008,977.1777,0.4025,-1.98625,-14.02625,24,-47,-48,51.66667,True,139,3,37.248575,-80.417495,12,0.68,,,,805220,1979,401
14,True,,speed-low_surface-rough_permeable_concrete_latency-wifi_baseline_route-square0p5x3_attack-none_trial-4,square0p5x3,rough_permeable_concrete,rough,low,wifi_baseline,4,none,0.5,3,rough,0.064,-0.064,1.65,"2.1,2.1,2.1,2.1",-0.14,-0.14,1784560149.7146251,421393921000000,421393921000000,421394609000000,421394265000000,688.0,1379.228,1379.228,421394.609,421394.609,,420015.03349999996,True,15,0,0,0,False,0,1007,430,1379228,1379229,1379228,0,-0.04298935,123665,189791,11.42114,0.080821,-0.059097,-118.6231,18.64258,13.58398,953.7402,-0.41,-0.04875,-12.33875,25,-49,-45,51.66667,True,130,3,37.2485755,-80.41749567,12,0.68,,,,805740,1981,402
15,True,,speed-low_surface-rough_permeable_concrete_latency-wifi_baseline_route-square0p5x3_attack-none_trial-4,square0p5x3,rough_permeable_concrete,rough,low,wifi_baseline,4,none,0.5,3,rough,0.064,-0.064,1.65,"2.1,2.1,2.1,2.1",-0.14,-0.14,1784560150.803651,421395000000000,421395000000000,421395734000000,421395367000000,734.0,1380.322,1380.322,421395.734,421395.734,,420015.035,True,16,0,0,0,False,0,1007,431,1380322,1380323,1380322,0.021156176,-0.063441767,123616,190243,11.42114,0.578671,1.006471,-130.2936,-48.74023,19.44336,1010.869,-2.535,-5.11125,-28.08875,36,-46,-46,51.66667,True,287,3,37.24857683,-80.41749433,12,0.68,,,,806389,1983,403
16,True,,speed-low_surface-rough_permeable_concrete_latency-wifi_baseline_route-square0p5x3_attack-none_trial-4,square0p5x3,rough_permeable_concrete,rough,low,wifi_baseline,4,none,0.5,3,rough,0.064,-0.064,1.65,"2.1,2.1,2.1,2.1",-0.14,-0.14,1784560151.7437134,421395937000000,421395937000000,421396656000000,421396296500000,719.0,1381.258,1381.258,421396.656,421396.656,,420015.0365,True,17,0,0,0,False,0,1007,432,1381258,1381260,1381258,0.04298935,-0.064484025,123322,190619,11.42114,4.739395,1.025002,-139.0268,-9.677734,140.0488,937.1387,1.465,5.20125,-26.58875,32,-33,-45,51.11111,True,133,3,37.24857733,-80.41749433,12,0.68,,,,806909,1985,404
17,True,,speed-low_surface-rough_permeable_concrete_latency-wifi_baseline_route-square0p5x3_attack-none_trial-4,square0p5x3,rough_permeable_concrete,rough,low,wifi_baseline,4,none,0.5,3,rough,0.064,-0.064,1.65,"2.1,2.1,2.1,2.1",-0.14,-0.14,1784560152.4964035,421396703000000,421396703000000,421397390000000,421397046500000,687.0,1382.019,1382.019,421397.39,421397.39,,420015.035,True,18,0,0,0,False,0,1007,433,1382019,1382021,1382019,0,0,123203,190770,11.42114,0.707665,0.166965,-140.1037,2.041016,13.0957,977.666,-1.035,-1.54875,1.16125,31,-26,-49,51.11111,True,126,3,37.2485775,-80.417493,12,0.68,,,,807296,1987,405
18,True,,speed-low_surface-rough_permeable_concrete_latency-wifi_baseline_route-square0p5x3_attack-none_trial-4,square0p5x3,rough_permeable_concrete,rough,low,wifi_baseline,4,none,0.5,3,rough,0.064,-0.064,1.65,"2.1,2.1,2.1,2.1",-0.14,-0.14,1784560153.59531,421397796000000,421397796000000,421398500000000,421398148000000,704.0,1383.103,1383.103,421398.5,421398.5,,420015.0365,True,19,0,0,0,False,0,1007,434,1383103,1383105,1383103,0,0,123203,190770,11.45301,0.534085,-0.286704,-139.9492,1.064453,8.212891,983.5254,0.215,-0.54875,-0.52625,32,-27,-47,51.11111,True,266,3,37.24857733,-80.4174925,12,0.68,,,,808023,1988,406
19,True,,speed-low_surface-rough_permeable_concrete_latency-wifi_baseline_route-square0p5x3_attack-none_trial-4,square0p5x3,rough_permeable_concrete,rough,low,wifi_baseline,4,none,0.5,3,rough,0.064,-0.064,1.65,"2.1,2.1,2.1,2.1",-0.14,-0.14,1784560154.7141888,421398921000000,421398921000000,421399625000000,421399273000000,704.0,1384.229,1384.229,421399.625,421399.625,,420015.03674999997,True,20,0,0,0,False,0,1007,435,1384229,1384231,1384229,0,0,123203,190770,11.45301,0.58401,-0.056745,-140.1958,5.458984,13.58398,981.5723,0.09,1.38875,-0.52625,33,-28,-48,51.11111,True,271,3,37.2485775,-80.41749133,12,0.68,,,,808727,1990,407
20,True,,speed-low_surface-rough_permeable_concrete_latency-wifi_baseline_route-square0p5x3_attack-none_trial-4,square0p5x3,rough_permeable_concrete,rough,low,wifi_baseline,4,none,0.5,3,rough,0.064,-0.064,1.65,"2.1,2.1,2.1,2.1",-0.14,-0.14,1784560155.8423514,421400046000000,421400046000000,421400750000000,421400398000000,704.0,1385.365,1385.365,421400.75,421400.765,,420015.0365,True,21,0,0,0,False,0,1007,436,1385365,1385367,1385365,0,-0.060629708,123203,190795,11.45301,-0.23339,-1.136051,-145.0166,0.576172,-45.98633,979.6191,-0.785,-8.86125,-19.40125,34,-30,-48,51.11111,True,330,3,37.24857817,-80.41748983,12,0.68,,,,809393,1992,408
21,True,,speed-low_surface-rough_permeable_concrete_latency-wifi_baseline_route-square0p5x3_attack-none_trial-4,square0p5x3,rough_permeable_concrete,rough,low,wifi_baseline,4,none,0.5,3,rough,0.064,-0.064,1.65,"2.1,2.1,2.1,2.1",-0.14,-0.14,1784560156.7667549,421400968000000,421400968000000,421401687000000,421401327500000,719.0,1386.287,1386.287,421401.687,421401.687,,420015.03674999997,True,22,0,0,0,False,0,1007,437,1386287,1386288,1386287,-0.084482159,-0.126421559,123309,191389,11.45301,-1.865104,-2.757386,-151.7252,91.39648,-46.47461,1031.377,1.715,-7.04875,-26.46375,34,-21,-49,51.66667,True,132,3,37.24857867,-80.4174885,12,0.68,,,,809896,1994,409
22,True,,speed-low_surface-rough_permeable_concrete_latency-wifi_baseline_route-square0p5x3_attack-none_trial-4,square0p5x3,rough_permeable_concrete,rough,low,wifi_baseline,4,none,0.5,3,rough,0.064,-0.064,1.65,"2.1,2.1,2.1,2.1",-0.14,-0.14,1784560157.7424862,421401937000000,421401937000000,421402687000000,421402312000000,750.0,1387.272,1387.272,421402.687,421402.687,,420015.037,True,23,0,0,0,False,0,1007,438,1387272,1387273,1387272,-0.12652787,-0.147533138,123982,192287,11.45301,1.277209,1.855459,-154.0665,-43.85742,43.36914,1095.342,-2.16,-6.98625,5.53625,33,-15,-48,51.66667,True,186,3,37.24857983,-80.41748817,12,0.68,,,,810416,1996,410
23,True,,speed-low_surface-rough_permeable_concrete_latency-wifi_baseline_route-square0p5x3_attack-none_trial-4,square0p5x3,rough_permeable_concrete,rough,low,wifi_baseline,4,none,0.5,3,rough,0.064,-0.064,1.65,"2.1,2.1,2.1,2.1",-0.14,-0.14,1784560158.530801,421402734000000,421402734000000,421403421000000,421403077500000,687.0,1388.043,1388.043,421403.421,421403.421,,420015.03674999997,True,24,0,0,0,False,0,1007,439,1388043,1388044,1388043,-0.150462725,-0.150537994,124650,193008,11.45301,3.585742,-0.389483,-154.1237,42.08008,131.2598,1033.818,0.4025,7.70125,-1.77625,27,-18,-50,51.11111,True,38,3,37.248582,-80.41748967,12,0.68,,,,810826,1998,411
24,True,,speed-low_surface-rough_permeable_concrete_latency-wifi_baseline_route-square0p5x3_attack-none_trial-4,square0p5x3,rough_permeable_concrete,rough,low,wifi_baseline,4,none,0.5,3,rough,0.064,-0.064,1.65,"2.1,2.1,2.1,2.1",-0.14,-0.14,1784560159.5450408,421403750000000,421403750000000,421404437000000,421404093500000,687.0,1389.059,1389.059,421404.437,421404.437,,420015.0365,True,25,0,0,0,False,0,1007,440,1389059,1389061,1389059,-0.143649628,-0.143571303,125582,193944,11.45301,1.029143,0.217299,-154.4194,26.45508,47.27539,929.8145,-6.5975,7.07625,5.84875,36,-17,-49,51.66667,True,219,3,37.24858367,-80.41748917,12,0.68,,,,811490,1999,412
25,True,,speed-low_surface-rough_permeable_concrete_latency-wifi_baseline_route-square0p5x3_attack-none_trial-4,square0p5x3,rough_permeable_concrete,rough,low,wifi_baseline,4,none,0.5,3,rough,0.064,-0.064,1.65,"2.1,2.1,2.1,2.1",-0.14,-0.14,1784560160.5811534,421404781000000,421404781000000,421405437000000,421405109000000,656.0,1390.09,1390.09,421405.437,421405.437,,420015.0365,True,25,0,0,0,False,0,1007,441,1390090,1390092,1390090,-0.150462725,-0.150527237,126526,194927,11.45301,0.28603,1.210855,-154.1268,-14.07227,-41.10352,1426.396,1.4025,0.76375,-8.15125,30,-16,-51,51.11111,True,248,3,37.24858533,-80.41748917,12,0.68,,,,812170,2000,413
26,True,,speed-low_surface-rough_permeable_concrete_latency-wifi_baseline_route-square0p5x3_attack-none_trial-4,square0p5x3,rough_permeable_concrete,rough,low,wifi_baseline,4,none,0.5,3,rough,0.064,-0.064,1.65,"2.1,2.1,2.1,2.1",-0.14,-0.14,1784560161.6008503,421405796000000,421405796000000,421406484000000,421406140000000,688.0,1391.12,1391.12,421406.484,421406.484,,420015.0345,True,25,0,0,0,False,0,1007,442,1391120,1391122,1391120,-0.107473375,-0.107458024,127493,195925,11.45301,2.692262,0.926116,-156.6426,-57.5293,101.9629,967.4121,-0.4725,5.82625,1.16125,33,-13,-46,51.11111,True,167,3,37.248587,-80.417489,12,0.7,,,,812848,2002,414
27,True,,speed-low_surface-rough_permeable_concrete_latency-wifi_baseline_route-square0p5x3_attack-none_trial-4,square0p5x3,rough_permeable_concrete,rough,low,wifi_baseline,4,none,0.5,3,rough,0.064,-0.064,1.65,"2.1,2.1,2.1,2.1",-0.14,-0.14,1784560162.620651,421406828000000,421406828000000,421407484000000,421407156000000,656.0,1392.141,1392.141,421407.484,421407.484,,420015.0345,True,25,0,0,0,False,0,1007,443,1392141,1392143,1392141,0,-0.043007782,127841,196302,11.45301,0.425184,0.076087,-157.573,6.923828,-19.13086,979.1309,-0.16,3.20125,-4.77625,33,-14,-46,51.11111,True,186,3,37.24858867,-80.417489,12,0.68,,,,813517,2004,415
28,True,,speed-low_surface-rough_permeable_concrete_latency-wifi_baseline_route-square0p5x3_attack-none_trial-4,square0p5x3,rough_permeable_concrete,rough,low,wifi_baseline,4,none,0.5,3,rough,0.064,-0.064,1.65,"2.1,2.1,2.1,2.1",-0.14,-0.14,1784560163.72583,421407921000000,421407921000000,421408640000000,421408280500000,719.0,1393.251,1393.251,421408.64,421408.64,,420015.0345,True,25,0,0,0,False,0,1007,444,1393251,1393253,1393251,0,-0.068945803,127840,196553,11.44955,1.379692,-1.892417,-166.4311,43.05664,-9.853516,984.0137,0.34,4.01375,-16.83875,29,-12,-47,51.11111,True,294,3,37.24859,-80.4174895,12,0.68,,,,814181,2006,416
29,True,,speed-low_surface-rough_permeable_concrete_latency-wifi_baseline_route-square0p5x3_attack-none_trial-4,square0p5x3,rough_permeable_concrete,rough,low,wifi_baseline,4,none,0.5,3,rough,0.064,-0.064,1.65,"2.1,2.1,2.1,2.1",-0.14,-0.14,1784560164.8478756,421409046000000,421409046000000,421409765000000,421409405500000,719.0,1394.37,1394.37,421409.765,421409.765,,420015.0355,True,25,0,0,0,False,0,1007,445,1394370,1394372,1394370,0.020338298,-0.0203741,127587,196932,11.44955,4.114319,-0.679023,-176.417,-11.63086,31.65039,1008.916,-0.91,0.45125,-14.90125,19,-8,-47,51.11111,True,313,3,37.2485915,-80.41748983,12,0.7,,,,814851,2008,417
30,True,,speed-low_surface-rough_permeable_concrete_latency-wifi_baseline_route-square0p5x3_attack-none_trial-4,square0p5x3,rough_permeable_concrete,rough,low,wifi_baseline,4,none,0.5,3,rough,0.064,-0.064,1.65,"2.1,2.1,2.1,2.1",-0.14,-0.14,1784560165.7712305,421409968000000,421409968000000,421410687000000,421410327500000,719.0,1395.296,1395.296,421410.687,421410.687,,420015.0345,True,25,0,0,0,False,0,1007,446,1395296,1395298,1395296,0,0,127556,196982,11.44955,3.507922,-1.633988,-173.8562,22.54883,-14.73633,982.0605,-0.0975,-1.36125,-2.21375,18,-10,-48,51.11111,True,145,3,37.24859217,-80.41748967,12,0.75,,,,815338,2010,418
31,True,,speed-low_surface-rough_permeable_concrete_latency-wifi_baseline_route-square0p5x3_attack-none_trial-4,square0p5x3,rough_permeable_concrete,rough,low,wifi_baseline,4,none,0.5,3,rough,0.064,-0.064,1.65,"2.1,2.1,2.1,2.1",-0.14,-0.14,1784560166.7399194,421410937000000,421410937000000,421411609000000,421411273000000,672.0,1396.262,1396.262,421411.609,421411.609,,420015.0345,True,25,0,0,0,False,0,1007,447,1396262,1396263,1396262,0,0,127557,196982,11.44955,2.330073,-1.468031,-171.2325,7.900391,-1.552734,989.873,0.09,-1.04875,-0.46375,14,-6,-49,51.11111,True,162,3,37.24859267,-80.41748933,12,0.77,,,,815846,2012,419
32,True,,speed-low_surface-rough_permeable_concrete_latency-wifi_baseline_route-square0p5x3_attack-none_trial-4,square0p5x3,rough_permeable_concrete,rough,low,wifi_baseline,4,none,0.5,3,rough,0.064,-0.064,1.65,"2.1,2.1,2.1,2.1",-0.14,-0.14,1784560167.4618704,421411656000000,421411656000000,421412328000000,421411992000000,672.0,1396.98,1396.98,421412.328,421412.328,,420015.0345,True,25,0,0,0,False,0,1007,448,1396980,1396982,1396980,0,0,127557,196982,11.44955,2.272631,-1.266851,-170.3167,13.27148,-0.087891,982.0605,-0.285,2.20125,-0.52625,15,-7,-50,51.11111,True,49,3,37.24859233,-80.41749,12,0.77,,,,816199,2014,420
33,True,,speed-low_surface-rough_permeable_concrete_latency-wifi_baseline_route-square0p5x3_attack-none_trial-4,square0p5x3,rough_permeable_concrete,rough,low,wifi_baseline,4,none,0.5,3,rough,0.064,-0.064,1.65,"2.1,2.1,2.1,2.1",-0.14,-0.14,1784560168.3546164,421412562000000,421412562000000,421413250000000,421412906000000,688.0,1397.891,1397.891,421413.25,421413.25,,420015.0345,True,25,0,0,0,False,0,1007,449,1397891,1397893,1397891,0,-0.044833947,127557,196993,11.44955,3.680838,-3.197819,-169.6215,30.36133,26.76758,986.4551,2.09,-0.79875,-12.27625,18,-9,-48,51.66667,True,78,3,37.24859283,-80.4174895,12,0.77,,,,816754,2015,421
34,True,,speed-low_surface-rough_permeable_concrete_latency-wifi_baseline_route-square0p5x3_attack-none_trial-4,square0p5x3,rough_permeable_concrete,rough,low,wifi_baseline,4,none,0.5,3,rough,0.064,-0.064,1.65,"2.1,2.1,2.1,2.1",-0.14,-0.14,1784560169.168394,421413375000000,421413375000000,421414078000000,421413726500000,703.0,1398.692,1398.692,421414.078,421414.078,,420015.0345,True,25,0,0,0,False,0,1007,450,1398692,1398694,1398692,-0.085966419,-0.128949629,127611,197527,11.44955,4.639153,1.775696,-172.5569,-30.67383,65.83008,816.5332,-3.41,-9.67375,-9.65125,14,-10,-52,51.11111,True,879,3,37.24859283,-80.4174895,12,0.77,,,,817194,2015,422
35,True,,speed-low_surface-rough_permeable_concrete_latency-wifi_baseline_route-square0p5x3_attack-none_trial-4,square0p5x3,rough_permeable_concrete,rough,low,wifi_baseline,4,none,0.5,3,rough,0.064,-0.064,1.65,"2.1,2.1,2.1,2.1",-0.14,-0.14,1784560169.9506907,421414156000000,421414156000000,421414828000000,421414492000000,672.0,1399.47,1399.47,421414.828,421414.828,,420015.0345,True,25,0,0,0,False,0,1007,451,1399470,1399472,1399470,-0.121487868,-0.141640543,128132,198257,11.44955,5.930715,-3.444789,-174.7156,88.95508,75.5957,1016.729,-2.16,14.07625,-9.58875,5,-10,-52,51.66667,True,47,3,37.24859317,-80.41748817,12,0.77,,,,817610,2016,423
36,True,,speed-low_surface-rough_permeable_concrete_latency-wifi_baseline_route-square0p5x3_attack-none_trial-4,square0p5x3,rough_permeable_concrete,rough,low,wifi_baseline,4,none,0.5,3,rough,0.064,-0.064,1.65,"2.1,2.1,2.1,2.1",-0.14,-0.14,1784560170.7597394,421414968000000,421414968000000,421415703000000,421415335500000,735.0,1400.278,1400.278,421415.703,421415.703,,420015.0345,True,25,0,0,0,False,0,1007,452,1400278,1400279,1400278,-0.147203225,-0.147141531,128855,199059,11.44955,10.86043,-5.039756,-169.0969,-15.04883,-101.6504,916.1426,-0.785,-10.42375,-0.58875,6,-25,-49,51.66667,True,121,3,37.24859317,-80.41748817,12,0.82,,,,817999,2017,424
37,True,,speed-low_surface-rough_permeable_concrete_latency-wifi_baseline_route-square0p5x3_attack-none_trial-4,square0p5x3,rough_permeable_concrete,rough,low,wifi_baseline,4,none,0.5,3,rough,0.064,-0.064,1.65,"2.1,2.1,2.1,2.1",-0.14,-0.14,1784560171.580126,421415781000000,421415781000000,421416531000000,421416156000000,750.0,1401.097,1401.097,421416.531,421416.531,,420015.0345,True,25,0,0,0,False,0,1007,453,1401097,1401099,1401097,-0.150462725,-0.150398269,129593,199861,11.44955,3.044953,-0.287849,-167.178,-67.29492,-164.1504,884.4043,7.34,4.07625,-2.90125,7,-10,-49,51.11111,True,59,3,37.24859317,-80.4174865,12,0.68,,,,818459,2019,424
38,True,,speed-low_surface-rough_permeable_concrete_latency-wifi_baseline_route-square0p5x3_attack-none_trial-4,square0p5x3,rough_permeable_concrete,rough,low,wifi_baseline,4,none,0.5,3,rough,0.064,-0.064,1.65,"2.1,2.1,2.1,2.1",-0.14,-0.14,1784560172.7377026,421416937000000,421416937000000,421417656000000,421417296500000,719.0,1402.264,1402.264,421417.656,421417.656,,420015.0345,True,25,0,0,0,False,0,1007,454,1402264,1402265,1402264,-0.150462725,-0.150462725,130666,200967,11.44955,4.766305,1.322699,-164.0884,-114.1699,43.36914,1111.455,-4.66,1.07625,8.66125,7,-10,-52,51.66667,True,295,3,37.24859217,-80.41748583,12,0.68,,,,819178,2021,425
39,True,,speed-low_surface-rough_permeable_concrete_latency-wifi_baseline_route-square0p5x3_attack-none_trial-4,square0p5x3,rough_permeable_concrete,rough,low,wifi_baseline,4,none,0.5,3,rough,0.064,-0.064,1.65,"2.1,2.1,2.1,2.1",-0.14,-0.14,1784560173.4883096,421417687000000,421417687000000,421418375000000,421418031000000,688.0,1403.009,1403.009,421418.375,421418.375,,420015.033,True,25,0,0,0,False,0,1007,455,1403009,1403011,1403009,-0.123145048,-0.123077894,131350,201652,11.44955,6.013347,-3.916071,-161.1115,94.81445,81.45508,921.5137,-1.4725,16.38875,-1.46375,8,-13,-48,51.11111,True,85,3,37.2485905,-80.41748683,12,0.68,,,,819556,2023,426
40,True,,speed-low_surface-rough_permeable_concrete_latency-wifi_baseline_route-square0p5x3_attack-none_trial-4,square0p5x3,rough_permeable_concrete,rough,low,wifi_baseline,4,none,0.5,3,rough,0.064,-0.064,1.65,"2.1,2.1,2.1,2.1",-0.14,-0.14,1784560174.7006688,421418906000000,421418906000000,421419593000000,421419249500000,687.0,1404.208,1404.208,421419.593,421419.593,,420015.033,True,25,0,0,0,False,0,1007,456,1404208,1404210,1404208,-0.021494675,0,131764,202071,11.44085,4.956163,-2.324696,-160.1565,-51.18164,-2.529297,957.6465,-1.7225,3.76375,0.34875,3,-12,-47,51.66667,True,352,3,37.24858967,-80.417486,12,0.68,,,,820347,2024,426
41,True,,speed-low_surface-rough_permeable_concrete_latency-wifi_baseline_route-square0p5x3_attack-none_trial-4,square0p5x3,rough_permeable_concrete,rough,low,wifi_baseline,4,none,0.5,3,rough,0.064,-0.064,1.65,"2.1,2.1,2.1,2.1",-0.14,-0.14,1784560175.8085222,421420015000000,421420015000000,421420734000000,421420374500000,719.0,1405.343,1405.343,421420.734,421420.734,,420015.0325,True,25,0,0,0,False,0,1007,457,1405343,1405344,1405343,0,-0.021494675,131765,202087,11.44085,3.397077,-2.919515,-159.7374,-3.330078,-16.68945,1000.127,0.1525,-3.11125,-7.77625,5,-10,-49,51.11111,True,329,3,37.24858917,-80.41748633,12,0.68,,,,820996,2026,427
42,True,,speed-low_surface-rough_permeable_concrete_latency-wifi_baseline_route-square0p5x3_attack-none_trial-4,square0p5x3,rough_permeable_concrete,rough,low,wifi_baseline,4,none,0.5,3,rough,0.064,-0.064,1.65,"2.1,2.1,2.1,2.1",-0.14,-0.14,1784560176.7815576,421420984000000,421420984000000,421421859000000,421421421500000,875.0,1406.308,1406.308,421421.859,421421.859,,420015.033,True,25,0,0,0,False,0,1007,458,1406308,1406309,1406308,0,-0.04226481,131765,202308,11.44085,4.768136,-4.048721,-162.7135,-5.771484,-11.31836,963.9941,-0.285,-2.61125,-13.40125,-1,-11,-46,51.66667,True,160,3,37.24858867,-80.41748667,12,0.68,,,,821516,2028,428
43,True,,speed-low_surface-rough_permeable_concrete_latency-wifi_baseline_route-square0p5x3_attack-none_trial-4,square0p5x3,rough_permeable_concrete,rough,low,wifi_baseline,4,none,0.5,3,rough,0.064,-0.064,1.65,"2.1,2.1,2.1,2.1",-0.14,-0.14,1784560177.7199628,421421921000000,421421921000000,421422671000000,421422296000000,750.0,1407.237,1407.237,421422.671,421422.671,,420015.033,True,25,0,0,0,False,0,1007,459,1407237,1407238,1407237,0.021525426,-0.043057011,131719,202673,11.44085,6.707671,-5.560081,-167.87,8.876953,28.23242,979.1309,-1.91,4.32625,-27.83875,-2,-14,-50,51.11111,True,124,3,37.24858833,-80.417487,12,0.68,,,,822036,2030,429
44,True,,speed-low_surface-rough_permeable_concrete_latency-wifi_baseline_route-square0p5x3_attack-none_trial-4,square0p5x3,rough_permeable_concrete,rough,low,wifi_baseline,4,none,0.5,3,rough,0.064,-0.064,1.65,"2.1,2.1,2.1,2.1",-0.14,-0.14,1784560178.8769646,421423078000000,421423078000000,421423796000000,421423437000000,718.0,1408.397,1408.397,421423.796,421423.796,,420015.033,True,25,0,0,0,False,0,1007,460,1408397,1408399,1408397,0,0,131695,202840,11.44085,8.248745,-9.125212,-159.4516,13.75977,-13.75977,988.4082,0.2775,1.01375,-0.65125,-3,-20,-48,51.11111,True,355,3,37.248588,-80.41748717,12,0.7,,,,822729,2032,430
45,True,,speed-low_surface-rough_permeable_concrete_latency-wifi_baseline_route-square0p5x3_attack-none_trial-4,square0p5x3,rough_permeable_concrete,rough,low,wifi_baseline,4,none,0.5,3,rough,0.064,-0.064,1.65,"2.1,2.1,2.1,2.1",-0.14,-0.14,1784560179.8054223,421424000000000,421424000000000,421424718000000,421424359000000,718.0,1409.333,1409.333,421424.718,421424.718,,420015.0325,True,25,0,0,0,False,0,1007,461,1409333,1409334,1409333,0,0,131695,202840,11.44085,6.795715,-9.521079,-152.9073,3.994141,-12.29492,981.084,-0.7225,-2.29875,-0.52625,-6,-19,-50,51.11111,True,178,3,37.2485875,-80.4174875,12,0.7,,,,823199,2034,431
46,True,,speed-low_surface-rough_permeable_concrete_latency-wifi_baseline_route-square0p5x3_attack-none_trial-4,square0p5x3,rough_permeable_concrete,rough,low,wifi_baseline,4,none,0.5,3,rough,0.064,-0.064,1.65,"2.1,2.1,2.1,2.1",-0.14,-0.14,1784560180.796388,421425000000000,421425000000000,421425734000000,421425367000000,734.0,1410.313,1410.313,421425.734,421425.734,,420015.0325,True,25,0,0,0,False,0,1007,462,1410313,1410314,1410313,0,0,131695,202840,11.44085,5.949546,-9.055688,-145.901,3.994141,-9.365234,981.5723,-0.035,0.32625,-0.08875,-4,-20,-50,51.11111,True,174,3,37.24858717,-80.41748767,12,0.68,,,,823719,2036,432
47,True,,speed-low_surface-rough_permeable_concrete_latency-wifi_baseline_route-square0p5x3_attack-none_trial-4,square0p5x3,rough_permeable_concrete,rough,low,wifi_baseline,4,none,0.5,3,rough,0.064,-0.064,1.65,"2.1,2.1,2.1,2.1",-0.14,-0.14,1784560181.7311878,421425937000000,421425937000000,421426656000000,421426296500000,719.0,1411.262,1411.262,421426.656,421426.656,,420015.0325,True,25,0,0,0,False,0,1007,463,1411262,1411263,1411262,0,-0.045942817,131695,202848,11.44085,5.696,-9.661956,-140.6339,36.70898,-51.35742,997.1973,0.84,1.88875,-9.58875,-2,-24,-51,51.11111,True,145,3,37.248587,-80.41748733,12,0.68,,,,824239,2038,433
48,True,,speed-low_surface-rough_permeable_concrete_latency-wifi_baseline_route-square0p5x3_attack-none_trial-4,square0p5x3,rough_permeable_concrete,rough,low,wifi_baseline,4,none,0.5,3,rough,0.064,-0.064,1.65,"2.1,2.1,2.1,2.1",-0.14,-0.14,1784560182.507286,421426703000000,421426703000000,421427390000000,421427046500000,687.0,1412.024,1412.024,421427.39,421427.39,,420015.03150000004,True,25,0,0,0,False,0,1007,464,1412024,1412026,1412024,-0.061354924,-0.12265983,131734,203261,11.44085,8.33062,-14.24029,-139.6695,81.63086,40.43945,905.4004,-1.535,-2.79875,-9.65125,-8,-31,-51,51.11111,True,119,3,37.248587,-80.41748717,12,0.68,,,,824630,2040,434
49,True,,speed-low_surface-rough_permeable_concrete_latency-wifi_baseline_route-square0p5x3_attack-none_trial-4,square0p5x3,rough_permeable_concrete,rough,low,wifi_baseline,4,none,0.5,3,rough,0.064,-0.064,1.65,"2.1,2.1,2.1,2.1",-0.14,-0.14,1784560183.5902214,421427796000000,421427796000000,421428515000000,421428155500000,719.0,1413.109,1413.109,421428.515,421428.515,,420015.03150000004,True,25,0,0,0,False,0,1007,465,1413109,1413110,1413109,-0.129023346,-0.150634879,132537,204241,11.44085,3.510661,-10.37776,-108.3185,39.15039,-35.24414,1014.287,1.465,7.82625,-1.27625,-10,-47,-51,51.11111,True,269,3,37.248586,-80.4174865,12,0.68,,,,825358,2041,435
50,True,,speed-low_surface-rough_permeable_concrete_latency-wifi_baseline_route-square0p5x3_attack-none_trial-4,square0p5x3,rough_permeable_concrete,rough,low,wifi_baseline,4,none,0.5,3,rough,0.064,-0.064,1.65,"2.1,2.1,2.1,2.1",-0.14,-0.14,1784560184.8189669,421429015000000,421429015000000,421429734000000,421429374500000,719.0,1414.347,1414.347,421429.734,421429.734,,420015.03150000004,True,25,0,0,0,False,0,1007,466,1414347,1414349,1414347,-0.137597371,-0.137765352,133642,205448,11.41677,1.621643,-2.29179,-97.47485,-132.7246,24.32617,1267.217,4.1525,1.38875,1.09875,-5,-39,-52,51.11111,True,374,3,37.2485845,-80.41748617,12,0.68,,,,826054,2043,436
51,True,,speed-low_surface-rough_permeable_concrete_latency-wifi_baseline_route-square0p5x3_attack-none_trial-4,square0p5x3,rough_permeable_concrete,rough,low,wifi_baseline,4,none,0.5,3,rough,0.064,-0.064,1.65,"2.1,2.1,2.1,2.1",-0.14,-0.14,1784560185.8106291,421430015000000,421430015000000,421430765000000,421430390000000,750.0,1415.326,1415.326,421430.765,421430.765,,420015.0325,True,25,0,0,0,False,0,1007,467,1415326,1415327,1415326,-0.126687672,-0.147740086,134551,206377,11.41677,1.227594,-1.53039,-92.83183,-24.32617,66.31836,1032.842,-8.785,-3.48625,-1.83875,-5,-33,-52,51.11111,True,174,3,37.248583,-80.41748617,12,0.68,,,,826573,2045,437
52,True,,speed-low_surface-rough_permeable_concrete_latency-wifi_baseline_route-square0p5x3_attack-none_trial-4,square0p5x3,rough_permeable_concrete,rough,low,wifi_baseline,4,none,0.5,3,rough,0.064,-0.064,1.65,"2.1,2.1,2.1,2.1",-0.14,-0.14,1784560186.7560668,421430953000000,421430953000000,421431687000000,421431320000000,734.0,1416.276,1416.276,421431.687,421431.687,,420015.0345,True,25,0,0,0,False,0,1007,468,1416276,1416277,1416276,-0.107473375,-0.12896805,135439,207273,11.41677,0.147035,0.79028,-92.34924,-35.55664,9.189453,793.584,-0.785,6.95125,-1.71375,-1,-34,-47,51.66667,True,145,3,37.24858167,-80.41748583,12,0.68,,,,827093,2047,438
53,True,,speed-low_surface-rough_permeable_concrete_latency-wifi_baseline_route-square0p5x3_attack-none_trial-4,square0p5x3,rough_permeable_concrete,rough,low,wifi_baseline,4,none,0.5,3,rough,0.064,-0.064,1.65,"2.1,2.1,2.1,2.1",-0.14,-0.14,1784560187.5896995,421431796000000,421431796000000,421432500000000,421432148000000,704.0,1417.121,1417.121,421432.5,421432.5,,420015.0345,True,25,0,0,0,False,0,1007,469,1417121,1417122,1417121,0,0,135746,207608,11.41677,-0.065121,-0.666832,-88.57364,7.900391,5.283203,974.248,0.1525,-4.54875,0.72375,-3,-36,-49,51.11111,True,74,3,37.24858017,-80.41748567,12,0.68,,,,827578,2049,439
54,True,,speed-low_surface-rough_permeable_concrete_latency-wifi_baseline_route-square0p5x3_attack-none_trial-4,square0p5x3,rough_permeable_concrete,rough,low,wifi_baseline,4,none,0.5,3,rough,0.064,-0.064,1.65,"2.1,2.1,2.1,2.1",-0.14,-0.14,1784560188.6149049,421432812000000,421432812000000,421433531000000,421433171500000,719.0,1418.137,1418.137,421433.531,421433.531,,420015.0345,True,25,0,0,0,False,0,1007,470,1418137,1418139,1418137,0,-0.02042388,135746,207611,11.41677,-0.402005,-1.399804,-88.70951,50.38086,-17.17773,971.3184,0.5275,-0.61125,-5.15125,-3,-35,-49,51.66667,True,181,3,37.24857917,-80.41748567,12,0.68,,,,828242,2051,440
55,True,,speed-low_surface-rough_permeable_concrete_latency-wifi_baseline_route-square0p5x3_attack-none_trial-4,square0p5x3,rough_permeable_concrete,rough,low,wifi_baseline,4,none,0.5,3,rough,0.064,-0.064,1.65,"2.1,2.1,2.1,2.1",-0.14,-0.14,1784560189.606871,421433812000000,421433812000000,421434546000000,421434179000000,734.0,1419.12,1419.12,421434.546,421434.546,,420015.0345,True,25,0,0,0,False,0,1007,471,1419120,1419122,1419120,0,-0.043087837,135746,207795,11.41677,-0.27677,-0.408406,-91.79499,14.24805,-0.087891,981.084,0.465,-1.79875,-14.65125,1,-38,-49,51.11111,True,163,3,37.24857817,-80.4174855,12,0.68,,,,828873,2053,440
56,True,,speed-low_surface-rough_permeable_concrete_latency-wifi_baseline_route-square0p5x3_attack-none_trial-4,square0p5x3,rough_permeable_concrete,rough,low,wifi_baseline,4,none,0.5,3,rough,0.064,-0.064,1.65,"2.1,2.1,2.1,2.1",-0.14,-0.14,1784560190.6568217,421434859000000,421434859000000,421435578000000,421435218500000,719.0,1420.176,1420.176,421435.578,421435.578,,420015.0345,True,25,0,0,0,False,0,1007,472,1420176,1420177,1420176,0.041512685,-0.062294808,135659,208210,11.41677,-0.989177,-1.35113,-101.8134,20.10742,-57.2168,942.998,1.965,1.01375,-33.65125,4,-44,-48,51.66667,True,217,3,37.24857717,-80.41748533,12,0.68,,,,829560,2055,441
57,True,,speed-low_surface-rough_permeable_concrete_latency-wifi_baseline_route-square0p5x3_attack-none_trial-4,square0p5x3,rough_permeable_concrete,rough,low,wifi_baseline,4,none,0.5,3,rough,0.064,-0.064,1.65,"2.1,2.1,2.1,2.1",-0.14,-0.14,1784560191.735013,421435937000000,421435937000000,421436609000000,421436273000000,672.0,1421.265,1421.265,421436.609,421436.609,,420015.0345,True,25,0,0,0,False,0,1007,473,1421265,1421266,1421265,0.042970934,-0.064336969,135300,208681,11.41677,2.71034,-3.7967,-114.6596,90.41992,46.78711,975.2246,12.2775,-0.29875,-25.46375,13,-48,-48,51.66667,True,284,3,37.24857633,-80.41748517,12,0.68,,,,830209,2057,442
58,True,,speed-low_surface-rough_permeable_concrete_latency-wifi_baseline_route-square0p5x3_attack-none_trial-4,square0p5x3,rough_permeable_concrete,rough,low,wifi_baseline,4,none,0.5,3,rough,0.064,-0.064,1.65,"2.1,2.1,2.1,2.1",-0.14,-0.14,1784560192.478996,421436687000000,421436687000000,421437421000000,421437054000000,734.0,1421.994,1421.994,421437.421,421437.421,,420015.04,True,25,0,0,0,False,0,1007,474,1421994,1421996,1421994,0,0,135192,208777,11.41677,1.313094,-2.767521,-113.2699,11.80664,2.841797,983.5254,-0.035,1.45125,1.47375,15,-49,-49,51.11111,True,43,3,37.248575,-80.4174845,12,0.7,,,,830575,2059,443
59,True,,speed-low_surface-rough_permeable_concrete_latency-wifi_baseline_route-square0p5x3_attack-none_trial-4,square0p5x3,rough_permeable_concrete,rough,low,wifi_baseline,4,none,0.5,3,rough,0.064,-0.064,1.65,"2.1,2.1,2.1,2.1",-0.14,-0.14,1784560193.4738126,421437671000000,421437671000000,421438328000000,421437999500000,657.0,1422.991,1422.991,421438.328,421438.328,,420015.04,True,25,0,0,0,False,0,1007,475,1422991,1422993,1422991,0,-0.021543918,135192,208815,11.41677,0.830775,-1.824933,-112.0973,11.31836,23.83789,981.5723,-0.16,4.57625,-3.46375,15,-48,-49,51.66667,True,165,3,37.24857517,-80.41748383,12,0.7,,,,831215,2060,444
60,True,,speed-low_surface-rough_permeable_concrete_latency-wifi_baseline_route-square0p5x3_attack-none_trial-4,square0p5x3,rough_permeable_concrete,rough,low,wifi_baseline,4,none,0.5,3,rough,0.064,-0.064,1.65,"2.1,2.1,2.1,2.1",-0.14,-0.14,1784560194.5541832,421438750000000,421438750000000,421439468000000,421439109000000,718.0,1424.075,1424.075,421439.468,421439.468,,420015.04,True,25,0,0,0,False,0,1007,476,1424075,1424077,1424075,0,0,135192,208816,11.45685,0.126498,-0.795479,-108.2891,14.73633,-3.505859,978.1543,-0.66,2.70125,-0.65125,14,-48,-48,51.66667,True,241,3,37.24857517,-80.41748317,12,0.7,,,,831944,2061,445
61,True,,speed-low_surface-rough_permeable_concrete_latency-wifi_baseline_route-square0p5x3_attack-none_trial-4,square0p5x3,rough_permeable_concrete,rough,low,wifi_baseline,4,none,0.5,3,rough,0.064,-0.064,1.65,"2.1,2.1,2.1,2.1",-0.14,-0.14,1784560195.5795324,421439781000000,421439781000000,421440484000000,421440132500000,703.0,1425.089,1425.089,421440.484,421440.484,,420015.04,True,25,0,0,0,False,0,1007,477,1425089,1425091,1425089,0,-0.018779671,135192,208818,11.45685,-0.420704,-1.086667,-108.6754,50.86914,-21.08398,978.1543,-0.3475,-0.42375,-4.46375,18,-51,-47,51.66667,True,247,3,37.2485745,-80.41748283,12,0.7,,,,832607,2062,446
62,True,,speed-low_surface-rough_permeable_concrete_latency-wifi_baseline_route-square0p5x3_attack-none_trial-4,square0p5x3,rough_permeable_concrete,rough,low,wifi_baseline,4,none,0.5,3,rough,0.064,-0.064,1.65,"2.1,2.1,2.1,2.1",-0.14,-0.14,1784560196.5669494,421440765000000,421440765000000,421441515000000,421441140000000,750.0,1426.093,1426.093,421441.515,421441.515,,420015.04,True,25,0,0,0,False,0,1007,478,1426093,1426095,1426093,-0.061163709,-0.122194958,135336,209416,11.45685,1.68483,-3.005619,-117.0836,71.86523,83.4082,965.9473,5.4025,11.45125,-14.65125,24,-53,-49,51.11111,True,141,3,37.248574,-80.4174825,12,0.73,,,,833259,2064,447
63,True,,speed-low_surface-rough_permeable_concrete_latency-wifi_baseline_route-square0p5x3_attack-none_trial-4,square0p5x3,rough_permeable_concrete,rough,low,wifi_baseline,4,none,0.5,3,rough,0.064,-0.064,1.65,"2.1,2.1,2.1,2.1",-0.14,-0.14,1784560197.5599744,421441765000000,421441765000000,421442406000000,421442085500000,641.0,1427.075,1427.075,421442.406,421442.406,,420015.04,True,25,0,0,0,False,0,1007,479,1427075,1427077,1427075,-0.122626508,-0.142967161,135953,210326,11.45685,1.830017,1.466687,-120.7995,-9.189453,101.4746,1141.24,-4.4725,11.20125,-4.71375,27,-45,-47,51.11111,True,126,3,37.24857367,-80.41748367,12,0.73,,,,833889,2066,448
64,True,,speed-low_surface-rough_permeable_concrete_latency-wifi_baseline_route-square0p5x3_attack-none_trial-4,square0p5x3,rough_permeable_concrete,rough,low,wifi_baseline,4,none,0.5,3,rough,0.064,-0.064,1.65,"2.1,2.1,2.1,2.1",-0.14,-0.14,1784560198.539996,421442734000000,421442734000000,421443453000000,421443093500000,719.0,1428.059,1428.059,421443.453,421443.453,,420015.04,True,25,0,0,0,False,0,1007,480,1428059,1428061,1428059,-0.121947366,-0.142310374,136830,211257,11.45685,0.106941,-0.951441,-124.8096,-6.259766,10.16602,1192.51,-13.5975,22.07625,0.91125,34,-50,-47,51.11111,True,115,3,37.248573,-80.417486,12,0.73,,,,834519,2068,449
65,True,,speed-low_surface-rough_permeable_concrete_latency-wifi_baseline_route-square0p5x3_attack-none_trial-4,square0p5x3,rough_permeable_concrete,rough,low,wifi_baseline,4,none,0.5,3,rough,0.064,-0.064,1.65,"2.1,2.1,2.1,2.1",-0.14,-0.14,1784560199.4568875,421443656000000,421443656000000,421444390000000,421444023000000,734.0,1428.981,1428.981,421444.39,421444.39,,420015.04,True,25,0,0,0,False,0,1007,481,1428981,1428983,1428981,-0.150527237,-0.129282021,137680,212148,11.45685,1.647536,-1.343838,-124.385,-67.7832,55.57617,1228.643,-5.8475,-4.29875,0.22375,29,-47,-48,51.11111,True,149,3,37.24857283,-80.41748733,12,0.73,,,,835085,2069,449
66,True,,speed-low_surface-rough_permeable_concrete_latency-wifi_baseline_route-square0p5x3_attack-none_trial-4,square0p5x3,rough_permeable_concrete,rough,low,wifi_baseline,4,none,0.5,3,rough,0.064,-0.064,1.65,"2.1,2.1,2.1,2.1",-0.14,-0.14,1784560200.5892348,421444796000000,421444796000000,421445500000000,421445148000000,704.0,1430.111,1430.111,421445.5,421445.515,,420015.04,True,25,0,0,0,False,0,1007,482,1430111,1430113,1430111,-0.082085502,-0.081973699,138697,213199,11.45685,0.068472,1.57599,-122.8941,19.61914,18.4668,1060.186,-0.3475,-4.61125,0.78625,31,-47,-47,51.11111,True,274,3,37.24857317,-80.41748833,12,0.73,,,,835861,2070,450
67,True,,speed-low_surface-rough_permeable_concrete_latency-wifi_baseline_route-square0p5x3_attack-none_trial-4,square0p5x3,rough_permeable_concrete,rough,low,wifi_baseline,4,none,0.5,3,rough,0.064,-0.064,1.65,"2.1,2.1,2.1,2.1",-0.14,-0.14,1784560201.5086656,421445703000000,421445703000000,421446359000000,421446031000000,656.0,1431.029,1431.029,421446.359,421446.359,,420015.037,True,25,0,0,0,False,0,1007,483,1431029,1431031,1431029,0,-0.018821957,138712,213277,11.45685,0.283248,-0.56963,-124.8924,-11.63086,-4.970703,987.4316,0.34,0.07625,-7.58875,30,-49,-48,51.66667,True,116,3,37.24857367,-80.41748917,12,0.68,,,,836419,2072,451
68,True,,speed-low_surface-rough_permeable_concrete_latency-wifi_baseline_route-square0p5x3_attack-none_trial-4,square0p5x3,rough_permeable_concrete,rough,low,wifi_baseline,4,none,0.5,3,rough,0.064,-0.064,1.65,"2.1,2.1,2.1,2.1",-0.14,-0.14,1784560202.4265723,421446625000000,421446625000000,421447343000000,421446984000000,718.0,1431.953,1431.953,421447.343,421447.343,,420015.0345,True,25,0,0,0,False,0,1007,484,1431953,1431955,1431953,0,-0.041025965,138712,213458,11.45685,0.150203,-0.823087,-128.8481,5.458984,11.14258,974.7363,-0.3475,1.76375,-10.02625,33,-43,-45,51.11111,True,128,3,37.248574,-80.4174895,12,0.68,,,,836986,2073,452
69,True,,speed-low_surface-rough_permeable_concrete_latency-wifi_baseline_route-square0p5x3_attack-none_trial-4,square0p5x3,rough_permeable_concrete,rough,low,wifi_baseline,4,none,0.5,3,rough,0.064,-0.064,1.65,"2.1,2.1,2.1,2.1",-0.14,-0.14,1784560203.2742913,421447468000000,421447468000000,421448171000000,421447819500000,703.0,1432.785,1432.785,421448.171,421448.171,,420015.0345,True,25,0,0,0,False,0,1007,485,1432785,1432787,1432785,0.021494675,-0.086003272,138686,213739,11.45685,0.972056,2.199066,-134.1055,-72.17773,39.95117,980.5957,-0.16,-4.86125,-21.08875,36,-34,-47,51.66667,True,38,3,37.24857467,-80.4174905,12,0.68,,,,837461,2074,453
70,True,,speed-low_surface-rough_permeable_concrete_latency-wifi_baseline_route-square0p5x3_attack-none_trial-4,square0p5x3,rough_permeable_concrete,rough,low,wifi_baseline,4,none,0.5,3,rough,0.064,-0.064,1.65,"2.1,2.1,2.1,2.1",-0.14,-0.14,1784560204.173912,421448375000000,421448375000000,421449093000000,421448734000000,718.0,1433.698,1433.698,421449.093,421449.093,,420015.0345,True,25,0,0,0,False,0,1007,486,1433698,1433700,1433698,0.018807841,-0.037615681,138417,214154,11.45685,-4.426156,0.491646,-147.2376,-50.20508,-115.8105,842.4121,-8.0975,-0.67375,-18.33875,39,-27,-48,51.66667,True,77,3,37.24857433,-80.417492,12,0.68,,,,838017,2075,454
71,True,,speed-low_surface-rough_permeable_concrete_latency-wifi_baseline_route-square0p5x3_attack-none_trial-4,square0p5x3,rough_permeable_concrete,rough,low,wifi_baseline,4,none,0.5,3,rough,0.064,-0.064,1.65,"2.1,2.1,2.1,2.1",-0.14,-0.14,1784560205.395334,421449593000000,421449593000000,421450312000000,421449952500000,719.0,1434.927,1434.927,421450.312,421450.312,,420015.0345,True,25,0,0,0,False,0,1007,487,1434927,1434929,1434927,0,0,138307,214313,11.4453,-0.695578,-0.402462,-149.5847,12.29492,-2.041016,969.8535,-0.785,0.82625,-16.58875,36,-19,-49,51.66667,True,165,3,37.24857517,-80.417493,12,0.68,,,,838875,2077,455
72,True,,speed-low_surface-rough_permeable_concrete_latency-wifi_baseline_route-square0p5x3_attack-none_trial-4,square0p5x3,rough_permeable_concrete,rough,low,wifi_baseline,4,none,0.5,3,rough,0.064,-0.064,1.65,"2.1,2.1,2.1,2.1",-0.14,-0.14,1784560206.3238084,421450531000000,421450531000000,421451234000000,421450882500000,703.0,1435.842,1435.842,421451.234,421451.234,,420015.0345,True,25,0,0,0,False,0,1007,488,1435842,1435844,1435842,0,0,138308,214313,11.4453,-0.002055,-0.393453,-148.7385,7.900391,0.888672,979.6191,-0.2225,0.32625,-0.71375,33,-20,-50,51.66667,True,1080,3,37.24857517,-80.417493,12,0.68,,,,839431,2077,456
73,True,,speed-low_surface-rough_permeable_concrete_latency-wifi_baseline_route-square0p5x3_attack-none_trial-4,square0p5x3,rough_permeable_concrete,rough,low,wifi_baseline,4,none,0.5,3,rough,0.064,-0.064,1.65,"2.1,2.1,2.1,2.1",-0.14,-0.14,1784560207.1931794,421451390000000,421451390000000,421452156000000,421451773000000,766.0,1436.725,1436.725,421452.156,421452.156,,420015.036,True,25,0,0,0,False,0,1007,489,1436725,1436726,1436725,0,-0.043969236,138308,214320,11.4453,-1.220451,-2.949029,-149.5121,67.4707,-68.44727,949.3457,1.2775,3.32625,-14.71375,37,-26,-48,51.66667,True,56,3,37.24857683,-80.41749433,12,0.68,,,,839957,2078,457
74,True,,speed-low_surface-rough_permeable_concrete_latency-wifi_baseline_route-square0p5x3_attack-none_trial-4,square0p5x3,rough_permeable_concrete,rough,low,wifi_baseline,4,none,0.5,3,rough,0.064,-0.064,1.65,"2.1,2.1,2.1,2.1",-0.14,-0.14,1784560208.0644295,421452265000000,421452265000000,421452921000000,421452593000000,656.0,1437.588,1437.588,421452.921,421452.921,,420015.0345,True,25,0,0,0,False,0,1007,490,1437588,1437590,1437588,-0.085917331,-0.107075665,138388,214837,11.4453,3.806311,-0.580735,-155.2586,-46.29883,154.6973,1027.471,1.1525,-2.92375,-10.71375,31,-15,-49,51.11111,True,47,3,37.248578,-80.41749467,12,0.68,,,,840463,2080,459
75,True,,speed-low_surface-rough_permeable_concrete_latency-wifi_baseline_route-square0p5x3_attack-none_trial-4,square0p5x3,rough_permeable_concrete,rough,low,wifi_baseline,4,none,0.5,3,rough,0.064,-0.064,1.65,"2.1,2.1,2.1,2.1",-0.14,-0.14,1784560208.797605,421453000000000,421453000000000,421453687000000,421453343500000,687.0,1438.305,1438.305,421453.687,421453.687,,420015.036,True,25,0,0,0,False,0,1007,491,1438305,1438306,1438305,-0.129004909,-0.12926351,138900,215490,11.4453,1.709763,-1.094393,-159.543,-63.87695,-18.64258,1003.057,-0.7225,2.51375,-9.96375,28,-17,-47,51.66667,True,764,3,37.248578,-80.41749467,12,0.68,,,,840740,2080,460
76,True,,speed-low_surface-rough_permeable_concrete_latency-wifi_baseline_route-square0p5x3_attack-none_trial-4,square0p5x3,rough_permeable_concrete,rough,low,wifi_baseline,4,none,0.5,3,rough,0.064,-0.064,1.65,"2.1,2.1,2.1,2.1",-0.14,-0.14,1784560209.706921,421453906000000,421453906000000,421454578000000,421454242000000,672.0,1439.242,1439.242,421454.578,421454.578,,420015.0345,True,25,0,0,0,False,0,1007,492,1439242,1439243,1439242,-0.13871794,-0.138696628,139609,216372,11.4453,1.842765,2.173443,-160.4632,-14.56055,-14.24805,837.5293,-2.4725,-6.29875,0.53625,22,-10,-49,51.66667,True,133,3,37.24857917,-80.4174955,12,0.68,,,,841249,2082,461
77,True,,speed-low_surface-rough_permeable_concrete_latency-wifi_baseline_route-square0p5x3_attack-none_trial-4,square0p5x3,rough_permeable_concrete,rough,low,wifi_baseline,4,none,0.5,3,rough,0.064,-0.064,1.65,"2.1,2.1,2.1,2.1",-0.14,-0.14,1784560210.7792594,421454984000000,421454984000000,421455640000000,421455312000000,656.0,1440.298,1440.298,421455.64,421455.64,,420015.0345,True,25,0,0,0,False,0,1007,493,1440298,1440299,1440298,-0.145857786,-0.145797214,140577,217395,11.4453,4.93512,1.152408,-156.7891,-70.71289,46.29883,1056.279,-0.16,-1.86125,-3.08875,29,-21,-49,51.11111,True,249,3,37.24857933,-80.41749533,12,0.68,,,,841887,2084,462
78,True,,speed-low_surface-rough_permeable_concrete_latency-wifi_baseline_route-square0p5x3_attack-none_trial-4,square0p5x3,rough_permeable_concrete,rough,low,wifi_baseline,4,none,0.5,3,rough,0.064,-0.064,1.65,"2.1,2.1,2.1,2.1",-0.14,-0.14,1784560211.690011,421455890000000,421455890000000,421456671000000,421456280500000,781.0,1441.229,1441.229,421456.671,421456.671,,420015.0345,True,25,0,0,0,False,0,1007,494,1441229,1441231,1441229,-0.12896805,-0.12896805,141416,218273,11.4453,0.228131,-4.009235,-159.0337,145.1074,-75.2832,943.9746,9.1525,-2.42375,0.16125,23,-10,-51,52.77778,True,128,3,37.24857983,-80.41749483,12,0.68,,,,842396,2086,463
79,True,,speed-low_surface-rough_permeable_concrete_latency-wifi_baseline_route-square0p5x3_attack-none_trial-4,square0p5x3,rough_permeable_concrete,rough,low,wifi_baseline,4,none,0.5,3,rough,0.064,-0.064,1.65,"2.1,2.1,2.1,2.1",-0.14,-0.14,1784560212.7656507,421456968000000,421456968000000,421457687000000,421457327500000,719.0,1442.279,1442.279,421457.687,421457.687,,420015.036,True,25,0,0,0,False,0,1007,495,1442279,1442280,1442279,-0.126652125,-0.126598843,142403,219260,11.4453,-0.224384,1.17382,-158.781,-81.45508,71.68945,991.3379,1.465,-2.86125,-6.33875,27,-9,-50,51.66667,True,242,3,37.2485805,-80.417494,12,0.68,,,,843034,2088,464
80,True,,speed-low_surface-rough_permeable_concrete_latency-wifi_baseline_route-square0p5x3_attack-none_trial-4,square0p5x3,rough_permeable_concrete,rough,low,wifi_baseline,4,none,0.5,3,rough,0.064,-0.064,1.65,"2.1,2.1,2.1,2.1",-0.14,-0.14,1784560213.6905718,421457890000000,421457890000000,421458609000000,421458249500000,719.0,1443.241,1443.241,421458.609,421458.609,,420015.0345,True,25,0,0,0,False,0,1007,496,1443241,1443242,1443241,0,-0.023130319,142742,219634,11.4453,1.51484,0.261096,-160.2832,-10.16602,-9.853516,994.2676,-0.5975,0.32625,-6.77625,25,-13,-48,51.66667,True,164,3,37.24858117,-80.417493,12,0.73,,,,843541,2090,465
81,True,,speed-low_surface-rough_permeable_concrete_latency-wifi_baseline_route-square0p5x3_attack-none_trial-4,square0p5x3,rough_permeable_concrete,rough,low,wifi_baseline,4,none,0.5,3,rough,0.064,-0.064,1.65,"2.1,2.1,2.1,2.1",-0.14,-0.14,1784560214.8239026,421459031000000,421459031000000,421459750000000,421459390500000,719.0,1444.348,1444.348,421459.75,421459.75,,420015.0345,True,25,0,0,0,False,0,1007,497,1444348,1444349,1444348,0.021494675,-0.064484025,142729,219986,11.43318,-0.142611,-0.173916,-170.2198,31.33789,-83.0957,1064.092,2.0275,4.95125,-23.71375,21,-7,-46,51.66667,True,301,3,37.24858133,-80.4174925,12,0.68,,,,844179,2092,466
82,True,,speed-low_surface-rough_permeable_concrete_latency-wifi_baseline_route-square0p5x3_attack-none_trial-4,square0p5x3,rough_permeable_concrete,rough,low,wifi_baseline,4,none,0.5,3,rough,0.064,-0.064,1.65,"2.1,2.1,2.1,2.1",-0.14,-0.14,1784560215.7615921,421459968000000,421459968000000,421460656000000,421460312000000,688.0,1445.283,1445.283,421460.656,421460.656,,420015.0345,True,25,0,0,0,False,0,1007,498,1445283,1445284,1445283,0.04298935,-0.064484025,142534,220387,11.43318,2.329857,1.019208,-179.8638,-5.283203,24.81445,963.9941,1.6525,0.76375,-31.96375,14,-5,-46,51.11111,True,129,3,37.24858,-80.4174925,12,0.68,,,,844688,2094,467
83,True,,speed-low_surface-rough_permeable_concrete_latency-wifi_baseline_route-square0p5x3_attack-none_trial-4,square0p5x3,rough_permeable_concrete,rough,low,wifi_baseline,4,none,0.5,3,rough,0.064,-0.064,1.65,"2.1,2.1,2.1,2.1",-0.14,-0.14,1784560216.7106223,421460906000000,421460906000000,421461578000000,421461242000000,672.0,1446.24,1446.24,421461.578,421461.578,,420015.0345,True,25,0,0,0,False,0,1007,499,1446240,1446242,1446240,0.045935804,-0.068977411,142197,220776,11.43318,8.874678,-2.775252,170.1749,7.412109,-24.01367,950.8105,-0.285,-0.61125,-22.96375,7,-13,-46,51.66667,True,157,3,37.248579,-80.41749183,12,0.8,,,,845189,2096,468
84,True,,speed-low_surface-rough_permeable_concrete_latency-wifi_baseline_route-square0p5x3_attack-none_trial-4,square0p5x3,rough_permeable_concrete,rough,low,wifi_baseline,4,none,0.5,3,rough,0.064,-0.064,1.65,"2.1,2.1,2.1,2.1",-0.14,-0.14,1784560217.895017,421462093000000,421462093000000,421462812000000,421462452500000,719.0,1447.411,1447.411,421462.812,421462.812,,420015.0345,True,25,0,0,0,False,0,1007,500,1447411,1447413,1447411,0,0,142069,220897,11.43318,11.6659,-8.380209,-175.8325,19.61914,-13.27148,984.502,0.5275,2.38875,0.28625,-2,-23,-49,51.66667,True,354,3,37.24857833,-80.417491,12,0.68,,,,845899,2098,469
85,True,,speed-low_surface-rough_permeable_concrete_latency-wifi_baseline_route-square0p5x3_attack-none_trial-4,square0p5x3,rough_permeable_concrete,rough,low,wifi_baseline,4,none,0.5,3,rough,0.064,-0.064,1.65,"2.1,2.1,2.1,2.1",-0.14,-0.14,1784560218.7536783,421462953000000,421462953000000,421463625000000,421463289000000,672.0,1448.277,1448.277,421463.625,421463.625,,420015.0345,True,25,0,0,0,False,0,1007,501,1448277,1448278,1448277,0,0,142069,220897,11.43318,10.55556,-7.841514,-171.8602,3.994141,-9.853516,982.5488,-0.3475,0.07625,0.09875,-1,-23,-52,51.66667,True,121,3,37.2485775,-80.41749083,12,0.68,,,,846346,2100,470
86,True,,speed-low_surface-rough_permeable_concrete_latency-wifi_baseline_route-square0p5x3_attack-none_trial-4,square0p5x3,rough_permeable_concrete,rough,low,wifi_baseline,4,none,0.5,3,rough,0.064,-0.064,1.65,"2.1,2.1,2.1,2.1",-0.14,-0.14,1784560219.5536585,421463750000000,421463750000000,421464453000000,421464101500000,703.0,1449.097,1449.097,421464.453,421464.453,,420015.0345,True,25,0,0,0,False,0,1007,502,1449097,1449098,1449097,0,0,142069,220897,11.43318,9.637271,-7.639816,-166.3659,3.505859,-9.365234,981.5723,-0.035,1.51375,-0.27625,0,-22,-51,51.11111,True,73,3,37.24857433,-80.4174935,12,0.68,,,,846806,2102,471
87,True,,speed-low_surface-rough_permeable_concrete_latency-wifi_baseline_route-square0p5x3_attack-none_trial-4,square0p5x3,rough_permeable_concrete,rough,low,wifi_baseline,4,none,0.5,3,rough,0.064,-0.064,1.65,"2.1,2.1,2.1,2.1",-0.14,-0.14,1784560220.553544,421464750000000,421464750000000,421465468000000,421465109000000,718.0,1450.07,1450.07,421465.468,421465.468,,420015.0345,True,25,0,0,0,False,0,1007,503,1450070,1450071,1450070,0,-0.064484025,142070,220924,11.43318,9.18867,-9.204385,-158.3088,8.876953,-15.71289,1003.545,0.2775,0.26375,-20.02625,2,-27,-50,51.66667,True,131,3,37.24857317,-80.4174945,12,0.68,,,,847421,2104,472
88,True,,speed-low_surface-rough_permeable_concrete_latency-wifi_baseline_route-square0p5x3_attack-none_trial-4,square0p5x3,rough_permeable_concrete,rough,low,wifi_baseline,4,none,0.5,3,rough,0.064,-0.064,1.65,"2.1,2.1,2.1,2.1",-0.14,-0.14,1784560221.4741302,421465671000000,421465671000000,421466328000000,421465999500000,657.0,1450.994,1450.994,421466.328,421466.328,,420015.0345,True,25,0,0,0,False,0,1007,504,1450994,1450996,1450994,-0.0859787,-0.150462725,142177,221580,11.43318,8.637808,-13.53431,-157.8466,70.40039,-108.9746,1008.428,3.715,-17.04875,-17.83875,-6,-26,-50,51.66667,True,121,3,37.248572,-80.41749567,12,0.68,,,,847986,2106,473
89,True,,speed-low_surface-rough_permeable_concrete_latency-wifi_baseline_route-square0p5x3_attack-none_trial-4,square0p5x3,rough_permeable_concrete,rough,low,wifi_baseline,4,none,0.5,3,rough,0.064,-0.064,1.65,"2.1,2.1,2.1,2.1",-0.14,-0.14,1784560222.32362,421466531000000,421466531000000,421467187000000,421466859000000,656.0,1451.84,1451.84,421467.187,421467.187,,420015.031,True,25,0,0,0,False,0,1007,505,1451840,1451842,1451840,-0.126456976,-0.147533138,142749,222345,11.43318,11.94312,-11.39533,-151.8207,-58.50586,19.44336,803.8379,1.215,0.26375,-1.15125,-5,-34,-50,51.66667,True,45,3,37.24857033,-80.41749583,12,0.68,,,,848475,2107,474
90,True,,speed-low_surface-rough_permeable_concrete_latency-wifi_baseline_route-square0p5x3_attack-none_trial-4,square0p5x3,rough_permeable_concrete,rough,low,wifi_baseline,4,none,0.5,3,rough,0.064,-0.064,1.65,"2.1,2.1,2.1,2.1",-0.14,-0.14,1784560223.207654,421467406000000,421467406000000,421468062000000,421467734000000,656.0,1452.735,1452.735,421468.062,421468.062,,420015.029,True,25,0,0,0,False,0,1007,506,1452735,1452737,1452735,-0.150462725,-0.12896805,143524,223189,11.43318,8.969091,-13.11199,-141.6427,-83.89648,-55.75195,1027.471,2.6525,-16.67375,4.03625,-4,-33,-49,51.66667,True,63,3,37.24856867,-80.4174965,12,0.68,,,,849013,2108,475
91,True,,speed-low_surface-rough_permeable_concrete_latency-wifi_baseline_route-square0p5x3_attack-none_trial-4,square0p5x3,rough_permeable_concrete,rough,low,wifi_baseline,4,none,0.5,3,rough,0.064,-0.064,1.65,"2.1,2.1,2.1,2.1",-0.14,-0.14,1784560224.0948834,421468296000000,421468296000000,421468953000000,421468624500000,657.0,1453.605,1453.605,421468.953,421468.953,,420015.0255,True,25,0,0,0,False,0,1007,507,1453605,1453607,1453605,-0.12896805,-0.150462725,144307,224028,11.43318,5.525166,-13.66407,-131.5669,172.4512,-64.54102,1033.33,-4.9725,1.63875,-5.71375,0,-44,-51,51.66667,True,40,3,37.24856717,-80.41749617,12,0.68,,,,849527,2110,476
92,True,,speed-low_surface-rough_permeable_concrete_latency-wifi_baseline_route-square0p5x3_attack-none_trial-4,square0p5x3,rough_permeable_concrete,rough,low,wifi_baseline,4,none,0.5,3,rough,0.064,-0.064,1.65,"2.1,2.1,2.1,2.1",-0.14,-0.14,1784560224.7764032,421468984000000,421468984000000,421469671000000,421469327500000,687.0,1454.299,1454.299,421469.671,421469.671,,420015.0285,True,25,0,0,0,False,0,1007,508,1454299,1454300,1454299,-0.148218277,-0.148155729,144935,224673,11.43318,4.399298,-9.128726,-122.375,-91.2207,-84.07227,1081.67,6.34,-5.73625,8.22375,-5,-34,-52,51.66667,True,733,3,37.24856717,-80.41749617,12,0.68,,,,849787,2110,477
93,True,,speed-low_surface-rough_permeable_concrete_latency-wifi_baseline_route-square0p5x3_attack-none_trial-4,square0p5x3,rough_permeable_concrete,rough,low,wifi_baseline,4,none,0.5,3,rough,0.064,-0.064,1.65,"2.1,2.1,2.1,2.1",-0.14,-0.14,1784560225.7837782,421469984000000,421469984000000,421470703000000,421470343500000,719.0,1455.303,1455.303,421470.703,421470.703,,420015.0285,True,25,0,0,0,False,0,1007,509,1455303,1455304,1455303,-0.105203975,-0.084057388,145843,225609,11.42505,1.39033,-4.28807,-107.8671,-160.5566,50.20508,1106.572,-3.2225,1.51375,-0.02625,-6,-32,-53,51.66667,True,184,3,37.2485665,-80.41749633,12,0.68,,,,850296,2112,478
94,True,,speed-low_surface-rough_permeable_concrete_latency-wifi_baseline_route-square0p5x3_attack-none_trial-4,square0p5x3,rough_permeable_concrete,rough,low,wifi_baseline,4,none,0.5,3,rough,0.064,-0.064,1.65,"2.1,2.1,2.1,2.1",-0.14,-0.14,1784560226.7459984,421470953000000,421470953000000,421471656000000,421471304500000,703.0,1456.269,1456.269,421471.656,421471.656,,420015.0285,True,25,0,0,0,False,0,1007,510,1456269,1456270,1456269,-0.021159151,-0.042282626,146198,225995,11.42505,0.306173,-4.333812,-101.2214,4.970703,-15.22461,970.8301,1.59,3.95125,-1.21375,-2,-32,-47,51.66667,True,162,3,37.24856567,-80.41749633,12,0.68,,,,850805,2114,479
95,True,,speed-low_surface-rough_permeable_concrete_latency-wifi_baseline_route-square0p5x3_attack-none_trial-4,square0p5x3,rough_permeable_concrete,rough,low,wifi_baseline,4,none,0.5,3,rough,0.064,-0.064,1.65,"2.1,2.1,2.1,2.1",-0.14,-0.14,1784560227.5095198,421471703000000,421471703000000,421472390000000,421472046500000,687.0,1457.035,1457.035,421472.39,421472.39,,420015.0255,True,25,0,0,0,False,0,1007,511,1457035,1457037,1457035,0,-0.064493238,146199,226192,11.42505,-0.015649,-4.336522,-102.2528,31.33789,-35.24414,971.8066,-0.41,2.57625,-16.21375,-1,-35,-50,51.66667,True,71,3,37.248565,-80.41749633,12,0.68,,,,851208,2116,480
96,True,,speed-low_surface-rough_permeable_concrete_latency-wifi_baseline_route-square0p5x3_attack-none_trial-4,square0p5x3,rough_permeable_concrete,rough,low,wifi_baseline,4,none,0.5,3,rough,0.064,-0.064,1.65,"2.1,2.1,2.1,2.1",-0.14,-0.14,1784560228.3887415,421472593000000,421472593000000,421473265000000,421472929000000,672.0,1457.919,1457.919,421473.265,421473.265,,420015.0195,True,25,0,0,0,False,0,1007,512,1457919,1457920,1457919,0.042964799,-0.0428852,146150,226490,11.42505,1.288702,-3.13131,-109.4153,-37.50977,-38.66211,971.8066,-2.5975,-7.79875,-26.21375,3,-38,-46,51.66667,True,97,3,37.248565,-80.41749567,12,0.68,,,,851732,2117,481
97,True,,speed-low_surface-rough_permeable_concrete_latency-wifi_baseline_route-square0p5x3_attack-none_trial-4,square0p5x3,rough_permeable_concrete,rough,low,wifi_baseline,4,none,0.5,3,rough,0.064,-0.064,1.65,"2.1,2.1,2.1,2.1",-0.14,-0.14,1784560229.3402567,421473546000000,421473546000000,421474203000000,421473874500000,657.0,1458.854,1458.854,421474.203,421474.203,,420015.0195,True,25,0,0,0,False,0,1007,513,1458854,1458856,1458854,0.043001636,-0.043087837,145874,226829,11.42505,2.449517,-2.692813,-116.424,-18.95508,-11.31836,1063.604,-2.41,6.01375,-32.02625,9,-51,-48,51.66667,True,1033,3,37.248565,-80.41749567,12,0.68,,,,852311,2117,482
98,True,,speed-low_surface-rough_permeable_concrete_latency-wifi_baseline_route-square0p5x3_attack-none_trial-4,square0p5x3,rough_permeable_concrete,rough,low,wifi_baseline,4,none,0.5,3,rough,0.064,-0.064,1.65,"2.1,2.1,2.1,2.1",-0.14,-0.14,1784560230.2151253,421474421000000,421474421000000,421475312000000,421474866500000,891.0,1459.777,1459.777,421475.312,421475.312,,420015.0195,True,25,0,0,0,False,0,1007,514,1459777,1459779,1459777,0,0,145742,227020,11.42505,0.772976,-2.125183,-106.5657,-2.353516,-0.576172,982.0605,-0.785,0.88875,-0.27625,10,-54,-51,51.66667,True,1956,3,37.248565,-80.41749567,12,0.68,,,,852873,2117,483
99,True,,speed-low_surface-rough_permeable_concrete_latency-wifi_baseline_route-square0p5x3_attack-none_trial-4,square0p5x3,rough_permeable_concrete,rough,low,wifi_baseline,4,none,0.5,3,rough,0.064,-0.064,1.65,"2.1,2.1,2.1,2.1",-0.14,-0.14,1784560231.1621923,421475359000000,421475359000000,421476203000000,421475781000000,844.0,1460.697,1460.697,421476.203,421476.203,,420015.0205,True,25,0,0,0,False,0,1007,515,1460697,1460699,1460697,0,0,145742,227020,11.42505,0.238729,-1.471728,-103.2352,2.529297,-0.576172,984.0137,0.09,-14.86125,-0.46375,11,-55,-52,51.66667,True,112,3,37.24856383,-80.41749433,12,0.68,,,,853433,2118,484
100,True,,speed-low_surface-rough_permeable_concrete_latency-wifi_baseline_route-square0p5x3_attack-none_trial-4,square0p5x3,rough_permeable_concrete,rough,low,wifi_baseline,4,none,0.5,3,rough,0.064,-0.064,1.65,"2.1,2.1,2.1,2.1",-0.14,-0.14,1784560232.0951035,421476296000000,421476296000000,421476984000000,421476640000000,688.0,1461.616,1461.616,421476.984,421476.984,,420015.0205,True,25,0,0,0,False,0,1007,516,1461616,1461618,1461616,0,0,145742,227020,11.42505,0.137485,-0.702374,-103.0402,-0.400391,-0.576172,982.5488,0.0275,-0.61125,0.47375,11,-54,-51,51.66667,True,53,3,37.24856233,-80.41749417,12,0.68,,,,853996,2120,485
101,True,,speed-low_surface-rough_permeable_concrete_latency-wifi_baseline_route-square0p5x3_attack-none_trial-4,square0p5x3,rough_permeable_concrete,rough,low,wifi_baseline,4,none,0.5,3,rough,0.064,-0.064,1.65,"2.1,2.1,2.1,2.1",-0.14,-0.14,1784560233.0411336,421477250000000,421477250000000,421477968000000,421477609000000,718.0,1462.566,1462.566,421477.968,421477.968,,420015.02400000003,True,25,0,0,0,False,0,1007,517,1462566,1462568,1462566,0,-0.04298935,145742,227030,11.42505,-0.292,-2.032653,-105.1159,6.435547,-33.7793,977.1777,-0.5975,-1.23625,-12.83875,10,-55,-49,51.66667,True,31,3,37.248562,-80.417493,12,0.68,,,,854587,2122,486
102,True,,speed-low_surface-rough_permeable_concrete_latency-wifi_baseline_route-square0p5x3_attack-none_trial-4,square0p5x3,rough_permeable_concrete,rough,low,wifi_baseline,4,none,0.5,3,rough,0.064,-0.064,1.65,"2.1,2.1,2.1,2.1",-0.14,-0.14,1784560233.7938159,421478000000000,421478000000000,421478671000000,421478335500000,671.0,1463.319,1463.319,421478.671,421478.687,,420015.02400000003,True,25,0,0,0,False,0,1007,518,1463319,1463320,1463319,-0.064474814,-0.085966419,145780,227442,11.42505,-1.677393,-4.86771,-112.4024,80.6543,7.236328,901.9824,0.84,6.07625,-19.77625,15,-59,-51,51.66667,True,783,3,37.248562,-80.417493,12,0.68,,,,854884,2122,487
103,True,,speed-low_surface-rough_permeable_concrete_latency-wifi_baseline_route-square0p5x3_attack-none_trial-4,square0p5x3,rough_permeable_concrete,rough,low,wifi_baseline,4,none,0.5,3,rough,0.064,-0.064,1.65,"2.1,2.1,2.1,2.1",-0.14,-0.14,1784560234.7918417,421479000000000,421479000000000,421479734000000,421479367000000,734.0,1464.314,1464.314,421479.734,421479.734,,420015.02400000003,True,25,0,0,0,False,0,1007,519,1464314,1464315,1464314,-0.12896805,-0.150462725,146466,228292,11.42505,-0.374749,-1.346062,-115.2205,41.10352,-135.8301,1137.822,1.715,-2.54875,-2.96375,20,-49,-48,51.66667,True,190,3,37.24856233,-80.41749267,12,0.68,,,,855393,2124,488
104,True,,speed-low_surface-rough_permeable_concrete_latency-wifi_baseline_route-square0p5x3_attack-none_trial-4,square0p5x3,rough_permeable_concrete,rough,low,wifi_baseline,4,none,0.5,3,rough,0.064,-0.064,1.65,"2.1,2.1,2.1,2.1",-0.14,-0.14,1784560235.8135943,421480015000000,421480015000000,421480734000000,421480374500000,719.0,1465.334,1465.334,421480.734,421480.734,,420015.02400000003,True,25,0,0,0,False,0,1007,520,1465334,1465336,1465334,-0.128912802,-0.150119595,147329,229259,11.41693,0.000259,-0.16919,-114.8345,-39.95117,-86.02539,1134.404,3.4025,-10.79875,-1.90125,21,-48,-51,51.11111,True,199,3,37.24856267,-80.41749367,12,0.68,,,,855902,2126,489
105,True,,speed-low_surface-rough_permeable_concrete_latency-wifi_baseline_route-square0p5x3_attack-none_trial-4,square0p5x3,rough_permeable_concrete,rough,low,wifi_baseline,4,none,0.5,3,rough,0.064,-0.064,1.65,"2.1,2.1,2.1,2.1",-0.14,-0.14,1784560236.7411764,421480937000000,421480937000000,421481593000000,421481265000000,656.0,1466.254,1466.254,421481.593,421481.593,,420015.02400000003,True,25,0,0,0,False,0,1007,521,1466254,1466256,1466254,-0.150570275,-0.129208008,148185,230130,11.41693,-2.26345,-0.646507,-112.4481,-14.07227,-31.82617,764.2871,5.215,-8.17375,-6.46375,23,-59,-48,51.66667,True,115,3,37.24856383,-80.41749467,12,0.68,,,,856411,2128,490
106,True,,speed-low_surface-rough_permeable_concrete_latency-wifi_baseline_route-square0p5x3_attack-none_trial-4,square0p5x3,rough_permeable_concrete,rough,low,wifi_baseline,4,none,0.5,3,rough,0.064,-0.064,1.65,"2.1,2.1,2.1,2.1",-0.14,-0.14,1784560237.7879214,421481984000000,421481984000000,421482781000000,421482382500000,797.0,1467.329,1467.329,421482.781,421482.781,,420015.02400000003,True,25,0,0,0,False,0,1007,522,1467329,1467330,1467329,-0.138739258,-0.13871794,149180,231140,11.41693,0.599016,0.496019,-113.506,-90.73242,-0.576172,1073.857,-6.9725,-2.61125,0.66125,22,-53,-50,51.66667,True,268,3,37.24856517,-80.41749517,12,0.68,,,,857049,2130,491
107,True,,speed-low_surface-rough_permeable_concrete_latency-wifi_baseline_route-square0p5x3_attack-none_trial-4,square0p5x3,rough_permeable_concrete,rough,low,wifi_baseline,4,none,0.5,3,rough,0.064,-0.064,1.65,"2.1,2.1,2.1,2.1",-0.14,-0.14,1784560238.7945137,421483000000000,421483000000000,421483687000000,421483343500000,687.0,1468.351,1468.351,421483.687,421483.703,,420015.0205,True,25,0,0,0,False,0,1007,523,1468351,1468352,1468351,-0.046274865,-0.069422974,150099,232060,11.41693,-1.179178,1.567797,-115.585,-32.13867,-35.73242,934.209,3.34,-1.67375,-3.46375,25,-46,-47,51.11111,True,217,3,37.24856533,-80.41749617,12,0.68,,,,857563,2132,492
108,True,,speed-low_surface-rough_permeable_concrete_latency-wifi_baseline_route-square0p5x3_attack-none_trial-4,square0p5x3,rough_permeable_concrete,rough,low,wifi_baseline,4,none,0.5,3,rough,0.064,-0.064,1.65,"2.1,2.1,2.1,2.1",-0.14,-0.14,1784560239.745686,421483953000000,421483953000000,421484671000000,421484312000000,718.0,1469.274,1469.274,421484.671,421484.671,,420015.02400000003,True,25,0,0,0,False,0,1007,524,1469274,1469275,1469274,0,0,150105,232095,11.41693,-0.3718,0.401597,-116.3839,-2.841797,3.330078,982.5488,-0.785,-1.86125,-0.46375,25,-48,-50,51.66667,True,122,3,37.24856483,-80.417498,12,0.68,,,,858067,2134,493
109,True,,speed-low_surface-rough_permeable_concrete_latency-wifi_baseline_route-square0p5x3_attack-none_trial-4,square0p5x3,rough_permeable_concrete,rough,low,wifi_baseline,4,none,0.5,3,rough,0.064,-0.064,1.65,"2.1,2.1,2.1,2.1",-0.14,-0.14,1784560240.5633564,421484765000000,421484765000000,421485437000000,421485101000000,672.0,1470.095,1470.095,421485.437,421485.437,,420015.0205,True,25,0,0,0,False,0,1007,525,1470095,1470097,1470095,0,-0.021513115,150105,232101,11.41693,-0.8702,-1.134191,-118.2373,46.96289,-14.73633,979.6191,0.6525,2.63875,-7.27625,26,-49,-48,51.66667,True,67,3,37.248564,-80.41750067,12,0.73,,,,858528,2136,494
110,True,,speed-low_surface-rough_permeable_concrete_latency-wifi_baseline_route-square0p5x3_attack-none_trial-4,square0p5x3,rough_permeable_concrete,rough,low,wifi_baseline,4,none,0.5,3,rough,0.064,-0.064,1.65,"2.1,2.1,2.1,2.1",-0.14,-0.14,1784560241.5615213,421485765000000,421485765000000,421486468000000,421486116500000,703.0,1471.091,1471.091,421486.468,421486.468,,420015.02400000003,True,25,0,0,0,False,0,1007,526,1471091,1471093,1471091,0,-0.064539344,150101,232360,11.41693,0.692519,-0.475995,-128.8677,-5.771484,5.771484,892.7051,-1.035,2.76375,-22.71375,33,-48,-45,51.11111,True,174,3,37.24856383,-80.417502,12,0.68,,,,859163,2138,495
111,True,,speed-low_surface-rough_permeable_concrete_latency-wifi_baseline_route-square0p5x3_attack-none_trial-4,square0p5x3,rough_permeable_concrete,rough,low,wifi_baseline,4,none,0.5,3,rough,0.064,-0.064,1.65,"2.1,2.1,2.1,2.1",-0.14,-0.14,1784560242.4586189,421486656000000,421486656000000,421487390000000,421487023000000,734.0,1471.989,1471.989,421487.39,421487.39,,420015.0255,True,25,0,0,0,False,0,1007,527,1471989,1471991,1471989,0.064520894,-0.06482668,149960,232702,11.41693,1.281893,-1.640811,-135.9454,-8.701172,39.46289,1009.893,-3.035,-1.61125,-34.90125,34,-48,-47,51.66667,True,87,3,37.24856483,-80.41750317,12,0.68,,,,859703,2140,496
112,True,,speed-low_surface-rough_permeable_concrete_latency-wifi_baseline_route-square0p5x3_attack-none_trial-4,square0p5x3,rough_permeable_concrete,rough,low,wifi_baseline,4,none,0.5,3,rough,0.064,-0.064,1.65,"2.1,2.1,2.1,2.1",-0.14,-0.14,1784560243.2971883,421487500000000,421487500000000,421488203000000,421487851500000,703.0,1472.813,1472.813,421488.203,421488.203,,420015.0255,True,25,0,0,0,False,0,1007,528,1472813,1472815,1472813,0.064484025,-0.04298935,149641,233030,11.41693,-0.971952,-0.863275,-142.296,8.876953,-58.68164,910.2832,-1.0975,5.95125,-32.71375,32,-33,-47,51.11111,True,45,3,37.24856517,-80.41750367,12,0.68,,,,860169,2141,497
113,True,,speed-low_surface-rough_permeable_concrete_latency-wifi_baseline_route-square0p5x3_attack-none_trial-4,square0p5x3,rough_permeable_concrete,rough,low,wifi_baseline,4,none,0.5,3,rough,0.064,-0.064,1.65,"2.1,2.1,2.1,2.1",-0.14,-0.14,1784560244.1948764,421488390000000,421488390000000,421489125000000,421488757500000,735.0,1473.709,1473.709,421489.125,421489.125,,420015.0285,True,25,0,0,0,False,0,1007,529,1473709,1473711,1473709,0,-0.021497746,149601,233058,11.41693,0.057596,-0.588556,-140.2713,0.576172,-10.3418,985.9668,-0.41,1.88875,-1.02625,34,-28,-47,51.11111,True,63,3,37.24856467,-80.41750433,12,0.68,,,,860708,2142,497
114,True,,speed-low_surface-rough_permeable_concrete_latency-wifi_baseline_route-square0p5x3_attack-none_trial-4,square0p5x3,rough_permeable_concrete,rough,low,wifi_baseline,4,none,0.5,3,rough,0.064,-0.064,1.65,"2.1,2.1,2.1,2.1",-0.14,-0.14,1784560245.0760226,421489281000000,421489281000000,421489937000000,421489609000000,656.0,1474.593,1474.593,421489.937,421489.937,,420015.0285,True,25,0,0,0,False,0,1007,530,1474593,1474595,1474593,0,0,149601,233058,11.41693,0.538579,-0.864606,-138.5753,1.552734,-4.482422,990.3613,-0.285,0.13875,-0.58875,32,-31,-51,51.66667,True,46,3,37.24856483,-80.41750483,12,0.68,,,,861236,2144,498
115,True,,speed-low_surface-rough_permeable_concrete_latency-wifi_baseline_route-square0p5x3_attack-none_trial-4,square0p5x3,rough_permeable_concrete,rough,low,wifi_baseline,4,none,0.5,3,rough,0.064,-0.064,1.65,"2.1,2.1,2.1,2.1",-0.14,-0.14,1784560245.785055,421489984000000,421489984000000,421490656000000,421490320000000,672.0,1475.308,1475.308,421490.656,421490.656,,420015.0285,True,25,0,0,0,False,0,1007,531,1475308,1475309,1475308,0.023020613,0,149601,233061,11.44905,0.521304,-0.150097,-137.5296,-16.02539,2.353516,972.7832,-0.5975,-1.73625,0.41125,36,-35,-50,51.66667,True,761,3,37.24856483,-80.41750483,12,0.68,,,,861508,2144,499
116,True,,speed-low_surface-rough_permeable_concrete_latency-wifi_baseline_route-square0p5x3_attack-none_trial-4,square0p5x3,rough_permeable_concrete,rough,low,wifi_baseline,4,none,0.5,3,rough,0.064,-0.064,1.65,"2.1,2.1,2.1,2.1",-0.14,-0.14,1784560246.7707512,421490968000000,421490968000000,421491687000000,421491327500000,719.0,1476.289,1476.289,421491.687,421491.687,,420015.034,True,25,0,0,0,False,0,1007,532,1476289,1476290,1476289,0,-0.064437998,149602,233090,11.44905,0.719038,-3.42461,-141.3528,18.1543,-16.68945,960.0879,-2.035,3.45125,-20.77625,33,-36,-47,51.66667,True,176,3,37.24856483,-80.4175045,12,0.68,,,,862017,2146,500
117,True,,speed-low_surface-rough_permeable_concrete_latency-wifi_baseline_route-square0p5x3_attack-none_trial-4,square0p5x3,rough_permeable_concrete,rough,low,wifi_baseline,4,none,0.5,3,rough,0.064,-0.064,1.65,"2.1,2.1,2.1,2.1",-0.14,-0.14,1784560247.7962208,421492000000000,421492000000000,421492656000000,421492328000000,656.0,1477.312,1477.312,421492.656,421492.656,,420015.034,True,25,0,0,0,False,0,1007,533,1477312,1477313,1477312,-0.0859787,-0.12896805,149748,233867,11.44905,4.62127,-0.97594,-153.146,-94.15039,41.41602,889.7754,2.0275,1.26375,-7.71375,29,-25,-50,51.66667,True,222,3,37.24856533,-80.41750383,12,0.68,,,,862526,2148,501
118,True,,speed-low_surface-rough_permeable_concrete_latency-wifi_baseline_route-square0p5x3_attack-none_trial-4,square0p5x3,rough_permeable_concrete,rough,low,wifi_baseline,4,none,0.5,3,rough,0.064,-0.064,1.65,"2.1,2.1,2.1,2.1",-0.14,-0.14,1784560248.8201356,421493015000000,421493015000000,421493734000000,421493374500000,719.0,1478.341,1478.341,421493.734,421493.734,,420015.03349999996,True,25,0,0,0,False,0,1007,534,1478341,1478342,1478341,-0.126919211,-0.148009988,150602,234852,11.44905,0.506389,0.311272,-151.2971,-239.6582,-172.4512,847.2949,4.84,15.70125,3.28625,30,-24,-49,51.66667,True,224,3,37.248567,-80.41750333,12,0.68,,,,863035,2150,502
119,True,,speed-low_surface-rough_permeable_concrete_latency-wifi_baseline_route-square0p5x3_attack-none_trial-4,square0p5x3,rough_permeable_concrete,rough,low,wifi_baseline,4,none,0.5,3,rough,0.064,-0.064,1.65,"2.1,2.1,2.1,2.1",-0.14,-0.14,1784560249.8099425,421494015000000,421494015000000,421494765000000,421494390000000,750.0,1479.33,1479.33,421494.765,421494.765,,420015.03349999996,True,25,0,0,0,False,0,1007,535,1479330,1479331,1479330,-0.12896805,-0.150462725,151520,235781,11.44905,0.825489,-1.638229,-150.2108,-19.93164,-104.5801,1016.24,12.4025,-7.73625,5.09875,27,-19,-48,51.66667,True,185,3,37.248569,-80.41750283,12,0.68,,,,863544,2152,503
120,True,,speed-low_surface-rough_permeable_concrete_latency-wifi_baseline_route-square0p5x3_attack-none_trial-4,square0p5x3,rough_permeable_concrete,rough,low,wifi_baseline,4,none,0.5,3,rough,0.064,-0.064,1.65,"2.1,2.1,2.1,2.1",-0.14,-0.14,1784560250.7560706,421494953000000,421494953000000,421495625000000,421495289000000,672.0,1480.291,1480.291,421495.625,421495.625,,420015.03349999996,True,25,0,0,0,False,0,1007,536,1480291,1480292,1480291,-0.138845947,-0.161937127,152408,236678,11.44905,1.958103,-0.882564,-150.5588,31.33789,63.38867,889.2871,1.465,14.88875,0.41125,32,-21,-48,51.66667,True,155,3,37.248571,-80.41750233,12,0.68,,,,864053,2154,504
121,True,,speed-low_surface-rough_permeable_concrete_latency-wifi_baseline_route-square0p5x3_attack-none_trial-4,square0p5x3,rough_permeable_concrete,rough,low,wifi_baseline,4,none,0.5,3,rough,0.064,-0.064,1.65,"2.1,2.1,2.1,2.1",-0.14,-0.14,1784560251.7621827,421495968000000,421495968000000,421496625000000,421496296500000,657.0,1481.281,1481.281,421496.625,421496.625,,420015.03349999996,True,25,0,0,0,False,0,1007,537,1481281,1481282,1481281,-0.064447198,-0.085782625,153305,237593,11.44905,-0.093655,0.297012,-150.2908,55.75195,-61.61133,960.5762,2.2775,-4.98625,-0.02625,30,-19,-50,51.66667,True,189,3,37.2485725,-80.41750183,12,0.68,,,,864562,2156,505
122,True,,speed-low_surface-rough_permeable_concrete_latency-wifi_baseline_route-square0p5x3_attack-none_trial-4,square0p5x3,rough_permeable_concrete,rough,low,wifi_baseline,4,none,0.5,3,rough,0.064,-0.064,1.65,"2.1,2.1,2.1,2.1",-0.14,-0.14,1784560252.6258717,421496828000000,421496828000000,421497500000000,421497164000000,672.0,1482.157,1482.157,421497.5,421497.5,,420015.03349999996,True,25,0,0,0,False,0,1007,538,1482157,1482158,1482157,-0.022370313,-0.044760591,153619,237930,11.44905,0.034348,0.677274,-150.9893,-20.41992,-4.482422,978.6426,-0.9725,-5.23625,-7.77625,34,-20,-47,51.66667,True,80,3,37.24857367,-80.41750167,12,0.68,,,,865071,2158,506
123,True,,speed-low_surface-rough_permeable_concrete_latency-wifi_baseline_route-square0p5x3_attack-none_trial-4,square0p5x3,rough_permeable_concrete,rough,low,wifi_baseline,4,none,0.5,3,rough,0.064,-0.064,1.65,"2.1,2.1,2.1,2.1",-0.14,-0.14,1784560253.652389,421497859000000,421497859000000,421498515000000,421498187000000,656.0,1483.171,1483.171,421498.515,421498.515,,420015.0255,True,25,0,0,0,False,0,1007,539,1483171,1483172,1483171,0,-0.063343836,153619,238206,11.44905,0.334515,-1.248097,-155.3797,41.10352,-11.80664,922.4902,-1.8475,2.26375,-20.08875,32,-17,-47,51.66667,True,212,3,37.24857483,-80.417502,12,0.68,,,,865709,2160,507
124,True,,speed-low_surface-rough_permeable_concrete_latency-wifi_baseline_route-square0p5x3_attack-none_trial-4,square0p5x3,rough_permeable_concrete,rough,low,wifi_baseline,4,none,0.5,3,rough,0.064,-0.064,1.65,"2.1,2.1,2.1,2.1",-0.14,-0.14,1784560254.7594543,421498953000000,421498953000000,421499671000000,421499312000000,718.0,1484.275,1484.275,421499.671,421499.671,,420015.0255,True,25,0,0,0,False,0,1007,540,1484275,1484277,1484275,0.04298935,-0.064484025,153523,238636,11.44905,2.944696,-0.201307,-170.0923,-11.14258,10.6543,966.4355,0.4025,8.76375,-31.58875,25,-10,-49,51.66667,True,302,3,37.24857517,-80.41750233,12,0.68,,,,866347,2162,508
125,True,,speed-low_surface-rough_permeable_concrete_latency-wifi_baseline_route-square0p5x3_attack-none_trial-4,square0p5x3,rough_permeable_concrete,rough,low,wifi_baseline,4,none,0.5,3,rough,0.064,-0.064,1.65,"2.1,2.1,2.1,2.1",-0.14,-0.14,1784560255.5614724,421499765000000,421499765000000,421500437000000,421500101000000,672.0,1485.102,1485.102,421500.437,421500.437,,420015.0255,True,25,0,0,0,False,0,1007,541,1485102,1485103,1485102,0.044078724,-0.044111031,153273,238981,11.44905,5.834833,-0.988635,178.0018,-7.724609,74.13086,991.3379,0.465,4.57625,-21.27625,12,-8,-50,51.66667,True,72,3,37.248575,-80.41750267,12,0.68,,,,866814,2164,509
126,True,,speed-low_surface-rough_permeable_concrete_latency-wifi_baseline_route-square0p5x3_attack-none_trial-4,square0p5x3,rough_permeable_concrete,rough,low,wifi_baseline,4,none,0.5,3,rough,0.064,-0.064,1.65,"2.1,2.1,2.1,2.1",-0.14,-0.14,1784560256.6927674,421500890000000,421500890000000,421501640000000,421501265000000,750.0,1486.229,1486.229,421501.64,421501.64,,420015.0255,True,25,0,0,0,False,0,1007,542,1486229,1486230,1486229,0,0,153127,239158,11.44101,6.720176,-0.668062,176.7819,5.458984,10.16602,984.0137,0.0275,-0.36125,-1.27625,6,-12,-51,51.66667,True,267,3,37.24857417,-80.41750283,12,0.73,,,,867494,2166,510
127,True,,speed-low_surface-rough_permeable_concrete_latency-wifi_baseline_route-square0p5x3_attack-none_trial-4,square0p5x3,rough_permeable_concrete,rough,low,wifi_baseline,4,none,0.5,3,rough,0.064,-0.064,1.65,"2.1,2.1,2.1,2.1",-0.14,-0.14,1784560257.7614415,421501968000000,421501968000000,421502609000000,421502288500000,641.0,1487.274,1487.274,421502.609,421502.609,,420015.0255,True,25,0,0,0,False,0,1007,543,1487274,1487275,1487274,0,0,153127,239188,11.44101,6.05739,-0.547933,177.2203,-15.53711,29.20898,977.666,-0.16,2.63875,-0.15125,4,-10,-50,51.66667,True,239,3,37.24857433,-80.41750283,12,0.71,,,,868128,2168,511
128,True,,speed-low_surface-rough_permeable_concrete_latency-wifi_baseline_route-square0p5x3_attack-none_trial-4,square0p5x3,rough_permeable_concrete,rough,low,wifi_baseline,4,none,0.5,3,rough,0.064,-0.064,1.65,"2.1,2.1,2.1,2.1",-0.14,-0.14,1784560258.553365,421502750000000,421502750000000,421503453000000,421503101500000,703.0,1488.065,1488.065,421503.453,421503.453,,420015.0255,True,25,0,0,0,False,0,1007,544,1488065,1488067,1488065,0,0,153127,239188,11.44101,5.498412,-1.146849,178.0238,-3.330078,1.376953,983.0371,-0.7225,0.32625,-0.58875,5,-10,-51,51.66667,True,47,3,37.24857383,-80.41750333,12,0.71,,,,868560,2170,512
129,True,,speed-low_surface-rough_permeable_concrete_latency-wifi_baseline_route-square0p5x3_attack-none_trial-4,square0p5x3,rough_permeable_concrete,rough,low,wifi_baseline,4,none,0.5,3,rough,0.064,-0.064,1.65,"2.1,2.1,2.1,2.1",-0.14,-0.14,1784560259.3489397,421503546000000,421503546000000,421504281000000,421503913500000,735.0,1488.864,1488.864,421504.281,421504.281,,420015.0255,True,25,0,0,0,False,0,1007,545,1488864,1488866,1488864,0,-0.021494675,153127,239192,11.44101,7.105685,-3.156764,179.462,35.73242,-24.01367,975.7129,-0.035,-1.67375,-6.40125,10,-15,-49,51.66667,True,44,3,37.248573,-80.417504,12,0.68,,,,869000,2172,513
130,True,,speed-low_surface-rough_permeable_concrete_latency-wifi_baseline_route-square0p5x3_attack-none_trial-4,square0p5x3,rough_permeable_concrete,rough,low,wifi_baseline,4,none,0.5,3,rough,0.064,-0.064,1.65,"2.1,2.1,2.1,2.1",-0.14,-0.14,1784560260.1758926,421504375000000,421504375000000,421505109000000,421504742000000,734.0,1489.721,1489.721,421505.109,421505.109,,420015.0255,True,25,0,0,0,False,0,1007,546,1489721,1489722,1489721,-0.089574475,-0.134361713,153219,239669,11.44101,8.504532,-2.720929,175.3624,-48.74023,1.376953,1067.998,-2.66,-5.54875,-3.52625,6,-13,-51,51.66667,True,900,3,37.248573,-80.417504,12,0.68,,,,869496,2172,514
131,True,,speed-low_surface-rough_permeable_concrete_latency-wifi_baseline_route-square0p5x3_attack-none_trial-4,square0p5x3,rough_permeable_concrete,rough,low,wifi_baseline,4,none,0.5,3,rough,0.064,-0.064,1.65,"2.1,2.1,2.1,2.1",-0.14,-0.14,1784560261.0551414,421505250000000,421505250000000,421506031000000,421505640500000,781.0,1490.585,1490.585,421506.031,421506.031,,420015.0255,True,25,0,0,0,False,0,1007,547,1490585,1490586,1490585,-0.132800287,-0.155344996,153863,240456,11.44101,11.35874,-2.850855,175.8138,-176.1816,37.50977,951.2988,-1.91,1.95125,-8.21375,1,-18,-52,52.77778,True,39,3,37.248572,-80.41750283,12,0.68,,,,870002,2174,515
132,True,,speed-low_surface-rough_permeable_concrete_latency-wifi_baseline_route-square0p5x3_attack-none_trial-4,square0p5x3,rough_permeable_concrete,rough,low,wifi_baseline,4,none,0.5,3,rough,0.064,-0.064,1.65,"2.1,2.1,2.1,2.1",-0.14,-0.14,1784560261.8628974,421506062000000,421506062000000,421506750000000,421506406000000,688.0,1491.381,1491.381,421506.75,421506.75,,420015.0255,True,25,0,0,0,False,0,1007,548,1491381,1491383,1491381,-0.121243131,-0.141355399,154557,241195,11.44101,8.901968,-3.806121,178.3398,31.33789,64.85352,785.7715,-12.3475,-9.67375,2.16125,-1,-14,-50,51.66667,True,836,3,37.248572,-80.41750283,12,0.68,,,,870315,2174,516
133,True,,speed-low_surface-rough_permeable_concrete_latency-wifi_baseline_route-square0p5x3_attack-none_trial-4,square0p5x3,rough_permeable_concrete,rough,low,wifi_baseline,4,none,0.5,3,rough,0.064,-0.064,1.65,"2.1,2.1,2.1,2.1",-0.14,-0.14,1784560262.7858741,421506984000000,421506984000000,421507703000000,421507343500000,719.0,1492.306,1492.306,421507.703,421507.703,,420015.0255,True,25,0,0,0,False,0,1007,549,1492306,1492307,1492306,-0.12896805,-0.150462725,155407,242056,11.44101,12.0795,-9.00521,-176.9002,1.552734,87.80273,1041.631,-4.16,1.01375,5.97375,-6,-21,-49,51.66667,True,148,3,37.24857133,-80.417502,12,0.68,,,,870794,2176,517
134,True,,speed-low_surface-rough_permeable_concrete_latency-wifi_baseline_route-square0p5x3_attack-none_trial-4,square0p5x3,rough_permeable_concrete,rough,low,wifi_baseline,4,none,0.5,3,rough,0.064,-0.064,1.65,"2.1,2.1,2.1,2.1",-0.14,-0.14,1784560263.7707705,421507968000000,421507968000000,421508625000000,421508296500000,657.0,1493.286,1493.286,421508.625,421508.625,,420015.0255,True,25,0,0,0,False,0,1007,550,1493286,1493287,1493286,-0.150462725,-0.12896805,156308,242965,11.44101,5.94735,-1.985132,-170.2403,-118.0762,28.7207,1111.455,-19.035,-0.54875,1.97375,3,-15,-52,51.11111,True,176,3,37.24856983,-80.41750083,12,0.68,,,,871303,2178,518
135,True,,speed-low_surface-rough_permeable_concrete_latency-wifi_baseline_route-square0p5x3_attack-none_trial-4,square0p5x3,rough_permeable_concrete,rough,low,wifi_baseline,4,none,0.5,3,rough,0.064,-0.064,1.65,"2.1,2.1,2.1,2.1",-0.14,-0.14,1784560264.6875691,421508890000000,421508890000000,421509609000000,421509249500000,719.0,1494.218,1494.218,421509.609,421509.609,,420015.0315,True,25,0,0,0,False,0,1007,551,1494218,1494219,1494218,-0.10557306,-0.126616599,157153,243827,11.44101,8.288532,-3.161156,-167.7263,-138.0957,-45.49805,1223.76,-0.2225,0.13875,-3.58875,2,-21,-50,51.11111,True,131,3,37.24856867,-80.41750033,12,0.68,,,,871812,2180,519
136,True,,speed-low_surface-rough_permeable_concrete_latency-wifi_baseline_route-square0p5x3_attack-none_trial-4,square0p5x3,rough_permeable_concrete,rough,low,wifi_baseline,4,none,0.5,3,rough,0.064,-0.064,1.65,"2.1,2.1,2.1,2.1",-0.14,-0.14,1784560265.7595305,421509953000000,421509953000000,421510640000000,421510296500000,687.0,1495.279,1495.279,421510.64,421510.64,,420015.025,True,25,0,0,0,False,0,1007,552,1495279,1495280,1495279,-0.021494675,-0.021485467,157499,244178,11.44101,8.407545,-6.132966,-163.377,-31.65039,-23.52539,997.1973,0.4025,3.32625,-2.02625,-1,-21,-51,51.66667,True,254,3,37.24856733,-80.41750017,12,0.68,,,,872450,2182,520
137,True,,speed-low_surface-rough_permeable_concrete_latency-wifi_baseline_route-square0p5x3_attack-none_trial-4,square0p5x3,rough_permeable_concrete,rough,low,wifi_baseline,4,none,0.5,3,rough,0.064,-0.064,1.65,"2.1,2.1,2.1,2.1",-0.14,-0.14,1784560266.7408607,421510937000000,421510937000000,421511656000000,421511296500000,719.0,1496.278,1496.278,421511.656,421511.656,,420015.021,True,25,0,0,0,False,0,1007,553,1496278,1496280,1496278,0,-0.023151673,157499,244194,11.4571,7.306196,-8.07827,-154.9004,7.900391,-16.20117,984.9902,-0.785,-1.98625,-6.83875,1,-21,-50,51.66667,True,181,3,37.24856633,-80.41750067,12,0.68,,,,872959,2184,521
138,True,,speed-low_surface-rough_permeable_concrete_latency-wifi_baseline_route-square0p5x3_attack-none_trial-4,square0p5x3,rough_permeable_concrete,rough,low,wifi_baseline,4,none,0.5,3,rough,0.064,-0.064,1.65,"2.1,2.1,2.1,2.1",-0.14,-0.14,1784560267.5859907,421511781000000,421511781000000,421512468000000,421512124500000,687.0,1497.099,1497.099,421512.468,421512.468,,420015.021,True,25,0,0,0,False,0,1007,554,1497099,1497101,1497099,0,-0.021485467,157500,244381,11.4571,8.379223,-8.280475,-153.331,-10.16602,-3.505859,951.7871,-0.2225,4.20125,-11.15125,0,-23,-51,51.66667,True,47,3,37.24856567,-80.41750217,12,0.68,,,,873422,2186,522
139,True,,speed-low_surface-rough_permeable_concrete_latency-wifi_baseline_route-square0p5x3_attack-none_trial-4,square0p5x3,rough_permeable_concrete,rough,low,wifi_baseline,4,none,0.5,3,rough,0.064,-0.064,1.65,"2.1,2.1,2.1,2.1",-0.14,-0.14,1784560268.4806054,421512687000000,421512687000000,421513406000000,421513046500000,719.0,1497.997,1497.997,421513.406,421513.406,,420015.025,True,25,0,0,0,False,0,1007,555,1497997,1497999,1497997,0.021494675,-0.064456401,157456,244764,11.4571,8.636294,-8.595912,-151.258,-14.56055,24.32617,998.6621,-0.785,-0.73625,-17.46375,0,-24,-48,51.11111,True,95,3,37.248565,-80.4175035,12,0.68,,,,873961,2188,523
140,True,,speed-low_surface-rough_permeable_concrete_latency-wifi_baseline_route-square0p5x3_attack-none_trial-4,square0p5x3,rough_permeable_concrete,rough,low,wifi_baseline,4,none,0.5,3,rough,0.064,-0.064,1.65,"2.1,2.1,2.1,2.1",-0.14,-0.14,1784560269.369394,421513578000000,421513578000000,421514312000000,421513945000000,734.0,1498.885,1498.885,421514.312,421514.312,,420015.0255,True,25,0,0,0,False,0,1007,556,1498885,1498886,1498885,0.064456401,-0.085868298,157351,244853,11.4571,9.03935,-12.20838,-151.992,65.51758,4.306641,922.002,0.7775,5.51375,-38.71375,-3,-31,-52,51.66667,True,62,3,37.24856417,-80.41750367,12,0.68,,,,874492,2189,524
141,True,,speed-low_surface-rough_permeable_concrete_latency-wifi_baseline_route-square0p5x3_attack-none_trial-4,square0p5x3,rough_permeable_concrete,rough,low,wifi_baseline,4,none,0.5,3,rough,0.064,-0.064,1.65,"2.1,2.1,2.1,2.1",-0.14,-0.14,1784560270.2355876,421514437000000,421514437000000,421515140000000,421514788500000,703.0,1499.754,1499.754,421515.14,421515.14,,420015.0255,True,25,0,0,0,False,0,1007,557,1499754,1499756,1499754,0.021491605,-0.021488535,157050,245237,11.4571,11.61746,-12.31949,-146.3229,-0.888672,15.04883,966.9238,0.0275,-2.42375,-13.27625,-1,-42,-51,51.66667,True,932,3,37.24856417,-80.41750367,12,0.68,,,,875004,2189,525
142,True,,speed-low_surface-rough_permeable_concrete_latency-wifi_baseline_route-square0p5x3_attack-none_trial-4,square0p5x3,rough_permeable_concrete,rough,low,wifi_baseline,4,none,0.5,3,rough,0.064,-0.064,1.65,"2.1,2.1,2.1,2.1",-0.14,-0.14,1784560271.112409,421515312000000,421515312000000,421515984000000,421515648000000,672.0,1500.654,1500.654,421515.984,421515.984,,420015.0255,True,25,0,0,0,False,0,1007,558,1500654,1500655,1500654,0,0,157036,245285,11.4571,6.355854,-11.92842,-127.2151,26.94336,-9.365234,982.0605,-0.9725,-2.23625,0.53625,-2,-43,-51,51.66667,True,74,3,37.24856333,-80.417502,12,0.68,,,,875546,2190,526
143,True,,speed-low_surface-rough_permeable_concrete_latency-wifi_baseline_route-square0p5x3_attack-none_trial-4,square0p5x3,rough_permeable_concrete,rough,low,wifi_baseline,4,none,0.5,3,rough,0.064,-0.064,1.65,"2.1,2.1,2.1,2.1",-0.14,-0.14,1784560271.9608016,421516156000000,421516156000000,421516875000000,421516515500000,719.0,1501.479,1501.479,421516.875,421516.875,,420015.0255,True,25,0,0,0,False,0,1007,559,1501479,1501481,1501479,0,0,157036,245285,11.4571,2.615037,-8.810804,-112.1709,13.27148,-3.017578,980.5957,-0.0975,1.82625,0.03625,-3,-42,-51,51.66667,True,46,3,37.24857083,-80.41749517,12,0.68,,,,876004,2191,528
144,True,,speed-low_surface-rough_permeable_concrete_latency-wifi_baseline_route-square0p5x3_attack-none_trial-4,square0p5x3,rough_permeable_concrete,rough,low,wifi_baseline,4,none,0.5,3,rough,0.064,-0.064,1.65,"2.1,2.1,2.1,2.1",-0.14,-0.14,1784560272.7789066,421516984000000,421516984000000,421517703000000,421517343500000,719.0,1502.302,1502.302,421517.703,421517.703,,420015.0255,True,25,0,0,0,False,0,1007,560,1502302,1502303,1502302,0,-0.021093891,157036,245290,11.4571,0.641628,-7.455459,-107.1131,62.58789,-18.64258,963.0176,1.34,2.38875,-8.58875,0,-45,-47,51.66667,True,128,3,37.24857083,-80.41749517,12,0.68,,,,876400,2192,529
145,True,,speed-low_surface-rough_permeable_concrete_latency-wifi_baseline_route-square0p5x3_attack-none_trial-4,square0p5x3,rough_permeable_concrete,rough,low,wifi_baseline,4,none,0.5,3,rough,0.064,-0.064,1.65,"2.1,2.1,2.1,2.1",-0.14,-0.14,1784560273.8001146,421518000000000,421518000000000,421518718000000,421518359000000,718.0,1503.333,1503.333,421518.718,421518.718,,420015.026,True,25,0,0,0,False,0,1007,561,1503333,1503334,1503333,-0.107427335,-0.128875996,157223,245961,11.4571,2.00517,-3.527481,-107.5726,25.9668,20.41992,1117.314,-4.9725,-6.86125,0.47375,8,-51,-51,51.66667,True,228,3,37.24857283,-80.41748817,12,0.7,,,,876905,2194,530
146,True,,speed-low_surface-rough_permeable_concrete_latency-wifi_baseline_route-square0p5x3_attack-none_trial-4,square0p5x3,rough_permeable_concrete,rough,low,wifi_baseline,4,none,0.5,3,rough,0.064,-0.064,1.65,"2.1,2.1,2.1,2.1",-0.14,-0.14,1784560274.7806802,421518984000000,421518984000000,421519640000000,421519312000000,656.0,1504.293,1504.293,421519.64,421519.64,,420015.026,True,25,0,0,0,False,0,1007,562,1504293,1504294,1504293,-0.12896805,-0.150462725,157975,246888,11.4571,-1.003631,-3.154547,-105.3734,42.56836,-186.123,776.0059,4.5275,-4.17375,-1.27625,7,-46,-49,51.66667,True,154,3,37.248575,-80.41748667,12,0.7,,,,877412,2196,531
147,True,,speed-low_surface-rough_permeable_concrete_latency-wifi_baseline_route-square0p5x3_attack-none_trial-4,square0p5x3,rough_permeable_concrete,rough,low,wifi_baseline,4,none,0.5,3,rough,0.064,-0.064,1.65,"2.1,2.1,2.1,2.1",-0.14,-0.14,1784560275.7515397,421519953000000,421519953000000,421520656000000,421520304500000,703.0,1505.289,1505.289,421520.656,421520.656,,420015.026,True,25,0,0,0,False,0,1007,563,1505289,1505290,1505289,-0.138335328,-0.13842017,158874,247840,11.4571,1.402439,-1.324114,-103.5235,-22.86133,54.59961,843.877,-6.0975,1.63875,3.28625,10,-55,-48,51.66667,True,193,3,37.2485715,-80.41748833,12,0.78,,,,877911,2198,532
148,True,,speed-low_surface-rough_permeable_concrete_latency-wifi_baseline_route-square0p5x3_attack-none_trial-4,square0p5x3,rough_permeable_concrete,rough,low,wifi_baseline,4,none,0.5,3,rough,0.064,-0.064,1.65,"2.1,2.1,2.1,2.1",-0.14,-0.14,1784560276.770654,421520968000000,421520968000000,421521687000000,421521327500000,719.0,1506.305,1506.305,421521.687,421521.687,,420015.026,True,25,0,0,0,False,0,1007,564,1506305,1506306,1506305,-0.137723318,-0.137975906,159816,248807,11.40526,0.789252,0.437437,-103.5568,-107.334,46.29883,1004.033,11.9025,-1.48625,-5.27625,14,-57,-51,51.66667,True,196,3,37.24856967,-80.417487,12,0.71,,,,878412,2200,533
149,True,,speed-low_surface-rough_permeable_concrete_latency-wifi_baseline_route-square0p5x3_attack-none_trial-4,square0p5x3,rough_permeable_concrete,rough,low,wifi_baseline,4,none,0.5,3,rough,0.064,-0.064,1.65,"2.1,2.1,2.1,2.1",-0.14,-0.14,1784560277.7742631,421521968000000,421521968000000,421522765000000,421522366500000,797.0,1507.313,1507.313,421522.765,421522.765,,420015.026,True,25,0,0,0,False,0,1007,565,1507313,1507315,1507313,-0.069082978,-0.068977411,160741,249735,11.40526,-0.371407,1.592629,-100.2128,19.13086,4.794922,897.5879,-3.9725,3.57625,-0.46375,12,-50,-51,51.66667,True,204,3,37.24856967,-80.41748683,12,0.71,,,,878915,2202,534
150,True,,speed-low_surface-rough_permeable_concrete_latency-wifi_baseline_route-square0p5x3_attack-none_trial-4,square0p5x3,rough_permeable_concrete,rough,low,wifi_baseline,4,none,0.5,3,rough,0.064,-0.064,1.65,"2.1,2.1,2.1,2.1",-0.14,-0.14,1784560278.712849,421522921000000,421522921000000,421523640000000,421523280500000,719.0,1508.249,1508.249,421523.64,421523.64,,420015.0315,True,25,0,0,0,False,0,1007,566,1508249,1508250,1508249,0,-0.023162365,160765,249750,11.40526,-0.153718,0.621072,-102.3752,-9.189453,1.865234,990.8496,0.4025,-0.23625,-0.65125,13,-51,-46,51.66667,True,131,3,37.24857083,-80.41748417,12,0.69,,,,879422,2204,535
151,True,,speed-low_surface-rough_permeable_concrete_latency-wifi_baseline_route-square0p5x3_attack-none_trial-4,square0p5x3,rough_permeable_concrete,rough,low,wifi_baseline,4,none,0.5,3,rough,0.064,-0.064,1.65,"2.1,2.1,2.1,2.1",-0.14,-0.14,1784560279.779891,421523984000000,421523984000000,421524656000000,421524320000000,672.0,1509.312,1509.312,421524.656,421524.656,,420015.026,True,25,0,0,0,False,0,1007,567,1509312,1509313,1509312,0,-0.046324731,160769,249927,11.40526,0.038797,-0.257924,-106.0713,5.947266,-12.7832,985.9668,-0.5975,0.63875,-12.46375,13,-52,-50,51.11111,True,257,3,37.24857117,-80.4174825,12,0.7,,,,880056,2206,536
152,True,,speed-low_surface-rough_permeable_concrete_latency-wifi_baseline_route-square0p5x3_attack-none_trial-4,square0p5x3,rough_permeable_concrete,rough,low,wifi_baseline,4,none,0.5,3,rough,0.064,-0.064,1.65,"2.1,2.1,2.1,2.1",-0.14,-0.14,1784560280.7606308,421524968000000,421524968000000,421525625000000,421525296500000,657.0,1510.288,1510.288,421525.625,421525.625,,420015.026,True,25,0,0,0,False,0,1007,568,1510288,1510290,1510288,0.021494675,-0.064484025,160748,250330,11.40526,1.084938,-1.511422,-116.6292,8.388672,24.81445,993.291,1.34,-0.48625,-24.02625,19,-52,-47,51.11111,True,173,3,37.2485715,-80.4174815,12,0.7,,,,880561,2208,537
153,True,,speed-low_surface-rough_permeable_concrete_latency-wifi_baseline_route-square0p5x3_attack-none_trial-4,square0p5x3,rough_permeable_concrete,rough,low,wifi_baseline,4,none,0.5,3,rough,0.064,-0.064,1.65,"2.1,2.1,2.1,2.1",-0.14,-0.14,1784560281.6166317,421525812000000,421525812000000,421526500000000,421526156000000,688.0,1511.142,1511.142,421526.5,421526.5,,420015.0255,True,25,0,0,0,False,0,1007,569,1511142,1511144,1511142,0.021494675,-0.064484025,160602,250633,11.40526,4.244603,-2.827431,-122.2106,65.0293,53.13477,935.6738,-1.7225,-6.86125,-18.52625,23,-49,-48,51.66667,True,60,3,37.24857033,-80.41748817,12,0.73,,,,881058,2210,538
154,True,,speed-low_surface-rough_permeable_concrete_latency-wifi_baseline_route-square0p5x3_attack-none_trial-4,square0p5x3,rough_permeable_concrete,rough,low,wifi_baseline,4,none,0.5,3,rough,0.064,-0.064,1.65,"2.1,2.1,2.1,2.1",-0.14,-0.14,1784560282.5887673,421526796000000,421526796000000,421527531000000,421527163500000,735.0,1512.101,1512.101,421527.531,421527.531,,420015.0255,True,25,0,0,0,False,0,1007,570,1512101,1512103,1512101,0,0.021494675,160559,250715,11.40526,2.150332,-2.430997,-120.6762,7.900391,5.283203,981.084,-0.66,-0.29875,2.03625,19,-48,-49,51.66667,True,151,3,37.24857367,-80.41749117,12,0.73,,,,881664,2212,539
155,True,,speed-low_surface-rough_permeable_concrete_latency-wifi_baseline_route-square0p5x3_attack-none_trial-4,square0p5x3,rough_permeable_concrete,rough,low,wifi_baseline,4,none,0.5,3,rough,0.064,-0.064,1.65,"2.1,2.1,2.1,2.1",-0.14,-0.14,1784560283.3780756,421527578000000,421527578000000,421528343000000,421527960500000,765.0,1512.905,1512.905,421528.343,421528.343,,420015.026,True,25,0,0,0,False,0,1007,571,1512905,1512907,1512905,0,0,160559,250715,11.40526,0.963388,-1.914419,-119.1133,7.412109,-3.505859,932.7441,-0.41,-0.17375,-0.08875,22,-48,-49,51.11111,True,58,3,37.24857667,-80.41749367,12,0.69,,,,882108,2214,540
156,True,,speed-low_surface-rough_permeable_concrete_latency-wifi_baseline_route-square0p5x3_attack-none_trial-4,square0p5x3,rough_permeable_concrete,rough,low,wifi_baseline,4,none,0.5,3,rough,0.064,-0.064,1.65,"2.1,2.1,2.1,2.1",-0.14,-0.14,1784560284.2633564,421528468000000,421528468000000,421529156000000,421528812000000,688.0,1513.803,1513.803,421529.156,421529.156,,420015.0255,True,25,0,0,0,False,0,1007,572,1513803,1513804,1513803,0,0,160559,250715,11.40526,0.704293,-1.322781,-116.3897,6.923828,5.771484,978.6426,-0.0975,0.45125,-0.27625,22,-49,-48,51.66667,True,955,3,37.24857667,-80.41749367,12,0.69,,,,882648,2214,541
157,True,,speed-low_surface-rough_permeable_concrete_latency-wifi_baseline_route-square0p5x3_attack-none_trial-4,square0p5x3,rough_permeable_concrete,rough,low,wifi_baseline,4,none,0.5,3,rough,0.064,-0.064,1.65,"2.1,2.1,2.1,2.1",-0.14,-0.14,1784560285.1446939,421529343000000,421529343000000,421530078000000,421529710500000,735.0,1514.674,1514.674,421530.078,421530.078,,420015.026,True,25,0,0,0,False,0,1007,573,1514674,1514676,1514674,0,-0.040605242,160560,250726,11.40526,-0.695947,-1.042571,-117.9918,24.01367,16.02539,994.2676,1.59,5.20125,-4.58875,27,-51,-47,51.66667,True,70,3,37.248578,-80.41750117,12,0.69,,,,883161,2215,542
158,True,,speed-low_surface-rough_permeable_concrete_latency-wifi_baseline_route-square0p5x3_attack-none_trial-4,square0p5x3,rough_permeable_concrete,rough,low,wifi_baseline,4,none,0.5,3,rough,0.064,-0.064,1.65,"2.1,2.1,2.1,2.1",-0.14,-0.14,1784560286.009567,421530203000000,421530203000000,421530906000000,421530554500000,703.0,1515.547,1515.547,421530.906,421530.906,,420015.0255,True,25,0,0,0,False,0,1007,574,1515547,1515548,1515547,-0.066635396,-0.133329841,160621,251317,11.40526,3.300797,-0.692638,-129.4844,-11.14258,57.04102,874.6387,-4.285,-10.48625,-20.65125,31,-46,-47,51.66667,True,16,3,37.24857917,-80.41750233,12,0.75,,,,883674,2217,543
159,True,,speed-low_surface-rough_permeable_concrete_latency-wifi_baseline_route-square0p5x3_attack-none_trial-4,square0p5x3,rough_permeable_concrete,rough,low,wifi_baseline,4,none,0.5,3,rough,0.064,-0.064,1.65,"2.1,2.1,2.1,2.1",-0.14,-0.14,1784560286.778254,421530984000000,421530984000000,421531828000000,421531406000000,844.0,1516.295,1516.295,421531.828,421531.828,,420015.026,True,25,0,0,0,False,0,1007,575,1516295,1516296,1516295,-0.105277585,-0.147038821,161067,252028,11.41685,0.73277,-5.529651,-131.7543,102.627,38.48633,778.9355,-8.035,-0.23625,-17.52625,31,-45,-50,51.66667,True,764,3,37.24857917,-80.41750233,12,0.75,,,,883986,2217,543
160,True,,speed-low_surface-rough_permeable_concrete_latency-wifi_baseline_route-square0p5x3_attack-none_trial-4,square0p5x3,rough_permeable_concrete,rough,low,wifi_baseline,4,none,0.5,3,rough,0.064,-0.064,1.65,"2.1,2.1,2.1,2.1",-0.14,-0.14,1784560287.6946225,421531890000000,421531890000000,421532640000000,421532265000000,750.0,1517.228,1517.228,421532.64,421532.64,,420015.026,True,25,0,0,0,False,0,1007,576,1517228,1517230,1517228,-0.137744332,-0.160922701,161913,252981,11.41685,-0.572473,-0.188914,-131.4567,-8.212891,-73.81836,951.2988,-2.035,5.32625,0.28625,30,-37,-49,51.66667,True,130,3,37.248579,-80.41750083,12,0.69,,,,884493,2219,544
161,True,,speed-low_surface-rough_permeable_concrete_latency-wifi_baseline_route-square0p5x3_attack-none_trial-4,square0p5x3,rough_permeable_concrete,rough,low,wifi_baseline,4,none,0.5,3,rough,0.064,-0.064,1.65,"2.1,2.1,2.1,2.1",-0.14,-0.14,1784560288.7803926,421532984000000,421532984000000,421533671000000,421533327500000,687.0,1518.289,1518.289,421533.671,421533.671,,420015.0315,True,25,0,0,0,False,0,1007,577,1518289,1518290,1518289,-0.12896805,-0.150462725,162866,254004,11.41685,0.977051,2.545764,-129.4686,-120.0293,27.74414,855.5957,-8.16,-0.73625,1.66125,28,-40,-49,51.66667,True,254,3,37.2485795,-80.41750167,12,0.69,,,,885129,2221,545
162,True,,speed-low_surface-rough_permeable_concrete_latency-wifi_baseline_route-square0p5x3_attack-none_trial-4,square0p5x3,rough_permeable_concrete,rough,low,wifi_baseline,4,none,0.5,3,rough,0.064,-0.064,1.65,"2.1,2.1,2.1,2.1",-0.14,-0.14,1784560289.778382,421533984000000,421533984000000,421534796000000,421534390000000,812.0,1519.303,1519.303,421534.796,421534.796,,420015.0345,True,25,0,0,0,False,0,1007,578,1519303,1519304,1519303,-0.12896805,-0.12896805,163804,254983,11.41685,0.845186,0.288699,-134.1013,-150.3027,-28.89648,919.5605,-6.0975,-1.48625,0.72375,37,-41,-46,51.66667,True,211,3,37.24858033,-80.41750167,12,0.73,,,,885632,2223,546
163,True,,speed-low_surface-rough_permeable_concrete_latency-wifi_baseline_route-square0p5x3_attack-none_trial-4,square0p5x3,rough_permeable_concrete,rough,low,wifi_baseline,4,none,0.5,3,rough,0.064,-0.064,1.65,"2.1,2.1,2.1,2.1",-0.14,-0.14,1784560290.7013555,421534906000000,421534906000000,421535609000000,421535257500000,703.0,1520.222,1520.222,421535.609,421535.609,,420015.0355,True,25,0,0,0,False,0,1007,579,1520222,1520223,1520222,-0.107519455,-0.129078689,164660,255848,11.41685,0.124626,1.984743,-131.8597,-28.23242,-71.86523,1134.893,-1.285,-2.11125,1.59875,35,-39,-49,51.66667,True,114,3,37.24857983,-80.4174995,12,0.73,,,,886135,2225,547
164,True,,speed-low_surface-rough_permeable_concrete_latency-wifi_baseline_route-square0p5x3_attack-none_trial-4,square0p5x3,rough_permeable_concrete,rough,low,wifi_baseline,4,none,0.5,3,rough,0.064,-0.064,1.65,"2.1,2.1,2.1,2.1",-0.14,-0.14,1784560291.8276815,421536031000000,421536031000000,421536750000000,421536390500000,719.0,1521.361,1521.361,421536.75,421536.75,,420015.0345,True,25,0,0,0,False,0,1007,580,1521361,1521362,1521361,0,0,165036,256222,11.41685,-0.616996,0.310296,-132.8357,-4.794922,-24.50195,992.8027,-0.4725,0.26375,-0.33875,34,-36,-50,51.66667,True,333,3,37.24858,-80.41749817,12,0.73,,,,886784,2227,548
165,True,,speed-low_surface-rough_permeable_concrete_latency-wifi_baseline_route-square0p5x3_attack-none_trial-4,square0p5x3,rough_permeable_concrete,rough,low,wifi_baseline,4,none,0.5,3,rough,0.064,-0.064,1.65,"2.1,2.1,2.1,2.1",-0.14,-0.14,1784560292.7964647,421537000000000,421537000000000,421537656000000,421537328000000,656.0,1522.308,1522.308,421537.656,421537.656,,420015.0315,True,25,0,0,0,False,0,1007,581,1522308,1522309,1522308,0,-0.043075501,165036,256232,11.41685,-0.82503,-2.120153,-134.7231,11.31836,-19.13086,979.1309,-0.41,-14.73625,-8.40125,34,-37,-48,51.66667,True,157,3,37.24858017,-80.41749883,12,0.73,,,,887270,2229,549
166,True,,speed-low_surface-rough_permeable_concrete_latency-wifi_baseline_route-square0p5x3_attack-none_trial-4,square0p5x3,rough_permeable_concrete,rough,low,wifi_baseline,4,none,0.5,3,rough,0.064,-0.064,1.65,"2.1,2.1,2.1,2.1",-0.14,-0.14,1784560293.7049,421537906000000,421537906000000,421538593000000,421538249500000,687.0,1523.221,1523.221,421538.593,421538.593,,420015.0295,True,25,0,0,0,False,0,1007,582,1523221,1523222,1523221,0,-0.042940275,165036,256479,11.41685,-0.453904,-0.368367,-139.3249,4.970703,30.18555,977.1777,-0.785,3.57625,-16.27625,38,-34,-48,51.11111,True,108,3,37.24857983,-80.41749983,12,0.73,,,,887773,2231,550
167,True,,speed-low_surface-rough_permeable_concrete_latency-wifi_baseline_route-square0p5x3_attack-none_trial-4,square0p5x3,rough_permeable_concrete,rough,low,wifi_baseline,4,none,0.5,3,rough,0.064,-0.064,1.65,"2.1,2.1,2.1,2.1",-0.14,-0.14,1784560294.7970202,421539000000000,421539000000000,421539718000000,421539359000000,718.0,1524.327,1524.327,421539.718,421539.718,,420015.0315,True,25,0,0,0,False,0,1007,583,1524327,1524329,1524327,0.04590077,-0.045956849,164939,256927,11.41685,1.320327,-0.246724,-153.6437,-1.376953,-48.91602,812.627,-0.5975,1.45125,-28.02625,37,-23,-49,51.66667,True,300,3,37.24857933,-80.41749917,12,0.69,,,,888407,2233,551
168,True,,speed-low_surface-rough_permeable_concrete_latency-wifi_baseline_route-square0p5x3_attack-none_trial-4,square0p5x3,rough_permeable_concrete,rough,low,wifi_baseline,4,none,0.5,3,rough,0.064,-0.064,1.65,"2.1,2.1,2.1,2.1",-0.14,-0.14,1784560295.8133638,421540015000000,421540015000000,421540734000000,421540374500000,719.0,1525.341,1525.341,421540.734,421540.734,,420015.0315,True,25,0,0,0,False,0,1007,584,1525341,1525342,1525341,0.021494675,-0.04298935,164626,257302,11.41685,4.257359,-2.010136,-170.8346,18.64258,4.306641,975.7129,-0.5975,1.45125,-23.65125,31,-15,-47,51.66667,True,208,3,37.24857967,-80.41749933,12,0.69,,,,888912,2235,552
169,True,,speed-low_surface-rough_permeable_concrete_latency-wifi_baseline_route-square0p5x3_attack-none_trial-4,square0p5x3,rough_permeable_concrete,rough,low,wifi_baseline,4,none,0.5,3,rough,0.064,-0.064,1.65,"2.1,2.1,2.1,2.1",-0.14,-0.14,1784560296.7894657,421540984000000,421540984000000,421541656000000,421541320000000,672.0,1526.304,1526.304,421541.656,421541.656,,420015.0295,True,25,0,0,0,False,0,1007,585,1526304,1526305,1526304,0.021494675,0,164584,257337,11.44893,3.282976,-2.023217,-165.8568,16.20117,10.6543,973.2715,-0.535,0.45125,-0.71375,28,-13,-47,51.66667,True,157,3,37.24858067,-80.41750033,12,0.69,,,,889419,2237,553
170,True,,speed-low_surface-rough_permeable_concrete_latency-wifi_baseline_route-square0p5x3_attack-none_trial-4,square0p5x3,rough_permeable_concrete,rough,low,wifi_baseline,4,none,0.5,3,rough,0.064,-0.064,1.65,"2.1,2.1,2.1,2.1",-0.14,-0.14,1784560297.7662425,421541968000000,421541968000000,421542640000000,421542304000000,672.0,1527.297,1527.297,421542.64,421542.64,,420015.0295,True,25,0,0,0,False,0,1007,586,1527297,1527298,1527297,0,0,164584,257337,11.44893,2.478058,-1.239005,-159.8482,-6.259766,-11.80664,1000.127,0.5275,2.20125,0.47375,25,-15,-49,51.11111,True,188,3,37.24858133,-80.4175015,12,0.69,,,,889926,2239,554
171,True,,speed-low_surface-rough_permeable_concrete_latency-wifi_baseline_route-square0p5x3_attack-none_trial-4,square0p5x3,rough_permeable_concrete,rough,low,wifi_baseline,4,none,0.5,3,rough,0.064,-0.064,1.65,"2.1,2.1,2.1,2.1",-0.14,-0.14,1784560298.78268,421542984000000,421542984000000,421543656000000,421543320000000,672.0,1528.308,1528.308,421543.656,421543.656,,420015.0295,True,25,0,0,0,False,0,1007,587,1528308,1528309,1528308,0,0,164584,257337,11.44893,1.179549,-0.841487,-157.4458,13.27148,3.330078,981.5723,0.1525,1.20125,-0.52625,27,-14,-49,51.66667,True,207,3,37.24858183,-80.417502,12,0.69,,,,890431,2241,555
172,True,,speed-low_surface-rough_permeable_concrete_latency-wifi_baseline_route-square0p5x3_attack-none_trial-4,square0p5x3,rough_permeable_concrete,rough,low,wifi_baseline,4,none,0.5,3,rough,0.064,-0.064,1.65,"2.1,2.1,2.1,2.1",-0.14,-0.14,1784560299.710989,421543906000000,421543906000000,421544625000000,421544265500000,719.0,1529.233,1529.233,421544.625,421544.64,,420015.0315,True,25,0,0,0,False,0,1007,588,1529233,1529234,1529233,0,0,164584,257337,11.44893,1.042971,-0.918566,-156.5509,12.7832,4.306641,979.6191,0.2775,0.63875,0.03625,27,-13,-48,51.66667,True,121,3,37.24858267,-80.41750283,12,0.69,,,,890934,2243,556
173,True,,speed-low_surface-rough_permeable_concrete_latency-wifi_baseline_route-square0p5x3_attack-none_trial-4,square0p5x3,rough_permeable_concrete,rough,low,wifi_baseline,4,none,0.5,3,rough,0.064,-0.064,1.65,"2.1,2.1,2.1,2.1",-0.14,-0.14,1784560300.8370404,421545031000000,421545031000000,421545750000000,421545390500000,719.0,1530.354,1530.354,421545.75,421545.75,,420015.032,True,25,0,0,0,False,0,1007,589,1530354,1530356,1530354,0,0,164584,257337,11.44893,0.647984,-1.049613,-155.8674,14.24805,4.794922,982.5488,-0.41,-0.11125,-0.77625,26,-13,-49,51.66667,True,316,3,37.2485835,-80.41750283,12,0.69,,,,891578,2245,557
174,True,,speed-low_surface-rough_permeable_concrete_latency-wifi_baseline_route-square0p5x3_attack-none_trial-4,square0p5x3,rough_permeable_concrete,rough,low,wifi_baseline,4,none,0.5,3,rough,0.064,-0.064,1.65,"2.1,2.1,2.1,2.1",-0.14,-0.14,1784560301.7602952,421545968000000,421545968000000,421546671000000,421546319500000,703.0,1531.282,1531.282,421546.671,421546.671,,420015.032,True,25,0,0,0,False,0,1007,590,1531282,1531283,1531282,0,0,164584,257337,11.44893,0.622201,-1.028327,-155.5248,12.29492,1.865234,982.0605,0.0275,-0.36125,-0.46375,27,-14,-50,51.66667,True,131,3,37.24858417,-80.41750317,12,0.69,,,,892073,2247,558
