sample_idx,cycle_ok,error,run_id,route,surface,surface_profile,speed_label,network_condition,trial_id,attack_type,square_side_length_m,square_repeats,square_turn_profile,square_turn_left_cmd,square_turn_right_cmd,square_turn_seconds,square_turn_schedule_s,square_straight_left_cmd,square_straight_right_cmd,t_wall_unix_s,t_cycle_start_ns,t_edge_send_ns,t_edge_rx_ns,t_edge_mid_ns,http_latency_ms,rover_millis_s,source_sample_time_s,edge_arrival_time_s,estimate_time_s,alarm_time_s,clock_offset_s,clock_calibrated,clock_calibration_samples,packet_loss_count,request_failure_count,sequence_gap_count,stale_packet,queue_depth,T,seq,sample_ms,send_ms,millis,L,R,enc_left,enc_right,v,r,p,y,ax,ay,az,gx,gy,gz,mx,my,mz,temp,gps_valid,gps_age_ms,gps_fix_type,lat,lon,sat,hdop,alt_m,speed_mps,course_deg,gps_chars,gps_sentences,gps_failed_checksums
0,True,,speed-low_surface-rough_permeable_concrete_latency-wifi_baseline_route-square0p5x3_attack-none_trial-2,square0p5x3,rough_permeable_concrete,rough,low,wifi_baseline,2,none,0.5,3,rough,0.064,-0.064,1.65,"2.1,2.1,2.1,2.1",-0.14,-0.14,1784560762.2221863,422006421000000,422006421000000,422007109000000,422006765000000,688.0,1991.759,1991.759,422007.109,422007.109,,420015.006,False,1,0,0,0,False,0,1007,775,1991759,1991760,1991759,0,0,208629,328758,11.42901,-0.547025,0.657066,-148.7923,3.505859,-6.435547,982.0605,-0.5975,15.95125,-0.21375,27,-15,-48,53.33333,True,5,3,37.248561,-80.4174885,12,0.67,,,,1205475,3125,737
1,True,,speed-low_surface-rough_permeable_concrete_latency-wifi_baseline_route-square0p5x3_attack-none_trial-2,square0p5x3,rough_permeable_concrete,rough,low,wifi_baseline,2,none,0.5,3,rough,0.064,-0.064,1.65,"2.1,2.1,2.1,2.1",-0.14,-0.14,1784560762.9854887,422007187000000,422007187000000,422007843000000,422007515000000,656.0,1992.503,1992.503,422007.843,422007.843,,420015.00899999996,False,2,0,0,0,False,0,1007,776,1992503,1992505,1992503,0,0,208629,328758,11.42901,-0.412601,-0.029129,-148.7422,1.552734,-5.458984,981.5723,-0.3475,-0.42375,-0.40125,28,-17,-47,53.33333,True,750,3,37.248561,-80.4174885,12,0.67,,,,1205853,3125,738
2,True,,speed-low_surface-rough_permeable_concrete_latency-wifi_baseline_route-square0p5x3_attack-none_trial-2,square0p5x3,rough_permeable_concrete,rough,low,wifi_baseline,2,none,0.5,3,rough,0.064,-0.064,1.65,"2.1,2.1,2.1,2.1",-0.14,-0.14,1784560763.748671,422007953000000,422007953000000,422008703000000,422008328000000,750.0,1993.277,1993.277,422008.703,422008.703,,420015.012,False,3,0,0,0,False,0,1007,777,1993277,1993278,1993277,0,0,208629,328758,11.42901,-0.25005,-0.328927,-148.6817,6.435547,-6.435547,985.4785,-0.8475,1.26375,-0.02625,28,-18,-47,53.33333,True,116,3,37.24856117,-80.41748833,12,0.67,,,,1206199,3126,739
3,True,,speed-low_surface-rough_permeable_concrete_latency-wifi_baseline_route-square0p5x3_attack-none_trial-2,square0p5x3,rough_permeable_concrete,rough,low,wifi_baseline,2,none,0.5,3,rough,0.064,-0.064,1.65,"2.1,2.1,2.1,2.1",-0.14,-0.14,1784560764.5813398,422008781000000,422008781000000,422009515000000,422009148000000,734.0,1994.095,1994.095,422009.515,422009.515,,420015.0315,False,4,0,0,0,False,0,1007,778,1994095,1994097,1994095,0,0,208629,328758,11.42901,0.029301,-0.329732,-148.5245,3.017578,-4.482422,981.084,0.34,0.01375,-0.27625,28,-19,-48,53.33333,True,40,3,37.2485615,-80.41748783,12,0.67,,,,1206659,3128,740
4,True,,speed-low_surface-rough_permeable_concrete_latency-wifi_baseline_route-square0p5x3_attack-none_trial-2,square0p5x3,rough_permeable_concrete,rough,low,wifi_baseline,2,none,0.5,3,rough,0.064,-0.064,1.65,"2.1,2.1,2.1,2.1",-0.14,-0.14,1784560765.3915317,422009593000000,422009593000000,422010359000000,422009976000000,766.0,1994.922,1994.922,422010.359,422010.359,,420015.051,True,5,0,0,0,False,0,1007,779,1994922,1994923,1994922,0,0,208629,328758,11.42901,-0.491536,-0.121845,-148.934,1.552734,-5.947266,982.0605,-0.7225,-0.61125,-0.08875,29,-15,-47,53.33333,True,120,3,37.24856183,-80.41748633,12,0.67,,,,1207121,3130,741
5,True,,speed-low_surface-rough_permeable_concrete_latency-wifi_baseline_route-square0p5x3_attack-none_trial-2,square0p5x3,rough_permeable_concrete,rough,low,wifi_baseline,2,none,0.5,3,rough,0.064,-0.064,1.65,"2.1,2.1,2.1,2.1",-0.14,-0.14,1784560766.2202992,422010421000000,422010421000000,422011156000000,422010788500000,735.0,1995.733,1995.733,422011.156,422011.171,,420015.052,True,6,0,0,0,False,0,1007,780,1995733,1995735,1995733,0,0,208629,328758,11.42901,-0.423071,-0.085427,-148.5238,4.482422,-4.482422,982.0605,-0.035,-1.67375,-0.15125,27,-16,-46,53.33333,True,932,3,37.24856183,-80.41748633,12,0.67,,,,1207565,3130,742
6,True,,speed-low_surface-rough_permeable_concrete_latency-wifi_baseline_route-square0p5x3_attack-none_trial-2,square0p5x3,rough_permeable_concrete,rough,low,wifi_baseline,2,none,0.5,3,rough,0.064,-0.064,1.65,"2.1,2.1,2.1,2.1",-0.14,-0.14,1784560766.9994195,422011203000000,422011203000000,422011875000000,422011539000000,672.0,1996.512,1996.512,422011.875,422011.875,,420015.051,True,7,0,0,0,False,0,1007,781,1996512,1996514,1996512,0,0,208629,328758,11.42901,-0.331328,-0.454887,-148.4652,2.529297,-5.458984,979.6191,-0.66,-1.29875,-0.08875,28,-17,-45,53.33333,True,1711,3,37.24856183,-80.41748633,12,0.67,,,,1207977,3130,743
7,True,,speed-low_surface-rough_permeable_concrete_latency-wifi_baseline_route-square0p5x3_attack-none_trial-2,square0p5x3,rough_permeable_concrete,rough,low,wifi_baseline,2,none,0.5,3,rough,0.064,-0.064,1.65,"2.1,2.1,2.1,2.1",-0.14,-0.14,1784560767.7453103,422011953000000,422011953000000,422012609000000,422012281000000,656.0,1997.267,1997.267,422012.609,422012.609,,420015.039,True,8,0,0,0,False,0,1007,782,1997267,1997268,1997267,0,0,208629,328758,11.42901,-0.166806,-0.523699,-148.3813,2.041016,-6.435547,984.502,-0.785,-1.86125,0.22375,25,-17,-47,53.33333,True,109,3,37.24856183,-80.41748317,12,0.67,,,,1208312,3131,743
8,True,,speed-low_surface-rough_permeable_concrete_latency-wifi_baseline_route-square0p5x3_attack-none_trial-2,square0p5x3,rough_permeable_concrete,rough,low,wifi_baseline,2,none,0.5,3,rough,0.064,-0.064,1.65,"2.1,2.1,2.1,2.1",-0.14,-0.14,1784560768.488371,422012687000000,422012687000000,422013421000000,422013054000000,734.0,1998.021,1998.021,422013.421,422013.421,,420015.033,True,9,0,0,0,False,0,1007,783,1998021,1998023,1998021,0,-0.021494675,208629,328762,11.42901,-0.733533,-1.594778,-149.3982,48.91602,-15.71289,981.5723,1.2775,-1.54875,-5.90125,32,-21,-46,53.33333,True,50,3,37.24856183,-80.4174815,12,0.67,,,,1208703,3133,744
9,True,,speed-low_surface-rough_permeable_concrete_latency-wifi_baseline_route-square0p5x3_attack-none_trial-2,square0p5x3,rough_permeable_concrete,rough,low,wifi_baseline,2,none,0.5,3,rough,0.064,-0.064,1.65,"2.1,2.1,2.1,2.1",-0.14,-0.14,1784560769.2672896,422013468000000,422013468000000,422014140000000,422013804000000,672.0,1998.798,1998.798,422014.14,422014.14,,420015.03,True,10,0,0,0,False,0,1007,784,1998798,1998800,1998798,-0.064484025,-0.107473375,208682,329101,11.42901,0.06155,0.710595,-162.2039,-26.2793,-30.36133,996.2207,3.965,-5.48625,-25.83875,25,-9,-49,53.33333,True,94,3,37.24856183,-80.4174795,12,0.67,,,,1209114,3134,745
10,True,,speed-low_surface-rough_permeable_concrete_latency-wifi_baseline_route-square0p5x3_attack-none_trial-2,square0p5x3,rough_permeable_concrete,rough,low,wifi_baseline,2,none,0.5,3,rough,0.064,-0.064,1.65,"2.1,2.1,2.1,2.1",-0.14,-0.14,1784560770.0165129,422014218000000,422014218000000,422014875000000,422014546500000,657.0,1999.534,1999.534,422014.875,422014.875,,420015.027,True,11,0,0,0,False,0,1007,785,1999534,1999536,1999534,-0.107427335,-0.128618942,209182,329796,11.42901,2.700364,-0.654447,-162.1802,-27.74414,45.32227,780.4004,-3.4725,18.01375,-12.58875,20,-14,-47,53.33333,True,3,3,37.24856283,-80.41747767,12,0.67,,,,1209487,3135,745
11,True,,speed-low_surface-rough_permeable_concrete_latency-wifi_baseline_route-square0p5x3_attack-none_trial-2,square0p5x3,rough_permeable_concrete,rough,low,wifi_baseline,2,none,0.5,3,rough,0.064,-0.064,1.65,"2.1,2.1,2.1,2.1",-0.14,-0.14,1784560770.763297,422014968000000,422014968000000,422015671000000,422015319500000,703.0,2000.284,2000.284,422015.671,422015.671,,420015.03,True,12,0,0,0,False,0,1007,786,2000284,2000285,2000284,-0.128949629,-0.150441233,209858,330572,11.40258,0.601099,2.37083,-161.8812,-68.27148,-5.947266,1190.068,1.4025,-3.54875,-14.52625,30,-12,-47,53.33333,True,752,3,37.24856283,-80.41747767,12,0.67,,,,1209800,3135,746
12,True,,speed-low_surface-rough_permeable_concrete_latency-wifi_baseline_route-square0p5x3_attack-none_trial-2,square0p5x3,rough_permeable_concrete,rough,low,wifi_baseline,2,none,0.5,3,rough,0.064,-0.064,1.65,"2.1,2.1,2.1,2.1",-0.14,-0.14,1784560771.6613357,422015859000000,422015859000000,422016546000000,422016202500000,687.0,2001.209,2001.209,422016.546,422016.546,,420015.027,True,13,0,0,0,False,0,1007,787,2001209,2001210,2001209,-0.12896805,-0.150462725,210682,331463,11.40258,0.529945,-1.057499,-162.4494,2.529297,17.00195,956.1816,-0.5975,-8.54875,2.22375,22,-8,-49,53.33333,True,124,3,37.24856383,-80.41747567,12,0.68,,,,1210294,3137,747
13,True,,speed-low_surface-rough_permeable_concrete_latency-wifi_baseline_route-square0p5x3_attack-none_trial-2,square0p5x3,rough_permeable_concrete,rough,low,wifi_baseline,2,none,0.5,3,rough,0.064,-0.064,1.65,"2.1,2.1,2.1,2.1",-0.14,-0.14,1784560772.800576,422017000000000,422017000000000,422017734000000,422017367000000,734.0,2002.326,2002.326,422017.734,422017.734,,420015.03,True,14,0,0,0,False,0,1007,788,2002326,2002327,2002326,-0.150548753,-0.129041788,211708,332525,11.40258,-1.61683,-3.138641,-159.1879,74.30664,-147.5488,776.9824,10.5275,-11.54875,-9.40125,22,-13,-49,52.77778,True,311,3,37.24856483,-80.41747433,12,0.68,,,,1210917,3139,748
14,True,,speed-low_surface-rough_permeable_concrete_latency-wifi_baseline_route-square0p5x3_attack-none_trial-2,square0p5x3,rough_permeable_concrete,rough,low,wifi_baseline,2,none,0.5,3,rough,0.064,-0.064,1.65,"2.1,2.1,2.1,2.1",-0.14,-0.14,1784560773.7236302,422017921000000,422017921000000,422018640000000,422018280500000,719.0,2003.244,2003.244,422018.64,422018.64,,420015.033,True,15,0,0,0,False,0,1007,789,2003244,2003245,2003244,-0.107473375,-0.107473375,212537,333404,11.40258,-3.1505,3.125386,-162.4896,-69.73633,-72.35352,1035.283,-0.41,6.20125,-4.77625,22,-4,-48,53.33333,True,112,3,37.24856583,-80.417473,12,0.68,,,,1211411,3141,749
15,True,,speed-low_surface-rough_permeable_concrete_latency-wifi_baseline_route-square0p5x3_attack-none_trial-2,square0p5x3,rough_permeable_concrete,rough,low,wifi_baseline,2,none,0.5,3,rough,0.064,-0.064,1.65,"2.1,2.1,2.1,2.1",-0.14,-0.14,1784560774.8500357,422019046000000,422019046000000,422019765000000,422019405500000,719.0,2004.376,2004.376,422019.765,422019.765,,420015.03125,True,16,0,0,0,False,0,1007,790,2004376,2004378,2004376,0,0,212893,333794,11.40258,0.511727,0.820619,-160.0689,-14.07227,-7.900391,980.5957,-0.8475,-0.86125,-0.02625,21,-9,-45,53.33333,True,326,3,37.24856683,-80.41747083,12,0.68,,,,1212065,3143,750
16,True,,speed-low_surface-rough_permeable_concrete_latency-wifi_baseline_route-square0p5x3_attack-none_trial-2,square0p5x3,rough_permeable_concrete,rough,low,wifi_baseline,2,none,0.5,3,rough,0.064,-0.064,1.65,"2.1,2.1,2.1,2.1",-0.14,-0.14,1784560775.7725275,422019968000000,422019968000000,422020687000000,422020327500000,719.0,2005.293,2005.293,422020.687,422020.687,,420015.033,True,17,0,0,0,False,0,1007,791,2005293,2005294,2005293,0,-0.021525426,212893,333802,11.40258,-0.413088,-0.268126,-161.1649,-25.79102,-24.01367,985.4785,-0.41,-1.17375,-7.52625,21,-8,-46,53.33333,True,141,3,37.2485675,-80.4174695,12,0.71,,,,1212528,3145,751
17,True,,speed-low_surface-rough_permeable_concrete_latency-wifi_baseline_route-square0p5x3_attack-none_trial-2,square0p5x3,rough_permeable_concrete,rough,low,wifi_baseline,2,none,0.5,3,rough,0.064,-0.064,1.65,"2.1,2.1,2.1,2.1",-0.14,-0.14,1784560776.6766257,422020875000000,422020875000000,422021609000000,422021242000000,734.0,2006.208,2006.208,422021.609,422021.609,,420015.0335,True,18,0,0,0,False,0,1007,792,2006208,2006209,2006208,0,-0.068966872,212893,334028,11.40258,0.062759,-0.593234,-166.0031,-2.841797,-30.84961,966.4355,-0.035,4.07625,-18.90125,17,-8,-47,53.33333,True,113,3,37.24856817,-80.41746883,12,0.71,,,,1213024,3147,752
18,True,,speed-low_surface-rough_permeable_concrete_latency-wifi_baseline_route-square0p5x3_attack-none_trial-2,square0p5x3,rough_permeable_concrete,rough,low,wifi_baseline,2,none,0.5,3,rough,0.064,-0.064,1.65,"2.1,2.1,2.1,2.1",-0.14,-0.14,1784560777.8182712,422022015000000,422022015000000,422129218000000,422075616500000,107203.0,2007.346,2007.346,422129.218,422129.218,,420015.03400000004,True,19,0,0,0,False,0,1007,793,2007346,2007348,2007346,0.064484025,-0.064484025,212834,334416,11.40258,5.409254,1.237937,173.9124,-46.29883,-38.66211,1054.326,2.84,-4.86125,-30.65125,12,-9,-45,53.33333,True,333,3,37.24856883,-80.41746817,12,0.71,,,,1213648,3149,753
19,True,,speed-low_surface-rough_permeable_concrete_latency-wifi_baseline_route-square0p5x3_attack-none_trial-2,square0p5x3,rough_permeable_concrete,rough,low,wifi_baseline,2,none,0.5,3,rough,0.064,-0.064,1.65,"2.1,2.1,2.1,2.1",-0.14,-0.14,1784560885.1454704,422129343000000,422129343000000,422130015000000,422129679000000,672.0,2114.674,2114.674,422130.015,422130.015,,420015.0335,True,20,0,0,0,False,0,1007,794,2114674,2114676,2114674,0,0,211549,335787,11.42918,-0.648624,-0.808782,-90.40495,12.7832,-11.80664,983.0371,-1.035,1.88875,-0.33875,-1,-36,-50,54.44444,True,144,3,37.24856483,-80.41752467,12,0.74,,,,1294331,3365,754
20,True,,speed-low_surface-rough_permeable_concrete_latency-wifi_baseline_route-square0p5x3_attack-none_trial-2,square0p5x3,rough_permeable_concrete,rough,low,wifi_baseline,2,none,0.5,3,rough,0.064,-0.064,1.65,"2.1,2.1,2.1,2.1",-0.14,-0.14,1784560885.8906567,422130093000000,422130093000000,422130750000000,422130421500000,657.0,2115.411,2115.411,422130.75,422130.75,,420015.033,True,21,0,0,0,False,0,1007,795,2115411,2115413,2115411,0,0,211549,335787,11.42918,-0.586047,-1.042567,-90.12981,14.24805,-11.31836,979.6191,0.09,0.26375,-0.08875,-1,-36,-48,53.88889,True,3,3,37.24856583,-80.41752417,12,0.74,,,,1294700,3366,755
21,True,,speed-low_surface-rough_permeable_concrete_latency-wifi_baseline_route-square0p5x3_attack-none_trial-2,square0p5x3,rough_permeable_concrete,rough,low,wifi_baseline,2,none,0.5,3,rough,0.064,-0.064,1.65,"2.1,2.1,2.1,2.1",-0.14,-0.14,1784560886.7247837,422130921000000,422130921000000,422131578000000,422131249500000,657.0,2116.25,2116.25,422131.578,422131.578,,420015.03125,True,22,0,0,0,False,0,1007,796,2116250,2116252,2116250,0,0,211549,335787,11.42918,-0.643435,-0.986309,-90.31593,12.7832,-13.75977,983.0371,-0.91,-1.79875,-0.40125,-1,-35,-49,55.55556,True,101,3,37.24856583,-80.41752417,12,0.74,,,,1295120,3367,756
22,True,,speed-low_surface-rough_permeable_concrete_latency-wifi_baseline_route-square0p5x3_attack-none_trial-2,square0p5x3,rough_permeable_concrete,rough,low,wifi_baseline,2,none,0.5,3,rough,0.064,-0.064,1.65,"2.1,2.1,2.1,2.1",-0.14,-0.14,1784560887.4457743,422131640000000,422131640000000,422132328000000,422131984000000,688.0,2116.986,2116.986,422132.328,422132.328,,420015.0295,True,23,0,0,0,False,0,1007,797,2116986,2116988,2116986,0,0,211549,335787,11.42918,-0.651579,-0.682103,-90.95583,14.24805,-12.7832,982.5488,-0.285,-0.29875,0.28625,1,-36,-50,54.44444,True,99,3,37.24856717,-80.41752367,12,0.74,,,,1295484,3369,757
23,True,,speed-low_surface-rough_permeable_concrete_latency-wifi_baseline_route-square0p5x3_attack-none_trial-2,square0p5x3,rough_permeable_concrete,rough,low,wifi_baseline,2,none,0.5,3,rough,0.064,-0.064,1.65,"2.1,2.1,2.1,2.1",-0.14,-0.14,1784560888.1646552,422132359000000,422132359000000,422133031000000,422132695000000,672.0,2117.708,2117.708,422133.031,422133.031,,420015.02825,True,24,0,0,0,False,0,1007,798,2117708,2117710,2117708,0.043982089,-0.022013566,211543,335791,11.42918,-1.026811,1.283306,-93.66566,-20.41992,-39.63867,987.9199,-0.4725,-1.17375,-4.77625,5,-36,-48,54.44444,True,90,3,37.2485685,-80.4175225,12,0.74,,,,1295833,3370,758
24,True,,speed-low_surface-rough_permeable_concrete_latency-wifi_baseline_route-square0p5x3_attack-none_trial-2,square0p5x3,rough_permeable_concrete,rough,low,wifi_baseline,2,none,0.5,3,rough,0.064,-0.064,1.65,"2.1,2.1,2.1,2.1",-0.14,-0.14,1784560888.8687952,422133062000000,422133062000000,422133734000000,422133398000000,672.0,2118.4,2118.4,422133.734,422133.734,,420015.027,True,25,0,0,0,False,0,1007,799,2118400,2118402,2118400,0,-0.021494675,211529,335798,11.42918,-1.139649,-1.02938,-95.56219,26.94336,-48.91602,1003.545,0.965,-2.23625,-7.90125,4,-39,-49,55.55556,True,782,3,37.2485685,-80.4175225,12,0.74,,,,1296153,3370,759
25,True,,speed-low_surface-rough_permeable_concrete_latency-wifi_baseline_route-square0p5x3_attack-none_trial-2,square0p5x3,rough_permeable_concrete,rough,low,wifi_baseline,2,none,0.5,3,rough,0.064,-0.064,1.65,"2.1,2.1,2.1,2.1",-0.14,-0.14,1784560889.721897,422133921000000,422133921000000,422134578000000,422134249500000,657.0,2119.258,2119.258,422134.578,422134.578,,420015.027,True,25,0,0,0,False,0,1007,800,2119258,2119260,2119258,-0.06877772,-0.137744332,211588,336222,11.42918,-0.377808,-3.043278,-101.409,74.79492,-24.01367,898.5645,-3.2225,-2.04875,-18.90125,6,-47,-52,53.88889,True,109,3,37.24857,-80.41752117,12,0.74,,,,1296586,3372,760
26,True,,speed-low_surface-rough_permeable_concrete_latency-wifi_baseline_route-square0p5x3_attack-none_trial-2,square0p5x3,rough_permeable_concrete,rough,low,wifi_baseline,2,none,0.5,3,rough,0.064,-0.064,1.65,"2.1,2.1,2.1,2.1",-0.14,-0.14,1784560890.445936,422134640000000,422134640000000,422135390000000,422135015000000,750.0,2119.987,2119.987,422135.39,422135.39,,420015.028,True,25,0,0,0,False,0,1007,801,2119987,2119989,2119987,-0.107473375,-0.150462725,212027,336881,11.42918,0.465065,-3.593206,-104.5008,-34.58008,5.771484,858.0371,10.465,6.70125,-8.02625,6,-44,-50,53.88889,True,57,3,37.24857117,-80.41752017,12,0.74,,,,1296950,3374,761
27,True,,speed-low_surface-rough_permeable_concrete_latency-wifi_baseline_route-square0p5x3_attack-none_trial-2,square0p5x3,rough_permeable_concrete,rough,low,wifi_baseline,2,none,0.5,3,rough,0.064,-0.064,1.65,"2.1,2.1,2.1,2.1",-0.14,-0.14,1784560891.2861743,422135484000000,422135484000000,422136218000000,422135851000000,734.0,2120.805,2120.805,422136.218,422136.218,,420015.028,True,25,0,0,0,False,0,1007,802,2120805,2120807,2120805,-0.12896805,-0.150419748,212661,337673,11.4013,1.563676,-0.670007,-107.899,3.505859,82.43164,1106.572,0.965,20.45125,-11.52625,11,-47,-50,53.88889,True,47,3,37.24857133,-80.41752067,12,0.74,,,,1297392,3375,762
28,True,,speed-low_surface-rough_permeable_concrete_latency-wifi_baseline_route-square0p5x3_attack-none_trial-2,square0p5x3,rough_permeable_concrete,rough,low,wifi_baseline,2,none,0.5,3,rough,0.064,-0.064,1.65,"2.1,2.1,2.1,2.1",-0.14,-0.14,1784560892.0607111,422136265000000,422136265000000,422136953000000,422136609000000,688.0,2121.608,2121.608,422136.953,422136.953,,420015.027,True,25,0,0,0,False,0,1007,803,2121608,2121610,2121608,-0.150462725,-0.150441233,213388,338466,11.4013,1.223341,-0.287728,-100.5357,25.47852,71.20117,898.5645,-5.3475,2.95125,6.97375,12,-65,-48,54.44444,True,81,3,37.24857183,-80.41752117,12,0.81,,,,1297819,3376,763
29,True,,speed-low_surface-rough_permeable_concrete_latency-wifi_baseline_route-square0p5x3_attack-none_trial-2,square0p5x3,rough_permeable_concrete,rough,low,wifi_baseline,2,none,0.5,3,rough,0.064,-0.064,1.65,"2.1,2.1,2.1,2.1",-0.14,-0.14,1784560892.8583195,422137062000000,422137062000000,422137718000000,422137390000000,656.0,2122.386,2122.386,422137.718,422137.718,,420015.014,True,25,0,0,0,False,0,1007,804,2122386,2122388,2122386,-0.150462725,-0.150484223,214115,339234,11.4013,-1.795506,1.167871,-101.2119,-37.02148,-19.61914,793.584,2.2775,-7.17375,-0.08875,9,-45,-50,54.44444,True,859,3,37.24857183,-80.41752117,12,0.81,,,,1298219,3376,764
30,True,,speed-low_surface-rough_permeable_concrete_latency-wifi_baseline_route-square0p5x3_attack-none_trial-2,square0p5x3,rough_permeable_concrete,rough,low,wifi_baseline,2,none,0.5,3,rough,0.064,-0.064,1.65,"2.1,2.1,2.1,2.1",-0.14,-0.14,1784560893.7236989,422137921000000,422137921000000,422138609000000,422138265000000,688.0,2123.258,2123.258,422138.609,422138.609,,420015.0125,True,25,0,0,0,False,0,1007,805,2123258,2123259,2123258,-0.107473375,-0.107473375,214913,340043,11.4013,0.046905,2.579019,-103.139,-21.39648,79.01367,1026.494,-5.16,27.63875,-0.27625,13,-52,-50,54.44444,True,109,3,37.24857233,-80.4175215,12,0.81,,,,1298665,3378,765
31,True,,speed-low_surface-rough_permeable_concrete_latency-wifi_baseline_route-square0p5x3_attack-none_trial-2,square0p5x3,rough_permeable_concrete,rough,low,wifi_baseline,2,none,0.5,3,rough,0.064,-0.064,1.65,"2.1,2.1,2.1,2.1",-0.14,-0.14,1784560894.4397311,422138640000000,422138640000000,422139312000000,422138976000000,672.0,2123.966,2123.966,422139.312,422139.312,,420015.0105,True,25,0,0,0,False,0,1007,806,2123966,2123968,2123966,-0.021494675,-0.04298935,215216,340376,11.4013,0.215223,-0.117916,-103.3398,-3.818359,-22.06055,982.5488,0.84,1.45125,0.53625,12,-51,-51,54.44444,True,50,3,37.24857317,-80.41752133,12,0.74,,,,1299006,3380,766
32,True,,speed-low_surface-rough_permeable_concrete_latency-wifi_baseline_route-square0p5x3_attack-none_trial-2,square0p5x3,rough_permeable_concrete,rough,low,wifi_baseline,2,none,0.5,3,rough,0.064,-0.064,1.65,"2.1,2.1,2.1,2.1",-0.14,-0.14,1784560895.148348,422139343000000,422139343000000,422140015000000,422139679000000,672.0,2124.689,2124.689,422140.015,422140.015,,420015.01,True,25,0,0,0,False,0,1007,807,2124689,2124690,2124689,0,0,215355,340505,11.4013,-0.27971,-0.722554,-103.6456,30.84961,-1.064453,975.7129,-0.535,2.26375,-0.33875,12,-47,-49,54.44444,True,62,3,37.24857417,-80.41752083,12,0.74,,,,1299362,3381,767
33,True,,speed-low_surface-rough_permeable_concrete_latency-wifi_baseline_route-square0p5x3_attack-none_trial-2,square0p5x3,rough_permeable_concrete,rough,low,wifi_baseline,2,none,0.5,3,rough,0.064,-0.064,1.65,"2.1,2.1,2.1,2.1",-0.14,-0.14,1784560895.9285364,422140125000000,422140125000000,422140781000000,422140453000000,656.0,2125.451,2125.451,422140.781,422140.781,,420015.00700000004,True,25,0,0,0,False,0,1007,808,2125451,2125453,2125451,0,-0.04298935,215355,340533,11.4013,-0.196228,-1.422139,-105.8016,34.26758,-24.01367,973.7598,0.7775,-4.54875,-5.40125,12,-49,-48,54.44444,True,38,3,37.24857633,-80.41751867,12,0.74,,,,1299757,3382,768
34,True,,speed-low_surface-rough_permeable_concrete_latency-wifi_baseline_route-square0p5x3_attack-none_trial-2,square0p5x3,rough_permeable_concrete,rough,low,wifi_baseline,2,none,0.5,3,rough,0.064,-0.064,1.65,"2.1,2.1,2.1,2.1",-0.14,-0.14,1784560896.7358856,422140937000000,422140937000000,422141578000000,422141257500000,641.0,2126.254,2126.254,422141.578,422141.578,,420015.00700000004,True,25,0,0,0,False,0,1007,809,2126254,2126255,2126254,0,-0.043007782,215354,340748,11.4013,-0.77223,1.482101,-111.496,-26.76758,0.400391,997.6855,0.1525,-0.42375,-20.08875,19,-45,-46,54.44444,True,101,3,37.24857633,-80.41751867,12,0.74,,,,1300147,3383,769
35,True,,speed-low_surface-rough_permeable_concrete_latency-wifi_baseline_route-square0p5x3_attack-none_trial-2,square0p5x3,rough_permeable_concrete,rough,low,wifi_baseline,2,none,0.5,3,rough,0.064,-0.064,1.65,"2.1,2.1,2.1,2.1",-0.14,-0.14,1784560897.440511,422141640000000,422141640000000,422142328000000,422141984000000,688.0,2126.956,2126.956,422142.328,422142.328,,420015.00700000004,True,25,0,0,0,False,0,1007,810,2126956,2126957,2126956,0.04298935,-0.064484025,215264,341016,11.4013,-1.317595,0.067199,-122.6296,0.576172,-45.00977,1022.588,-2.2225,-8.61125,-34.02625,25,-46,-51,54.44444,True,64,3,37.248578,-80.41751683,12,0.74,,,,1300478,3385,770
36,True,,speed-low_surface-rough_permeable_concrete_latency-wifi_baseline_route-square0p5x3_attack-none_trial-2,square0p5x3,rough_permeable_concrete,rough,low,wifi_baseline,2,none,0.5,3,rough,0.064,-0.064,1.65,"2.1,2.1,2.1,2.1",-0.14,-0.14,1784560898.170146,422142375000000,422142375000000,422143031000000,422142703000000,656.0,2127.7,2127.7,422143.031,422143.031,,420015.005,True,25,0,0,0,False,0,1007,811,2127700,2127702,2127700,0.02042388,-0.040820056,215051,341329,11.4013,1.28967,-0.997746,-127.6995,-1.376953,14.07227,1010.381,-2.5975,-2.73625,-16.77625,28,-46,-47,54.44444,True,64,3,37.24857967,-80.41751533,12,0.74,,,,1300858,3386,771
37,True,,speed-low_surface-rough_permeable_concrete_latency-wifi_baseline_route-square0p5x3_attack-none_trial-2,square0p5x3,rough_permeable_concrete,rough,low,wifi_baseline,2,none,0.5,3,rough,0.064,-0.064,1.65,"2.1,2.1,2.1,2.1",-0.14,-0.14,1784560898.898419,422143093000000,422143093000000,422143781000000,422143437000000,688.0,2128.43,2128.43,422143.781,422143.781,,420015.007,True,25,0,0,0,False,0,1007,812,2128430,2128432,2128430,0,0.02026434,215046,341346,11.4013,0.955412,-1.551846,-125.2057,-5.771484,-4.970703,982.5488,-1.16,-1.11125,1.03625,26,-47,-51,53.88889,True,18,3,37.24858033,-80.4175145,12,0.74,,,,1301223,3387,772
38,True,,speed-low_surface-rough_permeable_concrete_latency-wifi_baseline_route-square0p5x3_attack-none_trial-2,square0p5x3,rough_permeable_concrete,rough,low,wifi_baseline,2,none,0.5,3,rough,0.064,-0.064,1.65,"2.1,2.1,2.1,2.1",-0.14,-0.14,1784560899.7323883,422143937000000,422143937000000,422144578000000,422144257500000,641.0,2129.251,2129.251,422144.578,422144.578,,420015.0065,True,25,0,0,0,False,0,1007,813,2129251,2129252,2129251,0,0,215046,341347,11.4013,0.378904,-0.94397,-124.3298,-1.865234,-4.482422,980.1074,-0.91,-1.42375,1.28625,27,-48,-51,53.88889,True,100,3,37.24858033,-80.4175145,12,0.71,,,,1301631,3388,773
39,True,,speed-low_surface-rough_permeable_concrete_latency-wifi_baseline_route-square0p5x3_attack-none_trial-2,square0p5x3,rough_permeable_concrete,rough,low,wifi_baseline,2,none,0.5,3,rough,0.064,-0.064,1.65,"2.1,2.1,2.1,2.1",-0.14,-0.14,1784560900.436887,422144640000000,422144640000000,422145281000000,422144960500000,641.0,2129.958,2129.958,422145.281,422145.281,,420015.005,True,25,0,0,0,False,0,1007,814,2129958,2129960,2129958,0,-0.021497746,215046,341347,11.4013,-0.651502,-1.312209,-123.2846,46.96289,-9.365234,969.3652,0.1525,0.95125,-3.65125,36,-49,-46,54.44444,True,76,3,37.24857983,-80.4175145,12,0.71,,,,1301964,3390,774
40,True,,speed-low_surface-rough_permeable_concrete_latency-wifi_baseline_route-square0p5x3_attack-none_trial-2,square0p5x3,rough_permeable_concrete,rough,low,wifi_baseline,2,none,0.5,3,rough,0.064,-0.064,1.65,"2.1,2.1,2.1,2.1",-0.14,-0.14,1784560901.1741443,422145375000000,422145375000000,422146125000000,422145750000000,750.0,2130.694,2130.694,422146.125,422146.125,,420015.005,True,25,0,0,0,False,0,1007,815,2130694,2130696,2130694,0,-0.080161281,215047,341384,11.3987,-1.200879,-1.902427,-126.0932,16.20117,-25.9668,992.3145,-0.3475,-3.86125,-21.52625,29,-48,-50,54.44444,True,60,3,37.24858,-80.417514,12,0.71,,,,1302335,3391,775
41,True,,speed-low_surface-rough_permeable_concrete_latency-wifi_baseline_route-square0p5x3_attack-none_trial-2,square0p5x3,rough_permeable_concrete,rough,low,wifi_baseline,2,none,0.5,3,rough,0.064,-0.064,1.65,"2.1,2.1,2.1,2.1",-0.14,-0.14,1784560901.9858282,422146187000000,422146187000000,422146953000000,422146570000000,766.0,2131.51,2131.51,422146.953,422146.953,,420015.005,True,25,0,0,0,False,0,1007,816,2131510,2131512,2131510,-0.12265983,-0.143005984,215418,342061,11.3987,3.063472,-1.380677,-133.3449,-21.39648,66.80664,916.6309,-1.785,-1.54875,1.53625,33,-43,-49,54.44444,True,95,3,37.24858067,-80.41751433,12,0.71,,,,1302784,3392,776
42,True,,speed-low_surface-rough_permeable_concrete_latency-wifi_baseline_route-square0p5x3_attack-none_trial-2,square0p5x3,rough_permeable_concrete,rough,low,wifi_baseline,2,none,0.5,3,rough,0.064,-0.064,1.65,"2.1,2.1,2.1,2.1",-0.14,-0.14,1784560902.7997642,422147000000000,422147000000000,422147765000000,422147382500000,765.0,2132.341,2132.341,422147.765,422147.765,,420015.005,True,25,0,0,0,False,0,1007,817,2132341,2132343,2132341,-0.12896805,-0.150462725,216114,342878,11.3987,-0.266794,-1.499987,-133.8513,24.99023,-10.3418,1020.146,-2.5975,2.70125,-2.83875,34,-38,-52,54.44444,True,185,3,37.24858067,-80.41751433,12,0.69,,,,1303117,3393,776
43,True,,speed-low_surface-rough_permeable_concrete_latency-wifi_baseline_route-square0p5x3_attack-none_trial-2,square0p5x3,rough_permeable_concrete,rough,low,wifi_baseline,2,none,0.5,3,rough,0.064,-0.064,1.65,"2.1,2.1,2.1,2.1",-0.14,-0.14,1784560903.735666,422147937000000,422147937000000,422148687000000,422148312000000,750.0,2133.256,2133.256,422148.687,422148.687,,420015.005,True,25,0,0,0,False,0,1007,818,2133256,2133257,2133256,-0.150462725,-0.150462725,216941,343783,11.3987,3.262601,1.008954,-129.2775,-27.74414,27.25586,891.7285,-11.8475,-12.04875,3.41125,30,-46,-49,54.44444,True,109,3,37.24858167,-80.417515,12,0.69,,,,1303613,3395,777
44,True,,speed-low_surface-rough_permeable_concrete_latency-wifi_baseline_route-square0p5x3_attack-none_trial-2,square0p5x3,rough_permeable_concrete,rough,low,wifi_baseline,2,none,0.5,3,rough,0.064,-0.064,1.65,"2.1,2.1,2.1,2.1",-0.14,-0.14,1784560904.5311255,422148734000000,422148734000000,422149515000000,422149124500000,781.0,2134.077,2134.077,422149.515,422149.515,,420015.0065,True,25,0,0,0,False,0,1007,819,2134077,2134078,2134077,-0.133172496,-0.155367912,217687,344564,11.3987,-2.698348,0.057724,-134.1161,-210.8496,-230.0684,1299.932,5.59,11.63875,-4.52625,36,-36,-49,54.44444,True,175,3,37.248582,-80.41751633,12,0.69,,,,1304060,3397,778
45,True,,speed-low_surface-rough_permeable_concrete_latency-wifi_baseline_route-square0p5x3_attack-none_trial-2,square0p5x3,rough_permeable_concrete,rough,low,wifi_baseline,2,none,0.5,3,rough,0.064,-0.064,1.65,"2.1,2.1,2.1,2.1",-0.14,-0.14,1784560905.342458,422149546000000,422149546000000,422150234000000,422149890000000,688.0,2134.862,2134.862,422150.234,422150.234,,420015.0065,True,25,0,0,0,False,0,1007,820,2134862,2134864,2134862,-0.14179309,-0.1419651,218381,345300,11.3987,-0.007922,-1.073289,-131.8972,37.68555,10.16602,847.2949,0.4025,-6.61125,2.28625,36,-39,-49,53.88889,True,113,3,37.24858283,-80.41751683,12,0.69,,,,1304478,3399,779
46,True,,speed-low_surface-rough_permeable_concrete_latency-wifi_baseline_route-square0p5x3_attack-none_trial-2,square0p5x3,rough_permeable_concrete,rough,low,wifi_baseline,2,none,0.5,3,rough,0.064,-0.064,1.65,"2.1,2.1,2.1,2.1",-0.14,-0.14,1784560906.0966957,422150296000000,422150296000000,422151046000000,422150671000000,750.0,2135.62,2135.62,422151.046,422151.046,,420015.007,True,25,0,0,0,False,0,1007,821,2135620,2135622,2135620,-0.04214052,-0.042099252,219006,345946,11.3987,-0.36363,2.791432,-134.2491,-86.82617,-16.68945,1012.822,-0.785,0.38875,-2.46375,36,-38,-50,54.44444,True,871,3,37.24858283,-80.41751683,12,0.69,,,,1304872,3399,780
47,True,,speed-low_surface-rough_permeable_concrete_latency-wifi_baseline_route-square0p5x3_attack-none_trial-2,square0p5x3,rough_permeable_concrete,rough,low,wifi_baseline,2,none,0.5,3,rough,0.064,-0.064,1.65,"2.1,2.1,2.1,2.1",-0.14,-0.14,1784560906.9014766,422151109000000,422151109000000,422151859000000,422151484000000,750.0,2136.436,2136.436,422151.859,422151.859,,420015.00700000004,True,25,0,0,0,False,0,1007,822,2136436,2136438,2136436,0,0,219013,345983,11.3987,-0.634715,-0.209373,-133.2922,5.947266,-4.482422,982.5488,-0.035,0.51375,0.09875,37,-37,-46,54.44444,True,24,3,37.24858333,-80.417514,12,0.69,,,,1305318,3400,781
48,True,,speed-low_surface-rough_permeable_concrete_latency-wifi_baseline_route-square0p5x3_attack-none_trial-2,square0p5x3,rough_permeable_concrete,rough,low,wifi_baseline,2,none,0.5,3,rough,0.064,-0.064,1.65,"2.1,2.1,2.1,2.1",-0.14,-0.14,1784560907.7318196,422151937000000,422151937000000,422152625000000,422152281000000,688.0,2137.252,2137.252,422152.625,422152.625,,420015.01,True,25,0,0,0,False,0,1007,823,2137252,2137253,2137252,0,-0.021528506,219013,345997,11.3987,-0.84953,-1.20653,-134.1142,32.31445,-34.75586,974.7363,-1.16,-3.48625,-9.02625,37,-41,-46,54.44444,True,99,3,37.24858333,-80.417514,12,0.71,,,,1305722,3401,781
49,True,,speed-low_surface-rough_permeable_concrete_latency-wifi_baseline_route-square0p5x3_attack-none_trial-2,square0p5x3,rough_permeable_concrete,rough,low,wifi_baseline,2,none,0.5,3,rough,0.064,-0.064,1.65,"2.1,2.1,2.1,2.1",-0.14,-0.14,1784560908.4665234,422152671000000,422152671000000,422153328000000,422152999500000,657.0,2137.991,2137.991,422153.328,422153.328,,420015.01,True,25,0,0,0,False,0,1007,824,2137991,2137993,2137991,0,-0.061056158,219013,346220,11.3987,0.632944,-1.79525,-142.3299,16.20117,-32.31445,968.877,-1.41,2.20125,-16.77625,36,-36,-46,53.88889,True,106,3,37.248583,-80.4175125,12,0.71,,,,1306087,3403,782
50,True,,speed-low_surface-rough_permeable_concrete_latency-wifi_baseline_route-square0p5x3_attack-none_trial-2,square0p5x3,rough_permeable_concrete,rough,low,wifi_baseline,2,none,0.5,3,rough,0.064,-0.064,1.65,"2.1,2.1,2.1,2.1",-0.14,-0.14,1784560909.1896653,422153390000000,422153390000000,422154125000000,422153757500000,735.0,2138.736,2138.736,422154.125,422154.125,,420015.02150000003,True,25,0,0,0,False,0,1007,825,2138736,2138737,2138736,0.021506965,-0.064511673,218926,346483,11.3987,1.964765,-1.128982,-154.3324,12.29492,-82.60742,997.6855,-8.3475,7.57625,-32.15125,37,-29,-49,53.88889,True,77,3,37.24858333,-80.4175115,12,0.71,,,,1306464,3404,783
51,True,,speed-low_surface-rough_permeable_concrete_latency-wifi_baseline_route-square0p5x3_attack-none_trial-2,square0p5x3,rough_permeable_concrete,rough,low,wifi_baseline,2,none,0.5,3,rough,0.064,-0.064,1.65,"2.1,2.1,2.1,2.1",-0.14,-0.14,1784560909.9872398,422154187000000,422154187000000,422154875000000,422154531000000,688.0,2139.513,2139.513,422154.875,422154.875,,420015.01800000004,True,25,0,0,0,False,0,1007,826,2139513,2139515,2139513,-0.021494675,0,218876,346647,11.3987,1.936327,-0.387174,-149.6076,-43.36914,-5.458984,1001.104,-0.9725,1.01375,0.97375,34,-23,-49,53.88889,True,855,3,37.24858333,-80.4175115,12,0.71,,,,1306872,3404,784
52,True,,speed-low_surface-rough_permeable_concrete_latency-wifi_baseline_route-square0p5x3_attack-none_trial-2,square0p5x3,rough_permeable_concrete,rough,low,wifi_baseline,2,none,0.5,3,rough,0.064,-0.064,1.65,"2.1,2.1,2.1,2.1",-0.14,-0.14,1784560910.749997,422154953000000,422154953000000,422155640000000,422155296500000,687.0,2140.274,2140.274,422155.64,422155.64,,420015.01800000004,True,25,0,0,0,False,0,1007,827,2140274,2140275,2140274,-0.02112054,0,218876,346646,11.3987,1.201984,-1.318321,-147.6718,15.22461,-8.876953,990.8496,-0.535,-1.04875,0.28625,34,-27,-50,53.88889,True,115,3,37.2485835,-80.4175105,12,0.71,,,,1307206,3405,784
53,True,,speed-low_surface-rough_permeable_concrete_latency-wifi_baseline_route-square0p5x3_attack-none_trial-2,square0p5x3,rough_permeable_concrete,rough,low,wifi_baseline,2,none,0.5,3,rough,0.064,-0.064,1.65,"2.1,2.1,2.1,2.1",-0.14,-0.14,1784560911.6851048,422155890000000,422155890000000,422156578000000,422156234000000,688.0,2141.22,2141.22,422156.578,422156.578,,420015.01800000004,True,25,0,0,0,False,0,1007,828,2141220,2141221,2141220,0,0,218875,346646,11.40101,0.575235,-1.807025,-146.4539,12.7832,-9.853516,977.1777,-0.5975,-1.54875,-0.08875,30,-24,-51,53.88889,True,128,3,37.24858383,-80.41750933,12,0.71,,,,1307702,3407,785
54,True,,speed-low_surface-rough_permeable_concrete_latency-wifi_baseline_route-square0p5x3_attack-none_trial-2,square0p5x3,rough_permeable_concrete,rough,low,wifi_baseline,2,none,0.5,3,rough,0.064,-0.064,1.65,"2.1,2.1,2.1,2.1",-0.14,-0.14,1784560912.7859077,422156984000000,422156984000000,422157703000000,422157343500000,719.0,2142.312,2142.312,422157.703,422157.703,,420015.02150000003,True,25,0,0,0,False,0,1007,829,2142312,2142313,2142312,0,-0.021494675,218876,346658,11.40101,-0.10701,-1.789369,-146.624,6.923828,-38.66211,1001.104,0.465,-1.17375,-7.08875,36,-29,-51,53.88889,True,285,3,37.24858433,-80.4175085,12,0.71,,,,1308327,3409,786
55,True,,speed-low_surface-rough_permeable_concrete_latency-wifi_baseline_route-square0p5x3_attack-none_trial-2,square0p5x3,rough_permeable_concrete,rough,low,wifi_baseline,2,none,0.5,3,rough,0.064,-0.064,1.65,"2.1,2.1,2.1,2.1",-0.14,-0.14,1784560913.6977284,422157906000000,422157906000000,422158562000000,422158234000000,656.0,2143.217,2143.217,422158.562,422158.562,,420015.02150000003,True,25,0,0,0,False,0,1007,830,2143217,2143218,2143217,-0.086040157,-0.107627128,218979,347183,11.40101,1.878336,2.777957,-152.1527,-55.08789,6.259766,967.9004,-2.41,-9.67375,-12.40125,34,-20,-49,53.88889,True,102,3,37.24858467,-80.41750767,12,0.69,,,,1308823,3411,787
56,True,,speed-low_surface-rough_permeable_concrete_latency-wifi_baseline_route-square0p5x3_attack-none_trial-2,square0p5x3,rough_permeable_concrete,rough,low,wifi_baseline,2,none,0.5,3,rough,0.064,-0.064,1.65,"2.1,2.1,2.1,2.1",-0.14,-0.14,1784560914.833868,422159031000000,422159031000000,422159718000000,422159374500000,687.0,2144.372,2144.372,422159.718,422159.718,,420015.02150000003,True,25,0,0,0,False,0,1007,831,2144372,2144373,2144372,-0.132819825,-0.154956462,219751,348254,11.40101,-0.592492,-0.049007,-157.2223,-49.22852,-88.95508,980.5957,5.4025,-16.17375,-9.65125,26,-13,-49,53.88889,True,348,3,37.24858583,-80.41750617,12,0.69,,,,1309475,3413,788
57,True,,speed-low_surface-rough_permeable_concrete_latency-wifi_baseline_route-square0p5x3_attack-none_trial-2,square0p5x3,rough_permeable_concrete,rough,low,wifi_baseline,2,none,0.5,3,rough,0.064,-0.064,1.65,"2.1,2.1,2.1,2.1",-0.14,-0.14,1784560915.7489498,422159953000000,422159953000000,422160671000000,422160312000000,718.0,2145.303,2145.303,422160.671,422160.671,,420015.02150000003,True,25,0,0,0,False,0,1007,832,2145303,2145304,2145303,-0.138441397,-0.161514963,220548,349138,11.40101,1.684575,-1.006293,-157.9988,-71.68945,64.36523,1043.096,4.59,-6.79875,-2.65125,24,-13,-47,53.88889,True,151,3,37.248587,-80.4175045,12,0.69,,,,1309946,3415,788
58,True,,speed-low_surface-rough_permeable_concrete_latency-wifi_baseline_route-square0p5x3_attack-none_trial-2,square0p5x3,rough_permeable_concrete,rough,low,wifi_baseline,2,none,0.5,3,rough,0.064,-0.064,1.65,"2.1,2.1,2.1,2.1",-0.14,-0.14,1784560916.7020476,422160906000000,422160906000000,422161578000000,422161242000000,672.0,2146.237,2146.237,422161.578,422161.593,,420015.02150000003,True,25,0,0,0,False,0,1007,833,2146237,2146238,2146237,-0.150462725,-0.150462725,221389,350030,11.40101,0.917646,-2.106384,-155.506,131.4355,-28.4082,1047.979,4.465,5.51375,-2.71375,31,-18,-49,53.88889,True,130,3,37.24858717,-80.41750283,12,0.69,,,,1310444,3417,789
59,True,,speed-low_surface-rough_permeable_concrete_latency-wifi_baseline_route-square0p5x3_attack-none_trial-2,square0p5x3,rough_permeable_concrete,rough,low,wifi_baseline,2,none,0.5,3,rough,0.064,-0.064,1.65,"2.1,2.1,2.1,2.1",-0.14,-0.14,1784560917.753349,422161953000000,422161953000000,422162609000000,422162281000000,656.0,2147.275,2147.275,422162.609,422162.609,,420015.02150000003,True,25,0,0,0,False,0,1007,834,2147275,2147276,2147275,-0.12543787,-0.125385604,222327,351038,11.40101,-0.865688,-0.258098,-157.7314,2.041016,-3.017578,879.5215,-11.285,12.63875,3.03625,32,-10,-49,53.33333,True,231,3,37.2485875,-80.417501,12,0.69,,,,1311071,3419,790
60,True,,speed-low_surface-rough_permeable_concrete_latency-wifi_baseline_route-square0p5x3_attack-none_trial-2,square0p5x3,rough_permeable_concrete,rough,low,wifi_baseline,2,none,0.5,3,rough,0.064,-0.064,1.65,"2.1,2.1,2.1,2.1",-0.14,-0.14,1784560918.5862875,422162781000000,422162781000000,422163453000000,422163117000000,672.0,2148.129,2148.129,422163.453,422163.453,,420015.01800000004,True,25,0,0,0,False,0,1007,835,2148129,2148131,2148129,0,-0.04298935,222664,351409,11.40101,1.074963,-0.492303,-159.2259,3.017578,9.677734,990.8496,-0.2225,-0.54875,-11.15125,33,-16,-48,53.88889,True,80,3,37.24858717,-80.41749817,12,0.69,,,,1311566,3421,791
61,True,,speed-low_surface-rough_permeable_concrete_latency-wifi_baseline_route-square0p5x3_attack-none_trial-2,square0p5x3,rough_permeable_concrete,rough,low,wifi_baseline,2,none,0.5,3,rough,0.064,-0.064,1.65,"2.1,2.1,2.1,2.1",-0.14,-0.14,1784560919.3574054,422163562000000,422163562000000,422164250000000,422163906000000,688.0,2148.877,2148.877,422164.25,422164.25,,420015.02150000003,True,25,0,0,0,False,0,1007,836,2148877,2148879,2148877,0,-0.04298935,222664,351553,11.40101,1.467745,-0.18908,-160.9243,11.80664,-5.458984,968.3887,-0.7225,16.63875,-13.21375,31,-15,-49,53.33333,True,43,3,37.24858667,-80.41749717,12,0.69,,,,1311952,3423,792
62,True,,speed-low_surface-rough_permeable_concrete_latency-wifi_baseline_route-square0p5x3_attack-none_trial-2,square0p5x3,rough_permeable_concrete,rough,low,wifi_baseline,2,none,0.5,3,rough,0.064,-0.064,1.65,"2.1,2.1,2.1,2.1",-0.14,-0.14,1784560920.1109395,422164312000000,422164312000000,422165078000000,422164695000000,766.0,2149.633,2149.633,422165.078,422165.078,,420015.0225,True,25,0,0,0,False,0,1007,837,2149633,2149635,2149633,0.041076365,-0.082107899,222645,351834,11.40101,2.600675,-0.494598,-169.3141,-25.30273,-1.552734,1054.326,-0.41,-0.48625,-31.65125,25,-12,-54,53.88889,True,799,3,37.24858667,-80.41749717,12,0.69,,,,1312344,3423,793
63,True,,speed-low_surface-rough_permeable_concrete_latency-wifi_baseline_route-square0p5x3_attack-none_trial-2,square0p5x3,rough_permeable_concrete,rough,low,wifi_baseline,2,none,0.5,3,rough,0.064,-0.064,1.65,"2.1,2.1,2.1,2.1",-0.14,-0.14,1784560920.9143357,422165109000000,422165109000000,422165796000000,422165452500000,687.0,2150.442,2150.442,422165.796,422165.796,,420015.0225,True,25,0,0,0,False,0,1007,838,2150442,2150444,2150442,0.040753718,-0.040742682,222361,352189,11.40101,0.85884,-0.129108,-175.9345,-38.48633,49.7168,1025.029,2.4025,2.82625,-26.02625,12,-4,-50,53.88889,True,31,3,37.24858517,-80.41749667,12,0.69,,,,1312789,3424,794
64,True,,speed-low_surface-rough_permeable_concrete_latency-wifi_baseline_route-square0p5x3_attack-none_trial-2,square0p5x3,rough_permeable_concrete,rough,low,wifi_baseline,2,none,0.5,3,rough,0.064,-0.064,1.65,"2.1,2.1,2.1,2.1",-0.14,-0.14,1784560921.7996223,422166000000000,422166000000000,422166718000000,422166359000000,718.0,2151.342,2151.342,422166.718,422166.718,,420015.0225,True,25,0,0,0,False,0,1007,839,2151342,2151344,2151342,0,0,222248,352323,11.38262,2.754459,-0.300378,-173.5477,13.75977,-14.24805,969.8535,-0.4725,-2.11125,0.28625,9,-7,-52,53.88889,True,171,3,37.24858517,-80.41749667,12,0.69,,,,1313193,3425,794
65,True,,speed-low_surface-rough_permeable_concrete_latency-wifi_baseline_route-square0p5x3_attack-none_trial-2,square0p5x3,rough_permeable_concrete,rough,low,wifi_baseline,2,none,0.5,3,rough,0.064,-0.064,1.65,"2.1,2.1,2.1,2.1",-0.14,-0.14,1784560922.8178442,422167015000000,422167015000000,422167671000000,422167343000000,656.0,2152.344,2152.344,422167.671,422167.671,,420015.02150000003,True,25,0,0,0,False,0,1007,840,2152344,2152345,2152344,0,0,222248,352323,11.38262,2.301556,0.11306,-171.7388,-11.14258,-6.435547,984.0137,0.84,4.07625,-0.58875,8,-6,-51,53.33333,True,197,3,37.248583,-80.41749717,12,0.71,,,,1313689,3427,795
66,True,,speed-low_surface-rough_permeable_concrete_latency-wifi_baseline_route-square0p5x3_attack-none_trial-2,square0p5x3,rough_permeable_concrete,rough,low,wifi_baseline,2,none,0.5,3,rough,0.064,-0.064,1.65,"2.1,2.1,2.1,2.1",-0.14,-0.14,1784560923.7259297,422167921000000,422167921000000,422168656000000,422168288500000,735.0,2153.256,2153.256,422168.656,422168.656,,420015.02150000003,True,25,0,0,0,False,0,1007,841,2153256,2153257,2153256,0,0,222248,352323,11.38262,1.882516,-0.04873,-171.1888,-12.11914,-4.970703,979.1309,-0.41,-1.73625,-0.33875,8,-4,-50,53.88889,True,109,3,37.24858017,-80.41749783,12,0.74,,,,1314176,3429,796
67,True,,speed-low_surface-rough_permeable_concrete_latency-wifi_baseline_route-square0p5x3_attack-none_trial-2,square0p5x3,rough_permeable_concrete,rough,low,wifi_baseline,2,none,0.5,3,rough,0.064,-0.064,1.65,"2.1,2.1,2.1,2.1",-0.14,-0.14,1784560924.528272,422168734000000,422168734000000,422169406000000,422169070000000,672.0,2154.054,2154.054,422169.406,422169.406,,420015.01800000004,True,25,0,0,0,False,0,1007,842,2154054,2154056,2154054,0,0,222248,352324,11.38262,1.916759,0.017691,-169.5305,-2.353516,-8.876953,977.666,-0.535,0.76375,-0.83875,14,-6,-47,53.88889,True,146,3,37.248578,-80.4174975,12,0.74,,,,1314603,3431,797
68,True,,speed-low_surface-rough_permeable_concrete_latency-wifi_baseline_route-square0p5x3_attack-none_trial-2,square0p5x3,rough_permeable_concrete,rough,low,wifi_baseline,2,none,0.5,3,rough,0.064,-0.064,1.65,"2.1,2.1,2.1,2.1",-0.14,-0.14,1784560925.2501009,422169453000000,422169453000000,422170203000000,422169828000000,750.0,2154.794,2154.794,422170.203,422170.203,,420015.01800000004,True,25,0,0,0,False,0,1007,843,2154794,2154795,2154794,0,-0.066605899,222250,352355,11.38262,3.351961,-0.853447,-174.4406,-2.353516,-29.38477,1011.357,-0.0975,-0.86125,-17.21375,11,-9,-49,53.88889,True,97,3,37.248576,-80.417497,12,0.81,,,,1314971,3433,798
69,True,,speed-low_surface-rough_permeable_concrete_latency-wifi_baseline_route-square0p5x3_attack-none_trial-2,square0p5x3,rough_permeable_concrete,rough,low,wifi_baseline,2,none,0.5,3,rough,0.064,-0.064,1.65,"2.1,2.1,2.1,2.1",-0.14,-0.14,1784560926.0484188,422170250000000,422170250000000,422170921000000,422170585500000,671.0,2155.573,2155.573,422170.921,422170.921,,420015.017,True,25,0,0,0,False,0,1007,844,2155573,2155575,2155573,-0.121569667,-0.141488323,222607,352913,11.38262,7.22012,-2.36765,-177.0803,13.75977,69.73633,1097.295,0.5275,6.51375,-2.33875,7,-12,-51,53.33333,True,32,3,37.2485735,-80.417496,12,0.74,,,,1315373,3434,799
70,True,,speed-low_surface-rough_permeable_concrete_latency-wifi_baseline_route-square0p5x3_attack-none_trial-2,square0p5x3,rough_permeable_concrete,rough,low,wifi_baseline,2,none,0.5,3,rough,0.064,-0.064,1.65,"2.1,2.1,2.1,2.1",-0.14,-0.14,1784560926.7614272,422170968000000,422170968000000,422171625000000,422171296500000,657.0,2156.287,2156.287,422171.625,422171.625,,420015.017,True,25,0,0,0,False,0,1007,845,2156287,2156288,2156287,-0.127097895,-0.148218277,223163,353604,11.38262,5.680482,-2.773721,-177.5332,77.23633,-38.17383,1066.533,1.09,9.26375,-10.90125,6,-11,-49,53.33333,True,745,3,37.2485735,-80.417496,12,0.74,,,,1315638,3434,800
71,True,,speed-low_surface-rough_permeable_concrete_latency-wifi_baseline_route-square0p5x3_attack-none_trial-2,square0p5x3,rough_permeable_concrete,rough,low,wifi_baseline,2,none,0.5,3,rough,0.064,-0.064,1.65,"2.1,2.1,2.1,2.1",-0.14,-0.14,1784560927.7390501,422171937000000,422171937000000,422172656000000,422172296500000,719.0,2157.274,2157.274,422172.656,422172.656,,420015.017,True,25,0,0,0,False,0,1007,846,2157274,2157275,2157274,-0.115491806,-0.161763028,224015,354571,11.38262,6.471605,-4.912834,-176.6964,14.73633,-15.22461,938.6035,-8.16,2.95125,8.72375,-1,-10,-50,53.33333,True,184,3,37.248572,-80.417495,12,0.81,,,,1316128,3436,801
72,True,,speed-low_surface-rough_permeable_concrete_latency-wifi_baseline_route-square0p5x3_attack-none_trial-2,square0p5x3,rough_permeable_concrete,rough,low,wifi_baseline,2,none,0.5,3,rough,0.064,-0.064,1.65,"2.1,2.1,2.1,2.1",-0.14,-0.14,1784560928.59147,422172796000000,422172796000000,422173453000000,422173124500000,657.0,2158.121,2158.121,422173.453,422173.453,,420015.016,True,25,0,0,0,False,0,1007,847,2158121,2158123,2158121,-0.142870195,-0.142792716,224785,355375,11.38262,12.56656,-7.56608,-170.9606,-37.02148,61.92383,829.2285,-0.5975,5.07625,-0.02625,-1,-26,-50,53.33333,True,61,3,37.248568,-80.41749633,12,0.71,,,,1316618,3438,802
73,True,,speed-low_surface-rough_permeable_concrete_latency-wifi_baseline_route-square0p5x3_attack-none_trial-2,square0p5x3,rough_permeable_concrete,rough,low,wifi_baseline,2,none,0.5,3,rough,0.064,-0.064,1.65,"2.1,2.1,2.1,2.1",-0.14,-0.14,1784560929.312008,422173515000000,422173515000000,422174187000000,422173851000000,672.0,2158.839,2158.839,422174.187,422174.187,,420015.014,True,25,0,0,0,False,0,1007,848,2158839,2158841,2158839,-0.121930896,-0.142156712,225448,356056,11.38262,2.661298,-6.511566,-168.3518,88.4668,-66.98242,1091.436,-2.3475,4.70125,-2.15125,5,-9,-50,53.33333,True,50,3,37.24856467,-80.417497,12,0.69,,,,1316971,3440,803
74,True,,speed-low_surface-rough_permeable_concrete_latency-wifi_baseline_route-square0p5x3_attack-none_trial-2,square0p5x3,rough_permeable_concrete,rough,low,wifi_baseline,2,none,0.5,3,rough,0.064,-0.064,1.65,"2.1,2.1,2.1,2.1",-0.14,-0.14,1784560930.040606,422174234000000,422174234000000,422174906000000,422174570000000,672.0,2159.568,2159.568,422174.906,422174.906,,420015.014,True,25,0,0,0,False,0,1007,849,2159568,2159570,2159568,-0.128857601,-0.128839211,226105,356750,11.38262,5.722887,-8.506186,-167.2742,109.9512,27.25586,907.8418,7.59,9.20125,-3.90125,3,-15,-52,53.88889,True,779,3,37.24856467,-80.417497,12,0.69,,,,1317335,3440,804
75,True,,speed-low_surface-rough_permeable_concrete_latency-wifi_baseline_route-square0p5x3_attack-none_trial-2,square0p5x3,rough_permeable_concrete,rough,low,wifi_baseline,2,none,0.5,3,rough,0.064,-0.064,1.65,"2.1,2.1,2.1,2.1",-0.14,-0.14,1784560930.7679546,422174968000000,422174968000000,422175687000000,422175327500000,719.0,2160.289,2160.289,422175.687,422175.687,,420015.014,True,25,0,0,0,False,0,1007,850,2160289,2160291,2160289,-0.099119055,-0.099236727,226756,357411,11.38262,6.360557,-1.008892,-165.3363,-31.16211,26.76758,955.6934,1.6525,-0.61125,1.16125,5,-13,-52,55,True,1500,3,37.24856467,-80.417497,12,0.69,,,,1317614,3440,805
76,True,,speed-low_surface-rough_permeable_concrete_latency-wifi_baseline_route-square0p5x3_attack-none_trial-2,square0p5x3,rough_permeable_concrete,rough,low,wifi_baseline,2,none,0.5,3,rough,0.064,-0.064,1.65,"2.1,2.1,2.1,2.1",-0.14,-0.14,1784560931.6883714,422175890000000,422175890000000,422176656000000,422176273000000,766.0,2161.221,2161.221,422176.656,422176.656,,420015.014,True,25,0,0,0,False,0,1007,851,2161221,2161223,2161221,0,-0.045830864,227055,357742,11.40538,6.939343,-3.95707,-165.8933,6.923828,48.25195,977.1777,-2.285,3.38875,-12.02625,3,-13,-49,53.88889,True,130,3,37.24855967,-80.41750017,12,0.69,,,,1318110,3442,806
77,True,,speed-low_surface-rough_permeable_concrete_latency-wifi_baseline_route-square0p5x3_attack-none_trial-2,square0p5x3,rough_permeable_concrete,rough,low,wifi_baseline,2,none,0.5,3,rough,0.064,-0.064,1.65,"2.1,2.1,2.1,2.1",-0.14,-0.14,1784560932.7372174,422176937000000,422176937000000,422177656000000,422177296500000,719.0,2162.271,2162.271,422177.656,422177.656,,420015.014,True,25,0,0,0,False,0,1007,852,2162271,2162272,2162271,0,-0.021132405,227055,357928,11.40538,7.777327,-5.825127,-165.5805,15.71289,13.0957,973.2715,-0.3475,-0.54875,-9.90125,1,-16,-49,53.33333,True,243,3,37.2485575,-80.41750217,12,0.69,,,,1318735,3444,807
78,True,,speed-low_surface-rough_permeable_concrete_latency-wifi_baseline_route-square0p5x3_attack-none_trial-2,square0p5x3,rough_permeable_concrete,rough,low,wifi_baseline,2,none,0.5,3,rough,0.064,-0.064,1.65,"2.1,2.1,2.1,2.1",-0.14,-0.14,1784560933.5700953,422177765000000,422177765000000,422178421000000,422178093000000,656.0,2163.097,2163.097,422178.421,422178.421,,420015.0125,True,25,0,0,0,False,0,1007,853,2163097,2163099,2163097,0.043013929,-0.064687328,227034,358236,11.40538,9.056149,-7.332697,-168.4519,22.54883,2.353516,1031.865,4.465,9.26375,-28.40125,1,-17,-50,53.88889,True,48,3,37.248556,-80.41750333,12,0.71,,,,1319203,3446,808
79,True,,speed-low_surface-rough_permeable_concrete_latency-wifi_baseline_route-square0p5x3_attack-none_trial-2,square0p5x3,rough_permeable_concrete,rough,low,wifi_baseline,2,none,0.5,3,rough,0.064,-0.064,1.65,"2.1,2.1,2.1,2.1",-0.14,-0.14,1784560934.337017,422178531000000,422178531000000,422179281000000,422178906000000,750.0,2163.901,2163.901,422179.281,422179.281,,420015.01200000005,True,25,0,0,0,False,0,1007,854,2163901,2163903,2163901,0.044753934,-0.044747279,226791,358564,11.40538,14.17605,-6.657531,178.8821,2.041016,-41.10352,1024.053,-2.16,-4.67375,-30.83875,1,-28,-52,53.88889,True,125,3,37.24855567,-80.41750483,12,0.68,,,,1319640,3448,809
80,True,,speed-low_surface-rough_permeable_concrete_latency-wifi_baseline_route-square0p5x3_attack-none_trial-2,square0p5x3,rough_permeable_concrete,rough,low,wifi_baseline,2,none,0.5,3,rough,0.064,-0.064,1.65,"2.1,2.1,2.1,2.1",-0.14,-0.14,1784560935.147518,422179343000000,422179343000000,422180031000000,422179687000000,688.0,2164.678,2164.678,422180.031,422180.031,,420015.01050000003,True,25,0,0,0,False,0,1007,855,2164678,2164680,2164678,0,-0.021460951,226640,358755,11.40538,15.79655,-10.94274,-166.4938,13.75977,44.83398,966.9238,0.6525,3.70125,-1.46375,0,-38,-51,53.88889,True,902,3,37.24855567,-80.41750483,12,0.68,,,,1320050,3448,810
81,True,,speed-low_surface-rough_permeable_concrete_latency-wifi_baseline_route-square0p5x3_attack-none_trial-2,square0p5x3,rough_permeable_concrete,rough,low,wifi_baseline,2,none,0.5,3,rough,0.064,-0.064,1.65,"2.1,2.1,2.1,2.1",-0.14,-0.14,1784560935.900982,422180109000000,422180109000000,422180750000000,422180429500000,641.0,2165.422,2165.422,422180.75,422180.75,,420015.01050000003,True,25,0,0,0,False,0,1007,856,2165422,2165424,2165422,0,0,226640,358780,11.40538,13.51021,-10.87556,-158.742,-10.6543,-4.970703,995.2441,-1.16,-0.98625,-0.08875,1,-38,-50,53.33333,True,11,3,37.248556,-80.4175065,12,0.68,,,,1320427,3449,811
82,True,,speed-low_surface-rough_permeable_concrete_latency-wifi_baseline_route-square0p5x3_attack-none_trial-2,square0p5x3,rough_permeable_concrete,rough,low,wifi_baseline,2,none,0.5,3,rough,0.064,-0.064,1.65,"2.1,2.1,2.1,2.1",-0.14,-0.14,1784560936.7576048,422180953000000,422180953000000,422181671000000,422181312000000,718.0,2166.276,2166.276,422181.671,422181.671,,420015.01200000005,True,25,0,0,0,False,0,1007,857,2166276,2166277,2166276,0,0,226640,358780,11.40538,10.60697,-11.59607,-144.7791,1.552734,-14.24805,985.4785,-1.2225,-2.36125,-0.71375,1,-42,-50,53.33333,True,122,3,37.248556,-80.4175065,12,0.67,,,,1320848,3450,812
83,True,,speed-low_surface-rough_permeable_concrete_latency-wifi_baseline_route-square0p5x3_attack-none_trial-2,square0p5x3,rough_permeable_concrete,rough,low,wifi_baseline,2,none,0.5,3,rough,0.064,-0.064,1.65,"2.1,2.1,2.1,2.1",-0.14,-0.14,1784560937.618212,422181812000000,422181812000000,422182468000000,422182140000000,656.0,2167.144,2167.144,422182.468,422182.468,,420015.01200000005,True,25,0,0,0,False,0,1007,858,2167144,2167145,2167144,0,-0.021029032,226640,358785,11.40538,7.828302,-11.8918,-135.4728,52.33398,-0.087891,961.5527,0.715,4.32625,-7.02625,-1,-38,-47,53.88889,True,71,3,37.24855617,-80.41750733,12,0.71,,,,1321344,3452,813
84,True,,speed-low_surface-rough_permeable_concrete_latency-wifi_baseline_route-square0p5x3_attack-none_trial-2,square0p5x3,rough_permeable_concrete,rough,low,wifi_baseline,2,none,0.5,3,rough,0.064,-0.064,1.65,"2.1,2.1,2.1,2.1",-0.14,-0.14,1784560938.5404766,422182734000000,422182734000000,422183500000000,422183117000000,766.0,2168.091,2168.091,422183.5,422183.515,,420015.0125,True,25,0,0,0,False,0,1007,859,2168091,2168093,2168091,-0.086809592,-0.130139304,226760,359432,11.40538,5.927667,-9.374046,-126.5691,-104.4043,-43.54492,1253.545,9.215,-2.29875,-10.83875,4,-49,-53,53.33333,True,148,3,37.24855633,-80.417508,12,0.71,,,,1321935,3454,814
85,True,,speed-low_surface-rough_permeable_concrete_latency-wifi_baseline_route-square0p5x3_attack-none_trial-2,square0p5x3,rough_permeable_concrete,rough,low,wifi_baseline,2,none,0.5,3,rough,0.064,-0.064,1.65,"2.1,2.1,2.1,2.1",-0.14,-0.14,1784560939.3401418,422183546000000,422183546000000,422184218000000,422183882000000,672.0,2168.869,2168.869,422184.218,422184.218,,420015.013,True,25,0,0,0,False,0,1007,860,2168869,2168870,2168869,-0.131160301,-0.131312924,227304,360160,11.40538,2.683007,-7.336877,-119.0895,-16.51367,67.29492,907.8418,-2.8475,-3.61125,-12.27625,8,-45,-51,53.88889,True,86,3,37.24855683,-80.41750867,12,0.74,,,,1322349,3456,815
86,True,,speed-low_surface-rough_permeable_concrete_latency-wifi_baseline_route-square0p5x3_attack-none_trial-2,square0p5x3,rough_permeable_concrete,rough,low,wifi_baseline,2,none,0.5,3,rough,0.064,-0.064,1.65,"2.1,2.1,2.1,2.1",-0.14,-0.14,1784560940.060193,422184265000000,422184265000000,422184937000000,422184601000000,672.0,2169.585,2169.585,422184.937,422184.937,,420015.013,True,25,0,0,0,False,0,1007,861,2169585,2169587,2169585,-0.107473375,-0.150462725,227873,360810,11.40538,0.181594,-6.871517,-111.2239,-3.818359,-196.377,1267.705,7.0275,-14.23625,-3.27625,3,-44,-51,53.33333,True,803,3,37.24855683,-80.41750867,12,0.74,,,,1322696,3456,816
87,True,,speed-low_surface-rough_permeable_concrete_latency-wifi_baseline_route-square0p5x3_attack-none_trial-2,square0p5x3,rough_permeable_concrete,rough,low,wifi_baseline,2,none,0.5,3,rough,0.064,-0.064,1.65,"2.1,2.1,2.1,2.1",-0.14,-0.14,1784560940.883201,422185078000000,422185078000000,422185765000000,422185421500000,687.0,2170.403,2170.403,422185.765,422185.765,,420015.013,True,25,0,0,0,False,0,1007,862,2170403,2170405,2170403,-0.12896805,-0.150441233,228580,361592,11.40538,1.381299,-6.893965,-104.2703,57.70508,46.78711,795.0488,-9.3475,0.95125,5.53625,4,-59,-51,53.33333,True,1621,3,37.24855683,-80.41750867,12,0.74,,,,1323140,3456,816
88,True,,speed-low_surface-rough_permeable_concrete_latency-wifi_baseline_route-square0p5x3_attack-none_trial-2,square0p5x3,rough_permeable_concrete,rough,low,wifi_baseline,2,none,0.5,3,rough,0.064,-0.064,1.65,"2.1,2.1,2.1,2.1",-0.14,-0.14,1784560941.7662358,422185968000000,422185968000000,422186687000000,422186327500000,719.0,2171.286,2171.286,422186.687,422186.687,,420015.016,True,25,0,0,0,False,0,1007,863,2171286,2171287,2171286,-0.128986477,-0.150312413,229365,362438,11.39697,-0.522874,0.448872,-105.5838,-114.6582,-26.94336,1227.178,-0.16,9.01375,7.09875,9,-45,-51,53.88889,True,138,3,37.24855683,-80.41751083,12,0.81,,,,1323566,3458,817
89,True,,speed-low_surface-rough_permeable_concrete_latency-wifi_baseline_route-square0p5x3_attack-none_trial-2,square0p5x3,rough_permeable_concrete,rough,low,wifi_baseline,2,none,0.5,3,rough,0.064,-0.064,1.65,"2.1,2.1,2.1,2.1",-0.14,-0.14,1784560942.6862583,422186890000000,422186890000000,422187609000000,422187249500000,719.0,2172.209,2172.209,422187.609,422187.609,,420015.016,True,25,0,0,0,False,0,1007,864,2172209,2172210,2172209,-0.107473375,-0.107473375,230211,363300,11.39697,0.058705,0.428023,-102.532,-64.36523,0.888672,947.8809,2.215,3.88875,2.03625,7,-51,-51,53.88889,True,120,3,37.2485575,-80.41751133,12,0.81,,,,1324054,3460,818
90,True,,speed-low_surface-rough_permeable_concrete_latency-wifi_baseline_route-square0p5x3_attack-none_trial-2,square0p5x3,rough_permeable_concrete,rough,low,wifi_baseline,2,none,0.5,3,rough,0.064,-0.064,1.65,"2.1,2.1,2.1,2.1",-0.14,-0.14,1784560943.8074749,422188015000000,422188015000000,422188687000000,422188351000000,672.0,2173.347,2173.347,422188.687,422188.687,,420015.016,True,25,0,0,0,False,0,1007,865,2173347,2173348,2173347,0,0,230563,363663,11.39697,-0.875072,-0.211419,-101.348,15.22461,-17.17773,981.5723,-1.2225,-3.17375,0.34875,10,-48,-51,53.33333,True,333,3,37.24855717,-80.41751267,12,0.81,,,,1324679,3462,819
91,True,,speed-low_surface-rough_permeable_concrete_latency-wifi_baseline_route-square0p5x3_attack-none_trial-2,square0p5x3,rough_permeable_concrete,rough,low,wifi_baseline,2,none,0.5,3,rough,0.064,-0.064,1.65,"2.1,2.1,2.1,2.1",-0.14,-0.14,1784560944.736078,422188937000000,422188937000000,422189656000000,422189296500000,719.0,2174.26,2174.26,422189.656,422189.656,,420015.016,True,25,0,0,0,False,0,1007,866,2174260,2174261,2174260,0,-0.021494675,230563,363666,11.39697,-1.005076,-1.008592,-102.3071,9.853516,-19.61914,999.6387,-0.535,-1.48625,-2.46375,9,-49,-49,53.33333,True,114,3,37.24855733,-80.417513,12,0.81,,,,1325159,3464,820
92,True,,speed-low_surface-rough_permeable_concrete_latency-wifi_baseline_route-square0p5x3_attack-none_trial-2,square0p5x3,rough_permeable_concrete,rough,low,wifi_baseline,2,none,0.5,3,rough,0.064,-0.064,1.65,"2.1,2.1,2.1,2.1",-0.14,-0.14,1784560945.495679,422189703000000,422189703000000,422190359000000,422190031000000,656.0,2175.016,2175.016,422190.359,422190.359,,420015.015,True,25,0,0,0,False,0,1007,867,2175016,2175018,2175016,0,0,230564,363731,11.39697,-1.042623,-0.695185,-103.5807,23.52539,-15.22461,974.7363,-0.535,-2.11125,-1.02625,12,-49,-49,53.88889,True,58,3,37.24855767,-80.41751333,12,0.81,,,,1325552,3466,821
93,True,,speed-low_surface-rough_permeable_concrete_latency-wifi_baseline_route-square0p5x3_attack-none_trial-2,square0p5x3,rough_permeable_concrete,rough,low,wifi_baseline,2,none,0.5,3,rough,0.064,-0.064,1.65,"2.1,2.1,2.1,2.1",-0.14,-0.14,1784560946.193371,422190390000000,422190390000000,422191093000000,422190741500000,703.0,2175.727,2175.727,422191.093,422191.093,,420015.0145,True,25,0,0,0,False,0,1007,868,2175727,2175728,2175727,0.022016787,-0.088157448,230552,364094,11.39697,-0.433913,-0.557199,-118.2508,-17.00195,-39.15039,995.2441,0.215,-3.42375,-32.33875,19,-48,-48,53.33333,True,79,3,37.248558,-80.41751333,12,0.81,,,,1325888,3467,822
94,True,,speed-low_surface-rough_permeable_concrete_latency-wifi_baseline_route-square0p5x3_attack-none_trial-2,square0p5x3,rough_permeable_concrete,rough,low,wifi_baseline,2,none,0.5,3,rough,0.064,-0.064,1.65,"2.1,2.1,2.1,2.1",-0.14,-0.14,1784560946.9208379,422191125000000,422191125000000,422191796000000,422191460500000,671.0,2176.443,2176.443,422191.796,422191.796,,420015.015,True,25,0,0,0,False,0,1007,869,2176443,2176445,2176443,0.021510039,-0.064678059,230401,364505,11.39697,0.178788,-2.127587,-128.0879,7.900391,18.95508,937.627,0.4025,1.63875,-31.15125,28,-49,-51,53.33333,True,796,3,37.248558,-80.41751333,12,0.81,,,,1326235,3467,823
95,True,,speed-low_surface-rough_permeable_concrete_latency-wifi_baseline_route-square0p5x3_attack-none_trial-2,square0p5x3,rough_permeable_concrete,rough,low,wifi_baseline,2,none,0.5,3,rough,0.064,-0.064,1.65,"2.1,2.1,2.1,2.1",-0.14,-0.14,1784560947.719914,422191921000000,422191921000000,422192625000000,422192273000000,704.0,2177.244,2177.244,422192.625,422192.625,,420015.016,True,25,0,0,0,False,0,1007,870,2177244,2177245,2177244,0.021494675,-0.021482399,230215,364805,11.39697,0.363511,-2.028587,-130.0556,14.73633,-3.017578,988.4082,-0.41,-3.29875,-10.21375,31,-45,-49,53.33333,True,93,3,37.2485565,-80.4175145,12,0.81,,,,1326623,3468,824
96,True,,speed-low_surface-rough_permeable_concrete_latency-wifi_baseline_route-square0p5x3_attack-none_trial-2,square0p5x3,rough_permeable_concrete,rough,low,wifi_baseline,2,none,0.5,3,rough,0.064,-0.064,1.65,"2.1,2.1,2.1,2.1",-0.14,-0.14,1784560948.832175,422193031000000,422193031000000,422193703000000,422193367000000,672.0,2178.371,2178.371,422193.703,422193.703,,420015.015,True,25,0,0,0,False,0,1007,871,2178371,2178372,2178371,0,0,230213,364819,11.39697,0.13332,-1.420899,-125.43,14.24805,-6.435547,979.6191,0.5275,3.13875,-0.33875,28,-43,-49,53.88889,True,320,3,37.24855583,-80.4175145,12,0.74,,,,1327277,3470,825
97,True,,speed-low_surface-rough_permeable_concrete_latency-wifi_baseline_route-square0p5x3_attack-none_trial-2,square0p5x3,rough_permeable_concrete,rough,low,wifi_baseline,2,none,0.5,3,rough,0.064,-0.064,1.65,"2.1,2.1,2.1,2.1",-0.14,-0.14,1784560949.8810527,422194078000000,422194078000000,422194750000000,422194414000000,672.0,2179.411,2179.411,422194.75,422194.75,,420015.015,True,25,0,0,0,False,0,1007,872,2179411,2179413,2179411,0,0,230213,364819,11.39697,-0.452643,-0.952552,-124.0694,12.29492,-9.365234,981.5723,-1.2225,-0.48625,-0.27625,28,-42,-50,53.88889,True,263,3,37.24855567,-80.41751417,12,0.74,,,,1327810,3472,826
98,True,,speed-low_surface-rough_permeable_concrete_latency-wifi_baseline_route-square0p5x3_attack-none_trial-2,square0p5x3,rough_permeable_concrete,rough,low,wifi_baseline,2,none,0.5,3,rough,0.064,-0.064,1.65,"2.1,2.1,2.1,2.1",-0.14,-0.14,1784560950.7400477,422194937000000,422194937000000,422195703000000,422195320000000,766.0,2180.295,2180.295,422195.703,422195.703,,420015.016,True,25,0,0,0,False,0,1007,873,2180295,2180296,2180295,0,-0.042282626,230213,364830,11.39697,0.180685,-1.64983,-126.7378,13.75977,-13.27148,985.4785,-0.785,3.76375,-8.40125,33,-47,-49,53.33333,True,143,3,37.24855633,-80.41751267,12,0.71,,,,1328240,3474,827
99,True,,speed-low_surface-rough_permeable_concrete_latency-wifi_baseline_route-square0p5x3_attack-none_trial-2,square0p5x3,rough_permeable_concrete,rough,low,wifi_baseline,2,none,0.5,3,rough,0.064,-0.064,1.65,"2.1,2.1,2.1,2.1",-0.14,-0.14,1784560951.7024548,422195906000000,422195906000000,422196546000000,422196226000000,640.0,2181.22,2181.22,422196.546,422196.546,,420015.016,True,25,0,0,0,False,0,1007,874,2181220,2181221,2181220,-0.0859787,-0.12896805,230314,365376,11.39697,-1.070653,-4.640165,-132.5572,109.4629,-15.71289,987.4316,2.59,4.45125,-13.21375,32,-39,-51,53.33333,True,121,3,37.24855683,-80.41751183,12,0.71,,,,1328736,3476,828
100,True,,speed-low_surface-rough_permeable_concrete_latency-wifi_baseline_route-square0p5x3_attack-none_trial-2,square0p5x3,rough_permeable_concrete,rough,low,wifi_baseline,2,none,0.5,3,rough,0.064,-0.064,1.65,"2.1,2.1,2.1,2.1",-0.14,-0.14,1784560952.7524137,422196953000000,422196953000000,422197609000000,422197281000000,656.0,2182.272,2182.272,422197.609,422197.609,,420015.015,True,25,0,0,0,False,0,1007,875,2182272,2182273,2182272,-0.12896805,-0.150462725,231066,366368,11.3851,-3.062001,-3.119857,-136.1342,116.2988,-78.70117,957.1582,-2.4725,2.76375,-11.46375,35,-31,-50,53.33333,True,229,3,37.24855683,-80.41751167,12,0.71,,,,1329361,3478,829
101,True,,speed-low_surface-rough_permeable_concrete_latency-wifi_baseline_route-square0p5x3_attack-none_trial-2,square0p5x3,rough_permeable_concrete,rough,low,wifi_baseline,2,none,0.5,3,rough,0.064,-0.064,1.65,"2.1,2.1,2.1,2.1",-0.14,-0.14,1784560953.5830586,422197781000000,422197781000000,422198453000000,422198117000000,672.0,2183.114,2183.114,422198.453,422198.453,,420015.0145,True,25,0,0,0,False,0,1007,876,2183114,2183115,2183114,-0.12896805,-0.150462725,231783,367187,11.3851,1.455801,-0.938919,-138.6391,-45.81055,134.1895,1112.92,-12.66,7.38875,-2.65125,32,-32,-49,53.33333,True,53,3,37.24855883,-80.41751083,12,0.71,,,,1329844,3480,830
102,True,,speed-low_surface-rough_permeable_concrete_latency-wifi_baseline_route-square0p5x3_attack-none_trial-2,square0p5x3,rough_permeable_concrete,rough,low,wifi_baseline,2,none,0.5,3,rough,0.064,-0.064,1.65,"2.1,2.1,2.1,2.1",-0.14,-0.14,1784560954.3166063,422198515000000,422198515000000,422199265000000,422198890000000,750.0,2183.837,2183.837,422199.265,422199.281,,420015.0145,True,25,0,0,0,False,0,1007,877,2183837,2183839,2183837,-0.131605532,-0.150406323,232448,367911,11.3851,0.398105,-3.956445,-135.1684,29.38477,9.189453,994.7559,-4.41,-6.61125,0.09875,31,-40,-46,53.88889,True,45,3,37.24855967,-80.41750967,12,0.69,,,,1330203,3482,830
103,True,,speed-low_surface-rough_permeable_concrete_latency-wifi_baseline_route-square0p5x3_attack-none_trial-2,square0p5x3,rough_permeable_concrete,rough,low,wifi_baseline,2,none,0.5,3,rough,0.064,-0.064,1.65,"2.1,2.1,2.1,2.1",-0.14,-0.14,1784560955.1384182,422199343000000,422199343000000,422200000000000,422199671500000,657.0,2184.659,2184.659,422200.0,422200.0,,420015.0145,True,25,0,0,0,False,0,1007,878,2184659,2184661,2184659,-0.150462725,-0.150462725,233201,368691,11.3851,-1.430903,-1.890925,-142.0479,87.00195,-48.42773,995.2441,-5.7225,-5.36125,-2.96375,36,-30,-49,53.88889,True,867,3,37.24855967,-80.41750967,12,0.69,,,,1330657,3482,831
104,True,,speed-low_surface-rough_permeable_concrete_latency-wifi_baseline_route-square0p5x3_attack-none_trial-2,square0p5x3,rough_permeable_concrete,rough,low,wifi_baseline,2,none,0.5,3,rough,0.064,-0.064,1.65,"2.1,2.1,2.1,2.1",-0.14,-0.14,1784560955.9101024,422200109000000,422200109000000,422200812000000,422200460500000,703.0,2185.425,2185.425,422200.812,422200.812,,420015.015,True,25,0,0,0,False,0,1007,879,2185425,2185427,2185425,-0.112847044,-0.131605532,233921,369410,11.3851,-1.475458,-1.557777,-140.9058,-9.189453,-13.75977,1176.396,0.59,-7.42375,-0.33875,38,-31,-48,53.33333,True,11,3,37.24856267,-80.41750833,12,0.69,,,,1331058,3483,832
105,True,,speed-low_surface-rough_permeable_concrete_latency-wifi_baseline_route-square0p5x3_attack-none_trial-2,square0p5x3,rough_permeable_concrete,rough,low,wifi_baseline,2,none,0.5,3,rough,0.064,-0.064,1.65,"2.1,2.1,2.1,2.1",-0.14,-0.14,1784560956.7348475,422200937000000,422200937000000,422201640000000,422201288500000,703.0,2186.254,2186.254,422201.64,422201.64,,420015.016,True,25,0,0,0,False,0,1007,880,2186254,2186255,2186254,-0.021494675,-0.021485467,234255,369773,11.3851,-0.058422,1.481363,-140.2566,-74.61914,5.771484,979.6191,-0.5975,3.13875,-2.96375,36,-31,-49,53.33333,True,102,3,37.24856267,-80.41750833,12,0.69,,,,1331474,3484,833
106,True,,speed-low_surface-rough_permeable_concrete_latency-wifi_baseline_route-square0p5x3_attack-none_trial-2,square0p5x3,rough_permeable_concrete,rough,low,wifi_baseline,2,none,0.5,3,rough,0.064,-0.064,1.65,"2.1,2.1,2.1,2.1",-0.14,-0.14,1784560957.468155,422201671000000,422201671000000,422202328000000,422201999500000,657.0,2186.998,2186.998,422202.328,422202.328,,420015.016,True,25,0,0,0,False,0,1007,881,2186998,2187000,2186998,0,0,234255,369774,11.3851,-0.952881,-0.726388,-139.72,25.47852,-25.47852,985.9668,-0.8475,-1.48625,-1.71375,38,-32,-48,53.33333,True,106,3,37.24856317,-80.417508,12,0.67,,,,1331846,3486,834
107,True,,speed-low_surface-rough_permeable_concrete_latency-wifi_baseline_route-square0p5x3_attack-none_trial-2,square0p5x3,rough_permeable_concrete,rough,low,wifi_baseline,2,none,0.5,3,rough,0.064,-0.064,1.65,"2.1,2.1,2.1,2.1",-0.14,-0.14,1784560958.1998794,422202406000000,422202406000000,422203171000000,422202788500000,765.0,2187.734,2187.734,422203.171,422203.187,,420015.016,True,25,0,0,0,False,0,1007,882,2187734,2187736,2187734,0,-0.04040895,234255,369943,11.3851,-1.141896,-0.629946,-143.6319,16.20117,-33.29102,981.084,0.34,0.45125,-13.27625,37,-28,-49,53.33333,True,56,3,37.24856367,-80.4175075,12,0.67,,,,1332218,3487,835
108,True,,speed-low_surface-rough_permeable_concrete_latency-wifi_baseline_route-square0p5x3_attack-none_trial-2,square0p5x3,rough_permeable_concrete,rough,low,wifi_baseline,2,none,0.5,3,rough,0.064,-0.064,1.65,"2.1,2.1,2.1,2.1",-0.14,-0.14,1784560959.0337226,422203234000000,422203234000000,422203953000000,422203593500000,719.0,2188.566,2188.566,422203.953,422203.953,,420015.01749999996,True,25,0,0,0,False,0,1007,883,2188566,2188567,2188566,0.043988518,-0.044014253,234198,370227,11.3851,2.249565,-0.676781,-162.3662,-40.43945,3.330078,975.7129,0.715,-1.54875,-29.52625,41,-22,-47,53.33333,True,31,3,37.2485645,-80.41750717,12,0.69,,,,1332681,3488,836
109,True,,speed-low_surface-rough_permeable_concrete_latency-wifi_baseline_route-square0p5x3_attack-none_trial-2,square0p5x3,rough_permeable_concrete,rough,low,wifi_baseline,2,none,0.5,3,rough,0.064,-0.064,1.65,"2.1,2.1,2.1,2.1",-0.14,-0.14,1784560959.7985663,422204000000000,422204000000000,422204703000000,422204351500000,703.0,2189.33,2189.33,422204.703,422204.703,,420015.01749999996,True,25,0,0,0,False,0,1007,884,2189330,2189331,2189330,0.04298321,-0.064474814,233880,370559,11.3851,6.665388,-0.550964,-179.2215,-45.81055,58.01758,1034.307,1.59,8.88875,-35.96375,34,-14,-48,53.33333,True,795,3,37.2485645,-80.41750717,12,0.69,,,,1332962,3488,837
110,True,,speed-low_surface-rough_permeable_concrete_latency-wifi_baseline_route-square0p5x3_attack-none_trial-2,square0p5x3,rough_permeable_concrete,rough,low,wifi_baseline,2,none,0.5,3,rough,0.064,-0.064,1.65,"2.1,2.1,2.1,2.1",-0.14,-0.14,1784560960.8094466,422205015000000,422205015000000,422205734000000,422205374500000,719.0,2190.33,2190.33,422205.734,422205.734,,420015.0185,True,25,0,0,0,False,0,1007,885,2190330,2190331,2190330,0,0,233754,370692,11.3851,2.830348,-1.564724,-168.204,17.17773,-9.853516,977.666,-0.9725,-1.36125,0.09875,27,-12,-48,53.33333,True,195,3,37.2485645,-80.4175065,12,0.71,,,,1333454,3490,838
111,True,,speed-low_surface-rough_permeable_concrete_latency-wifi_baseline_route-square0p5x3_attack-none_trial-2,square0p5x3,rough_permeable_concrete,rough,low,wifi_baseline,2,none,0.5,3,rough,0.064,-0.064,1.65,"2.1,2.1,2.1,2.1",-0.14,-0.14,1784560961.7334027,422205937000000,422205937000000,422206656000000,422206296500000,719.0,2191.256,2191.256,422206.656,422206.656,,420015.0215,True,25,0,0,0,False,0,1007,886,2191256,2191257,2191256,0,0,233754,370692,11.3851,2.520299,-1.636804,-164.4591,5.947266,-9.853516,979.6191,-0.5975,-1.23625,0.34875,26,-14,-50,53.33333,True,120,3,37.2485645,-80.41750633,12,0.71,,,,1333948,3492,839
112,True,,speed-low_surface-rough_permeable_concrete_latency-wifi_baseline_route-square0p5x3_attack-none_trial-2,square0p5x3,rough_permeable_concrete,rough,low,wifi_baseline,2,none,0.5,3,rough,0.064,-0.064,1.65,"2.1,2.1,2.1,2.1",-0.14,-0.14,1784560962.5735757,422206781000000,422206781000000,422207468000000,422207124500000,687.0,2192.089,2192.089,422207.468,422207.468,,420015.025,True,25,0,0,0,False,0,1007,887,2192089,2192091,2192089,0,0,233754,370692,11.41697,1.870427,-1.237301,-163.3195,7.412109,-7.412109,979.6191,-0.035,-0.17375,-0.46375,26,-12,-49,53.33333,True,40,3,37.24856517,-80.417506,12,0.69,,,,1334407,3494,840
113,True,,speed-low_surface-rough_permeable_concrete_latency-wifi_baseline_route-square0p5x3_attack-none_trial-2,square0p5x3,rough_permeable_concrete,rough,low,wifi_baseline,2,none,0.5,3,rough,0.064,-0.064,1.65,"2.1,2.1,2.1,2.1",-0.14,-0.14,1784560963.3236904,422207531000000,422207531000000,422208187000000,422207859000000,656.0,2192.84,2192.84,422208.187,422208.187,,420015.0215,True,25,0,0,0,False,0,1007,888,2192840,2192841,2192840,0,-0.018819603,233754,370695,11.41697,1.318832,-2.388859,-161.3353,59.6582,-19.61914,980.1074,-0.7225,-2.73625,-5.02625,31,-16,-49,53.33333,True,66,3,37.2485655,-80.4175055,12,0.69,,,,1334792,3496,841
114,True,,speed-low_surface-rough_permeable_concrete_latency-wifi_baseline_route-square0p5x3_attack-none_trial-2,square0p5x3,rough_permeable_concrete,rough,low,wifi_baseline,2,none,0.5,3,rough,0.064,-0.064,1.65,"2.1,2.1,2.1,2.1",-0.14,-0.14,1784560964.0573096,422208265000000,422208265000000,422209000000000,422208632500000,735.0,2193.581,2193.581,422209.0,422209.0,,420015.0215,True,25,0,0,0,False,0,1007,889,2193581,2193583,2193581,-0.042995492,-0.129226503,233784,371164,11.41697,2.444669,-0.07923,-165.3911,5.458984,-20.5957,1027.959,-0.785,-12.29875,-14.46375,18,-11,-51,53.33333,True,808,3,37.2485655,-80.4175055,12,0.69,,,,1335170,3496,842
115,True,,speed-low_surface-rough_permeable_concrete_latency-wifi_baseline_route-square0p5x3_attack-none_trial-2,square0p5x3,rough_permeable_concrete,rough,low,wifi_baseline,2,none,0.5,3,rough,0.064,-0.064,1.65,"2.1,2.1,2.1,2.1",-0.14,-0.14,1784560964.8395362,422209046000000,422209046000000,422209750000000,422209398000000,704.0,2194.387,2194.387,422209.75,422209.75,,420015.0215,True,25,0,0,0,False,0,1007,890,2194387,2194388,2194387,-0.111009831,-0.133546797,234276,371833,11.41697,1.706697,1.201927,-170.7374,-83.89648,-91.39648,1174.932,-0.535,2.70125,-0.71375,16,-6,-51,53.33333,True,1613,3,37.2485655,-80.4175055,12,0.69,,,,1335479,3496,843
116,True,,speed-low_surface-rough_permeable_concrete_latency-wifi_baseline_route-square0p5x3_attack-none_trial-2,square0p5x3,rough_permeable_concrete,rough,low,wifi_baseline,2,none,0.5,3,rough,0.064,-0.064,1.65,"2.1,2.1,2.1,2.1",-0.14,-0.14,1784560965.7673724,422209968000000,422209968000000,422210656000000,422210312000000,688.0,2195.294,2195.294,422210.656,422210.656,,420015.019,True,25,0,0,0,False,0,1007,891,2195294,2195295,2195294,-0.150462725,-0.12896805,235045,372672,11.41697,2.422205,-0.89278,-169.9297,-31.65039,-20.10742,982.0605,4.2775,-9.36125,1.03625,18,-7,-48,53.33333,True,144,3,37.24856733,-80.4175025,12,0.69,,,,1335932,3498,845
117,True,,speed-low_surface-rough_permeable_concrete_latency-wifi_baseline_route-square0p5x3_attack-none_trial-2,square0p5x3,rough_permeable_concrete,rough,low,wifi_baseline,2,none,0.5,3,rough,0.064,-0.064,1.65,"2.1,2.1,2.1,2.1",-0.14,-0.14,1784560966.7509956,422210953000000,422210953000000,422211671000000,422211312000000,718.0,2196.274,2196.274,422211.671,422211.671,,420015.0215,True,25,0,0,0,False,0,1007,892,2196274,2196275,2196274,-0.128949629,-0.150505727,235949,373610,11.41697,1.159954,0.730755,-168.1839,20.10742,-44.0332,839.9707,2.7775,0.57625,0.47375,9,-4,-48,53.33333,True,176,3,37.24856917,-80.4174995,12,0.69,,,,1336428,3500,846
118,True,,speed-low_surface-rough_permeable_concrete_latency-wifi_baseline_route-square0p5x3_attack-none_trial-2,square0p5x3,rough_permeable_concrete,rough,low,wifi_baseline,2,none,0.5,3,rough,0.064,-0.064,1.65,"2.1,2.1,2.1,2.1",-0.14,-0.14,1784560967.58972,422211796000000,422211796000000,422212500000000,422212148000000,704.0,2197.109,2197.109,422212.5,422212.5,,420015.025,True,25,0,0,0,False,0,1007,893,2197109,2197111,2197109,-0.12896805,-0.15020523,236717,374413,11.41697,2.002565,-2.787237,-164.8049,36.70898,-22.06055,1214.971,-3.3475,-2.11125,-3.08875,23,-11,-50,53.33333,True,53,3,37.2485705,-80.41749717,12,0.69,,,,1336905,3502,847
119,True,,speed-low_surface-rough_permeable_concrete_latency-wifi_baseline_route-square0p5x3_attack-none_trial-2,square0p5x3,rough_permeable_concrete,rough,low,wifi_baseline,2,none,0.5,3,rough,0.064,-0.064,1.65,"2.1,2.1,2.1,2.1",-0.14,-0.14,1784560968.362369,422212562000000,422212562000000,422213312000000,422212937000000,750.0,2197.908,2197.908,422213.312,422213.312,,420015.0275,True,25,0,0,0,False,0,1007,894,2197908,2197909,2197908,-0.132741707,-0.132917602,237444,375131,11.41697,1.796697,-5.620031,-163.9887,155.3613,-46.47461,968.877,1.4025,15.38875,10.59875,12,-7,-51,53.33333,True,120,3,37.24857167,-80.41749467,12,0.69,,,,1337337,3504,848
120,True,,speed-low_surface-rough_permeable_concrete_latency-wifi_baseline_route-square0p5x3_attack-none_trial-2,square0p5x3,rough_permeable_concrete,rough,low,wifi_baseline,2,none,0.5,3,rough,0.064,-0.064,1.65,"2.1,2.1,2.1,2.1",-0.14,-0.14,1784560969.1336524,422213328000000,422213328000000,422213984000000,422213656000000,656.0,2198.661,2198.661,422213.984,422213.984,,420015.025,True,25,0,0,0,False,0,1007,895,2198661,2198663,2198661,-0.040671097,-0.060957215,238072,375775,11.41697,0.85075,0.885381,-163.6152,-81.45508,31.16211,1017.705,-1.035,-1.54875,0.22375,16,-9,-50,53.33333,True,874,3,37.24857167,-80.41749467,12,0.69,,,,1337727,3504,849
121,True,,speed-low_surface-rough_permeable_concrete_latency-wifi_baseline_route-square0p5x3_attack-none_trial-2,square0p5x3,rough_permeable_concrete,rough,low,wifi_baseline,2,none,0.5,3,rough,0.064,-0.064,1.65,"2.1,2.1,2.1,2.1",-0.14,-0.14,1784560969.8674634,422214062000000,422214062000000,422214843000000,422214452500000,781.0,2199.395,2199.395,422214.843,422214.843,,420015.0275,True,25,0,0,0,False,0,1007,896,2199395,2199397,2199395,0,0,238076,375806,11.41697,1.671099,-1.03944,-162.5156,13.75977,-3.505859,978.1543,-0.4725,-0.92375,-0.02625,17,-9,-51,53.33333,True,1608,3,37.24857167,-80.41749467,12,0.69,,,,1338092,3504,850
122,True,,speed-low_surface-rough_permeable_concrete_latency-wifi_baseline_route-square0p5x3_attack-none_trial-2,square0p5x3,rough_permeable_concrete,rough,low,wifi_baseline,2,none,0.5,3,rough,0.064,-0.064,1.65,"2.1,2.1,2.1,2.1",-0.14,-0.14,1784560970.7388759,422214937000000,422214937000000,422215656000000,422215296500000,719.0,2200.264,2200.264,422215.656,422215.656,,420015.029,True,25,0,0,0,False,0,1007,897,2200264,2200265,2200264,0,-0.064604004,238076,375867,11.41697,-0.349035,-2.506963,-165.747,62.09961,-170.9863,934.6973,-4.2225,0.70125,-19.08875,15,-9,-53,53.33333,True,113,3,37.24857333,-80.41749183,12,0.69,,,,1338535,3506,851
123,True,,speed-low_surface-rough_permeable_concrete_latency-wifi_baseline_route-square0p5x3_attack-none_trial-2,square0p5x3,rough_permeable_concrete,rough,low,wifi_baseline,2,none,0.5,3,rough,0.064,-0.064,1.65,"2.1,2.1,2.1,2.1",-0.14,-0.14,1784560971.5352213,422215734000000,422215734000000,422216406000000,422216070000000,672.0,2201.061,2201.061,422216.406,422216.406,,420015.029,True,25,0,0,0,False,0,1007,898,2201061,2201063,2201061,0.02145483,-0.064355314,238046,376284,11.41697,4.321302,-2.045103,-177.9844,11.80664,-13.75977,942.0215,-1.3475,4.82625,-28.40125,9,-10,-48,53.33333,True,91,3,37.248574,-80.41749133,12,0.69,,,,1338968,3508,852
124,True,,speed-low_surface-rough_permeable_concrete_latency-wifi_baseline_route-square0p5x3_attack-none_trial-2,square0p5x3,rough_permeable_concrete,rough,low,wifi_baseline,2,none,0.5,3,rough,0.064,-0.064,1.65,"2.1,2.1,2.1,2.1",-0.14,-0.14,1784560972.2519085,422216453000000,422216453000000,422217203000000,422216828000000,750.0,2201.778,2201.778,422217.203,422217.203,,420015.0325,True,25,0,0,0,False,0,1007,899,2201778,2201780,2201778,0.056458809,-0.05648707,237855,376595,11.41697,8.357295,-4.783975,176.7035,63.07617,46.29883,975.7129,3.6525,6.70125,-34.02625,5,-16,-52,52.77778,True,42,3,37.24857433,-80.417491,12,0.71,,,,1339320,3510,853
125,True,,speed-low_surface-rough_permeable_concrete_latency-wifi_baseline_route-square0p5x3_attack-none_trial-2,square0p5x3,rough_permeable_concrete,rough,low,wifi_baseline,2,none,0.5,3,rough,0.064,-0.064,1.65,"2.1,2.1,2.1,2.1",-0.14,-0.14,1784560973.0888004,422217296000000,422217296000000,422217968000000,422217632000000,672.0,2202.614,2202.614,422217.968,422217.968,,420015.0325,True,25,0,0,0,False,0,1007,900,2202614,2202616,2202614,0,-0.021494675,237600,376901,11.39718,14.07892,-6.368285,175.7276,4.482422,32.62695,986.9434,-0.2225,2.01375,-7.90125,0,-25,-52,53.33333,True,48,3,37.24857367,-80.417493,12,0.71,,,,1339780,3511,854
126,True,,speed-low_surface-rough_permeable_concrete_latency-wifi_baseline_route-square0p5x3_attack-none_trial-2,square0p5x3,rough_permeable_concrete,rough,low,wifi_baseline,2,none,0.5,3,rough,0.064,-0.064,1.65,"2.1,2.1,2.1,2.1",-0.14,-0.14,1784560973.878608,422218078000000,422218078000000,422218765000000,422218421500000,687.0,2203.43,2203.43,422218.765,422218.765,,420015.0325,True,25,0,0,0,False,0,1007,901,2203430,2203431,2203430,0,-0.022376967,237602,376958,11.39718,12.93576,-7.244467,-177.3134,-5.771484,2.353516,981.5723,-0.9725,0.51375,-1.33875,5,-26,-49,53.33333,True,16,3,37.248573,-80.41749317,12,0.71,,,,1340227,3512,855
127,True,,speed-low_surface-rough_permeable_concrete_latency-wifi_baseline_route-square0p5x3_attack-none_trial-2,square0p5x3,rough_permeable_concrete,rough,low,wifi_baseline,2,none,0.5,3,rough,0.064,-0.064,1.65,"2.1,2.1,2.1,2.1",-0.14,-0.14,1784560974.7367291,422218937000000,422218937000000,422219656000000,422219296500000,719.0,2204.267,2204.267,422219.656,422219.656,,420015.0295,True,25,0,0,0,False,0,1007,902,2204267,2204268,2204267,0,0,237602,376958,11.39718,11.67924,-8.619632,-171.3964,-2.841797,-0.087891,983.0371,-0.7225,0.38875,-0.15125,-3,-23,-51,53.33333,True,115,3,37.248573,-80.41749317,12,0.71,,,,1340630,3513,855
128,True,,speed-low_surface-rough_permeable_concrete_latency-wifi_baseline_route-square0p5x3_attack-none_trial-2,square0p5x3,rough_permeable_concrete,rough,low,wifi_baseline,2,none,0.5,3,rough,0.064,-0.064,1.65,"2.1,2.1,2.1,2.1",-0.14,-0.14,1784560975.5173495,422219718000000,422219718000000,422220437000000,422220077500000,719.0,2205.037,2205.037,422220.437,422220.437,,420015.0325,True,25,0,0,0,False,0,1007,903,2205037,2205039,2205037,0,-0.021494675,237602,376962,11.39718,11.62481,-10.86894,-166.3888,12.7832,-34.75586,983.0371,-0.035,0.76375,-5.71375,-4,-29,-48,53.33333,True,51,3,37.24857233,-80.41749367,12,0.69,,,,1341039,3515,856
129,True,,speed-low_surface-rough_permeable_concrete_latency-wifi_baseline_route-square0p5x3_attack-none_trial-2,square0p5x3,rough_permeable_concrete,rough,low,wifi_baseline,2,none,0.5,3,rough,0.064,-0.064,1.65,"2.1,2.1,2.1,2.1",-0.14,-0.14,1784560976.3005645,422220500000000,422220500000000,422221187000000,422220843500000,687.0,2205.821,2205.821,422221.187,422221.187,,420015.0295,True,25,0,0,0,False,0,1007,904,2205821,2205823,2205821,-0.085966419,-0.107458024,237660,377399,11.39718,12.69264,-11.05258,-162.1649,73.81836,19.93164,1025.518,0.7775,10.88875,-20.40125,-5,-32,-52,53.33333,True,122,3,37.24857133,-80.41749383,12,0.69,,,,1341454,3516,856
130,True,,speed-low_surface-rough_permeable_concrete_latency-wifi_baseline_route-square0p5x3_attack-none_trial-2,square0p5x3,rough_permeable_concrete,rough,low,wifi_baseline,2,none,0.5,3,rough,0.064,-0.064,1.65,"2.1,2.1,2.1,2.1",-0.14,-0.14,1784560977.027344,422221234000000,422221234000000,422221906000000,422221570000000,672.0,2206.563,2206.563,422221.906,422221.906,,420015.029,True,25,0,0,0,False,0,1007,905,2206563,2206565,2206563,-0.107442677,-0.128986477,238148,378043,11.39718,12.42807,-10.34325,-154.5925,-0.888672,80.9668,1032.842,-6.785,6.51375,-9.21375,-1,-31,-52,52.77778,True,32,3,37.24857,-80.41749317,12,0.69,,,,1341828,3517,857
131,True,,speed-low_surface-rough_permeable_concrete_latency-wifi_baseline_route-square0p5x3_attack-none_trial-2,square0p5x3,rough_permeable_concrete,rough,low,wifi_baseline,2,none,0.5,3,rough,0.064,-0.064,1.65,"2.1,2.1,2.1,2.1",-0.14,-0.14,1784560977.7363193,422221937000000,422221937000000,422222625000000,422222281000000,688.0,2207.275,2207.275,422222.625,422222.625,,420015.029,True,25,0,0,0,False,0,1007,906,2207275,2207276,2207275,-0.127241205,-0.14838533,238771,378715,11.39718,9.803467,-12.22027,-145.4342,33.7793,56.06445,901.9824,-0.2225,5.01375,-1.58875,-4,-34,-51,53.33333,True,743,3,37.24857,-80.41749317,12,0.69,,,,1342112,3517,858
132,True,,speed-low_surface-rough_permeable_concrete_latency-wifi_baseline_route-square0p5x3_attack-none_trial-2,square0p5x3,rough_permeable_concrete,rough,low,wifi_baseline,2,none,0.5,3,rough,0.064,-0.064,1.65,"2.1,2.1,2.1,2.1",-0.14,-0.14,1784560978.608238,422222812000000,422222812000000,422223484000000,422223148000000,672.0,2208.145,2208.145,422223.484,422223.484,,420015.0275,True,25,0,0,0,False,0,1007,907,2208145,2208146,2208145,-0.139038403,-0.139038403,239550,379542,11.39718,5.23391,-9.11819,-136.3783,15.22461,53.13477,1113.408,4.465,4.26375,-8.33875,-2,-30,-53,52.77778,True,73,3,37.24856817,-80.4174935,12,0.69,,,,1342606,3519,859
133,True,,speed-low_surface-rough_permeable_concrete_latency-wifi_baseline_route-square0p5x3_attack-none_trial-2,square0p5x3,rough_permeable_concrete,rough,low,wifi_baseline,2,none,0.5,3,rough,0.064,-0.064,1.65,"2.1,2.1,2.1,2.1",-0.14,-0.14,1784560979.55695,422223765000000,422223765000000,422224406000000,422224085500000,641.0,2209.081,2209.081,422224.406,422224.406,,420015.0225,True,25,0,0,0,False,0,1007,908,2209081,2209083,2209081,-0.1419651,-0.141907717,240390,380414,11.39718,5.029125,-10.79997,-124.1953,-41.9043,6.748047,1095.342,-4.66,-2.92375,3.03625,0,-45,-51,53.33333,True,136,3,37.24856733,-80.41749317,12,0.69,,,,1343188,3521,860
134,True,,speed-low_surface-rough_permeable_concrete_latency-wifi_baseline_route-square0p5x3_attack-none_trial-2,square0p5x3,rough_permeable_concrete,rough,low,wifi_baseline,2,none,0.5,3,rough,0.064,-0.064,1.65,"2.1,2.1,2.1,2.1",-0.14,-0.14,1784560980.2572236,422224453000000,422224453000000,422225171000000,422224812000000,718.0,2209.794,2209.794,422225.171,422225.187,,420015.0225,True,25,0,0,0,False,0,1007,909,2209794,2209795,2209794,-0.154569867,-0.132624703,241049,381098,11.39718,1.91557,-9.403935,-115.451,48.42773,-61.12305,814.0918,10.7775,10.51375,8.09875,-4,-34,-49,52.77778,True,62,3,37.248566,-80.41749283,12,0.69,,,,1343533,3523,861
135,True,,speed-low_surface-rough_permeable_concrete_latency-wifi_baseline_route-square0p5x3_attack-none_trial-2,square0p5x3,rough_permeable_concrete,rough,low,wifi_baseline,2,none,0.5,3,rough,0.064,-0.064,1.65,"2.1,2.1,2.1,2.1",-0.14,-0.14,1784560981.0692546,422225265000000,422225265000000,422225937000000,422225601000000,672.0,2210.607,2210.607,422225.937,422225.953,,420015.019,True,25,0,0,0,False,0,1007,910,2210607,2210609,2210607,-0.021494675,-0.042958665,241704,381783,11.39718,0.444896,-4.804267,-101.9198,28.89648,-16.68945,958.623,0.965,1.26375,-5.77625,-3,-32,-51,53.33333,True,74,3,37.24856517,-80.4174925,12,0.69,,,,1343972,3524,862
136,True,,speed-low_surface-rough_permeable_concrete_latency-wifi_baseline_route-square0p5x3_attack-none_trial-2,square0p5x3,rough_permeable_concrete,rough,low,wifi_baseline,2,none,0.5,3,rough,0.064,-0.064,1.65,"2.1,2.1,2.1,2.1",-0.14,-0.14,1784560981.8740609,422226078000000,422226078000000,422226828000000,422226453000000,750.0,2211.405,2211.405,422226.828,422226.828,,420015.019,True,25,0,0,0,False,0,1007,911,2211405,2211407,2211405,0,-0.021491605,241705,381839,11.39718,-0.344311,-3.170634,-100.8664,24.50195,-15.71289,982.0605,-0.4725,1.07625,-0.96375,2,-38,-51,53.33333,True,872,3,37.24856517,-80.4174925,12,0.69,,,,1344399,3524,863
137,True,,speed-low_surface-rough_permeable_concrete_latency-wifi_baseline_route-square0p5x3_attack-none_trial-2,square0p5x3,rough_permeable_concrete,rough,low,wifi_baseline,2,none,0.5,3,rough,0.064,-0.064,1.65,"2.1,2.1,2.1,2.1",-0.14,-0.14,1784560982.7388318,422226937000000,422226937000000,422227640000000,422227288500000,703.0,2212.283,2212.283,422227.64,422227.64,,420015.018,True,25,0,0,0,False,0,1007,912,2212283,2212284,2212283,0,-0.046324731,241705,382042,11.39718,0.112659,-2.146459,-102.7961,-12.11914,2.353516,971.3184,-0.285,-0.48625,-15.27625,3,-39,-51,53.33333,True,131,3,37.24856533,-80.41749233,12,0.69,,,,1344832,3526,864
138,True,,speed-low_surface-rough_permeable_concrete_latency-wifi_baseline_route-square0p5x3_attack-none_trial-2,square0p5x3,rough_permeable_concrete,rough,low,wifi_baseline,2,none,0.5,3,rough,0.064,-0.064,1.65,"2.1,2.1,2.1,2.1",-0.14,-0.14,1784560983.7435932,422227937000000,422227937000000,422228671000000,422228304000000,734.0,2213.27,2213.27,422228.671,422228.671,,420015.018,True,25,0,0,0,False,0,1007,913,2213270,2213271,2213270,0.021503891,-0.064631755,241648,382418,11.35821,-0.008922,-3.837752,-110.5264,8.876953,-20.10742,948.8574,-0.035,-0.36125,-29.40125,7,-48,-45,53.33333,True,167,3,37.24856567,-80.41749233,12,0.69,,,,1345324,3528,865
139,True,,speed-low_surface-rough_permeable_concrete_latency-wifi_baseline_route-square0p5x3_attack-none_trial-2,square0p5x3,rough_permeable_concrete,rough,low,wifi_baseline,2,none,0.5,3,rough,0.064,-0.064,1.65,"2.1,2.1,2.1,2.1",-0.14,-0.14,1784560984.5377474,422228734000000,422228734000000,422229484000000,422229109000000,750.0,2214.077,2214.077,422229.484,422229.484,,420015.018,True,25,0,0,0,False,0,1007,914,2214077,2214079,2214077,0.021494675,-0.042970934,241396,382769,11.35821,3.607748,-3.085059,-116.9883,-13.0957,-9.853516,1005.01,-0.41,0.32625,-30.96375,11,-49,-49,53.33333,True,60,3,37.24856617,-80.4174915,12,0.71,,,,1345771,3530,866
140,True,,speed-low_surface-rough_permeable_concrete_latency-wifi_baseline_route-square0p5x3_attack-none_trial-2,square0p5x3,rough_permeable_concrete,rough,low,wifi_baseline,2,none,0.5,3,rough,0.064,-0.064,1.65,"2.1,2.1,2.1,2.1",-0.14,-0.14,1784560985.318762,422229515000000,422229515000000,422230203000000,422229859000000,688.0,2214.844,2214.844,422230.203,422230.203,,420015.018,True,25,0,0,0,False,0,1007,915,2214844,2214846,2214844,0,0,241319,382955,11.35821,2.262913,-2.126881,-113.2951,-25.79102,29.69727,982.5488,-1.035,0.45125,-0.40125,14,-51,-51,53.33333,True,98,3,37.24856667,-80.4174905,12,0.74,,,,1346170,3532,867
141,True,,speed-low_surface-rough_permeable_concrete_latency-wifi_baseline_route-square0p5x3_attack-none_trial-2,square0p5x3,rough_permeable_concrete,rough,low,wifi_baseline,2,none,0.5,3,rough,0.064,-0.064,1.65,"2.1,2.1,2.1,2.1",-0.14,-0.14,1784560986.0528264,422230250000000,422230250000000,422230921000000,422230585500000,671.0,2215.577,2215.577,422230.921,422230.921,,420015.018,True,25,0,0,0,False,0,1007,916,2215577,2215578,2215577,0,0,241319,382955,11.35821,0.56979,-1.783674,-109.6745,8.388672,1.376953,981.5723,0.09,-0.61125,0.03625,13,-49,-49,52.77778,True,830,3,37.24856667,-80.4174905,12,0.74,,,,1346533,3532,868
142,True,,speed-low_surface-rough_permeable_concrete_latency-wifi_baseline_route-square0p5x3_attack-none_trial-2,square0p5x3,rough_permeable_concrete,rough,low,wifi_baseline,2,none,0.5,3,rough,0.064,-0.064,1.65,"2.1,2.1,2.1,2.1",-0.14,-0.14,1784560986.8563173,422231062000000,422231062000000,422231750000000,422231406000000,688.0,2216.389,2216.389,422231.75,422231.75,,420015.018,True,25,0,0,0,False,0,1007,917,2216389,2216391,2216389,0,0,241319,382955,11.35821,0.31904,-1.984547,-108.3559,7.900391,0.400391,980.1074,-0.785,-0.98625,-0.40125,13,-49,-48,52.77778,True,1643,3,37.24856667,-80.4174905,12,0.74,,,,1346946,3532,869
143,True,,speed-low_surface-rough_permeable_concrete_latency-wifi_baseline_route-square0p5x3_attack-none_trial-2,square0p5x3,rough_permeable_concrete,rough,low,wifi_baseline,2,none,0.5,3,rough,0.064,-0.064,1.65,"2.1,2.1,2.1,2.1",-0.14,-0.14,1784560987.7392888,422231937000000,422231937000000,422232656000000,422232296500000,719.0,2217.324,2217.324,422232.656,422232.656,,420015.017,True,25,0,0,0,False,0,1007,918,2217324,2217325,2217324,-0.020228922,-0.080883067,241324,383006,11.35821,1.76043,-5.198218,-115.9248,55.75195,51.66992,1060.674,2.0275,-3.79875,-20.27625,14,-50,-51,53.88889,True,176,3,37.24856683,-80.41749067,12,0.71,,,,1347357,3534,870
144,True,,speed-low_surface-rough_permeable_concrete_latency-wifi_baseline_route-square0p5x3_attack-none_trial-2,square0p5x3,rough_permeable_concrete,rough,low,wifi_baseline,2,none,0.5,3,rough,0.064,-0.064,1.65,"2.1,2.1,2.1,2.1",-0.14,-0.14,1784560988.8404262,422233046000000,422233046000000,422233796000000,422233421000000,750.0,2218.36,2218.36,422233.796,422233.796,,420015.017,True,25,0,0,0,False,0,1007,919,2218360,2218362,2218360,-0.12896805,-0.128949629,241815,383819,11.35821,-2.423799,-5.090193,-116.0999,123.623,-72.35352,945.9277,4.34,-9.36125,-18.08875,21,-50,-49,53.33333,True,231,3,37.24856717,-80.41749083,12,0.71,,,,1347839,3536,871
145,True,,speed-low_surface-rough_permeable_concrete_latency-wifi_baseline_route-square0p5x3_attack-none_trial-2,square0p5x3,rough_permeable_concrete,rough,low,wifi_baseline,2,none,0.5,3,rough,0.064,-0.064,1.65,"2.1,2.1,2.1,2.1",-0.14,-0.14,1784560989.7138493,422233921000000,422233921000000,422234609000000,422234265000000,688.0,2219.237,2219.237,422234.609,422234.609,,420015.018,True,25,0,0,0,False,0,1007,920,2219237,2219238,2219237,-0.126705453,-0.147843778,242568,384659,11.35821,-2.428437,-2.191057,-116.887,55.26367,-143.6426,1038.213,5.7775,-18.86125,-10.46375,21,-44,-53,53.33333,True,89,3,37.248568,-80.417491,12,0.71,,,,1348283,3538,871
146,True,,speed-low_surface-rough_permeable_concrete_latency-wifi_baseline_route-square0p5x3_attack-none_trial-2,square0p5x3,rough_permeable_concrete,rough,low,wifi_baseline,2,none,0.5,3,rough,0.064,-0.064,1.65,"2.1,2.1,2.1,2.1",-0.14,-0.14,1784560990.8164823,422235015000000,422235015000000,422235734000000,422235374500000,719.0,2220.339,2220.339,422235.734,422235.734,,420015.018,True,25,0,0,0,False,0,1007,921,2220339,2220340,2220339,-0.148030791,-0.147968401,243562,385737,11.35821,-0.68896,-0.599087,-117.0932,24.99023,-26.45508,673.9551,-5.41,3.07625,4.91125,22,-48,-49,52.77778,True,295,3,37.24856867,-80.41749167,12,0.69,,,,1348875,3540,872
147,True,,speed-low_surface-rough_permeable_concrete_latency-wifi_baseline_route-square0p5x3_attack-none_trial-2,square0p5x3,rough_permeable_concrete,rough,low,wifi_baseline,2,none,0.5,3,rough,0.064,-0.064,1.65,"2.1,2.1,2.1,2.1",-0.14,-0.14,1784560991.7390878,422235937000000,422235937000000,422236656000000,422236296500000,719.0,2221.262,2221.262,422236.656,422236.656,,420015.018,True,25,0,0,0,False,0,1007,922,2221262,2221263,2221262,-0.150398269,-0.150312413,244438,386653,11.35821,-1.084295,0.948589,-117.2683,-3.330078,-37.68555,863.4082,-4.785,-2.48625,1.34875,25,-49,-48,53.33333,True,117,3,37.24856867,-80.41749333,12,0.71,,,,1349338,3542,873
148,True,,speed-low_surface-rough_permeable_concrete_latency-wifi_baseline_route-square0p5x3_attack-none_trial-2,square0p5x3,rough_permeable_concrete,rough,low,wifi_baseline,2,none,0.5,3,rough,0.064,-0.064,1.65,"2.1,2.1,2.1,2.1",-0.14,-0.14,1784560992.491798,422236687000000,422236687000000,422237375000000,422237031000000,688.0,2222.02,2222.02,422237.375,422237.375,,420015.018,True,25,0,0,0,False,0,1007,923,2222020,2222022,2222020,-0.12896805,-0.107473375,245146,387365,11.35821,-2.707363,0.294013,-119.1663,-44.3457,6.748047,839.9707,1.715,9.70125,-11.33875,25,-46,-49,53.33333,True,59,3,37.24856817,-80.4174955,12,0.71,,,,1349733,3544,874
149,True,,speed-low_surface-rough_permeable_concrete_latency-wifi_baseline_route-square0p5x3_attack-none_trial-2,square0p5x3,rough_permeable_concrete,rough,low,wifi_baseline,2,none,0.5,3,rough,0.064,-0.064,1.65,"2.1,2.1,2.1,2.1",-0.14,-0.14,1784560993.7910314,422238000000000,422238000000000,422238703000000,422238351500000,703.0,2223.325,2223.325,422238.703,422238.703,,420015.018,True,25,0,0,0,False,0,1007,924,2223325,2223326,2223325,0,0,245480,387732,11.41301,-0.703755,-0.859969,-119.2636,7.900391,-9.853516,981.5723,-0.5975,-0.04875,0.22375,26,-47,-48,53.33333,True,431,3,37.248567,-80.41749833,12,0.69,,,,1350522,3546,874
150,True,,speed-low_surface-rough_permeable_concrete_latency-wifi_baseline_route-square0p5x3_attack-none_trial-2,square0p5x3,rough_permeable_concrete,rough,low,wifi_baseline,2,none,0.5,3,rough,0.064,-0.064,1.65,"2.1,2.1,2.1,2.1",-0.14,-0.14,1784560994.7075374,422238906000000,422238906000000,422239625000000,422239265500000,719.0,2224.227,2224.227,422239.625,422239.625,,420015.018,True,25,0,0,0,False,0,1007,925,2224227,2224228,2224227,0,-0.021494675,245480,387739,11.41301,-1.128057,-2.089715,-120.8627,21.57227,1.865234,996.2207,-1.41,-2.61125,-6.27625,27,-49,-45,53.33333,True,97,3,37.24856633,-80.41749917,12,0.71,,,,1350985,3548,875
151,True,,speed-low_surface-rough_permeable_concrete_latency-wifi_baseline_route-square0p5x3_attack-none_trial-2,square0p5x3,rough_permeable_concrete,rough,low,wifi_baseline,2,none,0.5,3,rough,0.064,-0.064,1.65,"2.1,2.1,2.1,2.1",-0.14,-0.14,1784560995.730674,422239937000000,422239937000000,422240578000000,422240257500000,641.0,2225.254,2225.254,422240.578,422240.578,,420015.018,True,25,0,0,0,False,0,1007,926,2225254,2225255,2225254,0,-0.042276686,245480,387897,11.41301,-1.22845,-1.327493,-125.1556,37.68555,-23.52539,963.5059,-1.035,-3.23625,-15.96375,30,-48,-47,52.77778,True,220,3,37.248566,-80.41749933,12,0.71,,,,1351573,3550,876
152,True,,speed-low_surface-rough_permeable_concrete_latency-wifi_baseline_route-square0p5x3_attack-none_trial-2,square0p5x3,rough_permeable_concrete,rough,low,wifi_baseline,2,none,0.5,3,rough,0.064,-0.064,1.65,"2.1,2.1,2.1,2.1",-0.14,-0.14,1784560996.4358795,422240640000000,422240640000000,422241359000000,422240999500000,719.0,2225.962,2225.962,422241.359,422241.359,,420015.018,True,25,0,0,0,False,0,1007,927,2225962,2225964,2225962,0,-0.085782625,245476,388237,11.41301,-1.043758,-1.851626,-133.9034,32.31445,-6.923828,955.6934,-2.0975,-2.17375,-30.52625,38,-43,-47,53.33333,True,57,3,37.248566,-80.41749917,12,0.76,,,,1351913,3552,877
153,True,,speed-low_surface-rough_permeable_concrete_latency-wifi_baseline_route-square0p5x3_attack-none_trial-2,square0p5x3,rough_permeable_concrete,rough,low,wifi_baseline,2,none,0.5,3,rough,0.064,-0.064,1.65,"2.1,2.1,2.1,2.1",-0.14,-0.14,1784560997.7800946,422241968000000,422241984000000,422242703000000,422242343500000,719.0,2227.296,2227.296,422242.703,422242.703,,420015.018,True,25,0,0,0,False,0,1007,928,2227296,2227298,2227296,0,0,245455,388564,11.41301,0.203584,-1.370317,-130.2702,7.412109,-1.552734,978.6426,-0.785,-0.86125,-0.27625,33,-42,-50,53.33333,True,409,3,37.24856617,-80.4174995,12,0.74,,,,1352755,3554,877
154,True,,speed-low_surface-rough_permeable_concrete_latency-wifi_baseline_route-square0p5x3_attack-none_trial-2,square0p5x3,rough_permeable_concrete,rough,low,wifi_baseline,2,none,0.5,3,rough,0.064,-0.064,1.65,"2.1,2.1,2.1,2.1",-0.14,-0.14,1784560998.6497076,422242843000000,422242843000000,422243515000000,422243179000000,672.0,2228.168,2228.168,422243.515,422243.515,,420015.017,True,25,0,0,0,False,0,1007,929,2228168,2228169,2228168,0,0,245455,388560,11.41301,0.104297,-0.867638,-129.9964,4.970703,-3.017578,977.666,-0.41,0.13875,0.91125,32,-40,-50,53.33333,True,68,3,37.24856633,-80.41749933,12,0.69,,,,1353218,3556,878
155,True,,speed-low_surface-rough_permeable_concrete_latency-wifi_baseline_route-square0p5x3_attack-none_trial-2,square0p5x3,rough_permeable_concrete,rough,low,wifi_baseline,2,none,0.5,3,rough,0.064,-0.064,1.65,"2.1,2.1,2.1,2.1",-0.14,-0.14,1784560999.635269,422243843000000,422243843000000,422244531000000,422244187000000,688.0,2229.166,2229.166,422244.531,422244.531,,420015.018,True,25,0,0,0,False,0,1007,930,2229166,2229167,2229166,0,0,245455,388560,11.41301,-0.040355,-0.462844,-129.8602,3.505859,0.400391,979.6191,0.215,1.32625,0.97375,32,-37,-50,52.77778,True,193,3,37.2485665,-80.41749917,12,0.69,,,,1353810,3558,879
156,True,,speed-low_surface-rough_permeable_concrete_latency-wifi_baseline_route-square0p5x3_attack-none_trial-2,square0p5x3,rough_permeable_concrete,rough,low,wifi_baseline,2,none,0.5,3,rough,0.064,-0.064,1.65,"2.1,2.1,2.1,2.1",-0.14,-0.14,1784561000.6396563,422244843000000,422244843000000,422245500000000,422245171500000,657.0,2230.17,2230.17,422245.5,422245.5,,420015.018,True,25,0,0,0,False,0,1007,931,2230170,2230171,2230170,0,-0.021108688,245455,388564,11.41301,-0.339102,-1.915946,-131.1866,50.38086,-7.900391,976.6895,-0.66,-0.98625,-5.71375,38,-44,-48,52.77778,True,200,3,37.24856683,-80.41749883,12,0.69,,,,1354402,3560,880
157,True,,speed-low_surface-rough_permeable_concrete_latency-wifi_baseline_route-square0p5x3_attack-none_trial-2,square0p5x3,rough_permeable_concrete,rough,low,wifi_baseline,2,none,0.5,3,rough,0.064,-0.064,1.65,"2.1,2.1,2.1,2.1",-0.14,-0.14,1784561001.654115,422245859000000,422245859000000,422246593000000,422246226000000,734.0,2231.203,2231.203,422246.593,422246.593,,420015.02099999995,True,25,0,0,0,False,0,1007,932,2231203,2231204,2231203,-0.063343836,-0.168845813,245477,389415,11.41301,3.529876,-0.561779,-152.7704,0.576172,86.33789,1118.291,0.2775,-7.04875,-26.46375,33,-24,-50,52.77778,True,228,3,37.24856733,-80.41749867,12,0.69,,,,1354994,3562,881
158,True,,speed-low_surface-rough_permeable_concrete_latency-wifi_baseline_route-square0p5x3_attack-none_trial-2,square0p5x3,rough_permeable_concrete,rough,low,wifi_baseline,2,none,0.5,3,rough,0.064,-0.064,1.65,"2.1,2.1,2.1,2.1",-0.14,-0.14,1784561002.8032837,422247000000000,422247000000000,422247718000000,422247359000000,718.0,2232.344,2232.344,422247.718,422247.718,,420015.02099999995,True,25,0,0,0,False,0,1007,933,2232344,2232345,2232344,-0.13871794,-0.13871794,246250,390490,11.41301,2.028245,0.143663,-158.3346,-17.00195,-3.994141,740.8496,-0.8475,2.51375,-8.02625,34,-17,-50,53.33333,True,336,3,37.24856783,-80.41749867,12,0.69,,,,1355591,3564,882
159,True,,speed-low_surface-rough_permeable_concrete_latency-wifi_baseline_route-square0p5x3_attack-none_trial-2,square0p5x3,rough_permeable_concrete,rough,low,wifi_baseline,2,none,0.5,3,rough,0.064,-0.064,1.65,"2.1,2.1,2.1,2.1",-0.14,-0.14,1784561003.7212899,422247921000000,422247921000000,422248640000000,422248280500000,719.0,2233.26,2233.26,422248.64,422248.64,,420015.02099999995,True,25,0,0,0,False,0,1007,934,2233260,2233261,2233260,-0.138654024,-0.161738187,247033,391372,11.37693,-2.311821,-1.575112,-157.1289,28.4082,-191.4941,730.5957,8.965,10.88875,-12.52625,31,-17,-50,53.33333,True,113,3,37.2485685,-80.41749833,12,0.69,,,,1356051,3566,883
160,True,,speed-low_surface-rough_permeable_concrete_latency-wifi_baseline_route-square0p5x3_attack-none_trial-2,square0p5x3,rough_permeable_concrete,rough,low,wifi_baseline,2,none,0.5,3,rough,0.064,-0.064,1.65,"2.1,2.1,2.1,2.1",-0.14,-0.14,1784561004.5042837,422248703000000,422248703000000,422249390000000,422249046500000,687.0,2234.034,2234.034,422249.39,422249.39,,420015.02099999995,True,25,0,0,0,False,0,1007,935,2234034,2234036,2234034,-0.142348841,-0.142252711,247726,392136,11.37693,3.502311,-1.925982,-150.041,6.435547,28.7207,887.8223,-2.0975,3.82625,4.47375,26,-23,-48,53.33333,True,99,3,37.24856917,-80.41749733,12,0.69,,,,1356460,3568,884
161,True,,speed-low_surface-rough_permeable_concrete_latency-wifi_baseline_route-square0p5x3_attack-none_trial-2,square0p5x3,rough_permeable_concrete,rough,low,wifi_baseline,2,none,0.5,3,rough,0.064,-0.064,1.65,"2.1,2.1,2.1,2.1",-0.14,-0.14,1784561005.7074037,422249906000000,422249906000000,422250578000000,422250242000000,672.0,2235.229,2235.229,422250.578,422250.578,,420015.0205,True,25,0,0,0,False,0,1007,936,2235229,2235231,2235229,-0.107473375,-0.12896805,248838,393310,11.37693,-0.340985,2.534562,-153.0281,-53.62305,8.701172,948.3691,-3.16,1.76375,4.03625,35,-12,-47,53.33333,True,334,3,37.24856983,-80.41749583,12,0.69,,,,1357239,3570,884
162,True,,speed-low_surface-rough_permeable_concrete_latency-wifi_baseline_route-square0p5x3_attack-none_trial-2,square0p5x3,rough_permeable_concrete,rough,low,wifi_baseline,2,none,0.5,3,rough,0.064,-0.064,1.65,"2.1,2.1,2.1,2.1",-0.14,-0.14,1784561006.7898097,422250984000000,422250984000000,422251640000000,422251312000000,656.0,2236.311,2236.311,422251.64,422251.64,,420015.0205,True,25,0,0,0,False,0,1007,937,2236311,2236312,2236311,0,-0.021494675,249185,393686,11.37693,1.373848,-1.028987,-157.3444,25.47852,1.865234,972.2949,0.6525,1.26375,-14.90125,36,-21,-47,53.33333,True,275,3,37.24857033,-80.41749433,12,0.69,,,,1357833,3572,885
163,True,,speed-low_surface-rough_permeable_concrete_latency-wifi_baseline_route-square0p5x3_attack-none_trial-2,square0p5x3,rough_permeable_concrete,rough,low,wifi_baseline,2,none,0.5,3,rough,0.064,-0.064,1.65,"2.1,2.1,2.1,2.1",-0.14,-0.14,1784561007.6741512,422251875000000,422251875000000,422252546000000,422252210500000,671.0,2237.218,2237.218,422252.546,422252.546,,420015.017,True,25,0,0,0,False,0,1007,938,2237218,2237219,2237218,0,-0.069487096,249185,393957,11.37693,2.519755,-1.346667,-161.6284,7.412109,29.20898,975.7129,-0.7225,-2.67375,-17.08875,31,-15,-48,52.77778,True,102,3,37.24857017,-80.41749367,12,0.69,,,,1358296,3574,886
164,True,,speed-low_surface-rough_permeable_concrete_latency-wifi_baseline_route-square0p5x3_attack-none_trial-2,square0p5x3,rough_permeable_concrete,rough,low,wifi_baseline,2,none,0.5,3,rough,0.064,-0.064,1.65,"2.1,2.1,2.1,2.1",-0.14,-0.14,1784561008.7000701,422252906000000,422252906000000,422253546000000,422253226000000,640.0,2238.221,2238.221,422253.546,422253.546,,420015.015,True,25,0,0,0,False,0,1007,939,2238221,2238222,2238221,0.021510039,-0.06464101,249121,394322,11.37693,1.238204,0.129273,-167.1357,-35.06836,67.29492,1129.033,2.2775,2.88875,-26.02625,28,-6,-48,52.77778,True,196,3,37.24857017,-80.417493,12,0.69,,,,1358888,3576,887
165,True,,speed-low_surface-rough_permeable_concrete_latency-wifi_baseline_route-square0p5x3_attack-none_trial-2,square0p5x3,rough_permeable_concrete,rough,low,wifi_baseline,2,none,0.5,3,rough,0.064,-0.064,1.65,"2.1,2.1,2.1,2.1",-0.14,-0.14,1784561009.7057402,422253906000000,422253906000000,422254609000000,422254257500000,703.0,2239.245,2239.245,422254.609,422254.609,,420015.015,True,25,0,0,0,False,0,1007,940,2239245,2239246,2239245,0.023133875,-0.069390957,248807,394695,11.37693,0.812,-0.128336,-178.1493,34.26758,19.44336,962.5293,-0.8475,-1.36125,-27.96375,15,-3,-48,52.77778,True,216,3,37.24857017,-80.41749183,12,0.69,,,,1359480,3578,888
166,True,,speed-low_surface-rough_permeable_concrete_latency-wifi_baseline_route-square0p5x3_attack-none_trial-2,square0p5x3,rough_permeable_concrete,rough,low,wifi_baseline,2,none,0.5,3,rough,0.064,-0.064,1.65,"2.1,2.1,2.1,2.1",-0.14,-0.14,1784561010.7965028,422255000000000,422255000000000,422255671000000,422255335500000,671.0,2240.347,2240.347,422255.671,422255.687,,420015.015,True,25,0,0,0,False,0,1007,941,2240347,2240349,2240347,0,0,248686,394911,11.37693,2.254683,-0.261312,-175.7607,-3.330078,-3.994141,980.5957,-1.41,-1.04875,-0.33875,9,-6,-50,52.77778,True,296,3,37.248571,-80.41749,12,0.71,,,,1360073,3580,889
167,True,,speed-low_surface-rough_permeable_concrete_latency-wifi_baseline_route-square0p5x3_attack-none_trial-2,square0p5x3,rough_permeable_concrete,rough,low,wifi_baseline,2,none,0.5,3,rough,0.064,-0.064,1.65,"2.1,2.1,2.1,2.1",-0.14,-0.14,1784561011.7066925,422255906000000,422255906000000,422256640000000,422256273000000,734.0,2241.24,2241.24,422256.64,422256.64,,420015.015,True,25,0,0,0,False,0,1007,942,2241240,2241241,2241240,0,0,248686,394911,11.37693,1.662549,-0.010987,-175.0172,-8.701172,-8.388672,980.5957,-0.66,0.20125,-0.15125,9,-5,-51,52.77778,True,93,3,37.24857167,-80.417488,12,0.71,,,,1360527,3582,890
168,True,,speed-low_surface-rough_permeable_concrete_latency-wifi_baseline_route-square0p5x3_attack-none_trial-2,square0p5x3,rough_permeable_concrete,rough,low,wifi_baseline,2,none,0.5,3,rough,0.064,-0.064,1.65,"2.1,2.1,2.1,2.1",-0.14,-0.14,1784561012.7203817,422256921000000,422256921000000,422257578000000,422257249500000,657.0,2242.25,2242.25,422257.578,422257.578,,420015.015,True,25,0,0,0,False,0,1007,943,2242250,2242251,2242250,0,-0.021522347,248686,394918,11.37693,2.73327,-2.458386,-174.8715,49.89258,-8.876953,963.9941,-0.7225,1.88875,-10.83875,12,-8,-48,52.77778,True,203,3,37.24857183,-80.41748667,12,0.74,,,,1361111,3584,891
169,True,,speed-low_surface-rough_permeable_concrete_latency-wifi_baseline_route-square0p5x3_attack-none_trial-2,square0p5x3,rough_permeable_concrete,rough,low,wifi_baseline,2,none,0.5,3,rough,0.064,-0.064,1.65,"2.1,2.1,2.1,2.1",-0.14,-0.14,1784561013.4322112,422257625000000,422257640000000,422258296000000,422257968000000,656.0,2242.962,2242.962,422258.296,422258.296,,420015.01300000004,True,25,0,0,0,False,0,1007,944,2242962,2242964,2242962,-0.041020372,-0.102481082,248706,395344,11.37693,6.28042,-3.692157,178.5375,-7.236328,58.99414,986.4551,-1.785,-1.29875,-14.15125,5,-10,-48,52.77778,True,78,3,37.24857217,-80.41748533,12,0.74,,,,1361451,3586,892
170,True,,speed-low_surface-rough_permeable_concrete_latency-wifi_baseline_route-square0p5x3_attack-none_trial-2,square0p5x3,rough_permeable_concrete,rough,low,wifi_baseline,2,none,0.5,3,rough,0.064,-0.064,1.65,"2.1,2.1,2.1,2.1",-0.14,-0.14,1784561014.7086232,422258906000000,422258906000000,422259562000000,422259234000000,656.0,2244.231,2244.231,422259.562,422259.562,,420015.0125,True,25,0,0,0,False,0,1007,945,2244231,2244232,2244231,-0.107473375,-0.12896805,249323,396343,11.38505,10.91893,-5.31264,176.6532,51.8457,70.71289,893.1934,-0.7225,-2.92375,-4.33875,2,-18,-52,52.77778,True,329,3,37.2485715,-80.41748483,12,0.71,,,,1362287,3588,892
171,True,,speed-low_surface-rough_permeable_concrete_latency-wifi_baseline_route-square0p5x3_attack-none_trial-2,square0p5x3,rough_permeable_concrete,rough,low,wifi_baseline,2,none,0.5,3,rough,0.064,-0.064,1.65,"2.1,2.1,2.1,2.1",-0.14,-0.14,1784561015.804358,422260000000000,422260000000000,422260718000000,422260359000000,718.0,2245.334,2245.334,422260.718,422260.718,,420015.0125,True,25,0,0,0,False,0,1007,946,2245334,2245335,2245334,-0.12700849,-0.148114059,250202,397379,11.38505,9.689965,-5.494008,178.4389,-75.10742,35.06836,1146.611,0.09,2.45125,-1.58875,2,-17,-49,52.77778,True,296,3,37.2485695,-80.41748583,12,0.69,,,,1362881,3590,893
172,True,,speed-low_surface-rough_permeable_concrete_latency-wifi_baseline_route-square0p5x3_attack-none_trial-2,square0p5x3,rough_permeable_concrete,rough,low,wifi_baseline,2,none,0.5,3,rough,0.064,-0.064,1.65,"2.1,2.1,2.1,2.1",-0.14,-0.14,1784561016.6897674,422260890000000,422260890000000,422261546000000,422261218000000,656.0,2246.21,2246.21,422261.546,422261.546,,420015.0125,True,25,0,0,0,False,0,1007,947,2246210,2246211,2246210,-0.150462725,-0.150462725,251005,398244,11.38505,7.774035,-6.948117,-179.2636,28.4082,-42.08008,894.1699,-3.3475,4.13875,1.09875,-7,-13,-51,52.77778,True,71,3,37.24856767,-80.41748667,12,0.69,,,,1363346,3592,894
173,True,,speed-low_surface-rough_permeable_concrete_latency-wifi_baseline_route-square0p5x3_attack-none_trial-2,square0p5x3,rough_permeable_concrete,rough,low,wifi_baseline,2,none,0.5,3,rough,0.064,-0.064,1.65,"2.1,2.1,2.1,2.1",-0.14,-0.14,1784561017.6934526,422261890000000,422261890000000,422262531000000,422262210500000,641.0,2247.215,2247.215,422262.531,422262.531,,420015.0125,True,25,0,0,0,False,0,1007,948,2247215,2247216,2247215,-0.107473375,-0.12896805,251948,399215,11.38505,11.76909,-8.092884,-173.0365,-24.81445,-59.16992,844.3652,-1.7225,7.95125,-0.15125,3,-27,-45,52.77778,True,199,3,37.24856683,-80.41748633,12,0.71,,,,1363940,3594,895
174,True,,speed-low_surface-rough_permeable_concrete_latency-wifi_baseline_route-square0p5x3_attack-none_trial-2,square0p5x3,rough_permeable_concrete,rough,low,wifi_baseline,2,none,0.5,3,rough,0.064,-0.064,1.65,"2.1,2.1,2.1,2.1",-0.14,-0.14,1784561018.6999366,422262906000000,422262906000000,422263562000000,422263234000000,656.0,2248.231,2248.231,422263.562,422263.562,,420015.011,True,25,0,0,0,False,0,1007,949,2248231,2248232,2248231,-0.023027659,0,252301,399604,11.38505,8.313128,-2.316386,-168.6533,-93.17383,-34.26758,997.6855,-0.5975,-0.23625,-1.02625,4,-18,-48,53.33333,True,210,3,37.24856633,-80.4174855,12,0.71,,,,1364532,3596,896
175,True,,speed-low_surface-rough_permeable_concrete_latency-wifi_baseline_route-square0p5x3_attack-none_trial-2,square0p5x3,rough_permeable_concrete,rough,low,wifi_baseline,2,none,0.5,3,rough,0.064,-0.064,1.65,"2.1,2.1,2.1,2.1",-0.14,-0.14,1784561019.7964268,422264000000000,422264000000000,422264718000000,422264359000000,718.0,2249.313,2249.313,422264.718,422264.718,,420015.011,True,25,0,0,0,False,0,1007,950,2249313,2249314,2249313,0,-0.021494675,252301,399617,11.38505,7.474554,-5.116721,-160.6454,-25.30273,-16.68945,986.4551,-0.285,-1.67375,-6.27625,5,-21,-52,52.77778,True,275,3,37.248566,-80.4174855,12,0.69,,,,1365126,3598,897
176,True,,speed-low_surface-rough_permeable_concrete_latency-wifi_baseline_route-square0p5x3_attack-none_trial-2,square0p5x3,rough_permeable_concrete,rough,low,wifi_baseline,2,none,0.5,3,rough,0.064,-0.064,1.65,"2.1,2.1,2.1,2.1",-0.14,-0.14,1784561020.6639605,422264859000000,422264859000000,422265515000000,422265187000000,656.0,2250.185,2250.185,422265.515,422265.515,,420015.011,True,25,0,0,0,False,0,1007,951,2250185,2250186,2250185,0,-0.043020079,252301,399759,11.38505,8.045194,-5.850653,-159.339,-31.65039,1.865234,964.9707,0.0275,-2.11125,-12.15125,5,-21,-47,52.77778,True,67,3,37.24856583,-80.41748583,12,0.71,,,,1365587,3600,898
177,True,,speed-low_surface-rough_permeable_concrete_latency-wifi_baseline_route-square0p5x3_attack-none_trial-2,square0p5x3,rough_permeable_concrete,rough,low,wifi_baseline,2,none,0.5,3,rough,0.064,-0.064,1.65,"2.1,2.1,2.1,2.1",-0.14,-0.14,1784561021.6654422,422265859000000,422265859000000,422266531000000,422266195000000,672.0,2251.193,2251.193,422266.531,422266.531,,420015.008,True,25,0,0,0,False,0,1007,952,2251193,2251195,2251193,0.021494675,-0.064484025,252256,400096,11.38505,10.77447,-5.786933,-156.7602,-90.73242,-34.26758,927.8613,-4.3475,-0.86125,-20.40125,6,-30,-50,52.77778,True,203,3,37.24856567,-80.4174855,12,0.71,,,,1366179,3602,899
178,True,,speed-low_surface-rough_permeable_concrete_latency-wifi_baseline_route-square0p5x3_attack-none_trial-2,square0p5x3,rough_permeable_concrete,rough,low,wifi_baseline,2,none,0.5,3,rough,0.064,-0.064,1.65,"2.1,2.1,2.1,2.1",-0.14,-0.14,1784561022.640234,422266843000000,422266843000000,422267578000000,422267210500000,735.0,2252.177,2252.177,422267.578,422267.578,,420015.008,True,25,0,0,0,False,0,1007,953,2252177,2252178,2252177,0.064484025,-0.0859787,251942,400572,11.38505,13.5477,-11.3178,-153.0367,38.66211,-10.83008,1006.475,0.1525,4.01375,-35.46375,4,-45,-49,53.33333,True,178,3,37.2485655,-80.41748517,12,0.71,,,,1366740,3604,900
179,True,,speed-low_surface-rough_permeable_concrete_latency-wifi_baseline_route-square0p5x3_attack-none_trial-2,square0p5x3,rough_permeable_concrete,rough,low,wifi_baseline,2,none,0.5,3,rough,0.064,-0.064,1.65,"2.1,2.1,2.1,2.1",-0.14,-0.14,1784561023.6253092,422267828000000,422267828000000,422268500000000,422268164000000,672.0,2253.147,2253.147,422268.5,422268.5,,420015.008,True,25,0,0,0,False,0,1007,954,2253147,2253149,2253147,0,-0.021497746,251772,400747,11.38505,11.24743,-12.47215,-139.9421,-5.283203,-1.552734,993.291,0.34,2.57625,-5.27625,0,-51,-47,53.33333,True,166,3,37.24856633,-80.4174855,12,0.71,,,,1367301,3606,901
180,True,,speed-low_surface-rough_permeable_concrete_latency-wifi_baseline_route-square0p5x3_attack-none_trial-2,square0p5x3,rough_permeable_concrete,rough,low,wifi_baseline,2,none,0.5,3,rough,0.064,-0.064,1.65,"2.1,2.1,2.1,2.1",-0.14,-0.14,1784561024.6195178,422268828000000,422268828000000,422269531000000,422269179500000,703.0,2254.143,2254.143,422269.531,422269.531,,420015.008,True,25,0,0,0,False,0,1007,955,2254143,2254144,2254143,0,0,251771,400747,11.40518,5.444473,-11.39888,-122.8373,3.505859,-34.26758,1003.545,-0.035,0.63875,0.72375,1,-54,-50,53.33333,True,174,3,37.248567,-80.41748667,12,0.82,,,,1367858,3608,902
181,True,,speed-low_surface-rough_permeable_concrete_latency-wifi_baseline_route-square0p5x3_attack-none_trial-2,square0p5x3,rough_permeable_concrete,rough,low,wifi_baseline,2,none,0.5,3,rough,0.064,-0.064,1.65,"2.1,2.1,2.1,2.1",-0.14,-0.14,1784561025.461389,422269656000000,422269656000000,422270359000000,422270007500000,703.0,2254.998,2254.998,422270.359,422270.359,,420015.0095,True,25,0,0,0,False,0,1007,956,2254998,2254999,2254998,0,0,251771,400747,11.40518,0.800094,-7.049196,-107.001,13.75977,-23.03711,980.5957,-0.0975,1.13875,-0.15125,1,-52,-50,52.77778,True,80,3,37.24856833,-80.41748967,12,0.82,,,,1368354,3610,903
182,True,,speed-low_surface-rough_permeable_concrete_latency-wifi_baseline_route-square0p5x3_attack-none_trial-2,square0p5x3,rough_permeable_concrete,rough,low,wifi_baseline,2,none,0.5,3,rough,0.064,-0.064,1.65,"2.1,2.1,2.1,2.1",-0.14,-0.14,1784561026.6586392,422270859000000,422270859000000,422271578000000,422271218500000,719.0,2256.192,2256.192,422271.578,422271.578,,420015.0095,True,25,0,0,0,False,0,1007,957,2256192,2256193,2256192,0,0,251771,400747,11.40518,-0.816572,-3.762047,-98.5842,16.20117,-24.01367,981.084,-0.285,0.13875,-0.65125,1,-55,-49,52.77778,True,329,3,37.24856967,-80.417491,12,0.82,,,,1369099,3612,903
183,True,,speed-low_surface-rough_permeable_concrete_latency-wifi_baseline_route-square0p5x3_attack-none_trial-2,square0p5x3,rough_permeable_concrete,rough,low,wifi_baseline,2,none,0.5,3,rough,0.064,-0.064,1.65,"2.1,2.1,2.1,2.1",-0.14,-0.14,1784561027.6442146,422271843000000,422271843000000,422272593000000,422272218000000,750.0,2257.196,2257.196,422272.593,422272.593,,420015.0095,True,25,0,0,0,False,0,1007,958,2257196,2257197,2257196,0,0,251771,400747,11.40518,-1.161473,-1.972982,-95.21201,15.71289,-25.9668,979.6191,0.34,0.63875,-0.46375,2,-54,-50,52.77778,True,198,3,37.24857067,-80.41749183,12,0.82,,,,1369654,3614,904
