t,source_time_s,edge_arrival_time_s,seq,twin_x,twin_y,twin_theta,gps_x,gps_y,gps_valid,gps_speed_mps,gps_course_deg,gps_heading_rad,twin_global_theta,gps_age_s,aoi_s,clock_offset_s,arrival_jitter_ms,gps_agreement_m,gps_heading_agreement_deg,firmware_yaw_deg,encoder_v,encoder_omega,imu_omega,omega,yaw_disagreement,slip_indicator,condition,latency_ms,payload_bytes,bytes_per_s,packet_gap,stale,queue_depth,enc_left,enc_right,motor_l,motor_r,voltage,satellites,hdop,contract_reference_valid,contracts,resource_mode,requested_update_rate_hz,evaluation_ms
0.0,5591.019,1789517204.9214458,3516,0.0,0.0,0.0,0.0,0.0,True,0.030866666,344.74,,,0.319,0.0,1789511613.9024458,0.0,0.0,,-97.31807,0.0,0.0,0.005345070834232635,0.001069014166846527,0.005345070834232635,0.015271630954950386,low-motion,594.1765308380127,618,618.0,0,True,0,136759,126864,0.0,0.0,11.44922,11,0.93,False,"[{""service_id"":""local_1s_tight"",""label"":""Immediate motion"",""family"":""local_relative_motion"",""horizon_s"":1.0,""position_tolerance_m"":0.1,""heading_tolerance_deg"":2.0,""maximum_aoi_s"":0.6,""position_error_m"":null,""heading_error_deg"":null,""aoi_s"":0.0,""position_margin_m"":null,""heading_margin_deg"":null,""freshness_margin_s"":null,""normalized_margin"":null,""observable"":false,""raw_pass"":false,""reason"":""GPS course unobservable at low speed"",""status"":""unobservable"",""observed_evaluations"":0,""satisfaction_fraction"":null},{""service_id"":""local_5s_moderate"",""label"":""Short prediction"",""family"":""local_relative_motion"",""horizon_s"":5.0,""position_tolerance_m"":0.2,""heading_tolerance_deg"":5.0,""maximum_aoi_s"":1.0,""position_error_m"":null,""heading_error_deg"":null,""aoi_s"":0.0,""position_margin_m"":null,""heading_margin_deg"":null,""freshness_margin_s"":null,""normalized_margin"":null,""observable"":false,""raw_pass"":false,""reason"":""GPS course unobservable at low speed"",""status"":""unobservable"",""observed_evaluations"":0,""satisfaction_fraction"":null},{""service_id"":""local_10s_preview"",""label"":""Planning support"",""family"":""local_relative_motion"",""horizon_s"":10.0,""position_tolerance_m"":0.5,""heading_tolerance_deg"":10.0,""maximum_aoi_s"":1.5,""position_error_m"":null,""heading_error_deg"":null,""aoi_s"":0.0,""position_margin_m"":null,""heading_margin_deg"":null,""freshness_margin_s"":null,""normalized_margin"":null,""observable"":false,""raw_pass"":false,""reason"":""GPS course unobservable at low speed"",""status"":""unobservable"",""observed_evaluations"":0,""satisfaction_fraction"":null},{""service_id"":""global_state_tracking"",""label"":""Global asset tracking"",""family"":""global_synchronization"",""horizon_s"":0.0,""position_tolerance_m"":1.0,""heading_tolerance_deg"":5.0,""maximum_aoi_s"":1.0,""position_error_m"":0.0,""heading_error_deg"":null,""aoi_s"":0.0,""position_margin_m"":1.0,""heading_margin_deg"":null,""freshness_margin_s"":1.0,""normalized_margin"":null,""observable"":false,""raw_pass"":false,""reason"":""GPS course unobservable at low speed"",""status"":""unobservable"",""observed_evaluations"":0,""satisfaction_fraction"":null}]",high,10.0,0.12530002277344465
0.5990000000001601,5591.618,1789517205.6562812,3517,0.0,0.0,-0.0004051127360038542,0.0,0.0,True,0.102888888,344.74,,,0.048,0.1358354091644287,1789511613.9024458,135.83538627608505,0.0,,-97.34486,-0.0,0.0,-0.0033815754257390134,-0.0006763150851478027,0.0033815754257390134,0.009661644073540039,low-motion,733.6931228637695,614,1232.0,0,False,0,136759,126864,0.0,0.0,11.44922,11,0.93,False,"[{""service_id"":""local_1s_tight"",""label"":""Immediate motion"",""family"":""local_relative_motion"",""horizon_s"":1.0,""position_tolerance_m"":0.1,""heading_tolerance_deg"":2.0,""maximum_aoi_s"":0.6,""position_error_m"":null,""heading_error_deg"":null,""aoi_s"":0.1358354091644287,""position_margin_m"":null,""heading_margin_deg"":null,""freshness_margin_s"":null,""normalized_margin"":null,""observable"":false,""raw_pass"":false,""reason"":""GPS course unobservable at low speed"",""status"":""unobservable"",""observed_evaluations"":0,""satisfaction_fraction"":null},{""service_id"":""local_5s_moderate"",""label"":""Short prediction"",""family"":""local_relative_motion"",""horizon_s"":5.0,""position_tolerance_m"":0.2,""heading_tolerance_deg"":5.0,""maximum_aoi_s"":1.0,""position_error_m"":null,""heading_error_deg"":null,""aoi_s"":0.1358354091644287,""position_margin_m"":null,""heading_margin_deg"":null,""freshness_margin_s"":null,""normalized_margin"":null,""observable"":false,""raw_pass"":false,""reason"":""GPS course unobservable at low speed"",""status"":""unobservable"",""observed_evaluations"":0,""satisfaction_fraction"":null},{""service_id"":""local_10s_preview"",""label"":""Planning support"",""family"":""local_relative_motion"",""horizon_s"":10.0,""position_tolerance_m"":0.5,""heading_tolerance_deg"":10.0,""maximum_aoi_s"":1.5,""position_error_m"":null,""heading_error_deg"":null,""aoi_s"":0.1358354091644287,""position_margin_m"":null,""heading_margin_deg"":null,""freshness_margin_s"":null,""normalized_margin"":null,""observable"":false,""raw_pass"":false,""reason"":""GPS course unobservable at low speed"",""status"":""unobservable"",""observed_evaluations"":0,""satisfaction_fraction"":null},{""service_id"":""global_state_tracking"",""label"":""Global asset tracking"",""family"":""global_synchronization"",""horizon_s"":0.0,""position_tolerance_m"":1.0,""heading_tolerance_deg"":5.0,""maximum_aoi_s"":1.0,""position_error_m"":0.0,""heading_error_deg"":null,""aoi_s"":0.1358354091644287,""position_margin_m"":1.0,""heading_margin_deg"":null,""freshness_margin_s"":0.8641645908355713,""normalized_margin"":null,""observable"":false,""raw_pass"":false,""reason"":""GPS course unobservable at low speed"",""status"":""unobservable"",""observed_evaluations"":0,""satisfaction_fraction"":null}]",high,10.0,0.285100017208606
1.3079999999999927,5592.327,1789517206.2339334,3518,0.0,0.0,-0.000111221106583681,0.14798471072958266,0.0,True,0.051444444,344.74,,,0.025,0.004487752914428711,1789511613.9024458,131.34778404219105,0.14798471072958266,,-97.25043,-0.0,0.0,0.002072578486743266,0.0004145156973486533,0.002072578486743266,0.005921652819266475,low-motion,574.5437145233154,623,1413.3466836888545,0,False,0,136759,126864,0.0,0.0,11.44922,11,0.93,False,"[{""service_id"":""local_1s_tight"",""label"":""Immediate motion"",""family"":""local_relative_motion"",""horizon_s"":1.0,""position_tolerance_m"":0.1,""heading_tolerance_deg"":2.0,""maximum_aoi_s"":0.6,""position_error_m"":null,""heading_error_deg"":null,""aoi_s"":0.004487752914428711,""position_margin_m"":null,""heading_margin_deg"":null,""freshness_margin_s"":null,""normalized_margin"":null,""observable"":false,""raw_pass"":false,""reason"":""GPS course unobservable at low speed"",""status"":""unobservable"",""observed_evaluations"":0,""satisfaction_fraction"":null},{""service_id"":""local_5s_moderate"",""label"":""Short prediction"",""family"":""local_relative_motion"",""horizon_s"":5.0,""position_tolerance_m"":0.2,""heading_tolerance_deg"":5.0,""maximum_aoi_s"":1.0,""position_error_m"":null,""heading_error_deg"":null,""aoi_s"":0.004487752914428711,""position_margin_m"":null,""heading_margin_deg"":null,""freshness_margin_s"":null,""normalized_margin"":null,""observable"":false,""raw_pass"":false,""reason"":""GPS course unobservable at low speed"",""status"":""unobservable"",""observed_evaluations"":0,""satisfaction_fraction"":null},{""service_id"":""local_10s_preview"",""label"":""Planning support"",""family"":""local_relative_motion"",""horizon_s"":10.0,""position_tolerance_m"":0.5,""heading_tolerance_deg"":10.0,""maximum_aoi_s"":1.5,""position_error_m"":null,""heading_error_deg"":null,""aoi_s"":0.004487752914428711,""position_margin_m"":null,""heading_margin_deg"":null,""freshness_margin_s"":null,""normalized_margin"":null,""observable"":false,""raw_pass"":false,""reason"":""GPS course unobservable at low speed"",""status"":""unobservable"",""observed_evaluations"":0,""satisfaction_fraction"":null},{""service_id"":""global_state_tracking"",""label"":""Global asset tracking"",""family"":""global_synchronization"",""horizon_s"":0.0,""position_tolerance_m"":1.0,""heading_tolerance_deg"":5.0,""maximum_aoi_s"":1.0,""position_error_m"":0.14798471072958266,""heading_error_deg"":null,""aoi_s"":0.004487752914428711,""position_margin_m"":0.8520152892704174,""heading_margin_deg"":null,""freshness_margin_s"":0.9955122470855713,""normalized_margin"":null,""observable"":false,""raw_pass"":false,""reason"":""GPS course unobservable at low speed"",""status"":""unobservable"",""observed_evaluations"":0,""satisfaction_fraction"":null}]",high,10.0,0.19779999274760485
1.8800000000001091,5592.899,1789517206.9264119,3519,0.0,0.0,-0.0006228643768060316,0.14798471072958266,0.0,True,0.051444444,344.74,,,0.596,0.12496614456176758,1789511613.9024458,120.47841835010331,0.14798471072958266,,-97.33273,-0.0,0.0,-0.004472406208235469,-0.0008944812416470937,0.004472406208235469,0.01277830345210134,low-motion,690.4783248901367,623,1235.9311701841634,0,False,0,136759,126864,0.0,0.0,11.44922,11,0.93,False,"[{""service_id"":""local_1s_tight"",""label"":""Immediate motion"",""family"":""local_relative_motion"",""horizon_s"":1.0,""position_tolerance_m"":0.1,""heading_tolerance_deg"":2.0,""maximum_aoi_s"":0.6,""position_error_m"":null,""heading_error_deg"":null,""aoi_s"":0.12496614456176758,""position_margin_m"":null,""heading_margin_deg"":null,""freshness_margin_s"":null,""normalized_margin"":null,""observable"":false,""raw_pass"":false,""reason"":""GPS course unobservable at low speed"",""status"":""unobservable"",""observed_evaluations"":0,""satisfaction_fraction"":null},{""service_id"":""local_5s_moderate"",""label"":""Short prediction"",""family"":""local_relative_motion"",""horizon_s"":5.0,""position_tolerance_m"":0.2,""heading_tolerance_deg"":5.0,""maximum_aoi_s"":1.0,""position_error_m"":null,""heading_error_deg"":null,""aoi_s"":0.12496614456176758,""position_margin_m"":null,""heading_margin_deg"":null,""freshness_margin_s"":null,""normalized_margin"":null,""observable"":false,""raw_pass"":false,""reason"":""GPS course unobservable at low speed"",""status"":""unobservable"",""observed_evaluations"":0,""satisfaction_fraction"":null},{""service_id"":""local_10s_preview"",""label"":""Planning support"",""family"":""local_relative_motion"",""horizon_s"":10.0,""position_tolerance_m"":0.5,""heading_tolerance_deg"":10.0,""maximum_aoi_s"":1.5,""position_error_m"":null,""heading_error_deg"":null,""aoi_s"":0.12496614456176758,""position_margin_m"":null,""heading_margin_deg"":null,""freshness_margin_s"":null,""normalized_margin"":null,""observable"":false,""raw_pass"":false,""reason"":""GPS course unobservable at low speed"",""status"":""unobservable"",""observed_evaluations"":0,""satisfaction_fraction"":null},{""service_id"":""global_state_tracking"",""label"":""Global asset tracking"",""family"":""global_synchronization"",""horizon_s"":0.0,""position_tolerance_m"":1.0,""heading_tolerance_deg"":5.0,""maximum_aoi_s"":1.0,""position_error_m"":0.14798471072958266,""heading_error_deg"":null,""aoi_s"":0.12496614456176758,""position_margin_m"":0.8520152892704174,""heading_margin_deg"":null,""freshness_margin_s"":0.8750338554382324,""normalized_margin"":null,""observable"":false,""raw_pass"":false,""reason"":""GPS course unobservable at low speed"",""status"":""unobservable"",""observed_evaluations"":0,""satisfaction_fraction"":null}]",high,10.0,0.29580004047602415
2.592999999999847,5593.612,1789517207.6407366,3520,0.0,0.0,-0.0009495245629325133,0.14798471072958266,0.0,True,0.246933331,344.74,,,0.027,0.12629079818725586,1789511613.9024458,1.324712753557833,0.14798471072958266,,-97.43731,-0.0,0.0,-0.0022907446432425577,-0.00045814892864851157,0.0022907446432425577,0.006544984694978736,low-motion,709.7029685974121,623,1140.3708923003328,0,False,0,136759,126864,0.0,0.0,11.44922,11,0.93,False,"[{""service_id"":""local_1s_tight"",""label"":""Immediate motion"",""family"":""local_relative_motion"",""horizon_s"":1.0,""position_tolerance_m"":0.1,""heading_tolerance_deg"":2.0,""maximum_aoi_s"":0.6,""position_error_m"":null,""heading_error_deg"":null,""aoi_s"":0.12629079818725586,""position_margin_m"":null,""heading_margin_deg"":null,""freshness_margin_s"":null,""normalized_margin"":null,""observable"":false,""raw_pass"":false,""reason"":""GPS course unobservable at low speed"",""status"":""unobservable"",""observed_evaluations"":0,""satisfaction_fraction"":null},{""service_id"":""local_5s_moderate"",""label"":""Short prediction"",""family"":""local_relative_motion"",""horizon_s"":5.0,""position_tolerance_m"":0.2,""heading_tolerance_deg"":5.0,""maximum_aoi_s"":1.0,""position_error_m"":null,""heading_error_deg"":null,""aoi_s"":0.12629079818725586,""position_margin_m"":null,""heading_margin_deg"":null,""freshness_margin_s"":null,""normalized_margin"":null,""observable"":false,""raw_pass"":false,""reason"":""GPS course unobservable at low speed"",""status"":""unobservable"",""observed_evaluations"":0,""satisfaction_fraction"":null},{""service_id"":""local_10s_preview"",""label"":""Planning support"",""family"":""local_relative_motion"",""horizon_s"":10.0,""position_tolerance_m"":0.5,""heading_tolerance_deg"":10.0,""maximum_aoi_s"":1.5,""position_error_m"":null,""heading_error_deg"":null,""aoi_s"":0.12629079818725586,""position_margin_m"":null,""heading_margin_deg"":null,""freshness_margin_s"":null,""normalized_margin"":null,""observable"":false,""raw_pass"":false,""reason"":""GPS course unobservable at low speed"",""status"":""unobservable"",""observed_evaluations"":0,""satisfaction_fraction"":null},{""service_id"":""global_state_tracking"",""label"":""Global asset tracking"",""family"":""global_synchronization"",""horizon_s"":0.0,""position_tolerance_m"":1.0,""heading_tolerance_deg"":5.0,""maximum_aoi_s"":1.0,""position_error_m"":0.14798471072958266,""heading_error_deg"":null,""aoi_s"":0.12629079818725586,""position_margin_m"":0.8520152892704174,""heading_margin_deg"":null,""freshness_margin_s"":0.8737092018127441,""normalized_margin"":null,""observable"":false,""raw_pass"":false,""reason"":""GPS course unobservable at low speed"",""status"":""unobservable"",""observed_evaluations"":0,""satisfaction_fraction"":null}]",high,10.0,0.4285000031813979
3.295999999999367,5594.315,1789517208.2142,3521,0.0,0.0,-0.0001980076036400824,0.14798471072958266,0.0,True,0.072022222,344.74,,,0.011,0.0,1789511613.8992,129.53656005811354,0.14798471072958266,,-97.15849,-0.0,0.0,0.005345070834232635,0.001069014166846527,0.005345070834232635,0.015271630954950386,low-motion,568.8457489013672,623,1130.9681209185962,0,False,0,136759,126864,0.0,0.0,11.44922,11,0.93,False,"[{""service_id"":""local_1s_tight"",""label"":""Immediate motion"",""family"":""local_relative_motion"",""horizon_s"":1.0,""position_tolerance_m"":0.1,""heading_tolerance_deg"":2.0,""maximum_aoi_s"":0.6,""position_error_m"":null,""heading_error_deg"":null,""aoi_s"":0.0,""position_margin_m"":null,""heading_margin_deg"":null,""freshness_margin_s"":null,""normalized_margin"":null,""observable"":false,""raw_pass"":false,""reason"":""GPS course unobservable at low speed"",""status"":""unobservable"",""observed_evaluations"":0,""satisfaction_fraction"":null},{""service_id"":""local_5s_moderate"",""label"":""Short prediction"",""family"":""local_relative_motion"",""horizon_s"":5.0,""position_tolerance_m"":0.2,""heading_tolerance_deg"":5.0,""maximum_aoi_s"":1.0,""position_error_m"":null,""heading_error_deg"":null,""aoi_s"":0.0,""position_margin_m"":null,""heading_margin_deg"":null,""freshness_margin_s"":null,""normalized_margin"":null,""observable"":false,""raw_pass"":false,""reason"":""GPS course unobservable at low speed"",""status"":""unobservable"",""observed_evaluations"":0,""satisfaction_fraction"":null},{""service_id"":""local_10s_preview"",""label"":""Planning support"",""family"":""local_relative_motion"",""horizon_s"":10.0,""position_tolerance_m"":0.5,""heading_tolerance_deg"":10.0,""maximum_aoi_s"":1.5,""position_error_m"":null,""heading_error_deg"":null,""aoi_s"":0.0,""position_margin_m"":null,""heading_margin_deg"":null,""freshness_margin_s"":null,""normalized_margin"":null,""observable"":false,""raw_pass"":false,""reason"":""GPS course unobservable at low speed"",""status"":""unobservable"",""observed_evaluations"":0,""satisfaction_fraction"":null},{""service_id"":""global_state_tracking"",""label"":""Global asset tracking"",""family"":""global_synchronization"",""horizon_s"":0.0,""position_tolerance_m"":1.0,""heading_tolerance_deg"":5.0,""maximum_aoi_s"":1.0,""position_error_m"":0.14798471072958266,""heading_error_deg"":null,""aoi_s"":0.0,""position_margin_m"":0.8520152892704174,""heading_margin_deg"":null,""freshness_margin_s"":1.0,""normalized_margin"":null,""observable"":false,""raw_pass"":false,""reason"":""GPS course unobservable at low speed"",""status"":""unobservable"",""observed_evaluations"":0,""satisfaction_fraction"":null}]",high,10.0,0.30910002533346415
3.86200000000008,5594.881,1789517208.9093637,3522,0.0,0.0,-0.00021035580809813936,0.14798471072958266,0.0,True,0.072022222,344.74,,,0.577,0.1291637420654297,1789511613.8992,129.16372680592758,0.14798471072958266,,-97.06128,-0.0,0.0,-0.0001090830782496456,-2.181661564992912e-05,0.0001090830782496456,0.0003116659378561303,low-motion,691.1375522613525,625,1090.544015438937,0,False,0,136759,126864,0.0,0.0,11.4573,11,0.93,False,"[{""service_id"":""local_1s_tight"",""label"":""Immediate motion"",""family"":""local_relative_motion"",""horizon_s"":1.0,""position_tolerance_m"":0.1,""heading_tolerance_deg"":2.0,""maximum_aoi_s"":0.6,""position_error_m"":null,""heading_error_deg"":null,""aoi_s"":0.1291637420654297,""position_margin_m"":null,""heading_margin_deg"":null,""freshness_margin_s"":null,""normalized_margin"":null,""observable"":false,""raw_pass"":false,""reason"":""GPS course unobservable at low speed"",""status"":""unobservable"",""observed_evaluations"":0,""satisfaction_fraction"":null},{""service_id"":""local_5s_moderate"",""label"":""Short prediction"",""family"":""local_relative_motion"",""horizon_s"":5.0,""position_tolerance_m"":0.2,""heading_tolerance_deg"":5.0,""maximum_aoi_s"":1.0,""position_error_m"":null,""heading_error_deg"":null,""aoi_s"":0.1291637420654297,""position_margin_m"":null,""heading_margin_deg"":null,""freshness_margin_s"":null,""normalized_margin"":null,""observable"":false,""raw_pass"":false,""reason"":""GPS course unobservable at low speed"",""status"":""unobservable"",""observed_evaluations"":0,""satisfaction_fraction"":null},{""service_id"":""local_10s_preview"",""label"":""Planning support"",""family"":""local_relative_motion"",""horizon_s"":10.0,""position_tolerance_m"":0.5,""heading_tolerance_deg"":10.0,""maximum_aoi_s"":1.5,""position_error_m"":null,""heading_error_deg"":null,""aoi_s"":0.1291637420654297,""position_margin_m"":null,""heading_margin_deg"":null,""freshness_margin_s"":null,""normalized_margin"":null,""observable"":false,""raw_pass"":false,""reason"":""GPS course unobservable at low speed"",""status"":""unobservable"",""observed_evaluations"":0,""satisfaction_fraction"":null},{""service_id"":""global_state_tracking"",""label"":""Global asset tracking"",""family"":""global_synchronization"",""horizon_s"":0.0,""position_tolerance_m"":1.0,""heading_tolerance_deg"":5.0,""maximum_aoi_s"":1.0,""position_error_m"":0.14798471072958266,""heading_error_deg"":null,""aoi_s"":0.1291637420654297,""position_margin_m"":0.8520152892704174,""heading_margin_deg"":null,""freshness_margin_s"":0.8708362579345703,""normalized_margin"":null,""observable"":false,""raw_pass"":false,""reason"":""GPS course unobservable at low speed"",""status"":""unobservable"",""observed_evaluations"":0,""satisfaction_fraction"":null}]",high,10.0,0.44789997627958655
4.583999999999833,5595.603,1789517209.4981334,3523,0.0,0.0,0.0002464404903799178,0.14798471072958266,0.0,True,0.072022222,344.74,,,0.04,0.0,1789511613.8951335,133.23032569860516,0.14798471072958266,,-97.40618,-0.0,0.0,0.0031634092692397224,0.0006326818538479446,0.0031634092692397224,0.009038312197827778,low-motion,581.6648006439209,622,1086.1567278090317,0,False,0,136759,126864,0.0,0.0,11.4573,11,0.93,False,"[{""service_id"":""local_1s_tight"",""label"":""Immediate motion"",""family"":""local_relative_motion"",""horizon_s"":1.0,""position_tolerance_m"":0.1,""heading_tolerance_deg"":2.0,""maximum_aoi_s"":0.6,""position_error_m"":null,""heading_error_deg"":null,""aoi_s"":0.0,""position_margin_m"":null,""heading_margin_deg"":null,""freshness_margin_s"":null,""normalized_margin"":null,""observable"":false,""raw_pass"":false,""reason"":""GPS course unobservable at low speed"",""status"":""unobservable"",""observed_evaluations"":0,""satisfaction_fraction"":null},{""service_id"":""local_5s_moderate"",""label"":""Short prediction"",""family"":""local_relative_motion"",""horizon_s"":5.0,""position_tolerance_m"":0.2,""heading_tolerance_deg"":5.0,""maximum_aoi_s"":1.0,""position_error_m"":null,""heading_error_deg"":null,""aoi_s"":0.0,""position_margin_m"":null,""heading_margin_deg"":null,""freshness_margin_s"":null,""normalized_margin"":null,""observable"":false,""raw_pass"":false,""reason"":""GPS course unobservable at low speed"",""status"":""unobservable"",""observed_evaluations"":0,""satisfaction_fraction"":null},{""service_id"":""local_10s_preview"",""label"":""Planning support"",""family"":""local_relative_motion"",""horizon_s"":10.0,""position_tolerance_m"":0.5,""heading_tolerance_deg"":10.0,""maximum_aoi_s"":1.5,""position_error_m"":null,""heading_error_deg"":null,""aoi_s"":0.0,""position_margin_m"":null,""heading_margin_deg"":null,""freshness_margin_s"":null,""normalized_margin"":null,""observable"":false,""raw_pass"":false,""reason"":""GPS course unobservable at low speed"",""status"":""unobservable"",""observed_evaluations"":0,""satisfaction_fraction"":null},{""service_id"":""global_state_tracking"",""label"":""Global asset tracking"",""family"":""global_synchronization"",""horizon_s"":0.0,""position_tolerance_m"":1.0,""heading_tolerance_deg"":5.0,""maximum_aoi_s"":1.0,""position_error_m"":0.14798471072958266,""heading_error_deg"":null,""aoi_s"":0.0,""position_margin_m"":0.8520152892704174,""heading_margin_deg"":null,""freshness_margin_s"":1.0,""normalized_margin"":null,""observable"":false,""raw_pass"":false,""reason"":""GPS course unobservable at low speed"",""status"":""unobservable"",""observed_evaluations"":0,""satisfaction_fraction"":null}]",high,10.0,0.43350004125386477
5.1469999999999345,5596.166,1789517210.195711,3524,0.0,0.0,0.0006026403740961861,0.14798471072958266,0.18479035497797808,True,0.066877777,344.74,,,0.013,0.13457751274108887,1789511613.8951335,134.57747650136298,0.2367423703155086,,-97.2851,-0.0,0.0,0.0031634092692397224,0.0006326818538479446,0.0031634092692397224,0.009038312197827778,low-motion,692.6352977752686,620,1095.512072533733,0,False,0,136759,126864,0.0,0.0,11.4573,11,0.93,False,"[{""service_id"":""local_1s_tight"",""label"":""Immediate motion"",""family"":""local_relative_motion"",""horizon_s"":1.0,""position_tolerance_m"":0.1,""heading_tolerance_deg"":2.0,""maximum_aoi_s"":0.6,""position_error_m"":null,""heading_error_deg"":null,""aoi_s"":0.13457751274108887,""position_margin_m"":null,""heading_margin_deg"":null,""freshness_margin_s"":null,""normalized_margin"":null,""observable"":false,""raw_pass"":false,""reason"":""GPS course unobservable at low speed"",""status"":""unobservable"",""observed_evaluations"":0,""satisfaction_fraction"":null},{""service_id"":""local_5s_moderate"",""label"":""Short prediction"",""family"":""local_relative_motion"",""horizon_s"":5.0,""position_tolerance_m"":0.2,""heading_tolerance_deg"":5.0,""maximum_aoi_s"":1.0,""position_error_m"":null,""heading_error_deg"":null,""aoi_s"":0.13457751274108887,""position_margin_m"":null,""heading_margin_deg"":null,""freshness_margin_s"":null,""normalized_margin"":null,""observable"":false,""raw_pass"":false,""reason"":""GPS course unobservable at low speed"",""status"":""unobservable"",""observed_evaluations"":0,""satisfaction_fraction"":null},{""service_id"":""local_10s_preview"",""label"":""Planning support"",""family"":""local_relative_motion"",""horizon_s"":10.0,""position_tolerance_m"":0.5,""heading_tolerance_deg"":10.0,""maximum_aoi_s"":1.5,""position_error_m"":null,""heading_error_deg"":null,""aoi_s"":0.13457751274108887,""position_margin_m"":null,""heading_margin_deg"":null,""freshness_margin_s"":null,""normalized_margin"":null,""observable"":false,""raw_pass"":false,""reason"":""GPS course unobservable at low speed"",""status"":""unobservable"",""observed_evaluations"":0,""satisfaction_fraction"":null},{""service_id"":""global_state_tracking"",""label"":""Global asset tracking"",""family"":""global_synchronization"",""horizon_s"":0.0,""position_tolerance_m"":1.0,""heading_tolerance_deg"":5.0,""maximum_aoi_s"":1.0,""position_error_m"":0.2367423703155086,""heading_error_deg"":null,""aoi_s"":0.13457751274108887,""position_margin_m"":0.7632576296844914,""heading_margin_deg"":null,""freshness_margin_s"":0.8654224872589111,""normalized_margin"":null,""observable"":false,""raw_pass"":false,""reason"":""GPS course unobservable at low speed"",""status"":""unobservable"",""observed_evaluations"":0,""satisfaction_fraction"":null}]",high,10.0,0.18530001398175955
5.862999999999374,5596.882,1789517210.9125845,3525,0.0,0.0,0.0004308127092373937,0.14798471072958266,0.18479035497797808,True,0.066877777,344.74,,,0.033,0.135451078414917,1789511613.8951335,0.8736457830309519,0.2367423703155086,,-97.56672,-0.0,0.0,-0.0011999138607461017,-0.00023998277214922034,0.0011999138607461017,0.0034283253164174338,low-motion,712.7976417541504,624,1065.0505668023106,0,False,0,136759,126864,0.0,0.0,11.4573,11,0.93,False,"[{""service_id"":""local_1s_tight"",""label"":""Immediate motion"",""family"":""local_relative_motion"",""horizon_s"":1.0,""position_tolerance_m"":0.1,""heading_tolerance_deg"":2.0,""maximum_aoi_s"":0.6,""position_error_m"":null,""heading_error_deg"":null,""aoi_s"":0.135451078414917,""position_margin_m"":null,""heading_margin_deg"":null,""freshness_margin_s"":null,""normalized_margin"":null,""observable"":false,""raw_pass"":false,""reason"":""GPS course unobservable at low speed"",""status"":""unobservable"",""observed_evaluations"":0,""satisfaction_fraction"":null},{""service_id"":""local_5s_moderate"",""label"":""Short prediction"",""family"":""local_relative_motion"",""horizon_s"":5.0,""position_tolerance_m"":0.2,""heading_tolerance_deg"":5.0,""maximum_aoi_s"":1.0,""position_error_m"":null,""heading_error_deg"":null,""aoi_s"":0.135451078414917,""position_margin_m"":null,""heading_margin_deg"":null,""freshness_margin_s"":null,""normalized_margin"":null,""observable"":false,""raw_pass"":false,""reason"":""GPS course unobservable at low speed"",""status"":""unobservable"",""observed_evaluations"":0,""satisfaction_fraction"":null},{""service_id"":""local_10s_preview"",""label"":""Planning support"",""family"":""local_relative_motion"",""horizon_s"":10.0,""position_tolerance_m"":0.5,""heading_tolerance_deg"":10.0,""maximum_aoi_s"":1.5,""position_error_m"":null,""heading_error_deg"":null,""aoi_s"":0.135451078414917,""position_margin_m"":null,""heading_margin_deg"":null,""freshness_margin_s"":null,""normalized_margin"":null,""observable"":false,""raw_pass"":false,""reason"":""GPS course unobservable at low speed"",""status"":""unobservable"",""observed_evaluations"":0,""satisfaction_fraction"":null},{""service_id"":""global_state_tracking"",""label"":""Global asset tracking"",""family"":""global_synchronization"",""horizon_s"":0.0,""position_tolerance_m"":1.0,""heading_tolerance_deg"":5.0,""maximum_aoi_s"":1.0,""position_error_m"":0.2367423703155086,""heading_error_deg"":null,""aoi_s"":0.135451078414917,""position_margin_m"":0.7632576296844914,""heading_margin_deg"":null,""freshness_margin_s"":0.864548921585083,""normalized_margin"":null,""observable"":false,""raw_pass"":false,""reason"":""GPS course unobservable at low speed"",""status"":""unobservable"",""observed_evaluations"":0,""satisfaction_fraction"":null}]",high,10.0,0.47400000039488077
6.568000000000211,5597.587,1789517211.4804287,3526,0.0,0.0,0.001184467696865088,0.0,0.18479035497797808,True,0.061733333,344.74,,,0.019,0.0,1789511613.8934288,137.1558475502752,0.18479035497797808,,-97.04819,-0.0,0.0,0.005345070834232635,0.001069014166846527,0.005345070834232635,0.015271630954950386,low-motion,561.6214275360107,617,1092.8813369358802,0,False,0,136759,126864,0.0,0.0,11.4573,11,0.93,False,"[{""service_id"":""local_1s_tight"",""label"":""Immediate motion"",""family"":""local_relative_motion"",""horizon_s"":1.0,""position_tolerance_m"":0.1,""heading_tolerance_deg"":2.0,""maximum_aoi_s"":0.6,""position_error_m"":null,""heading_error_deg"":null,""aoi_s"":0.0,""position_margin_m"":null,""heading_margin_deg"":null,""freshness_margin_s"":null,""normalized_margin"":null,""observable"":false,""raw_pass"":false,""reason"":""GPS course unobservable at low speed"",""status"":""unobservable"",""observed_evaluations"":0,""satisfaction_fraction"":null},{""service_id"":""local_5s_moderate"",""label"":""Short prediction"",""family"":""local_relative_motion"",""horizon_s"":5.0,""position_tolerance_m"":0.2,""heading_tolerance_deg"":5.0,""maximum_aoi_s"":1.0,""position_error_m"":null,""heading_error_deg"":null,""aoi_s"":0.0,""position_margin_m"":null,""heading_margin_deg"":null,""freshness_margin_s"":null,""normalized_margin"":null,""observable"":false,""raw_pass"":false,""reason"":""GPS course unobservable at low speed"",""status"":""unobservable"",""observed_evaluations"":0,""satisfaction_fraction"":null},{""service_id"":""local_10s_preview"",""label"":""Planning support"",""family"":""local_relative_motion"",""horizon_s"":10.0,""position_tolerance_m"":0.5,""heading_tolerance_deg"":10.0,""maximum_aoi_s"":1.5,""position_error_m"":null,""heading_error_deg"":null,""aoi_s"":0.0,""position_margin_m"":null,""heading_margin_deg"":null,""freshness_margin_s"":null,""normalized_margin"":null,""observable"":false,""raw_pass"":false,""reason"":""GPS course unobservable at low speed"",""status"":""unobservable"",""observed_evaluations"":0,""satisfaction_fraction"":null},{""service_id"":""global_state_tracking"",""label"":""Global asset tracking"",""family"":""global_synchronization"",""horizon_s"":0.0,""position_tolerance_m"":1.0,""heading_tolerance_deg"":5.0,""maximum_aoi_s"":1.0,""position_error_m"":0.18479035497797808,""heading_error_deg"":null,""aoi_s"":0.0,""position_margin_m"":0.8152096450220219,""heading_margin_deg"":null,""freshness_margin_s"":1.0,""normalized_margin"":null,""observable"":false,""raw_pass"":false,""reason"":""GPS course unobservable at low speed"",""status"":""unobservable"",""observed_evaluations"":0,""satisfaction_fraction"":null}]",high,10.0,0.3106000367552042
7.1340000000000146,5598.153,1789517212.1954746,3527,0.0,0.0,0.00043122722493604826,0.2950832847654998,0.0,True,0.061733333,344.74,,,0.02,0.14904570579528809,1789511613.8934288,149.04592895527458,0.2950832847654998,,-97.02302,-0.0,0.0,-0.006654067773228381,-0.0013308135546456763,0.006654067773228381,0.019011622209223946,low-motion,709.6590995788574,623,1092.7082855509088,0,False,0,136759,126864,0.0,0.0,11.4573,11,0.93,False,"[{""service_id"":""local_1s_tight"",""label"":""Immediate motion"",""family"":""local_relative_motion"",""horizon_s"":1.0,""position_tolerance_m"":0.1,""heading_tolerance_deg"":2.0,""maximum_aoi_s"":0.6,""position_error_m"":null,""heading_error_deg"":null,""aoi_s"":0.14904570579528809,""position_margin_m"":null,""heading_margin_deg"":null,""freshness_margin_s"":null,""normalized_margin"":null,""observable"":false,""raw_pass"":false,""reason"":""GPS course unobservable at low speed"",""status"":""unobservable"",""observed_evaluations"":0,""satisfaction_fraction"":null},{""service_id"":""local_5s_moderate"",""label"":""Short prediction"",""family"":""local_relative_motion"",""horizon_s"":5.0,""position_tolerance_m"":0.2,""heading_tolerance_deg"":5.0,""maximum_aoi_s"":1.0,""position_error_m"":null,""heading_error_deg"":null,""aoi_s"":0.14904570579528809,""position_margin_m"":null,""heading_margin_deg"":null,""freshness_margin_s"":null,""normalized_margin"":null,""observable"":false,""raw_pass"":false,""reason"":""GPS course unobservable at low speed"",""status"":""unobservable"",""observed_evaluations"":0,""satisfaction_fraction"":null},{""service_id"":""local_10s_preview"",""label"":""Planning support"",""family"":""local_relative_motion"",""horizon_s"":10.0,""position_tolerance_m"":0.5,""heading_tolerance_deg"":10.0,""maximum_aoi_s"":1.5,""position_error_m"":null,""heading_error_deg"":null,""aoi_s"":0.14904570579528809,""position_margin_m"":null,""heading_margin_deg"":null,""freshness_margin_s"":null,""normalized_margin"":null,""observable"":false,""raw_pass"":false,""reason"":""GPS course unobservable at low speed"",""status"":""unobservable"",""observed_evaluations"":0,""satisfaction_fraction"":null},{""service_id"":""global_state_tracking"",""label"":""Global asset tracking"",""family"":""global_synchronization"",""horizon_s"":0.0,""position_tolerance_m"":1.0,""heading_tolerance_deg"":5.0,""maximum_aoi_s"":1.0,""position_error_m"":0.2950832847654998,""heading_error_deg"":null,""aoi_s"":0.14904570579528809,""position_margin_m"":0.7049167152345002,""heading_margin_deg"":null,""freshness_margin_s"":0.8509542942047119,""normalized_margin"":null,""observable"":false,""raw_pass"":false,""reason"":""GPS course unobservable at low speed"",""status"":""unobservable"",""observed_evaluations"":0,""satisfaction_fraction"":null}]",high,10.0,0.3373000072315335
7.881999999999607,5598.901,1789517212.7941968,3528,0.0,0.0,8.853182630730316e-05,0.2950832847654998,0.0,True,0.221211109,344.74,,,0.065,0.0,1789511613.8931968,149.27778053242946,0.2950832847654998,,-97.77003,-0.0,0.0,-0.0022907446432425577,-0.00045814892864851157,0.0022907446432425577,0.006544984694978736,low-motion,592.6792621612549,625,1087.1186577295382,0,False,0,136759,126864,0.0,0.0,11.4573,11,0.93,False,"[{""service_id"":""local_1s_tight"",""label"":""Immediate motion"",""family"":""local_relative_motion"",""horizon_s"":1.0,""position_tolerance_m"":0.1,""heading_tolerance_deg"":2.0,""maximum_aoi_s"":0.6,""position_error_m"":null,""heading_error_deg"":null,""aoi_s"":0.0,""position_margin_m"":null,""heading_margin_deg"":null,""freshness_margin_s"":null,""normalized_margin"":null,""observable"":false,""raw_pass"":false,""reason"":""GPS course unobservable at low speed"",""status"":""unobservable"",""observed_evaluations"":0,""satisfaction_fraction"":null},{""service_id"":""local_5s_moderate"",""label"":""Short prediction"",""family"":""local_relative_motion"",""horizon_s"":5.0,""position_tolerance_m"":0.2,""heading_tolerance_deg"":5.0,""maximum_aoi_s"":1.0,""position_error_m"":null,""heading_error_deg"":null,""aoi_s"":0.0,""position_margin_m"":null,""heading_margin_deg"":null,""freshness_margin_s"":null,""normalized_margin"":null,""observable"":false,""raw_pass"":false,""reason"":""GPS course unobservable at low speed"",""status"":""unobservable"",""observed_evaluations"":0,""satisfaction_fraction"":null},{""service_id"":""local_10s_preview"",""label"":""Planning support"",""family"":""local_relative_motion"",""horizon_s"":10.0,""position_tolerance_m"":0.5,""heading_tolerance_deg"":10.0,""maximum_aoi_s"":1.5,""position_error_m"":null,""heading_error_deg"":null,""aoi_s"":0.0,""position_margin_m"":null,""heading_margin_deg"":null,""freshness_margin_s"":null,""normalized_margin"":null,""observable"":false,""raw_pass"":false,""reason"":""GPS course unobservable at low speed"",""status"":""unobservable"",""observed_evaluations"":0,""satisfaction_fraction"":null},{""service_id"":""global_state_tracking"",""label"":""Global asset tracking"",""family"":""global_synchronization"",""horizon_s"":0.0,""position_tolerance_m"":1.0,""heading_tolerance_deg"":5.0,""maximum_aoi_s"":1.0,""position_error_m"":0.2950832847654998,""heading_error_deg"":null,""aoi_s"":0.0,""position_margin_m"":0.7049167152345002,""heading_margin_deg"":null,""freshness_margin_s"":1.0,""normalized_margin"":null,""observable"":false,""raw_pass"":false,""reason"":""GPS course unobservable at low speed"",""status"":""unobservable"",""observed_evaluations"":0,""satisfaction_fraction"":null}]",high,10.0,0.3092999686487019
8.443999999999505,5599.463,1789517213.4936285,3529,0.0,0.0,0.00032148964821709924,0.2950832847654998,0.18479035497797808,True,0.190344443,344.74,,,0.011,0.13743162155151367,1789511613.8931968,137.43165779123956,0.3481689535855892,,-97.61413,-0.0,0.0,0.002072578486743266,0.0004145156973486533,0.002072578486743266,0.005921652819266475,low-motion,695.7221031188965,619,1085.2340049303612,0,False,0,136759,126864,0.0,0.0,11.4573,11,0.93,False,"[{""service_id"":""local_1s_tight"",""label"":""Immediate motion"",""family"":""local_relative_motion"",""horizon_s"":1.0,""position_tolerance_m"":0.1,""heading_tolerance_deg"":2.0,""maximum_aoi_s"":0.6,""position_error_m"":null,""heading_error_deg"":null,""aoi_s"":0.13743162155151367,""position_margin_m"":null,""heading_margin_deg"":null,""freshness_margin_s"":null,""normalized_margin"":null,""observable"":false,""raw_pass"":false,""reason"":""GPS course unobservable at low speed"",""status"":""unobservable"",""observed_evaluations"":0,""satisfaction_fraction"":null},{""service_id"":""local_5s_moderate"",""label"":""Short prediction"",""family"":""local_relative_motion"",""horizon_s"":5.0,""position_tolerance_m"":0.2,""heading_tolerance_deg"":5.0,""maximum_aoi_s"":1.0,""position_error_m"":null,""heading_error_deg"":null,""aoi_s"":0.13743162155151367,""position_margin_m"":null,""heading_margin_deg"":null,""freshness_margin_s"":null,""normalized_margin"":null,""observable"":false,""raw_pass"":false,""reason"":""GPS course unobservable at low speed"",""status"":""unobservable"",""observed_evaluations"":0,""satisfaction_fraction"":null},{""service_id"":""local_10s_preview"",""label"":""Planning support"",""family"":""local_relative_motion"",""horizon_s"":10.0,""position_tolerance_m"":0.5,""heading_tolerance_deg"":10.0,""maximum_aoi_s"":1.5,""position_error_m"":null,""heading_error_deg"":null,""aoi_s"":0.13743162155151367,""position_margin_m"":null,""heading_margin_deg"":null,""freshness_margin_s"":null,""normalized_margin"":null,""observable"":false,""raw_pass"":false,""reason"":""GPS course unobservable at low speed"",""status"":""unobservable"",""observed_evaluations"":0,""satisfaction_fraction"":null},{""service_id"":""global_state_tracking"",""label"":""Global asset tracking"",""family"":""global_synchronization"",""horizon_s"":0.0,""position_tolerance_m"":1.0,""heading_tolerance_deg"":5.0,""maximum_aoi_s"":1.0,""position_error_m"":0.3481689535855892,""heading_error_deg"":null,""aoi_s"":0.13743162155151367,""position_margin_m"":0.6518310464144108,""heading_margin_deg"":null,""freshness_margin_s"":0.8625683784484863,""normalized_margin"":null,""observable"":false,""raw_pass"":false,""reason"":""GPS course unobservable at low speed"",""status"":""unobservable"",""observed_evaluations"":0,""satisfaction_fraction"":null}]",high,10.0,0.4895000020042062
9.144999999999527,5600.164,1789517214.1935308,3530,0.0,0.0,0.0006120651520586939,0.5910527062246651,0.18479035497797808,True,0.190344443,344.74,,,0.02,0.13633394241333008,1789511613.8931968,1.0977039337376482,0.6192663214065395,,-97.80704,-0.0,0.0,0.002072578486743266,0.0004145156973486533,0.002072578486743266,0.005921652819266475,low-motion,693.5453414916992,619,1058.2703871508797,0,False,0,136759,126864,0.0,0.0,11.4573,11,0.93,False,"[{""service_id"":""local_1s_tight"",""label"":""Immediate motion"",""family"":""local_relative_motion"",""horizon_s"":1.0,""position_tolerance_m"":0.1,""heading_tolerance_deg"":2.0,""maximum_aoi_s"":0.6,""position_error_m"":null,""heading_error_deg"":null,""aoi_s"":0.13633394241333008,""position_margin_m"":null,""heading_margin_deg"":null,""freshness_margin_s"":null,""normalized_margin"":null,""observable"":false,""raw_pass"":false,""reason"":""GPS course unobservable at low speed"",""status"":""unobservable"",""observed_evaluations"":0,""satisfaction_fraction"":null},{""service_id"":""local_5s_moderate"",""label"":""Short prediction"",""family"":""local_relative_motion"",""horizon_s"":5.0,""position_tolerance_m"":0.2,""heading_tolerance_deg"":5.0,""maximum_aoi_s"":1.0,""position_error_m"":null,""heading_error_deg"":null,""aoi_s"":0.13633394241333008,""position_margin_m"":null,""heading_margin_deg"":null,""freshness_margin_s"":null,""normalized_margin"":null,""observable"":false,""raw_pass"":false,""reason"":""GPS course unobservable at low speed"",""status"":""unobservable"",""observed_evaluations"":0,""satisfaction_fraction"":null},{""service_id"":""local_10s_preview"",""label"":""Planning support"",""family"":""local_relative_motion"",""horizon_s"":10.0,""position_tolerance_m"":0.5,""heading_tolerance_deg"":10.0,""maximum_aoi_s"":1.5,""position_error_m"":null,""heading_error_deg"":null,""aoi_s"":0.13633394241333008,""position_margin_m"":null,""heading_margin_deg"":null,""freshness_margin_s"":null,""normalized_margin"":null,""observable"":false,""raw_pass"":false,""reason"":""GPS course unobservable at low speed"",""status"":""unobservable"",""observed_evaluations"":0,""satisfaction_fraction"":null},{""service_id"":""global_state_tracking"",""label"":""Global asset tracking"",""family"":""global_synchronization"",""horizon_s"":0.0,""position_tolerance_m"":1.0,""heading_tolerance_deg"":5.0,""maximum_aoi_s"":1.0,""position_error_m"":0.6192663214065395,""heading_error_deg"":null,""aoi_s"":0.13633394241333008,""position_margin_m"":0.3807336785934605,""heading_margin_deg"":null,""freshness_margin_s"":0.8636660575866699,""normalized_margin"":null,""observable"":false,""raw_pass"":false,""reason"":""GPS course unobservable at low speed"",""status"":""unobservable"",""observed_evaluations"":0,""satisfaction_fraction"":null}]",high,10.0,0.24909997591748834
9.845999999999549,5600.865,1789517214.7622776,3531,0.0,0.0,0.00044383722878205134,0.5910527062246651,0.18479035497797808,True,0.190344443,344.74,,,0.721,0.004080772399902344,1789511613.8931968,132.2531948089818,0.6192663214065395,,-97.72892,-0.0,0.0,-0.0011999138607461017,-0.00023998277214922034,0.0011999138607461017,0.0034283253164174338,low-motion,564.8300647735596,625,1088.7829567429444,0,False,0,136759,126864,0.0,0.0,11.4573,11,0.93,False,"[{""service_id"":""local_1s_tight"",""label"":""Immediate motion"",""family"":""local_relative_motion"",""horizon_s"":1.0,""position_tolerance_m"":0.1,""heading_tolerance_deg"":2.0,""maximum_aoi_s"":0.6,""position_error_m"":null,""heading_error_deg"":null,""aoi_s"":0.004080772399902344,""position_margin_m"":null,""heading_margin_deg"":null,""freshness_margin_s"":null,""normalized_margin"":null,""observable"":false,""raw_pass"":false,""reason"":""GPS course unobservable at low speed"",""status"":""unobservable"",""observed_evaluations"":0,""satisfaction_fraction"":null},{""service_id"":""local_5s_moderate"",""label"":""Short prediction"",""family"":""local_relative_motion"",""horizon_s"":5.0,""position_tolerance_m"":0.2,""heading_tolerance_deg"":5.0,""maximum_aoi_s"":1.0,""position_error_m"":null,""heading_error_deg"":null,""aoi_s"":0.004080772399902344,""position_margin_m"":null,""heading_margin_deg"":null,""freshness_margin_s"":null,""normalized_margin"":null,""observable"":false,""raw_pass"":false,""reason"":""GPS course unobservable at low speed"",""status"":""unobservable"",""observed_evaluations"":0,""satisfaction_fraction"":null},{""service_id"":""local_10s_preview"",""label"":""Planning support"",""family"":""local_relative_motion"",""horizon_s"":10.0,""position_tolerance_m"":0.5,""heading_tolerance_deg"":10.0,""maximum_aoi_s"":1.5,""position_error_m"":null,""heading_error_deg"":null,""aoi_s"":0.004080772399902344,""position_margin_m"":null,""heading_margin_deg"":null,""freshness_margin_s"":null,""normalized_margin"":null,""observable"":false,""raw_pass"":false,""reason"":""GPS course unobservable at low speed"",""status"":""unobservable"",""observed_evaluations"":0,""satisfaction_fraction"":null},{""service_id"":""global_state_tracking"",""label"":""Global asset tracking"",""family"":""global_synchronization"",""horizon_s"":0.0,""position_tolerance_m"":1.0,""heading_tolerance_deg"":5.0,""maximum_aoi_s"":1.0,""position_error_m"":0.6192663214065395,""heading_error_deg"":null,""aoi_s"":0.004080772399902344,""position_margin_m"":0.3807336785934605,""heading_margin_deg"":null,""freshness_margin_s"":0.9959192276000977,""normalized_margin"":null,""observable"":false,""raw_pass"":false,""reason"":""GPS course unobservable at low speed"",""status"":""unobservable"",""observed_evaluations"":0,""satisfaction_fraction"":null}]",high,10.0,0.30319998040795326
10.416999999999462,5601.436,1789517215.463194,3532,-0.00044008820899023597,3.6651547071107256e-06,-0.017099907071852716,0.5910527062246651,0.3706939041650225,True,0.164622221,344.74,,,0.02,0.13399696350097656,1789511613.8931968,129.91629028329044,0.6980508428219675,,-98.60622,-0.0007707591433392449,-0.008107919982529861,-0.12119129993535625,-0.030724595973095143,0.11308337995282638,0.3230953712937897,low-motion,696.9115734100342,626,1093.9194329604074,0,False,0,136759,126870,0.0,-0.037762009,11.4573,11,0.93,False,"[{""service_id"":""local_1s_tight"",""label"":""Immediate motion"",""family"":""local_relative_motion"",""horizon_s"":1.0,""position_tolerance_m"":0.1,""heading_tolerance_deg"":2.0,""maximum_aoi_s"":0.6,""position_error_m"":null,""heading_error_deg"":null,""aoi_s"":0.13399696350097656,""position_margin_m"":null,""heading_margin_deg"":null,""freshness_margin_s"":null,""normalized_margin"":null,""observable"":false,""raw_pass"":false,""reason"":""GPS course unobservable at low speed"",""status"":""unobservable"",""observed_evaluations"":0,""satisfaction_fraction"":null},{""service_id"":""local_5s_moderate"",""label"":""Short prediction"",""family"":""local_relative_motion"",""horizon_s"":5.0,""position_tolerance_m"":0.2,""heading_tolerance_deg"":5.0,""maximum_aoi_s"":1.0,""position_error_m"":null,""heading_error_deg"":null,""aoi_s"":0.13399696350097656,""position_margin_m"":null,""heading_margin_deg"":null,""freshness_margin_s"":null,""normalized_margin"":null,""observable"":false,""raw_pass"":false,""reason"":""GPS course unobservable at low speed"",""status"":""unobservable"",""observed_evaluations"":0,""satisfaction_fraction"":null},{""service_id"":""local_10s_preview"",""label"":""Planning support"",""family"":""local_relative_motion"",""horizon_s"":10.0,""position_tolerance_m"":0.5,""heading_tolerance_deg"":10.0,""maximum_aoi_s"":1.5,""position_error_m"":null,""heading_error_deg"":null,""aoi_s"":0.13399696350097656,""position_margin_m"":null,""heading_margin_deg"":null,""freshness_margin_s"":null,""normalized_margin"":null,""observable"":false,""raw_pass"":false,""reason"":""GPS course unobservable at low speed"",""status"":""unobservable"",""observed_evaluations"":0,""satisfaction_fraction"":null},{""service_id"":""global_state_tracking"",""label"":""Global asset tracking"",""family"":""global_synchronization"",""horizon_s"":0.0,""position_tolerance_m"":1.0,""heading_tolerance_deg"":5.0,""maximum_aoi_s"":1.0,""position_error_m"":0.6980508428219675,""heading_error_deg"":null,""aoi_s"":0.13399696350097656,""position_margin_m"":0.3019491571780325,""heading_margin_deg"":null,""freshness_margin_s"":0.8660030364990234,""normalized_margin"":null,""observable"":false,""raw_pass"":false,""reason"":""GPS course unobservable at low speed"",""status"":""unobservable"",""observed_evaluations"":0,""satisfaction_fraction"":null}]",high,10.0,0.19130000146105886
11.123999999999796,5602.143,1789517216.1701555,3533,-0.03659232929798894,0.008073878867701771,-0.42215558923222485,0.7381512802605822,0.18479035497797808,True,0.164622221,344.74,,,0.027,0.1339588165283203,1789511613.8931968,0.0383682254323503,0.7946422927837893,,-107.1588,-0.0523932703388611,-0.533683477039271,-0.7298748765683787,-0.5729217569450925,0.1961913995291077,0.5605468557974506,turning,703.7546634674072,646,1066.1601798462034,0,False,0,136767,127367,-0.058063825,-0.115577564,11.4573,11,0.93,False,"[{""service_id"":""local_1s_tight"",""label"":""Immediate motion"",""family"":""local_relative_motion"",""horizon_s"":1.0,""position_tolerance_m"":0.1,""heading_tolerance_deg"":2.0,""maximum_aoi_s"":0.6,""position_error_m"":null,""heading_error_deg"":null,""aoi_s"":0.1339588165283203,""position_margin_m"":null,""heading_margin_deg"":null,""freshness_margin_s"":null,""normalized_margin"":null,""observable"":false,""raw_pass"":false,""reason"":""GPS course unobservable at low speed"",""status"":""unobservable"",""observed_evaluations"":0,""satisfaction_fraction"":null},{""service_id"":""local_5s_moderate"",""label"":""Short prediction"",""family"":""local_relative_motion"",""horizon_s"":5.0,""position_tolerance_m"":0.2,""heading_tolerance_deg"":5.0,""maximum_aoi_s"":1.0,""position_error_m"":null,""heading_error_deg"":null,""aoi_s"":0.1339588165283203,""position_margin_m"":null,""heading_margin_deg"":null,""freshness_margin_s"":null,""normalized_margin"":null,""observable"":false,""raw_pass"":false,""reason"":""GPS course unobservable at low speed"",""status"":""unobservable"",""observed_evaluations"":0,""satisfaction_fraction"":null},{""service_id"":""local_10s_preview"",""label"":""Planning support"",""family"":""local_relative_motion"",""horizon_s"":10.0,""position_tolerance_m"":0.5,""heading_tolerance_deg"":10.0,""maximum_aoi_s"":1.5,""position_error_m"":null,""heading_error_deg"":null,""aoi_s"":0.1339588165283203,""position_margin_m"":null,""heading_margin_deg"":null,""freshness_margin_s"":null,""normalized_margin"":null,""observable"":false,""raw_pass"":false,""reason"":""GPS course unobservable at low speed"",""status"":""unobservable"",""observed_evaluations"":0,""satisfaction_fraction"":null},{""service_id"":""global_state_tracking"",""label"":""Global asset tracking"",""family"":""global_synchronization"",""horizon_s"":0.0,""position_tolerance_m"":1.0,""heading_tolerance_deg"":5.0,""maximum_aoi_s"":1.0,""position_error_m"":0.7946422927837893,""heading_error_deg"":null,""aoi_s"":0.1339588165283203,""position_margin_m"":0.20535770721621072,""heading_margin_deg"":null,""freshness_margin_s"":0.8660411834716797,""normalized_margin"":null,""observable"":false,""raw_pass"":false,""reason"":""GPS course unobservable at low speed"",""status"":""unobservable"",""observed_evaluations"":0,""satisfaction_fraction"":null}]",high,10.0,0.2707000239752233
11.832999999999629,5602.852,1789517216.882885,3534,-0.11194421669075236,0.04960716666645116,-0.5853588183434559,0.7381512802605822,0.18479035497797808,True,0.12861111,344.74,,,0.025,0.13768815994262695,1789511613.8931968,3.7294540406946908,0.8607768865037015,,-112.2905,-0.12135434210231133,-0.2339842023167281,-0.21500274723005147,-0.23018791129939276,0.01898145508667662,0.05423272881907606,translation,708.7275981903076,646,1072.8738513472547,0,False,0,137246,128061,-0.127853895,-0.149480425,11.4573,11,0.93,False,"[{""service_id"":""local_1s_tight"",""label"":""Immediate motion"",""family"":""local_relative_motion"",""horizon_s"":1.0,""position_tolerance_m"":0.1,""heading_tolerance_deg"":2.0,""maximum_aoi_s"":0.6,""position_error_m"":null,""heading_error_deg"":null,""aoi_s"":0.13768815994262695,""position_margin_m"":null,""heading_margin_deg"":null,""freshness_margin_s"":null,""normalized_margin"":null,""observable"":false,""raw_pass"":false,""reason"":""GPS course unobservable at low speed"",""status"":""unobservable"",""observed_evaluations"":0,""satisfaction_fraction"":null},{""service_id"":""local_5s_moderate"",""label"":""Short prediction"",""family"":""local_relative_motion"",""horizon_s"":5.0,""position_tolerance_m"":0.2,""heading_tolerance_deg"":5.0,""maximum_aoi_s"":1.0,""position_error_m"":null,""heading_error_deg"":null,""aoi_s"":0.13768815994262695,""position_margin_m"":null,""heading_margin_deg"":null,""freshness_margin_s"":null,""normalized_margin"":null,""observable"":false,""raw_pass"":false,""reason"":""GPS course unobservable at low speed"",""status"":""unobservable"",""observed_evaluations"":0,""satisfaction_fraction"":null},{""service_id"":""local_10s_preview"",""label"":""Planning support"",""family"":""local_relative_motion"",""horizon_s"":10.0,""position_tolerance_m"":0.5,""heading_tolerance_deg"":10.0,""maximum_aoi_s"":1.5,""position_error_m"":null,""heading_error_deg"":null,""aoi_s"":0.13768815994262695,""position_margin_m"":null,""heading_margin_deg"":null,""freshness_margin_s"":null,""normalized_margin"":null,""observable"":false,""raw_pass"":false,""reason"":""GPS course unobservable at low speed"",""status"":""unobservable"",""observed_evaluations"":0,""satisfaction_fraction"":null},{""service_id"":""global_state_tracking"",""label"":""Global asset tracking"",""family"":""global_synchronization"",""horizon_s"":0.0,""position_tolerance_m"":1.0,""heading_tolerance_deg"":5.0,""maximum_aoi_s"":1.0,""position_error_m"":0.8607768865037015,""heading_error_deg"":null,""aoi_s"":0.13768815994262695,""position_margin_m"":0.13922311349629846,""heading_margin_deg"":null,""freshness_margin_s"":0.862311840057373,""normalized_margin"":null,""observable"":false,""raw_pass"":false,""reason"":""GPS course unobservable at low speed"",""status"":""unobservable"",""observed_evaluations"":0,""satisfaction_fraction"":null}]",high,10.0,0.24470000062137842
12.545000000000073,5603.564,1789517217.6085796,3535,-0.19792810133338726,0.1124569488094633,-0.6770335189338224,0.7381512802605822,0.18479035497797808,True,0.025722222,344.74,,,0.027,0.1513829231262207,1789511613.8931968,13.694656371626479,0.9388699219238454,,-111.9739,-0.14958573025957989,-0.12137586580579295,-0.15827954654023577,-0.12875660195268152,0.03690368073444282,0.10543908781269377,translation,722.6998805999756,646,1049.3556949604033,0,False,0,137916,128843,-0.150462725,-0.169270566,11.4573,11,0.93,False,"[{""service_id"":""local_1s_tight"",""label"":""Immediate motion"",""family"":""local_relative_motion"",""horizon_s"":1.0,""position_tolerance_m"":0.1,""heading_tolerance_deg"":2.0,""maximum_aoi_s"":0.6,""position_error_m"":null,""heading_error_deg"":null,""aoi_s"":0.1513829231262207,""position_margin_m"":null,""heading_margin_deg"":null,""freshness_margin_s"":null,""normalized_margin"":null,""observable"":false,""raw_pass"":false,""reason"":""GPS course unobservable at low speed"",""status"":""unobservable"",""observed_evaluations"":0,""satisfaction_fraction"":null},{""service_id"":""local_5s_moderate"",""label"":""Short prediction"",""family"":""local_relative_motion"",""horizon_s"":5.0,""position_tolerance_m"":0.2,""heading_tolerance_deg"":5.0,""maximum_aoi_s"":1.0,""position_error_m"":null,""heading_error_deg"":null,""aoi_s"":0.1513829231262207,""position_margin_m"":null,""heading_margin_deg"":null,""freshness_margin_s"":null,""normalized_margin"":null,""observable"":false,""raw_pass"":false,""reason"":""GPS course unobservable at low speed"",""status"":""unobservable"",""observed_evaluations"":0,""satisfaction_fraction"":null},{""service_id"":""local_10s_preview"",""label"":""Planning support"",""family"":""local_relative_motion"",""horizon_s"":10.0,""position_tolerance_m"":0.5,""heading_tolerance_deg"":10.0,""maximum_aoi_s"":1.5,""position_error_m"":null,""heading_error_deg"":null,""aoi_s"":0.1513829231262207,""position_margin_m"":null,""heading_margin_deg"":null,""freshness_margin_s"":null,""normalized_margin"":null,""observable"":false,""raw_pass"":false,""reason"":""GPS course unobservable at low speed"",""status"":""unobservable"",""observed_evaluations"":0,""satisfaction_fraction"":null},{""service_id"":""global_state_tracking"",""label"":""Global asset tracking"",""family"":""global_synchronization"",""horizon_s"":0.0,""position_tolerance_m"":1.0,""heading_tolerance_deg"":5.0,""maximum_aoi_s"":1.0,""position_error_m"":0.9388699219238454,""heading_error_deg"":null,""aoi_s"":0.1513829231262207,""position_margin_m"":0.06113007807615456,""heading_margin_deg"":null,""freshness_margin_s"":0.8486170768737793,""normalized_margin"":null,""observable"":false,""raw_pass"":false,""reason"":""GPS course unobservable at low speed"",""status"":""unobservable"",""observed_evaluations"":0,""satisfaction_fraction"":null}]",high,10.0,0.22709998302161694
13.261999999999716,5604.281,1789517218.306782,3536,-0.2866164839336219,0.18671873710301468,-0.7171557196764438,0.7381512802605822,0.5565974541430395,True,0.025722222,344.74,,,0.038,0.1325852870941162,1789511613.8931968,18.79762840235344,1.0894765880232409,,-113.5999,-0.16133035181903738,-0.07210243950993767,0.008617563181722002,-0.05595843897160574,0.08072000269165967,0.23062857911902765,translation,695.2009201049805,646,1053.9867457763785,0,False,0,138671,129665,-0.150293645,-0.168953777,11.4573,11,0.93,False,"[{""service_id"":""local_1s_tight"",""label"":""Immediate motion"",""family"":""local_relative_motion"",""horizon_s"":1.0,""position_tolerance_m"":0.1,""heading_tolerance_deg"":2.0,""maximum_aoi_s"":0.6,""position_error_m"":null,""heading_error_deg"":null,""aoi_s"":0.1325852870941162,""position_margin_m"":null,""heading_margin_deg"":null,""freshness_margin_s"":null,""normalized_margin"":null,""observable"":false,""raw_pass"":false,""reason"":""GPS course unobservable at low speed"",""status"":""unobservable"",""observed_evaluations"":0,""satisfaction_fraction"":null},{""service_id"":""local_5s_moderate"",""label"":""Short prediction"",""family"":""local_relative_motion"",""horizon_s"":5.0,""position_tolerance_m"":0.2,""heading_tolerance_deg"":5.0,""maximum_aoi_s"":1.0,""position_error_m"":null,""heading_error_deg"":null,""aoi_s"":0.1325852870941162,""position_margin_m"":null,""heading_margin_deg"":null,""freshness_margin_s"":null,""normalized_margin"":null,""observable"":false,""raw_pass"":false,""reason"":""GPS course unobservable at low speed"",""status"":""unobservable"",""observed_evaluations"":0,""satisfaction_fraction"":null},{""service_id"":""local_10s_preview"",""label"":""Planning support"",""family"":""local_relative_motion"",""horizon_s"":10.0,""position_tolerance_m"":0.5,""heading_tolerance_deg"":10.0,""maximum_aoi_s"":1.5,""position_error_m"":null,""heading_error_deg"":null,""aoi_s"":0.1325852870941162,""position_margin_m"":null,""heading_margin_deg"":null,""freshness_margin_s"":null,""normalized_margin"":null,""observable"":false,""raw_pass"":false,""reason"":""GPS course unobservable at low speed"",""status"":""unobservable"",""observed_evaluations"":0,""satisfaction_fraction"":null},{""service_id"":""global_state_tracking"",""label"":""Global asset tracking"",""family"":""global_synchronization"",""horizon_s"":0.0,""position_tolerance_m"":1.0,""heading_tolerance_deg"":5.0,""maximum_aoi_s"":1.0,""position_error_m"":1.0894765880232409,""heading_error_deg"":null,""aoi_s"":0.1325852870941162,""position_margin_m"":-0.08947658802324088,""heading_margin_deg"":null,""freshness_margin_s"":0.8674147129058838,""normalized_margin"":-0.08947658802324088,""observable"":true,""raw_pass"":false,""reason"":""position tolerance"",""status"":""withdrawn"",""observed_evaluations"":1,""satisfaction_fraction"":0.0}]",high,10.0,0.14839996583759785
13.961999999999534,5604.981,1789517219.0111923,3537,-0.37482758454080206,0.2668821692829305,-0.7581208342076278,0.7381512802605822,0.5565974541430395,True,0.277799998,344.74,,,0.004,0.13699555397033691,1789511613.8931968,4.410314560118422,1.1500682152707953,,-112.7008,-0.1702781286014234,-0.05621684233601842,-0.06774059159302992,-0.05852159218742072,0.011523749257011502,0.032924997877175725,translation,702.4500370025635,646,1058.6048801446766,0,False,0,139458,130503,-0.169689071,-0.180712123,11.43301,11,0.93,False,"[{""service_id"":""local_1s_tight"",""label"":""Immediate motion"",""family"":""local_relative_motion"",""horizon_s"":1.0,""position_tolerance_m"":0.1,""heading_tolerance_deg"":2.0,""maximum_aoi_s"":0.6,""position_error_m"":null,""heading_error_deg"":null,""aoi_s"":0.13699555397033691,""position_margin_m"":null,""heading_margin_deg"":null,""freshness_margin_s"":null,""normalized_margin"":null,""observable"":false,""raw_pass"":false,""reason"":""GPS course unobservable at low speed"",""status"":""unobservable"",""observed_evaluations"":0,""satisfaction_fraction"":null},{""service_id"":""local_5s_moderate"",""label"":""Short prediction"",""family"":""local_relative_motion"",""horizon_s"":5.0,""position_tolerance_m"":0.2,""heading_tolerance_deg"":5.0,""maximum_aoi_s"":1.0,""position_error_m"":null,""heading_error_deg"":null,""aoi_s"":0.13699555397033691,""position_margin_m"":null,""heading_margin_deg"":null,""freshness_margin_s"":null,""normalized_margin"":null,""observable"":false,""raw_pass"":false,""reason"":""GPS course unobservable at low speed"",""status"":""unobservable"",""observed_evaluations"":0,""satisfaction_fraction"":null},{""service_id"":""local_10s_preview"",""label"":""Planning support"",""family"":""local_relative_motion"",""horizon_s"":10.0,""position_tolerance_m"":0.5,""heading_tolerance_deg"":10.0,""maximum_aoi_s"":1.5,""position_error_m"":null,""heading_error_deg"":null,""aoi_s"":0.13699555397033691,""position_margin_m"":null,""heading_margin_deg"":null,""freshness_margin_s"":null,""normalized_margin"":null,""observable"":false,""raw_pass"":false,""reason"":""GPS course unobservable at low speed"",""status"":""unobservable"",""observed_evaluations"":0,""satisfaction_fraction"":null},{""service_id"":""global_state_tracking"",""label"":""Global asset tracking"",""family"":""global_synchronization"",""horizon_s"":0.0,""position_tolerance_m"":1.0,""heading_tolerance_deg"":5.0,""maximum_aoi_s"":1.0,""position_error_m"":1.1500682152707953,""heading_error_deg"":null,""aoi_s"":0.13699555397033691,""position_margin_m"":-0.15006821527079528,""heading_margin_deg"":null,""freshness_margin_s"":0.8630044460296631,""normalized_margin"":-0.15006821527079528,""observable"":true,""raw_pass"":false,""reason"":""position tolerance"",""status"":""withdrawn"",""observed_evaluations"":2,""satisfaction_fraction"":0.0}]",high,10.0,0.2975999959744513
14.666999999999462,5605.686,1789517219.7220552,3538,-0.4177291926659443,0.307879254096561,-0.767282740668215,0.5910527062246651,0.741387808330045,True,0.277799998,344.74,,,0.025,0.14285826683044434,1789511613.8931968,5.8628749848139705,1.0979847841035637,,-115.1684,-0.0841710893416004,-0.03830656757703342,0.08824821030396329,-0.01299561200083408,0.12655477788099673,0.36158507965999065,low-motion,704.8628330230713,647,1033.9173285923082,0,False,0,139845,130925,-0.075231363,-0.075268997,11.43301,11,0.93,False,"[{""service_id"":""local_1s_tight"",""label"":""Immediate motion"",""family"":""local_relative_motion"",""horizon_s"":1.0,""position_tolerance_m"":0.1,""heading_tolerance_deg"":2.0,""maximum_aoi_s"":0.6,""position_error_m"":null,""heading_error_deg"":null,""aoi_s"":0.14285826683044434,""position_margin_m"":null,""heading_margin_deg"":null,""freshness_margin_s"":null,""normalized_margin"":null,""observable"":false,""raw_pass"":false,""reason"":""GPS course unobservable at low speed"",""status"":""unobservable"",""observed_evaluations"":0,""satisfaction_fraction"":null},{""service_id"":""local_5s_moderate"",""label"":""Short prediction"",""family"":""local_relative_motion"",""horizon_s"":5.0,""position_tolerance_m"":0.2,""heading_tolerance_deg"":5.0,""maximum_aoi_s"":1.0,""position_error_m"":null,""heading_error_deg"":null,""aoi_s"":0.14285826683044434,""position_margin_m"":null,""heading_margin_deg"":null,""freshness_margin_s"":null,""normalized_margin"":null,""observable"":false,""raw_pass"":false,""reason"":""GPS course unobservable at low speed"",""status"":""unobservable"",""observed_evaluations"":0,""satisfaction_fraction"":null},{""service_id"":""local_10s_preview"",""label"":""Planning support"",""family"":""local_relative_motion"",""horizon_s"":10.0,""position_tolerance_m"":0.5,""heading_tolerance_deg"":10.0,""maximum_aoi_s"":1.5,""position_error_m"":null,""heading_error_deg"":null,""aoi_s"":0.14285826683044434,""position_margin_m"":null,""heading_margin_deg"":null,""freshness_margin_s"":null,""normalized_margin"":null,""observable"":false,""raw_pass"":false,""reason"":""GPS course unobservable at low speed"",""status"":""unobservable"",""observed_evaluations"":0,""satisfaction_fraction"":null},{""service_id"":""global_state_tracking"",""label"":""Global asset tracking"",""family"":""global_synchronization"",""horizon_s"":0.0,""position_tolerance_m"":1.0,""heading_tolerance_deg"":5.0,""maximum_aoi_s"":1.0,""position_error_m"":1.0979847841035637,""heading_error_deg"":null,""aoi_s"":0.14285826683044434,""position_margin_m"":-0.0979847841035637,""heading_margin_deg"":null,""freshness_margin_s"":0.8571417331695557,""normalized_margin"":-0.0979847841035637,""observable"":true,""raw_pass"":false,""reason"":""position tolerance"",""status"":""withdrawn"",""observed_evaluations"":3,""satisfaction_fraction"":0.0}]",high,10.0,0.2969999914057553
15.420000000000073,5606.439,1789517220.3344448,3539,-0.43715269807496815,0.3274591869695658,-0.8115347571910232,0.44306799549508247,0.741387808330045,True,0.154333332,344.74,,,0.067,0.002248048782348633,1789511613.8931968,140.61043548645102,0.9726897619335406,,-122.8565,-0.036626583673794365,-0.0368894207969728,-0.14628040793277475,-0.05876761822413319,0.10939098713580195,0.3125456775308627,low-motion,608.389139175415,633,1054.34931177617,0,False,0,140015,131131,0.0,-0.037517199,11.43301,11,0.93,False,"[{""service_id"":""local_1s_tight"",""label"":""Immediate motion"",""family"":""local_relative_motion"",""horizon_s"":1.0,""position_tolerance_m"":0.1,""heading_tolerance_deg"":2.0,""maximum_aoi_s"":0.6,""position_error_m"":null,""heading_error_deg"":null,""aoi_s"":0.002248048782348633,""position_margin_m"":null,""heading_margin_deg"":null,""freshness_margin_s"":null,""normalized_margin"":null,""observable"":false,""raw_pass"":false,""reason"":""GPS course unobservable at low speed"",""status"":""unobservable"",""observed_evaluations"":0,""satisfaction_fraction"":null},{""service_id"":""local_5s_moderate"",""label"":""Short prediction"",""family"":""local_relative_motion"",""horizon_s"":5.0,""position_tolerance_m"":0.2,""heading_tolerance_deg"":5.0,""maximum_aoi_s"":1.0,""position_error_m"":null,""heading_error_deg"":null,""aoi_s"":0.002248048782348633,""position_margin_m"":null,""heading_margin_deg"":null,""freshness_margin_s"":null,""normalized_margin"":null,""observable"":false,""raw_pass"":false,""reason"":""GPS course unobservable at low speed"",""status"":""unobservable"",""observed_evaluations"":0,""satisfaction_fraction"":null},{""service_id"":""local_10s_preview"",""label"":""Planning support"",""family"":""local_relative_motion"",""horizon_s"":10.0,""position_tolerance_m"":0.5,""heading_tolerance_deg"":10.0,""maximum_aoi_s"":1.5,""position_error_m"":null,""heading_error_deg"":null,""aoi_s"":0.002248048782348633,""position_margin_m"":null,""heading_margin_deg"":null,""freshness_margin_s"":null,""normalized_margin"":null,""observable"":false,""raw_pass"":false,""reason"":""GPS course unobservable at low speed"",""status"":""unobservable"",""observed_evaluations"":0,""satisfaction_fraction"":null},{""service_id"":""global_state_tracking"",""label"":""Global asset tracking"",""family"":""global_synchronization"",""horizon_s"":0.0,""position_tolerance_m"":1.0,""heading_tolerance_deg"":5.0,""maximum_aoi_s"":1.0,""position_error_m"":0.9726897619335406,""heading_error_deg"":null,""aoi_s"":0.002248048782348633,""position_margin_m"":0.02731023806645938,""heading_margin_deg"":null,""freshness_margin_s"":0.9977519512176514,""normalized_margin"":null,""observable"":false,""raw_pass"":false,""reason"":""GPS course unobservable at low speed"",""status"":""unobservable"",""observed_evaluations"":3,""satisfaction_fraction"":0.0}]",high,10.0,0.27570000384002924
15.996999999999389,5607.016,1789517221.0612946,3540,-0.43982629003797047,0.3303816657606815,-0.8481535546902235,0.44306799549508247,0.741387808330045,True,0.154333332,344.74,,,0.644,0.1520977020263672,1789511613.8931968,149.84979438850132,0.9738728708905839,,-124.4203,-0.006864698852035474,-0.0722124797058301,-0.028470683423157502,-0.06346412044929559,0.04374179628267259,0.12497656080763599,low-motion,720.8371162414551,621,1049.0399001234418,0,False,0,140015,131185,0.0,0.0,11.43301,11,0.93,False,"[{""service_id"":""local_1s_tight"",""label"":""Immediate motion"",""family"":""local_relative_motion"",""horizon_s"":1.0,""position_tolerance_m"":0.1,""heading_tolerance_deg"":2.0,""maximum_aoi_s"":0.6,""position_error_m"":null,""heading_error_deg"":null,""aoi_s"":0.1520977020263672,""position_margin_m"":null,""heading_margin_deg"":null,""freshness_margin_s"":null,""normalized_margin"":null,""observable"":false,""raw_pass"":false,""reason"":""GPS course unobservable at low speed"",""status"":""unobservable"",""observed_evaluations"":0,""satisfaction_fraction"":null},{""service_id"":""local_5s_moderate"",""label"":""Short prediction"",""family"":""local_relative_motion"",""horizon_s"":5.0,""position_tolerance_m"":0.2,""heading_tolerance_deg"":5.0,""maximum_aoi_s"":1.0,""position_error_m"":null,""heading_error_deg"":null,""aoi_s"":0.1520977020263672,""position_margin_m"":null,""heading_margin_deg"":null,""freshness_margin_s"":null,""normalized_margin"":null,""observable"":false,""raw_pass"":false,""reason"":""GPS course unobservable at low speed"",""status"":""unobservable"",""observed_evaluations"":0,""satisfaction_fraction"":null},{""service_id"":""local_10s_preview"",""label"":""Planning support"",""family"":""local_relative_motion"",""horizon_s"":10.0,""position_tolerance_m"":0.5,""heading_tolerance_deg"":10.0,""maximum_aoi_s"":1.5,""position_error_m"":null,""heading_error_deg"":null,""aoi_s"":0.1520977020263672,""position_margin_m"":null,""heading_margin_deg"":null,""freshness_margin_s"":null,""normalized_margin"":null,""observable"":false,""raw_pass"":false,""reason"":""GPS course unobservable at low speed"",""status"":""unobservable"",""observed_evaluations"":0,""satisfaction_fraction"":null},{""service_id"":""global_state_tracking"",""label"":""Global asset tracking"",""family"":""global_synchronization"",""horizon_s"":0.0,""position_tolerance_m"":1.0,""heading_tolerance_deg"":5.0,""maximum_aoi_s"":1.0,""position_error_m"":0.9738728708905839,""heading_error_deg"":null,""aoi_s"":0.1520977020263672,""position_margin_m"":0.02612712910941606,""heading_margin_deg"":null,""freshness_margin_s"":0.8479022979736328,""normalized_margin"":null,""observable"":false,""raw_pass"":false,""reason"":""GPS course unobservable at low speed"",""status"":""unobservable"",""observed_evaluations"":3,""satisfaction_fraction"":0.0}]",high,10.0,0.17180002760142088
16.738999999999578,5607.758,1789517221.651969,3541,-0.43982629003797047,0.3303816657606815,-0.8471984668903008,0.44306799549508247,0.741387808330045,True,0.133755554,344.74,,,0.057,0.0007722377777099609,1789511613.8931968,151.32559967059933,0.9738728708905839,,-125.6879,-0.0,0.0,0.0064359016167290905,0.0012871803233458182,0.0064359016167290905,0.01838829033351169,low-motion,586.6749286651611,616,1069.597437342861,0,False,0,140015,131185,0.0,0.0,11.43301,11,0.93,False,"[{""service_id"":""local_1s_tight"",""label"":""Immediate motion"",""family"":""local_relative_motion"",""horizon_s"":1.0,""position_tolerance_m"":0.1,""heading_tolerance_deg"":2.0,""maximum_aoi_s"":0.6,""position_error_m"":null,""heading_error_deg"":null,""aoi_s"":0.0007722377777099609,""position_margin_m"":null,""heading_margin_deg"":null,""freshness_margin_s"":null,""normalized_margin"":null,""observable"":false,""raw_pass"":false,""reason"":""GPS course unobservable at low speed"",""status"":""unobservable"",""observed_evaluations"":0,""satisfaction_fraction"":null},{""service_id"":""local_5s_moderate"",""label"":""Short prediction"",""family"":""local_relative_motion"",""horizon_s"":5.0,""position_tolerance_m"":0.2,""heading_tolerance_deg"":5.0,""maximum_aoi_s"":1.0,""position_error_m"":null,""heading_error_deg"":null,""aoi_s"":0.0007722377777099609,""position_margin_m"":null,""heading_margin_deg"":null,""freshness_margin_s"":null,""normalized_margin"":null,""observable"":false,""raw_pass"":false,""reason"":""GPS course unobservable at low speed"",""status"":""unobservable"",""observed_evaluations"":0,""satisfaction_fraction"":null},{""service_id"":""local_10s_preview"",""label"":""Planning support"",""family"":""local_relative_motion"",""horizon_s"":10.0,""position_tolerance_m"":0.5,""heading_tolerance_deg"":10.0,""maximum_aoi_s"":1.5,""position_error_m"":null,""heading_error_deg"":null,""aoi_s"":0.0007722377777099609,""position_margin_m"":null,""heading_margin_deg"":null,""freshness_margin_s"":null,""normalized_margin"":null,""observable"":false,""raw_pass"":false,""reason"":""GPS course unobservable at low speed"",""status"":""unobservable"",""observed_evaluations"":0,""satisfaction_fraction"":null},{""service_id"":""global_state_tracking"",""label"":""Global asset tracking"",""family"":""global_synchronization"",""horizon_s"":0.0,""position_tolerance_m"":1.0,""heading_tolerance_deg"":5.0,""maximum_aoi_s"":1.0,""position_error_m"":0.9738728708905839,""heading_error_deg"":null,""aoi_s"":0.0007722377777099609,""position_margin_m"":0.02612712910941606,""heading_margin_deg"":null,""freshness_margin_s"":0.99922776222229,""normalized_margin"":null,""observable"":false,""raw_pass"":false,""reason"":""GPS course unobservable at low speed"",""status"":""unobservable"",""observed_evaluations"":3,""satisfaction_fraction"":0.0}]",high,10.0,0.14590000500902534
17.309000000000196,5608.328,1789517222.3605638,3542,-0.43982629003797047,0.3303816657606815,-0.8475839664888354,0.44306799549508247,0.927291358308062,True,0.12861111,344.74,,,0.019,0.13936686515808105,1789511613.8931968,138.5947990411296,1.0657408223784657,,-125.9322,-0.0,0.0,-0.0033815754257390134,-0.0006763150851478027,0.0033815754257390134,0.009661644073540039,low-motion,705.6922912597656,614,1066.7123190267994,0,False,0,140015,131185,0.0,0.0,11.43301,11,0.93,False,"[{""service_id"":""local_1s_tight"",""label"":""Immediate motion"",""family"":""local_relative_motion"",""horizon_s"":1.0,""position_tolerance_m"":0.1,""heading_tolerance_deg"":2.0,""maximum_aoi_s"":0.6,""position_error_m"":null,""heading_error_deg"":null,""aoi_s"":0.13936686515808105,""position_margin_m"":null,""heading_margin_deg"":null,""freshness_margin_s"":null,""normalized_margin"":null,""observable"":false,""raw_pass"":false,""reason"":""GPS course unobservable at low speed"",""status"":""unobservable"",""observed_evaluations"":0,""satisfaction_fraction"":null},{""service_id"":""local_5s_moderate"",""label"":""Short prediction"",""family"":""local_relative_motion"",""horizon_s"":5.0,""position_tolerance_m"":0.2,""heading_tolerance_deg"":5.0,""maximum_aoi_s"":1.0,""position_error_m"":null,""heading_error_deg"":null,""aoi_s"":0.13936686515808105,""position_margin_m"":null,""heading_margin_deg"":null,""freshness_margin_s"":null,""normalized_margin"":null,""observable"":false,""raw_pass"":false,""reason"":""GPS course unobservable at low speed"",""status"":""unobservable"",""observed_evaluations"":0,""satisfaction_fraction"":null},{""service_id"":""local_10s_preview"",""label"":""Planning support"",""family"":""local_relative_motion"",""horizon_s"":10.0,""position_tolerance_m"":0.5,""heading_tolerance_deg"":10.0,""maximum_aoi_s"":1.5,""position_error_m"":null,""heading_error_deg"":null,""aoi_s"":0.13936686515808105,""position_margin_m"":null,""heading_margin_deg"":null,""freshness_margin_s"":null,""normalized_margin"":null,""observable"":false,""raw_pass"":false,""reason"":""GPS course unobservable at low speed"",""status"":""unobservable"",""observed_evaluations"":0,""satisfaction_fraction"":null},{""service_id"":""global_state_tracking"",""label"":""Global asset tracking"",""family"":""global_synchronization"",""horizon_s"":0.0,""position_tolerance_m"":1.0,""heading_tolerance_deg"":5.0,""maximum_aoi_s"":1.0,""position_error_m"":1.0657408223784657,""heading_error_deg"":null,""aoi_s"":0.13936686515808105,""position_margin_m"":-0.06574082237846568,""heading_margin_deg"":null,""freshness_margin_s"":0.860633134841919,""normalized_margin"":-0.06574082237846568,""observable"":true,""raw_pass"":false,""reason"":""position tolerance"",""status"":""withdrawn"",""observed_evaluations"":4,""satisfaction_fraction"":0.0}]",high,10.0,0.20300003234297037
18.03899999999976,5609.058,1789517222.9498765,3543,-0.43982629003797047,0.3303816657606815,-0.846962847441282,0.44306799549508247,0.927291358308062,True,0.12861111,344.74,,,0.75,0.0,1789511613.8918765,140.68720817522262,1.0657408223784657,,-125.885,-0.0,0.0,0.004254240051736178,0.0008508480103472356,0.004254240051736178,0.012154971576389081,low-motion,585.3123664855957,615,1085.0522118354468,0,False,0,140015,131185,0.0,0.0,11.43301,11,0.93,False,"[{""service_id"":""local_1s_tight"",""label"":""Immediate motion"",""family"":""local_relative_motion"",""horizon_s"":1.0,""position_tolerance_m"":0.1,""heading_tolerance_deg"":2.0,""maximum_aoi_s"":0.6,""position_error_m"":null,""heading_error_deg"":null,""aoi_s"":0.0,""position_margin_m"":null,""heading_margin_deg"":null,""freshness_margin_s"":null,""normalized_margin"":null,""observable"":false,""raw_pass"":false,""reason"":""GPS course unobservable at low speed"",""status"":""unobservable"",""observed_evaluations"":0,""satisfaction_fraction"":null},{""service_id"":""local_5s_moderate"",""label"":""Short prediction"",""family"":""local_relative_motion"",""horizon_s"":5.0,""position_tolerance_m"":0.2,""heading_tolerance_deg"":5.0,""maximum_aoi_s"":1.0,""position_error_m"":null,""heading_error_deg"":null,""aoi_s"":0.0,""position_margin_m"":null,""heading_margin_deg"":null,""freshness_margin_s"":null,""normalized_margin"":null,""observable"":false,""raw_pass"":false,""reason"":""GPS course unobservable at low speed"",""status"":""unobservable"",""observed_evaluations"":0,""satisfaction_fraction"":null},{""service_id"":""local_10s_preview"",""label"":""Planning support"",""family"":""local_relative_motion"",""horizon_s"":10.0,""position_tolerance_m"":0.5,""heading_tolerance_deg"":10.0,""maximum_aoi_s"":1.5,""position_error_m"":null,""heading_error_deg"":null,""aoi_s"":0.0,""position_margin_m"":null,""heading_margin_deg"":null,""freshness_margin_s"":null,""normalized_margin"":null,""observable"":false,""raw_pass"":false,""reason"":""GPS course unobservable at low speed"",""status"":""unobservable"",""observed_evaluations"":0,""satisfaction_fraction"":null},{""service_id"":""global_state_tracking"",""label"":""Global asset tracking"",""family"":""global_synchronization"",""horizon_s"":0.0,""position_tolerance_m"":1.0,""heading_tolerance_deg"":5.0,""maximum_aoi_s"":1.0,""position_error_m"":1.0657408223784657,""heading_error_deg"":null,""aoi_s"":0.0,""position_margin_m"":-0.06574082237846568,""heading_margin_deg"":null,""freshness_margin_s"":1.0,""normalized_margin"":-0.06574082237846568,""observable"":true,""raw_pass"":false,""reason"":""position tolerance"",""status"":""withdrawn"",""observed_evaluations"":5,""satisfaction_fraction"":0.0}]",high,10.0,0.14950003242120147
18.592999999999847,5609.612,1789517223.6408648,3544,-0.43982629003797047,0.3303816657606815,-0.8468540697956515,0.5910527062246651,0.741387808330045,True,0.041155555,344.74,,,0.004,0.13698840141296387,1789511613.8918765,136.98830223074765,1.1097916715155176,,-125.8006,-0.0,0.0,0.0009817477042468104,0.0001963495408493621,0.0009817477042468104,0.002804993440705173,low-motion,689.0089511871338,624,1083.4459608984412,0,False,0,140015,131185,0.0,0.0,11.43301,11,0.93,False,"[{""service_id"":""local_1s_tight"",""label"":""Immediate motion"",""family"":""local_relative_motion"",""horizon_s"":1.0,""position_tolerance_m"":0.1,""heading_tolerance_deg"":2.0,""maximum_aoi_s"":0.6,""position_error_m"":null,""heading_error_deg"":null,""aoi_s"":0.13698840141296387,""position_margin_m"":null,""heading_margin_deg"":null,""freshness_margin_s"":null,""normalized_margin"":null,""observable"":false,""raw_pass"":false,""reason"":""GPS course unobservable at low speed"",""status"":""unobservable"",""observed_evaluations"":0,""satisfaction_fraction"":null},{""service_id"":""local_5s_moderate"",""label"":""Short prediction"",""family"":""local_relative_motion"",""horizon_s"":5.0,""position_tolerance_m"":0.2,""heading_tolerance_deg"":5.0,""maximum_aoi_s"":1.0,""position_error_m"":null,""heading_error_deg"":null,""aoi_s"":0.13698840141296387,""position_margin_m"":null,""heading_margin_deg"":null,""freshness_margin_s"":null,""normalized_margin"":null,""observable"":false,""raw_pass"":false,""reason"":""GPS course unobservable at low speed"",""status"":""unobservable"",""observed_evaluations"":0,""satisfaction_fraction"":null},{""service_id"":""local_10s_preview"",""label"":""Planning support"",""family"":""local_relative_motion"",""horizon_s"":10.0,""position_tolerance_m"":0.5,""heading_tolerance_deg"":10.0,""maximum_aoi_s"":1.5,""position_error_m"":null,""heading_error_deg"":null,""aoi_s"":0.13698840141296387,""position_margin_m"":null,""heading_margin_deg"":null,""freshness_margin_s"":null,""normalized_margin"":null,""observable"":false,""raw_pass"":false,""reason"":""GPS course unobservable at low speed"",""status"":""unobservable"",""observed_evaluations"":0,""satisfaction_fraction"":null},{""service_id"":""global_state_tracking"",""label"":""Global asset tracking"",""family"":""global_synchronization"",""horizon_s"":0.0,""position_tolerance_m"":1.0,""heading_tolerance_deg"":5.0,""maximum_aoi_s"":1.0,""position_error_m"":1.1097916715155176,""heading_error_deg"":null,""aoi_s"":0.13698840141296387,""position_margin_m"":-0.10979167151551761,""heading_margin_deg"":null,""freshness_margin_s"":0.8630115985870361,""normalized_margin"":-0.10979167151551761,""observable"":true,""raw_pass"":false,""reason"":""position tolerance"",""status"":""withdrawn"",""observed_evaluations"":6,""satisfaction_fraction"":0.0}]",high,10.0,0.2956999815069139
19.28899999999976,5610.308,1789517224.3362207,3545,-0.43982629003797047,0.3303816657606815,-0.8448952867761386,0.5910527062246651,0.3706939041650225,True,0.041155555,344.74,,,0.014,0.13634419441223145,1789511613.8918765,0.6441078185162041,1.0316668946421743,,-125.604,-0.0,0.0,0.014071717094204282,0.0028143434188408565,0.014071717094204282,0.04020490598344081,low-motion,693.3598518371582,615,1080.3686933017273,0,False,0,140015,131185,0.0,0.0,11.43301,11,0.93,False,"[{""service_id"":""local_1s_tight"",""label"":""Immediate motion"",""family"":""local_relative_motion"",""horizon_s"":1.0,""position_tolerance_m"":0.1,""heading_tolerance_deg"":2.0,""maximum_aoi_s"":0.6,""position_error_m"":null,""heading_error_deg"":null,""aoi_s"":0.13634419441223145,""position_margin_m"":null,""heading_margin_deg"":null,""freshness_margin_s"":null,""normalized_margin"":null,""observable"":false,""raw_pass"":false,""reason"":""GPS course unobservable at low speed"",""status"":""unobservable"",""observed_evaluations"":0,""satisfaction_fraction"":null},{""service_id"":""local_5s_moderate"",""label"":""Short prediction"",""family"":""local_relative_motion"",""horizon_s"":5.0,""position_tolerance_m"":0.2,""heading_tolerance_deg"":5.0,""maximum_aoi_s"":1.0,""position_error_m"":null,""heading_error_deg"":null,""aoi_s"":0.13634419441223145,""position_margin_m"":null,""heading_margin_deg"":null,""freshness_margin_s"":null,""normalized_margin"":null,""observable"":false,""raw_pass"":false,""reason"":""GPS course unobservable at low speed"",""status"":""unobservable"",""observed_evaluations"":0,""satisfaction_fraction"":null},{""service_id"":""local_10s_preview"",""label"":""Planning support"",""family"":""local_relative_motion"",""horizon_s"":10.0,""position_tolerance_m"":0.5,""heading_tolerance_deg"":10.0,""maximum_aoi_s"":1.5,""position_error_m"":null,""heading_error_deg"":null,""aoi_s"":0.13634419441223145,""position_margin_m"":null,""heading_margin_deg"":null,""freshness_margin_s"":null,""normalized_margin"":null,""observable"":false,""raw_pass"":false,""reason"":""GPS course unobservable at low speed"",""status"":""unobservable"",""observed_evaluations"":0,""satisfaction_fraction"":null},{""service_id"":""global_state_tracking"",""label"":""Global asset tracking"",""family"":""global_synchronization"",""horizon_s"":0.0,""position_tolerance_m"":1.0,""heading_tolerance_deg"":5.0,""maximum_aoi_s"":1.0,""position_error_m"":1.0316668946421743,""heading_error_deg"":null,""aoi_s"":0.13634419441223145,""position_margin_m"":-0.031666894642174315,""heading_margin_deg"":null,""freshness_margin_s"":0.8636558055877686,""normalized_margin"":-0.031666894642174315,""observable"":true,""raw_pass"":false,""reason"":""position tolerance"",""status"":""withdrawn"",""observed_evaluations"":7,""satisfaction_fraction"":0.0}]",high,10.0,0.28760003624483943
19.992999999999483,5611.012,1789517224.9065084,3546,-0.43982629003797047,0.3303816657606815,-0.844910645673556,0.5910527062246651,0.3706939041650225,True,0.041155555,344.74,,,0.718,0.0026319026947021484,1789511613.8918765,133.71229553195008,1.0316668946421743,,-125.771,-0.0,0.0,-0.0001090830782496456,-2.181661564992912e-05,0.0001090830782496456,0.0003116659378561303,low-motion,564.2879009246826,615,1083.3182435386832,0,False,0,140015,131185,0.0,0.0,11.43301,11,0.93,False,"[{""service_id"":""local_1s_tight"",""label"":""Immediate motion"",""family"":""local_relative_motion"",""horizon_s"":1.0,""position_tolerance_m"":0.1,""heading_tolerance_deg"":2.0,""maximum_aoi_s"":0.6,""position_error_m"":null,""heading_error_deg"":null,""aoi_s"":0.0026319026947021484,""position_margin_m"":null,""heading_margin_deg"":null,""freshness_margin_s"":null,""normalized_margin"":null,""observable"":false,""raw_pass"":false,""reason"":""GPS course unobservable at low speed"",""status"":""unobservable"",""observed_evaluations"":0,""satisfaction_fraction"":null},{""service_id"":""local_5s_moderate"",""label"":""Short prediction"",""family"":""local_relative_motion"",""horizon_s"":5.0,""position_tolerance_m"":0.2,""heading_tolerance_deg"":5.0,""maximum_aoi_s"":1.0,""position_error_m"":null,""heading_error_deg"":null,""aoi_s"":0.0026319026947021484,""position_margin_m"":null,""heading_margin_deg"":null,""freshness_margin_s"":null,""normalized_margin"":null,""observable"":false,""raw_pass"":false,""reason"":""GPS course unobservable at low speed"",""status"":""unobservable"",""observed_evaluations"":0,""satisfaction_fraction"":null},{""service_id"":""local_10s_preview"",""label"":""Planning support"",""family"":""local_relative_motion"",""horizon_s"":10.0,""position_tolerance_m"":0.5,""heading_tolerance_deg"":10.0,""maximum_aoi_s"":1.5,""position_error_m"":null,""heading_error_deg"":null,""aoi_s"":0.0026319026947021484,""position_margin_m"":null,""heading_margin_deg"":null,""freshness_margin_s"":null,""normalized_margin"":null,""observable"":false,""raw_pass"":false,""reason"":""GPS course unobservable at low speed"",""status"":""unobservable"",""observed_evaluations"":0,""satisfaction_fraction"":null},{""service_id"":""global_state_tracking"",""label"":""Global asset tracking"",""family"":""global_synchronization"",""horizon_s"":0.0,""position_tolerance_m"":1.0,""heading_tolerance_deg"":5.0,""maximum_aoi_s"":1.0,""position_error_m"":1.0316668946421743,""heading_error_deg"":null,""aoi_s"":0.0026319026947021484,""position_margin_m"":-0.031666894642174315,""heading_margin_deg"":null,""freshness_margin_s"":0.9973680973052979,""normalized_margin"":-0.031666894642174315,""observable"":true,""raw_pass"":false,""reason"":""position tolerance"",""status"":""withdrawn"",""observed_evaluations"":8,""satisfaction_fraction"":0.0}]",high,10.0,0.37379999412223697
20.603000000000065,5611.622,1789517225.6525965,3547,-0.43982629003797047,0.3303816657606815,-0.845190116520032,0.5910527062246651,0.5565974541430395,True,0.072022222,344.74,,,0.059,0.13872003555297852,1789511613.8918765,136.0880279535195,1.0554075458555858,,-125.8997,-0.0,0.0,-0.0022907446432425577,-0.00045814892864851157,0.0022907446432425577,0.006544984694978736,low-motion,740.086555480957,626,1077.2543579801047,0,False,0,140015,131185,0.0,0.0,11.43301,11,0.93,False,"[{""service_id"":""local_1s_tight"",""label"":""Immediate motion"",""family"":""local_relative_motion"",""horizon_s"":1.0,""position_tolerance_m"":0.1,""heading_tolerance_deg"":2.0,""maximum_aoi_s"":0.6,""position_error_m"":null,""heading_error_deg"":null,""aoi_s"":0.13872003555297852,""position_margin_m"":null,""heading_margin_deg"":null,""freshness_margin_s"":null,""normalized_margin"":null,""observable"":false,""raw_pass"":false,""reason"":""GPS course unobservable at low speed"",""status"":""unobservable"",""observed_evaluations"":0,""satisfaction_fraction"":null},{""service_id"":""local_5s_moderate"",""label"":""Short prediction"",""family"":""local_relative_motion"",""horizon_s"":5.0,""position_tolerance_m"":0.2,""heading_tolerance_deg"":5.0,""maximum_aoi_s"":1.0,""position_error_m"":null,""heading_error_deg"":null,""aoi_s"":0.13872003555297852,""position_margin_m"":null,""heading_margin_deg"":null,""freshness_margin_s"":null,""normalized_margin"":null,""observable"":false,""raw_pass"":false,""reason"":""GPS course unobservable at low speed"",""status"":""unobservable"",""observed_evaluations"":0,""satisfaction_fraction"":null},{""service_id"":""local_10s_preview"",""label"":""Planning support"",""family"":""local_relative_motion"",""horizon_s"":10.0,""position_tolerance_m"":0.5,""heading_tolerance_deg"":10.0,""maximum_aoi_s"":1.5,""position_error_m"":null,""heading_error_deg"":null,""aoi_s"":0.13872003555297852,""position_margin_m"":null,""heading_margin_deg"":null,""freshness_margin_s"":null,""normalized_margin"":null,""observable"":false,""raw_pass"":false,""reason"":""GPS course unobservable at low speed"",""status"":""unobservable"",""observed_evaluations"":0,""satisfaction_fraction"":null},{""service_id"":""global_state_tracking"",""label"":""Global asset tracking"",""family"":""global_synchronization"",""horizon_s"":0.0,""position_tolerance_m"":1.0,""heading_tolerance_deg"":5.0,""maximum_aoi_s"":1.0,""position_error_m"":1.0554075458555858,""heading_error_deg"":null,""aoi_s"":0.13872003555297852,""position_margin_m"":-0.05540754585558583,""heading_margin_deg"":null,""freshness_margin_s"":0.8612799644470215,""normalized_margin"":-0.05540754585558583,""observable"":true,""raw_pass"":false,""reason"":""position tolerance"",""status"":""withdrawn"",""observed_evaluations"":9,""satisfaction_fraction"":0.0}]",high,10.0,0.2505999873392284
21.326999999999316,5612.346,1789517226.2396152,3548,-0.43982629003797047,0.3303816657606815,-0.844890007155152,0.5910527062246651,0.741387808330045,True,0.025722222,344.74,,,0.025,0.0017387866973876953,1789511613.8918765,136.981271743025,1.1097916715155176,,-126.1484,-0.0,0.0,0.002072578486743266,0.0004145156973486533,0.002072578486743266,0.005921652819266475,low-motion,582.0348262786865,623,1078.5487229668583,0,False,0,140015,131185,0.0,0.0,11.43301,11,0.93,False,"[{""service_id"":""local_1s_tight"",""label"":""Immediate motion"",""family"":""local_relative_motion"",""horizon_s"":1.0,""position_tolerance_m"":0.1,""heading_tolerance_deg"":2.0,""maximum_aoi_s"":0.6,""position_error_m"":null,""heading_error_deg"":null,""aoi_s"":0.0017387866973876953,""position_margin_m"":null,""heading_margin_deg"":null,""freshness_margin_s"":null,""normalized_margin"":null,""observable"":false,""raw_pass"":false,""reason"":""GPS course unobservable at low speed"",""status"":""unobservable"",""observed_evaluations"":0,""satisfaction_fraction"":null},{""service_id"":""local_5s_moderate"",""label"":""Short prediction"",""family"":""local_relative_motion"",""horizon_s"":5.0,""position_tolerance_m"":0.2,""heading_tolerance_deg"":5.0,""maximum_aoi_s"":1.0,""position_error_m"":null,""heading_error_deg"":null,""aoi_s"":0.0017387866973876953,""position_margin_m"":null,""heading_margin_deg"":null,""freshness_margin_s"":null,""normalized_margin"":null,""observable"":false,""raw_pass"":false,""reason"":""GPS course unobservable at low speed"",""status"":""unobservable"",""observed_evaluations"":0,""satisfaction_fraction"":null},{""service_id"":""local_10s_preview"",""label"":""Planning support"",""family"":""local_relative_motion"",""horizon_s"":10.0,""position_tolerance_m"":0.5,""heading_tolerance_deg"":10.0,""maximum_aoi_s"":1.5,""position_error_m"":null,""heading_error_deg"":null,""aoi_s"":0.0017387866973876953,""position_margin_m"":null,""heading_margin_deg"":null,""freshness_margin_s"":null,""normalized_margin"":null,""observable"":false,""raw_pass"":false,""reason"":""GPS course unobservable at low speed"",""status"":""unobservable"",""observed_evaluations"":0,""satisfaction_fraction"":null},{""service_id"":""global_state_tracking"",""label"":""Global asset tracking"",""family"":""global_synchronization"",""horizon_s"":0.0,""position_tolerance_m"":1.0,""heading_tolerance_deg"":5.0,""maximum_aoi_s"":1.0,""position_error_m"":1.1097916715155176,""heading_error_deg"":null,""aoi_s"":0.0017387866973876953,""position_margin_m"":-0.10979167151551761,""heading_margin_deg"":null,""freshness_margin_s"":0.9982612133026123,""normalized_margin"":-0.10979167151551761,""observable"":true,""raw_pass"":false,""reason"":""position tolerance"",""status"":""withdrawn"",""observed_evaluations"":10,""satisfaction_fraction"":0.0}]",high,10.0,0.20129996119067073
21.89800000000014,5612.917,1789517226.9437094,3549,-0.43982629003797047,0.3303816657606815,-0.8449024644426881,0.5910527062246651,0.741387808330045,True,0.025722222,344.74,,,0.596,0.13483285903930664,1789511613.8918765,133.09417152322567,1.1097916715155176,,-126.4074,-0.0,0.0,-0.0001090830782496456,-2.181661564992912e-05,0.0001090830782496456,0.0003116659378561303,low-motion,698.094367980957,627,1082.0079510564005,0,False,0,140015,131185,0.0,0.0,11.43301,11,0.93,False,"[{""service_id"":""local_1s_tight"",""label"":""Immediate motion"",""family"":""local_relative_motion"",""horizon_s"":1.0,""position_tolerance_m"":0.1,""heading_tolerance_deg"":2.0,""maximum_aoi_s"":0.6,""position_error_m"":null,""heading_error_deg"":null,""aoi_s"":0.13483285903930664,""position_margin_m"":null,""heading_margin_deg"":null,""freshness_margin_s"":null,""normalized_margin"":null,""observable"":false,""raw_pass"":false,""reason"":""GPS course unobservable at low speed"",""status"":""unobservable"",""observed_evaluations"":0,""satisfaction_fraction"":null},{""service_id"":""local_5s_moderate"",""label"":""Short prediction"",""family"":""local_relative_motion"",""horizon_s"":5.0,""position_tolerance_m"":0.2,""heading_tolerance_deg"":5.0,""maximum_aoi_s"":1.0,""position_error_m"":null,""heading_error_deg"":null,""aoi_s"":0.13483285903930664,""position_margin_m"":null,""heading_margin_deg"":null,""freshness_margin_s"":null,""normalized_margin"":null,""observable"":false,""raw_pass"":false,""reason"":""GPS course unobservable at low speed"",""status"":""unobservable"",""observed_evaluations"":0,""satisfaction_fraction"":null},{""service_id"":""local_10s_preview"",""label"":""Planning support"",""family"":""local_relative_motion"",""horizon_s"":10.0,""position_tolerance_m"":0.5,""heading_tolerance_deg"":10.0,""maximum_aoi_s"":1.5,""position_error_m"":null,""heading_error_deg"":null,""aoi_s"":0.13483285903930664,""position_margin_m"":null,""heading_margin_deg"":null,""freshness_margin_s"":null,""normalized_margin"":null,""observable"":false,""raw_pass"":false,""reason"":""GPS course unobservable at low speed"",""status"":""unobservable"",""observed_evaluations"":0,""satisfaction_fraction"":null},{""service_id"":""global_state_tracking"",""label"":""Global asset tracking"",""family"":""global_synchronization"",""horizon_s"":0.0,""position_tolerance_m"":1.0,""heading_tolerance_deg"":5.0,""maximum_aoi_s"":1.0,""position_error_m"":1.1097916715155176,""heading_error_deg"":null,""aoi_s"":0.13483285903930664,""position_margin_m"":-0.10979167151551761,""heading_margin_deg"":null,""freshness_margin_s"":0.8651671409606934,""normalized_margin"":-0.10979167151551761,""observable"":true,""raw_pass"":false,""reason"":""position tolerance"",""status"":""withdrawn"",""observed_evaluations"":11,""satisfaction_fraction"":0.0}]",high,10.0,0.2774999593384564
22.594999999999345,5613.614,1789517227.641624,3550,-0.43982629003797047,0.3303816657606815,-0.8449176706237962,0.5910527062246651,0.5565974541430395,True,0.0463,344.74,,,0.011,0.13574743270874023,1789511613.8918765,0.9146003731075325,1.0554075458555858,,-126.2056,-0.0,0.0,-0.0001090830782496456,-2.181661564992912e-05,0.0001090830782496456,0.0003116659378561303,low-motion,694.9095726013184,618,1057.8148285334105,0,False,0,140015,131185,0.0,0.0,11.43301,11,0.93,False,"[{""service_id"":""local_1s_tight"",""label"":""Immediate motion"",""family"":""local_relative_motion"",""horizon_s"":1.0,""position_tolerance_m"":0.1,""heading_tolerance_deg"":2.0,""maximum_aoi_s"":0.6,""position_error_m"":null,""heading_error_deg"":null,""aoi_s"":0.13574743270874023,""position_margin_m"":null,""heading_margin_deg"":null,""freshness_margin_s"":null,""normalized_margin"":null,""observable"":false,""raw_pass"":false,""reason"":""GPS course unobservable at low speed"",""status"":""unobservable"",""observed_evaluations"":0,""satisfaction_fraction"":null},{""service_id"":""local_5s_moderate"",""label"":""Short prediction"",""family"":""local_relative_motion"",""horizon_s"":5.0,""position_tolerance_m"":0.2,""heading_tolerance_deg"":5.0,""maximum_aoi_s"":1.0,""position_error_m"":null,""heading_error_deg"":null,""aoi_s"":0.13574743270874023,""position_margin_m"":null,""heading_margin_deg"":null,""freshness_margin_s"":null,""normalized_margin"":null,""observable"":false,""raw_pass"":false,""reason"":""GPS course unobservable at low speed"",""status"":""unobservable"",""observed_evaluations"":0,""satisfaction_fraction"":null},{""service_id"":""local_10s_preview"",""label"":""Planning support"",""family"":""local_relative_motion"",""horizon_s"":10.0,""position_tolerance_m"":0.5,""heading_tolerance_deg"":10.0,""maximum_aoi_s"":1.5,""position_error_m"":null,""heading_error_deg"":null,""aoi_s"":0.13574743270874023,""position_margin_m"":null,""heading_margin_deg"":null,""freshness_margin_s"":null,""normalized_margin"":null,""observable"":false,""raw_pass"":false,""reason"":""GPS course unobservable at low speed"",""status"":""unobservable"",""observed_evaluations"":0,""satisfaction_fraction"":null},{""service_id"":""global_state_tracking"",""label"":""Global asset tracking"",""family"":""global_synchronization"",""horizon_s"":0.0,""position_tolerance_m"":1.0,""heading_tolerance_deg"":5.0,""maximum_aoi_s"":1.0,""position_error_m"":1.0554075458555858,""heading_error_deg"":null,""aoi_s"":0.13574743270874023,""position_margin_m"":-0.05540754585558583,""heading_margin_deg"":null,""freshness_margin_s"":0.8642525672912598,""normalized_margin"":-0.05540754585558583,""observable"":true,""raw_pass"":false,""reason"":""position tolerance"",""status"":""withdrawn"",""observed_evaluations"":12,""satisfaction_fraction"":0.0}]",high,10.0,0.2750999992713332
23.291000000000167,5614.31,1789517228.2089705,3551,-0.43982629003797047,0.3303816657606815,-0.8440217931187464,0.5910527062246651,0.5565974541430395,True,0.061733333,344.74,,,0.011,0.007094144821166992,1789511613.8918765,128.65342712484562,1.0554075458555858,,-126.1244,-0.0,0.0,0.0064359016167290905,0.0012871803233458182,0.0064359016167290905,0.01838829033351169,low-motion,562.3517036437988,625,1088.6350555719555,0,False,0,140015,131185,0.0,0.0,11.43301,11,0.93,False,"[{""service_id"":""local_1s_tight"",""label"":""Immediate motion"",""family"":""local_relative_motion"",""horizon_s"":1.0,""position_tolerance_m"":0.1,""heading_tolerance_deg"":2.0,""maximum_aoi_s"":0.6,""position_error_m"":null,""heading_error_deg"":null,""aoi_s"":0.007094144821166992,""position_margin_m"":null,""heading_margin_deg"":null,""freshness_margin_s"":null,""normalized_margin"":null,""observable"":false,""raw_pass"":false,""reason"":""GPS course unobservable at low speed"",""status"":""unobservable"",""observed_evaluations"":0,""satisfaction_fraction"":null},{""service_id"":""local_5s_moderate"",""label"":""Short prediction"",""family"":""local_relative_motion"",""horizon_s"":5.0,""position_tolerance_m"":0.2,""heading_tolerance_deg"":5.0,""maximum_aoi_s"":1.0,""position_error_m"":null,""heading_error_deg"":null,""aoi_s"":0.007094144821166992,""position_margin_m"":null,""heading_margin_deg"":null,""freshness_margin_s"":null,""normalized_margin"":null,""observable"":false,""raw_pass"":false,""reason"":""GPS course unobservable at low speed"",""status"":""unobservable"",""observed_evaluations"":0,""satisfaction_fraction"":null},{""service_id"":""local_10s_preview"",""label"":""Planning support"",""family"":""local_relative_motion"",""horizon_s"":10.0,""position_tolerance_m"":0.5,""heading_tolerance_deg"":10.0,""maximum_aoi_s"":1.5,""position_error_m"":null,""heading_error_deg"":null,""aoi_s"":0.007094144821166992,""position_margin_m"":null,""heading_margin_deg"":null,""freshness_margin_s"":null,""normalized_margin"":null,""observable"":false,""raw_pass"":false,""reason"":""GPS course unobservable at low speed"",""status"":""unobservable"",""observed_evaluations"":0,""satisfaction_fraction"":null},{""service_id"":""global_state_tracking"",""label"":""Global asset tracking"",""family"":""global_synchronization"",""horizon_s"":0.0,""position_tolerance_m"":1.0,""heading_tolerance_deg"":5.0,""maximum_aoi_s"":1.0,""position_error_m"":1.0554075458555858,""heading_error_deg"":null,""aoi_s"":0.007094144821166992,""position_margin_m"":-0.05540754585558583,""heading_margin_deg"":null,""freshness_margin_s"":0.992905855178833,""normalized_margin"":-0.05540754585558583,""observable"":true,""raw_pass"":false,""reason"":""position tolerance"",""status"":""withdrawn"",""observed_evaluations"":13,""satisfaction_fraction"":0.0}]",high,10.0,0.31259999377653
23.876999999999498,5614.896,1789517228.9217458,3552,-0.43982629003797047,0.3303816657606815,-0.8440345776555174,0.5910527062246651,0.5565974541430395,True,0.061733333,344.74,,,0.596,0.13386940956115723,1789511613.8918765,126.77523040838423,1.0554075458555858,,-126.1596,-0.0,0.0,-0.0001090830782496456,-2.181661564992912e-05,0.0001090830782496456,0.0003116659378561303,low-motion,709.1739177703857,627,1085.153817957243,0,False,0,140015,131185,0.0,0.0,11.43301,11,0.93,False,"[{""service_id"":""local_1s_tight"",""label"":""Immediate motion"",""family"":""local_relative_motion"",""horizon_s"":1.0,""position_tolerance_m"":0.1,""heading_tolerance_deg"":2.0,""maximum_aoi_s"":0.6,""position_error_m"":null,""heading_error_deg"":null,""aoi_s"":0.13386940956115723,""position_margin_m"":null,""heading_margin_deg"":null,""freshness_margin_s"":null,""normalized_margin"":null,""observable"":false,""raw_pass"":false,""reason"":""GPS course unobservable at low speed"",""status"":""unobservable"",""observed_evaluations"":0,""satisfaction_fraction"":null},{""service_id"":""local_5s_moderate"",""label"":""Short prediction"",""family"":""local_relative_motion"",""horizon_s"":5.0,""position_tolerance_m"":0.2,""heading_tolerance_deg"":5.0,""maximum_aoi_s"":1.0,""position_error_m"":null,""heading_error_deg"":null,""aoi_s"":0.13386940956115723,""position_margin_m"":null,""heading_margin_deg"":null,""freshness_margin_s"":null,""normalized_margin"":null,""observable"":false,""raw_pass"":false,""reason"":""GPS course unobservable at low speed"",""status"":""unobservable"",""observed_evaluations"":0,""satisfaction_fraction"":null},{""service_id"":""local_10s_preview"",""label"":""Planning support"",""family"":""local_relative_motion"",""horizon_s"":10.0,""position_tolerance_m"":0.5,""heading_tolerance_deg"":10.0,""maximum_aoi_s"":1.5,""position_error_m"":null,""heading_error_deg"":null,""aoi_s"":0.13386940956115723,""position_margin_m"":null,""heading_margin_deg"":null,""freshness_margin_s"":null,""normalized_margin"":null,""observable"":false,""raw_pass"":false,""reason"":""GPS course unobservable at low speed"",""status"":""unobservable"",""observed_evaluations"":0,""satisfaction_fraction"":null},{""service_id"":""global_state_tracking"",""label"":""Global asset tracking"",""family"":""global_synchronization"",""horizon_s"":0.0,""position_tolerance_m"":1.0,""heading_tolerance_deg"":5.0,""maximum_aoi_s"":1.0,""position_error_m"":1.0554075458555858,""heading_error_deg"":null,""aoi_s"":0.13386940956115723,""position_margin_m"":-0.05540754585558583,""heading_margin_deg"":null,""freshness_margin_s"":0.8661305904388428,""normalized_margin"":-0.05540754585558583,""observable"":true,""raw_pass"":false,""reason"":""position tolerance"",""status"":""withdrawn"",""observed_evaluations"":14,""satisfaction_fraction"":0.0}]",high,10.0,0.41450001299381256
24.581999999999425,5615.601,1789517229.6300635,3553,-0.43982629003797047,0.3303816657606815,-0.8445113797905464,0.5910527062246651,0.5565974541430395,True,0.061733333,344.74,,,0.007,0.13718700408935547,1789511613.8918765,3.317756652904791,1.0554075458555858,,-126.0777,-0.0,0.0,-0.0033815754257390134,-0.0006763150851478027,0.0033815754257390134,0.009661644073540039,low-motion,702.2197246551514,624,1055.3491823602492,0,False,0,140015,131185,0.0,0.0,11.43701,11,0.93,False,"[{""service_id"":""local_1s_tight"",""label"":""Immediate motion"",""family"":""local_relative_motion"",""horizon_s"":1.0,""position_tolerance_m"":0.1,""heading_tolerance_deg"":2.0,""maximum_aoi_s"":0.6,""position_error_m"":null,""heading_error_deg"":null,""aoi_s"":0.13718700408935547,""position_margin_m"":null,""heading_margin_deg"":null,""freshness_margin_s"":null,""normalized_margin"":null,""observable"":false,""raw_pass"":false,""reason"":""GPS course unobservable at low speed"",""status"":""unobservable"",""observed_evaluations"":0,""satisfaction_fraction"":null},{""service_id"":""local_5s_moderate"",""label"":""Short prediction"",""family"":""local_relative_motion"",""horizon_s"":5.0,""position_tolerance_m"":0.2,""heading_tolerance_deg"":5.0,""maximum_aoi_s"":1.0,""position_error_m"":null,""heading_error_deg"":null,""aoi_s"":0.13718700408935547,""position_margin_m"":null,""heading_margin_deg"":null,""freshness_margin_s"":null,""normalized_margin"":null,""observable"":false,""raw_pass"":false,""reason"":""GPS course unobservable at low speed"",""status"":""unobservable"",""observed_evaluations"":0,""satisfaction_fraction"":null},{""service_id"":""local_10s_preview"",""label"":""Planning support"",""family"":""local_relative_motion"",""horizon_s"":10.0,""position_tolerance_m"":0.5,""heading_tolerance_deg"":10.0,""maximum_aoi_s"":1.5,""position_error_m"":null,""heading_error_deg"":null,""aoi_s"":0.13718700408935547,""position_margin_m"":null,""heading_margin_deg"":null,""freshness_margin_s"":null,""normalized_margin"":null,""observable"":false,""raw_pass"":false,""reason"":""GPS course unobservable at low speed"",""status"":""unobservable"",""observed_evaluations"":0,""satisfaction_fraction"":null},{""service_id"":""global_state_tracking"",""label"":""Global asset tracking"",""family"":""global_synchronization"",""horizon_s"":0.0,""position_tolerance_m"":1.0,""heading_tolerance_deg"":5.0,""maximum_aoi_s"":1.0,""position_error_m"":1.0554075458555858,""heading_error_deg"":null,""aoi_s"":0.13718700408935547,""position_margin_m"":-0.05540754585558583,""heading_margin_deg"":null,""freshness_margin_s"":0.8628129959106445,""normalized_margin"":-0.05540754585558583,""observable"":true,""raw_pass"":false,""reason"":""position tolerance"",""status"":""withdrawn"",""observed_evaluations"":15,""satisfaction_fraction"":0.0}]",high,10.0,0.32430002465844154
25.28099999999995,5616.3,1789517230.1979985,3554,-0.43982629003797047,0.3303816657606815,-0.84376413888792,0.7381512802605822,0.5565974541430395,True,0.077166666,344.74,,,0.015,0.006122112274169922,1789511613.8918765,131.06501007132465,1.1995018712115182,,-126.167,-0.0,0.0,0.005345070834232635,0.001069014166846527,0.005345070834232635,0.015271630954950386,low-motion,561.8031024932861,624,1098.692688797437,0,False,0,140015,131185,0.0,0.0,11.43701,11,0.94,False,"[{""service_id"":""local_1s_tight"",""label"":""Immediate motion"",""family"":""local_relative_motion"",""horizon_s"":1.0,""position_tolerance_m"":0.1,""heading_tolerance_deg"":2.0,""maximum_aoi_s"":0.6,""position_error_m"":null,""heading_error_deg"":null,""aoi_s"":0.006122112274169922,""position_margin_m"":null,""heading_margin_deg"":null,""freshness_margin_s"":null,""normalized_margin"":null,""observable"":false,""raw_pass"":false,""reason"":""GPS course unobservable at low speed"",""status"":""unobservable"",""observed_evaluations"":0,""satisfaction_fraction"":null},{""service_id"":""local_5s_moderate"",""label"":""Short prediction"",""family"":""local_relative_motion"",""horizon_s"":5.0,""position_tolerance_m"":0.2,""heading_tolerance_deg"":5.0,""maximum_aoi_s"":1.0,""position_error_m"":null,""heading_error_deg"":null,""aoi_s"":0.006122112274169922,""position_margin_m"":null,""heading_margin_deg"":null,""freshness_margin_s"":null,""normalized_margin"":null,""observable"":false,""raw_pass"":false,""reason"":""GPS course unobservable at low speed"",""status"":""unobservable"",""observed_evaluations"":0,""satisfaction_fraction"":null},{""service_id"":""local_10s_preview"",""label"":""Planning support"",""family"":""local_relative_motion"",""horizon_s"":10.0,""position_tolerance_m"":0.5,""heading_tolerance_deg"":10.0,""maximum_aoi_s"":1.5,""position_error_m"":null,""heading_error_deg"":null,""aoi_s"":0.006122112274169922,""position_margin_m"":null,""heading_margin_deg"":null,""freshness_margin_s"":null,""normalized_margin"":null,""observable"":false,""raw_pass"":false,""reason"":""GPS course unobservable at low speed"",""status"":""unobservable"",""observed_evaluations"":0,""satisfaction_fraction"":null},{""service_id"":""global_state_tracking"",""label"":""Global asset tracking"",""family"":""global_synchronization"",""horizon_s"":0.0,""position_tolerance_m"":1.0,""heading_tolerance_deg"":5.0,""maximum_aoi_s"":1.0,""position_error_m"":1.1995018712115182,""heading_error_deg"":null,""aoi_s"":0.006122112274169922,""position_margin_m"":-0.1995018712115182,""heading_margin_deg"":null,""freshness_margin_s"":0.9938778877258301,""normalized_margin"":-0.1995018712115182,""observable"":true,""raw_pass"":false,""reason"":""position tolerance"",""status"":""withdrawn"",""observed_evaluations"":16,""satisfaction_fraction"":0.0}]",high,10.0,0.222100003156811
25.85899999999947,5616.878,1789517230.9057162,3555,-0.43982629003797047,0.3303816657606815,-0.8435245488148526,0.7381512802605822,0.5565974541430395,True,0.041155555,344.74,,,0.032,0.13583970069885254,1789511613.8918765,129.7176570897136,1.1995018712115182,,-125.9024,-0.0,0.0,0.002072578486743266,0.0004145156973486533,0.002072578486743266,0.005921652819266475,low-motion,703.7196159362793,621,1069.2010358567447,0,False,0,140015,131185,0.0,0.0,11.43701,11,0.94,False,"[{""service_id"":""local_1s_tight"",""label"":""Immediate motion"",""family"":""local_relative_motion"",""horizon_s"":1.0,""position_tolerance_m"":0.1,""heading_tolerance_deg"":2.0,""maximum_aoi_s"":0.6,""position_error_m"":null,""heading_error_deg"":null,""aoi_s"":0.13583970069885254,""position_margin_m"":null,""heading_margin_deg"":null,""freshness_margin_s"":null,""normalized_margin"":null,""observable"":false,""raw_pass"":false,""reason"":""GPS course unobservable at low speed"",""status"":""unobservable"",""observed_evaluations"":0,""satisfaction_fraction"":null},{""service_id"":""local_5s_moderate"",""label"":""Short prediction"",""family"":""local_relative_motion"",""horizon_s"":5.0,""position_tolerance_m"":0.2,""heading_tolerance_deg"":5.0,""maximum_aoi_s"":1.0,""position_error_m"":null,""heading_error_deg"":null,""aoi_s"":0.13583970069885254,""position_margin_m"":null,""heading_margin_deg"":null,""freshness_margin_s"":null,""normalized_margin"":null,""observable"":false,""raw_pass"":false,""reason"":""GPS course unobservable at low speed"",""status"":""unobservable"",""observed_evaluations"":0,""satisfaction_fraction"":null},{""service_id"":""local_10s_preview"",""label"":""Planning support"",""family"":""local_relative_motion"",""horizon_s"":10.0,""position_tolerance_m"":0.5,""heading_tolerance_deg"":10.0,""maximum_aoi_s"":1.5,""position_error_m"":null,""heading_error_deg"":null,""aoi_s"":0.13583970069885254,""position_margin_m"":null,""heading_margin_deg"":null,""freshness_margin_s"":null,""normalized_margin"":null,""observable"":false,""raw_pass"":false,""reason"":""GPS course unobservable at low speed"",""status"":""unobservable"",""observed_evaluations"":0,""satisfaction_fraction"":null},{""service_id"":""global_state_tracking"",""label"":""Global asset tracking"",""family"":""global_synchronization"",""horizon_s"":0.0,""position_tolerance_m"":1.0,""heading_tolerance_deg"":5.0,""maximum_aoi_s"":1.0,""position_error_m"":1.1995018712115182,""heading_error_deg"":null,""aoi_s"":0.13583970069885254,""position_margin_m"":-0.1995018712115182,""heading_margin_deg"":null,""freshness_margin_s"":0.8641602993011475,""normalized_margin"":-0.1995018712115182,""observable"":true,""raw_pass"":false,""reason"":""position tolerance"",""status"":""withdrawn"",""observed_evaluations"":17,""satisfaction_fraction"":0.0}]",high,10.0,0.3161000204272568
26.576999999999316,5617.596,1789517231.4957156,3556,-0.43982629003797047,0.3303816657606815,-0.8440101430459888,0.7381512802605822,0.5565974541430395,True,0.216066665,344.74,,,0.032,0.007839202880859375,1789511613.8918765,128.00056266769388,1.1995018712115182,,-126.1564,-0.0,0.0,-0.0033815754257390134,-0.0006763150851478027,0.0033815754257390134,0.009661644073540039,low-motion,583.8408470153809,625,1096.4396206300505,0,False,0,140015,131185,0.0,0.0,11.43701,11,0.93,False,"[{""service_id"":""local_1s_tight"",""label"":""Immediate motion"",""family"":""local_relative_motion"",""horizon_s"":1.0,""position_tolerance_m"":0.1,""heading_tolerance_deg"":2.0,""maximum_aoi_s"":0.6,""position_error_m"":null,""heading_error_deg"":null,""aoi_s"":0.007839202880859375,""position_margin_m"":null,""heading_margin_deg"":null,""freshness_margin_s"":null,""normalized_margin"":null,""observable"":false,""raw_pass"":false,""reason"":""GPS course unobservable at low speed"",""status"":""unobservable"",""observed_evaluations"":0,""satisfaction_fraction"":null},{""service_id"":""local_5s_moderate"",""label"":""Short prediction"",""family"":""local_relative_motion"",""horizon_s"":5.0,""position_tolerance_m"":0.2,""heading_tolerance_deg"":5.0,""maximum_aoi_s"":1.0,""position_error_m"":null,""heading_error_deg"":null,""aoi_s"":0.007839202880859375,""position_margin_m"":null,""heading_margin_deg"":null,""freshness_margin_s"":null,""normalized_margin"":null,""observable"":false,""raw_pass"":false,""reason"":""GPS course unobservable at low speed"",""status"":""unobservable"",""observed_evaluations"":0,""satisfaction_fraction"":null},{""service_id"":""local_10s_preview"",""label"":""Planning support"",""family"":""local_relative_motion"",""horizon_s"":10.0,""position_tolerance_m"":0.5,""heading_tolerance_deg"":10.0,""maximum_aoi_s"":1.5,""position_error_m"":null,""heading_error_deg"":null,""aoi_s"":0.007839202880859375,""position_margin_m"":null,""heading_margin_deg"":null,""freshness_margin_s"":null,""normalized_margin"":null,""observable"":false,""raw_pass"":false,""reason"":""GPS course unobservable at low speed"",""status"":""unobservable"",""observed_evaluations"":0,""satisfaction_fraction"":null},{""service_id"":""global_state_tracking"",""label"":""Global asset tracking"",""family"":""global_synchronization"",""horizon_s"":0.0,""position_tolerance_m"":1.0,""heading_tolerance_deg"":5.0,""maximum_aoi_s"":1.0,""position_error_m"":1.1995018712115182,""heading_error_deg"":null,""aoi_s"":0.007839202880859375,""position_margin_m"":-0.1995018712115182,""heading_margin_deg"":null,""freshness_margin_s"":0.9921607971191406,""normalized_margin"":-0.1995018712115182,""observable"":true,""raw_pass"":false,""reason"":""position tolerance"",""status"":""withdrawn"",""observed_evaluations"":18,""satisfaction_fraction"":0.0}]",high,10.0,0.3315000212751329
27.167999999999665,5618.187,1789517232.214374,3557,-0.43853550166609045,0.3288796306591252,-0.877776922652735,0.5910527062246651,0.5565974541430395,True,0.216066665,344.74,,,0.044,0.1354975700378418,1789511613.8918765,127.65844726527575,1.0544701441766613,,-127.8624,0.003351041656190722,-0.0013055900479472928,-0.28045259417983887,-0.05713499087432561,0.2791470041318916,0.7975628689482617,low-motion,712.5284671783447,644,1095.183401614557,0,False,0,140001,131172,0.056395324,0.037592186,11.43701,10,1.05,False,"[{""service_id"":""local_1s_tight"",""label"":""Immediate motion"",""family"":""local_relative_motion"",""horizon_s"":1.0,""position_tolerance_m"":0.1,""heading_tolerance_deg"":2.0,""maximum_aoi_s"":0.6,""position_error_m"":null,""heading_error_deg"":null,""aoi_s"":0.1354975700378418,""position_margin_m"":null,""heading_margin_deg"":null,""freshness_margin_s"":null,""normalized_margin"":null,""observable"":false,""raw_pass"":false,""reason"":""GPS course unobservable at low speed"",""status"":""unobservable"",""observed_evaluations"":0,""satisfaction_fraction"":null},{""service_id"":""local_5s_moderate"",""label"":""Short prediction"",""family"":""local_relative_motion"",""horizon_s"":5.0,""position_tolerance_m"":0.2,""heading_tolerance_deg"":5.0,""maximum_aoi_s"":1.0,""position_error_m"":null,""heading_error_deg"":null,""aoi_s"":0.1354975700378418,""position_margin_m"":null,""heading_margin_deg"":null,""freshness_margin_s"":null,""normalized_margin"":null,""observable"":false,""raw_pass"":false,""reason"":""GPS course unobservable at low speed"",""status"":""unobservable"",""observed_evaluations"":0,""satisfaction_fraction"":null},{""service_id"":""local_10s_preview"",""label"":""Planning support"",""family"":""local_relative_motion"",""horizon_s"":10.0,""position_tolerance_m"":0.5,""heading_tolerance_deg"":10.0,""maximum_aoi_s"":1.5,""position_error_m"":null,""heading_error_deg"":null,""aoi_s"":0.1354975700378418,""position_margin_m"":null,""heading_margin_deg"":null,""freshness_margin_s"":null,""normalized_margin"":null,""observable"":false,""raw_pass"":false,""reason"":""GPS course unobservable at low speed"",""status"":""unobservable"",""observed_evaluations"":0,""satisfaction_fraction"":null},{""service_id"":""global_state_tracking"",""label"":""Global asset tracking"",""family"":""global_synchronization"",""horizon_s"":0.0,""position_tolerance_m"":1.0,""heading_tolerance_deg"":5.0,""maximum_aoi_s"":1.0,""position_error_m"":1.0544701441766613,""heading_error_deg"":null,""aoi_s"":0.1354975700378418,""position_margin_m"":-0.054470144176661295,""heading_margin_deg"":null,""freshness_margin_s"":0.8645024299621582,""normalized_margin"":-0.054470144176661295,""observable"":true,""raw_pass"":false,""reason"":""position tolerance"",""status"":""withdrawn"",""observed_evaluations"":19,""satisfaction_fraction"":0.0}]",high,10.0,0.34849997609853745
27.891999999999825,5618.911,1789517232.9735599,3558,-0.3931909979253788,0.27348082519652744,-0.8919630099335367,0.5910527062246651,0.5565974541430395,True,0.164622221,344.74,,,0.042,0.1706833839416504,1789511613.8918765,35.18579101546493,1.0241536480162712,,-119.581,0.09888144280530092,-0.014920513890497148,-0.03828816046562561,-0.01959404320552284,0.02336764657512846,0.06676470450036703,low-motion,751.2984275817871,644,1056.544367792533,0,False,0,139506,130691,0.121569667,0.121096761,11.43701,10,1.05,False,"[{""service_id"":""local_1s_tight"",""label"":""Immediate motion"",""family"":""local_relative_motion"",""horizon_s"":1.0,""position_tolerance_m"":0.1,""heading_tolerance_deg"":2.0,""maximum_aoi_s"":0.6,""position_error_m"":null,""heading_error_deg"":null,""aoi_s"":0.1706833839416504,""position_margin_m"":null,""heading_margin_deg"":null,""freshness_margin_s"":null,""normalized_margin"":null,""observable"":false,""raw_pass"":false,""reason"":""GPS course unobservable at low speed"",""status"":""unobservable"",""observed_evaluations"":0,""satisfaction_fraction"":null},{""service_id"":""local_5s_moderate"",""label"":""Short prediction"",""family"":""local_relative_motion"",""horizon_s"":5.0,""position_tolerance_m"":0.2,""heading_tolerance_deg"":5.0,""maximum_aoi_s"":1.0,""position_error_m"":null,""heading_error_deg"":null,""aoi_s"":0.1706833839416504,""position_margin_m"":null,""heading_margin_deg"":null,""freshness_margin_s"":null,""normalized_margin"":null,""observable"":false,""raw_pass"":false,""reason"":""GPS course unobservable at low speed"",""status"":""unobservable"",""observed_evaluations"":0,""satisfaction_fraction"":null},{""service_id"":""local_10s_preview"",""label"":""Planning support"",""family"":""local_relative_motion"",""horizon_s"":10.0,""position_tolerance_m"":0.5,""heading_tolerance_deg"":10.0,""maximum_aoi_s"":1.5,""position_error_m"":null,""heading_error_deg"":null,""aoi_s"":0.1706833839416504,""position_margin_m"":null,""heading_margin_deg"":null,""freshness_margin_s"":null,""normalized_margin"":null,""observable"":false,""raw_pass"":false,""reason"":""GPS course unobservable at low speed"",""status"":""unobservable"",""observed_evaluations"":0,""satisfaction_fraction"":null},{""service_id"":""global_state_tracking"",""label"":""Global asset tracking"",""family"":""global_synchronization"",""horizon_s"":0.0,""position_tolerance_m"":1.0,""heading_tolerance_deg"":5.0,""maximum_aoi_s"":1.0,""position_error_m"":1.0241536480162712,""heading_error_deg"":null,""aoi_s"":0.1706833839416504,""position_margin_m"":-0.02415364801627118,""heading_margin_deg"":null,""freshness_margin_s"":0.8293166160583496,""normalized_margin"":-0.02415364801627118,""observable"":true,""raw_pass"":false,""reason"":""position tolerance"",""status"":""withdrawn"",""observed_evaluations"":20,""satisfaction_fraction"":0.0}]",high,10.0,0.22419996093958616
28.6279999999997,5619.647,1789517233.542563,3559,-0.33014565886373376,0.19428775375833973,-0.9049170112406579,0.5910527062246651,0.3706939041650225,True,0.17491111,344.74,,,0.051,0.0036864280700683594,1789511613.8918765,166.9968948363021,0.9379368623435397,,-119.2895,0.1375323346395986,-0.023064241580738595,0.004254240051736178,-0.017600545254243642,0.027318481632474773,0.07805280466421365,translation,561.957836151123,628,1090.0669294930033,0,False,0,138805,130012,0.169291727,0.169312894,11.43701,12,0.92,False,"[{""service_id"":""local_1s_tight"",""label"":""Immediate motion"",""family"":""local_relative_motion"",""horizon_s"":1.0,""position_tolerance_m"":0.1,""heading_tolerance_deg"":2.0,""maximum_aoi_s"":0.6,""position_error_m"":null,""heading_error_deg"":null,""aoi_s"":0.0036864280700683594,""position_margin_m"":null,""heading_margin_deg"":null,""freshness_margin_s"":null,""normalized_margin"":null,""observable"":false,""raw_pass"":false,""reason"":""GPS course unobservable at low speed"",""status"":""unobservable"",""observed_evaluations"":0,""satisfaction_fraction"":null},{""service_id"":""local_5s_moderate"",""label"":""Short prediction"",""family"":""local_relative_motion"",""horizon_s"":5.0,""position_tolerance_m"":0.2,""heading_tolerance_deg"":5.0,""maximum_aoi_s"":1.0,""position_error_m"":null,""heading_error_deg"":null,""aoi_s"":0.0036864280700683594,""position_margin_m"":null,""heading_margin_deg"":null,""freshness_margin_s"":null,""normalized_margin"":null,""observable"":false,""raw_pass"":false,""reason"":""GPS course unobservable at low speed"",""status"":""unobservable"",""observed_evaluations"":0,""satisfaction_fraction"":null},{""service_id"":""local_10s_preview"",""label"":""Planning support"",""family"":""local_relative_motion"",""horizon_s"":10.0,""position_tolerance_m"":0.5,""heading_tolerance_deg"":10.0,""maximum_aoi_s"":1.5,""position_error_m"":null,""heading_error_deg"":null,""aoi_s"":0.0036864280700683594,""position_margin_m"":null,""heading_margin_deg"":null,""freshness_margin_s"":null,""normalized_margin"":null,""observable"":false,""raw_pass"":false,""reason"":""GPS course unobservable at low speed"",""status"":""unobservable"",""observed_evaluations"":0,""satisfaction_fraction"":null},{""service_id"":""global_state_tracking"",""label"":""Global asset tracking"",""family"":""global_synchronization"",""horizon_s"":0.0,""position_tolerance_m"":1.0,""heading_tolerance_deg"":5.0,""maximum_aoi_s"":1.0,""position_error_m"":0.9379368623435397,""heading_error_deg"":null,""aoi_s"":0.0036864280700683594,""position_margin_m"":0.06206313765646032,""heading_margin_deg"":null,""freshness_margin_s"":0.9963135719299316,""normalized_margin"":null,""observable"":false,""raw_pass"":false,""reason"":""GPS course unobservable at low speed"",""status"":""unobservable"",""observed_evaluations"":20,""satisfaction_fraction"":0.0}]",high,10.0,0.2642000326886773
29.21099999999933,5620.23,1789517234.2819762,3560,-0.27315872867614277,0.12189909205459862,-0.9028573336767076,0.7381512802605822,0.5565974541430395,True,0.17491111,344.74,,,0.037,0.16009974479675293,1789511613.8918765,156.4132614139453,1.1007772709217665,,-118.2614,0.1580245738661331,-0.0026470110406099307,0.028252517266658207,0.003532894620843697,0.030899528307268137,0.08828436659219469,translation,736.41037940979,644,1086.4348360887632,0,False,0,138176,129385,0.169185973,0.169185973,11.43701,12,0.92,False,"[{""service_id"":""local_1s_tight"",""label"":""Immediate motion"",""family"":""local_relative_motion"",""horizon_s"":1.0,""position_tolerance_m"":0.1,""heading_tolerance_deg"":2.0,""maximum_aoi_s"":0.6,""position_error_m"":null,""heading_error_deg"":null,""aoi_s"":0.16009974479675293,""position_margin_m"":null,""heading_margin_deg"":null,""freshness_margin_s"":null,""normalized_margin"":null,""observable"":false,""raw_pass"":false,""reason"":""GPS course unobservable at low speed"",""status"":""unobservable"",""observed_evaluations"":0,""satisfaction_fraction"":null},{""service_id"":""local_5s_moderate"",""label"":""Short prediction"",""family"":""local_relative_motion"",""horizon_s"":5.0,""position_tolerance_m"":0.2,""heading_tolerance_deg"":5.0,""maximum_aoi_s"":1.0,""position_error_m"":null,""heading_error_deg"":null,""aoi_s"":0.16009974479675293,""position_margin_m"":null,""heading_margin_deg"":null,""freshness_margin_s"":null,""normalized_margin"":null,""observable"":false,""raw_pass"":false,""reason"":""GPS course unobservable at low speed"",""status"":""unobservable"",""observed_evaluations"":0,""satisfaction_fraction"":null},{""service_id"":""local_10s_preview"",""label"":""Planning support"",""family"":""local_relative_motion"",""horizon_s"":10.0,""position_tolerance_m"":0.5,""heading_tolerance_deg"":10.0,""maximum_aoi_s"":1.5,""position_error_m"":null,""heading_error_deg"":null,""aoi_s"":0.16009974479675293,""position_margin_m"":null,""heading_margin_deg"":null,""freshness_margin_s"":null,""normalized_margin"":null,""observable"":false,""raw_pass"":false,""reason"":""GPS course unobservable at low speed"",""status"":""unobservable"",""observed_evaluations"":0,""satisfaction_fraction"":null},{""service_id"":""global_state_tracking"",""label"":""Global asset tracking"",""family"":""global_synchronization"",""horizon_s"":0.0,""position_tolerance_m"":1.0,""heading_tolerance_deg"":5.0,""maximum_aoi_s"":1.0,""position_error_m"":1.1007772709217665,""heading_error_deg"":null,""aoi_s"":0.16009974479675293,""position_margin_m"":-0.10077727092176647,""heading_margin_deg"":null,""freshness_margin_s"":0.8399002552032471,""normalized_margin"":-0.10077727092176647,""observable"":true,""raw_pass"":false,""reason"":""position tolerance"",""status"":""withdrawn"",""observed_evaluations"":21,""satisfaction_fraction"":0.0}]",high,10.0,0.1556000206619501
29.956999999999425,5620.976,1789517235.004427,3561,-0.19800449345507892,0.027032197287042342,-0.8987930655955259,0.7381512802605822,0.5565974541430395,True,0.17491111,344.74,,,0.782,0.1365504264831543,1789511613.8918765,23.549266815280134,1.0755589216449866,,-117.9117,0.16223653415926417,-0.010343213382536368,0.06861325621902709,0.005448080537776323,0.07895646960156345,0.22558991314732416,translation,718.5490131378174,645,1055.877575482318,0,False,0,137346,128565,0.131654884,0.131654884,11.43701,12,0.92,False,"[{""service_id"":""local_1s_tight"",""label"":""Immediate motion"",""family"":""local_relative_motion"",""horizon_s"":1.0,""position_tolerance_m"":0.1,""heading_tolerance_deg"":2.0,""maximum_aoi_s"":0.6,""position_error_m"":null,""heading_error_deg"":null,""aoi_s"":0.1365504264831543,""position_margin_m"":null,""heading_margin_deg"":null,""freshness_margin_s"":null,""normalized_margin"":null,""observable"":false,""raw_pass"":false,""reason"":""GPS course unobservable at low speed"",""status"":""unobservable"",""observed_evaluations"":0,""satisfaction_fraction"":null},{""service_id"":""local_5s_moderate"",""label"":""Short prediction"",""family"":""local_relative_motion"",""horizon_s"":5.0,""position_tolerance_m"":0.2,""heading_tolerance_deg"":5.0,""maximum_aoi_s"":1.0,""position_error_m"":null,""heading_error_deg"":null,""aoi_s"":0.1365504264831543,""position_margin_m"":null,""heading_margin_deg"":null,""freshness_margin_s"":null,""normalized_margin"":null,""observable"":false,""raw_pass"":false,""reason"":""GPS course unobservable at low speed"",""status"":""unobservable"",""observed_evaluations"":0,""satisfaction_fraction"":null},{""service_id"":""local_10s_preview"",""label"":""Planning support"",""family"":""local_relative_motion"",""horizon_s"":10.0,""position_tolerance_m"":0.5,""heading_tolerance_deg"":10.0,""maximum_aoi_s"":1.5,""position_error_m"":null,""heading_error_deg"":null,""aoi_s"":0.1365504264831543,""position_margin_m"":null,""heading_margin_deg"":null,""freshness_margin_s"":null,""normalized_margin"":null,""observable"":false,""raw_pass"":false,""reason"":""GPS course unobservable at low speed"",""status"":""unobservable"",""observed_evaluations"":0,""satisfaction_fraction"":null},{""service_id"":""global_state_tracking"",""label"":""Global asset tracking"",""family"":""global_synchronization"",""horizon_s"":0.0,""position_tolerance_m"":1.0,""heading_tolerance_deg"":5.0,""maximum_aoi_s"":1.0,""position_error_m"":1.0755589216449866,""heading_error_deg"":null,""aoi_s"":0.1365504264831543,""position_margin_m"":-0.07555892164498657,""heading_margin_deg"":null,""freshness_margin_s"":0.8634495735168457,""normalized_margin"":-0.07555892164498657,""observable"":true,""raw_pass"":false,""reason"":""position tolerance"",""status"":""withdrawn"",""observed_evaluations"":22,""satisfaction_fraction"":0.0}]",high,10.0,0.3626999678090215
30.652999999999338,5621.672,1789517235.7069662,3562,-0.16298027609423388,-0.016149223691288725,-0.8798607372497949,0.7381512802605822,0.5565974541430395,True,0.036011111,344.74,,,0.012,0.14308977127075195,1789511613.8918765,6.539205551234772,1.06774380767519,,-118.1448,0.07988468172935731,0.013303512385127648,0.08279405639148102,0.027201621186398323,0.06949054400635338,0.19854441144672394,low-motion,695.5392360687256,644,1061.1819880740306,0,False,0,136973,128180,0.078874373,0.069378768,11.43701,12,0.92,False,"[{""service_id"":""local_1s_tight"",""label"":""Immediate motion"",""family"":""local_relative_motion"",""horizon_s"":1.0,""position_tolerance_m"":0.1,""heading_tolerance_deg"":2.0,""maximum_aoi_s"":0.6,""position_error_m"":null,""heading_error_deg"":null,""aoi_s"":0.14308977127075195,""position_margin_m"":null,""heading_margin_deg"":null,""freshness_margin_s"":null,""normalized_margin"":null,""observable"":false,""raw_pass"":false,""reason"":""GPS course unobservable at low speed"",""status"":""unobservable"",""observed_evaluations"":0,""satisfaction_fraction"":null},{""service_id"":""local_5s_moderate"",""label"":""Short prediction"",""family"":""local_relative_motion"",""horizon_s"":5.0,""position_tolerance_m"":0.2,""heading_tolerance_deg"":5.0,""maximum_aoi_s"":1.0,""position_error_m"":null,""heading_error_deg"":null,""aoi_s"":0.14308977127075195,""position_margin_m"":null,""heading_margin_deg"":null,""freshness_margin_s"":null,""normalized_margin"":null,""observable"":false,""raw_pass"":false,""reason"":""GPS course unobservable at low speed"",""status"":""unobservable"",""observed_evaluations"":0,""satisfaction_fraction"":null},{""service_id"":""local_10s_preview"",""label"":""Planning support"",""family"":""local_relative_motion"",""horizon_s"":10.0,""position_tolerance_m"":0.5,""heading_tolerance_deg"":10.0,""maximum_aoi_s"":1.5,""position_error_m"":null,""heading_error_deg"":null,""aoi_s"":0.14308977127075195,""position_margin_m"":null,""heading_margin_deg"":null,""freshness_margin_s"":null,""normalized_margin"":null,""observable"":false,""raw_pass"":false,""reason"":""GPS course unobservable at low speed"",""status"":""unobservable"",""observed_evaluations"":0,""satisfaction_fraction"":null},{""service_id"":""global_state_tracking"",""label"":""Global asset tracking"",""family"":""global_synchronization"",""horizon_s"":0.0,""position_tolerance_m"":1.0,""heading_tolerance_deg"":5.0,""maximum_aoi_s"":1.0,""position_error_m"":1.06774380767519,""heading_error_deg"":null,""aoi_s"":0.14308977127075195,""position_margin_m"":-0.06774380767518995,""heading_margin_deg"":null,""freshness_margin_s"":0.856910228729248,""normalized_margin"":-0.06774380767518995,""observable"":true,""raw_pass"":false,""reason"":""position tolerance"",""status"":""withdrawn"",""observed_evaluations"":23,""satisfaction_fraction"":0.0}]",high,10.0,0.49479998415336013
31.355999999999767,5622.375,1789517236.4009743,3563,-0.1446493172838783,-0.03858665681837736,-0.8917122247462212,0.7381512802605822,0.5565974541430395,True,0.072022222,344.74,,,0.019,0.13409781455993652,1789511613.8918765,8.99188804669393,1.0646976194985076,,-116.6939,0.04121405191662334,-0.007683109570921569,-0.053559791420575986,-0.01685844594085245,0.04587668184965442,0.1310762338561555,low-motion,684.6599578857422,646,1043.7777820765925,0,False,0,136772,127986,0.018807841,0.018810192,11.43701,12,0.92,False,"[{""service_id"":""local_1s_tight"",""label"":""Immediate motion"",""family"":""local_relative_motion"",""horizon_s"":1.0,""position_tolerance_m"":0.1,""heading_tolerance_deg"":2.0,""maximum_aoi_s"":0.6,""position_error_m"":null,""heading_error_deg"":null,""aoi_s"":0.13409781455993652,""position_margin_m"":null,""heading_margin_deg"":null,""freshness_margin_s"":null,""normalized_margin"":null,""observable"":false,""raw_pass"":false,""reason"":""GPS course unobservable at low speed"",""status"":""unobservable"",""observed_evaluations"":0,""satisfaction_fraction"":null},{""service_id"":""local_5s_moderate"",""label"":""Short prediction"",""family"":""local_relative_motion"",""horizon_s"":5.0,""position_tolerance_m"":0.2,""heading_tolerance_deg"":5.0,""maximum_aoi_s"":1.0,""position_error_m"":null,""heading_error_deg"":null,""aoi_s"":0.13409781455993652,""position_margin_m"":null,""heading_margin_deg"":null,""freshness_margin_s"":null,""normalized_margin"":null,""observable"":false,""raw_pass"":false,""reason"":""GPS course unobservable at low speed"",""status"":""unobservable"",""observed_evaluations"":0,""satisfaction_fraction"":null},{""service_id"":""local_10s_preview"",""label"":""Planning support"",""family"":""local_relative_motion"",""horizon_s"":10.0,""position_tolerance_m"":0.5,""heading_tolerance_deg"":10.0,""maximum_aoi_s"":1.5,""position_error_m"":null,""heading_error_deg"":null,""aoi_s"":0.13409781455993652,""position_margin_m"":null,""heading_margin_deg"":null,""freshness_margin_s"":null,""normalized_margin"":null,""observable"":false,""raw_pass"":false,""reason"":""GPS course unobservable at low speed"",""status"":""unobservable"",""observed_evaluations"":0,""satisfaction_fraction"":null},{""service_id"":""global_state_tracking"",""label"":""Global asset tracking"",""family"":""global_synchronization"",""horizon_s"":0.0,""position_tolerance_m"":1.0,""heading_tolerance_deg"":5.0,""maximum_aoi_s"":1.0,""position_error_m"":1.0646976194985076,""heading_error_deg"":null,""aoi_s"":0.13409781455993652,""position_margin_m"":-0.06469761949850761,""heading_margin_deg"":null,""freshness_margin_s"":0.8659021854400635,""normalized_margin"":-0.06469761949850761,""observable"":true,""raw_pass"":false,""reason"":""position tolerance"",""status"":""withdrawn"",""observed_evaluations"":24,""satisfaction_fraction"":0.0}]",high,10.0,0.13420003233477473
32.04599999999937,5623.065,1789517236.9581194,3564,-0.14455714363022104,-0.03870078502269869,-0.8911251396190822,0.7381512802605822,0.5565974541430395,True,0.072022222,344.74,,,0.71,0.0012428760528564453,1789511613.8918765,132.85488128622092,1.0646850027879675,,-115.9514,0.0002126103723898052,0.0,0.004254240051736178,0.0008508480103472356,0.004254240051736178,0.012154971576389081,low-motion,552.978515625,627,1079.7375590235772,0,False,0,136771,127985,0.0,0.0,11.43701,12,0.92,False,"[{""service_id"":""local_1s_tight"",""label"":""Immediate motion"",""family"":""local_relative_motion"",""horizon_s"":1.0,""position_tolerance_m"":0.1,""heading_tolerance_deg"":2.0,""maximum_aoi_s"":0.6,""position_error_m"":null,""heading_error_deg"":null,""aoi_s"":0.0012428760528564453,""position_margin_m"":null,""heading_margin_deg"":null,""freshness_margin_s"":null,""normalized_margin"":null,""observable"":false,""raw_pass"":false,""reason"":""GPS course unobservable at low speed"",""status"":""unobservable"",""observed_evaluations"":0,""satisfaction_fraction"":null},{""service_id"":""local_5s_moderate"",""label"":""Short prediction"",""family"":""local_relative_motion"",""horizon_s"":5.0,""position_tolerance_m"":0.2,""heading_tolerance_deg"":5.0,""maximum_aoi_s"":1.0,""position_error_m"":null,""heading_error_deg"":null,""aoi_s"":0.0012428760528564453,""position_margin_m"":null,""heading_margin_deg"":null,""freshness_margin_s"":null,""normalized_margin"":null,""observable"":false,""raw_pass"":false,""reason"":""GPS course unobservable at low speed"",""status"":""unobservable"",""observed_evaluations"":0,""satisfaction_fraction"":null},{""service_id"":""local_10s_preview"",""label"":""Planning support"",""family"":""local_relative_motion"",""horizon_s"":10.0,""position_tolerance_m"":0.5,""heading_tolerance_deg"":10.0,""maximum_aoi_s"":1.5,""position_error_m"":null,""heading_error_deg"":null,""aoi_s"":0.0012428760528564453,""position_margin_m"":null,""heading_margin_deg"":null,""freshness_margin_s"":null,""normalized_margin"":null,""observable"":false,""raw_pass"":false,""reason"":""GPS course unobservable at low speed"",""status"":""unobservable"",""observed_evaluations"":0,""satisfaction_fraction"":null},{""service_id"":""global_state_tracking"",""label"":""Global asset tracking"",""family"":""global_synchronization"",""horizon_s"":0.0,""position_tolerance_m"":1.0,""heading_tolerance_deg"":5.0,""maximum_aoi_s"":1.0,""position_error_m"":1.0646850027879675,""heading_error_deg"":null,""aoi_s"":0.0012428760528564453,""position_margin_m"":-0.06468500278796752,""heading_margin_deg"":null,""freshness_margin_s"":0.9987571239471436,""normalized_margin"":-0.06468500278796752,""observable"":true,""raw_pass"":false,""reason"":""position tolerance"",""status"":""withdrawn"",""observed_evaluations"":25,""satisfaction_fraction"":0.0}]",high,10.0,0.38400001358240843
32.608000000000175,5623.627,1789517237.6581628,3565,-0.14455714363022104,-0.03870078502269869,-0.8912600099370303,0.44306799549508247,0.927291358308062,True,0.267511109,344.74,,,0.011,0.13928627967834473,1789511613.8918765,138.04343986430467,1.1306830347665031,,-115.3933,-0.0,0.0,-0.0011999138607461017,-0.00023998277214922034,0.0011999138607461017,0.0034283253164174338,low-motion,693.4404373168945,619,1088.0324386679206,0,False,0,136771,127985,0.0,0.0,11.43701,11,0.94,False,"[{""service_id"":""local_1s_tight"",""label"":""Immediate motion"",""family"":""local_relative_motion"",""horizon_s"":1.0,""position_tolerance_m"":0.1,""heading_tolerance_deg"":2.0,""maximum_aoi_s"":0.6,""position_error_m"":null,""heading_error_deg"":null,""aoi_s"":0.13928627967834473,""position_margin_m"":null,""heading_margin_deg"":null,""freshness_margin_s"":null,""normalized_margin"":null,""observable"":false,""raw_pass"":false,""reason"":""GPS course unobservable at low speed"",""status"":""unobservable"",""observed_evaluations"":0,""satisfaction_fraction"":null},{""service_id"":""local_5s_moderate"",""label"":""Short prediction"",""family"":""local_relative_motion"",""horizon_s"":5.0,""position_tolerance_m"":0.2,""heading_tolerance_deg"":5.0,""maximum_aoi_s"":1.0,""position_error_m"":null,""heading_error_deg"":null,""aoi_s"":0.13928627967834473,""position_margin_m"":null,""heading_margin_deg"":null,""freshness_margin_s"":null,""normalized_margin"":null,""observable"":false,""raw_pass"":false,""reason"":""GPS course unobservable at low speed"",""status"":""unobservable"",""observed_evaluations"":0,""satisfaction_fraction"":null},{""service_id"":""local_10s_preview"",""label"":""Planning support"",""family"":""local_relative_motion"",""horizon_s"":10.0,""position_tolerance_m"":0.5,""heading_tolerance_deg"":10.0,""maximum_aoi_s"":1.5,""position_error_m"":null,""heading_error_deg"":null,""aoi_s"":0.13928627967834473,""position_margin_m"":null,""heading_margin_deg"":null,""freshness_margin_s"":null,""normalized_margin"":null,""observable"":false,""raw_pass"":false,""reason"":""GPS course unobservable at low speed"",""status"":""unobservable"",""observed_evaluations"":0,""satisfaction_fraction"":null},{""service_id"":""global_state_tracking"",""label"":""Global asset tracking"",""family"":""global_synchronization"",""horizon_s"":0.0,""position_tolerance_m"":1.0,""heading_tolerance_deg"":5.0,""maximum_aoi_s"":1.0,""position_error_m"":1.1306830347665031,""heading_error_deg"":null,""aoi_s"":0.13928627967834473,""position_margin_m"":-0.13068303476650311,""heading_margin_deg"":null,""freshness_margin_s"":0.8607137203216553,""normalized_margin"":-0.13068303476650311,""observable"":true,""raw_pass"":false,""reason"":""position tolerance"",""status"":""withdrawn"",""observed_evaluations"":26,""satisfaction_fraction"":0.0}]",high,10.0,0.3182999789714813
33.3119999999999,5624.331,1789517238.3603876,3566,-0.14455714363022104,-0.03870078502269869,-0.891428957808623,0.2950832847654998,1.6697923616381458,True,0.365255552,336.79,1.97588724618278,1.97588724618278,0.019,0.1375110149383545,1789511613.8918765,1.7752685544110136,1.7641520735092673,0.0,-115.4493,-0.0,0.0,-0.0011999138607461017,-0.00023998277214922034,0.0011999138607461017,0.0034283253164174338,low-motion,695.2211856842041,626,1054.210233755213,0,False,0,136771,127985,0.0,0.0,11.43701,11,0.94,True,"[{""service_id"":""local_1s_tight"",""label"":""Immediate motion"",""family"":""local_relative_motion"",""horizon_s"":1.0,""position_tolerance_m"":0.1,""heading_tolerance_deg"":2.0,""maximum_aoi_s"":0.6,""position_error_m"":null,""heading_error_deg"":null,""aoi_s"":0.1375110149383545,""position_margin_m"":null,""heading_margin_deg"":null,""freshness_margin_s"":null,""normalized_margin"":null,""observable"":false,""raw_pass"":false,""reason"":""waiting for 1 s history"",""status"":""unobservable"",""observed_evaluations"":0,""satisfaction_fraction"":null},{""service_id"":""local_5s_moderate"",""label"":""Short prediction"",""family"":""local_relative_motion"",""horizon_s"":5.0,""position_tolerance_m"":0.2,""heading_tolerance_deg"":5.0,""maximum_aoi_s"":1.0,""position_error_m"":null,""heading_error_deg"":null,""aoi_s"":0.1375110149383545,""position_margin_m"":null,""heading_margin_deg"":null,""freshness_margin_s"":null,""normalized_margin"":null,""observable"":false,""raw_pass"":false,""reason"":""waiting for 5 s history"",""status"":""unobservable"",""observed_evaluations"":0,""satisfaction_fraction"":null},{""service_id"":""local_10s_preview"",""label"":""Planning support"",""family"":""local_relative_motion"",""horizon_s"":10.0,""position_tolerance_m"":0.5,""heading_tolerance_deg"":10.0,""maximum_aoi_s"":1.5,""position_error_m"":null,""heading_error_deg"":null,""aoi_s"":0.1375110149383545,""position_margin_m"":null,""heading_margin_deg"":null,""freshness_margin_s"":null,""normalized_margin"":null,""observable"":false,""raw_pass"":false,""reason"":""waiting for 10 s history"",""status"":""unobservable"",""observed_evaluations"":0,""satisfaction_fraction"":null},{""service_id"":""global_state_tracking"",""label"":""Global asset tracking"",""family"":""global_synchronization"",""horizon_s"":0.0,""position_tolerance_m"":1.0,""heading_tolerance_deg"":5.0,""maximum_aoi_s"":1.0,""position_error_m"":1.7641520735092673,""heading_error_deg"":0.0,""aoi_s"":0.1375110149383545,""position_margin_m"":-0.7641520735092673,""heading_margin_deg"":5.0,""freshness_margin_s"":0.8624889850616455,""normalized_margin"":-0.7641520735092673,""observable"":true,""raw_pass"":false,""reason"":""position tolerance"",""status"":""withdrawn"",""observed_evaluations"":27,""satisfaction_fraction"":0.0}]",high,10.0,0.5076999659650028
34.01899999999932,5625.038,1789517238.9311733,3567,-0.14455714363022104,-0.03870078502269869,-0.892061356046467,0.2950832847654998,1.6697923616381458,True,0.365255552,336.79,1.97588724618278,1.975254847944936,0.726,0.0012967586517333984,1789511613.8918765,136.2142391199086,1.7641520735092673,0.03623374999997166,-114.647,-0.0,0.0,-0.004472406208235469,-0.0008944812416470937,0.004472406208235469,0.01277830345210134,low-motion,562.5967979431152,626,1092.0165114661193,0,False,0,136771,127985,0.0,0.0,11.43701,11,0.94,True,"[{""service_id"":""local_1s_tight"",""label"":""Immediate motion"",""family"":""local_relative_motion"",""horizon_s"":1.0,""position_tolerance_m"":0.1,""heading_tolerance_deg"":2.0,""maximum_aoi_s"":0.6,""position_error_m"":0.0,""heading_error_deg"":0.03623374999997166,""aoi_s"":0.0012967586517333984,""position_margin_m"":0.1,""heading_margin_deg"":1.9637662500000284,""freshness_margin_s"":0.5987032413482666,""normalized_margin"":0.9818831250000142,""observable"":true,""raw_pass"":true,""reason"":""within contract"",""status"":""qualified"",""observed_evaluations"":1,""satisfaction_fraction"":1.0},{""service_id"":""local_5s_moderate"",""label"":""Short prediction"",""family"":""local_relative_motion"",""horizon_s"":5.0,""position_tolerance_m"":0.2,""heading_tolerance_deg"":5.0,""maximum_aoi_s"":1.0,""position_error_m"":null,""heading_error_deg"":null,""aoi_s"":0.0012967586517333984,""position_margin_m"":null,""heading_margin_deg"":null,""freshness_margin_s"":null,""normalized_margin"":null,""observable"":false,""raw_pass"":false,""reason"":""no synchronized 5 s window"",""status"":""unobservable"",""observed_evaluations"":0,""satisfaction_fraction"":null},{""service_id"":""local_10s_preview"",""label"":""Planning support"",""family"":""local_relative_motion"",""horizon_s"":10.0,""position_tolerance_m"":0.5,""heading_tolerance_deg"":10.0,""maximum_aoi_s"":1.5,""position_error_m"":null,""heading_error_deg"":null,""aoi_s"":0.0012967586517333984,""position_margin_m"":null,""heading_margin_deg"":null,""freshness_margin_s"":null,""normalized_margin"":null,""observable"":false,""raw_pass"":false,""reason"":""no synchronized 10 s window"",""status"":""unobservable"",""observed_evaluations"":0,""satisfaction_fraction"":null},{""service_id"":""global_state_tracking"",""label"":""Global asset tracking"",""family"":""global_synchronization"",""horizon_s"":0.0,""position_tolerance_m"":1.0,""heading_tolerance_deg"":5.0,""maximum_aoi_s"":1.0,""position_error_m"":1.7641520735092673,""heading_error_deg"":0.03623374999997166,""aoi_s"":0.0012967586517333984,""position_margin_m"":-0.7641520735092673,""heading_margin_deg"":4.963766250000028,""freshness_margin_s"":0.9987032413482666,""normalized_margin"":-0.7641520735092673,""observable"":true,""raw_pass"":false,""reason"":""position tolerance"",""status"":""withdrawn"",""observed_evaluations"":28,""satisfaction_fraction"":0.0}]",high,10.0,0.72900002123788
34.597999999999956,5625.617,1789517239.6609192,3568,-0.14455714363022104,-0.03870078502269869,-0.8920739878669282,0.2950832847654998,2.0404862658031684,True,0.365255552,336.79,1.97588724618278,1.9752422161244745,0.015,0.15204262733459473,1789511613.8918765,150.74586486753105,2.1251594054569036,0.03695749999998996,-114.38,-0.0,0.0,-0.0001090830782496456,-2.181661564992912e-05,0.0001090830782496456,0.0003116659378561303,low-motion,720.7458019256592,619,1084.9368466454735,0,False,0,136771,127985,0.0,0.0,11.44068,11,0.94,True,"[{""service_id"":""local_1s_tight"",""label"":""Immediate motion"",""family"":""local_relative_motion"",""horizon_s"":1.0,""position_tolerance_m"":0.1,""heading_tolerance_deg"":2.0,""maximum_aoi_s"":0.6,""position_error_m"":0.37069390416502257,""heading_error_deg"":0.03695749999998996,""aoi_s"":0.15204262733459473,""position_margin_m"":-0.2706939041650226,""heading_margin_deg"":1.96304250000001,""freshness_margin_s"":0.44795737266540525,""normalized_margin"":-2.7069390416502257,""observable"":true,""raw_pass"":false,""reason"":""position tolerance"",""status"":""withdrawn"",""observed_evaluations"":2,""satisfaction_fraction"":0.5},{""service_id"":""local_5s_moderate"",""label"":""Short prediction"",""family"":""local_relative_motion"",""horizon_s"":5.0,""position_tolerance_m"":0.2,""heading_tolerance_deg"":5.0,""maximum_aoi_s"":1.0,""position_error_m"":null,""heading_error_deg"":null,""aoi_s"":0.15204262733459473,""position_margin_m"":null,""heading_margin_deg"":null,""freshness_margin_s"":null,""normalized_margin"":null,""observable"":false,""raw_pass"":false,""reason"":""no synchronized 5 s window"",""status"":""unobservable"",""observed_evaluations"":0,""satisfaction_fraction"":null},{""service_id"":""local_10s_preview"",""label"":""Planning support"",""family"":""local_relative_motion"",""horizon_s"":10.0,""position_tolerance_m"":0.5,""heading_tolerance_deg"":10.0,""maximum_aoi_s"":1.5,""position_error_m"":null,""heading_error_deg"":null,""aoi_s"":0.15204262733459473,""position_margin_m"":null,""heading_margin_deg"":null,""freshness_margin_s"":null,""normalized_margin"":null,""observable"":false,""raw_pass"":false,""reason"":""no synchronized 10 s window"",""status"":""unobservable"",""observed_evaluations"":0,""satisfaction_fraction"":null},{""service_id"":""global_state_tracking"",""label"":""Global asset tracking"",""family"":""global_synchronization"",""horizon_s"":0.0,""position_tolerance_m"":1.0,""heading_tolerance_deg"":5.0,""maximum_aoi_s"":1.0,""position_error_m"":2.1251594054569036,""heading_error_deg"":0.03695749999998996,""aoi_s"":0.15204262733459473,""position_margin_m"":-1.1251594054569036,""heading_margin_deg"":4.96304250000001,""freshness_margin_s"":0.8479573726654053,""normalized_margin"":-1.1251594054569036,""observable"":true,""raw_pass"":false,""reason"":""position tolerance"",""status"":""withdrawn"",""observed_evaluations"":29,""satisfaction_fraction"":0.0}]",high,10.0,0.1729000359773636
35.3130000000001,5626.332,1789517240.245546,3569,-0.14455714363022104,-0.03870078502269869,-0.8535603526785529,0.14798471072958266,2.0404862658031684,True,0.159477776,336.79,,,0.027,0.021669626235961914,1789511613.8918765,130.3730869294668,2.0996665280168276,,-112.851,-0.0,0.0,0.269326120198375,0.053865224039675,0.269326120198375,0.7695032005667857,low-motion,581.5277099609375,621,1107.8355048469798,0,False,0,136771,127985,0.0,0.0,11.44068,11,0.94,False,"[{""service_id"":""local_1s_tight"",""label"":""Immediate motion"",""family"":""local_relative_motion"",""horizon_s"":1.0,""position_tolerance_m"":0.1,""heading_tolerance_deg"":2.0,""maximum_aoi_s"":0.6,""position_error_m"":null,""heading_error_deg"":null,""aoi_s"":0.021669626235961914,""position_margin_m"":null,""heading_margin_deg"":null,""freshness_margin_s"":null,""normalized_margin"":null,""observable"":false,""raw_pass"":false,""reason"":""GPS course unobservable at low speed"",""status"":""unobservable"",""observed_evaluations"":2,""satisfaction_fraction"":0.5},{""service_id"":""local_5s_moderate"",""label"":""Short prediction"",""family"":""local_relative_motion"",""horizon_s"":5.0,""position_tolerance_m"":0.2,""heading_tolerance_deg"":5.0,""maximum_aoi_s"":1.0,""position_error_m"":null,""heading_error_deg"":null,""aoi_s"":0.021669626235961914,""position_margin_m"":null,""heading_margin_deg"":null,""freshness_margin_s"":null,""normalized_margin"":null,""observable"":false,""raw_pass"":false,""reason"":""GPS course unobservable at low speed"",""status"":""unobservable"",""observed_evaluations"":0,""satisfaction_fraction"":null},{""service_id"":""local_10s_preview"",""label"":""Planning support"",""family"":""local_relative_motion"",""horizon_s"":10.0,""position_tolerance_m"":0.5,""heading_tolerance_deg"":10.0,""maximum_aoi_s"":1.5,""position_error_m"":null,""heading_error_deg"":null,""aoi_s"":0.021669626235961914,""position_margin_m"":null,""heading_margin_deg"":null,""freshness_margin_s"":null,""normalized_margin"":null,""observable"":false,""raw_pass"":false,""reason"":""GPS course unobservable at low speed"",""status"":""unobservable"",""observed_evaluations"":0,""satisfaction_fraction"":null},{""service_id"":""global_state_tracking"",""label"":""Global asset tracking"",""family"":""global_synchronization"",""horizon_s"":0.0,""position_tolerance_m"":1.0,""heading_tolerance_deg"":5.0,""maximum_aoi_s"":1.0,""position_error_m"":2.0996665280168276,""heading_error_deg"":null,""aoi_s"":0.021669626235961914,""position_margin_m"":-1.0996665280168276,""heading_margin_deg"":null,""freshness_margin_s"":0.9783303737640381,""normalized_margin"":-1.0996665280168276,""observable"":true,""raw_pass"":false,""reason"":""position tolerance"",""status"":""withdrawn"",""observed_evaluations"":30,""satisfaction_fraction"":0.0}]",high,10.0,0.18360000103712082
35.909999999999854,5626.929,1789517240.9593236,3570,-0.14455714363022104,-0.03870078502269869,-0.8542246031752461,0.14798471072958266,2.0404862658031684,True,0.159477776,336.79,,,0.623,0.13844728469848633,1789511613.8918765,116.7775421145052,2.0996665280168276,,-112.6206,-0.0,0.0,-0.005563236990731925,-0.001112647398146385,0.005563236990731925,0.015894962830662645,low-motion,707.7012062072754,621,1097.985168028019,0,False,0,136771,127985,0.0,0.0,11.44068,11,0.94,False,"[{""service_id"":""local_1s_tight"",""label"":""Immediate motion"",""family"":""local_relative_motion"",""horizon_s"":1.0,""position_tolerance_m"":0.1,""heading_tolerance_deg"":2.0,""maximum_aoi_s"":0.6,""position_error_m"":null,""heading_error_deg"":null,""aoi_s"":0.13844728469848633,""position_margin_m"":null,""heading_margin_deg"":null,""freshness_margin_s"":null,""normalized_margin"":null,""observable"":false,""raw_pass"":false,""reason"":""GPS course unobservable at low speed"",""status"":""unobservable"",""observed_evaluations"":2,""satisfaction_fraction"":0.5},{""service_id"":""local_5s_moderate"",""label"":""Short prediction"",""family"":""local_relative_motion"",""horizon_s"":5.0,""position_tolerance_m"":0.2,""heading_tolerance_deg"":5.0,""maximum_aoi_s"":1.0,""position_error_m"":null,""heading_error_deg"":null,""aoi_s"":0.13844728469848633,""position_margin_m"":null,""heading_margin_deg"":null,""freshness_margin_s"":null,""normalized_margin"":null,""observable"":false,""raw_pass"":false,""reason"":""GPS course unobservable at low speed"",""status"":""unobservable"",""observed_evaluations"":0,""satisfaction_fraction"":null},{""service_id"":""local_10s_preview"",""label"":""Planning support"",""family"":""local_relative_motion"",""horizon_s"":10.0,""position_tolerance_m"":0.5,""heading_tolerance_deg"":10.0,""maximum_aoi_s"":1.5,""position_error_m"":null,""heading_error_deg"":null,""aoi_s"":0.13844728469848633,""position_margin_m"":null,""heading_margin_deg"":null,""freshness_margin_s"":null,""normalized_margin"":null,""observable"":false,""raw_pass"":false,""reason"":""GPS course unobservable at low speed"",""status"":""unobservable"",""observed_evaluations"":0,""satisfaction_fraction"":null},{""service_id"":""global_state_tracking"",""label"":""Global asset tracking"",""family"":""global_synchronization"",""horizon_s"":0.0,""position_tolerance_m"":1.0,""heading_tolerance_deg"":5.0,""maximum_aoi_s"":1.0,""position_error_m"":2.0996665280168276,""heading_error_deg"":null,""aoi_s"":0.13844728469848633,""position_margin_m"":-1.0996665280168276,""heading_margin_deg"":null,""freshness_margin_s"":0.8615527153015137,""normalized_margin"":-1.0996665280168276,""observable"":true,""raw_pass"":false,""reason"":""position tolerance"",""status"":""withdrawn"",""observed_evaluations"":31,""satisfaction_fraction"":0.0}]",high,10.0,0.32920000376179814
36.61499999999978,5627.634,1789517241.5271058,3571,-0.14455714363022104,-0.03870078502269869,-0.854855212450607,0.0,2.2263898157811854,True,0.159477776,336.79,,,0.02,0.0012292861938476562,1789511613.8918765,137.21783637993212,2.269698701948043,,-112.7749,-0.0,0.0,-0.004472406208235469,-0.0008944812416470937,0.004472406208235469,0.01277830345210134,low-motion,562.5965595245361,619,1089.5195447981441,0,False,0,136771,127985,0.0,0.0,11.44068,11,0.94,False,"[{""service_id"":""local_1s_tight"",""label"":""Immediate motion"",""family"":""local_relative_motion"",""horizon_s"":1.0,""position_tolerance_m"":0.1,""heading_tolerance_deg"":2.0,""maximum_aoi_s"":0.6,""position_error_m"":null,""heading_error_deg"":null,""aoi_s"":0.0012292861938476562,""position_margin_m"":null,""heading_margin_deg"":null,""freshness_margin_s"":null,""normalized_margin"":null,""observable"":false,""raw_pass"":false,""reason"":""GPS course unobservable at low speed"",""status"":""unobservable"",""observed_evaluations"":2,""satisfaction_fraction"":0.5},{""service_id"":""local_5s_moderate"",""label"":""Short prediction"",""family"":""local_relative_motion"",""horizon_s"":5.0,""position_tolerance_m"":0.2,""heading_tolerance_deg"":5.0,""maximum_aoi_s"":1.0,""position_error_m"":null,""heading_error_deg"":null,""aoi_s"":0.0012292861938476562,""position_margin_m"":null,""heading_margin_deg"":null,""freshness_margin_s"":null,""normalized_margin"":null,""observable"":false,""raw_pass"":false,""reason"":""GPS course unobservable at low speed"",""status"":""unobservable"",""observed_evaluations"":0,""satisfaction_fraction"":null},{""service_id"":""local_10s_preview"",""label"":""Planning support"",""family"":""local_relative_motion"",""horizon_s"":10.0,""position_tolerance_m"":0.5,""heading_tolerance_deg"":10.0,""maximum_aoi_s"":1.5,""position_error_m"":null,""heading_error_deg"":null,""aoi_s"":0.0012292861938476562,""position_margin_m"":null,""heading_margin_deg"":null,""freshness_margin_s"":null,""normalized_margin"":null,""observable"":false,""raw_pass"":false,""reason"":""GPS course unobservable at low speed"",""status"":""unobservable"",""observed_evaluations"":0,""satisfaction_fraction"":null},{""service_id"":""global_state_tracking"",""label"":""Global asset tracking"",""family"":""global_synchronization"",""horizon_s"":0.0,""position_tolerance_m"":1.0,""heading_tolerance_deg"":5.0,""maximum_aoi_s"":1.0,""position_error_m"":2.269698701948043,""heading_error_deg"":null,""aoi_s"":0.0012292861938476562,""position_margin_m"":-1.2696987019480428,""heading_margin_deg"":null,""freshness_margin_s"":0.9987707138061523,""normalized_margin"":-1.2696987019480428,""observable"":true,""raw_pass"":false,""reason"":""position tolerance"",""status"":""withdrawn"",""observed_evaluations"":32,""satisfaction_fraction"":0.0}]",high,10.0,0.2964999875985086
37.188999999999396,5628.208,1789517242.255775,3572,-0.14455714363022104,-0.03870078502269869,-0.8544920530664983,0.0,2.411180170759163,True,0.159477776,336.79,,,0.027,0.1558985710144043,1789511613.8918765,154.66916656532703,2.454142103725287,,-112.5441,-0.0,0.0,0.0031634092692397224,0.0006326818538479446,0.0031634092692397224,0.009038312197827778,low-motion,721.6570377349854,617,1080.5609185708013,0,False,0,136771,127985,0.0,0.0,11.44068,11,0.94,False,"[{""service_id"":""local_1s_tight"",""label"":""Immediate motion"",""family"":""local_relative_motion"",""horizon_s"":1.0,""position_tolerance_m"":0.1,""heading_tolerance_deg"":2.0,""maximum_aoi_s"":0.6,""position_error_m"":null,""heading_error_deg"":null,""aoi_s"":0.1558985710144043,""position_margin_m"":null,""heading_margin_deg"":null,""freshness_margin_s"":null,""normalized_margin"":null,""observable"":false,""raw_pass"":false,""reason"":""GPS course unobservable at low speed"",""status"":""unobservable"",""observed_evaluations"":2,""satisfaction_fraction"":0.5},{""service_id"":""local_5s_moderate"",""label"":""Short prediction"",""family"":""local_relative_motion"",""horizon_s"":5.0,""position_tolerance_m"":0.2,""heading_tolerance_deg"":5.0,""maximum_aoi_s"":1.0,""position_error_m"":null,""heading_error_deg"":null,""aoi_s"":0.1558985710144043,""position_margin_m"":null,""heading_margin_deg"":null,""freshness_margin_s"":null,""normalized_margin"":null,""observable"":false,""raw_pass"":false,""reason"":""GPS course unobservable at low speed"",""status"":""unobservable"",""observed_evaluations"":0,""satisfaction_fraction"":null},{""service_id"":""local_10s_preview"",""label"":""Planning support"",""family"":""local_relative_motion"",""horizon_s"":10.0,""position_tolerance_m"":0.5,""heading_tolerance_deg"":10.0,""maximum_aoi_s"":1.5,""position_error_m"":null,""heading_error_deg"":null,""aoi_s"":0.1558985710144043,""position_margin_m"":null,""heading_margin_deg"":null,""freshness_margin_s"":null,""normalized_margin"":null,""observable"":false,""raw_pass"":false,""reason"":""GPS course unobservable at low speed"",""status"":""unobservable"",""observed_evaluations"":0,""satisfaction_fraction"":null},{""service_id"":""global_state_tracking"",""label"":""Global asset tracking"",""family"":""global_synchronization"",""horizon_s"":0.0,""position_tolerance_m"":1.0,""heading_tolerance_deg"":5.0,""maximum_aoi_s"":1.0,""position_error_m"":2.454142103725287,""heading_error_deg"":null,""aoi_s"":0.1558985710144043,""position_margin_m"":-1.454142103725287,""heading_margin_deg"":null,""freshness_margin_s"":0.8441014289855957,""normalized_margin"":-1.454142103725287,""observable"":true,""raw_pass"":false,""reason"":""position tolerance"",""status"":""withdrawn"",""observed_evaluations"":33,""satisfaction_fraction"":0.0}]",high,10.0,0.3073000116273761
37.90599999999995,5628.925,1789517242.8484893,3573,-0.14455714363022104,-0.03870078502269869,-0.8549769709825497,0.0,2.411180170759163,True,0.097744444,336.79,,,0.035,0.03161287307739258,1789511613.8918765,124.28569030817016,2.454142103725287,,-112.6536,-0.0,0.0,-0.0033815754257390134,-0.0006763150851478027,0.0033815754257390134,0.009661644073540039,low-motion,584.6285820007324,620,1107.1495944399583,0,False,0,136771,127985,0.0,0.0,11.44068,11,0.94,False,"[{""service_id"":""local_1s_tight"",""label"":""Immediate motion"",""family"":""local_relative_motion"",""horizon_s"":1.0,""position_tolerance_m"":0.1,""heading_tolerance_deg"":2.0,""maximum_aoi_s"":0.6,""position_error_m"":null,""heading_error_deg"":null,""aoi_s"":0.03161287307739258,""position_margin_m"":null,""heading_margin_deg"":null,""freshness_margin_s"":null,""normalized_margin"":null,""observable"":false,""raw_pass"":false,""reason"":""GPS course unobservable at low speed"",""status"":""unobservable"",""observed_evaluations"":2,""satisfaction_fraction"":0.5},{""service_id"":""local_5s_moderate"",""label"":""Short prediction"",""family"":""local_relative_motion"",""horizon_s"":5.0,""position_tolerance_m"":0.2,""heading_tolerance_deg"":5.0,""maximum_aoi_s"":1.0,""position_error_m"":null,""heading_error_deg"":null,""aoi_s"":0.03161287307739258,""position_margin_m"":null,""heading_margin_deg"":null,""freshness_margin_s"":null,""normalized_margin"":null,""observable"":false,""raw_pass"":false,""reason"":""GPS course unobservable at low speed"",""status"":""unobservable"",""observed_evaluations"":0,""satisfaction_fraction"":null},{""service_id"":""local_10s_preview"",""label"":""Planning support"",""family"":""local_relative_motion"",""horizon_s"":10.0,""position_tolerance_m"":0.5,""heading_tolerance_deg"":10.0,""maximum_aoi_s"":1.5,""position_error_m"":null,""heading_error_deg"":null,""aoi_s"":0.03161287307739258,""position_margin_m"":null,""heading_margin_deg"":null,""freshness_margin_s"":null,""normalized_margin"":null,""observable"":false,""raw_pass"":false,""reason"":""GPS course unobservable at low speed"",""status"":""unobservable"",""observed_evaluations"":0,""satisfaction_fraction"":null},{""service_id"":""global_state_tracking"",""label"":""Global asset tracking"",""family"":""global_synchronization"",""horizon_s"":0.0,""position_tolerance_m"":1.0,""heading_tolerance_deg"":5.0,""maximum_aoi_s"":1.0,""position_error_m"":2.454142103725287,""heading_error_deg"":null,""aoi_s"":0.03161287307739258,""position_margin_m"":-1.454142103725287,""heading_margin_deg"":null,""freshness_margin_s"":0.9683871269226074,""normalized_margin"":-1.454142103725287,""observable"":true,""raw_pass"":false,""reason"":""position tolerance"",""status"":""withdrawn"",""observed_evaluations"":34,""satisfaction_fraction"":0.0}]",high,10.0,0.21319999359548092
38.54899999999998,5629.568,1789517243.4607368,3574,-0.14455714363022104,-0.03870078502269869,-0.8549909990664126,-0.1479847094703077,2.2263898157811854,True,0.056588888,336.79,,,0.091,0.0008602142333984375,1789511613.8918765,30.75253295901348,2.2650931941219747,,-112.7955,-0.0,0.0,-0.0001090830782496456,-2.181661564992912e-05,0.0001090830782496456,0.0003116659378561303,low-motion,603.2412052154541,626,1097.0152157296054,0,False,0,136771,127985,0.0,0.0,11.44068,11,0.94,False,"[{""service_id"":""local_1s_tight"",""label"":""Immediate motion"",""family"":""local_relative_motion"",""horizon_s"":1.0,""position_tolerance_m"":0.1,""heading_tolerance_deg"":2.0,""maximum_aoi_s"":0.6,""position_error_m"":null,""heading_error_deg"":null,""aoi_s"":0.0008602142333984375,""position_margin_m"":null,""heading_margin_deg"":null,""freshness_margin_s"":null,""normalized_margin"":null,""observable"":false,""raw_pass"":false,""reason"":""GPS course unobservable at low speed"",""status"":""unobservable"",""observed_evaluations"":2,""satisfaction_fraction"":0.5},{""service_id"":""local_5s_moderate"",""label"":""Short prediction"",""family"":""local_relative_motion"",""horizon_s"":5.0,""position_tolerance_m"":0.2,""heading_tolerance_deg"":5.0,""maximum_aoi_s"":1.0,""position_error_m"":null,""heading_error_deg"":null,""aoi_s"":0.0008602142333984375,""position_margin_m"":null,""heading_margin_deg"":null,""freshness_margin_s"":null,""normalized_margin"":null,""observable"":false,""raw_pass"":false,""reason"":""GPS course unobservable at low speed"",""status"":""unobservable"",""observed_evaluations"":0,""satisfaction_fraction"":null},{""service_id"":""local_10s_preview"",""label"":""Planning support"",""family"":""local_relative_motion"",""horizon_s"":10.0,""position_tolerance_m"":0.5,""heading_tolerance_deg"":10.0,""maximum_aoi_s"":1.5,""position_error_m"":null,""heading_error_deg"":null,""aoi_s"":0.0008602142333984375,""position_margin_m"":null,""heading_margin_deg"":null,""freshness_margin_s"":null,""normalized_margin"":null,""observable"":false,""raw_pass"":false,""reason"":""GPS course unobservable at low speed"",""status"":""unobservable"",""observed_evaluations"":0,""satisfaction_fraction"":null},{""service_id"":""global_state_tracking"",""label"":""Global asset tracking"",""family"":""global_synchronization"",""horizon_s"":0.0,""position_tolerance_m"":1.0,""heading_tolerance_deg"":5.0,""maximum_aoi_s"":1.0,""position_error_m"":2.2650931941219747,""heading_error_deg"":null,""aoi_s"":0.0008602142333984375,""position_margin_m"":-1.2650931941219747,""heading_margin_deg"":null,""freshness_margin_s"":0.9991397857666016,""normalized_margin"":-1.2650931941219747,""observable"":true,""raw_pass"":false,""reason"":""position tolerance"",""status"":""withdrawn"",""observed_evaluations"":35,""satisfaction_fraction"":0.0}]",high,10.0,0.3152000135742128
39.12199999999939,5630.141,1789517244.1773107,3575,-0.14455714363022104,-0.03870078502269869,-0.8543784539488102,-0.1479847094703077,2.411180170759163,True,0.056588888,336.79,,,0.026,0.14443421363830566,1789511613.8918765,143.5739536291294,2.4498833534905775,,-112.2977,-0.0,0.0,0.005345070834232635,0.001069014166846527,0.005345070834232635,0.015271630954950386,low-motion,708.5723876953125,625,1099.9932097771227,0,False,0,136771,127985,0.0,0.0,11.44068,11,0.94,False,"[{""service_id"":""local_1s_tight"",""label"":""Immediate motion"",""family"":""local_relative_motion"",""horizon_s"":1.0,""position_tolerance_m"":0.1,""heading_tolerance_deg"":2.0,""maximum_aoi_s"":0.6,""position_error_m"":null,""heading_error_deg"":null,""aoi_s"":0.14443421363830566,""position_margin_m"":null,""heading_margin_deg"":null,""freshness_margin_s"":null,""normalized_margin"":null,""observable"":false,""raw_pass"":false,""reason"":""GPS course unobservable at low speed"",""status"":""unobservable"",""observed_evaluations"":2,""satisfaction_fraction"":0.5},{""service_id"":""local_5s_moderate"",""label"":""Short prediction"",""family"":""local_relative_motion"",""horizon_s"":5.0,""position_tolerance_m"":0.2,""heading_tolerance_deg"":5.0,""maximum_aoi_s"":1.0,""position_error_m"":null,""heading_error_deg"":null,""aoi_s"":0.14443421363830566,""position_margin_m"":null,""heading_margin_deg"":null,""freshness_margin_s"":null,""normalized_margin"":null,""observable"":false,""raw_pass"":false,""reason"":""GPS course unobservable at low speed"",""status"":""unobservable"",""observed_evaluations"":0,""satisfaction_fraction"":null},{""service_id"":""local_10s_preview"",""label"":""Planning support"",""family"":""local_relative_motion"",""horizon_s"":10.0,""position_tolerance_m"":0.5,""heading_tolerance_deg"":10.0,""maximum_aoi_s"":1.5,""position_error_m"":null,""heading_error_deg"":null,""aoi_s"":0.14443421363830566,""position_margin_m"":null,""heading_margin_deg"":null,""freshness_margin_s"":null,""normalized_margin"":null,""observable"":false,""raw_pass"":false,""reason"":""GPS course unobservable at low speed"",""status"":""unobservable"",""observed_evaluations"":0,""satisfaction_fraction"":null},{""service_id"":""global_state_tracking"",""label"":""Global asset tracking"",""family"":""global_synchronization"",""horizon_s"":0.0,""position_tolerance_m"":1.0,""heading_tolerance_deg"":5.0,""maximum_aoi_s"":1.0,""position_error_m"":2.4498833534905775,""heading_error_deg"":null,""aoi_s"":0.14443421363830566,""position_margin_m"":-1.4498833534905775,""heading_margin_deg"":null,""freshness_margin_s"":0.8555657863616943,""normalized_margin"":-1.4498833534905775,""observable"":true,""raw_pass"":false,""reason"":""position tolerance"",""status"":""withdrawn"",""observed_evaluations"":36,""satisfaction_fraction"":0.0}]",high,10.0,0.3282999969087541
39.83399999999983,5630.853,1789517244.8831804,3576,-0.14455714363022104,-0.03870078502269869,-0.8553259931997186,-0.1479847094703077,2.411180170759163,True,0.056588888,336.79,,,0.737,0.1383039951324463,1789511613.8918765,6.130325317826646,2.4498833534905775,,-112.7231,-0.0,0.0,-0.006654067773228381,-0.0013308135546456763,0.006654067773228381,0.019011622209223946,low-motion,697.5486278533936,625,1072.5295921456116,0,False,0,136771,127985,0.0,0.0,11.44068,11,0.94,False,"[{""service_id"":""local_1s_tight"",""label"":""Immediate motion"",""family"":""local_relative_motion"",""horizon_s"":1.0,""position_tolerance_m"":0.1,""heading_tolerance_deg"":2.0,""maximum_aoi_s"":0.6,""position_error_m"":null,""heading_error_deg"":null,""aoi_s"":0.1383039951324463,""position_margin_m"":null,""heading_margin_deg"":null,""freshness_margin_s"":null,""normalized_margin"":null,""observable"":false,""raw_pass"":false,""reason"":""GPS course unobservable at low speed"",""status"":""unobservable"",""observed_evaluations"":2,""satisfaction_fraction"":0.5},{""service_id"":""local_5s_moderate"",""label"":""Short prediction"",""family"":""local_relative_motion"",""horizon_s"":5.0,""position_tolerance_m"":0.2,""heading_tolerance_deg"":5.0,""maximum_aoi_s"":1.0,""position_error_m"":null,""heading_error_deg"":null,""aoi_s"":0.1383039951324463,""position_margin_m"":null,""heading_margin_deg"":null,""freshness_margin_s"":null,""normalized_margin"":null,""observable"":false,""raw_pass"":false,""reason"":""GPS course unobservable at low speed"",""status"":""unobservable"",""observed_evaluations"":0,""satisfaction_fraction"":null},{""service_id"":""local_10s_preview"",""label"":""Planning support"",""family"":""local_relative_motion"",""horizon_s"":10.0,""position_tolerance_m"":0.5,""heading_tolerance_deg"":10.0,""maximum_aoi_s"":1.5,""position_error_m"":null,""heading_error_deg"":null,""aoi_s"":0.1383039951324463,""position_margin_m"":null,""heading_margin_deg"":null,""freshness_margin_s"":null,""normalized_margin"":null,""observable"":false,""raw_pass"":false,""reason"":""GPS course unobservable at low speed"",""status"":""unobservable"",""observed_evaluations"":0,""satisfaction_fraction"":null},{""service_id"":""global_state_tracking"",""label"":""Global asset tracking"",""family"":""global_synchronization"",""horizon_s"":0.0,""position_tolerance_m"":1.0,""heading_tolerance_deg"":5.0,""maximum_aoi_s"":1.0,""position_error_m"":2.4498833534905775,""heading_error_deg"":null,""aoi_s"":0.1383039951324463,""position_margin_m"":-1.4498833534905775,""heading_margin_deg"":null,""freshness_margin_s"":0.8616960048675537,""normalized_margin"":-1.4498833534905775,""observable"":true,""raw_pass"":false,""reason"":""position tolerance"",""status"":""withdrawn"",""observed_evaluations"":37,""satisfaction_fraction"":0.0}]",high,10.0,0.14620000729337335
40.537999999999556,5631.557,1789517245.4644732,3577,-0.14455714363022104,-0.03870078502269869,-0.855341352097136,0.0,2.411180170759163,True,0.236644442,336.79,,,0.019,0.015596866607666016,1789511613.8918765,122.70713233920105,2.454142103725287,,-112.5226,-0.0,0.0,-0.0001090830782496456,-2.181661564992912e-05,0.0001090830782496456,0.0003116659378561303,low-motion,574.8929977416992,619,1103.6259476956116,0,False,0,136771,127985,0.0,0.0,11.44068,11,0.94,False,"[{""service_id"":""local_1s_tight"",""label"":""Immediate motion"",""family"":""local_relative_motion"",""horizon_s"":1.0,""position_tolerance_m"":0.1,""heading_tolerance_deg"":2.0,""maximum_aoi_s"":0.6,""position_error_m"":null,""heading_error_deg"":null,""aoi_s"":0.015596866607666016,""position_margin_m"":null,""heading_margin_deg"":null,""freshness_margin_s"":null,""normalized_margin"":null,""observable"":false,""raw_pass"":false,""reason"":""GPS course unobservable at low speed"",""status"":""unobservable"",""observed_evaluations"":2,""satisfaction_fraction"":0.5},{""service_id"":""local_5s_moderate"",""label"":""Short prediction"",""family"":""local_relative_motion"",""horizon_s"":5.0,""position_tolerance_m"":0.2,""heading_tolerance_deg"":5.0,""maximum_aoi_s"":1.0,""position_error_m"":null,""heading_error_deg"":null,""aoi_s"":0.015596866607666016,""position_margin_m"":null,""heading_margin_deg"":null,""freshness_margin_s"":null,""normalized_margin"":null,""observable"":false,""raw_pass"":false,""reason"":""GPS course unobservable at low speed"",""status"":""unobservable"",""observed_evaluations"":0,""satisfaction_fraction"":null},{""service_id"":""local_10s_preview"",""label"":""Planning support"",""family"":""local_relative_motion"",""horizon_s"":10.0,""position_tolerance_m"":0.5,""heading_tolerance_deg"":10.0,""maximum_aoi_s"":1.5,""position_error_m"":null,""heading_error_deg"":null,""aoi_s"":0.015596866607666016,""position_margin_m"":null,""heading_margin_deg"":null,""freshness_margin_s"":null,""normalized_margin"":null,""observable"":false,""raw_pass"":false,""reason"":""GPS course unobservable at low speed"",""status"":""unobservable"",""observed_evaluations"":0,""satisfaction_fraction"":null},{""service_id"":""global_state_tracking"",""label"":""Global asset tracking"",""family"":""global_synchronization"",""horizon_s"":0.0,""position_tolerance_m"":1.0,""heading_tolerance_deg"":5.0,""maximum_aoi_s"":1.0,""position_error_m"":2.454142103725287,""heading_error_deg"":null,""aoi_s"":0.015596866607666016,""position_margin_m"":-1.454142103725287,""heading_margin_deg"":null,""freshness_margin_s"":0.984403133392334,""normalized_margin"":-1.454142103725287,""observable"":true,""raw_pass"":false,""reason"":""position tolerance"",""status"":""withdrawn"",""observed_evaluations"":38,""satisfaction_fraction"":0.0}]",high,10.0,0.20740000763908029
41.11799999999948,5632.137,1789517246.1753018,3578,-0.14455714363022104,-0.03870078502269869,-0.8542151783972867,0.0,2.0404862658031684,True,0.236644442,336.79,,,0.034,0.1464252471923828,1789511613.8918765,130.82854270942335,2.0842062182270964,,-112.7079,-0.0,0.0,0.009708393964218458,0.0019416787928436916,0.009708393964218458,0.027738268469195596,low-motion,705.3699493408203,615,1068.3714755687427,0,False,0,136771,127985,0.0,0.0,11.44068,12,0.92,False,"[{""service_id"":""local_1s_tight"",""label"":""Immediate motion"",""family"":""local_relative_motion"",""horizon_s"":1.0,""position_tolerance_m"":0.1,""heading_tolerance_deg"":2.0,""maximum_aoi_s"":0.6,""position_error_m"":null,""heading_error_deg"":null,""aoi_s"":0.1464252471923828,""position_margin_m"":null,""heading_margin_deg"":null,""freshness_margin_s"":null,""normalized_margin"":null,""observable"":false,""raw_pass"":false,""reason"":""GPS course unobservable at low speed"",""status"":""unobservable"",""observed_evaluations"":2,""satisfaction_fraction"":0.5},{""service_id"":""local_5s_moderate"",""label"":""Short prediction"",""family"":""local_relative_motion"",""horizon_s"":5.0,""position_tolerance_m"":0.2,""heading_tolerance_deg"":5.0,""maximum_aoi_s"":1.0,""position_error_m"":null,""heading_error_deg"":null,""aoi_s"":0.1464252471923828,""position_margin_m"":null,""heading_margin_deg"":null,""freshness_margin_s"":null,""normalized_margin"":null,""observable"":false,""raw_pass"":false,""reason"":""GPS course unobservable at low speed"",""status"":""unobservable"",""observed_evaluations"":0,""satisfaction_fraction"":null},{""service_id"":""local_10s_preview"",""label"":""Planning support"",""family"":""local_relative_motion"",""horizon_s"":10.0,""position_tolerance_m"":0.5,""heading_tolerance_deg"":10.0,""maximum_aoi_s"":1.5,""position_error_m"":null,""heading_error_deg"":null,""aoi_s"":0.1464252471923828,""position_margin_m"":null,""heading_margin_deg"":null,""freshness_margin_s"":null,""normalized_margin"":null,""observable"":false,""raw_pass"":false,""reason"":""GPS course unobservable at low speed"",""status"":""unobservable"",""observed_evaluations"":0,""satisfaction_fraction"":null},{""service_id"":""global_state_tracking"",""label"":""Global asset tracking"",""family"":""global_synchronization"",""horizon_s"":0.0,""position_tolerance_m"":1.0,""heading_tolerance_deg"":5.0,""maximum_aoi_s"":1.0,""position_error_m"":2.0842062182270964,""heading_error_deg"":null,""aoi_s"":0.1464252471923828,""position_margin_m"":-1.0842062182270964,""heading_margin_deg"":null,""freshness_margin_s"":0.8535747528076172,""normalized_margin"":-1.0842062182270964,""observable"":true,""raw_pass"":false,""reason"":""position tolerance"",""status"":""withdrawn"",""observed_evaluations"":39,""satisfaction_fraction"":0.0}]",high,10.0,0.4594000056385994
41.826999999999316,5632.846,1789517246.7412398,3579,-0.14455714363022104,-0.03870078502269869,-0.8536119271579508,0.0,2.0404862658031684,True,0.241788887,336.79,,,0.025,0.003363370895385742,1789511613.8918765,143.06200408918812,2.0842062182270964,,-112.5312,-0.0,0.0,0.004254240051736178,0.0008508480103472356,0.004254240051736178,0.012154971576389081,low-motion,559.941291809082,615,1106.2398678218926,0,False,0,136771,127985,0.0,0.0,11.44068,12,0.92,False,"[{""service_id"":""local_1s_tight"",""label"":""Immediate motion"",""family"":""local_relative_motion"",""horizon_s"":1.0,""position_tolerance_m"":0.1,""heading_tolerance_deg"":2.0,""maximum_aoi_s"":0.6,""position_error_m"":null,""heading_error_deg"":null,""aoi_s"":0.003363370895385742,""position_margin_m"":null,""heading_margin_deg"":null,""freshness_margin_s"":null,""normalized_margin"":null,""observable"":false,""raw_pass"":false,""reason"":""GPS course unobservable at low speed"",""status"":""unobservable"",""observed_evaluations"":2,""satisfaction_fraction"":0.5},{""service_id"":""local_5s_moderate"",""label"":""Short prediction"",""family"":""local_relative_motion"",""horizon_s"":5.0,""position_tolerance_m"":0.2,""heading_tolerance_deg"":5.0,""maximum_aoi_s"":1.0,""position_error_m"":null,""heading_error_deg"":null,""aoi_s"":0.003363370895385742,""position_margin_m"":null,""heading_margin_deg"":null,""freshness_margin_s"":null,""normalized_margin"":null,""observable"":false,""raw_pass"":false,""reason"":""GPS course unobservable at low speed"",""status"":""unobservable"",""observed_evaluations"":0,""satisfaction_fraction"":null},{""service_id"":""local_10s_preview"",""label"":""Planning support"",""family"":""local_relative_motion"",""horizon_s"":10.0,""position_tolerance_m"":0.5,""heading_tolerance_deg"":10.0,""maximum_aoi_s"":1.5,""position_error_m"":null,""heading_error_deg"":null,""aoi_s"":0.003363370895385742,""position_margin_m"":null,""heading_margin_deg"":null,""freshness_margin_s"":null,""normalized_margin"":null,""observable"":false,""raw_pass"":false,""reason"":""GPS course unobservable at low speed"",""status"":""unobservable"",""observed_evaluations"":0,""satisfaction_fraction"":null},{""service_id"":""global_state_tracking"",""label"":""Global asset tracking"",""family"":""global_synchronization"",""horizon_s"":0.0,""position_tolerance_m"":1.0,""heading_tolerance_deg"":5.0,""maximum_aoi_s"":1.0,""position_error_m"":2.0842062182270964,""heading_error_deg"":null,""aoi_s"":0.003363370895385742,""position_margin_m"":-1.0842062182270964,""heading_margin_deg"":null,""freshness_margin_s"":0.9966366291046143,""normalized_margin"":-1.0842062182270964,""observable"":true,""raw_pass"":false,""reason"":""position tolerance"",""status"":""withdrawn"",""observed_evaluations"":40,""satisfaction_fraction"":0.0}]",high,10.0,0.1496000331826508
42.389000000000124,5633.408,1789517247.4381752,3580,-0.14455714363022104,-0.03870078502269869,-0.8536241880959459,0.0,1.854582716616124,True,0.246933331,336.79,,,0.011,0.13829874992370605,1789511613.8918765,134.9354152671367,1.8987941398035466,,-112.4795,-0.0,0.0,-0.0001090830782496456,-2.181661564992912e-05,0.0001090830782496456,0.0003116659378561303,low-motion,692.5754547119141,619,1081.5554898257908,0,False,0,136771,127985,0.0,0.0,11.44068,12,0.92,False,"[{""service_id"":""local_1s_tight"",""label"":""Immediate motion"",""family"":""local_relative_motion"",""horizon_s"":1.0,""position_tolerance_m"":0.1,""heading_tolerance_deg"":2.0,""maximum_aoi_s"":0.6,""position_error_m"":null,""heading_error_deg"":null,""aoi_s"":0.13829874992370605,""position_margin_m"":null,""heading_margin_deg"":null,""freshness_margin_s"":null,""normalized_margin"":null,""observable"":false,""raw_pass"":false,""reason"":""GPS course unobservable at low speed"",""status"":""unobservable"",""observed_evaluations"":2,""satisfaction_fraction"":0.5},{""service_id"":""local_5s_moderate"",""label"":""Short prediction"",""family"":""local_relative_motion"",""horizon_s"":5.0,""position_tolerance_m"":0.2,""heading_tolerance_deg"":5.0,""maximum_aoi_s"":1.0,""position_error_m"":null,""heading_error_deg"":null,""aoi_s"":0.13829874992370605,""position_margin_m"":null,""heading_margin_deg"":null,""freshness_margin_s"":null,""normalized_margin"":null,""observable"":false,""raw_pass"":false,""reason"":""GPS course unobservable at low speed"",""status"":""unobservable"",""observed_evaluations"":0,""satisfaction_fraction"":null},{""service_id"":""local_10s_preview"",""label"":""Planning support"",""family"":""local_relative_motion"",""horizon_s"":10.0,""position_tolerance_m"":0.5,""heading_tolerance_deg"":10.0,""maximum_aoi_s"":1.5,""position_error_m"":null,""heading_error_deg"":null,""aoi_s"":0.13829874992370605,""position_margin_m"":null,""heading_margin_deg"":null,""freshness_margin_s"":null,""normalized_margin"":null,""observable"":false,""raw_pass"":false,""reason"":""GPS course unobservable at low speed"",""status"":""unobservable"",""observed_evaluations"":0,""satisfaction_fraction"":null},{""service_id"":""global_state_tracking"",""label"":""Global asset tracking"",""family"":""global_synchronization"",""horizon_s"":0.0,""position_tolerance_m"":1.0,""heading_tolerance_deg"":5.0,""maximum_aoi_s"":1.0,""position_error_m"":1.8987941398035466,""heading_error_deg"":null,""aoi_s"":0.13829874992370605,""position_margin_m"":-0.8987941398035466,""heading_margin_deg"":null,""freshness_margin_s"":0.861701250076294,""normalized_margin"":-0.8987941398035466,""observable"":true,""raw_pass"":false,""reason"":""position tolerance"",""status"":""withdrawn"",""observed_evaluations"":41,""satisfaction_fraction"":0.0}]",high,10.0,0.3312000189907849
43.08899999999994,5634.108,1789517248.1355689,3581,-0.14479772295253518,-0.03842396509253064,-0.8570313072193487,-0.1479847094703077,1.854582716616124,True,0.246933331,336.79,,,0.003,0.13569235801696777,1789511613.8918765,2.606344222840562,1.8930093644450563,,-112.7589,-0.0005239327033889951,-0.005511455130982197,-0.0022907446432425577,-0.004867313033434269,0.003220710487739639,0.009202029964970397,low-motion,687.3819828033447,634,1064.8510764692198,0,False,0,136771,127990,0.0,-0.018812544,11.44068,12,0.92,False,"[{""service_id"":""local_1s_tight"",""label"":""Immediate motion"",""family"":""local_relative_motion"",""horizon_s"":1.0,""position_tolerance_m"":0.1,""heading_tolerance_deg"":2.0,""maximum_aoi_s"":0.6,""position_error_m"":null,""heading_error_deg"":null,""aoi_s"":0.13569235801696777,""position_margin_m"":null,""heading_margin_deg"":null,""freshness_margin_s"":null,""normalized_margin"":null,""observable"":false,""raw_pass"":false,""reason"":""GPS course unobservable at low speed"",""status"":""unobservable"",""observed_evaluations"":2,""satisfaction_fraction"":0.5},{""service_id"":""local_5s_moderate"",""label"":""Short prediction"",""family"":""local_relative_motion"",""horizon_s"":5.0,""position_tolerance_m"":0.2,""heading_tolerance_deg"":5.0,""maximum_aoi_s"":1.0,""position_error_m"":null,""heading_error_deg"":null,""aoi_s"":0.13569235801696777,""position_margin_m"":null,""heading_margin_deg"":null,""freshness_margin_s"":null,""normalized_margin"":null,""observable"":false,""raw_pass"":false,""reason"":""GPS course unobservable at low speed"",""status"":""unobservable"",""observed_evaluations"":0,""satisfaction_fraction"":null},{""service_id"":""local_10s_preview"",""label"":""Planning support"",""family"":""local_relative_motion"",""horizon_s"":10.0,""position_tolerance_m"":0.5,""heading_tolerance_deg"":10.0,""maximum_aoi_s"":1.5,""position_error_m"":null,""heading_error_deg"":null,""aoi_s"":0.13569235801696777,""position_margin_m"":null,""heading_margin_deg"":null,""freshness_margin_s"":null,""normalized_margin"":null,""observable"":false,""raw_pass"":false,""reason"":""GPS course unobservable at low speed"",""status"":""unobservable"",""observed_evaluations"":0,""satisfaction_fraction"":null},{""service_id"":""global_state_tracking"",""label"":""Global asset tracking"",""family"":""global_synchronization"",""horizon_s"":0.0,""position_tolerance_m"":1.0,""heading_tolerance_deg"":5.0,""maximum_aoi_s"":1.0,""position_error_m"":1.8930093644450563,""heading_error_deg"":null,""aoi_s"":0.13569235801696777,""position_margin_m"":-0.8930093644450563,""heading_margin_deg"":null,""freshness_margin_s"":0.8643076419830322,""normalized_margin"":-0.8930093644450563,""observable"":true,""raw_pass"":false,""reason"":""position tolerance"",""status"":""withdrawn"",""observed_evaluations"":42,""satisfaction_fraction"":0.0}]",high,10.0,0.26760000037029386
43.81999999999971,5634.839,1789517248.8678775,3582,-0.16102117390597742,-0.011976041634680842,-1.1841167090141937,-0.1479847094703077,1.854582716616124,True,0.123466666,336.79,,,0.046,0.13700103759765625,1789511613.8918765,1.3086261751595885,1.8666042824894002,,-122.0078,-0.04244499958235035,-0.42538481325586025,-0.5357069972840095,-0.4474492500614901,0.11032218402814925,0.31520624008042647,low-motion,725.2631187438965,648,1065.969260528657,0,False,0,136781,128403,-0.043038537,-0.107580956,11.44068,12,0.92,False,"[{""service_id"":""local_1s_tight"",""label"":""Immediate motion"",""family"":""local_relative_motion"",""horizon_s"":1.0,""position_tolerance_m"":0.1,""heading_tolerance_deg"":2.0,""maximum_aoi_s"":0.6,""position_error_m"":null,""heading_error_deg"":null,""aoi_s"":0.13700103759765625,""position_margin_m"":null,""heading_margin_deg"":null,""freshness_margin_s"":null,""normalized_margin"":null,""observable"":false,""raw_pass"":false,""reason"":""GPS course unobservable at low speed"",""status"":""unobservable"",""observed_evaluations"":2,""satisfaction_fraction"":0.5},{""service_id"":""local_5s_moderate"",""label"":""Short prediction"",""family"":""local_relative_motion"",""horizon_s"":5.0,""position_tolerance_m"":0.2,""heading_tolerance_deg"":5.0,""maximum_aoi_s"":1.0,""position_error_m"":null,""heading_error_deg"":null,""aoi_s"":0.13700103759765625,""position_margin_m"":null,""heading_margin_deg"":null,""freshness_margin_s"":null,""normalized_margin"":null,""observable"":false,""raw_pass"":false,""reason"":""GPS course unobservable at low speed"",""status"":""unobservable"",""observed_evaluations"":0,""satisfaction_fraction"":null},{""service_id"":""local_10s_preview"",""label"":""Planning support"",""family"":""local_relative_motion"",""horizon_s"":10.0,""position_tolerance_m"":0.5,""heading_tolerance_deg"":10.0,""maximum_aoi_s"":1.5,""position_error_m"":null,""heading_error_deg"":null,""aoi_s"":0.13700103759765625,""position_margin_m"":null,""heading_margin_deg"":null,""freshness_margin_s"":null,""normalized_margin"":null,""observable"":false,""raw_pass"":false,""reason"":""GPS course unobservable at low speed"",""status"":""unobservable"",""observed_evaluations"":0,""satisfaction_fraction"":null},{""service_id"":""global_state_tracking"",""label"":""Global asset tracking"",""family"":""global_synchronization"",""horizon_s"":0.0,""position_tolerance_m"":1.0,""heading_tolerance_deg"":5.0,""maximum_aoi_s"":1.0,""position_error_m"":1.8666042824894002,""heading_error_deg"":null,""aoi_s"":0.13700103759765625,""position_margin_m"":-0.8666042824894002,""heading_margin_deg"":null,""freshness_margin_s"":0.8629989624023438,""normalized_margin"":-0.8666042824894002,""observable"":true,""raw_pass"":false,""reason"":""position tolerance"",""status"":""withdrawn"",""observed_evaluations"":43,""satisfaction_fraction"":0.0}]",high,10.0,0.242199981585145
44.524999999999636,5635.544,1789517249.5708327,3583,-0.17706622878743417,0.05342021479973598,-1.4762786858868508,-0.2950832847654998,1.854582716616124,True,0.123466666,336.79,,,0.025,0.13495635986328125,1789511613.8918765,2.044754028247553,1.805024759788962,,-128.7327,-0.09551181707736611,-0.3633651553021453,-0.6186101367537402,-0.4144141515924643,0.2552449814515949,0.7292713755759855,low-motion,695.4355239868164,647,1071.3251806238598,0,False,0,137074,129028,-0.075156206,-0.150031385,11.44068,12,0.92,False,"[{""service_id"":""local_1s_tight"",""label"":""Immediate motion"",""family"":""local_relative_motion"",""horizon_s"":1.0,""position_tolerance_m"":0.1,""heading_tolerance_deg"":2.0,""maximum_aoi_s"":0.6,""position_error_m"":null,""heading_error_deg"":null,""aoi_s"":0.13495635986328125,""position_margin_m"":null,""heading_margin_deg"":null,""freshness_margin_s"":null,""normalized_margin"":null,""observable"":false,""raw_pass"":false,""reason"":""GPS course unobservable at low speed"",""status"":""unobservable"",""observed_evaluations"":2,""satisfaction_fraction"":0.5},{""service_id"":""local_5s_moderate"",""label"":""Short prediction"",""family"":""local_relative_motion"",""horizon_s"":5.0,""position_tolerance_m"":0.2,""heading_tolerance_deg"":5.0,""maximum_aoi_s"":1.0,""position_error_m"":null,""heading_error_deg"":null,""aoi_s"":0.13495635986328125,""position_margin_m"":null,""heading_margin_deg"":null,""freshness_margin_s"":null,""normalized_margin"":null,""observable"":false,""raw_pass"":false,""reason"":""GPS course unobservable at low speed"",""status"":""unobservable"",""observed_evaluations"":0,""satisfaction_fraction"":null},{""service_id"":""local_10s_preview"",""label"":""Planning support"",""family"":""local_relative_motion"",""horizon_s"":10.0,""position_tolerance_m"":0.5,""heading_tolerance_deg"":10.0,""maximum_aoi_s"":1.5,""position_error_m"":null,""heading_error_deg"":null,""aoi_s"":0.13495635986328125,""position_margin_m"":null,""heading_margin_deg"":null,""freshness_margin_s"":null,""normalized_margin"":null,""observable"":false,""raw_pass"":false,""reason"":""GPS course unobservable at low speed"",""status"":""unobservable"",""observed_evaluations"":0,""satisfaction_fraction"":null},{""service_id"":""global_state_tracking"",""label"":""Global asset tracking"",""family"":""global_synchronization"",""horizon_s"":0.0,""position_tolerance_m"":1.0,""heading_tolerance_deg"":5.0,""maximum_aoi_s"":1.0,""position_error_m"":1.805024759788962,""heading_error_deg"":null,""aoi_s"":0.13495635986328125,""position_margin_m"":-0.8050247597889619,""heading_margin_deg"":null,""freshness_margin_s"":0.8650436401367188,""normalized_margin"":-0.8050247597889619,""observable"":true,""raw_pass"":false,""reason"":""position tolerance"",""status"":""withdrawn"",""observed_evaluations"":44,""satisfaction_fraction"":0.0}]",high,10.0,0.32049999572336674
45.25500000000011,5636.274,1789517250.3025384,3584,-0.17266795148950195,0.1348673875199047,-1.7732123572496836,-0.2950832847654998,1.6697923616381458,True,0.092599999,336.79,,,0.028,0.13666200637817383,1789511613.8918765,1.705665587905969,1.5397987498348467,,-136.596,-0.11173403186784209,-0.3974287645132048,-0.44407721155430724,-0.40675845392142534,0.04664844704110244,0.13328127726029268,low-motion,721.6994762420654,648,1042.7722335883198,0,False,0,137442,129772,-0.082287517,-0.144003155,11.40567,12,0.92,False,"[{""service_id"":""local_1s_tight"",""label"":""Immediate motion"",""family"":""local_relative_motion"",""horizon_s"":1.0,""position_tolerance_m"":0.1,""heading_tolerance_deg"":2.0,""maximum_aoi_s"":0.6,""position_error_m"":null,""heading_error_deg"":null,""aoi_s"":0.13666200637817383,""position_margin_m"":null,""heading_margin_deg"":null,""freshness_margin_s"":null,""normalized_margin"":null,""observable"":false,""raw_pass"":false,""reason"":""GPS course unobservable at low speed"",""status"":""unobservable"",""observed_evaluations"":2,""satisfaction_fraction"":0.5},{""service_id"":""local_5s_moderate"",""label"":""Short prediction"",""family"":""local_relative_motion"",""horizon_s"":5.0,""position_tolerance_m"":0.2,""heading_tolerance_deg"":5.0,""maximum_aoi_s"":1.0,""position_error_m"":null,""heading_error_deg"":null,""aoi_s"":0.13666200637817383,""position_margin_m"":null,""heading_margin_deg"":null,""freshness_margin_s"":null,""normalized_margin"":null,""observable"":false,""raw_pass"":false,""reason"":""GPS course unobservable at low speed"",""status"":""unobservable"",""observed_evaluations"":0,""satisfaction_fraction"":null},{""service_id"":""local_10s_preview"",""label"":""Planning support"",""family"":""local_relative_motion"",""horizon_s"":10.0,""position_tolerance_m"":0.5,""heading_tolerance_deg"":10.0,""maximum_aoi_s"":1.5,""position_error_m"":null,""heading_error_deg"":null,""aoi_s"":0.13666200637817383,""position_margin_m"":null,""heading_margin_deg"":null,""freshness_margin_s"":null,""normalized_margin"":null,""observable"":false,""raw_pass"":false,""reason"":""GPS course unobservable at low speed"",""status"":""unobservable"",""observed_evaluations"":0,""satisfaction_fraction"":null},{""service_id"":""global_state_tracking"",""label"":""Global asset tracking"",""family"":""global_synchronization"",""horizon_s"":0.0,""position_tolerance_m"":1.0,""heading_tolerance_deg"":5.0,""maximum_aoi_s"":1.0,""position_error_m"":1.5397987498348467,""heading_error_deg"":null,""aoi_s"":0.13666200637817383,""position_margin_m"":-0.5397987498348467,""heading_margin_deg"":null,""freshness_margin_s"":0.8633379936218262,""normalized_margin"":-0.5397987498348467,""observable"":true,""raw_pass"":false,""reason"":""position tolerance"",""status"":""withdrawn"",""observed_evaluations"":45,""satisfaction_fraction"":0.0}]",high,10.0,0.33220002660527825
45.95399999999972,5636.973,1789517251.005486,3585,-0.1430191270118015,0.21532523621562694,-2.074502439711154,-0.2950832847654998,1.6697923616381458,True,0.298377775,174.8,,,0.02,0.1406095027923584,1789511613.8918765,3.9476165775340633,1.4623946550121778,,-142.4008,-0.1226707099237024,-0.4294046443968212,-0.4375322268593285,-0.43103016088932267,0.008127582462507332,0.02322166417859238,translation,693.6235427856445,646,1050.0634691462833,0,False,0,137832,130551,-0.056423522,-0.15051917,11.40567,12,0.92,False,"[{""service_id"":""local_1s_tight"",""label"":""Immediate motion"",""family"":""local_relative_motion"",""horizon_s"":1.0,""position_tolerance_m"":0.1,""heading_tolerance_deg"":2.0,""maximum_aoi_s"":0.6,""position_error_m"":null,""heading_error_deg"":null,""aoi_s"":0.1406095027923584,""position_margin_m"":null,""heading_margin_deg"":null,""freshness_margin_s"":null,""normalized_margin"":null,""observable"":false,""raw_pass"":false,""reason"":""GPS course unobservable at low speed"",""status"":""unobservable"",""observed_evaluations"":2,""satisfaction_fraction"":0.5},{""service_id"":""local_5s_moderate"",""label"":""Short prediction"",""family"":""local_relative_motion"",""horizon_s"":5.0,""position_tolerance_m"":0.2,""heading_tolerance_deg"":5.0,""maximum_aoi_s"":1.0,""position_error_m"":null,""heading_error_deg"":null,""aoi_s"":0.1406095027923584,""position_margin_m"":null,""heading_margin_deg"":null,""freshness_margin_s"":null,""normalized_margin"":null,""observable"":false,""raw_pass"":false,""reason"":""GPS course unobservable at low speed"",""status"":""unobservable"",""observed_evaluations"":0,""satisfaction_fraction"":null},{""service_id"":""local_10s_preview"",""label"":""Planning support"",""family"":""local_relative_motion"",""horizon_s"":10.0,""position_tolerance_m"":0.5,""heading_tolerance_deg"":10.0,""maximum_aoi_s"":1.5,""position_error_m"":null,""heading_error_deg"":null,""aoi_s"":0.1406095027923584,""position_margin_m"":null,""heading_margin_deg"":null,""freshness_margin_s"":null,""normalized_margin"":null,""observable"":false,""raw_pass"":false,""reason"":""GPS course unobservable at low speed"",""status"":""unobservable"",""observed_evaluations"":0,""satisfaction_fraction"":null},{""service_id"":""global_state_tracking"",""label"":""Global asset tracking"",""family"":""global_synchronization"",""horizon_s"":0.0,""position_tolerance_m"":1.0,""heading_tolerance_deg"":5.0,""maximum_aoi_s"":1.0,""position_error_m"":1.4623946550121778,""heading_error_deg"":null,""aoi_s"":0.1406095027923584,""position_margin_m"":-0.4623946550121778,""heading_margin_deg"":null,""freshness_margin_s"":0.8593904972076416,""normalized_margin"":-0.4623946550121778,""observable"":true,""raw_pass"":false,""reason"":""position tolerance"",""status"":""withdrawn"",""observed_evaluations"":46,""satisfaction_fraction"":0.0}]",high,10.0,0.13450003461912274
46.67900000000009,5637.698,1789517251.5975676,3586,-0.11899401723411354,0.25025758089896005,-2.2720195369501055,-0.1479847094703077,1.6697923616381458,True,0.293233331,174.8,,,0.041,0.007691144943237305,1789511613.8918765,132.91845321691653,1.4198307835670356,,-150.5574,-0.058478116356145096,-0.2660702477023862,-0.29790588669978213,-0.27243737550186536,0.03183563899739594,0.09095896856398841,low-motion,587.0635509490967,637,1048.9407303236328,0,False,0,137996,130965,0.0,-0.064053949,11.40567,11,0.94,False,"[{""service_id"":""local_1s_tight"",""label"":""Immediate motion"",""family"":""local_relative_motion"",""horizon_s"":1.0,""position_tolerance_m"":0.1,""heading_tolerance_deg"":2.0,""maximum_aoi_s"":0.6,""position_error_m"":null,""heading_error_deg"":null,""aoi_s"":0.007691144943237305,""position_margin_m"":null,""heading_margin_deg"":null,""freshness_margin_s"":null,""normalized_margin"":null,""observable"":false,""raw_pass"":false,""reason"":""GPS course unobservable at low speed"",""status"":""unobservable"",""observed_evaluations"":2,""satisfaction_fraction"":0.5},{""service_id"":""local_5s_moderate"",""label"":""Short prediction"",""family"":""local_relative_motion"",""horizon_s"":5.0,""position_tolerance_m"":0.2,""heading_tolerance_deg"":5.0,""maximum_aoi_s"":1.0,""position_error_m"":null,""heading_error_deg"":null,""aoi_s"":0.007691144943237305,""position_margin_m"":null,""heading_margin_deg"":null,""freshness_margin_s"":null,""normalized_margin"":null,""observable"":false,""raw_pass"":false,""reason"":""GPS course unobservable at low speed"",""status"":""unobservable"",""observed_evaluations"":0,""satisfaction_fraction"":null},{""service_id"":""local_10s_preview"",""label"":""Planning support"",""family"":""local_relative_motion"",""horizon_s"":10.0,""position_tolerance_m"":0.5,""heading_tolerance_deg"":10.0,""maximum_aoi_s"":1.5,""position_error_m"":null,""heading_error_deg"":null,""aoi_s"":0.007691144943237305,""position_margin_m"":null,""heading_margin_deg"":null,""freshness_margin_s"":null,""normalized_margin"":null,""observable"":false,""raw_pass"":false,""reason"":""GPS course unobservable at low speed"",""status"":""unobservable"",""observed_evaluations"":0,""satisfaction_fraction"":null},{""service_id"":""global_state_tracking"",""label"":""Global asset tracking"",""family"":""global_synchronization"",""horizon_s"":0.0,""position_tolerance_m"":1.0,""heading_tolerance_deg"":5.0,""maximum_aoi_s"":1.0,""position_error_m"":1.4198307835670356,""heading_error_deg"":null,""aoi_s"":0.007691144943237305,""position_margin_m"":-0.4198307835670356,""heading_margin_deg"":null,""freshness_margin_s"":0.9923088550567627,""normalized_margin"":-0.4198307835670356,""observable"":true,""raw_pass"":false,""reason"":""position tolerance"",""status"":""withdrawn"",""observed_evaluations"":47,""satisfaction_fraction"":0.0}]",high,10.0,0.4635000368580222
47.27799999999934,5638.297,1789517252.3270097,3587,-0.11101813941437352,0.2586658724021671,-2.387597365929237,-0.1479847094703077,1.6697923616381458,True,0.293233331,174.8,,,0.053,0.13813328742980957,1789511613.8918765,130.4421195991381,1.411610603504082,,-154.0857,-0.01934789882967623,-0.20352819281710693,-0.15064373106276055,-0.19295130046623765,0.052884461754346385,0.1510984621552754,low-motion,718.4431552886963,636,1046.2616446962043,0,False,0,137996,131123,0.0,-0.019106378,11.40567,11,0.94,False,"[{""service_id"":""local_1s_tight"",""label"":""Immediate motion"",""family"":""local_relative_motion"",""horizon_s"":1.0,""position_tolerance_m"":0.1,""heading_tolerance_deg"":2.0,""maximum_aoi_s"":0.6,""position_error_m"":null,""heading_error_deg"":null,""aoi_s"":0.13813328742980957,""position_margin_m"":null,""heading_margin_deg"":null,""freshness_margin_s"":null,""normalized_margin"":null,""observable"":false,""raw_pass"":false,""reason"":""GPS course unobservable at low speed"",""status"":""unobservable"",""observed_evaluations"":2,""satisfaction_fraction"":0.5},{""service_id"":""local_5s_moderate"",""label"":""Short prediction"",""family"":""local_relative_motion"",""horizon_s"":5.0,""position_tolerance_m"":0.2,""heading_tolerance_deg"":5.0,""maximum_aoi_s"":1.0,""position_error_m"":null,""heading_error_deg"":null,""aoi_s"":0.13813328742980957,""position_margin_m"":null,""heading_margin_deg"":null,""freshness_margin_s"":null,""normalized_margin"":null,""observable"":false,""raw_pass"":false,""reason"":""GPS course unobservable at low speed"",""status"":""unobservable"",""observed_evaluations"":0,""satisfaction_fraction"":null},{""service_id"":""local_10s_preview"",""label"":""Planning support"",""family"":""local_relative_motion"",""horizon_s"":10.0,""position_tolerance_m"":0.5,""heading_tolerance_deg"":10.0,""maximum_aoi_s"":1.5,""position_error_m"":null,""heading_error_deg"":null,""aoi_s"":0.13813328742980957,""position_margin_m"":null,""heading_margin_deg"":null,""freshness_margin_s"":null,""normalized_margin"":null,""observable"":false,""raw_pass"":false,""reason"":""GPS course unobservable at low speed"",""status"":""unobservable"",""observed_evaluations"":0,""satisfaction_fraction"":null},{""service_id"":""global_state_tracking"",""label"":""Global asset tracking"",""family"":""global_synchronization"",""horizon_s"":0.0,""position_tolerance_m"":1.0,""heading_tolerance_deg"":5.0,""maximum_aoi_s"":1.0,""position_error_m"":1.411610603504082,""heading_error_deg"":null,""aoi_s"":0.13813328742980957,""position_margin_m"":-0.4116106035040821,""heading_margin_deg"":null,""freshness_margin_s"":0.8618667125701904,""normalized_margin"":-0.4116106035040821,""observable"":true,""raw_pass"":false,""reason"":""position tolerance"",""status"":""withdrawn"",""observed_evaluations"":48,""satisfaction_fraction"":0.0}]",high,10.0,0.507200020365417
47.99399999999969,5639.013,1789517252.9233296,3588,-0.1068703917623429,0.26239049919435403,-2.4321833881801473,-0.1479847094703077,1.6697923616381458,True,0.17491111,174.8,,,0.035,0.018453121185302734,1789511613.8918765,119.6800861362135,1.408002269007705,,-154.2311,-0.007785815592255223,-0.08190207066146192,0.016253378659197196,-0.0622709807973301,0.09815544932065912,0.2804441409161689,low-motion,580.7945728302002,622,1068.9757245090016,0,False,0,137996,131199,0.0,0.0,11.40567,11,0.94,False,"[{""service_id"":""local_1s_tight"",""label"":""Immediate motion"",""family"":""local_relative_motion"",""horizon_s"":1.0,""position_tolerance_m"":0.1,""heading_tolerance_deg"":2.0,""maximum_aoi_s"":0.6,""position_error_m"":null,""heading_error_deg"":null,""aoi_s"":0.018453121185302734,""position_margin_m"":null,""heading_margin_deg"":null,""freshness_margin_s"":null,""normalized_margin"":null,""observable"":false,""raw_pass"":false,""reason"":""GPS course unobservable at low speed"",""status"":""unobservable"",""observed_evaluations"":2,""satisfaction_fraction"":0.5},{""service_id"":""local_5s_moderate"",""label"":""Short prediction"",""family"":""local_relative_motion"",""horizon_s"":5.0,""position_tolerance_m"":0.2,""heading_tolerance_deg"":5.0,""maximum_aoi_s"":1.0,""position_error_m"":null,""heading_error_deg"":null,""aoi_s"":0.018453121185302734,""position_margin_m"":null,""heading_margin_deg"":null,""freshness_margin_s"":null,""normalized_margin"":null,""observable"":false,""raw_pass"":false,""reason"":""GPS course unobservable at low speed"",""status"":""unobservable"",""observed_evaluations"":0,""satisfaction_fraction"":null},{""service_id"":""local_10s_preview"",""label"":""Planning support"",""family"":""local_relative_motion"",""horizon_s"":10.0,""position_tolerance_m"":0.5,""heading_tolerance_deg"":10.0,""maximum_aoi_s"":1.5,""position_error_m"":null,""heading_error_deg"":null,""aoi_s"":0.018453121185302734,""position_margin_m"":null,""heading_margin_deg"":null,""freshness_margin_s"":null,""normalized_margin"":null,""observable"":false,""raw_pass"":false,""reason"":""GPS course unobservable at low speed"",""status"":""unobservable"",""observed_evaluations"":0,""satisfaction_fraction"":null},{""service_id"":""global_state_tracking"",""label"":""Global asset tracking"",""family"":""global_synchronization"",""horizon_s"":0.0,""position_tolerance_m"":1.0,""heading_tolerance_deg"":5.0,""maximum_aoi_s"":1.0,""position_error_m"":1.408002269007705,""heading_error_deg"":null,""aoi_s"":0.018453121185302734,""position_margin_m"":-0.408002269007705,""heading_margin_deg"":null,""freshness_margin_s"":0.9815468788146973,""normalized_margin"":-0.408002269007705,""observable"":true,""raw_pass"":false,""reason"":""position tolerance"",""status"":""withdrawn"",""observed_evaluations"":49,""satisfaction_fraction"":0.0}]",high,10.0,0.3578999894671142
48.60899999999947,5639.628,1789517253.6550727,3589,-0.10692605108491941,0.2623427252770679,-2.432384555541584,0.0,1.6697923616381458,True,0.138899999,174.8,,,0.063,0.13519620895385742,1789511613.8918765,116.74309730551613,1.4115054584710414,,-154.9239,0.00011926923329181512,0.0012546401924188309,-0.006654067773228381,-0.0003271014007106116,0.007908707965647212,0.022596308473277753,low-motion,716.7034149169922,619,1065.9686477660787,0,False,0,137996,131198,0.0,0.0,11.40567,11,0.94,False,"[{""service_id"":""local_1s_tight"",""label"":""Immediate motion"",""family"":""local_relative_motion"",""horizon_s"":1.0,""position_tolerance_m"":0.1,""heading_tolerance_deg"":2.0,""maximum_aoi_s"":0.6,""position_error_m"":null,""heading_error_deg"":null,""aoi_s"":0.13519620895385742,""position_margin_m"":null,""heading_margin_deg"":null,""freshness_margin_s"":null,""normalized_margin"":null,""observable"":false,""raw_pass"":false,""reason"":""GPS course unobservable at low speed"",""status"":""unobservable"",""observed_evaluations"":2,""satisfaction_fraction"":0.5},{""service_id"":""local_5s_moderate"",""label"":""Short prediction"",""family"":""local_relative_motion"",""horizon_s"":5.0,""position_tolerance_m"":0.2,""heading_tolerance_deg"":5.0,""maximum_aoi_s"":1.0,""position_error_m"":null,""heading_error_deg"":null,""aoi_s"":0.13519620895385742,""position_margin_m"":null,""heading_margin_deg"":null,""freshness_margin_s"":null,""normalized_margin"":null,""observable"":false,""raw_pass"":false,""reason"":""GPS course unobservable at low speed"",""status"":""unobservable"",""observed_evaluations"":0,""satisfaction_fraction"":null},{""service_id"":""local_10s_preview"",""label"":""Planning support"",""family"":""local_relative_motion"",""horizon_s"":10.0,""position_tolerance_m"":0.5,""heading_tolerance_deg"":10.0,""maximum_aoi_s"":1.5,""position_error_m"":null,""heading_error_deg"":null,""aoi_s"":0.13519620895385742,""position_margin_m"":null,""heading_margin_deg"":null,""freshness_margin_s"":null,""normalized_margin"":null,""observable"":false,""raw_pass"":false,""reason"":""GPS course unobservable at low speed"",""status"":""unobservable"",""observed_evaluations"":0,""satisfaction_fraction"":null},{""service_id"":""global_state_tracking"",""label"":""Global asset tracking"",""family"":""global_synchronization"",""horizon_s"":0.0,""position_tolerance_m"":1.0,""heading_tolerance_deg"":5.0,""maximum_aoi_s"":1.0,""position_error_m"":1.4115054584710414,""heading_error_deg"":null,""aoi_s"":0.13519620895385742,""position_margin_m"":-0.41150545847104136,""heading_margin_deg"":null,""freshness_margin_s"":0.8648037910461426,""normalized_margin"":-0.41150545847104136,""observable"":true,""raw_pass"":false,""reason"":""position tolerance"",""status"":""withdrawn"",""observed_evaluations"":50,""satisfaction_fraction"":0.0}]",high,10.0,0.1620999537408352
49.31999999999971,5640.339,1789517254.2320545,3590,-0.10692605108491941,0.2623427252770679,-2.4328654155671243,-0.1479847094703077,1.854582716616124,True,0.138899999,174.8,,,0.03,0.0011780261993408203,1789511613.8918765,134.0182170870321,1.5927692875767678,,-155.0471,-0.0,0.0,-0.0033815754257390134,-0.0006763150851478027,0.0033815754257390134,0.009661644073540039,low-motion,569.528341293335,624,1089.6284880740884,0,False,0,137996,131198,0.0,0.0,11.40567,11,0.94,False,"[{""service_id"":""local_1s_tight"",""label"":""Immediate motion"",""family"":""local_relative_motion"",""horizon_s"":1.0,""position_tolerance_m"":0.1,""heading_tolerance_deg"":2.0,""maximum_aoi_s"":0.6,""position_error_m"":null,""heading_error_deg"":null,""aoi_s"":0.0011780261993408203,""position_margin_m"":null,""heading_margin_deg"":null,""freshness_margin_s"":null,""normalized_margin"":null,""observable"":false,""raw_pass"":false,""reason"":""GPS course unobservable at low speed"",""status"":""unobservable"",""observed_evaluations"":2,""satisfaction_fraction"":0.5},{""service_id"":""local_5s_moderate"",""label"":""Short prediction"",""family"":""local_relative_motion"",""horizon_s"":5.0,""position_tolerance_m"":0.2,""heading_tolerance_deg"":5.0,""maximum_aoi_s"":1.0,""position_error_m"":null,""heading_error_deg"":null,""aoi_s"":0.0011780261993408203,""position_margin_m"":null,""heading_margin_deg"":null,""freshness_margin_s"":null,""normalized_margin"":null,""observable"":false,""raw_pass"":false,""reason"":""GPS course unobservable at low speed"",""status"":""unobservable"",""observed_evaluations"":0,""satisfaction_fraction"":null},{""service_id"":""local_10s_preview"",""label"":""Planning support"",""family"":""local_relative_motion"",""horizon_s"":10.0,""position_tolerance_m"":0.5,""heading_tolerance_deg"":10.0,""maximum_aoi_s"":1.5,""position_error_m"":null,""heading_error_deg"":null,""aoi_s"":0.0011780261993408203,""position_margin_m"":null,""heading_margin_deg"":null,""freshness_margin_s"":null,""normalized_margin"":null,""observable"":false,""raw_pass"":false,""reason"":""GPS course unobservable at low speed"",""status"":""unobservable"",""observed_evaluations"":0,""satisfaction_fraction"":null},{""service_id"":""global_state_tracking"",""label"":""Global asset tracking"",""family"":""global_synchronization"",""horizon_s"":0.0,""position_tolerance_m"":1.0,""heading_tolerance_deg"":5.0,""maximum_aoi_s"":1.0,""position_error_m"":1.5927692875767678,""heading_error_deg"":null,""aoi_s"":0.0011780261993408203,""position_margin_m"":-0.5927692875767678,""heading_margin_deg"":null,""freshness_margin_s"":0.9988219738006592,""normalized_margin"":-0.5927692875767678,""observable"":true,""raw_pass"":false,""reason"":""position tolerance"",""status"":""withdrawn"",""observed_evaluations"":51,""satisfaction_fraction"":0.0}]",high,10.0,0.4254000377841294
49.884000000000015,5640.903,1789517254.931744,3591,-0.10692605108491941,0.2623427252770679,-2.4328777201383507,-0.1479847094703077,1.854582716616124,True,0.216066665,174.8,,,0.011,0.13686752319335938,1789511613.8918765,135.68962669342,1.5927692875767678,,-154.774,-0.0,0.0,-0.0001090830782496456,-2.181661564992912e-05,0.0001090830782496456,0.0003116659378561303,low-motion,690.7837390899658,622,1091.7639706358,0,False,0,137996,131198,0.0,0.0,11.40567,11,0.94,False,"[{""service_id"":""local_1s_tight"",""label"":""Immediate motion"",""family"":""local_relative_motion"",""horizon_s"":1.0,""position_tolerance_m"":0.1,""heading_tolerance_deg"":2.0,""maximum_aoi_s"":0.6,""position_error_m"":null,""heading_error_deg"":null,""aoi_s"":0.13686752319335938,""position_margin_m"":null,""heading_margin_deg"":null,""freshness_margin_s"":null,""normalized_margin"":null,""observable"":false,""raw_pass"":false,""reason"":""GPS course unobservable at low speed"",""status"":""unobservable"",""observed_evaluations"":2,""satisfaction_fraction"":0.5},{""service_id"":""local_5s_moderate"",""label"":""Short prediction"",""family"":""local_relative_motion"",""horizon_s"":5.0,""position_tolerance_m"":0.2,""heading_tolerance_deg"":5.0,""maximum_aoi_s"":1.0,""position_error_m"":null,""heading_error_deg"":null,""aoi_s"":0.13686752319335938,""position_margin_m"":null,""heading_margin_deg"":null,""freshness_margin_s"":null,""normalized_margin"":null,""observable"":false,""raw_pass"":false,""reason"":""GPS course unobservable at low speed"",""status"":""unobservable"",""observed_evaluations"":0,""satisfaction_fraction"":null},{""service_id"":""local_10s_preview"",""label"":""Planning support"",""family"":""local_relative_motion"",""horizon_s"":10.0,""position_tolerance_m"":0.5,""heading_tolerance_deg"":10.0,""maximum_aoi_s"":1.5,""position_error_m"":null,""heading_error_deg"":null,""aoi_s"":0.13686752319335938,""position_margin_m"":null,""heading_margin_deg"":null,""freshness_margin_s"":null,""normalized_margin"":null,""observable"":false,""raw_pass"":false,""reason"":""GPS course unobservable at low speed"",""status"":""unobservable"",""observed_evaluations"":0,""satisfaction_fraction"":null},{""service_id"":""global_state_tracking"",""label"":""Global asset tracking"",""family"":""global_synchronization"",""horizon_s"":0.0,""position_tolerance_m"":1.0,""heading_tolerance_deg"":5.0,""maximum_aoi_s"":1.0,""position_error_m"":1.5927692875767678,""heading_error_deg"":null,""aoi_s"":0.13686752319335938,""position_margin_m"":-0.5927692875767678,""heading_margin_deg"":null,""freshness_margin_s"":0.8631324768066406,""normalized_margin"":-0.5927692875767678,""observable"":true,""raw_pass"":false,""reason"":""position tolerance"",""status"":""withdrawn"",""observed_evaluations"":52,""satisfaction_fraction"":0.0}]",high,10.0,0.29710005037486553
50.58599999999933,5641.605,1789517255.6314487,3592,-0.10692605108491941,0.2623427252770679,-2.4316678142676382,-0.1479847094703077,1.6697923616381458,True,0.061733333,174.8,,,0.017,0.13457226753234863,1789511613.8918765,2.2953529351070756,1.4080483984300178,,-154.8374,-0.0,0.0,0.008617563181722002,0.0017235126363444005,0.008617563181722002,0.024621609090634294,low-motion,690.6232833862305,623,1087.1250567575821,0,False,0,137996,131198,0.0,0.0,11.40567,11,0.94,False,"[{""service_id"":""local_1s_tight"",""label"":""Immediate motion"",""family"":""local_relative_motion"",""horizon_s"":1.0,""position_tolerance_m"":0.1,""heading_tolerance_deg"":2.0,""maximum_aoi_s"":0.6,""position_error_m"":null,""heading_error_deg"":null,""aoi_s"":0.13457226753234863,""position_margin_m"":null,""heading_margin_deg"":null,""freshness_margin_s"":null,""normalized_margin"":null,""observable"":false,""raw_pass"":false,""reason"":""GPS course unobservable at low speed"",""status"":""unobservable"",""observed_evaluations"":2,""satisfaction_fraction"":0.5},{""service_id"":""local_5s_moderate"",""label"":""Short prediction"",""family"":""local_relative_motion"",""horizon_s"":5.0,""position_tolerance_m"":0.2,""heading_tolerance_deg"":5.0,""maximum_aoi_s"":1.0,""position_error_m"":null,""heading_error_deg"":null,""aoi_s"":0.13457226753234863,""position_margin_m"":null,""heading_margin_deg"":null,""freshness_margin_s"":null,""normalized_margin"":null,""observable"":false,""raw_pass"":false,""reason"":""GPS course unobservable at low speed"",""status"":""unobservable"",""observed_evaluations"":0,""satisfaction_fraction"":null},{""service_id"":""local_10s_preview"",""label"":""Planning support"",""family"":""local_relative_motion"",""horizon_s"":10.0,""position_tolerance_m"":0.5,""heading_tolerance_deg"":10.0,""maximum_aoi_s"":1.5,""position_error_m"":null,""heading_error_deg"":null,""aoi_s"":0.13457226753234863,""position_margin_m"":null,""heading_margin_deg"":null,""freshness_margin_s"":null,""normalized_margin"":null,""observable"":false,""raw_pass"":false,""reason"":""GPS course unobservable at low speed"",""status"":""unobservable"",""observed_evaluations"":0,""satisfaction_fraction"":null},{""service_id"":""global_state_tracking"",""label"":""Global asset tracking"",""family"":""global_synchronization"",""horizon_s"":0.0,""position_tolerance_m"":1.0,""heading_tolerance_deg"":5.0,""maximum_aoi_s"":1.0,""position_error_m"":1.4080483984300178,""heading_error_deg"":null,""aoi_s"":0.13457226753234863,""position_margin_m"":-0.40804839843001783,""heading_margin_deg"":null,""freshness_margin_s"":0.8654277324676514,""normalized_margin"":-0.40804839843001783,""observable"":true,""raw_pass"":false,""reason"":""position tolerance"",""status"":""withdrawn"",""observed_evaluations"":53,""satisfaction_fraction"":0.0}]",high,10.0,0.20790001144632697
51.289999999999964,5642.309,1789517256.218456,3593,-0.10692605108491941,0.2623427252770679,-2.4306080503458265,-0.2950832847654998,1.854582716616124,True,0.195488887,174.8,,,0.003,0.01757955551147461,1789511613.8918765,116.9927158362043,1.603318849950229,,-155.2313,-0.0,0.0,0.007526732399225546,0.0015053464798451092,0.007526732399225546,0.02150494971207299,low-motion,574.9592781066895,622,1083.1250376972039,0,False,0,137996,131198,0.0,0.0,11.40567,11,0.94,False,"[{""service_id"":""local_1s_tight"",""label"":""Immediate motion"",""family"":""local_relative_motion"",""horizon_s"":1.0,""position_tolerance_m"":0.1,""heading_tolerance_deg"":2.0,""maximum_aoi_s"":0.6,""position_error_m"":null,""heading_error_deg"":null,""aoi_s"":0.01757955551147461,""position_margin_m"":null,""heading_margin_deg"":null,""freshness_margin_s"":null,""normalized_margin"":null,""observable"":false,""raw_pass"":false,""reason"":""GPS course unobservable at low speed"",""status"":""unobservable"",""observed_evaluations"":2,""satisfaction_fraction"":0.5},{""service_id"":""local_5s_moderate"",""label"":""Short prediction"",""family"":""local_relative_motion"",""horizon_s"":5.0,""position_tolerance_m"":0.2,""heading_tolerance_deg"":5.0,""maximum_aoi_s"":1.0,""position_error_m"":null,""heading_error_deg"":null,""aoi_s"":0.01757955551147461,""position_margin_m"":null,""heading_margin_deg"":null,""freshness_margin_s"":null,""normalized_margin"":null,""observable"":false,""raw_pass"":false,""reason"":""GPS course unobservable at low speed"",""status"":""unobservable"",""observed_evaluations"":0,""satisfaction_fraction"":null},{""service_id"":""local_10s_preview"",""label"":""Planning support"",""family"":""local_relative_motion"",""horizon_s"":10.0,""position_tolerance_m"":0.5,""heading_tolerance_deg"":10.0,""maximum_aoi_s"":1.5,""position_error_m"":null,""heading_error_deg"":null,""aoi_s"":0.01757955551147461,""position_margin_m"":null,""heading_margin_deg"":null,""freshness_margin_s"":null,""normalized_margin"":null,""observable"":false,""raw_pass"":false,""reason"":""GPS course unobservable at low speed"",""status"":""unobservable"",""observed_evaluations"":0,""satisfaction_fraction"":null},{""service_id"":""global_state_tracking"",""label"":""Global asset tracking"",""family"":""global_synchronization"",""horizon_s"":0.0,""position_tolerance_m"":1.0,""heading_tolerance_deg"":5.0,""maximum_aoi_s"":1.0,""position_error_m"":1.603318849950229,""heading_error_deg"":null,""aoi_s"":0.01757955551147461,""position_margin_m"":-0.6033188499502291,""heading_margin_deg"":null,""freshness_margin_s"":0.9824204444885254,""normalized_margin"":-0.6033188499502291,""observable"":true,""raw_pass"":false,""reason"":""position tolerance"",""status"":""withdrawn"",""observed_evaluations"":54,""satisfaction_fraction"":0.0}]",high,10.0,0.18119998276233673
51.922999999999774,5642.942,1789517256.969859,3594,-0.10692605108491941,0.2623427252770679,-2.430345661909405,-0.2950832847654998,1.854582716616124,True,0.195488887,174.8,,,0.635,0.13598251342773438,1789511613.8918765,118.40285491962277,1.603318849950229,,-155.2854,-0.0,0.0,0.002072578486743266,0.0004145156973486533,0.002072578486743266,0.005921652819266475,low-motion,746.4020252227783,625,1075.4172228021835,0,False,0,137996,131198,0.0,0.0,11.40567,11,0.94,False,"[{""service_id"":""local_1s_tight"",""label"":""Immediate motion"",""family"":""local_relative_motion"",""horizon_s"":1.0,""position_tolerance_m"":0.1,""heading_tolerance_deg"":2.0,""maximum_aoi_s"":0.6,""position_error_m"":null,""heading_error_deg"":null,""aoi_s"":0.13598251342773438,""position_margin_m"":null,""heading_margin_deg"":null,""freshness_margin_s"":null,""normalized_margin"":null,""observable"":false,""raw_pass"":false,""reason"":""GPS course unobservable at low speed"",""status"":""unobservable"",""observed_evaluations"":2,""satisfaction_fraction"":0.5},{""service_id"":""local_5s_moderate"",""label"":""Short prediction"",""family"":""local_relative_motion"",""horizon_s"":5.0,""position_tolerance_m"":0.2,""heading_tolerance_deg"":5.0,""maximum_aoi_s"":1.0,""position_error_m"":null,""heading_error_deg"":null,""aoi_s"":0.13598251342773438,""position_margin_m"":null,""heading_margin_deg"":null,""freshness_margin_s"":null,""normalized_margin"":null,""observable"":false,""raw_pass"":false,""reason"":""GPS course unobservable at low speed"",""status"":""unobservable"",""observed_evaluations"":0,""satisfaction_fraction"":null},{""service_id"":""local_10s_preview"",""label"":""Planning support"",""family"":""local_relative_motion"",""horizon_s"":10.0,""position_tolerance_m"":0.5,""heading_tolerance_deg"":10.0,""maximum_aoi_s"":1.5,""position_error_m"":null,""heading_error_deg"":null,""aoi_s"":0.13598251342773438,""position_margin_m"":null,""heading_margin_deg"":null,""freshness_margin_s"":null,""normalized_margin"":null,""observable"":false,""raw_pass"":false,""reason"":""GPS course unobservable at low speed"",""status"":""unobservable"",""observed_evaluations"":0,""satisfaction_fraction"":null},{""service_id"":""global_state_tracking"",""label"":""Global asset tracking"",""family"":""global_synchronization"",""horizon_s"":0.0,""position_tolerance_m"":1.0,""heading_tolerance_deg"":5.0,""maximum_aoi_s"":1.0,""position_error_m"":1.603318849950229,""heading_error_deg"":null,""aoi_s"":0.13598251342773438,""position_margin_m"":-0.6033188499502291,""heading_margin_deg"":null,""freshness_margin_s"":0.8640174865722656,""normalized_margin"":-0.6033188499502291,""observable"":true,""raw_pass"":false,""reason"":""position tolerance"",""status"":""withdrawn"",""observed_evaluations"":55,""satisfaction_fraction"":0.0}]",high,10.0,0.19370001973584294
52.6279999999997,5643.647,1789517257.5408785,3595,-0.10692605108491941,0.2623427252770679,-2.4292843926411143,-0.5910527049653901,2.2263898157811854,True,0.406411108,329.71,2.099456557223979,0.4380318113502888,0.019,0.0020020008087158203,1789511613.8918765,133.980350494312,2.0228345435836292,95.19262591715778,-155.6314,-0.0,0.0,0.007526732399225546,0.0015053464798451092,0.007526732399225546,0.02150494971207299,low-motion,562.4725818634033,624,1078.7108186517926,0,False,0,137996,131198,0.0,0.0,11.40567,11,0.94,True,"[{""service_id"":""local_1s_tight"",""label"":""Immediate motion"",""family"":""local_relative_motion"",""horizon_s"":1.0,""position_tolerance_m"":0.1,""heading_tolerance_deg"":2.0,""maximum_aoi_s"":0.6,""position_error_m"":null,""heading_error_deg"":null,""aoi_s"":0.0020020008087158203,""position_margin_m"":null,""heading_margin_deg"":null,""freshness_margin_s"":null,""normalized_margin"":null,""observable"":false,""raw_pass"":false,""reason"":""no synchronized 1 s window"",""status"":""unobservable"",""observed_evaluations"":2,""satisfaction_fraction"":0.5},{""service_id"":""local_5s_moderate"",""label"":""Short prediction"",""family"":""local_relative_motion"",""horizon_s"":5.0,""position_tolerance_m"":0.2,""heading_tolerance_deg"":5.0,""maximum_aoi_s"":1.0,""position_error_m"":null,""heading_error_deg"":null,""aoi_s"":0.0020020008087158203,""position_margin_m"":null,""heading_margin_deg"":null,""freshness_margin_s"":null,""normalized_margin"":null,""observable"":false,""raw_pass"":false,""reason"":""no synchronized 5 s window"",""status"":""unobservable"",""observed_evaluations"":0,""satisfaction_fraction"":null},{""service_id"":""local_10s_preview"",""label"":""Planning support"",""family"":""local_relative_motion"",""horizon_s"":10.0,""position_tolerance_m"":0.5,""heading_tolerance_deg"":10.0,""maximum_aoi_s"":1.5,""position_error_m"":null,""heading_error_deg"":null,""aoi_s"":0.0020020008087158203,""position_margin_m"":null,""heading_margin_deg"":null,""freshness_margin_s"":null,""normalized_margin"":null,""observable"":false,""raw_pass"":false,""reason"":""no synchronized 10 s window"",""status"":""unobservable"",""observed_evaluations"":0,""satisfaction_fraction"":null},{""service_id"":""global_state_tracking"",""label"":""Global asset tracking"",""family"":""global_synchronization"",""horizon_s"":0.0,""position_tolerance_m"":1.0,""heading_tolerance_deg"":5.0,""maximum_aoi_s"":1.0,""position_error_m"":2.0228345435836292,""heading_error_deg"":95.19262591715778,""aoi_s"":0.0020020008087158203,""position_margin_m"":-1.0228345435836292,""heading_margin_deg"":-90.19262591715778,""freshness_margin_s"":0.9979979991912842,""normalized_margin"":-18.038525183431556,""observable"":true,""raw_pass"":false,""reason"":""position tolerance, heading tolerance"",""status"":""withdrawn"",""observed_evaluations"":56,""satisfaction_fraction"":0.0}]",high,10.0,0.26890001026913524
53.19499999999971,5644.214,1789517258.2398858,3596,-0.10692605108491941,0.2623427252770679,-2.429791563505128,-0.7381512802605822,2.411180170759163,True,0.406411108,329.71,2.099456557223979,0.43752464048627493,0.02,0.13400936126708984,1789511613.8918765,132.00727272032964,2.2396311430800124,95.22168466715777,-155.5423,-0.0,0.0,-0.004472406208235469,-0.0008944812416470937,0.004472406208235469,0.01277830345210134,low-motion,691.8928623199463,627,1087.503431807427,0,False,0,137996,131198,0.0,0.0,11.40567,11,0.94,True,"[{""service_id"":""local_1s_tight"",""label"":""Immediate motion"",""family"":""local_relative_motion"",""horizon_s"":1.0,""position_tolerance_m"":0.1,""heading_tolerance_deg"":2.0,""maximum_aoi_s"":0.6,""position_error_m"":null,""heading_error_deg"":null,""aoi_s"":0.13400936126708984,""position_margin_m"":null,""heading_margin_deg"":null,""freshness_margin_s"":null,""normalized_margin"":null,""observable"":false,""raw_pass"":false,""reason"":""no synchronized 1 s window"",""status"":""unobservable"",""observed_evaluations"":2,""satisfaction_fraction"":0.5},{""service_id"":""local_5s_moderate"",""label"":""Short prediction"",""family"":""local_relative_motion"",""horizon_s"":5.0,""position_tolerance_m"":0.2,""heading_tolerance_deg"":5.0,""maximum_aoi_s"":1.0,""position_error_m"":null,""heading_error_deg"":null,""aoi_s"":0.13400936126708984,""position_margin_m"":null,""heading_margin_deg"":null,""freshness_margin_s"":null,""normalized_margin"":null,""observable"":false,""raw_pass"":false,""reason"":""no synchronized 5 s window"",""status"":""unobservable"",""observed_evaluations"":0,""satisfaction_fraction"":null},{""service_id"":""local_10s_preview"",""label"":""Planning support"",""family"":""local_relative_motion"",""horizon_s"":10.0,""position_tolerance_m"":0.5,""heading_tolerance_deg"":10.0,""maximum_aoi_s"":1.5,""position_error_m"":null,""heading_error_deg"":null,""aoi_s"":0.13400936126708984,""position_margin_m"":null,""heading_margin_deg"":null,""freshness_margin_s"":null,""normalized_margin"":null,""observable"":false,""raw_pass"":false,""reason"":""no synchronized 10 s window"",""status"":""unobservable"",""observed_evaluations"":0,""satisfaction_fraction"":null},{""service_id"":""global_state_tracking"",""label"":""Global asset tracking"",""family"":""global_synchronization"",""horizon_s"":0.0,""position_tolerance_m"":1.0,""heading_tolerance_deg"":5.0,""maximum_aoi_s"":1.0,""position_error_m"":2.2396311430800124,""heading_error_deg"":95.22168466715777,""aoi_s"":0.13400936126708984,""position_margin_m"":-1.2396311430800124,""heading_margin_deg"":-90.22168466715777,""freshness_margin_s"":0.8659906387329102,""normalized_margin"":-18.044336933431556,""observable"":true,""raw_pass"":false,""reason"":""position tolerance, heading tolerance"",""status"":""withdrawn"",""observed_evaluations"":57,""satisfaction_fraction"":0.0}]",high,10.0,0.4264999879524112
53.90099999999984,5644.92,1789517258.953936,3597,-0.10692605108491941,0.2623427252770679,-2.4296529407292886,-0.7381512802605822,2.411180170759163,True,0.308666664,295.53,2.696010095555641,0.43766326326211447,0.024,0.1420595645904541,1789511613.8918765,8.050292968619033,2.2396311430800124,129.3937421671578,-155.4776,-0.0,0.0,0.0009817477042468104,0.0001963495408493621,0.0009817477042468104,0.002804993440705173,low-motion,705.5292129516602,625,1057.2056635980991,0,False,0,137996,131198,0.0,0.0,11.40567,11,0.94,True,"[{""service_id"":""local_1s_tight"",""label"":""Immediate motion"",""family"":""local_relative_motion"",""horizon_s"":1.0,""position_tolerance_m"":0.1,""heading_tolerance_deg"":2.0,""maximum_aoi_s"":0.6,""position_error_m"":0.2361894708634623,""heading_error_deg"":34.20111625000001,""aoi_s"":0.1420595645904541,""position_margin_m"":-0.13618947086346228,""heading_margin_deg"":-32.20111625000001,""freshness_margin_s"":0.4579404354095459,""normalized_margin"":-16.100558125000006,""observable"":true,""raw_pass"":false,""reason"":""position tolerance, heading tolerance"",""status"":""withdrawn"",""observed_evaluations"":3,""satisfaction_fraction"":0.3333333333333333},{""service_id"":""local_5s_moderate"",""label"":""Short prediction"",""family"":""local_relative_motion"",""horizon_s"":5.0,""position_tolerance_m"":0.2,""heading_tolerance_deg"":5.0,""maximum_aoi_s"":1.0,""position_error_m"":null,""heading_error_deg"":null,""aoi_s"":0.1420595645904541,""position_margin_m"":null,""heading_margin_deg"":null,""freshness_margin_s"":null,""normalized_margin"":null,""observable"":false,""raw_pass"":false,""reason"":""no synchronized 5 s window"",""status"":""unobservable"",""observed_evaluations"":0,""satisfaction_fraction"":null},{""service_id"":""local_10s_preview"",""label"":""Planning support"",""family"":""local_relative_motion"",""horizon_s"":10.0,""position_tolerance_m"":0.5,""heading_tolerance_deg"":10.0,""maximum_aoi_s"":1.5,""position_error_m"":null,""heading_error_deg"":null,""aoi_s"":0.1420595645904541,""position_margin_m"":null,""heading_margin_deg"":null,""freshness_margin_s"":null,""normalized_margin"":null,""observable"":false,""raw_pass"":false,""reason"":""no synchronized 10 s window"",""status"":""unobservable"",""observed_evaluations"":0,""satisfaction_fraction"":null},{""service_id"":""global_state_tracking"",""label"":""Global asset tracking"",""family"":""global_synchronization"",""horizon_s"":0.0,""position_tolerance_m"":1.0,""heading_tolerance_deg"":5.0,""maximum_aoi_s"":1.0,""position_error_m"":2.2396311430800124,""heading_error_deg"":129.3937421671578,""aoi_s"":0.1420595645904541,""position_margin_m"":-1.2396311430800124,""heading_margin_deg"":-124.3937421671578,""freshness_margin_s"":0.8579404354095459,""normalized_margin"":-24.87874843343156,""observable"":true,""raw_pass"":false,""reason"":""position tolerance, heading tolerance"",""status"":""withdrawn"",""observed_evaluations"":58,""satisfaction_fraction"":0.0}]",high,10.0,0.2946000313386321
54.597999999999956,5645.617,1789517259.6438158,3598,-0.10664832852482128,0.2625822620460115,-2.430115296613287,-0.7381512802605822,2.0404862658031684,True,0.308666664,295.53,2.696010095555641,0.437200907378116,0.016,0.13493919372558594,1789511613.8918765,7.12034416210372,1.8867269608045325,129.42023320794394,-154.7666,-0.0005261877939342038,0.0011070354638983905,-0.007744898555724837,-0.0006633513400262549,0.008851934019623227,0.025291240056066366,low-motion,683.9919090270996,643,1063.4388363690678,0,False,0,137999,131200,-0.009989558,-0.010085309,11.40567,11,0.94,True,"[{""service_id"":""local_1s_tight"",""label"":""Immediate motion"",""family"":""local_relative_motion"",""horizon_s"":1.0,""position_tolerance_m"":0.1,""heading_tolerance_deg"":2.0,""maximum_aoi_s"":0.6,""position_error_m"":0.37075668478594165,""heading_error_deg"":0.02649104078615177,""aoi_s"":0.13493919372558594,""position_margin_m"":-0.2707566847859416,""heading_margin_deg"":1.9735089592138482,""freshness_margin_s"":0.46506080627441404,""normalized_margin"":-2.707566847859416,""observable"":true,""raw_pass"":false,""reason"":""position tolerance"",""status"":""withdrawn"",""observed_evaluations"":4,""satisfaction_fraction"":0.25},{""service_id"":""local_5s_moderate"",""label"":""Short prediction"",""family"":""local_relative_motion"",""horizon_s"":5.0,""position_tolerance_m"":0.2,""heading_tolerance_deg"":5.0,""maximum_aoi_s"":1.0,""position_error_m"":null,""heading_error_deg"":null,""aoi_s"":0.13493919372558594,""position_margin_m"":null,""heading_margin_deg"":null,""freshness_margin_s"":null,""normalized_margin"":null,""observable"":false,""raw_pass"":false,""reason"":""no synchronized 5 s window"",""status"":""unobservable"",""observed_evaluations"":0,""satisfaction_fraction"":null},{""service_id"":""local_10s_preview"",""label"":""Planning support"",""family"":""local_relative_motion"",""horizon_s"":10.0,""position_tolerance_m"":0.5,""heading_tolerance_deg"":10.0,""maximum_aoi_s"":1.5,""position_error_m"":null,""heading_error_deg"":null,""aoi_s"":0.13493919372558594,""position_margin_m"":null,""heading_margin_deg"":null,""freshness_margin_s"":null,""normalized_margin"":null,""observable"":false,""raw_pass"":false,""reason"":""no synchronized 10 s window"",""status"":""unobservable"",""observed_evaluations"":0,""satisfaction_fraction"":null},{""service_id"":""global_state_tracking"",""label"":""Global asset tracking"",""family"":""global_synchronization"",""horizon_s"":0.0,""position_tolerance_m"":1.0,""heading_tolerance_deg"":5.0,""maximum_aoi_s"":1.0,""position_error_m"":1.8867269608045325,""heading_error_deg"":129.42023320794394,""aoi_s"":0.13493919372558594,""position_margin_m"":-0.8867269608045325,""heading_margin_deg"":-124.42023320794394,""freshness_margin_s"":0.8650608062744141,""normalized_margin"":-24.88404664158879,""observable"":true,""raw_pass"":false,""reason"":""position tolerance, heading tolerance"",""status"":""withdrawn"",""observed_evaluations"":59,""satisfaction_fraction"":0.0}]",high,10.0,0.653000024612993
55.33799999999974,5646.357,1789517260.385061,3599,-0.06205455361631337,0.30552387199263636,-2.320017707377044,-0.5910527049653901,1.854582716616124,True,0.21092222,295.53,,,0.035,0.1361844539642334,1789511613.8918765,1.2452697756089037,1.6368941163792468,,-150.1485,-0.08365930842222409,0.13555200457281014,0.2016946116835947,0.14878052599496705,0.06614260711078457,0.1889788774593845,low-motion,732.2413921356201,647,1059.404870124252,0,False,0,138486,131557,-0.131803163,-0.075325519,11.40089,11,0.94,False,"[{""service_id"":""local_1s_tight"",""label"":""Immediate motion"",""family"":""local_relative_motion"",""horizon_s"":1.0,""position_tolerance_m"":0.1,""heading_tolerance_deg"":2.0,""maximum_aoi_s"":0.6,""position_error_m"":null,""heading_error_deg"":null,""aoi_s"":0.1361844539642334,""position_margin_m"":null,""heading_margin_deg"":null,""freshness_margin_s"":null,""normalized_margin"":null,""observable"":false,""raw_pass"":false,""reason"":""GPS course unobservable at low speed"",""status"":""unobservable"",""observed_evaluations"":4,""satisfaction_fraction"":0.25},{""service_id"":""local_5s_moderate"",""label"":""Short prediction"",""family"":""local_relative_motion"",""horizon_s"":5.0,""position_tolerance_m"":0.2,""heading_tolerance_deg"":5.0,""maximum_aoi_s"":1.0,""position_error_m"":null,""heading_error_deg"":null,""aoi_s"":0.1361844539642334,""position_margin_m"":null,""heading_margin_deg"":null,""freshness_margin_s"":null,""normalized_margin"":null,""observable"":false,""raw_pass"":false,""reason"":""GPS course unobservable at low speed"",""status"":""unobservable"",""observed_evaluations"":0,""satisfaction_fraction"":null},{""service_id"":""local_10s_preview"",""label"":""Planning support"",""family"":""local_relative_motion"",""horizon_s"":10.0,""position_tolerance_m"":0.5,""heading_tolerance_deg"":10.0,""maximum_aoi_s"":1.5,""position_error_m"":null,""heading_error_deg"":null,""aoi_s"":0.1361844539642334,""position_margin_m"":null,""heading_margin_deg"":null,""freshness_margin_s"":null,""normalized_margin"":null,""observable"":false,""raw_pass"":false,""reason"":""GPS course unobservable at low speed"",""status"":""unobservable"",""observed_evaluations"":0,""satisfaction_fraction"":null},{""service_id"":""global_state_tracking"",""label"":""Global asset tracking"",""family"":""global_synchronization"",""horizon_s"":0.0,""position_tolerance_m"":1.0,""heading_tolerance_deg"":5.0,""maximum_aoi_s"":1.0,""position_error_m"":1.6368941163792468,""heading_error_deg"":null,""aoi_s"":0.1361844539642334,""position_margin_m"":-0.6368941163792468,""heading_margin_deg"":null,""freshness_margin_s"":0.8638155460357666,""normalized_margin"":-0.6368941163792468,""observable"":true,""raw_pass"":false,""reason"":""position tolerance"",""status"":""withdrawn"",""observed_evaluations"":60,""satisfaction_fraction"":0.0}]",high,10.0,0.21460000425577164
56.050999999999476,5647.07,1789517261.102165,3600,-0.012202135719904944,0.3703595801376814,-2.1325552084168327,-0.5910527049653901,1.854582716616124,True,0.21092222,295.53,,,0.749,0.1402885913848877,1789511613.8918765,4.103958130144747,1.5931058660282837,,-144.5404,-0.1147067251038302,0.26513732257042033,0.2540544892434246,0.2629207559050212,0.011082833326995722,0.03166523807713064,low-motion,708.5607051849365,648,1036.3025413303026,0,False,0,139166,131992,-0.150462725,-0.094039203,11.40089,11,0.94,False,"[{""service_id"":""local_1s_tight"",""label"":""Immediate motion"",""family"":""local_relative_motion"",""horizon_s"":1.0,""position_tolerance_m"":0.1,""heading_tolerance_deg"":2.0,""maximum_aoi_s"":0.6,""position_error_m"":null,""heading_error_deg"":null,""aoi_s"":0.1402885913848877,""position_margin_m"":null,""heading_margin_deg"":null,""freshness_margin_s"":null,""normalized_margin"":null,""observable"":false,""raw_pass"":false,""reason"":""GPS course unobservable at low speed"",""status"":""unobservable"",""observed_evaluations"":4,""satisfaction_fraction"":0.25},{""service_id"":""local_5s_moderate"",""label"":""Short prediction"",""family"":""local_relative_motion"",""horizon_s"":5.0,""position_tolerance_m"":0.2,""heading_tolerance_deg"":5.0,""maximum_aoi_s"":1.0,""position_error_m"":null,""heading_error_deg"":null,""aoi_s"":0.1402885913848877,""position_margin_m"":null,""heading_margin_deg"":null,""freshness_margin_s"":null,""normalized_margin"":null,""observable"":false,""raw_pass"":false,""reason"":""GPS course unobservable at low speed"",""status"":""unobservable"",""observed_evaluations"":0,""satisfaction_fraction"":null},{""service_id"":""local_10s_preview"",""label"":""Planning support"",""family"":""local_relative_motion"",""horizon_s"":10.0,""position_tolerance_m"":0.5,""heading_tolerance_deg"":10.0,""maximum_aoi_s"":1.5,""position_error_m"":null,""heading_error_deg"":null,""aoi_s"":0.1402885913848877,""position_margin_m"":null,""heading_margin_deg"":null,""freshness_margin_s"":null,""normalized_margin"":null,""observable"":false,""raw_pass"":false,""reason"":""GPS course unobservable at low speed"",""status"":""unobservable"",""observed_evaluations"":0,""satisfaction_fraction"":null},{""service_id"":""global_state_tracking"",""label"":""Global asset tracking"",""family"":""global_synchronization"",""horizon_s"":0.0,""position_tolerance_m"":1.0,""heading_tolerance_deg"":5.0,""maximum_aoi_s"":1.0,""position_error_m"":1.5931058660282837,""heading_error_deg"":null,""aoi_s"":0.1402885913848877,""position_margin_m"":-0.5931058660282837,""heading_margin_deg"":null,""freshness_margin_s"":0.8597114086151123,""normalized_margin"":-0.5931058660282837,""observable"":true,""raw_pass"":false,""reason"":""position tolerance"",""status"":""withdrawn"",""observed_evaluations"":61,""satisfaction_fraction"":0.0}]",high,10.0,0.3108000382781029
56.753999999999905,5647.773,1789517261.8152037,3601,0.023396917386048224,0.4477219527640111,-1.8715786767667195,-0.2950832847654998,2.0404862658031684,True,0.123466666,295.53,,,0.019,0.15032720565795898,1789511613.8918765,10.038682937192789,1.6242930142229848,,-138.6118,-0.12113801082329037,0.34134958236522894,0.49076476904515554,0.3712326197012143,0.1494151866799266,0.42690053337121886,translation,701.0443210601807,643,1048.8417705608106,0,False,0,139902,132417,-0.150481535,-0.075297248,11.40089,11,0.94,False,"[{""service_id"":""local_1s_tight"",""label"":""Immediate motion"",""family"":""local_relative_motion"",""horizon_s"":1.0,""position_tolerance_m"":0.1,""heading_tolerance_deg"":2.0,""maximum_aoi_s"":0.6,""position_error_m"":null,""heading_error_deg"":null,""aoi_s"":0.15032720565795898,""position_margin_m"":null,""heading_margin_deg"":null,""freshness_margin_s"":null,""normalized_margin"":null,""observable"":false,""raw_pass"":false,""reason"":""GPS course unobservable at low speed"",""status"":""unobservable"",""observed_evaluations"":4,""satisfaction_fraction"":0.25},{""service_id"":""local_5s_moderate"",""label"":""Short prediction"",""family"":""local_relative_motion"",""horizon_s"":5.0,""position_tolerance_m"":0.2,""heading_tolerance_deg"":5.0,""maximum_aoi_s"":1.0,""position_error_m"":null,""heading_error_deg"":null,""aoi_s"":0.15032720565795898,""position_margin_m"":null,""heading_margin_deg"":null,""freshness_margin_s"":null,""normalized_margin"":null,""observable"":false,""raw_pass"":false,""reason"":""GPS course unobservable at low speed"",""status"":""unobservable"",""observed_evaluations"":0,""satisfaction_fraction"":null},{""service_id"":""local_10s_preview"",""label"":""Planning support"",""family"":""local_relative_motion"",""horizon_s"":10.0,""position_tolerance_m"":0.5,""heading_tolerance_deg"":10.0,""maximum_aoi_s"":1.5,""position_error_m"":null,""heading_error_deg"":null,""aoi_s"":0.15032720565795898,""position_margin_m"":null,""heading_margin_deg"":null,""freshness_margin_s"":null,""normalized_margin"":null,""observable"":false,""raw_pass"":false,""reason"":""GPS course unobservable at low speed"",""status"":""unobservable"",""observed_evaluations"":0,""satisfaction_fraction"":null},{""service_id"":""global_state_tracking"",""label"":""Global asset tracking"",""family"":""global_synchronization"",""horizon_s"":0.0,""position_tolerance_m"":1.0,""heading_tolerance_deg"":5.0,""maximum_aoi_s"":1.0,""position_error_m"":1.6242930142229848,""heading_error_deg"":null,""aoi_s"":0.15032720565795898,""position_margin_m"":-0.6242930142229848,""heading_margin_deg"":null,""freshness_margin_s"":0.849672794342041,""normalized_margin"":-0.6242930142229848,""observable"":true,""raw_pass"":false,""reason"":""position tolerance"",""status"":""withdrawn"",""observed_evaluations"":62,""satisfaction_fraction"":0.0}]",high,10.0,0.298099999781698
57.48199999999997,5648.501,1789517262.527658,3602,0.03699058743222079,0.5386935502391567,-1.5666742245438652,-0.5910527049653901,1.6697923616381458,True,0.180055554,295.53,,,0.044,0.1347815990447998,1789511613.8918765,15.545680999821343,1.2937630765614843,,-126.7696,-0.12634838654799424,0.42183829656348987,0.4067707987929284,0.4188247970093776,0.015067497770561489,0.043049993630175684,translation,698.9257335662842,650,1024.1078535359584,0,False,0,140728,132845,-0.188101919,-0.094133337,11.40089,11,0.94,False,"[{""service_id"":""local_1s_tight"",""label"":""Immediate motion"",""family"":""local_relative_motion"",""horizon_s"":1.0,""position_tolerance_m"":0.1,""heading_tolerance_deg"":2.0,""maximum_aoi_s"":0.6,""position_error_m"":null,""heading_error_deg"":null,""aoi_s"":0.1347815990447998,""position_margin_m"":null,""heading_margin_deg"":null,""freshness_margin_s"":null,""normalized_margin"":null,""observable"":false,""raw_pass"":false,""reason"":""GPS course unobservable at low speed"",""status"":""unobservable"",""observed_evaluations"":4,""satisfaction_fraction"":0.25},{""service_id"":""local_5s_moderate"",""label"":""Short prediction"",""family"":""local_relative_motion"",""horizon_s"":5.0,""position_tolerance_m"":0.2,""heading_tolerance_deg"":5.0,""maximum_aoi_s"":1.0,""position_error_m"":null,""heading_error_deg"":null,""aoi_s"":0.1347815990447998,""position_margin_m"":null,""heading_margin_deg"":null,""freshness_margin_s"":null,""normalized_margin"":null,""observable"":false,""raw_pass"":false,""reason"":""GPS course unobservable at low speed"",""status"":""unobservable"",""observed_evaluations"":0,""satisfaction_fraction"":null},{""service_id"":""local_10s_preview"",""label"":""Planning support"",""family"":""local_relative_motion"",""horizon_s"":10.0,""position_tolerance_m"":0.5,""heading_tolerance_deg"":10.0,""maximum_aoi_s"":1.5,""position_error_m"":null,""heading_error_deg"":null,""aoi_s"":0.1347815990447998,""position_margin_m"":null,""heading_margin_deg"":null,""freshness_margin_s"":null,""normalized_margin"":null,""observable"":false,""raw_pass"":false,""reason"":""GPS course unobservable at low speed"",""status"":""unobservable"",""observed_evaluations"":0,""satisfaction_fraction"":null},{""service_id"":""global_state_tracking"",""label"":""Global asset tracking"",""family"":""global_synchronization"",""horizon_s"":0.0,""position_tolerance_m"":1.0,""heading_tolerance_deg"":5.0,""maximum_aoi_s"":1.0,""position_error_m"":1.2937630765614843,""heading_error_deg"":null,""aoi_s"":0.1347815990447998,""position_margin_m"":-0.29376307656148426,""heading_margin_deg"":null,""freshness_margin_s"":0.8652184009552002,""normalized_margin"":-0.29376307656148426,""observable"":true,""raw_pass"":false,""reason"":""position tolerance"",""status"":""withdrawn"",""observed_evaluations"":63,""satisfaction_fraction"":0.0}]",high,10.0,0.556300044991076
58.19799999999941,5649.217,1789517263.1130843,3603,0.023719802799015543,0.6316396736548024,-1.291276847228763,-0.44306799549508247,1.4838888124511016,True,0.180055554,295.53,,,0.036,0.0042078495025634766,1789511613.8918765,130.5736694330335,0.9717095467346635,,-123.4276,-0.13112952576446507,0.3987337650628869,0.32823098245318355,0.3846332085409463,0.07050278260970333,0.20143652174200952,translation,566.326379776001,637,1050.644661882116,0,False,0,141553,133300,-0.131621979,-0.075193766,11.40089,11,0.94,False,"[{""service_id"":""local_1s_tight"",""label"":""Immediate motion"",""family"":""local_relative_motion"",""horizon_s"":1.0,""position_tolerance_m"":0.1,""heading_tolerance_deg"":2.0,""maximum_aoi_s"":0.6,""position_error_m"":null,""heading_error_deg"":null,""aoi_s"":0.0042078495025634766,""position_margin_m"":null,""heading_margin_deg"":null,""freshness_margin_s"":null,""normalized_margin"":null,""observable"":false,""raw_pass"":false,""reason"":""GPS course unobservable at low speed"",""status"":""unobservable"",""observed_evaluations"":4,""satisfaction_fraction"":0.25},{""service_id"":""local_5s_moderate"",""label"":""Short prediction"",""family"":""local_relative_motion"",""horizon_s"":5.0,""position_tolerance_m"":0.2,""heading_tolerance_deg"":5.0,""maximum_aoi_s"":1.0,""position_error_m"":null,""heading_error_deg"":null,""aoi_s"":0.0042078495025634766,""position_margin_m"":null,""heading_margin_deg"":null,""freshness_margin_s"":null,""normalized_margin"":null,""observable"":false,""raw_pass"":false,""reason"":""GPS course unobservable at low speed"",""status"":""unobservable"",""observed_evaluations"":0,""satisfaction_fraction"":null},{""service_id"":""local_10s_preview"",""label"":""Planning support"",""family"":""local_relative_motion"",""horizon_s"":10.0,""position_tolerance_m"":0.5,""heading_tolerance_deg"":10.0,""maximum_aoi_s"":1.5,""position_error_m"":null,""heading_error_deg"":null,""aoi_s"":0.0042078495025634766,""position_margin_m"":null,""heading_margin_deg"":null,""freshness_margin_s"":null,""normalized_margin"":null,""observable"":false,""raw_pass"":false,""reason"":""GPS course unobservable at low speed"",""status"":""unobservable"",""observed_evaluations"":0,""satisfaction_fraction"":null},{""service_id"":""global_state_tracking"",""label"":""Global asset tracking"",""family"":""global_synchronization"",""horizon_s"":0.0,""position_tolerance_m"":1.0,""heading_tolerance_deg"":5.0,""maximum_aoi_s"":1.0,""position_error_m"":0.9717095467346635,""heading_error_deg"":null,""aoi_s"":0.0042078495025634766,""position_margin_m"":0.028290453265336524,""heading_margin_deg"":null,""freshness_margin_s"":0.9957921504974365,""normalized_margin"":null,""observable"":false,""raw_pass"":false,""reason"":""GPS course unobservable at low speed"",""status"":""unobservable"",""observed_evaluations"":63,""satisfaction_fraction"":0.0}]",high,10.0,0.3185000387020409
58.78699999999935,5649.806,1789517263.833672,3604,0.012019477406744548,0.663834211050188,-1.1531457752500485,-0.44306799549508247,1.4838888124511016,True,0.200633332,295.53,,,0.041,0.13579559326171875,1789511613.8918765,131.58773040777305,0.937866812117255,,-120.0544,-0.058157419605376896,0.22663402932490206,0.2660536278508856,0.2345179490300988,0.039419598525983535,0.11262742435995296,low-motion,709.0554237365723,634,1050.671605194992,0,False,0,141873,133447,-0.063972247,-0.021369511,11.40089,11,0.94,False,"[{""service_id"":""local_1s_tight"",""label"":""Immediate motion"",""family"":""local_relative_motion"",""horizon_s"":1.0,""position_tolerance_m"":0.1,""heading_tolerance_deg"":2.0,""maximum_aoi_s"":0.6,""position_error_m"":null,""heading_error_deg"":null,""aoi_s"":0.13579559326171875,""position_margin_m"":null,""heading_margin_deg"":null,""freshness_margin_s"":null,""normalized_margin"":null,""observable"":false,""raw_pass"":false,""reason"":""GPS course unobservable at low speed"",""status"":""unobservable"",""observed_evaluations"":4,""satisfaction_fraction"":0.25},{""service_id"":""local_5s_moderate"",""label"":""Short prediction"",""family"":""local_relative_motion"",""horizon_s"":5.0,""position_tolerance_m"":0.2,""heading_tolerance_deg"":5.0,""maximum_aoi_s"":1.0,""position_error_m"":null,""heading_error_deg"":null,""aoi_s"":0.13579559326171875,""position_margin_m"":null,""heading_margin_deg"":null,""freshness_margin_s"":null,""normalized_margin"":null,""observable"":false,""raw_pass"":false,""reason"":""GPS course unobservable at low speed"",""status"":""unobservable"",""observed_evaluations"":0,""satisfaction_fraction"":null},{""service_id"":""local_10s_preview"",""label"":""Planning support"",""family"":""local_relative_motion"",""horizon_s"":10.0,""position_tolerance_m"":0.5,""heading_tolerance_deg"":10.0,""maximum_aoi_s"":1.5,""position_error_m"":null,""heading_error_deg"":null,""aoi_s"":0.13579559326171875,""position_margin_m"":null,""heading_margin_deg"":null,""freshness_margin_s"":null,""normalized_margin"":null,""observable"":false,""raw_pass"":false,""reason"":""GPS course unobservable at low speed"",""status"":""unobservable"",""observed_evaluations"":0,""satisfaction_fraction"":null},{""service_id"":""global_state_tracking"",""label"":""Global asset tracking"",""family"":""global_synchronization"",""horizon_s"":0.0,""position_tolerance_m"":1.0,""heading_tolerance_deg"":5.0,""maximum_aoi_s"":1.0,""position_error_m"":0.937866812117255,""heading_error_deg"":null,""aoi_s"":0.13579559326171875,""position_margin_m"":0.06213318788274502,""heading_margin_deg"":null,""freshness_margin_s"":0.8642044067382812,""normalized_margin"":null,""observable"":false,""raw_pass"":false,""reason"":""GPS course unobservable at low speed"",""status"":""unobservable"",""observed_evaluations"":63,""satisfaction_fraction"":0.0}]",high,10.0,0.2888999879360199
59.490999999999985,5650.51,1789517264.5379288,3605,0.004588785521245008,0.6774942751863678,-0.9920401156048579,-0.2950832847654998,1.4838888124511016,True,0.200633332,295.53,,,0.023,0.13605237007141113,1789511613.8918765,0.2567729943621089,0.8602764087433455,,-117.5434,-0.022088526472396806,0.23235793790818468,0.2147845810735522,0.2288432665412582,0.017573356834632486,0.05020959095609282,low-motion,694.5958137512207,629,1048.4024241162956,0,False,0,142085,133447,-0.018810192,0.0,11.40089,11,0.94,False,"[{""service_id"":""local_1s_tight"",""label"":""Immediate motion"",""family"":""local_relative_motion"",""horizon_s"":1.0,""position_tolerance_m"":0.1,""heading_tolerance_deg"":2.0,""maximum_aoi_s"":0.6,""position_error_m"":null,""heading_error_deg"":null,""aoi_s"":0.13605237007141113,""position_margin_m"":null,""heading_margin_deg"":null,""freshness_margin_s"":null,""normalized_margin"":null,""observable"":false,""raw_pass"":false,""reason"":""GPS course unobservable at low speed"",""status"":""unobservable"",""observed_evaluations"":4,""satisfaction_fraction"":0.25},{""service_id"":""local_5s_moderate"",""label"":""Short prediction"",""family"":""local_relative_motion"",""horizon_s"":5.0,""position_tolerance_m"":0.2,""heading_tolerance_deg"":5.0,""maximum_aoi_s"":1.0,""position_error_m"":null,""heading_error_deg"":null,""aoi_s"":0.13605237007141113,""position_margin_m"":null,""heading_margin_deg"":null,""freshness_margin_s"":null,""normalized_margin"":null,""observable"":false,""raw_pass"":false,""reason"":""GPS course unobservable at low speed"",""status"":""unobservable"",""observed_evaluations"":0,""satisfaction_fraction"":null},{""service_id"":""local_10s_preview"",""label"":""Planning support"",""family"":""local_relative_motion"",""horizon_s"":10.0,""position_tolerance_m"":0.5,""heading_tolerance_deg"":10.0,""maximum_aoi_s"":1.5,""position_error_m"":null,""heading_error_deg"":null,""aoi_s"":0.13605237007141113,""position_margin_m"":null,""heading_margin_deg"":null,""freshness_margin_s"":null,""normalized_margin"":null,""observable"":false,""raw_pass"":false,""reason"":""GPS course unobservable at low speed"",""status"":""unobservable"",""observed_evaluations"":0,""satisfaction_fraction"":null},{""service_id"":""global_state_tracking"",""label"":""Global asset tracking"",""family"":""global_synchronization"",""horizon_s"":0.0,""position_tolerance_m"":1.0,""heading_tolerance_deg"":5.0,""maximum_aoi_s"":1.0,""position_error_m"":0.8602764087433455,""heading_error_deg"":null,""aoi_s"":0.13605237007141113,""position_margin_m"":0.13972359125665446,""heading_margin_deg"":null,""freshness_margin_s"":0.8639476299285889,""normalized_margin"":null,""observable"":false,""raw_pass"":false,""reason"":""GPS course unobservable at low speed"",""status"":""unobservable"",""observed_evaluations"":63,""satisfaction_fraction"":0.0}]",high,10.0,0.4802999901585281
60.219999999999345,5651.239,1789517265.1325638,3606,0.00013038587341025754,0.6838641893228088,-0.9282144558835412,-0.2950832847654998,1.4838888124511016,True,0.164622221,295.53,,,0.042,0.0016872882843017578,1789511613.8918765,134.36499023373472,0.8527546592916779,,-117.2768,-0.010665516211656373,0.1121947793468126,-0.011017390903214205,0.08755234529680725,0.1232121702500268,0.3520347721429337,low-motion,576.5531063079834,620,1075.9340670444199,0,False,0,142191,133447,0.0,0.0,11.40089,11,0.94,False,"[{""service_id"":""local_1s_tight"",""label"":""Immediate motion"",""family"":""local_relative_motion"",""horizon_s"":1.0,""position_tolerance_m"":0.1,""heading_tolerance_deg"":2.0,""maximum_aoi_s"":0.6,""position_error_m"":null,""heading_error_deg"":null,""aoi_s"":0.0016872882843017578,""position_margin_m"":null,""heading_margin_deg"":null,""freshness_margin_s"":null,""normalized_margin"":null,""observable"":false,""raw_pass"":false,""reason"":""GPS course unobservable at low speed"",""status"":""unobservable"",""observed_evaluations"":4,""satisfaction_fraction"":0.25},{""service_id"":""local_5s_moderate"",""label"":""Short prediction"",""family"":""local_relative_motion"",""horizon_s"":5.0,""position_tolerance_m"":0.2,""heading_tolerance_deg"":5.0,""maximum_aoi_s"":1.0,""position_error_m"":null,""heading_error_deg"":null,""aoi_s"":0.0016872882843017578,""position_margin_m"":null,""heading_margin_deg"":null,""freshness_margin_s"":null,""normalized_margin"":null,""observable"":false,""raw_pass"":false,""reason"":""GPS course unobservable at low speed"",""status"":""unobservable"",""observed_evaluations"":0,""satisfaction_fraction"":null},{""service_id"":""local_10s_preview"",""label"":""Planning support"",""family"":""local_relative_motion"",""horizon_s"":10.0,""position_tolerance_m"":0.5,""heading_tolerance_deg"":10.0,""maximum_aoi_s"":1.5,""position_error_m"":null,""heading_error_deg"":null,""aoi_s"":0.0016872882843017578,""position_margin_m"":null,""heading_margin_deg"":null,""freshness_margin_s"":null,""normalized_margin"":null,""observable"":false,""raw_pass"":false,""reason"":""GPS course unobservable at low speed"",""status"":""unobservable"",""observed_evaluations"":0,""satisfaction_fraction"":null},{""service_id"":""global_state_tracking"",""label"":""Global asset tracking"",""family"":""global_synchronization"",""horizon_s"":0.0,""position_tolerance_m"":1.0,""heading_tolerance_deg"":5.0,""maximum_aoi_s"":1.0,""position_error_m"":0.8527546592916779,""heading_error_deg"":null,""aoi_s"":0.0016872882843017578,""position_margin_m"":0.14724534070832207,""heading_margin_deg"":null,""freshness_margin_s"":0.9983127117156982,""normalized_margin"":null,""observable"":false,""raw_pass"":false,""reason"":""GPS course unobservable at low speed"",""status"":""unobservable"",""observed_evaluations"":63,""satisfaction_fraction"":0.0}]",high,10.0,0.1330000231973827
60.79399999999987,5651.813,1789517265.846675,3607,0.00013038587341025754,0.6838641893228088,-0.8974210446585702,-0.2950832847654998,1.4838888124511016,True,0.066877777,295.53,,,0.027,0.1417984962463379,1789511613.8918765,140.11108970589703,0.8527546592916779,,-116.4892,-0.0,0.0,0.26823528941587854,0.05364705788317571,0.26823528941587854,0.7663865411882245,low-motion,698.1101036071777,618,1070.5004456048737,0,False,0,142191,133447,0.0,0.0,11.40089,11,0.94,False,"[{""service_id"":""local_1s_tight"",""label"":""Immediate motion"",""family"":""local_relative_motion"",""horizon_s"":1.0,""position_tolerance_m"":0.1,""heading_tolerance_deg"":2.0,""maximum_aoi_s"":0.6,""position_error_m"":null,""heading_error_deg"":null,""aoi_s"":0.1417984962463379,""position_margin_m"":null,""heading_margin_deg"":null,""freshness_margin_s"":null,""normalized_margin"":null,""observable"":false,""raw_pass"":false,""reason"":""GPS course unobservable at low speed"",""status"":""unobservable"",""observed_evaluations"":4,""satisfaction_fraction"":0.25},{""service_id"":""local_5s_moderate"",""label"":""Short prediction"",""family"":""local_relative_motion"",""horizon_s"":5.0,""position_tolerance_m"":0.2,""heading_tolerance_deg"":5.0,""maximum_aoi_s"":1.0,""position_error_m"":null,""heading_error_deg"":null,""aoi_s"":0.1417984962463379,""position_margin_m"":null,""heading_margin_deg"":null,""freshness_margin_s"":null,""normalized_margin"":null,""observable"":false,""raw_pass"":false,""reason"":""GPS course unobservable at low speed"",""status"":""unobservable"",""observed_evaluations"":0,""satisfaction_fraction"":null},{""service_id"":""local_10s_preview"",""label"":""Planning support"",""family"":""local_relative_motion"",""horizon_s"":10.0,""position_tolerance_m"":0.5,""heading_tolerance_deg"":10.0,""maximum_aoi_s"":1.5,""position_error_m"":null,""heading_error_deg"":null,""aoi_s"":0.1417984962463379,""position_margin_m"":null,""heading_margin_deg"":null,""freshness_margin_s"":null,""normalized_margin"":null,""observable"":false,""raw_pass"":false,""reason"":""GPS course unobservable at low speed"",""status"":""unobservable"",""observed_evaluations"":0,""satisfaction_fraction"":null},{""service_id"":""global_state_tracking"",""label"":""Global asset tracking"",""family"":""global_synchronization"",""horizon_s"":0.0,""position_tolerance_m"":1.0,""heading_tolerance_deg"":5.0,""maximum_aoi_s"":1.0,""position_error_m"":0.8527546592916779,""heading_error_deg"":null,""aoi_s"":0.1417984962463379,""position_margin_m"":0.14724534070832207,""heading_margin_deg"":null,""freshness_margin_s"":0.8582015037536621,""normalized_margin"":null,""observable"":false,""raw_pass"":false,""reason"":""GPS course unobservable at low speed"",""status"":""unobservable"",""observed_evaluations"":63,""satisfaction_fraction"":0.0}]",high,10.0,0.23419997887685895
61.5059999999994,5652.525,1789517266.4176972,3608,0.00013038587341025754,0.6838641893228088,-0.8971259094820581,-0.1479847094703077,1.4838888124511016,True,0.056588888,295.53,,,0.027,0.0008206367492675781,1789511613.8918765,140.977727889549,0.8136199844400613,,-116.7619,-0.0,0.0,0.002072578486743266,0.0004145156973486533,0.002072578486743266,0.005921652819266475,low-motion,561.9652271270752,619,1097.2313101716372,0,False,0,142191,133447,0.0,0.0,11.40089,11,0.94,False,"[{""service_id"":""local_1s_tight"",""label"":""Immediate motion"",""family"":""local_relative_motion"",""horizon_s"":1.0,""position_tolerance_m"":0.1,""heading_tolerance_deg"":2.0,""maximum_aoi_s"":0.6,""position_error_m"":null,""heading_error_deg"":null,""aoi_s"":0.0008206367492675781,""position_margin_m"":null,""heading_margin_deg"":null,""freshness_margin_s"":null,""normalized_margin"":null,""observable"":false,""raw_pass"":false,""reason"":""GPS course unobservable at low speed"",""status"":""unobservable"",""observed_evaluations"":4,""satisfaction_fraction"":0.25},{""service_id"":""local_5s_moderate"",""label"":""Short prediction"",""family"":""local_relative_motion"",""horizon_s"":5.0,""position_tolerance_m"":0.2,""heading_tolerance_deg"":5.0,""maximum_aoi_s"":1.0,""position_error_m"":null,""heading_error_deg"":null,""aoi_s"":0.0008206367492675781,""position_margin_m"":null,""heading_margin_deg"":null,""freshness_margin_s"":null,""normalized_margin"":null,""observable"":false,""raw_pass"":false,""reason"":""GPS course unobservable at low speed"",""status"":""unobservable"",""observed_evaluations"":0,""satisfaction_fraction"":null},{""service_id"":""local_10s_preview"",""label"":""Planning support"",""family"":""local_relative_motion"",""horizon_s"":10.0,""position_tolerance_m"":0.5,""heading_tolerance_deg"":10.0,""maximum_aoi_s"":1.5,""position_error_m"":null,""heading_error_deg"":null,""aoi_s"":0.0008206367492675781,""position_margin_m"":null,""heading_margin_deg"":null,""freshness_margin_s"":null,""normalized_margin"":null,""observable"":false,""raw_pass"":false,""reason"":""GPS course unobservable at low speed"",""status"":""unobservable"",""observed_evaluations"":0,""satisfaction_fraction"":null},{""service_id"":""global_state_tracking"",""label"":""Global asset tracking"",""family"":""global_synchronization"",""horizon_s"":0.0,""position_tolerance_m"":1.0,""heading_tolerance_deg"":5.0,""maximum_aoi_s"":1.0,""position_error_m"":0.8136199844400613,""heading_error_deg"":null,""aoi_s"":0.0008206367492675781,""position_margin_m"":0.18638001555993866,""heading_margin_deg"":null,""freshness_margin_s"":0.9991793632507324,""normalized_margin"":null,""observable"":false,""raw_pass"":false,""reason"":""GPS course unobservable at low speed"",""status"":""unobservable"",""observed_evaluations"":63,""satisfaction_fraction"":0.0}]",high,10.0,0.3383000148460269
62.10199999999986,5653.121,1789517267.1484146,3609,0.00013038587341025754,0.6838641893228088,-0.8972689392142592,-0.1479847094703077,1.4838888124511016,True,0.056588888,295.53,,,0.623,0.13553810119628906,1789511613.8918765,134.71742057754454,0.8136199844400613,,-117.0416,-0.0,0.0,-0.0011999138607461017,-0.00023998277214922034,0.0011999138607461017,0.0034283253164174338,low-motion,713.7138843536377,620,1087.917067861495,0,False,0,142191,133447,0.0,0.0,11.40089,11,0.94,False,"[{""service_id"":""local_1s_tight"",""label"":""Immediate motion"",""family"":""local_relative_motion"",""horizon_s"":1.0,""position_tolerance_m"":0.1,""heading_tolerance_deg"":2.0,""maximum_aoi_s"":0.6,""position_error_m"":null,""heading_error_deg"":null,""aoi_s"":0.13553810119628906,""position_margin_m"":null,""heading_margin_deg"":null,""freshness_margin_s"":null,""normalized_margin"":null,""observable"":false,""raw_pass"":false,""reason"":""GPS course unobservable at low speed"",""status"":""unobservable"",""observed_evaluations"":4,""satisfaction_fraction"":0.25},{""service_id"":""local_5s_moderate"",""label"":""Short prediction"",""family"":""local_relative_motion"",""horizon_s"":5.0,""position_tolerance_m"":0.2,""heading_tolerance_deg"":5.0,""maximum_aoi_s"":1.0,""position_error_m"":null,""heading_error_deg"":null,""aoi_s"":0.13553810119628906,""position_margin_m"":null,""heading_margin_deg"":null,""freshness_margin_s"":null,""normalized_margin"":null,""observable"":false,""raw_pass"":false,""reason"":""GPS course unobservable at low speed"",""status"":""unobservable"",""observed_evaluations"":0,""satisfaction_fraction"":null},{""service_id"":""local_10s_preview"",""label"":""Planning support"",""family"":""local_relative_motion"",""horizon_s"":10.0,""position_tolerance_m"":0.5,""heading_tolerance_deg"":10.0,""maximum_aoi_s"":1.5,""position_error_m"":null,""heading_error_deg"":null,""aoi_s"":0.13553810119628906,""position_margin_m"":null,""heading_margin_deg"":null,""freshness_margin_s"":null,""normalized_margin"":null,""observable"":false,""raw_pass"":false,""reason"":""GPS course unobservable at low speed"",""status"":""unobservable"",""observed_evaluations"":0,""satisfaction_fraction"":null},{""service_id"":""global_state_tracking"",""label"":""Global asset tracking"",""family"":""global_synchronization"",""horizon_s"":0.0,""position_tolerance_m"":1.0,""heading_tolerance_deg"":5.0,""maximum_aoi_s"":1.0,""position_error_m"":0.8136199844400613,""heading_error_deg"":null,""aoi_s"":0.13553810119628906,""position_margin_m"":0.18638001555993866,""heading_margin_deg"":null,""freshness_margin_s"":0.8644618988037109,""normalized_margin"":null,""observable"":false,""raw_pass"":false,""reason"":""GPS course unobservable at low speed"",""status"":""unobservable"",""observed_evaluations"":63,""satisfaction_fraction"":0.0}]",high,10.0,0.3418999840505421
62.83100000000013,5653.85,1789517267.7465334,3610,0.00013038587341025754,0.6838641893228088,-0.8972848435270682,-0.1479847094703077,1.4838888124511016,True,0.030866666,295.53,,,0.045,0.00465703010559082,1789511613.8918765,130.88121795681218,0.8136199844400613,,-117.8458,-0.0,0.0,-0.0001090830782496456,-2.181661564992912e-05,0.0001090830782496456,0.0003116659378561303,low-motion,580.6632041931152,620,1078.4622678062585,0,False,0,142191,133447,0.0,0.0,11.40089,11,0.94,False,"[{""service_id"":""local_1s_tight"",""label"":""Immediate motion"",""family"":""local_relative_motion"",""horizon_s"":1.0,""position_tolerance_m"":0.1,""heading_tolerance_deg"":2.0,""maximum_aoi_s"":0.6,""position_error_m"":null,""heading_error_deg"":null,""aoi_s"":0.00465703010559082,""position_margin_m"":null,""heading_margin_deg"":null,""freshness_margin_s"":null,""normalized_margin"":null,""observable"":false,""raw_pass"":false,""reason"":""GPS course unobservable at low speed"",""status"":""unobservable"",""observed_evaluations"":4,""satisfaction_fraction"":0.25},{""service_id"":""local_5s_moderate"",""label"":""Short prediction"",""family"":""local_relative_motion"",""horizon_s"":5.0,""position_tolerance_m"":0.2,""heading_tolerance_deg"":5.0,""maximum_aoi_s"":1.0,""position_error_m"":null,""heading_error_deg"":null,""aoi_s"":0.00465703010559082,""position_margin_m"":null,""heading_margin_deg"":null,""freshness_margin_s"":null,""normalized_margin"":null,""observable"":false,""raw_pass"":false,""reason"":""GPS course unobservable at low speed"",""status"":""unobservable"",""observed_evaluations"":0,""satisfaction_fraction"":null},{""service_id"":""local_10s_preview"",""label"":""Planning support"",""family"":""local_relative_motion"",""horizon_s"":10.0,""position_tolerance_m"":0.5,""heading_tolerance_deg"":10.0,""maximum_aoi_s"":1.5,""position_error_m"":null,""heading_error_deg"":null,""aoi_s"":0.00465703010559082,""position_margin_m"":null,""heading_margin_deg"":null,""freshness_margin_s"":null,""normalized_margin"":null,""observable"":false,""raw_pass"":false,""reason"":""GPS course unobservable at low speed"",""status"":""unobservable"",""observed_evaluations"":0,""satisfaction_fraction"":null},{""service_id"":""global_state_tracking"",""label"":""Global asset tracking"",""family"":""global_synchronization"",""horizon_s"":0.0,""position_tolerance_m"":1.0,""heading_tolerance_deg"":5.0,""maximum_aoi_s"":1.0,""position_error_m"":0.8136199844400613,""heading_error_deg"":null,""aoi_s"":0.00465703010559082,""position_margin_m"":0.18638001555993866,""heading_margin_deg"":null,""freshness_margin_s"":0.9953429698944092,""normalized_margin"":null,""observable"":false,""raw_pass"":false,""reason"":""GPS course unobservable at low speed"",""status"":""unobservable"",""observed_evaluations"":63,""satisfaction_fraction"":0.0}]",high,10.0,0.34339999547228217
63.422999999999774,5654.442,1789517268.4690228,3611,0.00013038587341025754,0.6838641893228088,-0.8976852220574756,0.14798471072958266,1.2979852624730845,True,0.344677775,121.09,-0.542622864445037,1.9696309819339275,0.041,0.1351463794708252,1789511613.8918765,130.48935699498543,0.6316688957562505,143.94154246302213,-117.6596,-0.0,0.0,-0.0033815754257390134,-0.0006763150851478027,0.0033815754257390134,0.009661644073540039,low-motion,705.4221630096436,626,1075.6467672423769,0,False,0,142191,133447,0.0,0.0,11.40089,11,0.94,True,"[{""service_id"":""local_1s_tight"",""label"":""Immediate motion"",""family"":""local_relative_motion"",""horizon_s"":1.0,""position_tolerance_m"":0.1,""heading_tolerance_deg"":2.0,""maximum_aoi_s"":0.6,""position_error_m"":null,""heading_error_deg"":null,""aoi_s"":0.1351463794708252,""position_margin_m"":null,""heading_margin_deg"":null,""freshness_margin_s"":null,""normalized_margin"":null,""observable"":false,""raw_pass"":false,""reason"":""no synchronized 1 s window"",""status"":""unobservable"",""observed_evaluations"":4,""satisfaction_fraction"":0.25},{""service_id"":""local_5s_moderate"",""label"":""Short prediction"",""family"":""local_relative_motion"",""horizon_s"":5.0,""position_tolerance_m"":0.2,""heading_tolerance_deg"":5.0,""maximum_aoi_s"":1.0,""position_error_m"":null,""heading_error_deg"":null,""aoi_s"":0.1351463794708252,""position_margin_m"":null,""heading_margin_deg"":null,""freshness_margin_s"":null,""normalized_margin"":null,""observable"":false,""raw_pass"":false,""reason"":""no synchronized 5 s window"",""status"":""unobservable"",""observed_evaluations"":0,""satisfaction_fraction"":null},{""service_id"":""local_10s_preview"",""label"":""Planning support"",""family"":""local_relative_motion"",""horizon_s"":10.0,""position_tolerance_m"":0.5,""heading_tolerance_deg"":10.0,""maximum_aoi_s"":1.5,""position_error_m"":1.7682617802005285,""heading_error_deg"":120.83677286982005,""aoi_s"":0.1351463794708252,""position_margin_m"":-1.2682617802005285,""heading_margin_deg"":-110.83677286982005,""freshness_margin_s"":1.3648536205291748,""normalized_margin"":-11.083677286982006,""observable"":true,""raw_pass"":false,""reason"":""position tolerance, heading tolerance"",""status"":""withdrawn"",""observed_evaluations"":1,""satisfaction_fraction"":0.0},{""service_id"":""global_state_tracking"",""label"":""Global asset tracking"",""family"":""global_synchronization"",""horizon_s"":0.0,""position_tolerance_m"":1.0,""heading_tolerance_deg"":5.0,""maximum_aoi_s"":1.0,""position_error_m"":0.6316688957562505,""heading_error_deg"":143.94154246302213,""aoi_s"":0.1351463794708252,""position_margin_m"":0.3683311042437495,""heading_margin_deg"":-138.94154246302213,""freshness_margin_s"":0.8648536205291748,""normalized_margin"":-27.788308492604425,""observable"":true,""raw_pass"":false,""reason"":""heading tolerance"",""status"":""withdrawn"",""observed_evaluations"":64,""satisfaction_fraction"":0.0}]",high,10.0,0.6083000334911048
64.1309999999994,5655.15,1789517269.044686,3612,0.00013038587341025754,0.6838641893228088,-0.8975462065825544,0.2950832847654998,1.4838888124511016,True,0.344677775,121.09,-0.542622864445037,1.9697699974088483,0.018,0.0028095245361328125,1789511613.8918765,132.33667182885256,0.8526644182657174,143.94950746302212,-117.0257,-0.0,0.0,0.0009817477042468104,0.0001963495408493621,0.0009817477042468104,0.002804993440705173,low-motion,556.6489696502686,619,1103.0103717403483,0,False,0,142191,133447,0.0,0.0,11.40089,11,0.94,True,"[{""service_id"":""local_1s_tight"",""label"":""Immediate motion"",""family"":""local_relative_motion"",""horizon_s"":1.0,""position_tolerance_m"":0.1,""heading_tolerance_deg"":2.0,""maximum_aoi_s"":0.6,""position_error_m"":0.23706142743565278,""heading_error_deg"":0.007964999999967979,""aoi_s"":0.0028095245361328125,""position_margin_m"":-0.13706142743565278,""heading_margin_deg"":1.992035000000032,""freshness_margin_s"":0.5971904754638672,""normalized_margin"":-1.3706142743565277,""observable"":true,""raw_pass"":false,""reason"":""position tolerance"",""status"":""withdrawn"",""observed_evaluations"":5,""satisfaction_fraction"":0.2},{""service_id"":""local_5s_moderate"",""label"":""Short prediction"",""family"":""local_relative_motion"",""horizon_s"":5.0,""position_tolerance_m"":0.2,""heading_tolerance_deg"":5.0,""maximum_aoi_s"":1.0,""position_error_m"":null,""heading_error_deg"":null,""aoi_s"":0.0028095245361328125,""position_margin_m"":null,""heading_margin_deg"":null,""freshness_margin_s"":null,""normalized_margin"":null,""observable"":false,""raw_pass"":false,""reason"":""no synchronized 5 s window"",""status"":""unobservable"",""observed_evaluations"":0,""satisfaction_fraction"":null},{""service_id"":""local_10s_preview"",""label"":""Planning support"",""family"":""local_relative_motion"",""horizon_s"":10.0,""position_tolerance_m"":0.5,""heading_tolerance_deg"":10.0,""maximum_aoi_s"":1.5,""position_error_m"":1.6085548599921238,""heading_error_deg"":86.65675036982012,""aoi_s"":0.0028095245361328125,""position_margin_m"":-1.1085548599921238,""heading_margin_deg"":-76.65675036982012,""freshness_margin_s"":1.4971904754638672,""normalized_margin"":-7.6656750369820115,""observable"":true,""raw_pass"":false,""reason"":""position tolerance, heading tolerance"",""status"":""withdrawn"",""observed_evaluations"":2,""satisfaction_fraction"":0.0},{""service_id"":""global_state_tracking"",""label"":""Global asset tracking"",""family"":""global_synchronization"",""horizon_s"":0.0,""position_tolerance_m"":1.0,""heading_tolerance_deg"":5.0,""maximum_aoi_s"":1.0,""position_error_m"":0.8526644182657174,""heading_error_deg"":143.94950746302212,""aoi_s"":0.0028095245361328125,""position_margin_m"":0.14733558173428263,""heading_margin_deg"":-138.94950746302212,""freshness_margin_s"":0.9971904754638672,""normalized_margin"":-27.78990149260442,""observable"":true,""raw_pass"":false,""reason"":""heading tolerance"",""status"":""withdrawn"",""observed_evaluations"":65,""satisfaction_fraction"":0.0}]",high,10.0,0.5746999522671103
64.73300000000017,5655.752,1789517269.7794542,3613,0.00013038587341025754,0.6838641893228088,-0.8976906762113881,0.2950832847654998,1.4838888124511016,True,0.344677775,121.09,-0.542622864445037,1.969625527780015,0.62,0.13557767868041992,1789511613.8918765,132.76815223616723,0.8526644182657174,143.94122996302215,-117.3354,-0.0,0.0,-0.0011999138607461017,-0.00023998277214922034,0.0011999138607461017,0.0034283253164174338,low-motion,717.7259922027588,619,1067.5956545124025,0,False,0,142191,133447,0.0,0.0,11.40089,11,0.94,True,"[{""service_id"":""local_1s_tight"",""label"":""Immediate motion"",""family"":""local_relative_motion"",""horizon_s"":1.0,""position_tolerance_m"":0.1,""heading_tolerance_deg"":2.0,""maximum_aoi_s"":0.6,""position_error_m"":0.23706142743565278,""heading_error_deg"":0.00031250000000157085,""aoi_s"":0.13557767868041992,""position_margin_m"":-0.13706142743565278,""heading_margin_deg"":1.9996874999999985,""freshness_margin_s"":0.46442232131958006,""normalized_margin"":-1.3706142743565277,""observable"":true,""raw_pass"":false,""reason"":""position tolerance"",""status"":""withdrawn"",""observed_evaluations"":6,""satisfaction_fraction"":0.16666666666666666},{""service_id"":""local_5s_moderate"",""label"":""Short prediction"",""family"":""local_relative_motion"",""horizon_s"":5.0,""position_tolerance_m"":0.2,""heading_tolerance_deg"":5.0,""maximum_aoi_s"":1.0,""position_error_m"":null,""heading_error_deg"":null,""aoi_s"":0.13557767868041992,""position_margin_m"":null,""heading_margin_deg"":null,""freshness_margin_s"":null,""normalized_margin"":null,""observable"":false,""raw_pass"":false,""reason"":""no synchronized 5 s window"",""status"":""unobservable"",""observed_evaluations"":0,""satisfaction_fraction"":null},{""service_id"":""local_10s_preview"",""label"":""Planning support"",""family"":""local_relative_motion"",""horizon_s"":10.0,""position_tolerance_m"":0.5,""heading_tolerance_deg"":10.0,""maximum_aoi_s"":1.5,""position_error_m"":1.4740826108968683,""heading_error_deg"":86.63853682903388,""aoi_s"":0.13557767868041992,""position_margin_m"":-0.9740826108968683,""heading_margin_deg"":-76.63853682903388,""freshness_margin_s"":1.36442232131958,""normalized_margin"":-7.6638536829033885,""observable"":true,""raw_pass"":false,""reason"":""position tolerance, heading tolerance"",""status"":""withdrawn"",""observed_evaluations"":3,""satisfaction_fraction"":0.0},{""service_id"":""global_state_tracking"",""label"":""Global asset tracking"",""family"":""global_synchronization"",""horizon_s"":0.0,""position_tolerance_m"":1.0,""heading_tolerance_deg"":5.0,""maximum_aoi_s"":1.0,""position_error_m"":0.8526644182657174,""heading_error_deg"":143.94122996302215,""aoi_s"":0.13557767868041992,""position_margin_m"":0.14733558173428263,""heading_margin_deg"":-138.94122996302215,""freshness_margin_s"":0.8644223213195801,""normalized_margin"":-27.78824599260443,""observable"":true,""raw_pass"":false,""reason"":""heading tolerance"",""status"":""withdrawn"",""observed_evaluations"":66,""satisfaction_fraction"":0.0}]",high,10.0,0.8360000210814178
65.49399999999969,5656.513,1789517270.4100459,3614,0.00013038587341025754,0.6838641893228088,-0.8977072786558979,0.2950832847654998,1.6697923616381458,True,0.138899999,121.09,,,0.058,0.005169391632080078,1789511613.8918765,130.40836906384357,1.0291023144128615,,-117.9824,-0.0,0.0,-0.0001090830782496456,-2.181661564992912e-05,0.0001090830782496456,0.0003116659378561303,low-motion,610.6085777282715,626,1088.449758296232,0,False,0,142191,133447,0.0,0.0,11.43343,11,0.94,False,"[{""service_id"":""local_1s_tight"",""label"":""Immediate motion"",""family"":""local_relative_motion"",""horizon_s"":1.0,""position_tolerance_m"":0.1,""heading_tolerance_deg"":2.0,""maximum_aoi_s"":0.6,""position_error_m"":null,""heading_error_deg"":null,""aoi_s"":0.005169391632080078,""position_margin_m"":null,""heading_margin_deg"":null,""freshness_margin_s"":null,""normalized_margin"":null,""observable"":false,""raw_pass"":false,""reason"":""GPS course unobservable at low speed"",""status"":""unobservable"",""observed_evaluations"":6,""satisfaction_fraction"":0.16666666666666666},{""service_id"":""local_5s_moderate"",""label"":""Short prediction"",""family"":""local_relative_motion"",""horizon_s"":5.0,""position_tolerance_m"":0.2,""heading_tolerance_deg"":5.0,""maximum_aoi_s"":1.0,""position_error_m"":null,""heading_error_deg"":null,""aoi_s"":0.005169391632080078,""position_margin_m"":null,""heading_margin_deg"":null,""freshness_margin_s"":null,""normalized_margin"":null,""observable"":false,""raw_pass"":false,""reason"":""GPS course unobservable at low speed"",""status"":""unobservable"",""observed_evaluations"":0,""satisfaction_fraction"":null},{""service_id"":""local_10s_preview"",""label"":""Planning support"",""family"":""local_relative_motion"",""horizon_s"":10.0,""position_tolerance_m"":0.5,""heading_tolerance_deg"":10.0,""maximum_aoi_s"":1.5,""position_error_m"":null,""heading_error_deg"":null,""aoi_s"":0.005169391632080078,""position_margin_m"":null,""heading_margin_deg"":null,""freshness_margin_s"":null,""normalized_margin"":null,""observable"":false,""raw_pass"":false,""reason"":""GPS course unobservable at low speed"",""status"":""unobservable"",""observed_evaluations"":3,""satisfaction_fraction"":0.0},{""service_id"":""global_state_tracking"",""label"":""Global asset tracking"",""family"":""global_synchronization"",""horizon_s"":0.0,""position_tolerance_m"":1.0,""heading_tolerance_deg"":5.0,""maximum_aoi_s"":1.0,""position_error_m"":1.0291023144128615,""heading_error_deg"":null,""aoi_s"":0.005169391632080078,""position_margin_m"":-0.029102314412861485,""heading_margin_deg"":null,""freshness_margin_s"":0.9948306083679199,""normalized_margin"":-0.029102314412861485,""observable"":true,""raw_pass"":false,""reason"":""position tolerance"",""status"":""withdrawn"",""observed_evaluations"":67,""satisfaction_fraction"":0.0}]",high,10.0,0.2389000146649778
66.0659999999998,5657.085,1789517271.112074,3615,0.00013038587341025754,0.6838641893228088,-0.8967214294279087,0.2950832847654998,1.6697923616381458,True,0.138899999,121.09,,,0.63,0.13519740104675293,1789511613.8918765,130.0280361174373,1.0291023144128615,,-117.7395,-0.0,0.0,0.008617563181722002,0.0017235126363444005,0.008617563181722002,0.024621609090634294,low-motion,685.8789920806885,625,1059.5655846070952,0,False,0,142191,133447,0.0,0.0,11.43343,11,0.94,False,"[{""service_id"":""local_1s_tight"",""label"":""Immediate motion"",""family"":""local_relative_motion"",""horizon_s"":1.0,""position_tolerance_m"":0.1,""heading_tolerance_deg"":2.0,""maximum_aoi_s"":0.6,""position_error_m"":null,""heading_error_deg"":null,""aoi_s"":0.13519740104675293,""position_margin_m"":null,""heading_margin_deg"":null,""freshness_margin_s"":null,""normalized_margin"":null,""observable"":false,""raw_pass"":false,""reason"":""GPS course unobservable at low speed"",""status"":""unobservable"",""observed_evaluations"":6,""satisfaction_fraction"":0.16666666666666666},{""service_id"":""local_5s_moderate"",""label"":""Short prediction"",""family"":""local_relative_motion"",""horizon_s"":5.0,""position_tolerance_m"":0.2,""heading_tolerance_deg"":5.0,""maximum_aoi_s"":1.0,""position_error_m"":null,""heading_error_deg"":null,""aoi_s"":0.13519740104675293,""position_margin_m"":null,""heading_margin_deg"":null,""freshness_margin_s"":null,""normalized_margin"":null,""observable"":false,""raw_pass"":false,""reason"":""GPS course unobservable at low speed"",""status"":""unobservable"",""observed_evaluations"":0,""satisfaction_fraction"":null},{""service_id"":""local_10s_preview"",""label"":""Planning support"",""family"":""local_relative_motion"",""horizon_s"":10.0,""position_tolerance_m"":0.5,""heading_tolerance_deg"":10.0,""maximum_aoi_s"":1.5,""position_error_m"":null,""heading_error_deg"":null,""aoi_s"":0.13519740104675293,""position_margin_m"":null,""heading_margin_deg"":null,""freshness_margin_s"":null,""normalized_margin"":null,""observable"":false,""raw_pass"":false,""reason"":""GPS course unobservable at low speed"",""status"":""unobservable"",""observed_evaluations"":3,""satisfaction_fraction"":0.0},{""service_id"":""global_state_tracking"",""label"":""Global asset tracking"",""family"":""global_synchronization"",""horizon_s"":0.0,""position_tolerance_m"":1.0,""heading_tolerance_deg"":5.0,""maximum_aoi_s"":1.0,""position_error_m"":1.0291023144128615,""heading_error_deg"":null,""aoi_s"":0.13519740104675293,""position_margin_m"":-0.029102314412861485,""heading_margin_deg"":null,""freshness_margin_s"":0.8648025989532471,""normalized_margin"":-0.029102314412861485,""observable"":true,""raw_pass"":false,""reason"":""position tolerance"",""status"":""withdrawn"",""observed_evaluations"":68,""satisfaction_fraction"":0.0}]",high,10.0,0.3989000106230378
66.78600000000006,5657.805,1789517271.7121298,3616,0.00013038587341025754,0.6838641893228088,-0.8968942170238563,0.5910527062246651,1.4838888124511016,True,0.17491111,121.09,,,0.035,0.015253305435180664,1789511613.8918765,119.94406700159743,0.9945997115929995,,-117.8791,-0.0,0.0,-0.0011999138607461017,-0.00023998277214922034,0.0011999138607461017,0.0034283253164174338,low-motion,582.0176601409912,618,1089.6823664092187,0,False,0,142191,133447,0.0,0.0,11.43343,11,0.94,False,"[{""service_id"":""local_1s_tight"",""label"":""Immediate motion"",""family"":""local_relative_motion"",""horizon_s"":1.0,""position_tolerance_m"":0.1,""heading_tolerance_deg"":2.0,""maximum_aoi_s"":0.6,""position_error_m"":null,""heading_error_deg"":null,""aoi_s"":0.015253305435180664,""position_margin_m"":null,""heading_margin_deg"":null,""freshness_margin_s"":null,""normalized_margin"":null,""observable"":false,""raw_pass"":false,""reason"":""GPS course unobservable at low speed"",""status"":""unobservable"",""observed_evaluations"":6,""satisfaction_fraction"":0.16666666666666666},{""service_id"":""local_5s_moderate"",""label"":""Short prediction"",""family"":""local_relative_motion"",""horizon_s"":5.0,""position_tolerance_m"":0.2,""heading_tolerance_deg"":5.0,""maximum_aoi_s"":1.0,""position_error_m"":null,""heading_error_deg"":null,""aoi_s"":0.015253305435180664,""position_margin_m"":null,""heading_margin_deg"":null,""freshness_margin_s"":null,""normalized_margin"":null,""observable"":false,""raw_pass"":false,""reason"":""GPS course unobservable at low speed"",""status"":""unobservable"",""observed_evaluations"":0,""satisfaction_fraction"":null},{""service_id"":""local_10s_preview"",""label"":""Planning support"",""family"":""local_relative_motion"",""horizon_s"":10.0,""position_tolerance_m"":0.5,""heading_tolerance_deg"":10.0,""maximum_aoi_s"":1.5,""position_error_m"":null,""heading_error_deg"":null,""aoi_s"":0.015253305435180664,""position_margin_m"":null,""heading_margin_deg"":null,""freshness_margin_s"":null,""normalized_margin"":null,""observable"":false,""raw_pass"":false,""reason"":""GPS course unobservable at low speed"",""status"":""unobservable"",""observed_evaluations"":3,""satisfaction_fraction"":0.0},{""service_id"":""global_state_tracking"",""label"":""Global asset tracking"",""family"":""global_synchronization"",""horizon_s"":0.0,""position_tolerance_m"":1.0,""heading_tolerance_deg"":5.0,""maximum_aoi_s"":1.0,""position_error_m"":0.9945997115929995,""heading_error_deg"":null,""aoi_s"":0.015253305435180664,""position_margin_m"":0.005400288407000464,""heading_margin_deg"":null,""freshness_margin_s"":0.9847466945648193,""normalized_margin"":null,""observable"":false,""raw_pass"":false,""reason"":""GPS course unobservable at low speed"",""status"":""unobservable"",""observed_evaluations"":68,""satisfaction_fraction"":0.0}]",high,10.0,0.46930002281442285
67.38699999999972,5658.406,1789517272.4452317,3617,0.00013038587341025754,0.6838641893228088,-0.8959895037894698,0.5910527062246651,1.6697923616381458,True,0.072022222,121.09,,,0.049,0.147355318069458,1789511613.8918765,132.10184478793963,1.1494535874294238,,-117.9666,-0.0,0.0,0.007526732399225546,0.0015053464798451092,0.007526732399225546,0.02150494971207299,low-motion,712.9330635070801,625,1059.442360624381,0,False,0,142191,133447,0.0,0.0,11.43343,11,0.94,False,"[{""service_id"":""local_1s_tight"",""label"":""Immediate motion"",""family"":""local_relative_motion"",""horizon_s"":1.0,""position_tolerance_m"":0.1,""heading_tolerance_deg"":2.0,""maximum_aoi_s"":0.6,""position_error_m"":null,""heading_error_deg"":null,""aoi_s"":0.147355318069458,""position_margin_m"":null,""heading_margin_deg"":null,""freshness_margin_s"":null,""normalized_margin"":null,""observable"":false,""raw_pass"":false,""reason"":""GPS course unobservable at low speed"",""status"":""unobservable"",""observed_evaluations"":6,""satisfaction_fraction"":0.16666666666666666},{""service_id"":""local_5s_moderate"",""label"":""Short prediction"",""family"":""local_relative_motion"",""horizon_s"":5.0,""position_tolerance_m"":0.2,""heading_tolerance_deg"":5.0,""maximum_aoi_s"":1.0,""position_error_m"":null,""heading_error_deg"":null,""aoi_s"":0.147355318069458,""position_margin_m"":null,""heading_margin_deg"":null,""freshness_margin_s"":null,""normalized_margin"":null,""observable"":false,""raw_pass"":false,""reason"":""GPS course unobservable at low speed"",""status"":""unobservable"",""observed_evaluations"":0,""satisfaction_fraction"":null},{""service_id"":""local_10s_preview"",""label"":""Planning support"",""family"":""local_relative_motion"",""horizon_s"":10.0,""position_tolerance_m"":0.5,""heading_tolerance_deg"":10.0,""maximum_aoi_s"":1.5,""position_error_m"":null,""heading_error_deg"":null,""aoi_s"":0.147355318069458,""position_margin_m"":null,""heading_margin_deg"":null,""freshness_margin_s"":null,""normalized_margin"":null,""observable"":false,""raw_pass"":false,""reason"":""GPS course unobservable at low speed"",""status"":""unobservable"",""observed_evaluations"":3,""satisfaction_fraction"":0.0},{""service_id"":""global_state_tracking"",""label"":""Global asset tracking"",""family"":""global_synchronization"",""horizon_s"":0.0,""position_tolerance_m"":1.0,""heading_tolerance_deg"":5.0,""maximum_aoi_s"":1.0,""position_error_m"":1.1494535874294238,""heading_error_deg"":null,""aoi_s"":0.147355318069458,""position_margin_m"":-0.14945358742942383,""heading_margin_deg"":null,""freshness_margin_s"":0.852644681930542,""normalized_margin"":-0.14945358742942383,""observable"":true,""raw_pass"":false,""reason"":""position tolerance"",""status"":""withdrawn"",""observed_evaluations"":69,""satisfaction_fraction"":0.0}]",high,10.0,0.2948999754153192
68.10999999999967,5659.129,1789517273.0230803,3618,-0.0003407162430479236,0.684426411282645,-0.8507143829309398,0.5910527062246651,1.6697923616381458,True,0.072022222,121.09,,,0.003,0.0022039413452148438,1789511613.8918765,145.15132713313506,1.149213746984465,,-114.2298,-0.001014530822606427,0.01067225059941015,0.27041695098087143,0.0626211906757024,0.2597447003814613,0.7421277153756037,low-motion,563.8337135314941,635,1096.384903446932,0,False,0,142201,133447,-0.037615681,0.0,11.43343,11,0.94,False,"[{""service_id"":""local_1s_tight"",""label"":""Immediate motion"",""family"":""local_relative_motion"",""horizon_s"":1.0,""position_tolerance_m"":0.1,""heading_tolerance_deg"":2.0,""maximum_aoi_s"":0.6,""position_error_m"":null,""heading_error_deg"":null,""aoi_s"":0.0022039413452148438,""position_margin_m"":null,""heading_margin_deg"":null,""freshness_margin_s"":null,""normalized_margin"":null,""observable"":false,""raw_pass"":false,""reason"":""GPS course unobservable at low speed"",""status"":""unobservable"",""observed_evaluations"":6,""satisfaction_fraction"":0.16666666666666666},{""service_id"":""local_5s_moderate"",""label"":""Short prediction"",""family"":""local_relative_motion"",""horizon_s"":5.0,""position_tolerance_m"":0.2,""heading_tolerance_deg"":5.0,""maximum_aoi_s"":1.0,""position_error_m"":null,""heading_error_deg"":null,""aoi_s"":0.0022039413452148438,""position_margin_m"":null,""heading_margin_deg"":null,""freshness_margin_s"":null,""normalized_margin"":null,""observable"":false,""raw_pass"":false,""reason"":""GPS course unobservable at low speed"",""status"":""unobservable"",""observed_evaluations"":0,""satisfaction_fraction"":null},{""service_id"":""local_10s_preview"",""label"":""Planning support"",""family"":""local_relative_motion"",""horizon_s"":10.0,""position_tolerance_m"":0.5,""heading_tolerance_deg"":10.0,""maximum_aoi_s"":1.5,""position_error_m"":null,""heading_error_deg"":null,""aoi_s"":0.0022039413452148438,""position_margin_m"":null,""heading_margin_deg"":null,""freshness_margin_s"":null,""normalized_margin"":null,""observable"":false,""raw_pass"":false,""reason"":""GPS course unobservable at low speed"",""status"":""unobservable"",""observed_evaluations"":3,""satisfaction_fraction"":0.0},{""service_id"":""global_state_tracking"",""label"":""Global asset tracking"",""family"":""global_synchronization"",""horizon_s"":0.0,""position_tolerance_m"":1.0,""heading_tolerance_deg"":5.0,""maximum_aoi_s"":1.0,""position_error_m"":1.149213746984465,""heading_error_deg"":null,""aoi_s"":0.0022039413452148438,""position_margin_m"":-0.149213746984465,""heading_margin_deg"":null,""freshness_margin_s"":0.9977960586547852,""normalized_margin"":-0.149213746984465,""observable"":true,""raw_pass"":false,""reason"":""position tolerance"",""status"":""withdrawn"",""observed_evaluations"":70,""satisfaction_fraction"":0.0}]",high,10.0,0.4697999684140086
68.69499999999971,5659.714,1789517273.7457361,3619,-0.018529913935652034,0.7001740483939812,-0.5764409035457216,0.5910527062246651,1.6697923616381458,True,0.262366664,121.09,,,0.035,0.13985967636108398,1789511613.8918765,137.65577316280542,1.1453168313527817,,-107.2197,-0.04112647818737591,0.4510914045663976,0.539852154257496,0.46884355450461734,0.08876074969109837,0.2536021419745668,low-motion,699.2487907409668,647,1066.5702245294858,0,False,0,142536,133440,-0.093933528,0.037535917,11.43343,11,0.94,False,"[{""service_id"":""local_1s_tight"",""label"":""Immediate motion"",""family"":""local_relative_motion"",""horizon_s"":1.0,""position_tolerance_m"":0.1,""heading_tolerance_deg"":2.0,""maximum_aoi_s"":0.6,""position_error_m"":null,""heading_error_deg"":null,""aoi_s"":0.13985967636108398,""position_margin_m"":null,""heading_margin_deg"":null,""freshness_margin_s"":null,""normalized_margin"":null,""observable"":false,""raw_pass"":false,""reason"":""GPS course unobservable at low speed"",""status"":""unobservable"",""observed_evaluations"":6,""satisfaction_fraction"":0.16666666666666666},{""service_id"":""local_5s_moderate"",""label"":""Short prediction"",""family"":""local_relative_motion"",""horizon_s"":5.0,""position_tolerance_m"":0.2,""heading_tolerance_deg"":5.0,""maximum_aoi_s"":1.0,""position_error_m"":null,""heading_error_deg"":null,""aoi_s"":0.13985967636108398,""position_margin_m"":null,""heading_margin_deg"":null,""freshness_margin_s"":null,""normalized_margin"":null,""observable"":false,""raw_pass"":false,""reason"":""GPS course unobservable at low speed"",""status"":""unobservable"",""observed_evaluations"":0,""satisfaction_fraction"":null},{""service_id"":""local_10s_preview"",""label"":""Planning support"",""family"":""local_relative_motion"",""horizon_s"":10.0,""position_tolerance_m"":0.5,""heading_tolerance_deg"":10.0,""maximum_aoi_s"":1.5,""position_error_m"":null,""heading_error_deg"":null,""aoi_s"":0.13985967636108398,""position_margin_m"":null,""heading_margin_deg"":null,""freshness_margin_s"":null,""normalized_margin"":null,""observable"":false,""raw_pass"":false,""reason"":""GPS course unobservable at low speed"",""status"":""unobservable"",""observed_evaluations"":3,""satisfaction_fraction"":0.0},{""service_id"":""global_state_tracking"",""label"":""Global asset tracking"",""family"":""global_synchronization"",""horizon_s"":0.0,""position_tolerance_m"":1.0,""heading_tolerance_deg"":5.0,""maximum_aoi_s"":1.0,""position_error_m"":1.1453168313527817,""heading_error_deg"":null,""aoi_s"":0.13985967636108398,""position_margin_m"":-0.14531683135278173,""heading_margin_deg"":null,""freshness_margin_s"":0.860140323638916,""normalized_margin"":-0.14531683135278173,""observable"":true,""raw_pass"":false,""reason"":""position tolerance"",""status"":""withdrawn"",""observed_evaluations"":71,""satisfaction_fraction"":0.0}]",high,10.0,0.3169000265188515
69.45600000000013,5660.475,1789517274.504395,3620,-0.036602744723875966,0.7040526855322875,0.1536313325641041,0.5910527062246651,1.2979852624730845,True,0.262366664,121.09,,,0.08,0.13751864433288574,1789511613.8918765,2.3411140446114587,0.8641222546937165,,-75.14625,-0.024289547668263727,0.9044290627549229,1.1790789928004193,0.9593590487640221,0.2746499300454964,0.7847140858442756,turning,744.9827194213867,645,1066.6800364398982,0,False,0,143108,133120,-0.136394597,0.0972484,11.43343,11,0.94,False,"[{""service_id"":""local_1s_tight"",""label"":""Immediate motion"",""family"":""local_relative_motion"",""horizon_s"":1.0,""position_tolerance_m"":0.1,""heading_tolerance_deg"":2.0,""maximum_aoi_s"":0.6,""position_error_m"":null,""heading_error_deg"":null,""aoi_s"":0.13751864433288574,""position_margin_m"":null,""heading_margin_deg"":null,""freshness_margin_s"":null,""normalized_margin"":null,""observable"":false,""raw_pass"":false,""reason"":""GPS course unobservable at low speed"",""status"":""unobservable"",""observed_evaluations"":6,""satisfaction_fraction"":0.16666666666666666},{""service_id"":""local_5s_moderate"",""label"":""Short prediction"",""family"":""local_relative_motion"",""horizon_s"":5.0,""position_tolerance_m"":0.2,""heading_tolerance_deg"":5.0,""maximum_aoi_s"":1.0,""position_error_m"":null,""heading_error_deg"":null,""aoi_s"":0.13751864433288574,""position_margin_m"":null,""heading_margin_deg"":null,""freshness_margin_s"":null,""normalized_margin"":null,""observable"":false,""raw_pass"":false,""reason"":""GPS course unobservable at low speed"",""status"":""unobservable"",""observed_evaluations"":0,""satisfaction_fraction"":null},{""service_id"":""local_10s_preview"",""label"":""Planning support"",""family"":""local_relative_motion"",""horizon_s"":10.0,""position_tolerance_m"":0.5,""heading_tolerance_deg"":10.0,""maximum_aoi_s"":1.5,""position_error_m"":null,""heading_error_deg"":null,""aoi_s"":0.13751864433288574,""position_margin_m"":null,""heading_margin_deg"":null,""freshness_margin_s"":null,""normalized_margin"":null,""observable"":false,""raw_pass"":false,""reason"":""GPS course unobservable at low speed"",""status"":""unobservable"",""observed_evaluations"":3,""satisfaction_fraction"":0.0},{""service_id"":""global_state_tracking"",""label"":""Global asset tracking"",""family"":""global_synchronization"",""horizon_s"":0.0,""position_tolerance_m"":1.0,""heading_tolerance_deg"":5.0,""maximum_aoi_s"":1.0,""position_error_m"":0.8641222546937165,""heading_error_deg"":null,""aoi_s"":0.13751864433288574,""position_margin_m"":0.1358777453062835,""heading_margin_deg"":null,""freshness_margin_s"":0.8624813556671143,""normalized_margin"":null,""observable"":false,""raw_pass"":false,""reason"":""GPS course unobservable at low speed"",""status"":""unobservable"",""observed_evaluations"":71,""satisfaction_fraction"":0.0}]",high,10.0,0.5049000028520823
70.17000000000007,5661.189,1789517275.0852416,3621,-0.04389990554083731,0.6993979198317026,0.9819944863157515,0.44306799549508247,1.4838888124511016,True,0.231499998,121.09,,,0.028,0.004365205764770508,1789511613.8918765,133.15345191949746,0.9233437589771811,,-67.96237,-0.012122364509782426,1.16280896488937,1.149626561673015,1.160172484246099,0.013182403216354999,0.037664009189585713,turning,562.2472763061523,636,1081.6659517638464,0,False,0,143705,132641,-0.131654884,0.112847044,11.43343,11,0.94,False,"[{""service_id"":""local_1s_tight"",""label"":""Immediate motion"",""family"":""local_relative_motion"",""horizon_s"":1.0,""position_tolerance_m"":0.1,""heading_tolerance_deg"":2.0,""maximum_aoi_s"":0.6,""position_error_m"":null,""heading_error_deg"":null,""aoi_s"":0.004365205764770508,""position_margin_m"":null,""heading_margin_deg"":null,""freshness_margin_s"":null,""normalized_margin"":null,""observable"":false,""raw_pass"":false,""reason"":""GPS course unobservable at low speed"",""status"":""unobservable"",""observed_evaluations"":6,""satisfaction_fraction"":0.16666666666666666},{""service_id"":""local_5s_moderate"",""label"":""Short prediction"",""family"":""local_relative_motion"",""horizon_s"":5.0,""position_tolerance_m"":0.2,""heading_tolerance_deg"":5.0,""maximum_aoi_s"":1.0,""position_error_m"":null,""heading_error_deg"":null,""aoi_s"":0.004365205764770508,""position_margin_m"":null,""heading_margin_deg"":null,""freshness_margin_s"":null,""normalized_margin"":null,""observable"":false,""raw_pass"":false,""reason"":""GPS course unobservable at low speed"",""status"":""unobservable"",""observed_evaluations"":0,""satisfaction_fraction"":null},{""service_id"":""local_10s_preview"",""label"":""Planning support"",""family"":""local_relative_motion"",""horizon_s"":10.0,""position_tolerance_m"":0.5,""heading_tolerance_deg"":10.0,""maximum_aoi_s"":1.5,""position_error_m"":null,""heading_error_deg"":null,""aoi_s"":0.004365205764770508,""position_margin_m"":null,""heading_margin_deg"":null,""freshness_margin_s"":null,""normalized_margin"":null,""observable"":false,""raw_pass"":false,""reason"":""GPS course unobservable at low speed"",""status"":""unobservable"",""observed_evaluations"":3,""satisfaction_fraction"":0.0},{""service_id"":""global_state_tracking"",""label"":""Global asset tracking"",""family"":""global_synchronization"",""horizon_s"":0.0,""position_tolerance_m"":1.0,""heading_tolerance_deg"":5.0,""maximum_aoi_s"":1.0,""position_error_m"":0.9233437589771811,""heading_error_deg"":null,""aoi_s"":0.004365205764770508,""position_margin_m"":0.07665624102281887,""heading_margin_deg"":null,""freshness_margin_s"":0.9956347942352295,""normalized_margin"":null,""observable"":false,""raw_pass"":false,""reason"":""GPS course unobservable at low speed"",""status"":""unobservable"",""observed_evaluations"":71,""satisfaction_fraction"":0.0}]",high,10.0,0.4369000089354813
70.7529999999997,5661.772,1789517275.8057833,3622,-0.04459275682522195,0.6961706796009699,1.7366414068711116,0.44306799549508247,1.4838888124511016,True,0.12861111,121.09,,,0.035,0.14190673828125,1789511613.8918765,137.54171562231932,0.926451761385612,,-49.97859,-0.005661708458579614,1.2957119043785665,1.2892529018325614,1.2944201038693657,0.006459002546005177,0.01845429298858622,turning,702.2881507873535,631,1078.4647274088218,0,False,0,144217,132174,-0.131621979,0.11283294,11.43343,11,0.94,False,"[{""service_id"":""local_1s_tight"",""label"":""Immediate motion"",""family"":""local_relative_motion"",""horizon_s"":1.0,""position_tolerance_m"":0.1,""heading_tolerance_deg"":2.0,""maximum_aoi_s"":0.6,""position_error_m"":null,""heading_error_deg"":null,""aoi_s"":0.14190673828125,""position_margin_m"":null,""heading_margin_deg"":null,""freshness_margin_s"":null,""normalized_margin"":null,""observable"":false,""raw_pass"":false,""reason"":""GPS course unobservable at low speed"",""status"":""unobservable"",""observed_evaluations"":6,""satisfaction_fraction"":0.16666666666666666},{""service_id"":""local_5s_moderate"",""label"":""Short prediction"",""family"":""local_relative_motion"",""horizon_s"":5.0,""position_tolerance_m"":0.2,""heading_tolerance_deg"":5.0,""maximum_aoi_s"":1.0,""position_error_m"":null,""heading_error_deg"":null,""aoi_s"":0.14190673828125,""position_margin_m"":null,""heading_margin_deg"":null,""freshness_margin_s"":null,""normalized_margin"":null,""observable"":false,""raw_pass"":false,""reason"":""GPS course unobservable at low speed"",""status"":""unobservable"",""observed_evaluations"":0,""satisfaction_fraction"":null},{""service_id"":""local_10s_preview"",""label"":""Planning support"",""family"":""local_relative_motion"",""horizon_s"":10.0,""position_tolerance_m"":0.5,""heading_tolerance_deg"":10.0,""maximum_aoi_s"":1.5,""position_error_m"":null,""heading_error_deg"":null,""aoi_s"":0.14190673828125,""position_margin_m"":null,""heading_margin_deg"":null,""freshness_margin_s"":null,""normalized_margin"":null,""observable"":false,""raw_pass"":false,""reason"":""GPS course unobservable at low speed"",""status"":""unobservable"",""observed_evaluations"":3,""satisfaction_fraction"":0.0},{""service_id"":""global_state_tracking"",""label"":""Global asset tracking"",""family"":""global_synchronization"",""horizon_s"":0.0,""position_tolerance_m"":1.0,""heading_tolerance_deg"":5.0,""maximum_aoi_s"":1.0,""position_error_m"":0.926451761385612,""heading_error_deg"":null,""aoi_s"":0.14190673828125,""position_margin_m"":0.07354823861438797,""heading_margin_deg"":null,""freshness_margin_s"":0.85809326171875,""normalized_margin"":null,""observable"":false,""raw_pass"":false,""reason"":""GPS course unobservable at low speed"",""status"":""unobservable"",""observed_evaluations"":71,""satisfaction_fraction"":0.0}]",high,10.0,0.6246999837458134
71.47299999999996,5662.492,1789517276.5257452,3623,-0.041933141232329024,0.6926641782957987,2.702765379534723,0.2950832847654998,1.4838888124511016,True,0.108033332,121.09,,,0.035,0.14186859130859375,1789511613.8918765,0.03811836268141633,0.8600095889503458,,-38.58495,-0.006112548206201195,1.363166569062094,1.2565279783576677,1.3418388509212087,0.10663859070442627,0.3046816877269322,turning,697.084903717041,638,1054.301114733078,0,False,0,144883,131568,-0.112748389,0.093804691,11.43343,11,0.94,False,"[{""service_id"":""local_1s_tight"",""label"":""Immediate motion"",""family"":""local_relative_motion"",""horizon_s"":1.0,""position_tolerance_m"":0.1,""heading_tolerance_deg"":2.0,""maximum_aoi_s"":0.6,""position_error_m"":null,""heading_error_deg"":null,""aoi_s"":0.14186859130859375,""position_margin_m"":null,""heading_margin_deg"":null,""freshness_margin_s"":null,""normalized_margin"":null,""observable"":false,""raw_pass"":false,""reason"":""GPS course unobservable at low speed"",""status"":""unobservable"",""observed_evaluations"":6,""satisfaction_fraction"":0.16666666666666666},{""service_id"":""local_5s_moderate"",""label"":""Short prediction"",""family"":""local_relative_motion"",""horizon_s"":5.0,""position_tolerance_m"":0.2,""heading_tolerance_deg"":5.0,""maximum_aoi_s"":1.0,""position_error_m"":null,""heading_error_deg"":null,""aoi_s"":0.14186859130859375,""position_margin_m"":null,""heading_margin_deg"":null,""freshness_margin_s"":null,""normalized_margin"":null,""observable"":false,""raw_pass"":false,""reason"":""GPS course unobservable at low speed"",""status"":""unobservable"",""observed_evaluations"":0,""satisfaction_fraction"":null},{""service_id"":""local_10s_preview"",""label"":""Planning support"",""family"":""local_relative_motion"",""horizon_s"":10.0,""position_tolerance_m"":0.5,""heading_tolerance_deg"":10.0,""maximum_aoi_s"":1.5,""position_error_m"":null,""heading_error_deg"":null,""aoi_s"":0.14186859130859375,""position_margin_m"":null,""heading_margin_deg"":null,""freshness_margin_s"":null,""normalized_margin"":null,""observable"":false,""raw_pass"":false,""reason"":""GPS course unobservable at low speed"",""status"":""unobservable"",""observed_evaluations"":3,""satisfaction_fraction"":0.0},{""service_id"":""global_state_tracking"",""label"":""Global asset tracking"",""family"":""global_synchronization"",""horizon_s"":0.0,""position_tolerance_m"":1.0,""heading_tolerance_deg"":5.0,""maximum_aoi_s"":1.0,""position_error_m"":0.8600095889503458,""heading_error_deg"":null,""aoi_s"":0.14186859130859375,""position_margin_m"":0.13999041104965415,""heading_margin_deg"":null,""freshness_margin_s"":0.8581314086914062,""normalized_margin"":null,""observable"":false,""raw_pass"":false,""reason"":""GPS course unobservable at low speed"",""status"":""unobservable"",""observed_evaluations"":71,""satisfaction_fraction"":0.0}]",high,10.0,0.4260999849066138
72.18199999999979,5663.201,1789517277.2332997,3624,-0.04078385068778681,0.6924265021946971,-3.1106208586871027,0.2950832847654998,1.2979852624730845,True,0.108033332,121.09,,,0.029,0.14042329788208008,1789511613.8918765,1.4454212187047233,0.6924652661523854,,-34.09544,-0.0016553021940639203,0.6638621554102517,0.6576618787671132,0.6626221000816241,0.0062002766431384915,0.017715076123252835,turning,693.6461925506592,644,1065.3566198781004,0,False,0,145196,131271,-0.056437631,0.05641647,11.43343,11,0.94,False,"[{""service_id"":""local_1s_tight"",""label"":""Immediate motion"",""family"":""local_relative_motion"",""horizon_s"":1.0,""position_tolerance_m"":0.1,""heading_tolerance_deg"":2.0,""maximum_aoi_s"":0.6,""position_error_m"":null,""heading_error_deg"":null,""aoi_s"":0.14042329788208008,""position_margin_m"":null,""heading_margin_deg"":null,""freshness_margin_s"":null,""normalized_margin"":null,""observable"":false,""raw_pass"":false,""reason"":""GPS course unobservable at low speed"",""status"":""unobservable"",""observed_evaluations"":6,""satisfaction_fraction"":0.16666666666666666},{""service_id"":""local_5s_moderate"",""label"":""Short prediction"",""family"":""local_relative_motion"",""horizon_s"":5.0,""position_tolerance_m"":0.2,""heading_tolerance_deg"":5.0,""maximum_aoi_s"":1.0,""position_error_m"":null,""heading_error_deg"":null,""aoi_s"":0.14042329788208008,""position_margin_m"":null,""heading_margin_deg"":null,""freshness_margin_s"":null,""normalized_margin"":null,""observable"":false,""raw_pass"":false,""reason"":""GPS course unobservable at low speed"",""status"":""unobservable"",""observed_evaluations"":0,""satisfaction_fraction"":null},{""service_id"":""local_10s_preview"",""label"":""Planning support"",""family"":""local_relative_motion"",""horizon_s"":10.0,""position_tolerance_m"":0.5,""heading_tolerance_deg"":10.0,""maximum_aoi_s"":1.5,""position_error_m"":null,""heading_error_deg"":null,""aoi_s"":0.14042329788208008,""position_margin_m"":null,""heading_margin_deg"":null,""freshness_margin_s"":null,""normalized_margin"":null,""observable"":false,""raw_pass"":false,""reason"":""GPS course unobservable at low speed"",""status"":""unobservable"",""observed_evaluations"":3,""satisfaction_fraction"":0.0},{""service_id"":""global_state_tracking"",""label"":""Global asset tracking"",""family"":""global_synchronization"",""horizon_s"":0.0,""position_tolerance_m"":1.0,""heading_tolerance_deg"":5.0,""maximum_aoi_s"":1.0,""position_error_m"":0.6924652661523854,""heading_error_deg"":null,""aoi_s"":0.14042329788208008,""position_margin_m"":0.30753473384761465,""heading_margin_deg"":null,""freshness_margin_s"":0.8595767021179199,""normalized_margin"":null,""observable"":false,""raw_pass"":false,""reason"":""GPS course unobservable at low speed"",""status"":""unobservable"",""observed_evaluations"":71,""satisfaction_fraction"":0.0}]",high,10.0,0.2384000108577311
72.91699999999946,5663.936,1789517277.8326263,3625,-0.04049375757552384,0.6924704442476549,-2.8718987541406893,0.2950832847654998,1.2979852624730845,True,0.072022222,121.09,,,0.054,0.004749774932861328,1789511613.8918765,135.67338943448704,0.692286173801647,,-34.92589,-0.0003991868216297852,0.3779283518388494,0.11224648751888533,0.32479197897485657,0.26568186431996405,0.759091040914183,low-motion,588.8502597808838,635,1062.6782666354297,0,False,0,145378,131093,-0.025186261,0.0,11.43343,11,0.94,False,"[{""service_id"":""local_1s_tight"",""label"":""Immediate motion"",""family"":""local_relative_motion"",""horizon_s"":1.0,""position_tolerance_m"":0.1,""heading_tolerance_deg"":2.0,""maximum_aoi_s"":0.6,""position_error_m"":null,""heading_error_deg"":null,""aoi_s"":0.004749774932861328,""position_margin_m"":null,""heading_margin_deg"":null,""freshness_margin_s"":null,""normalized_margin"":null,""observable"":false,""raw_pass"":false,""reason"":""GPS course unobservable at low speed"",""status"":""unobservable"",""observed_evaluations"":6,""satisfaction_fraction"":0.16666666666666666},{""service_id"":""local_5s_moderate"",""label"":""Short prediction"",""family"":""local_relative_motion"",""horizon_s"":5.0,""position_tolerance_m"":0.2,""heading_tolerance_deg"":5.0,""maximum_aoi_s"":1.0,""position_error_m"":null,""heading_error_deg"":null,""aoi_s"":0.004749774932861328,""position_margin_m"":null,""heading_margin_deg"":null,""freshness_margin_s"":null,""normalized_margin"":null,""observable"":false,""raw_pass"":false,""reason"":""GPS course unobservable at low speed"",""status"":""unobservable"",""observed_evaluations"":0,""satisfaction_fraction"":null},{""service_id"":""local_10s_preview"",""label"":""Planning support"",""family"":""local_relative_motion"",""horizon_s"":10.0,""position_tolerance_m"":0.5,""heading_tolerance_deg"":10.0,""maximum_aoi_s"":1.5,""position_error_m"":null,""heading_error_deg"":null,""aoi_s"":0.004749774932861328,""position_margin_m"":null,""heading_margin_deg"":null,""freshness_margin_s"":null,""normalized_margin"":null,""observable"":false,""raw_pass"":false,""reason"":""GPS course unobservable at low speed"",""status"":""unobservable"",""observed_evaluations"":3,""satisfaction_fraction"":0.0},{""service_id"":""global_state_tracking"",""label"":""Global asset tracking"",""family"":""global_synchronization"",""horizon_s"":0.0,""position_tolerance_m"":1.0,""heading_tolerance_deg"":5.0,""maximum_aoi_s"":1.0,""position_error_m"":0.692286173801647,""heading_error_deg"":null,""aoi_s"":0.004749774932861328,""position_margin_m"":0.30771382619835297,""heading_margin_deg"":null,""freshness_margin_s"":0.9952502250671387,""normalized_margin"":null,""observable"":false,""raw_pass"":false,""reason"":""GPS course unobservable at low speed"",""status"":""unobservable"",""observed_evaluations"":71,""satisfaction_fraction"":0.0}]",high,10.0,0.355200027115643
73.5019999999995,5664.521,1789517278.554112,3626,-0.03557273388019458,0.6939357196028115,-2.832488818614337,0.2950832847654998,1.4838888124511016,True,0.077166666,121.09,,,0.034,0.1412355899810791,1789511613.8918765,136.48561477657495,0.8563639947867968,,-39.2083,-0.008776992296086321,0.08969068862723696,-0.021925698728178768,0.06736741115615381,0.11161638735541574,0.31890396387261644,low-motion,702.3265361785889,618,1059.4013809148153,0,False,0,145447,131094,0.0,0.0,11.43343,11,0.94,False,"[{""service_id"":""local_1s_tight"",""label"":""Immediate motion"",""family"":""local_relative_motion"",""horizon_s"":1.0,""position_tolerance_m"":0.1,""heading_tolerance_deg"":2.0,""maximum_aoi_s"":0.6,""position_error_m"":null,""heading_error_deg"":null,""aoi_s"":0.1412355899810791,""position_margin_m"":null,""heading_margin_deg"":null,""freshness_margin_s"":null,""normalized_margin"":null,""observable"":false,""raw_pass"":false,""reason"":""GPS course unobservable at low speed"",""status"":""unobservable"",""observed_evaluations"":6,""satisfaction_fraction"":0.16666666666666666},{""service_id"":""local_5s_moderate"",""label"":""Short prediction"",""family"":""local_relative_motion"",""horizon_s"":5.0,""position_tolerance_m"":0.2,""heading_tolerance_deg"":5.0,""maximum_aoi_s"":1.0,""position_error_m"":null,""heading_error_deg"":null,""aoi_s"":0.1412355899810791,""position_margin_m"":null,""heading_margin_deg"":null,""freshness_margin_s"":null,""normalized_margin"":null,""observable"":false,""raw_pass"":false,""reason"":""GPS course unobservable at low speed"",""status"":""unobservable"",""observed_evaluations"":0,""satisfaction_fraction"":null},{""service_id"":""local_10s_preview"",""label"":""Planning support"",""family"":""local_relative_motion"",""horizon_s"":10.0,""position_tolerance_m"":0.5,""heading_tolerance_deg"":10.0,""maximum_aoi_s"":1.5,""position_error_m"":null,""heading_error_deg"":null,""aoi_s"":0.1412355899810791,""position_margin_m"":null,""heading_margin_deg"":null,""freshness_margin_s"":null,""normalized_margin"":null,""observable"":false,""raw_pass"":false,""reason"":""GPS course unobservable at low speed"",""status"":""unobservable"",""observed_evaluations"":3,""satisfaction_fraction"":0.0},{""service_id"":""global_state_tracking"",""label"":""Global asset tracking"",""family"":""global_synchronization"",""horizon_s"":0.0,""position_tolerance_m"":1.0,""heading_tolerance_deg"":5.0,""maximum_aoi_s"":1.0,""position_error_m"":0.8563639947867968,""heading_error_deg"":null,""aoi_s"":0.1412355899810791,""position_margin_m"":0.1436360052132032,""heading_margin_deg"":null,""freshness_margin_s"":0.8587644100189209,""normalized_margin"":null,""observable"":false,""raw_pass"":false,""reason"":""GPS course unobservable at low speed"",""status"":""unobservable"",""observed_evaluations"":71,""satisfaction_fraction"":0.0}]",high,10.0,0.1799999736249447
74.20399999999972,5665.223,1789517279.2498002,3627,-0.03557273388019458,0.6939357196028115,-2.8314320653854854,0.2950832847654998,1.4838888124511016,True,0.077166666,121.09,,,0.021,0.13492369651794434,1789511613.8918765,6.311752319561492,0.8563639947867968,,-41.72652,-0.0,0.0,0.007526732399225546,0.0015053464798451092,0.007526732399225546,0.02150494971207299,low-motion,685.0321292877197,619,1067.5589943403409,0,False,0,145447,131094,0.0,0.0,11.43343,11,0.94,False,"[{""service_id"":""local_1s_tight"",""label"":""Immediate motion"",""family"":""local_relative_motion"",""horizon_s"":1.0,""position_tolerance_m"":0.1,""heading_tolerance_deg"":2.0,""maximum_aoi_s"":0.6,""position_error_m"":null,""heading_error_deg"":null,""aoi_s"":0.13492369651794434,""position_margin_m"":null,""heading_margin_deg"":null,""freshness_margin_s"":null,""normalized_margin"":null,""observable"":false,""raw_pass"":false,""reason"":""GPS course unobservable at low speed"",""status"":""unobservable"",""observed_evaluations"":6,""satisfaction_fraction"":0.16666666666666666},{""service_id"":""local_5s_moderate"",""label"":""Short prediction"",""family"":""local_relative_motion"",""horizon_s"":5.0,""position_tolerance_m"":0.2,""heading_tolerance_deg"":5.0,""maximum_aoi_s"":1.0,""position_error_m"":null,""heading_error_deg"":null,""aoi_s"":0.13492369651794434,""position_margin_m"":null,""heading_margin_deg"":null,""freshness_margin_s"":null,""normalized_margin"":null,""observable"":false,""raw_pass"":false,""reason"":""GPS course unobservable at low speed"",""status"":""unobservable"",""observed_evaluations"":0,""satisfaction_fraction"":null},{""service_id"":""local_10s_preview"",""label"":""Planning support"",""family"":""local_relative_motion"",""horizon_s"":10.0,""position_tolerance_m"":0.5,""heading_tolerance_deg"":10.0,""maximum_aoi_s"":1.5,""position_error_m"":null,""heading_error_deg"":null,""aoi_s"":0.13492369651794434,""position_margin_m"":null,""heading_margin_deg"":null,""freshness_margin_s"":null,""normalized_margin"":null,""observable"":false,""raw_pass"":false,""reason"":""GPS course unobservable at low speed"",""status"":""unobservable"",""observed_evaluations"":3,""satisfaction_fraction"":0.0},{""service_id"":""global_state_tracking"",""label"":""Global asset tracking"",""family"":""global_synchronization"",""horizon_s"":0.0,""position_tolerance_m"":1.0,""heading_tolerance_deg"":5.0,""maximum_aoi_s"":1.0,""position_error_m"":0.8563639947867968,""heading_error_deg"":null,""aoi_s"":0.13492369651794434,""position_margin_m"":0.1436360052132032,""heading_margin_deg"":null,""freshness_margin_s"":0.8650763034820557,""normalized_margin"":null,""observable"":false,""raw_pass"":false,""reason"":""GPS course unobservable at low speed"",""status"":""unobservable"",""observed_evaluations"":71,""satisfaction_fraction"":0.0}]",high,10.0,0.30960002914071083
74.97400000000016,5665.993,1789517279.9493754,3628,-0.03557273388019458,0.6939357196028115,-2.830608924477013,0.2950832847654998,1.4838888124511016,True,0.077166666,121.09,,,0.79,0.0644989013671875,1789511613.8918765,70.42481422467972,0.8563639947867968,,-53.48862,-0.0,0.0,0.005345070834232635,0.001069014166846527,0.005345070834232635,0.015271630954950386,low-motion,684.0295791625977,620,1036.361286750448,0,False,0,145447,131094,0.0,0.0,11.43343,11,0.94,False,"[{""service_id"":""local_1s_tight"",""label"":""Immediate motion"",""family"":""local_relative_motion"",""horizon_s"":1.0,""position_tolerance_m"":0.1,""heading_tolerance_deg"":2.0,""maximum_aoi_s"":0.6,""position_error_m"":null,""heading_error_deg"":null,""aoi_s"":0.0644989013671875,""position_margin_m"":null,""heading_margin_deg"":null,""freshness_margin_s"":null,""normalized_margin"":null,""observable"":false,""raw_pass"":false,""reason"":""GPS course unobservable at low speed"",""status"":""unobservable"",""observed_evaluations"":6,""satisfaction_fraction"":0.16666666666666666},{""service_id"":""local_5s_moderate"",""label"":""Short prediction"",""family"":""local_relative_motion"",""horizon_s"":5.0,""position_tolerance_m"":0.2,""heading_tolerance_deg"":5.0,""maximum_aoi_s"":1.0,""position_error_m"":null,""heading_error_deg"":null,""aoi_s"":0.0644989013671875,""position_margin_m"":null,""heading_margin_deg"":null,""freshness_margin_s"":null,""normalized_margin"":null,""observable"":false,""raw_pass"":false,""reason"":""GPS course unobservable at low speed"",""status"":""unobservable"",""observed_evaluations"":0,""satisfaction_fraction"":null},{""service_id"":""local_10s_preview"",""label"":""Planning support"",""family"":""local_relative_motion"",""horizon_s"":10.0,""position_tolerance_m"":0.5,""heading_tolerance_deg"":10.0,""maximum_aoi_s"":1.5,""position_error_m"":null,""heading_error_deg"":null,""aoi_s"":0.0644989013671875,""position_margin_m"":null,""heading_margin_deg"":null,""freshness_margin_s"":null,""normalized_margin"":null,""observable"":false,""raw_pass"":false,""reason"":""GPS course unobservable at low speed"",""status"":""unobservable"",""observed_evaluations"":3,""satisfaction_fraction"":0.0},{""service_id"":""global_state_tracking"",""label"":""Global asset tracking"",""family"":""global_synchronization"",""horizon_s"":0.0,""position_tolerance_m"":1.0,""heading_tolerance_deg"":5.0,""maximum_aoi_s"":1.0,""position_error_m"":0.8563639947867968,""heading_error_deg"":null,""aoi_s"":0.0644989013671875,""position_margin_m"":0.1436360052132032,""heading_margin_deg"":null,""freshness_margin_s"":0.9355010986328125,""normalized_margin"":null,""observable"":false,""raw_pass"":false,""reason"":""GPS course unobservable at low speed"",""status"":""unobservable"",""observed_evaluations"":71,""satisfaction_fraction"":0.0}]",high,10.0,0.12240000069141388
75.60199999999986,5666.621,1789517280.51872,3629,-0.03557273388019458,0.6939357196028115,-2.831170658696767,0.2950832847654998,1.4838888124511016,True,0.051444444,121.09,,,0.06,0.005843400955200195,1789511613.8918765,58.65547943085403,0.8563639947867968,,-64.04719,-0.0,0.0,-0.004472406208235469,-0.0008944812416470937,0.004472406208235469,0.01277830345210134,low-motion,564.3341541290283,619,1066.0020246375248,0,False,0,145447,131094,0.0,0.0,11.44101,11,0.94,False,"[{""service_id"":""local_1s_tight"",""label"":""Immediate motion"",""family"":""local_relative_motion"",""horizon_s"":1.0,""position_tolerance_m"":0.1,""heading_tolerance_deg"":2.0,""maximum_aoi_s"":0.6,""position_error_m"":null,""heading_error_deg"":null,""aoi_s"":0.005843400955200195,""position_margin_m"":null,""heading_margin_deg"":null,""freshness_margin_s"":null,""normalized_margin"":null,""observable"":false,""raw_pass"":false,""reason"":""GPS course unobservable at low speed"",""status"":""unobservable"",""observed_evaluations"":6,""satisfaction_fraction"":0.16666666666666666},{""service_id"":""local_5s_moderate"",""label"":""Short prediction"",""family"":""local_relative_motion"",""horizon_s"":5.0,""position_tolerance_m"":0.2,""heading_tolerance_deg"":5.0,""maximum_aoi_s"":1.0,""position_error_m"":null,""heading_error_deg"":null,""aoi_s"":0.005843400955200195,""position_margin_m"":null,""heading_margin_deg"":null,""freshness_margin_s"":null,""normalized_margin"":null,""observable"":false,""raw_pass"":false,""reason"":""GPS course unobservable at low speed"",""status"":""unobservable"",""observed_evaluations"":0,""satisfaction_fraction"":null},{""service_id"":""local_10s_preview"",""label"":""Planning support"",""family"":""local_relative_motion"",""horizon_s"":10.0,""position_tolerance_m"":0.5,""heading_tolerance_deg"":10.0,""maximum_aoi_s"":1.5,""position_error_m"":null,""heading_error_deg"":null,""aoi_s"":0.005843400955200195,""position_margin_m"":null,""heading_margin_deg"":null,""freshness_margin_s"":null,""normalized_margin"":null,""observable"":false,""raw_pass"":false,""reason"":""GPS course unobservable at low speed"",""status"":""unobservable"",""observed_evaluations"":3,""satisfaction_fraction"":0.0},{""service_id"":""global_state_tracking"",""label"":""Global asset tracking"",""family"":""global_synchronization"",""horizon_s"":0.0,""position_tolerance_m"":1.0,""heading_tolerance_deg"":5.0,""maximum_aoi_s"":1.0,""position_error_m"":0.8563639947867968,""heading_error_deg"":null,""aoi_s"":0.005843400955200195,""position_margin_m"":0.1436360052132032,""heading_margin_deg"":null,""freshness_margin_s"":0.9941565990447998,""normalized_margin"":null,""observable"":false,""raw_pass"":false,""reason"":""GPS course unobservable at low speed"",""status"":""unobservable"",""observed_evaluations"":71,""satisfaction_fraction"":0.0}]",high,10.0,0.42719999328255653
76.18499999999949,5667.204,1789517281.2342305,3630,-0.03557273388019458,0.6939357196028115,-2.831437759522169,0.2950832847654998,1.4838888124511016,True,0.051444444,121.09,,,0.036,0.13835406303405762,1789511613.8918765,132.51060676611814,0.8563639947867968,,-71.6856,-0.0,0.0,-0.0022907446432425577,-0.00045814892864851157,0.0022907446432425577,0.006544984694978736,low-motion,700.9758949279785,619,1064.4612038826222,0,False,0,145447,131094,0.0,0.0,11.44101,10,1.01,False,"[{""service_id"":""local_1s_tight"",""label"":""Immediate motion"",""family"":""local_relative_motion"",""horizon_s"":1.0,""position_tolerance_m"":0.1,""heading_tolerance_deg"":2.0,""maximum_aoi_s"":0.6,""position_error_m"":null,""heading_error_deg"":null,""aoi_s"":0.13835406303405762,""position_margin_m"":null,""heading_margin_deg"":null,""freshness_margin_s"":null,""normalized_margin"":null,""observable"":false,""raw_pass"":false,""reason"":""GPS course unobservable at low speed"",""status"":""unobservable"",""observed_evaluations"":6,""satisfaction_fraction"":0.16666666666666666},{""service_id"":""local_5s_moderate"",""label"":""Short prediction"",""family"":""local_relative_motion"",""horizon_s"":5.0,""position_tolerance_m"":0.2,""heading_tolerance_deg"":5.0,""maximum_aoi_s"":1.0,""position_error_m"":null,""heading_error_deg"":null,""aoi_s"":0.13835406303405762,""position_margin_m"":null,""heading_margin_deg"":null,""freshness_margin_s"":null,""normalized_margin"":null,""observable"":false,""raw_pass"":false,""reason"":""GPS course unobservable at low speed"",""status"":""unobservable"",""observed_evaluations"":0,""satisfaction_fraction"":null},{""service_id"":""local_10s_preview"",""label"":""Planning support"",""family"":""local_relative_motion"",""horizon_s"":10.0,""position_tolerance_m"":0.5,""heading_tolerance_deg"":10.0,""maximum_aoi_s"":1.5,""position_error_m"":null,""heading_error_deg"":null,""aoi_s"":0.13835406303405762,""position_margin_m"":null,""heading_margin_deg"":null,""freshness_margin_s"":null,""normalized_margin"":null,""observable"":false,""raw_pass"":false,""reason"":""GPS course unobservable at low speed"",""status"":""unobservable"",""observed_evaluations"":3,""satisfaction_fraction"":0.0},{""service_id"":""global_state_tracking"",""label"":""Global asset tracking"",""family"":""global_synchronization"",""horizon_s"":0.0,""position_tolerance_m"":1.0,""heading_tolerance_deg"":5.0,""maximum_aoi_s"":1.0,""position_error_m"":0.8563639947867968,""heading_error_deg"":null,""aoi_s"":0.13835406303405762,""position_margin_m"":0.1436360052132032,""heading_margin_deg"":null,""freshness_margin_s"":0.8616459369659424,""normalized_margin"":null,""observable"":false,""raw_pass"":false,""reason"":""GPS course unobservable at low speed"",""status"":""unobservable"",""observed_evaluations"":71,""satisfaction_fraction"":0.0}]",high,10.0,0.42380002560094
76.90299999999934,5667.922,1789517281.8161035,3631,-0.03557273388019458,0.6939357196028115,-2.830983493951106,0.2950832847654998,1.4838888124511016,True,0.180055554,121.09,,,0.035,0.0022270679473876953,1789511613.8918765,136.12705993637064,0.8563639947867968,,-80.13773,-0.0,0.0,0.0031634092692397224,0.0006326818538479446,0.0031634092692397224,0.009038312197827778,low-motion,560.0285530090332,620,1089.725918536119,0,False,0,145447,131094,0.0,0.0,11.44101,10,1.01,False,"[{""service_id"":""local_1s_tight"",""label"":""Immediate motion"",""family"":""local_relative_motion"",""horizon_s"":1.0,""position_tolerance_m"":0.1,""heading_tolerance_deg"":2.0,""maximum_aoi_s"":0.6,""position_error_m"":null,""heading_error_deg"":null,""aoi_s"":0.0022270679473876953,""position_margin_m"":null,""heading_margin_deg"":null,""freshness_margin_s"":null,""normalized_margin"":null,""observable"":false,""raw_pass"":false,""reason"":""GPS course unobservable at low speed"",""status"":""unobservable"",""observed_evaluations"":6,""satisfaction_fraction"":0.16666666666666666},{""service_id"":""local_5s_moderate"",""label"":""Short prediction"",""family"":""local_relative_motion"",""horizon_s"":5.0,""position_tolerance_m"":0.2,""heading_tolerance_deg"":5.0,""maximum_aoi_s"":1.0,""position_error_m"":null,""heading_error_deg"":null,""aoi_s"":0.0022270679473876953,""position_margin_m"":null,""heading_margin_deg"":null,""freshness_margin_s"":null,""normalized_margin"":null,""observable"":false,""raw_pass"":false,""reason"":""GPS course unobservable at low speed"",""status"":""unobservable"",""observed_evaluations"":0,""satisfaction_fraction"":null},{""service_id"":""local_10s_preview"",""label"":""Planning support"",""family"":""local_relative_motion"",""horizon_s"":10.0,""position_tolerance_m"":0.5,""heading_tolerance_deg"":10.0,""maximum_aoi_s"":1.5,""position_error_m"":null,""heading_error_deg"":null,""aoi_s"":0.0022270679473876953,""position_margin_m"":null,""heading_margin_deg"":null,""freshness_margin_s"":null,""normalized_margin"":null,""observable"":false,""raw_pass"":false,""reason"":""GPS course unobservable at low speed"",""status"":""unobservable"",""observed_evaluations"":3,""satisfaction_fraction"":0.0},{""service_id"":""global_state_tracking"",""label"":""Global asset tracking"",""family"":""global_synchronization"",""horizon_s"":0.0,""position_tolerance_m"":1.0,""heading_tolerance_deg"":5.0,""maximum_aoi_s"":1.0,""position_error_m"":0.8563639947867968,""heading_error_deg"":null,""aoi_s"":0.0022270679473876953,""position_margin_m"":0.1436360052132032,""heading_margin_deg"":null,""freshness_margin_s"":0.9977729320526123,""normalized_margin"":null,""observable"":false,""raw_pass"":false,""reason"":""GPS course unobservable at low speed"",""status"":""unobservable"",""observed_evaluations"":71,""satisfaction_fraction"":0.0}]",high,10.0,0.3182999789714813
77.47899999999936,5668.498,1789517282.5259807,3632,-0.03557273388019458,0.6939357196028115,-2.8309960603217204,0.2950832847654998,1.6697923616381458,True,0.138899999,121.09,,,0.025,0.13610434532165527,1789511613.8918765,133.87725257871352,1.0303541082904946,,-85.31264,-0.0,0.0,-0.0001090830782496456,-2.181661564992912e-05,0.0001090830782496456,0.0003116659378561303,low-motion,696.9060897827148,627,1060.4355881821791,0,False,0,145447,131094,0.0,0.0,11.44101,10,1.01,False,"[{""service_id"":""local_1s_tight"",""label"":""Immediate motion"",""family"":""local_relative_motion"",""horizon_s"":1.0,""position_tolerance_m"":0.1,""heading_tolerance_deg"":2.0,""maximum_aoi_s"":0.6,""position_error_m"":null,""heading_error_deg"":null,""aoi_s"":0.13610434532165527,""position_margin_m"":null,""heading_margin_deg"":null,""freshness_margin_s"":null,""normalized_margin"":null,""observable"":false,""raw_pass"":false,""reason"":""GPS course unobservable at low speed"",""status"":""unobservable"",""observed_evaluations"":6,""satisfaction_fraction"":0.16666666666666666},{""service_id"":""local_5s_moderate"",""label"":""Short prediction"",""family"":""local_relative_motion"",""horizon_s"":5.0,""position_tolerance_m"":0.2,""heading_tolerance_deg"":5.0,""maximum_aoi_s"":1.0,""position_error_m"":null,""heading_error_deg"":null,""aoi_s"":0.13610434532165527,""position_margin_m"":null,""heading_margin_deg"":null,""freshness_margin_s"":null,""normalized_margin"":null,""observable"":false,""raw_pass"":false,""reason"":""GPS course unobservable at low speed"",""status"":""unobservable"",""observed_evaluations"":0,""satisfaction_fraction"":null},{""service_id"":""local_10s_preview"",""label"":""Planning support"",""family"":""local_relative_motion"",""horizon_s"":10.0,""position_tolerance_m"":0.5,""heading_tolerance_deg"":10.0,""maximum_aoi_s"":1.5,""position_error_m"":null,""heading_error_deg"":null,""aoi_s"":0.13610434532165527,""position_margin_m"":null,""heading_margin_deg"":null,""freshness_margin_s"":null,""normalized_margin"":null,""observable"":false,""raw_pass"":false,""reason"":""GPS course unobservable at low speed"",""status"":""unobservable"",""observed_evaluations"":3,""satisfaction_fraction"":0.0},{""service_id"":""global_state_tracking"",""label"":""Global asset tracking"",""family"":""global_synchronization"",""horizon_s"":0.0,""position_tolerance_m"":1.0,""heading_tolerance_deg"":5.0,""maximum_aoi_s"":1.0,""position_error_m"":1.0303541082904946,""heading_error_deg"":null,""aoi_s"":0.13610434532165527,""position_margin_m"":-0.030354108290494564,""heading_margin_deg"":null,""freshness_margin_s"":0.8638956546783447,""normalized_margin"":-0.030354108290494564,""observable"":true,""raw_pass"":false,""reason"":""position tolerance"",""status"":""withdrawn"",""observed_evaluations"":72,""satisfaction_fraction"":0.0}]",high,10.0,0.4741000011563301
78.20399999999972,5669.223,1789517283.1182778,3633,-0.03557273388019458,0.6939357196028115,-2.8313282182949906,0.2950832847654998,1.6697923616381458,True,0.138899999,121.09,,,0.043,0.0034012794494628906,1789511613.8918765,132.70292282140872,1.0303541082904946,,-96.36595,-0.0,0.0,-0.0022907446432425577,-0.00045814892864851157,0.0022907446432425577,0.006544984694978736,low-motion,567.272424697876,626,1088.4792937800974,0,False,0,145447,131094,0.0,0.0,11.44101,10,1.01,False,"[{""service_id"":""local_1s_tight"",""label"":""Immediate motion"",""family"":""local_relative_motion"",""horizon_s"":1.0,""position_tolerance_m"":0.1,""heading_tolerance_deg"":2.0,""maximum_aoi_s"":0.6,""position_error_m"":null,""heading_error_deg"":null,""aoi_s"":0.0034012794494628906,""position_margin_m"":null,""heading_margin_deg"":null,""freshness_margin_s"":null,""normalized_margin"":null,""observable"":false,""raw_pass"":false,""reason"":""GPS course unobservable at low speed"",""status"":""unobservable"",""observed_evaluations"":6,""satisfaction_fraction"":0.16666666666666666},{""service_id"":""local_5s_moderate"",""label"":""Short prediction"",""family"":""local_relative_motion"",""horizon_s"":5.0,""position_tolerance_m"":0.2,""heading_tolerance_deg"":5.0,""maximum_aoi_s"":1.0,""position_error_m"":null,""heading_error_deg"":null,""aoi_s"":0.0034012794494628906,""position_margin_m"":null,""heading_margin_deg"":null,""freshness_margin_s"":null,""normalized_margin"":null,""observable"":false,""raw_pass"":false,""reason"":""GPS course unobservable at low speed"",""status"":""unobservable"",""observed_evaluations"":0,""satisfaction_fraction"":null},{""service_id"":""local_10s_preview"",""label"":""Planning support"",""family"":""local_relative_motion"",""horizon_s"":10.0,""position_tolerance_m"":0.5,""heading_tolerance_deg"":10.0,""maximum_aoi_s"":1.5,""position_error_m"":null,""heading_error_deg"":null,""aoi_s"":0.0034012794494628906,""position_margin_m"":null,""heading_margin_deg"":null,""freshness_margin_s"":null,""normalized_margin"":null,""observable"":false,""raw_pass"":false,""reason"":""GPS course unobservable at low speed"",""status"":""unobservable"",""observed_evaluations"":3,""satisfaction_fraction"":0.0},{""service_id"":""global_state_tracking"",""label"":""Global asset tracking"",""family"":""global_synchronization"",""horizon_s"":0.0,""position_tolerance_m"":1.0,""heading_tolerance_deg"":5.0,""maximum_aoi_s"":1.0,""position_error_m"":1.0303541082904946,""heading_error_deg"":null,""aoi_s"":0.0034012794494628906,""position_margin_m"":-0.030354108290494564,""heading_margin_deg"":null,""freshness_margin_s"":0.9965987205505371,""normalized_margin"":-0.030354108290494564,""observable"":true,""raw_pass"":false,""reason"":""position tolerance"",""status"":""withdrawn"",""observed_evaluations"":73,""satisfaction_fraction"":0.0}]",high,10.0,0.24510000366717577
78.77899999999954,5669.798,1789517283.8265038,3634,-0.03564267620973488,0.6939136203290449,-2.83978155704072,0.2950832847654998,1.6697923616381458,True,0.185199998,121.09,,,0.027,0.136627197265625,1789511613.8918765,133.22596550005983,1.030397485925712,,-105.4392,0.0001275662234338495,-0.012077275591370366,-0.025198191075668133,-0.01470145868822992,0.013120915484297767,0.03748832995513648,low-motion,694.929838180542,648,1092.0523794277647,0,False,0,145442,131098,0.018812544,-0.018810192,11.44101,10,1.01,False,"[{""service_id"":""local_1s_tight"",""label"":""Immediate motion"",""family"":""local_relative_motion"",""horizon_s"":1.0,""position_tolerance_m"":0.1,""heading_tolerance_deg"":2.0,""maximum_aoi_s"":0.6,""position_error_m"":null,""heading_error_deg"":null,""aoi_s"":0.136627197265625,""position_margin_m"":null,""heading_margin_deg"":null,""freshness_margin_s"":null,""normalized_margin"":null,""observable"":false,""raw_pass"":false,""reason"":""GPS course unobservable at low speed"",""status"":""unobservable"",""observed_evaluations"":6,""satisfaction_fraction"":0.16666666666666666},{""service_id"":""local_5s_moderate"",""label"":""Short prediction"",""family"":""local_relative_motion"",""horizon_s"":5.0,""position_tolerance_m"":0.2,""heading_tolerance_deg"":5.0,""maximum_aoi_s"":1.0,""position_error_m"":null,""heading_error_deg"":null,""aoi_s"":0.136627197265625,""position_margin_m"":null,""heading_margin_deg"":null,""freshness_margin_s"":null,""normalized_margin"":null,""observable"":false,""raw_pass"":false,""reason"":""GPS course unobservable at low speed"",""status"":""unobservable"",""observed_evaluations"":0,""satisfaction_fraction"":null},{""service_id"":""local_10s_preview"",""label"":""Planning support"",""family"":""local_relative_motion"",""horizon_s"":10.0,""position_tolerance_m"":0.5,""heading_tolerance_deg"":10.0,""maximum_aoi_s"":1.5,""position_error_m"":null,""heading_error_deg"":null,""aoi_s"":0.136627197265625,""position_margin_m"":null,""heading_margin_deg"":null,""freshness_margin_s"":null,""normalized_margin"":null,""observable"":false,""raw_pass"":false,""reason"":""GPS course unobservable at low speed"",""status"":""unobservable"",""observed_evaluations"":3,""satisfaction_fraction"":0.0},{""service_id"":""global_state_tracking"",""label"":""Global asset tracking"",""family"":""global_synchronization"",""horizon_s"":0.0,""position_tolerance_m"":1.0,""heading_tolerance_deg"":5.0,""maximum_aoi_s"":1.0,""position_error_m"":1.030397485925712,""heading_error_deg"":null,""aoi_s"":0.136627197265625,""position_margin_m"":-0.030397485925711898,""heading_margin_deg"":null,""freshness_margin_s"":0.863372802734375,""normalized_margin"":-0.030397485925711898,""observable"":true,""raw_pass"":false,""reason"":""position tolerance"",""status"":""withdrawn"",""observed_evaluations"":74,""satisfaction_fraction"":0.0}]",high,10.0,0.47450000420212746
79.5059999999994,5670.525,1789517284.5559874,3635,-0.0379084358196236,0.6937217642225665,3.0087311026856165,0.2950832847654998,1.6697923616381458,True,0.185199998,121.09,,,0.046,0.13911080360412598,1789511613.8918765,2.483604431290587,1.0313085363350034,,-125.3536,0.0031277413104650355,-0.5550876818301077,-0.7691447847382511,-0.5978991024117364,0.2140571029081434,0.6115917225946954,turning,703.5679817199707,647,1091.040451401082,0,False,0,145165,131344,0.081485364,-0.06123839,11.44101,10,1.01,False,"[{""service_id"":""local_1s_tight"",""label"":""Immediate motion"",""family"":""local_relative_motion"",""horizon_s"":1.0,""position_tolerance_m"":0.1,""heading_tolerance_deg"":2.0,""maximum_aoi_s"":0.6,""position_error_m"":null,""heading_error_deg"":null,""aoi_s"":0.13911080360412598,""position_margin_m"":null,""heading_margin_deg"":null,""freshness_margin_s"":null,""normalized_margin"":null,""observable"":false,""raw_pass"":false,""reason"":""GPS course unobservable at low speed"",""status"":""unobservable"",""observed_evaluations"":6,""satisfaction_fraction"":0.16666666666666666},{""service_id"":""local_5s_moderate"",""label"":""Short prediction"",""family"":""local_relative_motion"",""horizon_s"":5.0,""position_tolerance_m"":0.2,""heading_tolerance_deg"":5.0,""maximum_aoi_s"":1.0,""position_error_m"":null,""heading_error_deg"":null,""aoi_s"":0.13911080360412598,""position_margin_m"":null,""heading_margin_deg"":null,""freshness_margin_s"":null,""normalized_margin"":null,""observable"":false,""raw_pass"":false,""reason"":""GPS course unobservable at low speed"",""status"":""unobservable"",""observed_evaluations"":0,""satisfaction_fraction"":null},{""service_id"":""local_10s_preview"",""label"":""Planning support"",""family"":""local_relative_motion"",""horizon_s"":10.0,""position_tolerance_m"":0.5,""heading_tolerance_deg"":10.0,""maximum_aoi_s"":1.5,""position_error_m"":null,""heading_error_deg"":null,""aoi_s"":0.13911080360412598,""position_margin_m"":null,""heading_margin_deg"":null,""freshness_margin_s"":null,""normalized_margin"":null,""observable"":false,""raw_pass"":false,""reason"":""GPS course unobservable at low speed"",""status"":""unobservable"",""observed_evaluations"":3,""satisfaction_fraction"":0.0},{""service_id"":""global_state_tracking"",""label"":""Global asset tracking"",""family"":""global_synchronization"",""horizon_s"":0.0,""position_tolerance_m"":1.0,""heading_tolerance_deg"":5.0,""maximum_aoi_s"":1.0,""position_error_m"":1.0313085363350034,""heading_error_deg"":null,""aoi_s"":0.13911080360412598,""position_margin_m"":-0.03130853633500341,""heading_margin_deg"":null,""freshness_margin_s"":0.860889196395874,""normalized_margin"":-0.03130853633500341,""observable"":true,""raw_pass"":false,""reason"":""position tolerance"",""status"":""withdrawn"",""observed_evaluations"":75,""satisfaction_fraction"":0.0}]",high,10.0,0.15979999443516135
80.21999999999935,5671.239,1789517285.3121476,3636,-0.039339475004466114,0.6944675494563384,2.3136069397924404,0.14798471072958266,1.854582716616124,True,0.102888888,121.09,,,0.028,0.18127107620239258,1789511613.8918765,42.16025924688438,1.1751415028136405,,-138.6456,0.0022601018577560463,-0.9466734695567735,-1.0811223885322376,-0.9735632533518663,0.13444891897546418,0.38413976850132625,turning,748.2473850250244,649,1054.5689452916233,0,False,0,144716,131771,0.102299922,-0.102439219,11.44101,10,1.01,False,"[{""service_id"":""local_1s_tight"",""label"":""Immediate motion"",""family"":""local_relative_motion"",""horizon_s"":1.0,""position_tolerance_m"":0.1,""heading_tolerance_deg"":2.0,""maximum_aoi_s"":0.6,""position_error_m"":null,""heading_error_deg"":null,""aoi_s"":0.18127107620239258,""position_margin_m"":null,""heading_margin_deg"":null,""freshness_margin_s"":null,""normalized_margin"":null,""observable"":false,""raw_pass"":false,""reason"":""GPS course unobservable at low speed"",""status"":""unobservable"",""observed_evaluations"":6,""satisfaction_fraction"":0.16666666666666666},{""service_id"":""local_5s_moderate"",""label"":""Short prediction"",""family"":""local_relative_motion"",""horizon_s"":5.0,""position_tolerance_m"":0.2,""heading_tolerance_deg"":5.0,""maximum_aoi_s"":1.0,""position_error_m"":null,""heading_error_deg"":null,""aoi_s"":0.18127107620239258,""position_margin_m"":null,""heading_margin_deg"":null,""freshness_margin_s"":null,""normalized_margin"":null,""observable"":false,""raw_pass"":false,""reason"":""GPS course unobservable at low speed"",""status"":""unobservable"",""observed_evaluations"":0,""satisfaction_fraction"":null},{""service_id"":""local_10s_preview"",""label"":""Planning support"",""family"":""local_relative_motion"",""horizon_s"":10.0,""position_tolerance_m"":0.5,""heading_tolerance_deg"":10.0,""maximum_aoi_s"":1.5,""position_error_m"":null,""heading_error_deg"":null,""aoi_s"":0.18127107620239258,""position_margin_m"":null,""heading_margin_deg"":null,""freshness_margin_s"":null,""normalized_margin"":null,""observable"":false,""raw_pass"":false,""reason"":""GPS course unobservable at low speed"",""status"":""unobservable"",""observed_evaluations"":3,""satisfaction_fraction"":0.0},{""service_id"":""global_state_tracking"",""label"":""Global asset tracking"",""family"":""global_synchronization"",""horizon_s"":0.0,""position_tolerance_m"":1.0,""heading_tolerance_deg"":5.0,""maximum_aoi_s"":1.0,""position_error_m"":1.1751415028136405,""heading_error_deg"":null,""aoi_s"":0.18127107620239258,""position_margin_m"":-0.1751415028136405,""heading_margin_deg"":null,""freshness_margin_s"":0.8187289237976074,""normalized_margin"":-0.1751415028136405,""observable"":true,""raw_pass"":false,""reason"":""position tolerance"",""status"":""withdrawn"",""observed_evaluations"":76,""satisfaction_fraction"":0.0}]",high,10.0,0.4146000137552619
81.02399999999943,5672.043,1789517286.0696967,3637,-0.03990277606934191,0.6965947467994618,1.3457202795225962,0.14798471072958266,1.854582716616124,True,0.097744444,121.09,,,0.123,0.13482022285461426,1789511613.8918765,46.45095252999454,1.1731316404972338,,173.8686,0.002736961883374344,-1.195793822199229,-1.236020359646734,-1.20383912968873,0.04022653744750504,0.11493296413572869,turning,734.299898147583,645,1050.7777008655462,0,False,0,144078,132379,0.112875263,-0.112861151,11.44101,10,1.01,False,"[{""service_id"":""local_1s_tight"",""label"":""Immediate motion"",""family"":""local_relative_motion"",""horizon_s"":1.0,""position_tolerance_m"":0.1,""heading_tolerance_deg"":2.0,""maximum_aoi_s"":0.6,""position_error_m"":null,""heading_error_deg"":null,""aoi_s"":0.13482022285461426,""position_margin_m"":null,""heading_margin_deg"":null,""freshness_margin_s"":null,""normalized_margin"":null,""observable"":false,""raw_pass"":false,""reason"":""GPS course unobservable at low speed"",""status"":""unobservable"",""observed_evaluations"":6,""satisfaction_fraction"":0.16666666666666666},{""service_id"":""local_5s_moderate"",""label"":""Short prediction"",""family"":""local_relative_motion"",""horizon_s"":5.0,""position_tolerance_m"":0.2,""heading_tolerance_deg"":5.0,""maximum_aoi_s"":1.0,""position_error_m"":null,""heading_error_deg"":null,""aoi_s"":0.13482022285461426,""position_margin_m"":null,""heading_margin_deg"":null,""freshness_margin_s"":null,""normalized_margin"":null,""observable"":false,""raw_pass"":false,""reason"":""GPS course unobservable at low speed"",""status"":""unobservable"",""observed_evaluations"":0,""satisfaction_fraction"":null},{""service_id"":""local_10s_preview"",""label"":""Planning support"",""family"":""local_relative_motion"",""horizon_s"":10.0,""position_tolerance_m"":0.5,""heading_tolerance_deg"":10.0,""maximum_aoi_s"":1.5,""position_error_m"":null,""heading_error_deg"":null,""aoi_s"":0.13482022285461426,""position_margin_m"":null,""heading_margin_deg"":null,""freshness_margin_s"":null,""normalized_margin"":null,""observable"":false,""raw_pass"":false,""reason"":""GPS course unobservable at low speed"",""status"":""unobservable"",""observed_evaluations"":3,""satisfaction_fraction"":0.0},{""service_id"":""global_state_tracking"",""label"":""Global asset tracking"",""family"":""global_synchronization"",""horizon_s"":0.0,""position_tolerance_m"":1.0,""heading_tolerance_deg"":5.0,""maximum_aoi_s"":1.0,""position_error_m"":1.1731316404972338,""heading_error_deg"":null,""aoi_s"":0.13482022285461426,""position_margin_m"":-0.17313164049723384,""heading_margin_deg"":null,""freshness_margin_s"":0.8651797771453857,""normalized_margin"":-0.17313164049723384,""observable"":true,""raw_pass"":false,""reason"":""position tolerance"",""status"":""withdrawn"",""observed_evaluations"":77,""satisfaction_fraction"":0.0}]",high,10.0,0.3412999794818461
81.74200000000019,5672.761,1789517286.7929254,3638,-0.039504337627009556,0.6974610716530474,0.9337301629703418,0.14798471072958266,1.854582716616124,True,0.056588888,121.09,,,0.034,0.14004898071289062,1789511613.8918765,5.228693007666152,1.1722127129901454,,174.5894,0.0013280745406221695,-0.6157784548841378,-0.40589813416693127,-0.5738023907406966,0.20988032071720658,0.5996580591920189,turning,705.7173252105713,646,1026.35780488777,0,False,0,143785,132659,0.061304927,-0.040770282,11.44101,10,1.01,False,"[{""service_id"":""local_1s_tight"",""label"":""Immediate motion"",""family"":""local_relative_motion"",""horizon_s"":1.0,""position_tolerance_m"":0.1,""heading_tolerance_deg"":2.0,""maximum_aoi_s"":0.6,""position_error_m"":null,""heading_error_deg"":null,""aoi_s"":0.14004898071289062,""position_margin_m"":null,""heading_margin_deg"":null,""freshness_margin_s"":null,""normalized_margin"":null,""observable"":false,""raw_pass"":false,""reason"":""GPS course unobservable at low speed"",""status"":""unobservable"",""observed_evaluations"":6,""satisfaction_fraction"":0.16666666666666666},{""service_id"":""local_5s_moderate"",""label"":""Short prediction"",""family"":""local_relative_motion"",""horizon_s"":5.0,""position_tolerance_m"":0.2,""heading_tolerance_deg"":5.0,""maximum_aoi_s"":1.0,""position_error_m"":null,""heading_error_deg"":null,""aoi_s"":0.14004898071289062,""position_margin_m"":null,""heading_margin_deg"":null,""freshness_margin_s"":null,""normalized_margin"":null,""observable"":false,""raw_pass"":false,""reason"":""GPS course unobservable at low speed"",""status"":""unobservable"",""observed_evaluations"":0,""satisfaction_fraction"":null},{""service_id"":""local_10s_preview"",""label"":""Planning support"",""family"":""local_relative_motion"",""horizon_s"":10.0,""position_tolerance_m"":0.5,""heading_tolerance_deg"":10.0,""maximum_aoi_s"":1.5,""position_error_m"":null,""heading_error_deg"":null,""aoi_s"":0.14004898071289062,""position_margin_m"":null,""heading_margin_deg"":null,""freshness_margin_s"":null,""normalized_margin"":null,""observable"":false,""raw_pass"":false,""reason"":""GPS course unobservable at low speed"",""status"":""unobservable"",""observed_evaluations"":3,""satisfaction_fraction"":0.0},{""service_id"":""global_state_tracking"",""label"":""Global asset tracking"",""family"":""global_synchronization"",""horizon_s"":0.0,""position_tolerance_m"":1.0,""heading_tolerance_deg"":5.0,""maximum_aoi_s"":1.0,""position_error_m"":1.1722127129901454,""heading_error_deg"":null,""aoi_s"":0.14004898071289062,""position_margin_m"":-0.1722127129901454,""heading_margin_deg"":null,""freshness_margin_s"":0.8599510192871094,""normalized_margin"":-0.1722127129901454,""observable"":true,""raw_pass"":false,""reason"":""position tolerance"",""status"":""withdrawn"",""observed_evaluations"":78,""satisfaction_fraction"":0.0}]",high,10.0,0.3171000280417502
82.47400000000016,5673.493,1789517287.4639084,3639,-0.0388662968497251,0.6981697153652121,0.7418247099563837,0.14798471072958266,1.854582716616124,True,0.08231111,121.09,,,0.048,0.07903194427490234,1789511613.8918765,61.01692390438984,1.1714112550661038,,-176.5103,0.0013026742078794565,-0.27722920481245883,-0.20191277784009398,-0.2621659194179859,0.07531642697236485,0.21518979134961386,low-motion,652.2583961486816,635,1037.4797460500783,0,False,0,143647,132784,0.021516191,0.0,11.44101,10,1.01,False,"[{""service_id"":""local_1s_tight"",""label"":""Immediate motion"",""family"":""local_relative_motion"",""horizon_s"":1.0,""position_tolerance_m"":0.1,""heading_tolerance_deg"":2.0,""maximum_aoi_s"":0.6,""position_error_m"":null,""heading_error_deg"":null,""aoi_s"":0.07903194427490234,""position_margin_m"":null,""heading_margin_deg"":null,""freshness_margin_s"":null,""normalized_margin"":null,""observable"":false,""raw_pass"":false,""reason"":""GPS course unobservable at low speed"",""status"":""unobservable"",""observed_evaluations"":6,""satisfaction_fraction"":0.16666666666666666},{""service_id"":""local_5s_moderate"",""label"":""Short prediction"",""family"":""local_relative_motion"",""horizon_s"":5.0,""position_tolerance_m"":0.2,""heading_tolerance_deg"":5.0,""maximum_aoi_s"":1.0,""position_error_m"":null,""heading_error_deg"":null,""aoi_s"":0.07903194427490234,""position_margin_m"":null,""heading_margin_deg"":null,""freshness_margin_s"":null,""normalized_margin"":null,""observable"":false,""raw_pass"":false,""reason"":""GPS course unobservable at low speed"",""status"":""unobservable"",""observed_evaluations"":0,""satisfaction_fraction"":null},{""service_id"":""local_10s_preview"",""label"":""Planning support"",""family"":""local_relative_motion"",""horizon_s"":10.0,""position_tolerance_m"":0.5,""heading_tolerance_deg"":10.0,""maximum_aoi_s"":1.5,""position_error_m"":null,""heading_error_deg"":null,""aoi_s"":0.07903194427490234,""position_margin_m"":null,""heading_margin_deg"":null,""freshness_margin_s"":null,""normalized_margin"":null,""observable"":false,""raw_pass"":false,""reason"":""GPS course unobservable at low speed"",""status"":""unobservable"",""observed_evaluations"":3,""satisfaction_fraction"":0.0},{""service_id"":""global_state_tracking"",""label"":""Global asset tracking"",""family"":""global_synchronization"",""horizon_s"":0.0,""position_tolerance_m"":1.0,""heading_tolerance_deg"":5.0,""maximum_aoi_s"":1.0,""position_error_m"":1.1714112550661038,""heading_error_deg"":null,""aoi_s"":0.07903194427490234,""position_margin_m"":-0.17141125506610377,""heading_margin_deg"":null,""freshness_margin_s"":0.9209680557250977,""normalized_margin"":-0.17141125506610377,""observable"":true,""raw_pass"":false,""reason"":""position tolerance"",""status"":""withdrawn"",""observed_evaluations"":79,""satisfaction_fraction"":0.0}]",high,10.0,0.4980000085197389
83.15399999999954,5674.173,1789517288.0701644,3640,-0.03690021009681343,0.6999324919312778,0.7200327465288856,0.14798471072958266,1.6697923616381458,True,0.08231111,121.09,,,0.074,0.005287885665893555,1789511613.8918765,73.74399185118818,0.9873249722440964,,-144.0401,0.0038832659192386044,-0.04084960861789459,0.0031634092692397224,-0.03204700504046773,0.04401301788713431,0.12575147967752662,low-motion,582.1657180786133,622,1033.545466144509,0,False,0,143611,132784,0.0,0.0,11.44101,10,1.01,False,"[{""service_id"":""local_1s_tight"",""label"":""Immediate motion"",""family"":""local_relative_motion"",""horizon_s"":1.0,""position_tolerance_m"":0.1,""heading_tolerance_deg"":2.0,""maximum_aoi_s"":0.6,""position_error_m"":null,""heading_error_deg"":null,""aoi_s"":0.005287885665893555,""position_margin_m"":null,""heading_margin_deg"":null,""freshness_margin_s"":null,""normalized_margin"":null,""observable"":false,""raw_pass"":false,""reason"":""GPS course unobservable at low speed"",""status"":""unobservable"",""observed_evaluations"":6,""satisfaction_fraction"":0.16666666666666666},{""service_id"":""local_5s_moderate"",""label"":""Short prediction"",""family"":""local_relative_motion"",""horizon_s"":5.0,""position_tolerance_m"":0.2,""heading_tolerance_deg"":5.0,""maximum_aoi_s"":1.0,""position_error_m"":null,""heading_error_deg"":null,""aoi_s"":0.005287885665893555,""position_margin_m"":null,""heading_margin_deg"":null,""freshness_margin_s"":null,""normalized_margin"":null,""observable"":false,""raw_pass"":false,""reason"":""GPS course unobservable at low speed"",""status"":""unobservable"",""observed_evaluations"":0,""satisfaction_fraction"":null},{""service_id"":""local_10s_preview"",""label"":""Planning support"",""family"":""local_relative_motion"",""horizon_s"":10.0,""position_tolerance_m"":0.5,""heading_tolerance_deg"":10.0,""maximum_aoi_s"":1.5,""position_error_m"":null,""heading_error_deg"":null,""aoi_s"":0.005287885665893555,""position_margin_m"":null,""heading_margin_deg"":null,""freshness_margin_s"":null,""normalized_margin"":null,""observable"":false,""raw_pass"":false,""reason"":""GPS course unobservable at low speed"",""status"":""unobservable"",""observed_evaluations"":3,""satisfaction_fraction"":0.0},{""service_id"":""global_state_tracking"",""label"":""Global asset tracking"",""family"":""global_synchronization"",""horizon_s"":0.0,""position_tolerance_m"":1.0,""heading_tolerance_deg"":5.0,""maximum_aoi_s"":1.0,""position_error_m"":0.9873249722440964,""heading_error_deg"":null,""aoi_s"":0.005287885665893555,""position_margin_m"":0.012675027755903567,""heading_margin_deg"":null,""freshness_margin_s"":0.9947121143341064,""normalized_margin"":null,""observable"":false,""raw_pass"":false,""reason"":""GPS course unobservable at low speed"",""status"":""unobservable"",""observed_evaluations"":79,""satisfaction_fraction"":0.0}]",high,10.0,0.2772000152617693
83.73799999999937,5674.757,1789517288.7882798,3641,-0.03690021009681343,0.6999324919312778,0.7205296417669285,0.14798471072958266,1.6697923616381458,True,0.097744444,121.09,,,0.036,0.1394033432006836,1789511613.8918765,134.115329742599,0.9873249722440964,,-135.0571,-0.0,0.0,0.004254240051736178,0.0008508480103472356,0.004254240051736178,0.012154971576389081,low-motion,704.9345970153809,623,1030.8808743677741,0,False,0,143611,132784,0.0,0.0,11.44101,10,1.01,False,"[{""service_id"":""local_1s_tight"",""label"":""Immediate motion"",""family"":""local_relative_motion"",""horizon_s"":1.0,""position_tolerance_m"":0.1,""heading_tolerance_deg"":2.0,""maximum_aoi_s"":0.6,""position_error_m"":null,""heading_error_deg"":null,""aoi_s"":0.1394033432006836,""position_margin_m"":null,""heading_margin_deg"":null,""freshness_margin_s"":null,""normalized_margin"":null,""observable"":false,""raw_pass"":false,""reason"":""GPS course unobservable at low speed"",""status"":""unobservable"",""observed_evaluations"":6,""satisfaction_fraction"":0.16666666666666666},{""service_id"":""local_5s_moderate"",""label"":""Short prediction"",""family"":""local_relative_motion"",""horizon_s"":5.0,""position_tolerance_m"":0.2,""heading_tolerance_deg"":5.0,""maximum_aoi_s"":1.0,""position_error_m"":null,""heading_error_deg"":null,""aoi_s"":0.1394033432006836,""position_margin_m"":null,""heading_margin_deg"":null,""freshness_margin_s"":null,""normalized_margin"":null,""observable"":false,""raw_pass"":false,""reason"":""GPS course unobservable at low speed"",""status"":""unobservable"",""observed_evaluations"":0,""satisfaction_fraction"":null},{""service_id"":""local_10s_preview"",""label"":""Planning support"",""family"":""local_relative_motion"",""horizon_s"":10.0,""position_tolerance_m"":0.5,""heading_tolerance_deg"":10.0,""maximum_aoi_s"":1.5,""position_error_m"":null,""heading_error_deg"":null,""aoi_s"":0.1394033432006836,""position_margin_m"":null,""heading_margin_deg"":null,""freshness_margin_s"":null,""normalized_margin"":null,""observable"":false,""raw_pass"":false,""reason"":""GPS course unobservable at low speed"",""status"":""unobservable"",""observed_evaluations"":3,""satisfaction_fraction"":0.0},{""service_id"":""global_state_tracking"",""label"":""Global asset tracking"",""family"":""global_synchronization"",""horizon_s"":0.0,""position_tolerance_m"":1.0,""heading_tolerance_deg"":5.0,""maximum_aoi_s"":1.0,""position_error_m"":0.9873249722440964,""heading_error_deg"":null,""aoi_s"":0.1394033432006836,""position_margin_m"":0.012675027755903567,""heading_margin_deg"":null,""freshness_margin_s"":0.8605966567993164,""normalized_margin"":null,""observable"":false,""raw_pass"":false,""reason"":""GPS course unobservable at low speed"",""status"":""unobservable"",""observed_evaluations"":79,""satisfaction_fraction"":0.0}]",high,10.0,0.1792000257410109
84.45799999999963,5675.477,1789517289.3689246,3642,-0.03690021009681343,0.6999324919312778,0.7203568541709808,0.14798471072958266,1.6697923616381458,True,0.097744444,121.09,,,0.04,4.8160552978515625e-05,1789511613.8918765,139.35515403773024,0.9873249722440964,,-126.772,-0.0,0.0,-0.0011999138607461017,-0.00023998277214922034,0.0011999138607461017,0.0034283253164174338,low-motion,555.1083087921143,624,1057.7740214184214,0,False,0,143611,132784,0.0,0.0,11.44101,10,1.01,False,"[{""service_id"":""local_1s_tight"",""label"":""Immediate motion"",""family"":""local_relative_motion"",""horizon_s"":1.0,""position_tolerance_m"":0.1,""heading_tolerance_deg"":2.0,""maximum_aoi_s"":0.6,""position_error_m"":null,""heading_error_deg"":null,""aoi_s"":4.8160552978515625e-05,""position_margin_m"":null,""heading_margin_deg"":null,""freshness_margin_s"":null,""normalized_margin"":null,""observable"":false,""raw_pass"":false,""reason"":""GPS course unobservable at low speed"",""status"":""unobservable"",""observed_evaluations"":6,""satisfaction_fraction"":0.16666666666666666},{""service_id"":""local_5s_moderate"",""label"":""Short prediction"",""family"":""local_relative_motion"",""horizon_s"":5.0,""position_tolerance_m"":0.2,""heading_tolerance_deg"":5.0,""maximum_aoi_s"":1.0,""position_error_m"":null,""heading_error_deg"":null,""aoi_s"":4.8160552978515625e-05,""position_margin_m"":null,""heading_margin_deg"":null,""freshness_margin_s"":null,""normalized_margin"":null,""observable"":false,""raw_pass"":false,""reason"":""GPS course unobservable at low speed"",""status"":""unobservable"",""observed_evaluations"":0,""satisfaction_fraction"":null},{""service_id"":""local_10s_preview"",""label"":""Planning support"",""family"":""local_relative_motion"",""horizon_s"":10.0,""position_tolerance_m"":0.5,""heading_tolerance_deg"":10.0,""maximum_aoi_s"":1.5,""position_error_m"":null,""heading_error_deg"":null,""aoi_s"":4.8160552978515625e-05,""position_margin_m"":null,""heading_margin_deg"":null,""freshness_margin_s"":null,""normalized_margin"":null,""observable"":false,""raw_pass"":false,""reason"":""GPS course unobservable at low speed"",""status"":""unobservable"",""observed_evaluations"":3,""satisfaction_fraction"":0.0},{""service_id"":""global_state_tracking"",""label"":""Global asset tracking"",""family"":""global_synchronization"",""horizon_s"":0.0,""position_tolerance_m"":1.0,""heading_tolerance_deg"":5.0,""maximum_aoi_s"":1.0,""position_error_m"":0.9873249722440964,""heading_error_deg"":null,""aoi_s"":4.8160552978515625e-05,""position_margin_m"":0.012675027755903567,""heading_margin_deg"":null,""freshness_margin_s"":0.9999518394470215,""normalized_margin"":null,""observable"":false,""raw_pass"":false,""reason"":""GPS course unobservable at low speed"",""status"":""unobservable"",""observed_evaluations"":79,""satisfaction_fraction"":0.0}]",high,10.0,0.13139995280653238
85.01999999999953,5676.039,1789517290.068005,3643,-0.03690021009681343,0.6999324919312778,0.7202219838530333,0.14798471072958266,1.6697923616381458,True,0.087455555,121.09,,,0.012,0.13712859153747559,1789511613.8918765,137.08046722422296,0.9873249722440964,,-123.8334,-0.0,0.0,-0.0011999138607461017,-0.00023998277214922034,0.0011999138607461017,0.0034283253164174338,low-motion,691.6735172271729,626,1066.0538156337493,0,False,0,143611,132784,0.0,0.0,11.44101,10,1.01,False,"[{""service_id"":""local_1s_tight"",""label"":""Immediate motion"",""family"":""local_relative_motion"",""horizon_s"":1.0,""position_tolerance_m"":0.1,""heading_tolerance_deg"":2.0,""maximum_aoi_s"":0.6,""position_error_m"":null,""heading_error_deg"":null,""aoi_s"":0.13712859153747559,""position_margin_m"":null,""heading_margin_deg"":null,""freshness_margin_s"":null,""normalized_margin"":null,""observable"":false,""raw_pass"":false,""reason"":""GPS course unobservable at low speed"",""status"":""unobservable"",""observed_evaluations"":6,""satisfaction_fraction"":0.16666666666666666},{""service_id"":""local_5s_moderate"",""label"":""Short prediction"",""family"":""local_relative_motion"",""horizon_s"":5.0,""position_tolerance_m"":0.2,""heading_tolerance_deg"":5.0,""maximum_aoi_s"":1.0,""position_error_m"":null,""heading_error_deg"":null,""aoi_s"":0.13712859153747559,""position_margin_m"":null,""heading_margin_deg"":null,""freshness_margin_s"":null,""normalized_margin"":null,""observable"":false,""raw_pass"":false,""reason"":""GPS course unobservable at low speed"",""status"":""unobservable"",""observed_evaluations"":0,""satisfaction_fraction"":null},{""service_id"":""local_10s_preview"",""label"":""Planning support"",""family"":""local_relative_motion"",""horizon_s"":10.0,""position_tolerance_m"":0.5,""heading_tolerance_deg"":10.0,""maximum_aoi_s"":1.5,""position_error_m"":null,""heading_error_deg"":null,""aoi_s"":0.13712859153747559,""position_margin_m"":null,""heading_margin_deg"":null,""freshness_margin_s"":null,""normalized_margin"":null,""observable"":false,""raw_pass"":false,""reason"":""GPS course unobservable at low speed"",""status"":""unobservable"",""observed_evaluations"":3,""satisfaction_fraction"":0.0},{""service_id"":""global_state_tracking"",""label"":""Global asset tracking"",""family"":""global_synchronization"",""horizon_s"":0.0,""position_tolerance_m"":1.0,""heading_tolerance_deg"":5.0,""maximum_aoi_s"":1.0,""position_error_m"":0.9873249722440964,""heading_error_deg"":null,""aoi_s"":0.13712859153747559,""position_margin_m"":0.012675027755903567,""heading_margin_deg"":null,""freshness_margin_s"":0.8628714084625244,""normalized_margin"":null,""observable"":false,""raw_pass"":false,""reason"":""GPS course unobservable at low speed"",""status"":""unobservable"",""observed_evaluations"":79,""satisfaction_fraction"":0.0}]",high,10.0,0.14579994603991508
85.73199999999997,5676.751,1789517290.7881088,3644,-0.03690021009681343,0.6999324919312778,0.7206724533329734,0.2950832847654998,1.2979852624730845,True,0.195488887,121.09,,,0.011,0.1452324390411377,1789511613.8918765,8.103740691694838,0.6840176585540219,,-120.8038,-0.0,0.0,0.0031634092692397224,0.0006326818538479446,0.0031634092692397224,0.009038312197827778,low-motion,709.2113494873047,623,1069.0036876868166,0,False,0,143611,132784,0.0,0.0,11.4246,10,1.01,False,"[{""service_id"":""local_1s_tight"",""label"":""Immediate motion"",""family"":""local_relative_motion"",""horizon_s"":1.0,""position_tolerance_m"":0.1,""heading_tolerance_deg"":2.0,""maximum_aoi_s"":0.6,""position_error_m"":null,""heading_error_deg"":null,""aoi_s"":0.1452324390411377,""position_margin_m"":null,""heading_margin_deg"":null,""freshness_margin_s"":null,""normalized_margin"":null,""observable"":false,""raw_pass"":false,""reason"":""GPS course unobservable at low speed"",""status"":""unobservable"",""observed_evaluations"":6,""satisfaction_fraction"":0.16666666666666666},{""service_id"":""local_5s_moderate"",""label"":""Short prediction"",""family"":""local_relative_motion"",""horizon_s"":5.0,""position_tolerance_m"":0.2,""heading_tolerance_deg"":5.0,""maximum_aoi_s"":1.0,""position_error_m"":null,""heading_error_deg"":null,""aoi_s"":0.1452324390411377,""position_margin_m"":null,""heading_margin_deg"":null,""freshness_margin_s"":null,""normalized_margin"":null,""observable"":false,""raw_pass"":false,""reason"":""GPS course unobservable at low speed"",""status"":""unobservable"",""observed_evaluations"":0,""satisfaction_fraction"":null},{""service_id"":""local_10s_preview"",""label"":""Planning support"",""family"":""local_relative_motion"",""horizon_s"":10.0,""position_tolerance_m"":0.5,""heading_tolerance_deg"":10.0,""maximum_aoi_s"":1.5,""position_error_m"":null,""heading_error_deg"":null,""aoi_s"":0.1452324390411377,""position_margin_m"":null,""heading_margin_deg"":null,""freshness_margin_s"":null,""normalized_margin"":null,""observable"":false,""raw_pass"":false,""reason"":""GPS course unobservable at low speed"",""status"":""unobservable"",""observed_evaluations"":3,""satisfaction_fraction"":0.0},{""service_id"":""global_state_tracking"",""label"":""Global asset tracking"",""family"":""global_synchronization"",""horizon_s"":0.0,""position_tolerance_m"":1.0,""heading_tolerance_deg"":5.0,""maximum_aoi_s"":1.0,""position_error_m"":0.6840176585540219,""heading_error_deg"":null,""aoi_s"":0.1452324390411377,""position_margin_m"":0.31598234144597814,""heading_margin_deg"":null,""freshness_margin_s"":0.8547675609588623,""normalized_margin"":null,""observable"":false,""raw_pass"":false,""reason"":""GPS course unobservable at low speed"",""status"":""unobservable"",""observed_evaluations"":79,""satisfaction_fraction"":0.0}]",high,10.0,0.34660001983866096
86.46099999999933,5677.48,1789517291.3735502,3645,-0.03690021009681343,0.6999324919312778,0.7214517646606038,0.14798471072958266,1.4838888124511016,True,0.051444444,121.09,,,0.043,0.0016736984252929688,1789511613.8918765,143.55864906247007,0.8054625667478057,,-114.5868,-0.0,0.0,0.005345070834232635,0.001069014166846527,0.005345070834232635,0.015271630954950386,low-motion,558.3217144012451,616,1094.8288057592406,0,False,0,143611,132784,0.0,0.0,11.4246,9,1.14,False,"[{""service_id"":""local_1s_tight"",""label"":""Immediate motion"",""family"":""local_relative_motion"",""horizon_s"":1.0,""position_tolerance_m"":0.1,""heading_tolerance_deg"":2.0,""maximum_aoi_s"":0.6,""position_error_m"":null,""heading_error_deg"":null,""aoi_s"":0.0016736984252929688,""position_margin_m"":null,""heading_margin_deg"":null,""freshness_margin_s"":null,""normalized_margin"":null,""observable"":false,""raw_pass"":false,""reason"":""GPS course unobservable at low speed"",""status"":""unobservable"",""observed_evaluations"":6,""satisfaction_fraction"":0.16666666666666666},{""service_id"":""local_5s_moderate"",""label"":""Short prediction"",""family"":""local_relative_motion"",""horizon_s"":5.0,""position_tolerance_m"":0.2,""heading_tolerance_deg"":5.0,""maximum_aoi_s"":1.0,""position_error_m"":null,""heading_error_deg"":null,""aoi_s"":0.0016736984252929688,""position_margin_m"":null,""heading_margin_deg"":null,""freshness_margin_s"":null,""normalized_margin"":null,""observable"":false,""raw_pass"":false,""reason"":""GPS course unobservable at low speed"",""status"":""unobservable"",""observed_evaluations"":0,""satisfaction_fraction"":null},{""service_id"":""local_10s_preview"",""label"":""Planning support"",""family"":""local_relative_motion"",""horizon_s"":10.0,""position_tolerance_m"":0.5,""heading_tolerance_deg"":10.0,""maximum_aoi_s"":1.5,""position_error_m"":null,""heading_error_deg"":null,""aoi_s"":0.0016736984252929688,""position_margin_m"":null,""heading_margin_deg"":null,""freshness_margin_s"":null,""normalized_margin"":null,""observable"":false,""raw_pass"":false,""reason"":""GPS course unobservable at low speed"",""status"":""unobservable"",""observed_evaluations"":3,""satisfaction_fraction"":0.0},{""service_id"":""global_state_tracking"",""label"":""Global asset tracking"",""family"":""global_synchronization"",""horizon_s"":0.0,""position_tolerance_m"":1.0,""heading_tolerance_deg"":5.0,""maximum_aoi_s"":1.0,""position_error_m"":0.8054625667478057,""heading_error_deg"":null,""aoi_s"":0.0016736984252929688,""position_margin_m"":0.1945374332521943,""heading_margin_deg"":null,""freshness_margin_s"":0.998326301574707,""normalized_margin"":null,""observable"":false,""raw_pass"":false,""reason"":""GPS course unobservable at low speed"",""status"":""unobservable"",""observed_evaluations"":79,""satisfaction_fraction"":0.0}]",high,10.0,0.4162000259384513
87.07999999999993,5678.099,1789517291.9948373,3646,-0.03690021009681343,0.6999324919312778,0.7211681704737702,0.0,1.4838888124511016,True,0.051444444,121.09,,,0.003,0.003960847854614258,1789511613.8918765,2.2871074670547387,0.7848242720432197,,-105.5485,-0.0,0.0,-0.0022907446432425577,-0.00045814892864851157,0.0022907446432425577,0.006544984694978736,low-motion,572.8476047515869,609,1098.6709711429007,0,False,0,143611,132784,0.0,0.0,11.4246,9,1.14,False,"[{""service_id"":""local_1s_tight"",""label"":""Immediate motion"",""family"":""local_relative_motion"",""horizon_s"":1.0,""position_tolerance_m"":0.1,""heading_tolerance_deg"":2.0,""maximum_aoi_s"":0.6,""position_error_m"":null,""heading_error_deg"":null,""aoi_s"":0.003960847854614258,""position_margin_m"":null,""heading_margin_deg"":null,""freshness_margin_s"":null,""normalized_margin"":null,""observable"":false,""raw_pass"":false,""reason"":""GPS course unobservable at low speed"",""status"":""unobservable"",""observed_evaluations"":6,""satisfaction_fraction"":0.16666666666666666},{""service_id"":""local_5s_moderate"",""label"":""Short prediction"",""family"":""local_relative_motion"",""horizon_s"":5.0,""position_tolerance_m"":0.2,""heading_tolerance_deg"":5.0,""maximum_aoi_s"":1.0,""position_error_m"":null,""heading_error_deg"":null,""aoi_s"":0.003960847854614258,""position_margin_m"":null,""heading_margin_deg"":null,""freshness_margin_s"":null,""normalized_margin"":null,""observable"":false,""raw_pass"":false,""reason"":""GPS course unobservable at low speed"",""status"":""unobservable"",""observed_evaluations"":0,""satisfaction_fraction"":null},{""service_id"":""local_10s_preview"",""label"":""Planning support"",""family"":""local_relative_motion"",""horizon_s"":10.0,""position_tolerance_m"":0.5,""heading_tolerance_deg"":10.0,""maximum_aoi_s"":1.5,""position_error_m"":null,""heading_error_deg"":null,""aoi_s"":0.003960847854614258,""position_margin_m"":null,""heading_margin_deg"":null,""freshness_margin_s"":null,""normalized_margin"":null,""observable"":false,""raw_pass"":false,""reason"":""GPS course unobservable at low speed"",""status"":""unobservable"",""observed_evaluations"":3,""satisfaction_fraction"":0.0},{""service_id"":""global_state_tracking"",""label"":""Global asset tracking"",""family"":""global_synchronization"",""horizon_s"":0.0,""position_tolerance_m"":1.0,""heading_tolerance_deg"":5.0,""maximum_aoi_s"":1.0,""position_error_m"":0.7848242720432197,""heading_error_deg"":null,""aoi_s"":0.003960847854614258,""position_margin_m"":0.2151757279567803,""heading_margin_deg"":null,""freshness_margin_s"":0.9960391521453857,""normalized_margin"":null,""observable"":false,""raw_pass"":false,""reason"":""GPS course unobservable at low speed"",""status"":""unobservable"",""observed_evaluations"":79,""satisfaction_fraction"":0.0}]",high,10.0,0.2620000159367919
