time_s,method,pred_v_T_mps,pred_omega_T_radps,x_T_m,y_T_m,theta_T_rad
0.0,nominal_physics,-0.0086845960468053,-0.000306824889299,0.0,0.0,0.8436911294387738
0.0999999046325683,nominal_physics,0.0024076373390968,-0.0002638358646633,0.00016003783937280764,0.00017987483140076657,0.8436647458774686
0.1999998092651367,nominal_physics,0.0022854201961308,0.0005010837569103,0.00031195629909589904,0.0003506147994827674,0.8437148542053725
0.2999997138977051,nominal_physics,0.0040691839314877,0.0002777777845039,0.0005824314360497337,0.0006546303634741969,0.8437426319573325
0.3999996185302734,nominal_physics,0.003653477783541,0.0005157421044311,0.000825267362607992,0.000927594568691664,0.8437942061185906
0.4999995231628418,nominal_physics,0.0030472269281744,0.0007567471294609,0.0010277958351581826,0.0011552740807604313,0.8438698807593674
0.5999994277954102,nominal_physics,0.0039613950066268,-0.0003351741958742,0.0012910604502847061,0.0014512773697525484,0.8438363633717447
0.6999993324279785,nominal_physics,0.0039929839734721,0.0005555555690079,0.001556434391043844,0.0017496321545038603,0.8438919188756637
0.7999992370605469,nominal_physics,0.0047232015058398,-0.0013888889225199,0.0018703190233761928,0.00210256605303171,0.8437530301158662
0.8999991416931152,nominal_physics,-0.0205687806010246,-0.0009841696391554,0.0005031886314058147,0.0005657857252114175,0.8436546132458087
0.9999990463256836,nominal_physics,0.0039613950066268,-0.0003173599773394,0.0007665169603240181,0.0008617323350264547,0.8436228772783405
1.099998950958252,nominal_physics,0.0057340553206253,0.0002777777845039,0.0011476940601430102,0.0012900981782600052,0.8436506550302996
1.1999988555908203,nominal_physics,0.0047232015058398,-0.0011111111380159,0.0014616638335287146,0.0016429563375033613,0.843539544022462
1.299998760223389,nominal_physics,0.0006094453856348,0.0002147434446583,0.0015021811229935264,0.0016884819231755862,0.8435610183464481
1.399998664855957,nominal_physics,-0.0160142047225003,-6.986093960743432e-05,0.0004375467399157715,0.000492197564076022,0.8435540322591502
1.4999985694885254,nominal_physics,0.0035043112002313,0.0002002381304598,0.0006705173771764748,0.00075397307444502,0.8435740560530998
1.5999984741210938,nominal_physics,0.0025901431217789,-0.0005390805919226,0.0008427091952611671,0.0009474627737489884,0.843520148045318
1.699998378753662,nominal_physics,0.0030472269281744,0.000353204754532,0.0010453000576132409,0.001175086772705224,0.8435554684870872
1.7999982833862305,nominal_physics,0.0025274592602995,0.0009870635351952,0.0012133281837214118,0.0013638907189536572,0.8436541747464732
1.8999981880187988,nominal_physics,0.0031995882745832,0.0005270808769912,0.0014260165542022577,0.0016029244259251946,0.8437068827839056
1.9999980926513672,nominal_physics,0.0022400869779644,-0.0007986613830688,0.0015749145325299452,0.0017702838984024719,0.843627016721765
2.0999979972839355,nominal_physics,0.0027378631140997,-0.0003796885225176,0.001756915892545212,0.0019748182629852934,0.8435890479057235
2.199997901916504,nominal_physics,0.0022854201961308,-0.0005555555690079,0.0019088472765023104,0.002145546730658848,0.8435334924018045
2.2999978065490723,nominal_physics,0.0030472269281744,-0.0002777777845039,0.0021114351013405597,0.0023731734330395046,0.843505714649845
2.3999977111816406,nominal_physics,0.0036259501709636,-0.0008333333535119,0.0023525055243415185,0.0026440238471215714,0.8434223813939665
2.499997615814209,nominal_physics,0.0028948655817657,-0.001024440853114,0.002544987983990491,0.0028602478287978713,0.8433199374063536
2.5999975204467773,nominal_physics,-0.0121889077126979,-0.0046323403562138,0.0017344422598397204,0.0019499140946041202,0.8428567038125068
2.6999974250793457,nominal_physics,0.1307260282337665,-0.1993637785502632,0.010432066455878726,0.011709214887691874,0.8229203449702918
2.799997329711914,nominal_physics,0.1871267223022052,-0.0080195717772917,0.023158226517729287,0.02542811732889041,0.8221183885573686
2.8999972343444824,nominal_physics,0.1688770869330677,-0.0048794605529211,0.03465318619310967,0.03779986187062327,0.8216304429674182
2.999997138977051,nominal_physics,0.1620668290187184,0.0446411594277863,0.04569038390499863,0.049667310474813056,0.826094554652884
3.099997043609619,nominal_physics,0.1962414197623729,0.0222222218289971,0.05899068361668229,0.06409673324046951,0.8283167747165074
3.1999969482421875,nominal_physics,0.2861892168637865,0.0559442949726607,0.07834040200941274,0.08518297317114266,0.8339111988785097
3.299996852874756,nominal_physics,0.3538909844106855,0.1418649187698291,0.10212130173597853,0.11139088624957592,0.8480976772261997
3.399996757507324,nominal_physics,0.3791179488412649,0.0310350802674733,0.1271965608662949,0.13982559794926944,0.8512011822932113
3.4999966621398926,nominal_physics,0.403757557272911,-0.0073111044022214,0.1538073984753974,0.17019106950711702,0.8504700725502303
3.599996566772461,nominal_physics,0.4097057902681509,0.1207217157425168,0.18083279233191693,0.20098414066023257,0.8625422326115624
3.699996471405029,nominal_physics,0.3478409573435783,0.0495122885445396,0.20346012938285296,0.2274025930425494,0.8674934567441559
3.7999963760375977,nominal_physics,0.2949219710167395,0.0139546247787626,0.2225339048659301,0.24989657267519272,0.8688889178912156
3.899996280670166,nominal_physics,0.2852531051084396,0.1429771685491663,0.24095197804049567,0.2716788216013315,0.8831866211107666
3.9999961853027344,nominal_physics,0.317309458462532,0.0084295743450095,0.2610913318913012,0.2961993727850073,0.8840295777413614
4.099996089935303,nominal_physics,0.3757656614669216,0.0966775752286897,0.28491636371864715,0.32525730610158876,0.8936973260443377
4.199995994567871,nominal_physics,0.4533656653047212,0.1629916751267522,0.3133212661743663,0.36059230094922334,0.9099964780129159
4.29999589920044,nominal_physics,0.5288950705812445,-0.1054758224804598,0.3457820924322873,0.4023486104135523,0.899448905823828
4.399995803833008,nominal_physics,0.4916228763952333,0.2526044708319812,0.3763630494015017,0.44084186939316206,0.9247093288167862
4.499995708465576,nominal_physics,0.443055200838546,0.1402929782970973,0.4030379023637912,0.47621739179576894,0.9387386132671152
4.5999956130981445,nominal_physics,0.4184469043564126,0.0904341736414803,0.42775998127609116,0.5099782210537201,0.9477820220067885
4.699995517730713,nominal_physics,0.4334011402399718,-0.0049411961908407,0.45304829804162644,0.5451757058513998,0.9472879028589336
4.799995422363281,nominal_physics,0.4607718155651648,0.2340756699463347,0.47995214012237686,0.5825827358321878,0.9706954475303711
4.89999532699585,nominal_physics,0.4351425232252291,0.0132486385647779,0.5045257345854525,0.6184940849966003,0.9720203101233604
4.999995231628418,nominal_physics,0.4555976126597812,-0.2078281267415238,0.5302046427907144,0.6561276014537762,0.9512375172692433
5.099995136260986,nominal_physics,0.5075609675368222,-0.142538532206929,0.5596774633722459,0.6974498628992049,0.9369836776420835
5.199995040893555,nominal_physics,0.4071646504600913,-0.3899934512661456,0.5837905939166046,0.7302581590929166,0.8979843697081424
5.299994945526123,nominal_physics,0.418238470339871,-0.1183364011321724,0.6098546719961891,0.7629674036299866,0.8861507408803639
5.399994850158691,nominal_physics,0.4817938793426295,-0.0206726224315052,0.6403232159257644,0.8002892045658246,0.8840834806087088
5.49999475479126,nominal_physics,0.5059897814553711,0.2540319584014008,0.672402863778956,0.8394190895603935,0.9094866522224736
5.599994659423828,nominal_physics,0.513147068448077,0.1328633645895829,0.7039178101225472,0.8799160310881526,0.9227729760105934
5.6999945640563965,nominal_physics,0.4994404911994934,0.0729261504700671,0.7340645910730248,0.9197353088706078,0.9300655841028211
5.799994468688965,nominal_physics,0.4559520566538869,-0.0125159420404296,0.7613205312965685,0.9562870877188537,0.9288139910923912
5.899994373321533,nominal_physics,0.3708617784305454,-0.1232174780135939,0.7835271307869962,0.9859897627287202,0.9164922550419661
5.999994277954102,nominal_physics,0.4095921764411449,0.0333430786088794,0.8084551814263322,1.018489710443515,0.9198265597230106
6.09999418258667,nominal_physics,0.5713550448417664,-0.0585956146260286,0.8430768722563352,1.0639407629094537,0.913967003848521
6.199994087219238,nominal_physics,0.572928341530912,0.1700497964361778,0.8780603570026407,1.109312762859744,0.9309719672749264
6.299993991851807,nominal_physics,0.5229041278362274,0.3441583937091989,0.9092805561897477,1.151260125310349,0.9653877738243439
6.399993896484375,nominal_physics,0.4419293564365329,0.1403552901068596,0.9344306463422151,1.1875986008018589,0.9794232894497066
6.499993801116943,nominal_physics,0.4368212169742296,0.465806255687134,0.958783467586379,1.2238624149142097,1.026003870595673
6.599993705749512,nominal_physics,0.4469687098442748,0.698014847699013,0.9819471788656722,1.2620887009625459,1.095805288797692
6.69999361038208,nominal_physics,0.4838996231555938,0.041959962512903,1.004077362323778,1.305121699542571,1.1000012810473683
6.799993515014648,nominal_physics,0.5470718078909913,-0.0269083283948619,1.0288922412204546,1.35387712700229,1.09731045077406
6.899993419647217,nominal_physics,0.5441811426597277,0.1181982836135513,1.0537064109723497,1.4023083410227992,1.109130267863149
6.999993324279785,nominal_physics,0.5062844287297539,-0.0120294150752834,1.0762583416085716,1.447636530522631,1.1079273275028347
7.0999932289123535,nominal_physics,0.5004274827480449,-0.0341394403266307,1.0986032606482385,1.4924134941476894,1.1045133867259622
7.199993133544922,nominal_physics,0.5242247152052042,-0.1123976913486646,1.1221707642184702,1.5392395878794434,1.0932736283101754
7.29999303817749,nominal_physics,0.5209750889607121,0.2169444486498832,1.1461137357241282,1.5855092255679624,1.1149680524857288
7.399992942810059,nominal_physics,0.5745448495047425,-0.0631870529203471,1.1714055303451518,1.6370973702291476,1.1086493532196808
7.499992847442627,nominal_physics,0.6028938740491867,0.1266905167996518,1.1982867871270444,1.6910621859393795,1.1213183928174963
7.599992752075195,nominal_physics,0.6111467237413808,0.114735191243826,1.2248408047233477,1.7461065335596724,1.1327919009998784
7.699992656707764,nominal_physics,0.5817107988776471,-0.1270789628810811,1.2495130627465367,1.798786204829722,1.1200840168309645
7.799992561340332,nominal_physics,0.5861885340382846,-0.0335051183132348,1.27504781078552,1.8515511559146438,1.1167335081949386
7.8999924659729,nominal_physics,0.5991174400945409,0.2316342180448803,1.3013262921010003,1.9053921407100562,1.1398969079090655
7.999992370605469,nominal_physics,0.6244543924254015,-0.2106737217166881,1.3274089887600184,1.96212941575577,1.1188295558288086
8.099992275238037,nominal_physics,0.625704934792724,-0.2331595803793464,1.3547357287734092,2.018417145032112,1.0955136200267042
8.199992179870605,nominal_physics,0.6805651294413111,-0.5259274484886866,1.3858776678050868,2.078930447315334,1.0429209253341858
8.299992084503174,nominal_physics,0.6475592428054212,-0.2295572476377135,1.4184951363758838,2.13487168858975,1.0199652224626998
8.399991989135742,nominal_physics,0.5861291486997678,-0.318220379852055,1.4491728479952435,2.184815109044415,0.9881432148253548
8.49999189376831,nominal_physics,0.6272716522216797,-0.7190272154131352,1.4836878879068172,2.2371926020340167,0.9162405618558198
8.599991798400879,nominal_physics,0.6464336805709983,0.0204926470224387,1.5230431778229692,2.2884753303060514,0.9182898246037325
8.699991703033447,nominal_physics,0.66212264761428,-0.0355971428579265,1.5632458950095462,2.3410851884480293,0.9147301137127481
8.799991607666016,nominal_physics,0.6531968164623596,0.0668511526370659,1.6030911538132142,2.392844323131953,0.9214152226010315
8.899991512298584,nominal_physics,0.6443361639976501,-0.2250790876989725,1.642053711920237,2.4441629559020366,0.8989073352963493
8.999991416931152,nominal_physics,0.6354916262104721,0.0854109192131098,1.6816108361604745,2.4938994846194937,0.9074484190722405
9.09999132156372,nominal_physics,0.632499254833726,0.2146586614013303,1.7205574613124153,2.543736276575644,0.9289142647409276
9.199991226196287,nominal_physics,0.6630765646696091,-0.0081501664591242,1.7602560810706147,2.5968466946627613,0.9280992488722761
9.299991130828856,nominal_physics,0.6148324362425995,-0.1813521426885583,1.7971064326414017,2.6460628873795304,0.9099640518985082
9.399991035461426,nominal_physics,0.6258215001550023,0.1807652006875314,1.835517700704642,2.6954703009544243,0.928040554728149
9.499990940093994,nominal_physics,0.6712634253035692,0.2664745980020405,1.875753431284873,2.7492013278548315,0.9546879891153548
9.599990844726562,nominal_physics,0.6380893290042877,0.0725440075041329,1.9126262448559375,2.8012778846853887,0.9619423829474325
9.69999074935913,nominal_physics,0.6596171974404988,-0.1975965323478704,1.9503515449535684,2.8553864968036513,0.9421827485569194
9.7999906539917,nominal_physics,0.699907058245762,-0.4588307601766848,1.9915077152678171,2.9119979727017826,0.8962997162967614
9.899990558624268,nominal_physics,0.69363403056531,-0.4395377390953048,2.0348254131198185,2.9661722245157054,0.8523459843048169
9.999990463256836,nominal_physics,0.5905143585297308,0.5482962899601891,2.0736941436182836,3.0106276765399116,0.9071755610112264
10.099990367889404,nominal_physics,0.5833382909302239,0.4768609647417307,2.109626184935764,3.0565811044101157,0.9548616120083944
10.199990272521973,nominal_physics,0.6048745661973953,0.1715963657168475,2.1445710691076663,3.1059529638045347,0.9720212322153738
10.29999017715454,nominal_physics,0.7026371338869997,-0.3791030651163523,2.184173844843785,3.1639926067790425,0.9341109618578258
10.39999008178711,nominal_physics,0.6901700492166318,-0.0019079846256932,2.2252067279579455,3.219487114492308,0.9339201635772154
10.499989986419678,nominal_physics,0.6563199959535426,-0.155768369623132,2.2642371821255134,3.2722523947658404,0.9183433414701314
10.599989891052246,nominal_physics,0.6060934364795685,0.1879088809829064,2.3010353442233,3.3204123449011296,0.9371342116480346
10.699989795684814,nominal_physics,0.6445170351209211,-0.0315715726398274,2.3391971544261416,3.372351640280335,0.9339770573949524
10.799989700317385,nominal_physics,0.655459280507948,0.4946238354153824,2.3781734248767914,3.4250499403603154,0.9834393937654866
10.899989604949951,nominal_physics,0.6619110994118081,-0.2714910318386244,2.414854044044474,3.4801479154240935,0.9562903164730265
10.99998950958252,nominal_physics,0.7170125097036362,-0.6265832410979031,2.4561937175269977,3.5387319659947596,0.8936320521188712
11.099989414215088,nominal_physics,0.6836687809587019,-0.3963020443213734,2.499031372273523,3.5920138244588986,0.8540018854810416
11.199989318847656,nominal_physics,0.6464691907167435,-0.5275038113342387,2.541502504232745,3.640752096118123,0.8012515546543018
11.299989223480225,nominal_physics,0.6261693683676011,-0.4218622910041607,2.5850718504077457,3.685725258940174,0.7590653657858089
11.399989128112791,nominal_physics,0.5842742902910805,-0.3269154298469986,2.62745971686714,3.725937529812832,0.7263738539781945
11.49998903274536,nominal_physics,0.570050286937315,-0.473793318660554,2.670075932496714,3.763798132868258,0.6789945672965909
11.59998893737793,nominal_physics,0.6412889212369919,0.0770826676020298,2.719981279558678,3.804071738314534,0.6867028267056181
11.699988842010498,nominal_physics,0.6761028267159643,-0.1074018654858929,2.7722670057454764,3.846935994301069,0.6759626503996685
11.799988746643066,nominal_physics,0.669443942764807,-0.0253359954423508,2.824490614769327,3.8888196192360125,0.6734290532716622
11.899988651275637,nominal_physics,0.6204153597354889,-0.0213527612062479,2.8729876720796055,3.927513033101026,0.6712937791873959
11.999988555908203,nominal_physics,0.6416548159452461,-0.217942696427797,2.9232303250106275,3.9674238963059327,0.6494995303292512
12.099988460540771,nominal_physics,0.6721310335690169,0.0531462706115233,2.9767578872262823,4.008073530123204,0.6548141523219804
12.19998836517334,nominal_physics,0.6894750187646628,0.2505787910653976,3.0314443132437585,4.050063335521312,0.6798720075314648
12.299988269805908,nominal_physics,0.6661237925291061,0.3516699053391792,3.0832455932717004,4.0919420651331295,0.715038964527527
12.399988174438477,nominal_physics,0.6663193537078679,0.4558541162783151,3.1335571671323126,4.135629041209006,0.7606243326817221
12.499988079071043,nominal_physics,0.6591429738638521,0.2588531837811699,3.1813058178488864,4.18106859080893,0.7865096263736753
12.599987983703612,nominal_physics,0.6694159876861397,-0.0938973844514259,3.22858799102045,4.228455985743747,0.7771198968832849
12.699987888336182,nominal_physics,0.6100220940695322,-0.0574036599341767,3.27207862705141,4.271232463303236,0.7713795363643068
12.79998779296875,nominal_physics,0.6630292553850825,0.48880611901491,3.3196144405060206,4.317453843521964,0.8202601016496138
12.899987697601318,nominal_physics,0.7371241897344589,0.5465381249439063,3.3698885482685244,4.371361398057369,0.8749138620220673
12.999987602233888,nominal_physics,0.6873159582461683,0.5890635731185745,3.413949787230169,4.424112042369939,0.9338201631564456
13.099987506866457,nominal_physics,0.3633037461795346,1.3296216947769468,3.435557885750958,4.453317926720457,1.066782205831534
13.199987411499023,nominal_physics,0.1550985889558211,1.3961168705466365,3.4430482779380878,4.466899137602423,1.2063937597421148
13.299987316131592,nominal_physics,0.0671913581900298,0.3303451962942191,3.4454429162261313,4.473177067795809,1.2394282478673642
13.39998722076416,nominal_physics,-0.0104599804437618,0.0018174608581491,3.4451026147002395,4.472187974931886,1.2396099937798528
13.499987125396729,nominal_physics,-0.0007972139027856,0.0110192519894826,3.4450766921094154,4.472112585892691,1.2407119179279231
13.599987030029297,nominal_physics,-0.0001523613464087,0.0022358247264313,3.4450717537342608,4.472098172294706,1.2409355001873408
13.699986934661863,nominal_physics,0.0,0.0001612494947356,3.4450717537342608,4.472098172294706,1.2409516251214363
13.799986839294434,nominal_physics,0.0,0.0002777777845039,3.4450717537342608,4.472098172294706,1.2409794028733963
13.899986743927002,nominal_physics,0.0,0.0,3.4450717537342608,4.472098172294706,1.2409794028733963
13.99998664855957,nominal_physics,0.0,0.0005573892309778,3.4450717537342608,4.472098172294706,1.2410351417433372
14.09998655319214,nominal_physics,0.0,0.0,3.4450717537342608,4.472098172294706,1.2410351417433372
14.199986457824709,nominal_physics,-0.0226801910342428,0.0,3.4443373310882928,4.469952356780884,1.2410351417433372
14.299986362457275,nominal_physics,0.0550639947474357,0.8521298155259962,3.4461203956426845,4.475162064847438,1.3262480420305032
14.399986267089844,nominal_physics,0.151912703121231,0.0124979950021694,3.4497984732483262,4.489901332083473,1.3274978403388182
14.499986171722412,nominal_physics,0.1412754366511909,0.0466325456689541,3.4532018697613798,4.503612787203264,1.332161090458488
14.59998607635498,nominal_physics,0.2139154623028231,0.006789359150808,3.458258329300558,4.524398108808954,1.3328400257260853
14.699985980987549,nominal_physics,0.363991267979145,-0.0302602000354247,3.466838214417924,4.559771537763259,1.3298140086083805
14.799985885620115,nominal_physics,0.4388437815861677,-0.4258115855630132,3.4773115041856695,4.602387792579529,1.2872328906606363
14.899985790252686,nominal_physics,0.5030829724541197,-0.1717772833495975,3.491386673037783,4.650686959923943,1.2700551787076346
14.999985694885254,nominal_physics,0.5175596961870326,-0.1140959796559304,3.506718234647532,4.7001199296972,1.2586455916230825
15.099985599517822,nominal_physics,0.392614470183149,-0.2276232124348735,3.518775654853176,4.737484042156269,1.2358832920874363
15.19998550415039,nominal_physics,0.3109540007838977,0.2899630707791498,3.528996300044233,4.766851719518525,1.264879571512318
15.29998540878296,nominal_physics,0.2717318492496547,0.2391742934455918,3.5371799722238797,4.792763262897322,1.28879697804744
15.399985313415527,nominal_physics,0.3673416079629941,-0.0803062204482446,3.5474022191077856,4.828046426931752,1.280766363661213
15.499985218048096,nominal_physics,0.4130430640338631,-0.1944060975092746,3.5592144520887152,4.867625633915301,1.261325772450296
15.599985122680664,nominal_physics,0.3820183553461359,-0.1083165185723678,3.5708489775141605,4.904012654579169,1.2504941309229274
15.699985027313232,nominal_physics,0.3993391171097755,-0.4740773040348208,3.5834222934516435,4.941915503933749,1.20308644573098
15.7999849319458,nominal_physics,0.5023180995290872,-0.6028388939177745,3.601479574373444,4.988789425512493,1.1428026138303995
15.89998483657837,nominal_physics,0.4947152769749132,-0.2642115299864864,3.622012530231208,5.033798592449494,1.116381486028926
15.999984741210938,nominal_physics,0.5023326529520599,-0.0826747620767212,3.6440617285251204,5.078934043968776,1.1081140177057343
16.099984645843506,nominal_physics,0.4695776700973511,0.1921031590603141,3.6650213076904525,5.1209545594105235,1.1273243152913803
16.199984550476074,nominal_physics,0.4737943813491528,-0.1867906474310203,3.6853507723166175,5.163750817942764,1.1086452683620225
16.299984455108643,nominal_physics,0.3634943402400764,0.2758032777171603,3.7015580440230464,5.196287000533177,1.1362255698310886
16.39998435974121,nominal_physics,0.3781480920662857,0.0957108662387341,3.717478861215589,5.230586922513042,1.1457966473272627
16.49998426437378,nominal_physics,0.4643217620301981,-0.0334649075916575,3.736623780588627,5.272888399284043,1.1424501597595587
16.599984169006348,nominal_physics,0.5128535106841696,0.0440811735485017,3.7579260004077093,5.319540276505744,1.1468582729105012
16.699984073638916,nominal_physics,0.5402418874043783,0.402231855549351,3.780148995397937,5.36878198541107,1.187081420105617
16.799983978271484,nominal_physics,0.4722216571983196,-0.0975166576583583,3.79782743704261,5.412570127447809,1.177329763639694
16.899983882904053,nominal_physics,0.537643265000147,-0.142654282030314,3.818440250480571,5.462226035583572,1.1630643490412353
16.99998378753662,nominal_physics,0.5424751071126019,-0.1483080922151411,3.839950900679695,5.512026424472122,1.1482335539634825
17.09998369216919,nominal_physics,0.4720154479146004,0.1228038716362259,3.8593081956631496,5.555076124959815,1.1605139294156155
17.199983596801758,nominal_physics,0.499060419269374,0.014843814377099,3.8792141150122426,5.600840331991244,1.1619983094377089
17.299983501434326,nominal_physics,0.5892564831052725,0.0107614922503481,3.9026374313235026,5.654910412988453,1.1630744576364478
17.399983406066895,nominal_physics,0.5770749387827308,-0.0740775391028657,3.925519525777271,5.70788737261579,1.1556667107907463
17.499983310699463,nominal_physics,0.5520890797927835,-0.0091709686802273,3.9477857286543703,5.7584070115303705,1.1547496147973355
17.59998321533203,nominal_physics,0.558651580336662,0.0145862155902996,3.970363475133297,5.8095064762378215,1.156208234965315
17.6999831199646,nominal_physics,0.5815330348122029,0.0853704206417655,3.9937883566549934,5.862733116007696,1.164745268887934
17.799983024597168,nominal_physics,0.5783055901326267,-0.1349714097920185,4.016630513494157,5.915861291657141,1.1512481407806092
17.899982929229736,nominal_physics,0.5764451422614678,0.026683510704047,4.040111860905377,5.968506424444658,1.153916489306276
17.999982833862305,nominal_physics,0.5766877233982086,-0.1096707850249862,4.063462471657303,6.0212362067071705,1.1429494212627986
18.09998273849488,nominal_physics,0.5795377592142568,-0.4637563571805958,4.087508209181683,6.073966048773739,1.0965738297719874
18.19998264312744,nominal_physics,0.585317291806247,-0.6739508174858403,4.114236515277642,6.126038636952271,1.029178812296367
18.29998254776001,nominal_physics,0.5658500558790538,-0.6012257178579054,4.143407340886471,6.174524920410757,0.9690562978479296
18.39998245239257,nominal_physics,0.5490955174755534,-0.3099465102058989,4.174490385418396,6.21978966900144,0.9380616763861438
18.499982357025143,nominal_physics,0.5595865398629887,-0.3067777891504207,4.2075816284051974,6.264915433492845,0.9073839267277108
18.599982261657715,nominal_physics,0.5907049626111984,0.1672095505585432,4.243957739697608,6.311456763517073,0.9241048658372204
18.699982166290283,nominal_physics,0.5514211371343658,-0.077566049921422,4.277183545833236,6.355464634538531,0.9163482682423529
18.79998207092285,nominal_physics,0.528164457711573,-0.2104153024286613,4.309334017809428,6.397368319041358,0.8953067580662539
18.89998197555542,nominal_physics,0.6029000223955149,-0.140062698670996,4.34703208139111,6.444418647831369,0.8813005015565745
18.99998188018799,nominal_physics,0.6315935468792344,0.074341221084111,4.387210756570278,6.49315026525613,0.8887346165752543
19.09998178482056,nominal_physics,0.5592903803390029,-0.0737380627749123,4.4224680985930815,6.5365665198457625,0.8813608173299725
19.199981689453125,nominal_physics,0.4857787839897388,0.1247881519881024,4.453368541115646,6.574049428226466,0.8938396206280563
19.299981594085693,nominal_physics,0.6017903471873001,-0.2241265346958948,4.4910660807766165,6.620957900976034,0.8714269885328392
19.39998149871826,nominal_physics,0.661125366080637,0.2940035527399394,4.533625007327288,6.671550360205083,0.9008273157684688
19.49998140335083,nominal_physics,0.5463707264761162,0.1407052923108003,4.567552504316903,6.714377092063668,0.9148978315808467
19.5999813079834,nominal_physics,0.5311497134487959,-0.0993594046666712,4.599945783173374,6.756470681657388,0.9049619005898304
19.699981212615967,nominal_physics,0.6099631236034067,0.2128403894075332,4.637624117379148,6.804438234822579,0.9262459192325432
19.79998111724853,nominal_physics,0.6170272869825268,-0.0565528679823164,4.674697494529523,6.853761496817005,0.9205906378276136
19.899981021881104,nominal_physics,0.5419493168592453,0.2165266147043241,4.707504372649215,6.896898415650283,0.9422432786484594
19.999980926513672,nominal_physics,0.5508224712123414,-0.0197491339387938,4.7398913240699585,6.941453253082364,0.9402683671380041
20.09998083114624,nominal_physics,0.5579907457848027,0.2321585363208397,4.772788824615511,6.986523035010758,0.9634841986297245
20.19998073577881,nominal_physics,0.5924398347491573,0.2682665947033391,4.806597099328916,7.035173250265939,0.9903108325161627
20.299980640411377,nominal_physics,0.5437219019491978,0.4547909320818786,4.8364164095295505,7.080639041438995,1.0357898823521072
20.399980545043945,nominal_physics,0.5863218010436636,0.0953338515891583,4.8663097977227165,7.131078225900802,1.0453232584192786
20.49998044967652,nominal_physics,0.6513875546919466,-0.2139657298753378,4.898984819287562,7.187428845567554,1.0239267058371055
20.59998035430908,nominal_physics,0.605089393807764,0.0989495152694591,4.930450402718909,7.239112903272787,1.033821647927489
20.69998025894165,nominal_physics,0.5219602075306833,0.1488223903482082,4.95715066700229,7.283962822706689,1.0487038727695008
20.79998016357422,nominal_physics,0.5420886275549442,-0.1139611339308845,4.9841843257228735,7.330949804866534,1.0373077702445936
20.899980068206787,nominal_physics,0.6537379287979732,0.1830236013137508,5.017429496389337,7.387239086895654,1.055610112921478
20.999979972839355,nominal_physics,0.6052170570918398,-0.0828680874350377,5.047248324802518,7.439905084917475,1.0473233120808905
21.099979877471924,nominal_physics,0.5454085979378228,0.3963100856044718,5.07451278832163,7.487142239174082,1.0869542828462624
21.19997978210449,nominal_physics,0.5772861727541566,-0.2025430702873285,5.101367170589238,7.53824438246712,1.0666999951335434
21.29997968673706,nominal_physics,0.59338312480829,0.1163750445395246,5.130028519873989,7.590201630945186,1.0783374884891064
21.39997959136963,nominal_physics,0.5712159893787853,-0.3198178838782533,5.157035242060885,7.640535593619493,1.0463557306014915
21.4999794960022,nominal_physics,0.5449258781899335,0.2138652298518671,5.184321227457889,7.687704560794605,1.0677422331909012
21.59997940063477,nominal_physics,0.5899223475550475,-0.2776713352677757,5.212761564234185,7.739388449655348,1.0399751261449257
21.69997930526733,nominal_physics,0.6168857061885593,-0.2988232459779806,5.243990861830045,7.792588106217144,1.010092830045135
21.799979209899902,nominal_physics,0.5613305858132025,0.0409986648002808,5.273841389563242,7.840126093657118,1.014192692615227
21.89997911453247,nominal_physics,0.5462607584250199,-0.2468213648962165,5.302700621162961,7.8865065552965135,0.9895105796643247
21.99997901916504,nominal_physics,0.5730310082435608,-0.1290090900563361,5.334165664392911,7.934397996656846,0.9766096829619562
22.099978923797607,nominal_physics,0.6098188095409085,0.0414741941355161,5.368305422517223,7.984927786156576,0.980757098420221
22.199978828430176,nominal_physics,0.5911502163756421,-0.1052779167095811,5.401196611972173,8.034047525305498,0.9702293167893474
22.299978733062744,nominal_physics,0.5358818296169725,-0.1627077927897466,5.431479820251021,8.078258555288507,0.9539585530273964
22.399978637695312,nominal_physics,0.5944859381081047,-0.0171691687858653,5.465868337324277,8.12675142547331,0.95224163778619
22.49997854232788,nominal_physics,0.5497188161101982,-0.1191667321913006,5.497744205808257,8.171537930275752,0.9403249759316852
22.59997844696045,nominal_physics,0.5639874647110149,0.1602021412058719,5.530992676524451,8.217093958763964,0.9563451747742056
22.699978351593018,nominal_physics,0.6095822271420135,0.0532964956659702,5.566135677188186,8.266902264630557,0.961674819258052
22.799978256225582,nominal_physics,0.6199055935765042,0.0094453024438255,5.601603367367574,8.31774383298954,0.9626193486016605
22.899978160858154,nominal_physics,0.5098063270201825,0.1054673249667249,5.6307322595628735,8.359583139782659,0.9731660710401853
22.999978065490723,nominal_physics,0.5299127846956253,0.0372910437762903,5.660549631592097,8.403389469954599,0.9768951718614636
23.09997797012329,nominal_physics,0.6771317426373467,-0.0074996523739168,5.698441780068264,8.459507651566271,0.9761452073392949
23.19997787475586,nominal_physics,0.6948142020105806,0.1087965279865696,5.737366609962259,8.517062114145975,0.9870248497623058
23.299977779388428,nominal_physics,0.6451113027850521,0.0179052565551802,5.772923480958284,8.570889494882922,0.9888153737102456
23.399977684021,nominal_physics,0.7170124799013138,-0.0194159719486626,5.812336174876993,8.63078689645934,0.9868737783670305
23.499977588653564,nominal_physics,0.7274844862813681,0.0330152283268211,5.852442412925225,8.691481347219622,0.9901752980511356
23.599977493286133,nominal_physics,0.6630375972374628,0.0406380832929413,5.888812861296613,8.746919336484279,0.9942391025048796
23.6999773979187,nominal_physics,0.6827100080234149,0.0745764271468927,5.926030143451636,8.804153893960802,1.0016967381074071
23.79997730255127,nominal_physics,0.7111426716430742,-0.0634705407236689,5.964351720360823,8.864059537197448,0.9953496900880623
23.89997720718384,nominal_physics,0.6835441646651306,0.1229266007982546,6.001550811145879,8.921405373868406,1.0076423384446942
23.999977111816406,nominal_physics,0.7202736877988893,0.109848505415937,6.040003001920069,8.9823098973688,1.0186271785103171
24.09997701644897,nominal_physics,0.7370799106252384,0.2020065286108489,6.07866540456107,9.045063990511236,1.0388278121065575
24.199976921081543,nominal_physics,0.6996632123488861,0.1060830002861437,6.114154444439916,9.105361625776716,1.0494361020183094
24.29997682571411,nominal_physics,0.7294007155399632,-0.2219731487287225,6.150482949634388,9.168611002066628,1.0272388083144461
24.39997673034668,nominal_physics,0.7470881074193437,0.2236828234750071,6.189121117817552,9.232552285415032,1.0496070693298902
24.499976634979248,nominal_physics,0.742356793045327,0.2604585000839748,6.2260839067377205,9.296931457557715,1.0756528944990293
24.599976539611816,nominal_physics,0.7452356795803663,-0.0921812976198027,6.261494332210813,9.362504724641603,1.066434773528143
24.699976444244385,nominal_physics,0.744944692058243,-0.0391079920556796,6.297493645046512,9.427723317335175,1.0625239780522033
24.79997634887696,nominal_physics,0.783019464572315,0.0449094186450302,6.3356007168339366,9.496126783654212,1.067014915633811
24.89997625350952,nominal_physics,0.7329705544498343,-0.0375016375056265,6.370984147871695,9.56031759995806,1.0632647554596835
24.99997615814209,nominal_physics,0.7437783047178721,0.1597581498001728,6.407133334726637,9.625319810719319,1.0792405552039765
25.09997606277465,nominal_physics,0.7960578774099553,-0.0447788945110224,6.444707073601658,9.695500174795015,1.0747626700233228
25.199975967407227,nominal_physics,0.7107656896114349,-0.6271346482426505,6.478535293436733,9.758010338467729,1.012049265007274
25.299975872039795,nominal_physics,0.7504220722650402,-0.0624766141515112,6.518316947292511,9.821640065333517,1.0058016095503568
25.399975776672363,nominal_physics,0.7588408100409606,-0.0456347279829412,6.558946107121806,9.885731048616211,1.00123814110413
25.49997568130493,nominal_physics,0.7426814223707638,-0.058635271334456,6.598995909700034,9.948275111038836,0.995374619562579
25.5999755859375,nominal_physics,0.7717102468013763,-0.1809746999390946,6.640991464292298,10.013018675087434,0.9772771668277622
25.69997549057007,nominal_physics,0.784602924761278,0.1798802584878495,6.6848728348659465,10.07806043913448,0.9952651755218289
25.79997539520264,nominal_physics,0.7633393810807563,0.0242155829138384,6.72641986558064,10.142097172592807,0.9976867315038351
25.899975299835205,nominal_physics,0.7816433818815529,-0.0755681850714287,6.768804234847767,10.207772261880653,0.9901299202034357
25.999975204467773,nominal_physics,0.7780694219759985,0.110610299636253,6.811487622917486,10.27282637082159,1.001190939618441
26.099975109100345,nominal_physics,0.729899391903536,0.0679763547404676,6.850851043656965,10.334292151295315,1.0079885686097576
26.19997501373291,nominal_physics,0.7685357966856443,-0.1590041675079835,6.891857230192544,10.399291798278849,0.9920881670227795
26.29997491836548,nominal_physics,0.7536332393406912,-0.0029800453859594,6.933076626108139,10.462383645309304,0.9917901627683827
26.399974822998047,nominal_physics,0.7534105575243122,-0.0710988553273069,6.974302636864779,10.52544456737959,0.984680284016167
26.49997472763061,nominal_physics,0.7683582901954651,0.0702666731454013,7.016802759759407,10.589456073490354,0.9917069446295548
26.599974632263184,nominal_physics,0.7739087715743168,-0.083545502091875,7.059155806502117,10.654229184231138,0.9833524023878866
26.699974536895752,nominal_physics,0.805013245177937,0.1337785552983071,7.103772436520188,10.721235207948807,0.9967302451596005
26.79997444152832,nominal_physics,0.7654516818104209,-0.0628455371948566,7.1453403129598865,10.78551011164144,0.9904456974335325
26.89997434616089,nominal_physics,0.7569311708211899,0.2331694975643903,7.1868441107503145,10.848809967996166,1.0137626249531948
26.999974250793457,nominal_physics,0.6984244138002396,0.1932647209633326,7.223767724656543,10.908094064093241,1.0330890786183682
27.099974155426025,nominal_physics,0.7232791596407224,-0.2530744456213636,7.2608117427152274,10.970215382300546,1.0077816581912913
27.1999740600586,nominal_physics,0.7910654796907336,-0.048186964918923,7.303033871065756,11.037111763916053,1.0029629662948665
27.29997396469116,nominal_physics,0.7610449343919754,-0.2679000405026822,7.343963337564087,11.101272979978733,0.9761729877935394
27.39997386932373,nominal_physics,0.7483523767755355,0.2216600181185172,7.385885757023503,11.16326340555544,0.9983389684662454
27.4999737739563,nominal_physics,0.7875091335784108,0.1549876195715441,7.428545028595516,11.229459183931624,1.0138377156426284
27.599973678588867,nominal_physics,0.7451738165356045,-0.1039197627547017,7.467935394103267,11.292714449976998,1.00344574927772
27.69997358322144,nominal_physics,0.7696118001903358,0.2614697002020524,7.5092942624810535,11.357617885472868,1.0295926943622318
27.799973487854004,nominal_physics,0.7886913206632917,0.0473962220910612,7.549925075575252,11.425215704637754,1.0343323120512817
27.89997339248657,nominal_physics,0.7389139316076938,-0.1753783080642808,7.587690926063069,11.488726869846484,1.016794497970233
27.99997329711914,nominal_physics,0.7393622048897843,-0.1155219028660152,7.626588342092214,11.551604093861314,1.0052423187006587
28.09997320175171,nominal_physics,0.7849656641483307,0.086086770765924,7.668653327928995,11.617878041630739,1.013850987567377
28.19997310638428,nominal_physics,0.7418923994136395,0.0642189276027107,7.707869399798979,11.680855279836628,1.020272874203254
28.29997301101685,nominal_physics,0.7452756983103006,0.3260303177180881,7.746857224620733,11.744371400518656,1.052875874882389
28.39997291564941,nominal_physics,0.7675787640801646,0.1834295930243545,7.784858047454436,11.811062463015604,1.071218816691614
28.499972820281982,nominal_physics,0.7826802432537079,-0.26387679363634,7.822352678649271,11.879764898046469,1.0448311624932307
28.59997272491455,nominal_physics,0.7316733123475212,-0.0496982116580112,7.8590861523346085,11.943042856769218,1.0398613460670205
28.69997262954712,nominal_physics,0.7152788750789104,-0.4079663873184685,7.895303536060396,12.004723729403725,0.9990647462418796
28.799972534179688,nominal_physics,0.7944468670976497,-0.386931015241127,7.938290145788084,12.07153389025061,0.9603716816183843
28.899972438812256,nominal_physics,0.8116632421984,0.111913016869976,7.984815893942485,12.13804189262987,0.9715629726325252
28.999972343444824,nominal_physics,0.7623599173189322,0.2017490609964839,8.027813681654344,12.200995094310695,0.9917378594918835
29.0999722480774,nominal_physics,0.7070830873747386,0.1454398625062853,8.06650778648473,12.260176355194444,1.006281831872287
29.19997215270996,nominal_physics,0.7480942010879517,-0.1375677271249745,8.106531214552408,12.32337891739211,0.9925250722792711
29.29997205734253,nominal_physics,0.7223963318654336,-0.0058650806010095,8.146015705212118,12.383872963765718,0.9919385647785077
29.399971961975098,nominal_physics,0.7876369259116778,-0.079821746317053,8.189104770931108,12.449805048924697,0.9839563977591981
29.499971866607662,nominal_physics,0.7544933706521988,-0.0244325051734628,8.23088347492596,12.512631249655911,0.9815131495719172
29.599971771240234,nominal_physics,0.7172790105176985,0.2615416669286787,8.270747311253801,12.572261414249196,1.0076672913222282
29.699971675872803,nominal_physics,0.8070580214262009,0.4651981549079906,8.313830826590895,12.64050527684733,1.0541870624482748
29.79997158050537,nominal_physics,0.7453931771249696,0.1177616021127167,8.350648350120817,12.705317075531942,1.0659632114289241
29.89997148513794,nominal_physics,0.7939871149048545,-0.1902697211509411,8.389050403900441,12.774811144542468,1.0469362574593646
29.999971389770508,nominal_physics,0.8135459148979025,-0.0617404053363875,8.429746068933678,12.845255589178363,1.0407622228137505
30.09997129440308,nominal_physics,0.7531221657991409,0.1798784195874076,8.467821085155252,12.910234141698133,1.0587500476179486
30.199971199035645,nominal_physics,0.751313147558612,-0.0516171664040589,8.504632546989509,12.975729332118007,1.0535883359001392
30.299971103668213,nominal_physics,0.7591722852138908,-0.0512741279248573,8.542170183039786,13.041716758748153,1.048460927997536
30.39997100830078,nominal_physics,0.7680018014814187,0.1778902434213722,8.580486177612663,13.108276062986036,1.0662499353747377
30.49997091293335,nominal_physics,0.7562341330967584,0.141648221974123,8.61704328752235,13.174476270294813,1.080414744063523
30.59997081756592,nominal_physics,0.7313091354882925,0.0528521633673821,8.651485175245455,13.238988879029936,1.0856999553598854
30.699970722198486,nominal_physics,0.7701903047271484,-0.3971462069207566,8.687398623113802,13.307122160199338,1.0459853725426251
30.79997062683105,nominal_physics,0.7914629377629778,-0.4235966458221925,8.727054789087633,13.375616775833667,1.0036257483577318
30.899970531463623,nominal_physics,0.7337722629308701,-0.4274417769115641,8.766476504821748,13.43750486352,0.9608816114305982
30.99997043609619,nominal_physics,0.7153308010208722,-0.0612603006124296,8.807450439103878,13.49614024958057,0.9547555872115927
31.09997034072876,nominal_physics,0.753593435084625,0.073748238047749,8.850993648583914,13.557646417810414,0.9621304039831875
31.199970245361328,nominal_physics,0.7636350840330124,0.0554215914664704,8.8946562356534,13.620295861411941,0.9676725578444199
31.299970149993896,nominal_physics,0.7678722467308341,0.0126277853186479,8.938211280299594,13.683535285133308,0.9689353351720049
31.399970054626465,nominal_physics,0.7905153490572074,-0.0991389983628139,8.982968433072363,13.74869609027975,0.9590214447903556
31.49996995925904,nominal_physics,0.8236447350082019,-0.1137385839235711,9.030272062381163,13.816122051229634,0.9476475972449538
31.5999698638916,nominal_physics,0.780851885676384,0.0840290660869793,9.07584214135178,13.879530670096392,0.9560504958400156
31.69996976852417,nominal_physics,0.7540287388480298,0.1118997651400906,9.119330775639776,13.941128732025716,0.9672404616824313
31.79996967315674,nominal_physics,0.7291508004917748,-0.2326714412439932,9.160715416455107,14.001161308703233,0.94397333974731
31.899969577789307,nominal_physics,0.7742263073835134,0.1980792840915612,9.206129527620428,14.063865461870034,0.9637812492661535
31.999969482421875,nominal_physics,0.7209684604954398,0.0393254954607133,9.247254850625906,14.123082461993974,0.9677137950618526
32.09996938705444,nominal_physics,0.7270683646202087,0.0131519728941991,9.288492959084554,14.182963113262025,0.9690289910970034
32.19996929168701,nominal_physics,0.7874464290246559,-0.0161179533407107,9.333070277495802,14.247875127883141,0.96741719730006
32.29996919631958,nominal_physics,0.7609940592239676,-0.2198057715162329,9.376251182219267,14.310537062128152,0.9454366411107484
32.39996910095215,nominal_physics,0.778747080245374,-0.1620421535785934,9.421838130508077,14.373674125162212,0.929232441206433
32.49996900558472,nominal_physics,0.7689582586768879,-0.1630518642962699,9.467856324141088,14.435279990244544,0.9129272703266436
32.599968910217285,nominal_physics,0.7602292079709866,0.405927727713674,9.514339128780106,14.49543663855482,0.9535200043857266
32.69996881484985,nominal_physics,0.7256431773177976,0.0468708381085194,9.556340496128605,14.554609734683405,0.9582070837266263
32.79996871948242,nominal_physics,0.7351434975862503,-0.3716997224855979,9.59861031044826,14.614756323196989,0.9210371469261149
32.89996862411499,nominal_physics,0.7568046627144273,0.1268361992999429,9.644396545892755,14.67501528679982,0.9337207547600661
32.99996852874756,nominal_physics,0.7687678009725013,0.2038759055730413,9.69012644118559,14.736811765033837,0.9541083258742491
33.09996843338013,nominal_physics,0.73666712641716,-0.2528857864107213,9.732730542974286,14.796908892348297,0.9288197713502448
33.199968338012695,nominal_physics,0.762600630920703,0.1220899068085645,9.778393474115788,14.857986571168032,0.9410287503877006
33.299968242645264,nominal_physics,0.7382754664557218,0.056776738266574,9.821874678415082,14.917651310506907,0.9467064187997059
33.39996814727783,nominal_physics,0.8046779334850908,0.3101905544863609,9.868896711189779,14.98295048239991,0.977725444666266
33.4999680519104,nominal_physics,0.7759763449430466,-0.1505905500927423,9.912266772760688,15.04729657127528,0.9626664040184254
33.59996795654297,nominal_physics,0.7443697801027094,-0.0540285993763718,9.9547950828561,15.108388272572398,0.9572635492333568
33.69996786117554,nominal_physics,0.7618026115668495,0.1470811996682393,9.99865655111815,15.170674649274167,0.9719716551734248
33.799967765808105,nominal_physics,0.7449881972862821,0.080220117071276,10.040649413006804,15.232210517720446,0.9799936592301659
33.899967670440674,nominal_physics,0.7204155873130673,-0.0894327956918211,10.080778526623696,15.292040531306025,0.9710503881899601
33.99996757507324,nominal_physics,0.7561960075681797,0.2336749894482241,10.123460666584041,15.354462867374085,0.9944178648497983
34.09996747970581,nominal_physics,0.783663549927173,0.2511548352990077,10.166169589378686,15.420168436354185,1.0195333244277078
34.19996738433838,nominal_physics,0.7218613319084686,0.3207716527996501,10.2039780188646,15.481661123285036,1.051610459116504
34.29996728897095,nominal_physics,0.7969130775206976,0.2565964674030704,10.243518692545631,15.550850916918805,1.0772700813858656
34.39996719360352,nominal_physics,0.8232083767652512,-0.2321863581311773,10.282516857950267,15.623348161592492,1.0540514677157624
34.499967098236084,nominal_physics,0.734073799986263,0.4006341460988867,10.318783933001466,15.68717082549393,1.0941148441181987
34.59996700286865,nominal_physics,0.7302625522231598,0.1021929437325904,10.352290766320532,15.752056231412013,1.1043341287455792
34.69996690750122,nominal_physics,0.7785276273106738,-0.1175932194946469,10.387303398750323,15.821591522269687,1.0925748180106778
34.79996681213379,nominal_physics,0.7267636060714722,0.1860446565454669,10.420749095840334,15.886114608548416,1.1111792659226234
34.89996671676636,nominal_physics,0.7430323138697383,8.87996015669981,10.45371034497123,15.95270676814598,1.999174434733611
34.999966621398926,nominal_physics,0.7840282981153938,0.0049681746393448,10.421142153319323,16.024025103029153,1.9996712517237434
35.099966526031494,nominal_physics,0.722435191080482,-0.4361438150105704,10.391099867408654,16.089725766311105,1.956056911816602
35.19996643066406,nominal_physics,0.7899765441817,-0.1581906338789543,10.361412527122987,16.162932865196975,1.940237863514941
35.29996633529663,nominal_physics,0.7384878889086472,0.6511548550666278,10.33474614591386,16.23179894779111,2.005353286922638
35.3999662399292,nominal_physics,0.8227382248784967,0.035598045782229,10.300108193734731,16.306425894833023,2.0089130881059667
35.49996614456177,nominal_physics,0.7634363781996056,-0.9873306543471478,10.267720593079835,16.375558978394455,1.9101801168304409
35.599966049194336,nominal_physics,0.7426745394090477,-0.2878825237158182,10.242996528652528,16.445590148831535,1.8813918919134753
35.699965953826904,nominal_physics,0.8381397724151611,0.0272619402134395,10.217380842675379,16.525393695207985,1.8841180833349185
35.79996585845947,nominal_physics,0.7680118344979006,0.2487253274228812,10.193709176234497,16.598455742379265,1.9089905923569113
35.89996576309204,nominal_physics,0.7479088320435887,-0.1170137342535537,10.168894767684717,16.669010052451203,1.8972892300908546
35.99996566772461,nominal_physics,0.7886792554242272,0.2235318794068007,10.143600019896724,16.74371154875294,1.9196423967138738
36.09996557235718,nominal_physics,0.783594399690628,-0.0846670175559198,10.11681572246741,16.817351154482353,1.9111757030327574
36.19996547698975,nominal_physics,0.7683119437594477,0.1131466135598581,10.091166057828731,16.889774326699694,1.922490353598242
36.29996538162232,nominal_physics,0.7828817685520835,-0.0074144647130416,10.064196696192136,16.96327045229839,1.9217489078340364
36.39996528625488,nominal_physics,0.7537316232919693,0.1643223632161022,10.038283994473161,17.03404922491608,1.9381811284846435
36.49996519088745,nominal_physics,0.7587323830205533,-0.0720638140321879,10.011032175947925,17.10485936329603,1.930974753953966
36.59996509552002,nominal_physics,0.7441084837468976,-0.1761969713922919,9.984806750993474,17.174495495302796,1.91335507361819
36.69996500015259,nominal_physics,0.7628732621669769,-0.2935833285771427,9.959181994660689,17.246350327456796,1.883996768758763
36.79996490478516,nominal_physics,0.7744324766869801,0.2443857331888367,9.935321368905212,17.320026074543595,1.9084353187712093
36.899964809417725,nominal_physics,0.7288629386076464,0.0515859014307466,9.911177055384812,17.388797099145304,1.913593903994668
36.99996471405029,nominal_physics,0.7707499536242679,0.145220052936904,9.885270385035113,17.461387649568938,1.9281158954390953
37.09996461868286,nominal_physics,0.7811429841773179,0.0796554325470567,9.857948813217405,17.534568000021547,1.936081431097267
37.19996452331543,nominal_physics,0.7355551555212754,0.0168952247060181,9.83167366045776,17.603270400969812,1.9377709519566153
37.299964427948,nominal_physics,0.7744851182254754,-0.2590441200903149,9.803885692084524,17.67556209728706,1.9118665646519553
37.399964332580566,nominal_physics,0.7540363371372223,-0.2376287984415158,9.778663511875102,17.74662220394399,1.8881037074698526
37.499964237213135,nominal_physics,0.7381493144141603,-0.2211332136922535,9.755632574449685,17.81675215212983,1.8659904071895337
37.5999641418457,nominal_physics,0.7502802642684403,0.0875846987761835,9.733805026073867,17.888534825140507,1.8747488687144243
37.69996404647827,nominal_physics,0.7503642131314998,0.0923456050420011,9.71134710461788,17.960131581687907,1.8839834204118606
37.79996395111084,nominal_physics,0.7798806210375054,0.2275824808614784,9.687319609364433,18.034325959519332,1.9067416467940523
37.89996385574341,nominal_physics,0.7882127179382109,-0.2018067244310128,9.661335272375114,18.108740979968598,1.8865609935967402
37.99996376037598,nominal_physics,0.7625685483217239,-0.3713367084234807,9.637654230231897,18.181227565351506,1.8494273581678193
38.09996366500855,nominal_physics,0.7740841284497113,-0.0148110185994866,9.616363861159012,18.25565048611502,1.84794625772036
38.19996356964111,nominal_physics,0.7886530350029388,-0.0893203308783568,9.594785115798881,18.33150615157038,1.8390142331507757
38.29996347427368,nominal_physics,0.7334631477640728,0.3353617750711349,9.575347371914415,18.402229879858965,1.8725503786752977
38.39996337890625,nominal_physics,0.7474847882986069,-0.1860623967567478,9.553132484478741,18.473600904838346,1.8539441567439159
38.49996328353882,nominal_physics,0.7939309301083805,-0.0693588631778432,9.530951701933004,18.549832552341016,1.8470082770407084
38.59996318817139,nominal_physics,0.7715636264076244,0.0507412612698177,9.509910167401932,18.62406426231654,1.8520823983286263
38.69996309280396,nominal_physics,0.7601307779550552,-0.0282322160662201,9.488809610406527,18.69708989801934,1.849259179414438
38.79996299743652,nominal_physics,0.8071683091044806,7.1269009265879,9.466622347386604,18.774697370115426,2.56194859239894
38.89996290206909,nominal_physics,0.746911576354398,-0.0034179161278259,9.40413147781923,18.81560763299631,2.5616068011121156
38.99996280670166,nominal_physics,0.7243051556247496,0.074990545876032,9.34354555305559,18.855300394287152,2.5691058485480633
39.09996271133423,nominal_physics,0.7324904289397828,0.151405108014883,9.281975658978268,18.89498112253734,2.5842463449104347
39.1999626159668,nominal_physics,0.7585980135561767,-0.1028522828649237,9.217596410093025,18.935106062393416,2.5739611264327014
39.299962520599365,nominal_physics,0.7871671290646419,0.0325906967973304,9.151224373873726,18.97742700142322,2.5772201930043437
39.399962425231934,nominal_physics,0.7640951350566102,0.1114348778863734,9.086664170902745,19.018297318410397,2.588363670165722
39.4999623298645,nominal_physics,0.7153143923791988,0.0624310984405674,9.025802967668902,19.055882567923494,2.594606774055885
39.59996223449707,nominal_physics,0.7735299151061727,-0.068635723736487,8.959736143123237,19.09611499983491,2.587743208227849
39.69996213912964,nominal_physics,0.7402741083769228,-0.0079451600635181,8.896775434636654,19.135050796858017,2.586948692979207
39.79996204376221,nominal_physics,0.7320427361067157,0.1182886004289382,8.834545419514253,19.173603107703304,2.598777541741221
39.899961948394775,nominal_physics,0.7683582752943039,-0.2116434456850143,8.768754195293482,19.213292501087068,2.5776132173566113
39.999961853027344,nominal_physics,0.7780523528028944,-0.0672368391437847,8.702998362659402,19.254883528547275,2.570889539854438
40.09996175765991,nominal_physics,0.747473910677371,-0.671816415521887,8.640096897626512,19.29526381472096,2.5037079623716547
40.19996166229248,nominal_physics,0.73956198990345,-0.113160760413497,8.5806837082195,19.3393044988813,2.4923918971221557
40.29996156692505,nominal_physics,0.7212703766876544,0.5683473906096113,8.523229728007504,19.38290885414609,2.5492265819812863
40.39996147155762,nominal_physics,0.7597374314538683,0.3253192824925234,8.460200302087252,19.42532689401659,2.581758479205675
40.499961376190186,nominal_physics,0.8137619495391846,-0.27087625379037,8.39124680374153,19.468541330729867,2.55467087965941
40.599961280822754,nominal_physics,0.7222629800731712,-0.2318463137515063,8.331107681394284,19.50854025743049,2.531486270394847
40.69996118545532,nominal_physics,0.748743910914315,-0.149601123201086,8.26974165712459,19.551439847332023,2.5165261723418126
40.79996109008789,nominal_physics,0.8094958513975143,0.0194735513687488,8.204097740561762,19.59880754786788,2.5184735256215456
40.89996099472046,nominal_physics,0.7954386907837089,-0.0558914160701198,8.139503234634224,19.645226992540476,2.5128843893447543
40.99996089935303,nominal_physics,0.7826253438851041,-0.020884660912029,8.07620550781627,19.691253184931778,2.510795925245268
41.0999608039856,nominal_physics,0.7679011970758438,-0.0286961229742586,8.014193101941167,19.736543059685275,2.507926315684517
41.19996070861816,nominal_physics,0.7906976987552786,-0.1229281557710497,7.950473833599725,19.783360486199406,2.495633511830757
41.29996061325073,nominal_physics,0.7362993576360878,0.0139397355584338,7.891678709783123,19.82768305963001,2.4970274840572033
41.3999605178833,nominal_physics,0.7616880597952668,0.1235746858259086,7.830792386493799,19.873449112276273,2.509384940854794
41.49996042251587,nominal_physics,0.7805472016334534,0.0756642912498513,7.7678237619581,19.919573726564842,2.5169513627638693
41.59996032714844,nominal_physics,0.789518242509689,0.492836678139935,7.703780239079346,19.965745209545045,2.566234983577295
41.699960231781006,nominal_physics,0.7740844235524948,0.5546304248159417,7.638834793183153,20.007865805175395,2.62169797316521
41.79996013641357,nominal_physics,0.7466165128456087,0.0075675297520445,7.5740381352321435,20.044956837227218,2.6224547254187183
41.89996004104614,nominal_physics,0.717093719870981,-0.1007775517820541,7.511776732914882,20.080534105310146,2.6123769798514083
41.99995994567871,nominal_physics,0.7555935173231666,0.1694710505886245,7.446553712738379,20.118680696033355,2.629324068748252
42.09995985031128,nominal_physics,0.8193993270397186,0.0956708795305612,7.375132084708663,20.158843997875866,2.6388911475774224
42.19995975494385,nominal_physics,0.809473742694648,0.1191216748954095,7.3041992480502955,20.19784396693823,2.6508033037066348
42.299959659576416,nominal_physics,0.7972514254340652,0.0536655708510113,7.233884841068476,20.23542016154428,2.656169855673789
42.39995956420898,nominal_physics,0.7896888554096222,-0.0574991544377239,7.164038684834508,20.272265615111017,2.6504199457135638
42.49995946884155,nominal_physics,0.7549221716306601,-0.071932914798602,7.097471194997777,20.30787226166634,2.6432266610937596
42.59995937347412,nominal_physics,0.754479955841955,0.0993084094193198,7.031200396540211,20.343935684300405,2.6531574925649046
42.69995927810669,nominal_physics,0.7330556955933808,0.2439154882410229,6.96646663858709,20.37833389443057,2.6775490181274133
42.79995918273926,nominal_physics,0.7575200919362028,-0.0780148128198366,6.8987254680258765,20.412238020474543,2.669747544285501
42.89995908737183,nominal_physics,0.7543124283872571,0.0960447642158107,6.831536574699361,20.446523792409685,2.6793520115475404
42.9999589920044,nominal_physics,0.7749624964207318,-0.1770991068792081,6.762173194807883,20.4810835780531,2.661642117749107
43.09995889663696,nominal_physics,0.778687461880184,0.1094184034127349,6.693102299611203,20.51703829268609,2.6725839476554274
43.19995880126953,nominal_physics,0.7469909221659001,0.2926172921080218,6.626469518436878,20.55080241873792,2.70184564896007
43.2999587059021,nominal_physics,0.7542833012259541,-0.060698950925319,6.5582175503682745,20.582913024277502,2.6957757596562413
43.39995861053467,nominal_physics,0.8028189134791944,-0.5559044700348782,6.485782582452025,20.617530147326185,2.640185365667935
43.49995851516724,nominal_physics,0.7286093998315417,0.3601533772967179,6.421890374843634,20.65255145878917,2.676200669050706
43.599958419799805,nominal_physics,0.78310217596261,0.2847258255457214,6.351908850628737,20.68769494683093,2.7046732244517058
43.69995832443237,nominal_physics,0.7955688202072944,-0.0010503694732304,6.2798256502420635,20.72135943296549,2.704568187604554
43.79995822906494,nominal_physics,0.7483680381327619,-0.2436614635721093,6.212022444095676,20.753033740520134,2.6802020644847104
43.89995813369751,nominal_physics,0.7286810894667208,-0.2232275997343538,6.146773903509259,20.785474133940152,2.657879325799918
43.99995803833008,nominal_physics,0.7456102478524825,0.1808833194729384,6.080767024286443,20.820150173343237,2.675967640496834
44.09995794296265,nominal_physics,0.7514461576938629,0.1769988271463886,6.013622284114959,20.853888673253383,2.6936675063315505
44.199957847595215,nominal_physics,0.744117481514647,-0.357783706206814,5.946551493532847,20.886116095620935,2.6578891698317815
44.29995775222778,nominal_physics,0.7365147620439529,0.1460929098689935,5.881349476134967,20.920368490104376,2.672498446886175
44.39995765686035,nominal_physics,0.7347526129805126,0.2684771632210126,5.815811211452869,20.953585046040264,2.699346137604299
44.49995756149292,nominal_physics,0.7916152044882985,0.0237850711503664,5.744265691123336,20.98746384306826,2.7017246424510146
44.59995746612549,nominal_physics,0.7729291021823883,-0.0687275389342233,5.674330524002259,21.020376682126695,2.6948518951119613
44.69995737075806,nominal_physics,0.7564672063614529,0.0793581656842508,5.606107839482273,21.05305818676208,2.702787704112202
44.79995727539063,nominal_physics,0.810114285495698,0.0184663449477791,5.532771500678259,21.08747650236331,2.704634336845892
44.89995718002319,nominal_physics,0.7472423434166477,0.3073953500581381,5.465068192138807,21.119098686991826,2.735373842536198
44.99995708465576,nominal_physics,0.7517508715391159,0.0281157525513546,5.396010808161572,21.148803243339913,2.7381854151100065
45.09995698928833,nominal_physics,0.7633172797383897,-0.0800399545524883,5.325806385856268,21.17876756664325,2.730181427287963
45.1999568939209,nominal_physics,0.7661114180499863,0.2573143271990779,5.255587945273487,21.209404577856077,2.7559128354684646
45.29995679855347,nominal_physics,0.743579332003277,-0.2429975388037933,5.186692195419607,21.237377195466436,2.731613104762136
45.39995670318604,nominal_physics,0.779543953950658,-0.1724498262096971,5.115198028883455,21.26844905286142,2.714368138587262
45.4999566078186,nominal_physics,0.762811334393725,0.1870842716179958,5.045773165930165,21.30005583416251,2.733076547907314
45.59995651245117,nominal_physics,0.7695780703012441,-0.4479415139272686,4.975148183610544,21.330627138337576,2.6882824392336184
45.69995641708374,nominal_physics,0.7512208889376928,0.1044951575190463,4.907613314128029,21.363526361428004,2.6987319450200884
45.79995632171631,nominal_physics,0.7862716936625647,-0.241409931163509,4.83657141688993,21.39722011170451,2.6745909749263825
45.89995622634888,nominal_physics,0.7410855889320374,0.2276328058494147,4.770398304240948,21.430584571662212,2.6973542338025673
45.999956130981445,nominal_physics,0.7623114856494071,0.3307156958130758,4.701566351390246,21.463346427445007,2.7304257718443683
46.099956035614014,nominal_physics,0.7825131523720356,-0.0153810109997771,4.629836955060619,21.494621822875562,2.728887672211238
46.19995594024658,nominal_physics,0.825798511505127,-0.2249858786521829,4.554190643274599,21.52774363324555,2.706389105802346
46.29995584487915,nominal_physics,0.8083034244679225,-0.0323077840694164,4.48089503201629,21.561821267679235,2.7031583304765148
46.39995574951172,nominal_physics,0.7407972114374013,0.2061614103555572,4.413822024686476,21.593269738314806,2.7237744518509857
46.49995565414429,nominal_physics,0.7500056643795447,0.0917842435575094,4.345273341044332,21.62370248725325,2.732952867453509
46.599955558776855,nominal_physics,0.7564864816125517,-0.2229178380313271,4.27585350475801,21.653762317315852,2.7106611049094784
46.699955463409424,nominal_physics,0.7713562924046515,0.2507117355982369,4.205769911452145,21.685983178557013,2.7357322545595677
46.79995536804199,nominal_physics,0.7943957335874037,0.1303951219975894,4.13278383685192,21.71734663967458,2.7487717543238794
46.89995527267456,nominal_physics,0.7758248204094461,-0.143045244690872,4.061110655204,21.747044873152223,2.734467243496649
46.99995517730713,nominal_physics,0.7780956187533697,-0.3582117571958626,3.989661091712634,21.77785520012901,2.698646101938799
47.0999550819397,nominal_physics,0.8130001723766327,-0.6829863614677987,3.9162071909152503,21.812700639622722,2.6303475309266737
47.199954986572266,nominal_physics,0.7174694443701338,-0.0345118239250722,3.8536341581213205,21.84780377031941,2.6268963518254704
47.299954891204834,nominal_physics,0.7513067371809254,0.1242853522115385,3.7882373067522086,21.884788350864433,2.639324875193849
47.3999547958374,nominal_physics,0.792186256333944,0.1051395619676146,3.718802796166123,21.922925306919957,2.649838821363721
47.49995470046997,nominal_physics,0.8108993608319348,-0.1357655290900325,3.647321590771471,21.96121371857924,2.6362622814023275
47.59995460510254,nominal_physics,0.7551850522235255,-0.2009159898056877,3.5812418598945026,21.997771931344047,2.6161707015826003
47.69995450973511,nominal_physics,0.7605040599511503,0.0016212348291603,3.5154497751545426,22.035917111985025,2.616332824910904
47.79995441436768,nominal_physics,0.7945629942073701,-0.0471896704534694,3.44670475238936,22.075759467851466,2.611613862365914
47.89995431900024,nominal_physics,0.7667464506512964,0.0976898329587057,3.380548567518485,22.114519617308,2.6213828363453544
47.99995422363281,nominal_physics,0.7798414871958127,-0.3857222685288642,3.3128806237327426,22.153282553674337,2.5828106462778075
48.09995412826538,nominal_physics,0.7746050953865051,-0.6211167495122868,3.2472018069828716,22.19434850214736,2.5206990305608876
48.19995403289795,nominal_physics,0.699822515016373,0.2363026446970418,3.190281173790295,22.235061493942727,2.544329272495016
48.29995393753052,nominal_physics,0.7532745003700256,0.2538509367232461,3.1279946420158944,22.277424235424764,2.5697143419582282
48.399953842163086,nominal_physics,0.8600109499700175,-0.0972452407486338,3.0556776033770388,22.32396905421361,2.559989827157395
48.49995374679565,nominal_physics,0.8117431850273642,-0.2186448294346387,2.987849772177296,22.368563254857783,2.538125365065528
48.59995365142822,nominal_physics,0.7729291170835495,-0.078652652722041,2.9242089456041143,22.412426998411803,2.5302601072942252
48.69995355606079,nominal_physics,0.7893703627676569,-0.2356021706703776,2.859568737712709,22.457733591035012,2.506699912695961
48.79995346069336,nominal_physics,0.8124987382535752,0.1136559321907578,2.794151657300015,22.50592212696919,2.5180654950759624
48.89995336532593,nominal_physics,0.787377096218374,-0.059610003414821,2.730230556266999,22.551897206462055,2.5121045004193334
48.999953269958496,nominal_physics,0.7964544585883385,-0.2382565925140977,2.6658508976961417,22.598786912254354,2.4882788638898425
49.09995317459106,nominal_physics,0.7678441629422512,0.0645607193119796,2.6048784495042776,22.645458058605232,2.49473492966405
49.19995307922363,nominal_physics,0.8107387552050573,-0.5800305024367564,2.5401830561371304,22.694319769914188,2.4367319347363896
49.2999529838562,nominal_physics,0.7549908944936399,-0.4070117492736313,2.482675318402069,22.743237678047937,2.3960307986246914
49.39995288848877,nominal_physics,0.7442299547412968,-0.5432365704231636,2.427996284893127,22.793725052563616,2.3417071933894515
49.49995279312134,nominal_physics,0.7556928064230608,-0.0802802557873956,2.3753405013988558,22.847929053791187,2.333679175466834
49.59995269775391,nominal_physics,0.7739952361381232,0.0927651574680339,2.3218568490788924,22.903877009641615,2.3429556823668634
49.69995260238648,nominal_physics,0.8526182809863911,0.1478476177821119,2.2623711062735383,22.964959019006088,2.3577404300452276
49.79995250701904,nominal_physics,0.844599508658885,-0.2846828925925362,2.2025567037885505,23.02458876787021,2.3292721679354518
49.89995241165161,nominal_physics,0.8274744600057602,0.0865673594864397,2.1456417506693537,23.084653856492316,2.337928895628389
49.99995231628418,nominal_physics,0.7982044062000687,-0.0098626825135633,2.0902405253566823,23.14211684303441,2.336942628317612
50.09995222091675,nominal_physics,0.8114512281732302,-0.0515478729374199,2.033977515482534,23.200588991258588,2.331787845939857
50.19995212554932,nominal_physics,0.8135958104829594,0.0919987208153585,1.977868764185919,23.259505685249575,2.3409877092477123
50.299952030181885,nominal_physics,0.7793850300487062,0.6410944761540088,1.9236023701446003,23.31544813015842,2.4050970957235744
50.39995193481445,nominal_physics,0.7757823558985305,0.7057300885791733,1.8661303716902542,23.36755705983223,2.475670037277826
50.49995183944702,nominal_physics,0.7739956378936768,0.0574255119690442,1.8052675039970296,23.41537329540769,2.4814125829982068
50.59995174407959,nominal_physics,0.7465508465550685,-0.3003507947074744,1.7462988665138874,23.461156161503272,2.4513775321711435
50.69995164871216,nominal_physics,0.8082359979711853,-0.0569759063871609,1.6839751155318576,23.51261674727562,2.4456799469660737
50.79995155334473,nominal_physics,0.8138431187424382,-0.11845173364643,1.6215152469550718,23.56479105516251,2.4338347848978676
50.899951457977295,nominal_physics,0.7920285598057205,0.1293864436472486,1.5613352742465003,23.616283300358326,2.4467734169233397
50.99995136260986,nominal_physics,0.7869261074268216,0.0840148633412133,1.5008860725828008,23.66666592824154,2.455174895245179
51.09995126724243,nominal_physics,0.8014048574552493,0.0329251055869653,1.4388957596544956,23.7174565406482,2.458467402663893
51.199951171875,nominal_physics,0.8257984817028046,-0.3248765216415283,1.3748465776320025,23.76958254758379,2.42597978148238
51.29995107650757,nominal_physics,0.7986702019298086,0.2751815311530289,1.3145716906329246,23.821981657741098,2.4534979083543274
51.39995098114014,nominal_physics,0.7914982468768145,-0.430424360676492,1.2534318827384452,23.872247020465,2.410455513335144
51.49995088577271,nominal_physics,0.7802562306529393,-0.3649221471430304,1.1953484474014682,23.92434597229951,2.373963333422526
51.59995079040527,nominal_physics,0.7788712084293365,0.0194025085926791,1.139304124830727,23.978433179012804,2.3759035824314267
51.69995069503784,nominal_physics,0.7317480400161616,-0.2967871527041563,1.0865520946013427,24.029145751757248,2.3462248954648395
51.79995059967041,nominal_physics,0.794189235350817,0.1485556613607981,1.030957138876082,24.085860426075616,2.3610804474335474
51.89995050430298,nominal_physics,0.8082769513130188,0.0135880455623171,0.9735248145486194,24.14273425100114,2.362439250693922
51.99995040893555,nominal_physics,0.7490038830280282,-0.188636557999372,0.9202325891468666,24.195365004171588,2.343575612883768
52.09995031356812,nominal_physics,0.7779570370912552,-0.0917814593417791,0.865921295395022,24.251064585345993,2.334397475702552
52.19995021820069,nominal_physics,0.846836641279025,0.0430129320565719,0.8073602928479835,24.31223580629675,2.3386987648061766
52.29995012283325,nominal_physics,0.782186148889809,-0.0762491579029393,0.7530275166719731,24.36850382100062,2.331073856287569
52.39995002746582,nominal_physics,0.8152034395904229,0.2553126686919161,0.696850060336756,24.4275770569328,2.356605098808247
52.49994993209839,nominal_physics,0.4320726354935405,0.0991838326111125,0.6662853980335095,24.45811662930941,2.366523472610451
52.59994983673096,nominal_physics,0.099790756129083,0.0052192311719352,0.6591566263883519,24.465099635465926,2.3670453952299004
52.699949741363525,nominal_physics,-0.0551548057701438,-0.0126315042624942,0.6630987448145194,24.46124215308917,2.365782246008285
52.799949645996094,nominal_physics,-0.3738280326020066,0.421134841829561,0.6897845734447764,24.435063194659953,2.4078956900286927
52.89994955062866,nominal_physics,-0.2427247279527505,0.1640283864008502,0.7078118170155856,24.41880987804098,2.4242985130258123
52.99994945526123,nominal_physics,-0.035804918501526,-0.0580398237946376,0.7105100271878658,24.416456251200728,2.4184945361814574
53.0999493598938,nominal_physics,0.0481096960976515,-0.1173130087962815,0.7069029615496355,24.419639718166348,2.4067632464896693
53.19994926452637,nominal_physics,0.0153032592410891,0.0049952516472232,0.7057675447504229,24.420665740417203,2.407262771178008
53.299949169158936,nominal_physics,0.0024377815134356,-0.0010683108000615,0.7055865932867943,24.420829093536344,2.4071559401998837
53.399949073791504,nominal_physics,0.0002663949582181,-5.350468063818061e-05,0.7055668212489199,24.42084694648855,2.407150589736922
53.49994897842407,nominal_physics,0.0,0.0,0.7055668212489199,24.42084694648855,2.407150589736922
53.59994888305664,nominal_physics,0.0,0.0,0.7055668212489199,24.42084694648855,2.407150589736922
53.69994878768921,nominal_physics,0.0,-0.0002777777845039,0.7055668212489199,24.42084694648855,2.407122811984962
53.79994869232178,nominal_physics,0.0,0.0,0.7055668212489199,24.42084694648855,2.407122811984962
53.899948596954346,nominal_physics,0.0,-0.0002777777845039,0.7055668212489199,24.42084694648855,2.407095034233003
53.999948501586914,nominal_physics,0.0,0.0057969311242331,0.7055668212489199,24.42084694648855,2.407674726792588
54.09994840621948,nominal_physics,0.0,-0.0025000000605359,0.7055668212489199,24.42084694648855,2.407424727024953
54.19994831085205,nominal_physics,0.0,-0.0003361460625647,0.7055668212489199,24.42084694648855,2.407391112450754
54.29994821548462,nominal_physics,0.0,0.0,0.7055668212489199,24.42084694648855,2.407391112450754
54.39994812011719,nominal_physics,0.0,-0.0002777777845039,0.7055668212489199,24.42084694648855,2.407363334698795
54.49994802474976,nominal_physics,0.0,0.0,0.7055668212489199,24.42084694648855,2.407363334698795
54.59994792938232,nominal_physics,0.0,-0.0002495476491866,0.7055668212489199,24.42084694648855,2.4073383799576744
54.69994783401489,nominal_physics,0.0,0.0001075904443993,0.7055668212489199,24.42084694648855,2.4073491389918544
54.79994773864746,nominal_physics,0.0,0.0,0.7055668212489199,24.42084694648855,2.4073491389918544
54.89994764328003,nominal_physics,0.0,-0.0004084341761254,0.7055668212489199,24.42084694648855,2.407308295613193
54.9999475479126,nominal_physics,0.0,0.0002777777845039,0.7055668212489199,24.42084694648855,2.407336073365152
55.099947452545166,nominal_physics,0.0,9.357044907295428e-05,0.7055668212489199,24.42084694648855,2.4073454304011364
55.19994735717773,nominal_physics,-0.0234636459499597,0.0147324530263209,0.7073086089604149,24.419274816761085,2.4088186742987716
55.2999472618103,nominal_physics,-0.022683786060264,0.0310154816676086,0.7089947422922569,24.41775742225958,2.4119202195076657
55.39994716644287,nominal_physics,-0.015387369940519,0.0334952987202862,0.7101417046843145,24.416731661911342,2.4152697461853343
55.49994707107544,nominal_physics,-0.0240453214925665,0.0072738214356448,0.7119393829032604,24.415134753382315,2.4159971276352126
55.59994697570801,nominal_physics,-0.0883792590003179,0.0514353962234916,0.7185510676286625,24.40927007859803,2.4211406623523004
55.699946880340576,nominal_physics,-0.1248324702984158,0.0745120859190571,0.7279323139006024,24.401034583617857,2.4285918638381796
55.799946784973145,nominal_physics,-0.2181825878798067,0.0210275793834047,0.7444356825288756,24.38676313195758,2.430694619771174
55.89994668960571,nominal_physics,-0.2612997032701969,0.1372409600172257,0.7642363333052716,24.36971296257918,2.4444187026845787
55.99994659423828,nominal_physics,-0.2360991412006344,-0.0476017556572345,0.7823370862257426,24.35455414582919,2.4396585316585124
56.09994649887085,nominal_physics,-0.102834077209431,-0.010568979451666,0.7901894350076853,24.347914199198172,2.438601634721282
56.19994640350342,nominal_physics,-0.0055483673385823,-0.0028669074501893,0.7906127261517577,24.347555496227145,2.4383149442496723
56.29994630813599,nominal_physics,0.0300747963614329,0.0025835328843184,0.7883188438497662,24.34950049506894,2.43857329729172
56.39994621276856,nominal_physics,0.0438485231394081,0.003675620224628,0.784973671355314,24.352335404966098,2.4389408589636483
56.49994611740112,nominal_physics,0.0048277124979153,0.0058740500874657,0.7846052539193706,24.352647392510683,2.4395282634122015
56.59994602203369,nominal_physics,0.0007618067320435,0.0023133719994233,0.78454708922015,24.352696589580365,2.4397596003915236
56.69994592666626,nominal_physics,0.0158455800265073,0.0177566398591723,0.783337026781826,24.353719608724912,2.4415352626840363
56.79994583129883,nominal_physics,0.0350734622308006,-0.0293553843535501,0.7806545926620245,24.35597925499331,2.438599727048228
56.8999457359314,nominal_physics,0.0193498895969241,0.0062655005265508,0.7791783703493295,24.357230231738168,2.4392262765033585
56.999945640563965,nominal_physics,0.0035329698717667,0.0082707973441935,0.7789086935099707,24.357458470484634,2.440053355449013
57.09994554519653,nominal_physics,0.0216470051380668,0.0103206842358841,0.7772551893820211,24.35885555440324,2.441085422888344
57.1999454498291,nominal_physics,0.0066747748281671,0.0083333334187045,0.7767448931060289,24.3592858136867,2.441918755435486
57.29994535446167,nominal_physics,0.0301458919188206,0.0053069462353036,0.7744385771301929,24.36122711152112,2.4424494495529068
57.39994525909424,nominal_physics,0.0288119046772701,0.0143237945430423,0.7722333337121431,24.363081334847767,2.4438818276411878
57.49994516372681,nominal_physics,0.0127583798991075,0.0125655565358628,0.7712556409721697,24.36390101550387,2.445138382096429
57.599945068359375,nominal_physics,0.0698333358233287,0.0038370467878424,0.7658985800804272,24.36838083173992,2.4455220864092837
57.69994497299194,nominal_physics,0.0697858671302943,0.0012351638519321,0.7605434432489137,24.372855548394405,2.4456456026766826
57.79994487762451,nominal_physics,0.0787600092358366,-0.0107257786474867,0.7544990366789583,24.377904946521898,2.444573025834824
57.89994478225708,nominal_physics,0.0632299587596207,0.0117821057153216,0.7496508285972382,24.381963897000468,2.445751235282727
57.99994468688965,nominal_physics,0.0311123974860512,0.0031270027323159,0.7472629089497983,24.383958297679342,2.446063935257744
58.09994459152222,nominal_physics,0.0113943802940386,0.0017681161893563,0.7463881461048352,24.384688439111926,2.4462407467080594
58.19994449615479,nominal_physics,0.0030853358299303,0.0,0.7461512455147954,24.384886102716838,2.4462407467080594
58.29994440078735,nominal_physics,0.0003047226928174,0.0002777777845039,0.7461278480664442,24.384905624930717,2.4462685244600184
58.39994430541992,nominal_physics,0.0,0.0,0.7461278480664442,24.384905624930717,2.4462685244600184
58.49994421005249,nominal_physics,0.0,0.0008333333535119,0.7461278480664442,24.384905624930717,2.4463518577158965
58.59994411468506,nominal_physics,0.0,0.0002777777845039,0.7461278480664442,24.384905624930717,2.4463796354678564
58.69994401931763,nominal_physics,0.0,0.0,0.7461278480664442,24.384905624930717,2.4463796354678564
58.7999439239502,nominal_physics,0.0,0.0001016495511697,0.7461278480664442,24.384905624930717,2.4463898004132796
58.89994382858277,nominal_physics,0.0,-0.0001495377135692,0.7461278480664442,24.384905624930717,2.446374846656184
58.99994373321533,nominal_physics,0.0,-0.0008333333535119,0.7461278480664442,24.384905624930717,2.446291513400306
59.0999436378479,nominal_physics,0.0,0.0001464198772064,0.7461278480664442,24.384905624930717,2.446306155374062
59.19994354248047,nominal_physics,0.0,4.512273475261821e-05,0.7461278480664442,24.384905624930717,2.4463106676432345
59.29994344711304,nominal_physics,-0.0230065621435642,0.000909011248354,0.7478944583816151,24.38343182137686,2.446401568681379
59.399943351745605,nominal_physics,-0.0768868936885865,-0.0061495798303046,0.753798838125142,24.37850697302383,2.4457866112848183
59.499943256378174,nominal_physics,-0.0940961311425387,0.071684819837544,0.7610210600421333,24.372475376165323,2.4529550864321763
59.59994316101074,nominal_physics,-0.1443720674564925,0.0547170280799348,0.7721681977546829,24.363300744735124,2.458426784021947
59.69994306564331,nominal_physics,-0.203463689763776,-0.0394287056055209,0.7879483818885622,24.35045707977414,2.4544839172216095
59.79994297027588,nominal_physics,-0.242711629718542,-0.0129607269563173,0.8067119919841617,24.335061782940745,2.4531878457620095
59.89994287490845,nominal_physics,-0.2597355158123299,0.0410681771813981,0.8267703190307967,24.318560643250166,2.4572946595635825
59.999942779541016,nominal_physics,-0.1666451970719299,-0.0190725465156437,0.8396830263912725,24.3080265236376,2.4553874067309174
60.099942684173584,nominal_physics,-0.0242254529148339,0.059416044198409,0.8415572412013097,24.306491586068372,2.4613290054844033
60.19994258880615,nominal_physics,0.0243889669717102,-0.0359240505130924,0.839661227860337,24.30802564576897,2.457736603859079
60.29994249343872,nominal_physics,0.0016422403403849,0.0013803067469564,0.8395339309884636,24.30812940023069,2.4578746344021383
60.39994239807129,nominal_physics,0.0003047226928174,-0.0011111111380159,0.8395103080093653,24.3081486489263,2.4577635233943003
60.49994230270386,nominal_physics,0.0,0.0,0.8395103080093653,24.3081486489263,2.4577635233943003
60.599942207336426,nominal_physics,0.0,4.042976551739123e-05,0.8395103080093653,24.3081486489263,2.4577675663669964
60.699942111968994,nominal_physics,0.0,0.0002777777845039,0.8395103080093653,24.3081486489263,2.4577953441189555
60.79994201660156,nominal_physics,0.0,0.0,0.8395103080093653,24.3081486489263,2.4577953441189555
60.89994192123413,nominal_physics,-0.1569268540606117,0.1811171040811208,0.8516749428133432,24.2982349429777,2.4759070372543945
60.9999418258667,nominal_physics,-0.2957295639125818,1.013495120587511,0.8749338596263351,24.279970746572822,2.5772564526587187
61.09994173049927,nominal_physics,-0.1386488303542137,1.270940227432417,0.8866488957292045,24.272555050783794,2.7043503541956557
61.19994163513184,nominal_physics,-0.0643488733165411,1.4292939350378508,0.8924784015439898,24.269830246580288,2.847279611391359
61.2999415397644,nominal_physics,0.0162731244724718,-0.2435259769376998,0.8909210623442269,24.270302300991254,2.8229270369220387
61.39994144439697,nominal_physics,0.0097511238418519,0.0322688914585053,0.8899950435341123,24.27060780305592,2.826153922990489
61.49994134902954,nominal_physics,-0.0008378435463101,-0.0023896412926609,0.8900746939230086,24.270581810360017,2.8259149590891166
61.59994125366211,nominal_physics,-0.0003047226928174,0.0009515403604334,0.890103660414036,24.27057234992548,2.826010113034414
61.69994115829468,nominal_physics,0.0,0.0008333333535119,0.890103660414036,24.27057234992548,2.826093446290292
61.799941062927246,nominal_physics,0.0,0.0008446119251243,0.890103660414036,24.27057234992548,2.826177907402256
61.89994096755981,nominal_physics,0.0,0.0,0.890103660414036,24.27057234992548,2.826177907402256
61.99994087219238,nominal_physics,0.0,0.0005600399765561,0.890103660414036,24.27057234992548,2.8262339113465025
62.09994077682495,nominal_physics,0.0,0.0002811829982719,0.890103660414036,24.27057234992548,2.826262029619514
62.19994068145752,nominal_physics,0.1838194588013478,0.2020608454011087,0.8726280733683607,24.276273152260607,2.8464680948896
62.29994058609009,nominal_physics,0.3141699059919414,0.069621140382045,0.842569396097657,24.285411058828377,2.853430202288216
62.399940490722656,nominal_physics,0.2456101315767781,-0.0791282852643559,0.8190211122499622,24.29239106918404,2.845517381308041
62.499940395355225,nominal_physics,0.2280849404633045,-0.240282332425423,0.7972050601975792,24.299045863039197,2.821489170980608
62.59994029998779,nominal_physics,0.2785719891426432,-0.0242028236500291,0.7707629525105896,24.307811534278287,2.8190688909237664
62.69994020462036,nominal_physics,0.303861930351551,-0.0503284925461083,0.7419435445132422,24.317442769337116,2.8140360464688543
62.79994010925293,nominal_physics,0.3405276089906692,-0.2053346027500267,0.7097013559648245,24.32839857102914,2.7935026057760854
62.8999400138855,nominal_physics,0.4013857929270252,-0.0866981984528985,0.6719700871218438,24.34208994883405,2.78483279419898
62.99993991851807,nominal_physics,0.4488565325736999,-0.0110078445922451,0.629910774227691,24.357765797278002,2.783732010789546
63.09993982315064,nominal_physics,0.4347955430549035,-0.4809046993409585,0.5891857614936344,24.37299541889603,2.7356415867180957
63.1999397277832,nominal_physics,0.4047321815817921,-0.0434804277161223,0.5520019488067296,24.388977982449905,2.7312935480931007
63.29993963241577,nominal_physics,0.375723086297512,0.2063552731232164,0.5175481162053098,24.403964946861723,2.7519290557258493
63.39993953704834,nominal_physics,0.3438795730471611,0.0089272442372028,0.4857380169915566,24.417028137134515,2.752821779298202
63.49993944168091,nominal_physics,0.3027138470779661,-0.0086826007144666,0.45772564108980585,24.428502533879247,2.7519535200547924
63.59993934631348,nominal_physics,0.3338237181305885,-0.0804123156139767,0.4268454344509638,24.441182970003148,2.74391229616211
63.699939250946045,nominal_physics,0.4581963565503078,-0.2095681646756759,0.38460151975695045,24.458928016594363,2.72295549968052
63.79993915557861,nominal_physics,0.4732289909598141,0.1825542230436589,0.3413652873058637,24.478165498520575,2.7412109045751585
63.89993906021118,nominal_physics,0.3971060481419132,-0.1100721865762984,0.3047953390853336,24.493643483340914,2.730203696414831
63.99993896484375,nominal_physics,0.2961349316679027,-0.0104754442275874,0.277652635492104,24.50548539815753,2.729156152991088
64.09993886947632,nominal_physics,0.3113466111831945,0.1054505594781666,0.24912873975070068,24.517965488131804,2.739701198882356
64.19993877410889,nominal_physics,0.4164520343544731,0.1448187608661138,0.21080174691567455,24.53425540161981,2.754183061157974
64.29993867874146,nominal_physics,0.4482677563863287,-0.0624226021054795,0.16929708740570898,24.55119054910714,2.747940806900509
64.39993858337402,nominal_physics,0.5024877116084099,0.1676158654690507,0.12289166259280235,24.570464125193887,2.76470237746232
64.49993848800659,nominal_physics,0.4919015028977108,-0.1484052293231954,0.07715403530473561,24.588567597800942,2.749861868683026
64.59993839263916,nominal_physics,0.4055543250107949,0.15711455717153,0.039670726737483016,24.604051187407514,2.765573309416567
64.69993829727173,nominal_physics,0.3953776955604553,-0.1858040411579255,0.002895346728444506,24.618570266752453,2.7469929230204286
64.7999382019043,nominal_physics,0.4839789739256026,0.1915823916929846,-0.04178315468055124,24.637176274281714,2.766151143919007
64.89993810653687,nominal_physics,0.5247317301878875,8.939145978573654,-0.09060130521808232,24.656417293303555,-2.623120417906607
64.99993801116943,nominal_physics,0.4895370081067085,0.0020269909825699,-0.13312133707909465,24.63215812714502,-2.6229177190016593
65.099937915802,nominal_physics,0.4551250724681036,-0.0159479271256143,-0.172647856779712,24.609596243238972,-2.6245125101933073
65.19993782043457,nominal_physics,0.4631171781392436,0.061909418073059,-0.21290503384143727,24.58670233987879,-2.6183215742901442
65.29993772506714,nominal_physics,0.4536498908192541,-0.1621065629323102,-0.2521996602144218,24.564032742455744,-2.6345322151236887
65.3999376296997,nominal_physics,0.4340329731718845,-0.1615911782971239,-0.29014173453280184,24.542955702310767,-2.650691317542865
65.49993753433228,nominal_physics,0.4971541530156205,-0.2152214989797297,-0.3339861305187236,24.519518835092793,-2.672213446915717
65.59993743896484,nominal_physics,0.4615882457199135,-0.1953477190192023,-0.375152805034377,24.498639708403097,-2.6917482001878277
65.69993734359741,nominal_physics,0.4522247348562809,-0.3100107030943395,-0.4158762705515375,24.478975843987186,-2.7227492409323366
65.79993724822998,nominal_physics,0.4684376656258057,-0.2571356641639761,-0.45867081831295964,24.45992430960545,-2.7484627828263664
65.89993715286255,nominal_physics,0.4508372247219085,-0.1095278641745015,-0.500315270859673,24.442653590822793,-2.759415558798425
65.99993705749512,nominal_physics,0.5190683198368123,0.0118975910223943,-0.5484772336594024,24.42329540374714,-2.7582258008308287
66.09993696212769,nominal_physics,0.5146108607292335,-0.1806820463843427,-0.5962027417585777,24.404046658194265,-2.7762939882380806
66.19993686676025,nominal_physics,0.4632867452112098,-0.0099551476989916,-0.6394744752295084,24.387496761775363,-2.777289502058583
66.29993677139282,nominal_physics,0.4131138292418874,-0.1575359478543617,-0.6780746492187043,24.372777601745824,-2.79304308182022
66.39993667602539,nominal_physics,0.4194570526382079,-0.041608451617375,-0.7174980827540194,24.358451690867355,-2.797203923013866
66.49993658065796,nominal_physics,0.4899337893130528,0.1431062294996738,-0.7636146247781874,24.341910495247472,-2.782893313711572
66.59993648529053,nominal_physics,0.5296080559492111,-0.0234290055447449,-0.8132046513496456,24.323318269880758,-2.7852362120316823
66.6999363899231,nominal_physics,0.4900215512735012,0.0159846028937602,-0.8591281601599996,24.306223300862783,-2.783637753266717
66.79993629455566,nominal_physics,0.4981027818360066,-0.1004074288209529,-0.9057811844085331,24.28877181356393,-2.7936784865732136
66.89993619918823,nominal_physics,0.4112854720307893,-0.2069163897651047,-0.9444455147012666,24.274749555127354,-2.8143701058166393
66.9999361038208,nominal_physics,0.3947089631514653,-0.5100649819194643,-0.9818219985930267,24.262063060881324,-2.865376555364999
67.09993600845337,nominal_physics,0.4347325196110136,-0.2769050541716188,-1.0236473248066056,24.250207171270688,-2.893067034374437
67.19993591308594,nominal_physics,0.530299754498991,-0.0432172584724862,-1.0750479654892788,24.23716312780918,-2.8973887561001668
67.2999358177185,nominal_physics,0.5008300277053558,-0.2035360335990456,-1.1236449650928326,24.225053874659967,-2.9177423400493625
67.39993572235107,nominal_physics,0.4712403910901854,0.0854338691638289,-1.1695932139638627,24.21459303090649,-2.9091989612805884
67.49993562698364,nominal_physics,0.4586708479836388,0.008978656846084,-1.2142272525458895,24.204029506158545,-2.9083010964522513
67.59993553161621,nominal_physics,0.3974676013255465,-0.2167324474856722,-1.2528972647172811,24.19484081275513,-2.929974320531602
67.69993543624878,nominal_physics,0.4299882290230755,-0.1446193231575724,-1.2949368416793134,24.185809245153408,-2.9444362390553858
67.79993534088135,nominal_physics,0.5358467818641952,0.0258431553680514,-1.3474834031422156,24.17531300115061,-2.941851925983176
67.89993524551392,nominal_physics,0.5362115846217284,-0.0721460527986444,-1.400038418526941,24.164673757348726,-2.9490665243826566
67.99993515014648,nominal_physics,0.4714336813736358,-0.107651398116954,-1.446310722628034,24.15565340295236,-2.959831653927915
68.09993505477905,nominal_physics,0.4158227200002076,0.0215210268461899,-1.4872079665518103,24.148136921983458,-2.9576795532957014
68.19993495941162,nominal_physics,0.4802937139354347,0.0062512530213248,-1.5344273064510847,24.13935341152198,-2.9570544285897347
68.29993486404419,nominal_physics,0.5184648078755573,0.0249046582835696,-1.5853934417851638,24.129839974072656,-2.9545639651364706
68.39993476867676,nominal_physics,0.4927366152405739,-0.1382188130198433,-1.6338077766123944,24.120678027096897,-2.9683858332568818
68.49993467330933,nominal_physics,0.4507931878874701,-0.119329410994378,-1.6782125385416657,24.11290897152655,-2.9803187629761805
68.5999345779419,nominal_physics,0.4430471738244749,-0.0005343436970152,-1.721942295314498,24.105794717456067,-2.9803721972949226
68.69993448257446,nominal_physics,0.4512943178415298,0.0937537718321175,-1.7664864509877238,24.09855041459862,-2.9709968290527673
68.79993438720703,nominal_physics,0.5108364637830469,0.3096733559243664,-1.8168285083653546,24.089877974976872,-2.9400295229930835
68.8999342918396,nominal_physics,0.475712617354975,0.0283734154333547,-1.8634366375860092,24.080354167057635,-2.9371921841556476
68.99993419647217,nominal_physics,0.4766130531562116,0.4575640351331363,-1.9101057260094003,24.070679877554657,-2.891435824279041
69.09993410110474,nominal_physics,0.4278306663036346,0.4638104250043881,-1.9515570706743253,24.060088686659576,-2.845054826011012
69.1999340057373,nominal_physics,0.4812094045704761,0.013968566552124,-1.997577676025088,24.04602723663057,-2.8436579706879455
69.29993391036987,nominal_physics,0.4859449103280165,0.3697901484337683,-2.044031282449036,24.031762507229416,-2.8066789911105055
69.39993381500244,nominal_physics,0.5033266341466455,-0.3625115396432313,-2.0915673518764155,24.015218799126988,-2.8429301105030342
69.49993371963501,nominal_physics,0.4360451248133575,0.0478608783626534,-2.133241491223055,24.002388522750014,-2.838144027231138
69.59993362426758,nominal_physics,0.4089798957372984,0.4006293544809918,-2.1722708827910426,23.9901676817524,-2.798081129990031
69.69993352890015,nominal_physics,0.4610408518153068,-0.2432300337296022,-2.2156814248421726,23.97464004654867,-2.822404110166768
69.79993343353271,nominal_physics,0.4807000532746315,-0.0099849814381426,-2.2613233881051067,23.959555876225764,-2.8234026073583403
69.89993333816528,nominal_physics,0.526028409891146,0.0370936905180647,-2.3112856878884105,23.94309919968565,-2.819693241844064
69.99993324279785,nominal_physics,0.5223048203450886,0.5541844402111918,-2.3608333674058692,23.926575111066203,-2.7642748506740915
70.09993314743042,nominal_physics,0.4625690504908561,-0.2067322599284422,-2.403836343842478,23.909532775511526,-2.7849480569514107
70.19993305206299,nominal_physics,0.4364116158218534,0.1567256153695005,-2.4447312841475743,23.894296266428274,-2.7692755103609805
70.29993295669556,nominal_physics,0.4645170395197479,-0.1020538096470703,-2.488000397930157,23.877398323449565,-2.779480881593078
70.39993286132812,nominal_physics,0.4684364162573923,0.1690930194459681,-2.5318062257748677,23.860803986395737,-2.762571595774448
70.4999327659607,nominal_physics,0.577646339287485,-0.0504667608203629,-2.5854710965036465,23.839430446252894,-2.7676182670435994
70.59993267059326,nominal_physics,0.5883932602675677,-0.0732085274419128,-2.6402435600353407,23.817935402112724,-2.7749391128060816
70.69993257522583,nominal_physics,0.5282367989420891,-0.1601331306602919,-2.689556121972819,23.798998478640907,-2.7909524106006254
70.7999324798584,nominal_physics,0.5774564865366847,-0.0665770871123148,-2.7437880684077665,23.77916291552451,-2.7976101129625714
70.89993238449097,nominal_physics,0.6114073357443368,-0.114438792541728,-2.8013470658611768,23.758543895563527,-2.80905398130301
70.99993228912354,nominal_physics,0.6021868522890704,-0.3635374707240374,-2.8582667159075132,23.7388859055161,-2.845407693705779
71.0999321937561,nominal_physics,0.6190441250801086,-0.2157374942125759,-2.9174755653674516,23.72081767028579,-2.8669814225527057
71.19993209838867,nominal_physics,0.6574302730729421,0.3906485626873771,-2.9807551867134428,23.70298996942446,-2.8279166035391174
71.29993200302124,nominal_physics,0.7109180390834808,0.1806804946693842,-3.0483780532433666,23.68105408864892,-2.809848571303214
71.39993190765381,nominal_physics,0.6711517423391342,-0.1164449356352156,-3.1118337622387022,23.659195199912258,-2.8214930537616816
71.49993181228638,nominal_physics,0.6601550368703426,-0.1420348177027233,-3.1744958880939382,23.638422708534357,-2.835696521986458
71.59993171691895,nominal_physics,0.6465584937628055,-0.203320219080157,-3.236150190396905,23.618951758566094,-2.856028524504346
71.69993162155151,nominal_physics,0.6833406537771225,0.3133662137353853,-3.3017168611422605,23.59970215410339,-2.824691933015739
71.79993152618408,nominal_physics,0.73621858612731,-0.0459607387548192,-3.3716727105481836,23.57675990353104,-2.829288002508063
71.89993143081665,nominal_physics,0.7432665548230514,-0.1896419041901325,-3.4424039686805927,23.55392286560706,-2.8482521748414147
71.99993133544922,nominal_physics,0.7216394406019684,-0.5103242394858637,-3.511485242287418,23.53305656439166,-2.8992845501216893
72.09993124008179,nominal_physics,0.7311598866916532,0.2522087502987486,-3.5824652072986947,23.515512842737287,-2.8740636991443154
72.19993114471436,nominal_physics,0.7607550268761866,0.0696959581067575,-3.6558344106322904,23.495402371021623,-2.867094109980364
72.29993104934692,nominal_physics,0.8438091666110239,0.2464731555975514,-3.737056133416323,23.47252973969113,-2.8424468179261204
72.39993095397949,nominal_physics,0.7721912053081408,-0.0654927287693802,-3.8108457715008703,23.449772971164272,-2.848996084557186
72.49993085861206,nominal_physics,0.7718252689734244,0.0074175166571804,-3.884747827841835,23.427510510282918,-2.848254333598857
72.59993076324463,nominal_physics,0.7129057230517006,0.4565099224255727,-3.9529930825383492,23.406896893006806,-2.8026033848924783
72.6999306678772,nominal_physics,0.7242598251044517,0.098314426075054,-4.02129732775955,23.382812810663292,-2.792771951660967
72.79993057250977,nominal_physics,0.7434848019229351,-0.2848798055802257,-4.091168211030816,23.35740128503893,-2.8212599050507343
72.89993047714233,nominal_physics,0.7314804492431004,-0.0758675354531252,-4.16059519946161,23.334368275071604,-2.828846651360754
72.9999303817749,nominal_physics,0.7265934678280566,-0.3569251272176646,-4.229729941695046,23.312013006752803,-2.8645391300434886
73.09993028640747,nominal_physics,0.7105063441556562,-0.1898661614336233,-4.2980710334117544,23.292579062089818,-2.8835257280798032
73.19993019104004,nominal_physics,0.753902699128032,-0.3022182873865839,-4.370964694676286,23.273338581217487,-2.913747527996679
73.29993009567261,nominal_physics,0.7445898950099945,-0.1417712917515422,-4.443499251976078,23.256519885066236,-2.927924643651469
73.39993000030518,nominal_physics,0.823264829274097,-0.1562357080963842,-4.523953529594274,23.239062907183555,-2.9435481995613095
73.49992990493774,nominal_physics,0.7516411389194144,-0.1750217647023954,-4.597648356103457,23.224274202469942,-2.961050359340173
73.59992980957031,nominal_physics,0.7456918433210478,0.3435826564447709,-4.671005457362203,23.210884342838796,-2.9266921264622914
73.69992971420288,nominal_physics,0.8123906850814819,0.5122613595327161,-4.750375757574239,23.193560108130285,-2.8754660393620703
73.79992961883545,nominal_physics,0.7733747953841598,0.4750712226434811,-4.824990640568076,23.173220649701882,-2.827958962404044
73.89992952346802,nominal_physics,0.7282872051000595,0.4068258405524159,-4.89426662235977,23.150751765410355,-2.787276417146739
73.99992942810059,nominal_physics,0.7292390859789777,0.4508746364073761,-4.962660719794236,23.125450901032995,-2.7421889965047566
74.09992933273315,nominal_physics,0.7635488014724554,0.5892913032406125,-5.033005873661823,23.095758883087438,-2.683259922379894
74.19992923736572,nominal_physics,0.7777268364225783,0.4025256111595466,-5.102751683526828,23.061348117469272,-2.643007399651773
74.29992914199829,nominal_physics,0.7645399285984076,0.1543267580658953,-5.1698980993466215,23.02478911422911,-2.62757473856293
74.39992904663086,nominal_physics,0.7721200398325043,0.2017471324233116,-5.237132396257511,22.986825559245613,-2.6074000445607046
74.49992895126343,nominal_physics,0.746192425500868,0.3157030109244226,-5.301355623932708,22.94883348420941,-2.5758297735760483
74.599928855896,nominal_physics,0.7660728693008423,0.2243513938469367,-5.366025893822972,22.90776742268043,-2.5533946555871703
74.69992876052856,nominal_physics,0.7637691539597912,0.1643804804572245,-5.4295669888100315,22.86538875674031,-2.536956623217992
74.79992866516113,nominal_physics,0.7556127524988934,-0.2228439763707653,-5.491731874900693,22.82243503321474,-2.559240999603011
74.8999285697937,nominal_physics,0.7468753606081009,-0.1802238398930624,-5.554108722575069,22.781357712496103,-2.577263366404832
74.99992847442627,nominal_physics,0.7441858108258705,-0.0416318904220143,-5.616988458186041,22.741555030467005,-2.5814265514767065
75.09992837905884,nominal_physics,0.7220642831697899,-0.281870370363647,-5.678159293588405,22.703189847787876,-2.609613561631818
75.1999282836914,nominal_physics,0.7285587594533711,0.0648857632986264,-5.740946783461917,22.66623447401105,-2.6031249914899437
75.29992818832397,nominal_physics,0.7880128920078278,-0.1278073760925468,-5.808597271445109,22.62582354960449,-2.6159057169105377
75.39992809295654,nominal_physics,0.8271835437201107,-0.6049709798670908,-5.8801468787122735,22.584314914367557,-2.676402757202718
75.49992799758911,nominal_physics,0.7454524149742486,-0.3589831518523405,-5.9467706106215115,22.550874508011212,-2.712301038152651
75.59992790222168,nominal_physics,0.7461423622423243,-0.1238407870929053,-6.0146143480131515,22.51981809280738,-2.724685105051563
75.69992780685425,nominal_physics,0.7898564327784652,0.1711304027891291,-6.086834450714999,22.4878340857051,-2.707572081092918
75.79992771148682,nominal_physics,0.8232083767652512,0.302554270914204,-6.161522622399708,22.45321639657659,-2.677316682855321
75.89992761611938,nominal_physics,0.7811706535847937,-0.1266460866542341,-6.23137061750715,22.41823751951443,-2.689981279442833
75.99992752075195,nominal_physics,0.8377333934933757,-0.1829577215104962,-6.306745192307241,22.381677534917454,-2.7082770341456737
76.09992742538452,nominal_physics,0.8116364813849568,0.2893547589687724,-6.380407509851382,22.347598388970844,-2.679341585843817
76.19992733001709,nominal_physics,0.7630256116390228,-0.0450794353965511,-6.448702118536047,22.313570221814107,-2.683849525084362
76.29992723464966,nominal_physics,0.7613820319838737,0.1985121202362918,-6.517001992161875,22.279922901088224,-2.6639983319923246
76.39992713928223,nominal_physics,0.7894226004031502,0.0513138849145406,-6.587110802787941,22.243637598188727,-2.658866948394543
76.4999270439148,nominal_physics,0.8020301461219788,-0.1296053656171323,-6.658149188212181,22.206407783790286,-2.671827472596126
76.59992694854736,nominal_physics,0.8030868789561321,0.0275945787512385,-6.729758337872925,22.170053929318318,-2.6690680173526253
76.69992685317993,nominal_physics,0.8252606444522816,-0.450653349885016,-6.803241297334854,22.132493404941723,-2.7141333093634747
76.7999267578125,nominal_physics,0.7884039749252316,-0.8108375309557176,-6.874987720395851,22.09980935380017,-2.795216985131553
76.89992666244507,nominal_physics,0.7518397030005641,0.0252710611660376,-6.945706395814481,22.074285099539082,-2.7926898814249856
76.99992656707764,nominal_physics,0.760523888239434,0.1539884697712264,-7.017176437177111,22.048285330282066,-2.777291049133348
77.0999264717102,nominal_physics,0.7659204751253128,-0.0024290914359184,-7.08874189674357,22.02099585337155,-2.777533958045284
77.19992637634277,nominal_physics,0.8235009669082688,-0.276592708074753,-7.165694640789334,21.991673495450264,-2.8051932024748236
77.29992628097534,nominal_physics,0.8102898293338164,-0.2289684685654766,-7.242181818641768,21.964926623178485,-2.828090027495236
77.39992618560791,nominal_physics,0.8101052790880203,0.2542578159655618,-7.31924375705892,21.939943613710202,-2.802664270146595
77.49992609024048,nominal_physics,0.8031958021672978,0.0278332665872342,-7.394994004148585,21.913239255876732,-2.799880946142258
77.59992599487305,nominal_physics,0.7658558093399561,0.0551763618067144,-7.467151525793531,21.887575427444627,-2.794363315223615
77.69992589950562,nominal_physics,0.7648539841175079,-0.1298801098320273,-7.539072142780358,21.861547944577026,-2.807351313820485
77.79992580413818,nominal_physics,0.7635570331340348,0.3873992872131195,-7.611202211598114,21.836499282324837,-2.768611422044448
77.89992570877075,nominal_physics,0.7520709870227495,-0.0595451056660753,-7.6812383903221235,21.809094345237003,-2.774565926932392
77.99992561340332,nominal_physics,0.745961144566536,-0.2381047324115465,-7.750866218135304,21.782326168749638,-2.79837637746611
78.09992551803589,nominal_physics,0.8163828827949603,-0.0110316455338653,-7.827743059921574,21.75485348052907,-2.799479540967437
78.19992542266846,nominal_physics,0.8528069134831213,-0.3291353956895466,-7.9080814765539795,21.726243670007282,-2.832393049147594
78.29992532730103,nominal_physics,0.7134059953690733,-1.1304746061876148,-7.976038856876666,21.704535010570254,-2.9454404019558957
78.3999252319336,nominal_physics,0.7711443049840895,-1.3593325335785091,-8.051674449686463,21.689505667633746,-3.0813735256776944
78.49992513656616,nominal_physics,0.7757415431027939,-0.6396788415555973,-8.129107917390632,21.684837047032158,3.13784395835086
78.59992504119873,nominal_physics,0.74784022386318,0.0514232724796109,-8.203891342999151,21.685117388616874,-3.1401990264848703
78.6999249458313,nominal_physics,0.7716387829027299,0.0354172929271836,-8.281055072766591,21.685009851081933,-3.1366573005698077
78.79992485046387,nominal_physics,0.7837468087673187,0.1677188655865087,-8.3594287243884,21.684623046303148,-3.1198854300060743
78.89992475509644,nominal_physics,0.7554029077100458,-0.0597115486897944,-8.434951146407576,21.68298340666003,-3.1258565791805166
78.999924659729,nominal_physics,0.762955363813781,-0.0524683894145384,-8.511237163927403,21.681782865116,-3.131103413118195
79.09992456436157,nominal_physics,0.7711006826391923,0.0139611318767472,-8.588342916710907,21.680974054670195,-3.1297073012619574
79.19992446899414,nominal_physics,0.7268781644659195,0.3192372336160651,-8.661025529903704,21.680110155525316,-3.0977836083451855
79.29992437362671,nominal_physics,0.3090129927694137,0.5003730623683698,-8.6918971510934,21.678756833385126,-3.0477463498276425
79.39992427825928,nominal_physics,0.1339256293140351,-0.1204876384360803,-8.705230769566656,21.67750183610307,-3.0597951021806544
79.49992418289185,nominal_physics,0.0217975105135052,-0.0650259999472817,-8.707403230429053,21.67732373673528,-3.0662976959740202
79.59992408752441,nominal_physics,-0.0666924154918878,-0.0126154296962284,-8.700752891359963,21.677825422165668,-3.067559237740541
79.69992399215698,nominal_physics,-0.0024377815425395,0.0061111112590879,-8.700509781200006,21.67784345339602,-3.066948127197434
79.79992389678955,nominal_physics,-0.0006440070184742,0.0003328583435523,-8.700445559890202,21.677848256088478,-3.066914841394823
79.89992380142212,nominal_physics,0.0,0.000984105419469,-8.700445559890202,21.677848256088478,-3.0668164309467265
79.99992370605469,nominal_physics,0.0,0.0008289117334121,-8.700445559890202,21.677848256088478,-3.0667335398524376
80.09992361068726,nominal_physics,0.0,0.0,-8.700445559890202,21.677848256088478,-3.0667335398524376
80.19992351531982,nominal_physics,0.0,-0.0001145754804012,-8.700445559890202,21.677848256088478,-3.0667449973895504
80.29992341995239,nominal_physics,0.0134916808306275,-0.4781475085199156,-8.701790949318566,21.67774736837593,-3.1145597026418423
80.39992332458496,nominal_physics,-0.0281617951921701,0.7792346546606598,-8.698975801425872,21.677823488674136,-3.036636311489384
80.49992322921753,nominal_physics,-0.028022098988594,0.8590539702448571,-8.69618901436058,21.678117058415022,-2.9507309963906696
80.5999231338501,nominal_physics,0.0273020850289154,0.7812959134060865,-8.698869642830223,21.677599124771046,-2.8726014795602453
80.69992303848267,nominal_physics,-0.0232701556343927,0.7524701112060144,-8.696626310069163,21.678217549566273,-2.7973545402007858
80.79992294311523,nominal_physics,-0.010294505553712,-0.4685042320850754,-8.695657255371227,21.678564967782567,-2.8442049187292486
80.8999228477478,nominal_physics,-0.0026923568041137,-0.0004607623342972,-8.695399837981089,21.678643860118072,-2.8442509949187365
80.99992275238037,nominal_physics,-0.0003047226928174,-0.0002846370163516,-8.695370702902194,21.678652787861452,-2.844279458593226
81.09992265701294,nominal_physics,-9.328557744176774e-05,5.003573631293101e-05,-8.69536178362435,21.67865552068167,-2.844274455024367
81.19992256164551,nominal_physics,0.0,1.6622176967231604e-05,-8.69536178362435,21.67865552068167,-2.8442727928082547
81.29992246627808,nominal_physics,0.0,0.0008333333535119,-8.69536178362435,21.67865552068167,-2.8441894595523767
81.39992237091064,nominal_physics,0.0,0.0,-8.69536178362435,21.67865552068167,-2.8441894595523767
81.49992227554321,nominal_physics,0.0,0.0002740115531709,-8.69536178362435,21.67865552068167,-2.8441620584231915
81.59992218017578,nominal_physics,0.0,0.0,-8.69536178362435,21.67865552068167,-2.8441620584231915
81.69992208480835,nominal_physics,0.0471270110563862,-0.2004487226935136,-8.699867558196491,21.677274396192423,-2.8642069115762627
81.79992198944092,nominal_physics,0.1203992030283078,-0.3377163252235492,-8.711447236907565,21.67397736034817,-2.8979785118914796
81.89992189407349,nominal_physics,0.0703969817404359,0.1354730751821649,-8.718279064173656,21.672279304970733,-2.884431217292983
81.99992179870605,nominal_physics,0.0639351044389349,0.0721788030670197,-8.724462323393967,21.67065320434531,-2.877213343869787
82.09992170333862,nominal_physics,0.1310395016647567,-0.0019363157009845,-8.737110963170238,21.667229011848057,-2.8774069752552247
82.19992160797119,nominal_physics,0.1741089835019963,0.0403822880050888,-8.753917782370117,21.662682625200247,-2.873368750305871
82.29992151260376,nominal_physics,0.2000947834641716,-0.0109658297856808,-8.773211765736793,21.657379732981866,-2.874465332238656
82.39992141723633,nominal_physics,0.2568747521378686,0.1444272967959477,-8.797988163552358,21.650599228901243,-2.8600226163327216
82.4999213218689,nominal_physics,0.3005400814278925,0.0841682111964862,-8.826858628300641,21.64224830393058,-2.8516058032399787
82.59992122650146,nominal_physics,0.2969522625207901,-0.0884440573179846,-8.855313981508184,21.633757270184056,-2.8604502005370946
82.69992113113403,nominal_physics,0.3266863577612471,-0.199029445854249,-8.886699986912689,21.62469325382131,-2.8803531261415927
82.7999210357666,nominal_physics,0.3191003042187209,-0.1161033122320557,-8.917527299028633,21.616451595791883,-2.8919634462923245
82.89992094039917,nominal_physics,0.3371481152280037,-0.1153362175606566,-8.950197058154549,21.60812253902582,-2.903497057049071
82.99992084503174,nominal_physics,0.3661243021488189,-0.1243734718129039,-8.985776577320697,21.599487418563275,-2.9159343923691825
83.0999207496643,nominal_physics,0.4224419190426288,-0.0756679059890006,-9.026949714382075,21.590035374849325,-2.923501175751829
83.19992065429688,nominal_physics,0.4243263602256775,0.3681631858137436,-9.068377173735167,21.58085437397047,-2.8866848922812327
83.29992055892944,nominal_physics,0.3304231119808708,0.3042403023998468,-9.1003517436453,21.572522559885783,-2.8562608910558644
83.39992046356201,nominal_physics,0.3942677103849262,0.0021369472208391,-9.138184388105831,21.5614248879349,-2.8560471965375758
83.49992036819458,nominal_physics,0.4237169176340103,-0.1575031635885753,-9.178840332934513,21.549489604586633,-2.871797497875761
83.59992027282715,nominal_physics,0.3048409211654678,0.2215345859149622,-9.208221650684273,21.541364565079164,-2.849644060411449
83.69992017745972,nominal_physics,0.2228106417252092,0.4471914526457197,-9.229559867980731,21.534951659624195,-2.804924957794377
83.79992008209229,nominal_physics,0.2444606058115461,0.5791792557940798,-9.252633522063586,21.52687606519701,-2.7470070874498074
83.89991998672485,nominal_physics,0.2688666625871932,0.2840201566349356,-9.277454084664992,21.51654015131146,-2.7186050988725867
83.99991989135742,nominal_physics,0.3289633042669286,0.0983720115591424,-9.307451123029166,21.503036663582407,-2.7087679070981583
84.09991979598999,nominal_physics,0.3578581506118432,-0.613734173423463,-9.339936902803599,21.48802679251554,-2.7701412659102527
84.19991970062256,nominal_physics,0.5358548387885094,-0.5215219308656893,-9.389867890493635,21.46857698341463,-2.822293409260615
84.29991960525513,nominal_physics,0.4869549929374838,0.0457671141547412,-9.436102061840346,21.45329141739472,-2.8177167022098324
84.3999195098877,nominal_physics,0.4022358787998321,0.1695386323938569,-9.474234350658108,21.440490539085438,-2.8007628551389114
84.49991941452026,nominal_physics,0.3021047918288519,0.1503610130985587,-9.502707023839895,21.43039211378454,-2.7857267681685993
84.59991931915283,nominal_physics,0.300928884755658,-0.026357256751193,-9.530914420420258,21.419907697362948,-2.788362491330094
84.6999192237854,nominal_physics,0.3437110482933918,0.0562836829757057,-9.563163429306325,21.40801770073692,-2.782734128400154
84.79991912841797,nominal_physics,0.3365977503833296,-0.1409136445190462,-9.594678990273788,21.39619620711092,-2.796825479413487
84.89991903305054,nominal_physics,0.3718123432194676,0.0346336748625961,-9.62967223055579,21.38362979618863,-2.793362115230151
84.9999189376831,nominal_physics,0.4247473849493746,0.2442953202014298,-9.669597511646035,21.369135938902673,-2.7689326065078257
85.09991884231567,nominal_physics,0.4196330902697613,-0.1411187961914159,-9.708680511425467,21.35385735670245,-2.7830444726688306
85.19991874694824,nominal_physics,0.3748517734347813,0.1127817537516063,-9.743781870742497,21.34070325413021,-2.7717663080493757
85.29991865158081,nominal_physics,0.3563731908798218,0.4752205333391388,-9.777009723548554,21.327822031854712,-2.7242443000360232
85.39991855621338,nominal_physics,0.2784911087500759,0.1191963993161188,-9.802468436450656,21.316533744357955,-2.7123246714718663
85.49991846084595,nominal_physics,0.2907825846194458,0.0206517724728751,-9.828908418585927,21.30443123027543,-2.7102594961940856
85.59991836547852,nominal_physics,0.3393087014555931,0.0028628792215714,-9.859731503377256,21.290245350082632,-2.7099732085449535
85.69991827011108,nominal_physics,0.3909414576973968,0.0205056585287965,-9.895240270012456,21.273890631790547,-2.7079226446476454
85.79991817474365,nominal_physics,0.4168803579898007,-0.0774017396808479,-9.93306919626025,21.256373173271943,-2.7156628112341252
85.89991807937622,nominal_physics,0.4272210022440135,-0.0549060776817721,-9.971974251023367,21.238721797115566,-2.721153413766052
85.99991798400879,nominal_physics,0.3680109281398329,0.0405546774688228,-10.005570295336115,21.223701022978418,-2.7170979498867647
86.09991788864136,nominal_physics,0.3525805973694413,0.054308649558134,-10.037699064474847,21.20917963878264,-2.711667090110227
86.19991779327393,nominal_physics,0.3420359657128515,0.0427063872553174,-10.068789993888755,21.194923485893057,-2.707396455457494
86.2999176979065,nominal_physics,0.3184351921081543,0.0720086208393809,-10.09767867699202,21.181527524926423,-2.700195600240834
86.39991760253906,nominal_physics,0.3691043684670879,0.1655573540312965,-10.131051427780061,21.165759289307907,-2.683639880626483
86.49991750717163,nominal_physics,0.4008323264271807,0.2357883259376143,-10.167004429069397,21.148037997794322,-2.660061070519249
86.5999174118042,nominal_physics,0.4016245007514953,-0.1879529767798571,-10.202599837634741,21.12943729327781,-2.6788563502726426
86.69991731643677,nominal_physics,0.3877638078989215,0.0058717440543184,-10.23729824273474,21.11212759880401,-2.6782691764271833
86.79991722106934,nominal_physics,0.3651969879321386,-0.0011040303358515,-10.26996771522596,21.095806096934236,-2.6783795793554805
86.8999171257019,nominal_physics,0.3601822108030319,-0.093249278093166,-10.302190357175675,21.079712274481366,-2.6877044982718523
86.99991703033447,nominal_physics,0.3888063106428017,0.1992690184118362,-10.337134255509886,21.062664560329,-2.667777615434444
87.09991693496704,nominal_physics,0.4209186536512331,-0.1680847688696917,-10.374588993799955,21.043458719284097,-2.6845860762916
87.19991683959961,nominal_physics,0.4527489925246862,-0.4276543539775062,-10.415217626670326,21.023480561618964,-2.7273514709050533
87.29991674423218,nominal_physics,0.4334392089439036,0.2487452459704097,-10.45489556777858,21.006034849120372,-2.702476970030208
87.39991664886475,nominal_physics,0.4386619758176624,0.0126005956557933,-10.494600052487385,20.987385626238712,-2.7012169116663145
87.49991655349731,nominal_physics,0.4855756312608719,-0.2226463711013116,-10.538524772183328,20.96668655768088,-2.7234815275432336
87.59991645812988,nominal_physics,0.4922503765552802,-0.341639104783004,-10.583509400070808,20.946699487752785,-2.7576454054402895
87.69991636276245,nominal_physics,0.4371995996931447,-0.0463687741566273,-10.624046214916863,20.93032273911076,-2.762282278433881
87.79991626739502,nominal_physics,0.4474852755665779,-0.3937578251400939,-10.665613986921102,20.91375327231907,-2.801658023396218
87.89991617202759,nominal_physics,0.4306785199812514,-0.2925400808863932,-10.706217305396086,20.89939336748907,-2.830912003586061
87.99991607666016,nominal_physics,0.3574337988797277,-0.1083242075837499,-10.74024946393481,20.888466384639063,-2.841744414013835
88.09991598129272,nominal_physics,0.4078713357448578,-0.1414855543872326,-10.779216692547013,20.876418887535426,-2.855892955959444
88.1999158859253,nominal_physics,0.5133526590249895,0.6133366859895725,-10.828471020690854,20.86195114210196,-2.794559345852832
88.29991579055786,nominal_physics,0.5165243142503142,-0.265779407235313,-10.877044189987558,20.844383677633868,-2.821137261229664
88.39991569519043,nominal_physics,0.451903760433197,-0.1685106481364833,-10.919933976557694,20.830148776869326,-2.837988309972884
88.499915599823,nominal_physics,0.433073043443722,-0.0030569104153155,-10.961260587535739,20.817201566460454,-2.838294000722886
88.59991550445557,nominal_physics,0.4409426086060521,0.0958579230753699,-11.003342190755639,20.804031949806106,-2.8287082175570726
88.69991540908813,nominal_physics,0.4634722860540635,0.0615275407613681,-11.047439204864856,20.78976608674265,-2.822555469348659
88.7999153137207,nominal_physics,0.4904511868953705,-0.0666329238409802,-11.094009356892716,20.774382978493875,-2.8292187553781467
88.89991521835327,nominal_physics,0.4152597006255888,0.3263301677383664,-11.133525710917409,20.761621291098024,-2.7965857697255796
88.99991512298584,nominal_physics,0.4301583879604284,0.0660469437929454,-11.174006722129773,20.74707321255592,-2.7899810816450135
89.09991502761841,nominal_physics,0.4776528179645538,-0.1978266232772285,-11.218849628141081,20.7306223288745,-2.809763725106519
89.19991493225098,nominal_physics,0.4817042724091469,-0.0454503091670651,-11.264392224105324,20.714929732288233,-2.8143087516887464
89.29991483688354,nominal_physics,0.4860459975799207,-0.3476855459739416,-11.310416798508012,20.69930471508011,-2.8490772731282625
89.39991474151611,nominal_physics,0.4739961326122284,-0.1395607953849784,-11.355802907149753,20.68563649667423,-2.863033339357206
89.49991464614868,nominal_physics,0.4121677581636592,-0.1575017355883149,-11.395430844906532,20.674303098349103,-2.878783497895501
89.59991455078125,nominal_physics,0.4027990076242638,-0.0075948318479233,-11.43432765736682,20.663838620758472,-2.8795429803559944
89.69991445541382,nominal_physics,0.468073580901213,-0.0657705683533365,-11.47953701675843,20.651712680963385,-2.886120030918958
89.79991436004639,nominal_physics,0.4615457098909488,0.0082530311182832,-11.524193551052255,20.64004930645448,-2.8852947285942
89.89991426467896,nominal_physics,0.476893481122904,-0.2209602011624447,-11.570325086671957,20.627960013385316,-2.907390727638038
89.99991416931152,nominal_physics,0.4783772524318423,-0.0344141207901178,-11.616856790825338,20.6168584774484,-2.9108321364350633
90.09991407394408,nominal_physics,0.3890891891100895,0.3423917243582181,-11.654734304496722,20.607959317861347,-2.876592996652265
90.19991397857666,nominal_physics,0.4106727888094901,-0.1429875139998495,-11.69436799326861,20.597203440759202,-2.8908917344159004
90.29991388320924,nominal_physics,0.4745866317116028,-0.1772277038352274,-11.740342996577613,20.58542976313643,-2.908614487897675
90.3999137878418,nominal_physics,0.4827413686313357,-0.1392592169521307,-11.78731287223945,20.57428442216708,-2.922540396312092
90.49991369247437,nominal_physics,0.4558000074772291,-0.0889516898438469,-11.831803643409657,20.56437968661996,-2.9314355568133834
90.59991359710692,nominal_physics,0.4586929482648753,-0.0681821747850364,-11.876663686306049,20.55481073964719,-2.9382537677895266
90.6999135017395,nominal_physics,0.4324393987351546,-0.0373206516940535,-11.919016664707916,20.54607804307269,-2.9419858293997576
90.79991340637208,nominal_physics,0.3649054169654845,-0.4389253757911759,-11.954782638506853,20.538842560243296,-2.985878325119696
90.89991331100464,nominal_physics,0.3677984297514192,-0.236926715500915,-11.991117447532645,20.533138533406298,-3.009570974074691
90.9999132156372,nominal_physics,0.2362013456453772,-0.2163900036438789,-12.014532012369001,20.530029217365573,-3.03120995380252
91.09991312026978,nominal_physics,0.0423109771089954,-0.0091190383729948,-12.018737355663866,20.529563125673082,-3.0321218567701607
91.19991302490234,nominal_physics,-0.0210158970513953,-0.0652794785483754,-12.016648347953875,20.529792728922626,-3.0386497983994616
91.29991292953493,nominal_physics,-0.002331976673251,-0.017679987698381,-12.016416385041795,20.52981669255635,-3.0404177954832052
91.39991283416748,nominal_physics,-0.0004097661402772,-0.0222587873386327,-12.016375618013326,20.52982083128615,-3.0426436720943046
91.49991273880003,nominal_physics,-0.1201656075470005,-0.0197375465810497,-12.00441784715909,20.531007917278078,-3.04461742487009
91.59991264343262,nominal_physics,-0.2989763304983633,-0.1227523196667972,-11.974660713936432,20.533902702146413,-3.0568926451301985
91.6999125480652,nominal_physics,-0.1101572569459676,0.1021319779889378,-11.96368448900387,20.534834618107745,-3.0466794570713676
91.79991245269775,nominal_physics,0.2469876306722787,-0.0792776043276861,-11.988272062526367,20.532493899886898,-3.054607209943633
91.89991235733032,nominal_physics,0.4664777749483172,-0.1453684571414076,-12.034743427507713,20.528441341243255,-3.069144041794358
91.99991226196288,nominal_physics,0.5836963281035423,0.3212893509508778,-12.092959886486234,20.524216244787972,-3.0370151373398144
92.09991216659546,nominal_physics,0.6431407752023733,0.251182109499704,-12.156922539336275,20.517502697417022,-3.0118969503444335
92.19991207122804,nominal_physics,0.6209198545108032,-0.1299775216825624,-12.218492973803944,20.509472199107172,-3.024894690117069
92.2999119758606,nominal_physics,0.5735038366839583,-0.2290372713859536,-12.275453235474222,20.502794712755925,-3.047798395412965
92.39991188049316,nominal_physics,0.488595392351967,0.0992822335151075,-12.324097968282835,20.49821868927153,-3.0378701815297458
92.49991178512572,nominal_physics,0.4582560922372359,0.3977767625347351,-12.369677250958306,20.493474066408755,-2.998092543211226
92.5999116897583,nominal_physics,0.5368103258236069,0.5119426870661863,-12.422806473208986,20.48579725028276,-2.946898323327259
92.69991159439088,nominal_physics,0.592137352356171,0.542202432428303,-12.480901419194215,20.474341378257517,-2.8926781317928745
92.79991149902344,nominal_physics,0.5741698321200417,-0.4374021752483514,-12.53654878102136,20.46019659848287,-2.9364183076037813
92.899911403656,nominal_physics,0.5497320046027502,0.0381905673855982,-12.590368893580983,20.44899648737585,-2.932599254507358
92.99991130828856,nominal_physics,0.5603866152779133,0.3915471866755124,-12.645188115850914,20.43736985992671,-2.8934445731806617
93.09991121292114,nominal_physics,0.56081792379489,0.3670707649421838,-12.699552011199865,20.423595669567298,-2.8567375316930343
93.19991111755373,nominal_physics,0.5360072255134583,0.1867505169920256,-12.750992702937722,20.40853289387102,-2.8380624978037456
93.29991102218628,nominal_physics,0.4921230228783427,0.1369692533236218,-12.79795533353423,20.393823801288093,-2.8243655855337924
93.39991092681883,nominal_physics,0.5215908138925229,-0.092077964424585,-12.847511840183547,20.377553668190494,-2.8335733731950103
93.49991083145142,nominal_physics,0.584153413772583,0.1577298675379715,-12.903177865166278,20.359843804771973,-2.8178004014835025
93.59991073608398,nominal_physics,0.5122879573366103,-0.2117477643693206,-12.951744545032346,20.343544660208998,-2.838975157726594
93.69991064071657,nominal_physics,0.4947746280705203,-0.1342124364412413,-12.998973691770408,20.328799411652447,-2.8523963885712256
93.79991054534912,nominal_physics,0.484204351902008,0.0905095745144297,-13.045383346452867,20.31499079027259,-2.843345439751449
93.89991044998168,nominal_physics,0.4897915512149627,-0.0229780623544949,-13.092200174413422,20.30059851177055,-2.8456432437955392
93.99991035461426,nominal_physics,0.5203426192791273,-0.3454632011268972,-13.141972234714729,20.285422831769978,-2.880189530962296
94.09991025924684,nominal_physics,0.5398677434635931,-0.1677242733441886,-13.194124937438927,20.271470704914723,-2.8969619423012842
94.1999101638794,nominal_physics,0.5177645944848562,0.13757741466061,-13.244359799760913,20.258930559489333,-2.8832042139556293
94.29991006851196,nominal_physics,0.5071060999119957,0.0977021511332465,-13.293386924086493,20.2459728536286,-2.873434008159908
94.39990997314452,nominal_physics,0.5668632191360148,0.0189786282070389,-13.348047247932058,20.230953467481545,-2.871536147149148
94.4999098777771,nominal_physics,0.6383039716406684,0.0972708554551101,-13.409564106202394,20.21392443405252,-2.861809070880107
94.59990978240968,nominal_physics,0.5691875944881731,-0.2102433954403641,-13.46426954026549,20.198206467204326,-2.882833390373774
94.69990968704224,nominal_physics,0.578668400645256,-0.0774618471293543,-13.520209835917965,20.1833994379791,-2.890579567699371
94.7999095916748,nominal_physics,0.6160959459988085,0.0537746979680323,-13.579888607958647,20.168096527318777,-2.885202103030922
94.89990949630736,nominal_physics,0.6104468828144676,0.5938823590844108,-13.638937786753555,20.152616173854422,-2.825813923759525
94.99990940093994,nominal_physics,0.5836014660377266,0.3889561935663799,-13.69441225292622,20.13449205130396,-2.7869183414966345
95.09990930557252,nominal_physics,0.6423520738196459,-0.186811496739275,-13.75464938075486,20.112184150722864,-2.8055994733548317
95.19990921020508,nominal_physics,0.6465474641260052,-0.0309880907526136,-13.815688789986933,20.090867050049653,-2.8086982794748385
95.29990911483765,nominal_physics,0.5413882564114745,-0.2114989061860797,-13.866855371312312,20.073175588639806,-2.8298481499233397
95.3999090194702,nominal_physics,0.5653960736285524,0.4202220318534897,-13.920669715176603,20.055833803900903,-2.787825986813492
95.49990892410278,nominal_physics,0.6668856143951416,0.095670036831921,-13.983228492464919,20.032730662807236,-2.778258992254104
95.59990882873537,nominal_physics,0.6041682266611719,0.2568992149849791,-14.039701085694809,20.011259013760753,-2.7525690952554207
95.69990873336792,nominal_physics,0.5688980787470734,0.1417278245841143,-14.092340028430199,19.98968157705746,-2.7383963263132305
95.79990863800047,nominal_physics,0.5693743526935577,-0.0008319855784172,-14.14471169093139,19.967341605738405,-2.738479524791728
95.89990854263306,nominal_physics,0.6338096468184473,-0.1130029282504444,-14.203012249557876,19.94247830173941,-2.7497798068399746
95.99990844726562,nominal_physics,0.6241701015670884,-0.0387927431475621,-14.260699138627881,19.918643483604512,-2.7536590774551666
96.0999083518982,nominal_physics,0.6179776638746262,0.1627617135268535,-14.317904826219308,19.895266872353535,-2.737382921624648
96.19990825653076,nominal_physics,0.6208524824374143,0.1716092985315275,-14.374986786581985,19.870849245551977,-2.7202220081374335
96.29990816116332,nominal_physics,0.5887380827779118,-0.3930770513471324,-14.428710803796013,19.846769198533547,-2.7595296757853918
96.3999080657959,nominal_physics,0.6149774056937587,-0.3344464460480583,-14.4857743466019,19.823840679958547,-2.7929742884949036
96.49990797042848,nominal_physics,0.6302805390281012,0.3156468948979435,-14.54501092771405,19.802310341830363,-2.761409629107538
96.59990787506104,nominal_physics,0.5813147841741386,0.5120271070375096,-14.598991577147595,19.780738326989713,-2.7102069672345053
96.6999077796936,nominal_physics,0.6085312366485596,-0.3909294471650893,-14.654269724569447,19.755293838111495,-2.7492998746690764
96.79990768432616,nominal_physics,0.6643658354305816,-0.3428594858503246,-14.715659390617335,19.72989462322771,-2.783585790556476
96.89990758895874,nominal_physics,0.6450684558579332,-0.0596264490363939,-14.776076257185181,19.70729091944214,-2.789548429773694
96.99990749359132,nominal_physics,0.5477196323043205,0.0484691341553665,-14.827488995417102,19.688404612719264,-2.7847015209805335
97.09990739822388,nominal_physics,0.5944233227016806,0.1005383300403904,-14.88318566300635,19.66763768358268,-2.7746476975645784
97.19990730285645,nominal_physics,0.607062275494691,-0.1778809432964564,-14.939850486000536,19.64585840744044,-2.7924357749301754
97.299907207489,nominal_physics,0.6404086374513178,-0.0382872103185043,-15.000027161636103,19.62394968506333,-2.796264492310673
97.39990711212158,nominal_physics,0.6368704289197922,0.1098741505869441,-15.059954345790215,19.60239129237261,-2.7852770877303925
97.49990701675416,nominal_physics,0.5969978817151854,-0.0214366871943803,-15.115904241361243,19.581566617215344,-2.7874207544054688
97.59990692138672,nominal_physics,0.5594708323478699,-0.1009828577217434,-15.168378863284552,19.562163416285046,-2.797519030547166
97.69990682601927,nominal_physics,0.5960205656753456,-0.3272265031360662,-15.224487491247332,19.54205818712592,-2.830241649654017
97.79990673065186,nominal_physics,0.6251720109126714,-0.2089209922192537,-15.283998843908337,19.522906375669407,-2.8511337289516874
97.89990663528442,nominal_physics,0.6465884299728228,-0.2058725151287656,-15.345949233389643,19.504388620765337,-2.8717209608310306
97.999906539917,nominal_physics,0.6174082725073954,-0.2296215016837476,-15.405455301564018,19.487928051839635,-2.8946830891009956
98.09990644454956,nominal_physics,0.5840144100307405,-0.1512591564862685,-15.462085511823092,19.47365426145997,-2.9098089903244233
98.19990634918211,nominal_physics,0.5556289724246459,-0.0473794738919412,-15.516162506233242,19.460890706425857,-2.914546933195158
98.2999062538147,nominal_physics,0.6321472376585007,0.2973433155264661,-15.577754806742934,19.446661082510843,-2.8848126299993755
98.39990615844728,nominal_physics,0.615858057827361,0.0682832954053292,-15.637321327132106,19.43102030604591,-2.877984306970843
98.49990606307983,nominal_physics,0.599242309367195,-0.0583184872789175,-15.695175483445366,19.415406107330746,-2.8838161501370507
98.5999059677124,nominal_physics,0.5772971659898758,0.1170704186615015,-15.750997711163029,19.400689018128713,-2.8721091194356054
98.69990587234496,nominal_physics,0.5932261167046697,-0.0916715603368682,-15.808179227774524,19.384895357972553,-2.8812762667268093
98.79990577697754,nominal_physics,0.6238794171910316,0.1961453045273309,-15.868465174455237,19.36883757229478,-2.8616617549799477
98.89990568161012,nominal_physics,0.5798704410066242,-0.4138855802375004,-15.92419499261159,19.352816391366353,-2.9030502735324983
98.99990558624268,nominal_physics,0.5728851224868413,-0.1877563292284943,-15.979861237200934,19.33927990034685,-2.921825888549506
99.09990549087524,nominal_physics,0.573568728092783,0.2189226749569052,-16.035838527565144,19.32677599907054,-2.8999336419319093
99.1999053955078,nominal_physics,0.6354034932941843,0.0242078937467273,-16.097532480816746,19.311569933688176,-2.897512854865882
99.29990530014038,nominal_physics,0.6183498509857431,0.1948653741223934,-16.157534626835513,19.296626688979753,-2.8780263360374496
99.39990520477296,nominal_physics,0.5936469283418058,-0.2605436949380917,-16.214849224287807,19.281160695562978,-2.9040806806838795
99.49990510940552,nominal_physics,0.589943140745163,-0.0724805007459362,-16.272187299630055,19.267280221112483,-2.911328723846193
99.59990501403809,nominal_physics,0.6279752713067805,0.128286715887276,-16.33332730251906,19.25294767288201,-2.8985000644918397
99.69990491867064,nominal_physics,0.6338556175772679,-0.0690213646423328,-16.394849156913434,19.23769043826981,-2.905402194373682
99.79990482330322,nominal_physics,0.5968840765144706,-0.0762446407118005,-16.452880347859917,19.223723330839142,-2.913026651173608
99.8999047279358,nominal_physics,0.5974523513172763,0.0554239861488927,-16.511071692121703,19.210186205380317,-2.907484257844361
99.99990463256836,nominal_physics,0.6032365058540039,-0.1128831199054335,-16.569749751576595,19.196192591914617,-2.918772559069529
100.09990453720091,nominal_physics,0.6103632994523586,0.0414807886704204,-16.62927709323133,19.182704743197874,-2.914624484158404
100.1999044418335,nominal_physics,0.6083583447185446,-0.0702984304255638,-16.68855262110967,19.169015203704504,-2.9216543204967804
100.29990434646606,nominal_physics,0.6008168824265813,0.0346542796623016,-16.74718693993965,19.155907227801606,-2.9181888958354403
100.39990425109865,nominal_physics,0.5774495005607605,-0.1968706334027713,-16.80349681635785,19.143113842216266,-2.937875940400673
100.4999041557312,nominal_physics,0.5752945923791072,0.1905342579821284,-16.859836593956874,19.13147503524707,-2.918822532773225
100.59990406036376,nominal_physics,0.5808087614308556,0.2265973129147919,-16.91648219019872,19.118643115448037,-2.8961628230917533
100.69990396499634,nominal_physics,0.6452503055334091,0.0496786670581093,-16.97907353800181,19.102965270988413,-2.8911949611236683
100.7999038696289,nominal_physics,0.5870714760122213,0.4056796818964093,-17.0359497875795,19.088418283681126,-2.8506270316226576
100.89990377426147,nominal_physics,0.5439170966654487,0.0305796252383964,-17.088055217523486,19.072814546693024,-2.8475690720151174
100.99990367889404,nominal_physics,0.6394605785608292,0.2177529541296333,-17.149257008384076,19.05428264685902,-2.8257937973686946
101.0999035835266,nominal_physics,0.6359316036635342,-0.2027128620128343,-17.209705338812597,19.03453216128782,-2.84606506423777
101.19990348815918,nominal_physics,0.6185508918498583,0.0594758492480884,-17.268878867960154,19.016517217249735,-2.8401174849850195
101.29990339279176,nominal_physics,0.5999990105628967,-0.1871703874664912,-17.326172689300467,18.998701513599283,-2.8588345058817115
101.39990329742432,nominal_physics,0.6032506499908075,0.1213273413663623,-17.384102163819016,18.98187051517102,-2.846701783315755
101.49990320205688,nominal_physics,0.5873924905940051,0.0064288974995385,-17.440305812922734,18.96479882437697,-2.846058894178908
101.59990310668944,nominal_physics,0.561733948368157,-0.5569936743445086,-17.49404386126395,18.94843831003823,-2.9017582084942948
101.69990301132202,nominal_physics,0.640049511937415,0.0270636759337873,-17.556216759568553,18.933234472364312,-2.8990518434819084
101.7999029159546,nominal_physics,0.62842012491056,0.4208847034120311,-17.617219383662196,18.91814173055659,-2.8569634132793933
101.89990282058716,nominal_physics,0.5872006267309189,-0.2100409569497586,-17.673576839519164,18.901653057079365,-2.877967488943299
101.99990272521973,nominal_physics,0.6884672156286366,0.0670296696868082,-17.740044958491705,18.883712845552623,-2.8712645283670657
102.0999026298523,nominal_physics,0.659159701331219,-0.4389291427507985,-17.803567019060324,18.86611015676814,-2.9151574007826007
102.19990253448486,nominal_physics,0.6955930532581087,-0.314528681715078,-17.87135061164369,18.850493745362026,-2.946610238958316
102.29990243911745,nominal_physics,0.7254097562058979,0.5090533742238497,-17.94251694602274,18.83643899676213,-2.8957049500830365
102.39990234375,nominal_physics,0.7492987674577729,0.6065139273065256,-18.015192984502097,18.81819977662242,-2.8350536151940684
102.49990224838255,nominal_physics,0.7972192476471647,0.1088189816161752,-18.091198492460975,18.794142845692004,-2.8241717274102385
102.59990215301514,nominal_physics,0.7444180677874458,-0.4004628047135628,-18.161921383438624,18.770908286980372,-2.8642179696904915
102.6999020576477,nominal_physics,0.7540363073348999,0.15834940508698,-18.234442840779547,18.750260407953213,-2.84838304428317
102.79990196228027,nominal_physics,0.7700357417811198,-0.1878977328310773,-18.308159920390416,18.728004368320473,-2.867172799646953
102.89990186691284,nominal_physics,0.775235987963802,-0.0858805137660623,-18.3827827143867,18.70699638118354,-2.8757608428333556
102.9999017715454,nominal_physics,0.7385838757809366,-0.0014939968835468,-18.45404670703444,18.68759291853281,-2.8759102423792315
103.09990167617798,nominal_physics,0.7684780217269229,-0.051444047396286,-18.5281981216425,18.66741517965069,-2.8810546422127743
103.19990158081056,nominal_physics,0.7486764012715593,0.2249454665690027,-18.60053902417484,18.648129260745392,-2.8585601170083423
103.29990148544312,nominal_physics,0.7342591379337617,0.048872231264571,-18.671043471101584,18.62762371279521,-2.8536728985427047
103.39990139007568,nominal_physics,0.7591492243379048,-0.1791682455510301,-18.743833411776944,18.606067066664206,-2.871589706010992
103.49990129470824,nominal_physics,0.7205168455839157,-0.018409753038882,-18.813274605515904,18.586848430970765,-2.87343067955919
103.59990119934082,nominal_physics,0.7937519556983327,0.1267827889801457,-18.88981282109276,18.565817234833442,-2.860752412752122
103.6999011039734,nominal_physics,0.7484394805897532,0.1524220583481708,-18.961724531268423,18.545073276280718,-2.845510221453404
103.79990100860596,nominal_physics,0.7365147620439529,0.1403667917373971,-19.03217113445084,18.523583611307522,-2.8314735556660864
103.89990091323853,nominal_physics,0.7749511371612345,0.0797425423978834,-19.10596944630093,18.499934290738224,-2.8234993090311393
103.9999008178711,nominal_physics,0.7661374351993917,-0.0945325923189048,-19.178739674174412,18.47597289603994,-2.8329525592476994
104.09990072250366,nominal_physics,0.7493013138712511,0.0560635748303592,-19.250129104452615,18.4532118959434,-2.8273462071113027
104.19990062713624,nominal_physics,0.7420117271243619,-0.0410788834097908,-19.320696546698127,18.430276342204138,-2.8314540915346953
104.2999005317688,nominal_physics,0.7298211336165288,-0.0834262122394498,-19.39019671138463,18.408002909150277,-2.8397967048024952
104.39990043640135,nominal_physics,0.7496502734659874,-0.0411886961118564,-19.461773566804464,18.38572066567133,-2.8439155704856205
104.49990034103394,nominal_physics,0.7368816770609452,-0.126565268382665,-19.532220889706593,18.36410792870881,-2.856572085253683
104.5999002456665,nominal_physics,0.7415650665559199,-0.1418800704341825,-19.603385548713273,18.3432568304413,-2.870760078766364
104.69990015029909,nominal_physics,0.7287420853518454,-0.3619498309254372,-19.67360331523152,18.323760538343485,-2.906955027340687
104.79990005493164,nominal_physics,0.7753669023513794,-0.6063327943354376,-19.74901532384521,18.305734007268153,-2.967588248949821
104.8998999595642,nominal_physics,0.7415473250325905,0.0480964555212418,-19.822050205157055,18.29289578402535,-2.962778607984532
104.99989986419678,nominal_physics,0.7324009835720062,-0.1934499467107243,-19.894122444978606,18.279869118172105,-2.982123584206783
105.09989976882936,nominal_physics,0.7603555874214802,-0.0519198005637155,-19.96919317251558,18.267795136511122,-2.987315559311697
105.19989967346191,nominal_physics,0.7827747166354156,0.1706608611235254,-20.04654085908778,18.255766576125417,-2.970249489474835
105.29989957809448,nominal_physics,0.7479418516159058,-0.1250537451338177,-20.120239735656416,18.24301373109069,-2.982754852062162
105.39989948272704,nominal_physics,0.7285630658186297,0.2145090075381557,-20.19217884212348,18.23149000577339,-2.9613039717655223
105.49989938735962,nominal_physics,0.7317644025900312,0.0612137052036298,-20.264169167730252,18.218368488537852,-2.9551826070829526
105.5998992919922,nominal_physics,0.7107304209117022,-0.0976394336215463,-20.334010866754863,18.205196368180165,-2.9649465411334868
105.69989919662476,nominal_physics,0.7455040812492371,0.130243705413304,-20.40740109641515,18.192095721577253,-2.951922183013166
105.79989910125732,nominal_physics,0.7448720958606196,-0.0911210714297671,-20.48055241363548,18.17805226764929,-2.9610342814661603
105.89989900588988,nominal_physics,0.7121219927982323,-0.2043762928791177,-20.550606890279482,18.165264071689577,-2.9814718912632276
105.99989891052246,nominal_physics,0.7282872200012207,0.1511097635012612,-20.622503921362515,18.15365245883854,-2.9663609293240487
106.09989881515504,nominal_physics,0.7350401829704818,0.0370712991864601,-20.694882242401572,18.14083805115479,-2.962653802940798
106.1998987197876,nominal_physics,0.7761287093162537,-0.0130294484641863,-20.77125580478631,18.127024101194287,-2.96395674654463
106.29989862442017,nominal_physics,0.7246062247578517,-0.2920152336597924,-20.842576132341176,18.114220091180385,-2.9931582420618668
106.39989852905272,nominal_physics,0.7301148060549562,-0.1327083610412021,-20.914784697042467,18.103422437892238,-3.0064290655099306
106.4998984336853,nominal_physics,0.7781093865633011,-0.1483399925684155,-20.99188587198589,18.09293723647275,-3.02126305061997
106.59989833831789,nominal_physics,0.7178487674021052,0.1244842880016016,-21.063151613250014,18.08432022875603,-3.0088146336915553
106.69989824295044,nominal_physics,0.708305940080339,-0.079620423078963,-21.133358685293597,18.074943101611513,-3.016776668406255
106.799898147583,nominal_physics,0.6962896566040859,0.1603758975091806,-21.20244591296458,18.066274850087424,-3.000739093949976
106.89989805221558,nominal_physics,0.7096992135047913,0.0589771673557033,-21.272712918613095,18.05631151495849,-2.9948413828389064
106.99989795684814,nominal_physics,0.7505843916215322,-0.0473503599842379,-21.346964509564906,18.045336097653138,-2.9995764143216483
107.09989786148073,nominal_physics,0.7243258059024811,0.1961301819711536,-21.41866781628411,18.03508404763196,-2.979963414828962
107.19989776611328,nominal_physics,0.7487922426396402,0.0931048762727825,-21.49257102464802,18.02303401337527,-2.9706529360808576
107.29989767074584,nominal_physics,0.7395004636893416,-0.0375982086946873,-21.56544320534026,18.0104544979401,-2.974412753364682
107.39989757537842,nominal_physics,0.7540362924337387,0.2159247433410918,-21.639795483126804,17.99790717765228,-2.9528202996227577
107.499897480011,nominal_physics,0.7145075109575595,0.5296362241750785,-21.709976869487928,17.984499228399333,-2.8998567277152887
107.59989738464355,nominal_physics,0.7104277203548668,0.4138631997954134,-21.77895392739117,17.96749242637869,-2.858470447204823
107.69989728927612,nominal_physics,0.7519036304362993,0.0977874271107683,-21.85115073653893,17.94648764929938,-2.8486917138194823
107.79989719390868,nominal_physics,0.6963842048838564,-0.2654844733084357,-21.91782321501396,17.926380909822008,-2.875240135831749
107.89989709854126,nominal_physics,0.6929243972192298,-0.0466754663686648,-21.98467215810504,17.908142163916562,-2.8799076780172967
107.99989700317384,nominal_physics,0.7657594879116671,0.4158511050686859,-22.058641041260454,17.888331331688722,-2.838322607169074
108.0998969078064,nominal_physics,0.7474847733974457,0.032119341457642,-22.12997830516871,17.866008272182864,-2.8351106760864493
108.19989681243896,nominal_physics,0.6836063735042474,-0.4490127065087394,-22.19515333465295,17.845383448369997,-2.8800119039161345
108.29989671707152,nominal_physics,0.7648099755527775,-0.0829612146060173,-22.269032561073978,17.825604880834703,-2.8883080174649374
108.3998966217041,nominal_physics,0.757842001366452,0.1384806851224334,-22.34239876333196,17.80661450426581,-2.8744599621592393
108.49989652633668,nominal_physics,0.6959874081442878,0.2403267238400616,-22.409528893532997,17.788242756853432,-2.8504273126945723
108.59989643096924,nominal_physics,0.7351029799725147,-0.2263781804900546,-22.47994507542683,17.767140270452984,-2.873065109154469
108.6998963356018,nominal_physics,0.7363065047897602,-0.0349740695825023,-22.55093692724876,17.747605191128425,-2.8765625127773315
108.79989624023438,nominal_physics,0.7580789009652544,0.0038457278848317,-22.624097885244055,17.72774821590855,-2.876177940355606
108.89989614486694,nominal_physics,0.7245356048507972,-0.2395227427996739,-22.694014330734213,17.70874297809552,-2.900130191792904
108.99989604949953,nominal_physics,0.7536676605774778,0.1705634329208817,-22.767194584755103,17.690721074383017,-2.8830738647670104
109.09989595413208,nominal_physics,0.7456698083775558,0.071732327337564,-22.83928361433076,17.671658130203387,-2.8759006388741835
109.19989585876463,nominal_physics,0.677631131417229,0.2176311388045593,-22.90466892691584,17.653865107903233,-2.854137545748653
109.29989576339722,nominal_physics,0.7677670735391383,-0.2146016763510455,-22.978295299763474,17.632097959026094,-2.87559769291775
109.3998956680298,nominal_physics,0.7608242820397777,-0.1651639569987309,-23.051701948049008,17.612098238324336,-2.892114072866363
109.49989557266235,nominal_physics,0.7359053194522858,-0.0658915767593702,-23.123014144135535,17.59392884780268,-2.898703224258389
109.59989547729492,nominal_physics,0.7268224158885596,-0.2880249814502086,-23.193562883592335,17.576448186274124,-2.9275056949352063
109.69989538192748,nominal_physics,0.7017763406038284,0.1004115670108293,-23.2621383517457,17.561538588816084,-2.917464547810118
109.79989528656006,nominal_physics,0.7330313772825103,0.0062724172808765,-23.333607982415735,17.54524651577886,-2.9168373066802147
109.89989519119264,nominal_physics,0.7701815233656675,0.1649672846682927,-23.408688953533716,17.528081660657882,-2.9003405939458897
109.9998950958252,nominal_physics,0.688368558883667,-0.248560352385887,-23.475532202498293,17.511635270219173,-2.925196605479913
110.09989500045776,nominal_physics,0.7577040063225016,-0.1078918970164053,-23.549535384887346,17.495366537696693,-2.93598578489218
110.19989490509032,nominal_physics,0.7726915738188055,0.2829102790607896,-23.625176970400258,17.4795911823684,-2.907694783966532
110.2998948097229,nominal_physics,0.6859307885169983,-0.199954431358203,-23.69190222173139,17.463693310590607,-2.927690208033214
110.39989471435548,nominal_physics,0.7333222455394255,-0.2005139520263104,-23.76356313406293,17.448126726351916,-2.9477415841133467
110.49989461898804,nominal_physics,0.7681678130743379,-0.4331814980563822,-23.83894103799844,17.43332881319465,-2.991059692607573
110.5998945236206,nominal_physics,0.7416950613260269,-0.607330183258804,-23.912271712970632,17.42220598731558,-3.0517926530139334
110.69989442825316,nominal_physics,0.7512415661949503,-0.364627812944555,-23.987093099625476,17.415468907647554,-3.0882553995347655
110.79989433288574,nominal_physics,0.7587266743639693,-0.066298208921303,-24.062857796730572,17.41142399027717,-3.094885214104207
110.89989423751832,nominal_physics,0.6947533615376525,0.0850416905648763,-24.132257297303795,17.40818015806221,-3.0863810531579254
110.99989414215088,nominal_physics,0.737347702813189,0.0273843796212954,-24.205879642301053,17.404111215245866,-3.0836426178073744
111.09989404678343,nominal_physics,0.7862900314279003,0.1829713235350344,-24.284376581306212,17.39955721592312,-3.065345502903379
111.19989395141602,nominal_physics,0.708675712213586,0.0970741670042164,-24.355038186072335,17.394159004776277,-3.0556380954606706
111.29989385604858,nominal_physics,0.7518047679087683,-0.0169556313302835,-24.429941038702204,17.38770486053526,-3.0573336569766836
111.39989376068117,nominal_physics,0.7503505211494125,-0.2345150080698362,-24.504709818439142,17.381389966737174,-3.0807851354185765
111.49989366531372,nominal_physics,0.755102813243866,0.0761582243986463,-24.58008046921307,17.376801207397122,-3.0731693202417265
111.59989356994627,nominal_physics,0.7602905166083418,0.0420523600015961,-24.655931543358747,17.37160310946359,-3.0689640882519935
111.69989347457886,nominal_physics,0.7410432278401862,-0.2279385672471731,-24.729840434795058,17.366225754367527,-3.0917579232387986
111.79989337921144,nominal_physics,0.7837467640638351,0.0962992118898291,-24.808117734922106,17.362321593693054,-3.082128011233623
111.899893283844,nominal_physics,0.7504643347959793,0.1214889470067385,-24.883031452317883,17.35786161815143,-3.069979128119039
111.99989318847656,nominal_physics,0.7164631851923059,0.1746383182795709,-24.95449406222254,17.352735162047416,-3.05251531294589
112.09989309310912,nominal_physics,0.7292013764381409,0.0980231094205763,-25.02712501948944,17.346248222980602,-3.0427130113520455
112.1998929977417,nominal_physics,0.7474697686491993,-0.1203255591148784,-25.101506815582592,17.338869313586887,-3.0547455557883954
112.29989290237428,nominal_physics,0.7649239968838303,0.2714669897560268,-25.177710855022926,17.332234524742677,-3.0275988827018985
112.39989280700684,nominal_physics,0.6914157867431641,0.0213993131818327,-25.24640362156119,17.324369881794077,-3.025458953424513
112.4998927116394,nominal_physics,0.7284078873041295,0.376219916616272,-25.318753689936553,17.315929621787383,-2.987836997642013
112.59989261627196,nominal_physics,0.7642502460102139,0.1782574611007059,-25.394277046391792,17.30422509810664,-2.970011268531902
112.69989252090454,nominal_physics,0.7174695879220963,-0.0973416563982531,-25.46497040486425,17.291974981964167,-2.9797454248885042
112.79989242553712,nominal_physics,0.7210320426344122,-0.1093161303414986,-25.536131246265228,17.280356169627918,-2.9906770274974575
112.89989233016968,nominal_physics,0.7622610639617444,-0.072080817978446,-25.61149088221572,17.268896087462483,-2.9978851024211384
112.99989223480225,nominal_physics,0.7034218067039995,-0.1360154376989812,-25.68110789722821,17.258822152550117,-3.0114866332195938
113.0998921394348,nominal_physics,0.7391347155216761,0.0065044603497674,-25.7543965928896,17.24923268202671,-3.01083618780493
113.19989204406738,nominal_physics,0.8008618723609848,0.1503211987650469,-25.833799052366174,17.238790719483877,-2.9958040822641703
113.29989194869997,nominal_physics,0.7759863909380279,0.0055408311090402,-25.910574425155676,17.227517767915742,-2.995249999681681
113.39989185333252,nominal_physics,0.7337874257528925,0.1606196822023478,-25.983168753905645,17.216817626548842,-2.979188046779335
113.49989175796507,nominal_physics,0.717317208647728,-0.5205532050636241,-26.053956513359175,17.205219218225864,-3.0312433176418683
113.59989166259766,nominal_physics,0.7254196428818178,0.1556461390078128,-26.12605718601246,17.197230504397762,-3.015678718584657
113.69989156723022,nominal_physics,0.7567788064479828,0.1056983686687647,-26.201135876604127,17.1877267728002,-3.0051088917979625
113.7998914718628,nominal_physics,0.7486540337987706,0.0992084394029371,-26.27530500146841,17.17754056399904,-2.9951880573189227
113.89989137649536,nominal_physics,0.7289064171220281,0.3122831860810606,-26.347415788599097,17.166907131120436,-2.9639597684924617
113.99989128112792,nominal_physics,0.7544286734088351,-0.1072907811803803,-26.421671470453298,17.15357637386251,-2.9746888363784523
114.0998911857605,nominal_physics,0.7267667328777931,0.0346975513198659,-26.493338150274774,17.141502610193772,-2.9712190845554813
114.19989109039308,nominal_physics,0.7346856069827329,-0.0319513810187439,-26.565742927135155,17.129045989314914,-2.974414219610235
114.29989099502563,nominal_physics,0.7224974930286407,0.163603202232364,-26.636985317100766,17.117023585648944,-2.958053914989419
114.3998908996582,nominal_physics,0.6930858001985355,0.2030401286795955,-26.705129724881928,17.10437408802112,-2.9377499214848743
114.49989080429076,nominal_physics,0.7655992901567279,0.20279837112594,-26.780104478780665,17.088875771050045,-2.9174701037126436
114.59989070892334,nominal_physics,0.7019340500049682,-0.135240020705289,-26.848542246111805,17.073275235463925,-2.9309940928856806
114.69989061355592,nominal_physics,0.7193826042638016,0.3255164273058463,-26.918891032905698,17.058236896491096,-2.8984424811987566
114.79989051818848,nominal_physics,0.7863368839025497,0.4333701467195237,-26.99521158763316,17.03930496361764,-2.8551055078562086
114.89989042282104,nominal_physics,0.7964224427358695,0.0012554717258762,-27.071607737850563,17.0167993375032,-2.8549799608033517
114.9998903274536,nominal_physics,0.8000006471695305,-0.094888571012728,-27.148344285491937,16.99418296282128,-2.864468808855344
115.09989023208618,nominal_physics,0.7597983016672989,0.038190158036075,-27.22142513461465,16.973395633202582,-2.860649796693833
115.19989013671876,nominal_physics,0.7490083873271942,-0.1279293777107336,-27.29338937593975,16.95262852187506,-2.8734427222646124
115.29989004135132,nominal_physics,0.7348318741481972,0.0942317586583667,-27.36424640640266,16.933159321394246,-2.8640195553854184
115.39988994598389,nominal_physics,0.7266831412926134,-0.0548996837464852,-27.43413315029159,16.913246590921215,-2.869509518524424
115.49988985061646,nominal_physics,0.74062706459987,0.2593772955833454,-27.505471256381227,16.893343107673875,-2.843571813702237
115.59988975524902,nominal_physics,0.7652250741488145,-0.1143017497729683,-27.578620543608135,16.870873912085,-2.855001977778869
115.6998896598816,nominal_physics,0.7393091479504768,0.3533016720460136,-27.649535985958178,16.849974874461502,-2.819671844267736
115.79988956451416,nominal_physics,0.7563725513972483,-0.2227559128118728,-27.72128764489237,16.82604408063146,-2.8419474143052605
115.89988946914671,nominal_physics,0.7851069733913546,0.1648975407749131,-27.796299933569625,16.80286921520965,-2.8254576759536265
115.9998893737793,nominal_physics,0.7767650991141438,-0.0693910678091532,-27.87012704618871,16.778719968304237,-2.8323967761168944
116.09988927841188,nominal_physics,0.7714188827066341,-0.5605482621238579,-27.943610685454033,16.75524627375248,-2.888451548871241
116.19988918304443,nominal_physics,0.745963624979542,-0.6052817220711902,-28.01582963189601,16.73656391685955,-2.948979663354188
116.299889087677,nominal_physics,0.7182193157567525,-0.2960775567253367,-28.08632332176251,16.722815473114025,-2.9785873907905653
116.39988899230956,nominal_physics,0.6752268742668983,0.351271198282827,-28.15295086712491,16.71185760744108,-2.9434603044621195
116.49988889694214,nominal_physics,0.7314895806820471,0.1876144751156401,-28.22466866423853,16.697459085369132,-2.924698874842864
116.5998888015747,nominal_physics,0.7367094649371283,0.0060989593630479,-28.296613476761852,16.681605317479175,-2.924088979488201
116.69988870620728,nominal_physics,0.7683755133312782,0.1059753178843167,-28.37164060085063,16.665024343899816,-2.913491457806363
116.79988861083984,nominal_physics,0.7956300147311034,0.0622315563582938,-28.449142649689524,16.647032913852282,-2.9072683081053974
116.8998885154724,nominal_physics,0.7458765313816166,-0.1725560547046718,-28.52169186054152,16.629714732821128,-2.9245238971196343
116.99988842010498,nominal_physics,0.7388001829385757,0.1687775416824501,-28.59383806321225,16.61380334908174,-2.9076461590472675
117.09988832473756,nominal_physics,0.7386976632480347,0.0121667775706538,-28.66569548230954,16.596679001221062,-2.906429482450516
117.19988822937012,nominal_physics,0.7523603439331055,0.022687238277752,-28.7388606755303,16.579148896380204,-2.9041607607863646
117.29988813400269,nominal_physics,0.7149825890637551,0.0991085202790923,-28.80835300002054,16.562331996748494,-2.894249918210181
117.39988803863524,nominal_physics,0.7658426511634148,-0.0613811950042805,-28.88260646080739,16.5435820090764,-2.900388031856841
117.49988794326782,nominal_physics,0.73360381460377,-0.4163392679463874,-28.95384305939649,16.526058244509127,-2.9420219189462795
117.5998878479004,nominal_physics,0.7412779095909557,-0.3406447511315399,-29.02649947557629,16.511362527458104,-2.9760863615730226
117.69988775253296,nominal_physics,0.7397771723869135,-0.4721161785972632,-29.099466222847568,16.49917458250627,-3.0232979344082356
117.79988765716551,nominal_physics,0.7184554297005977,-0.2465343369444114,-29.170809593358495,16.490695450269516,-3.0479513445913264
117.8998875617981,nominal_physics,0.6974702982672987,0.2407065966212795,-29.2402509851403,16.484173794154493,-3.023880707884765
117.99988746643066,nominal_physics,0.6928703972866774,0.3932020780102971,-29.30905848911451,16.476036711470353,-2.984560537582407
118.09988737106325,nominal_physics,0.7261012488102221,0.0804083414811113,-29.380775134122175,16.464681403984095,-2.9765197111026325
118.1998872756958,nominal_physics,0.7982358934229216,-0.3017380179156356,-29.459513556174365,16.451564462459192,-3.0066934841182125
118.29988718032835,nominal_physics,0.7778345387128904,0.0422990060099657,-29.53659026584779,16.441103344827525,-3.002463587551164
118.39988708496094,nominal_physics,0.7464182525873184,0.3061762813079172,-29.61051076810913,16.430751977923258,-2.971845988619613
118.4998869895935,nominal_physics,0.7663188933792277,-0.1010813745699022,-29.686041200873564,16.417806361324605,-2.9819541164367322
118.59988689422607,nominal_physics,0.7923900842539925,0.1002164277061093,-29.76427259536624,16.405210433566864,-2.9719324832235046
118.69988679885864,nominal_physics,0.7471800893545151,-0.1339050555237148,-29.837917748076627,16.39259450342924,-2.985322976005696
118.7998867034912,nominal_physics,0.7459161195320584,0.1184360853966369,-29.91160037019498,16.38098549144578,-2.9734793787609792
118.89988660812378,nominal_physics,0.6849316410990912,0.1007214907731611,-29.979127867874446,16.369525053453646,-2.963407239289211
118.99988651275636,nominal_physics,0.7230624903039515,-0.1047784671384083,-30.050289219669327,16.356709216079953,-2.9738850760105997
119.09988641738892,nominal_physics,0.76441571551832,0.014848372679987,-30.12565824518464,16.343949407736833,-2.9724002401586525
119.19988632202148,nominal_physics,0.7585113617739138,0.0043984272862453,-30.200426237364685,16.331177124031818,-2.971960397849495
119.29988622665404,nominal_physics,0.7041651931584652,0.0984824880863761,-30.26983199628047,16.31928942600722,-2.9621121584328804
119.39988613128662,nominal_physics,0.7173718026022889,0.1118579875390566,-30.34041676381925,16.306483028873377,-2.9509263703465827
119.4998860359192,nominal_physics,0.6718135043918447,0.2227666512112041,-30.406380603254707,16.293751291942783,-2.9286497264701428
119.59988594055176,nominal_physics,0.7449356741839899,0.5431763267881835,-30.479191529780937,16.278008040033438,-2.8743321455926623
119.69988584518433,nominal_physics,0.7150846804865292,0.6482503455642715,-30.54816123753767,16.259123372668938,-2.809507172858206
119.7998857498169,nominal_physics,0.6776125588965632,0.1398185381286262,-30.612220262324314,16.23703218923814,-2.795525332379478
119.89988565444946,nominal_physics,0.734413459989301,-0.05601455573459,-30.6813074952844,16.21212084129141,-2.8011267826109734
119.99988555908205,nominal_physics,0.7467110920445398,-0.1013580462184685,-30.75169235605419,16.187186220995493,-2.8112625775665645
120.0998854637146,nominal_physics,0.7726244181394577,-0.067796863580948,-30.824777559992693,16.162125764207246,-2.8180422574590462
120.19988536834715,nominal_physics,0.7430067511104854,0.145763644716085,-30.895222899208026,16.13850302145567,-2.803465906888544
120.29988527297974,nominal_physics,0.7558107107328504,-0.015849423309448,-30.96652432947651,16.11343125545217,-2.80505084770797
120.3998851776123,nominal_physics,0.8142190277576447,0.2317829591983981,-31.043378576594144,16.086543743354618,-2.7818725738926755
120.49988508224487,nominal_physics,0.7508733539142427,-0.2410408736092434,-31.11365990977187,16.060112107213175,-2.8059766382661513
120.59988498687744,nominal_physics,0.7393062497303654,-0.1148621783650366,-31.183465701438912,16.035763014138084,-2.817462845148544
120.69988489151,nominal_physics,0.7369718104600906,-0.1218512388581391,-31.2533252730084,16.012291661494377,-2.829647957413716
120.79988479614258,nominal_physics,0.7012751259311104,0.2490401756443533,-31.3200682646219,15.990768843070796,-2.8047439635995994
120.89988470077516,nominal_physics,0.6801410615444183,-0.2756897021491768,-31.38425997826845,15.968289214251067,-2.8323129075227023
120.99988460540771,nominal_physics,0.7108419078797625,0.0512419485793436,-31.451971375904655,15.946653152401096,-2.827188717551582
121.09988451004028,nominal_physics,0.7183047059913322,0.092155521110249,-31.520280714931875,15.924439623483464,-2.8179731742291922
121.19988441467284,nominal_physics,0.7700342684984207,-0.0064071652343144,-31.593286873213927,15.89995253934014,-2.818613890141589
121.29988431930542,nominal_physics,0.7467305799668643,0.2218691383676254,-31.664098832640544,15.876251877804119,-2.7964269974639127
121.399884223938,nominal_physics,0.7158336454448482,0.2528069343399902,-31.73146010425171,15.852031485717132,-2.7711463281394586
121.49988412857056,nominal_physics,0.7174704495656786,0.0482043493497919,-31.798340185945214,15.826056818937134,-2.7663258978016056
121.59988403320312,nominal_physics,0.7430662661790848,-0.5873180120738204,-31.86747573982641,15.798821925555647,-2.825057642997977
121.6998839378357,nominal_physics,0.7554082687976061,-0.6201546871666568,-31.93926360634857,15.775307932663033,-2.8870730525720827
121.79988384246826,nominal_physics,0.7083174496278155,-0.6873935151484293,-32.00781339611516,15.757473896439969,-2.955812338531972
121.89988374710084,nominal_physics,0.7192979454994202,-0.197196036041885,-32.07850538520452,15.74418750663047,-2.9755319233300837
121.9998836517334,nominal_physics,0.7267775115192696,0.0485893814765665,-32.15018328182277,15.732173990318966,-2.970672989816272
122.09988355636597,nominal_physics,0.7645523751342428,-0.0066220593217231,-32.225524399813544,15.719169831987186,-2.9713351951169154
122.19988346099854,nominal_physics,0.7573626225661325,0.0391163410984307,-32.30016553366218,15.706337388031294,-2.967423564737498
122.2998833656311,nominal_physics,0.70342622745322,0.0745456979541212,-32.369443867467766,15.6941477365968,-2.9599690020513165
122.39988327026369,nominal_physics,0.7174695581197739,-0.2766014221144196,-32.44001064156526,15.681188329069895,-2.987629117883996
122.49988317489624,nominal_physics,0.706640715904398,-0.0010218829961376,-32.509838761931974,15.670351581605003,-2.987731306086155
122.5998830795288,nominal_physics,0.7156986639729184,0.3258731699519699,-32.580563082827105,15.659383152358142,-2.9551440201686496
122.69988298416138,nominal_physics,0.7359053045511246,0.0617073386893262,-32.652878128308345,15.645741670021375,-2.9489732921845864
122.79988288879396,nominal_physics,0.7341845976153205,-0.2898543512915219,-32.724938731361824,15.631687153302316,-2.9779586996710776
122.89988279342651,nominal_physics,0.7349485734897219,-0.0713268473776863,-32.79745176137375,15.619714508118124,-2.9850913776065866
122.99988269805908,nominal_physics,0.7515151593259659,-0.1671329105694374,-32.87168475355709,15.6080011633246,-3.001804652724495
123.09988260269164,nominal_physics,0.7519501012998779,0.2283906938682702,-32.946146207233326,15.5975240129404,-2.978965605118704
123.19988250732422,nominal_physics,0.6861391745677633,0.0135155177078882,-33.0138547228466,15.586414665404709,-2.977614054636856
123.2998824119568,nominal_physics,0.7019509921396776,-0.1448836688625393,-33.08310813145726,15.574955697244718,-2.9921024077059286
123.39988231658936,nominal_physics,0.780025168119599,-0.1234369075771611,-33.160240622481446,15.563338475014374,-3.0044460866917824
123.49988222122192,nominal_physics,0.7254426942025106,0.1190114012952023,-33.232103642936224,15.553420447030424,-2.9925449579120738
123.59988212585448,nominal_physics,0.7408376876929601,-0.1082749243808441,-33.305365970658336,15.542419280569424,-3.003372440024254
123.69988203048706,nominal_physics,0.7648832510663365,0.0924083331470469,-33.38112473789129,15.53188068929289,-2.994131615522294
123.79988193511964,nominal_physics,0.7195319244153372,-0.0760725746054711,-33.45229697664241,15.521308818179184,-3.0017388657279955
123.8998818397522,nominal_physics,0.797154575586319,-0.2325016299563428,-33.53123404816457,15.510196626993784,-3.024989006550544
123.99988174438477,nominal_physics,0.7810644326491051,-0.0555206779620772,-33.60881003516443,15.501109763701377,-3.0305410690518872
124.09988164901732,nominal_physics,0.7397143393754959,-0.0632950135539508,-33.68232574289158,15.49291200061754,-3.0368705643709983
124.1998815536499,nominal_physics,0.7090705042059763,0.2123238351078656,-33.752844272519,15.485500038073422,-3.015638201108988
124.29988145828248,nominal_physics,0.7464400816783319,0.1022866571001079,-33.82689689659417,15.476123141160288,-3.0054095451537908
124.39988136291504,nominal_physics,0.7132034748792648,-0.3629192635283454,-33.89755685032621,15.466440517420635,-3.041701436895943
124.4998812675476,nominal_physics,0.7348594092677462,0.2726865974619017,-33.97067639554547,15.459112126001395,-3.0144328031551773
124.59988117218018,nominal_physics,0.7153247030651826,0.0732154896573205,-34.04163125033975,15.450040569928687,-3.0071112611718167
124.69988107681274,nominal_physics,0.7445898950099945,0.3710864922304264,-34.1154178790702,15.440057385892551,-2.9700026473383403
124.79988098144533,nominal_physics,0.672759393048631,1.048655600723868,-34.181705775709744,15.428570082653613,-2.865137187273529
124.89988088607788,nominal_physics,0.6902122312006914,-0.0578549009042679,-34.248106127257245,15.40973093540944,-2.8709226718464826
124.99988079071044,nominal_physics,0.7058901190757751,0.0099585473514366,-34.31612506777809,15.390857069124017,-2.86992681806106
125.09988069534302,nominal_physics,0.7771370710055977,-0.0618431623195737,-34.39098857104311,15.370003660987038,-2.876111128395195
125.1998805999756,nominal_physics,0.7973638705697956,-0.0657472755778098,-34.46793142191255,15.349082929779087,-2.8826858496828276
125.29988050460815,nominal_physics,0.7441328018903732,-0.098428492551315,-34.53986447161976,15.330031366413163,-2.892528689551085
125.39988040924072,nominal_physics,0.3874113477881151,-0.0826001724081899,-34.577410157719605,15.320481805347326,-2.9007886989145373
125.49988031387328,nominal_physics,0.1144956255880551,-0.0110489626431503,-34.58852935039455,15.317751276642765,-2.9018935941251414
125.59988021850586,nominal_physics,-0.0621634272392839,-0.0076132433778865,-34.58249074199234,15.319227099030638,-2.902654917736875
125.69988012313844,nominal_physics,-0.0621070623929073,0.0098232667592317,-34.57645648810832,15.32069698966674,-2.9016725919977713
125.799880027771,nominal_physics,-0.0068485995371019,0.0,-34.57579124525096,15.320859729343285,-2.9016725919977713
125.89987993240356,nominal_physics,-0.0212519800074399,-0.0043171917337074,-34.57372692132195,15.321364728990822,-2.902104310759422
125.99987983703612,nominal_physics,-0.0016871324692428,0.0001679192116012,-34.57356302339682,15.321404748680177,-2.9020875188542767
126.0998797416687,nominal_physics,-0.0004167010731295,-0.0002777777845039,-34.57352254278105,15.321414633733443,-2.902115296606236
126.19987964630128,nominal_physics,0.0,-0.0005555555690079,-34.57352254278105,15.321414633733443,-2.902170852110155
126.29987955093384,nominal_physics,0.0,0.0005555555690079,-34.57352254278105,15.321414633733443,-2.902115296606236
126.3998794555664,nominal_physics,0.0,9.872096631403796e-06,-34.57352254278105,15.321414633733443,-2.902114309397514
126.49987936019896,nominal_physics,0.0,0.0010567216841218,-34.57352254278105,15.321414633733443,-2.902008637329878
126.59987926483154,nominal_physics,0.0,0.0025237983477499,-34.57352254278105,15.321414633733443,-2.9017562577357916
126.69987916946413,nominal_physics,0.0,-0.0005555555690079,-34.57352254278105,15.321414633733443,-2.9018118132397106
126.79987907409668,nominal_physics,-0.0208735037595033,-0.0004280638472491,-34.57149491333631,15.321910357564246,-2.901854619583612
126.89987897872923,nominal_physics,-0.0008470987379145,-0.0005555555690079,-34.57141262622547,15.321930471748793,-2.901910175087531
126.99987888336182,nominal_physics,-0.0003019095908896,-0.0005555555690079,-34.57138329835117,15.32193763890035,-2.90196573059145
127.09987878799438,nominal_physics,0.0,-0.0005555555690079,-34.57138329835117,15.32193763890035,-2.902021286095369
127.19987869262695,nominal_physics,0.0,0.0,-34.57138329835117,15.32193763890035,-2.902021286095369
127.29987859725952,nominal_physics,0.0,0.0,-34.57138329835117,15.32193763890035,-2.902021286095369
127.39987850189208,nominal_physics,0.0,-0.0002777777845039,-34.57138329835117,15.32193763890035,-2.902049063847329
127.49987840652466,nominal_physics,0.0,-7.095574589807005e-05,-34.57138329835117,15.32193763890035,-2.9020561594151513
127.59987831115724,nominal_physics,0.0,0.0,-34.57138329835117,15.32193763890035,-2.9020561594151513
127.6998782157898,nominal_physics,0.0,0.0,-34.57138329835117,15.32193763890035,-2.9020561594151513
127.79987812042236,nominal_physics,0.0,0.0,-34.57138329835117,15.32193763890035,-2.9020561594151513
127.89987802505492,nominal_physics,0.0,0.0008333333535119,-34.57138329835117,15.32193763890035,-2.901972826159273
127.9998779296875,nominal_physics,0.0,0.0002777777845039,-34.57138329835117,15.32193763890035,-2.9019450484073133
128.09987783432007,nominal_physics,0.0,0.0,-34.57138329835117,15.32193763890035,-2.9019450484073133
128.19987773895264,nominal_physics,0.0,-2.024161172238525e-06,-34.57138329835117,15.32193763890035,-2.9019452508232373
128.2998776435852,nominal_physics,0.0,-0.0001501370313214,-34.57138329835117,15.32193763890035,-2.901960264512052
128.39987754821777,nominal_physics,0.0,0.0006361179118695,-34.57138329835117,15.32193763890035,-2.901896652781529
128.49987745285034,nominal_physics,0.0,8.726918792049539e-05,-34.57138329835117,15.32193763890035,-2.90188792587106
128.5998773574829,nominal_physics,0.0,0.0002777777845039,-34.57138329835117,15.32193763890035,-2.9018601481191
128.69987726211548,nominal_physics,0.0,0.0005555555690079,-34.57138329835117,15.32193763890035,-2.901804592615182
128.79987716674805,nominal_physics,0.0,0.0,-34.57138329835117,15.32193763890035,-2.901804592615182
128.89987707138062,nominal_physics,0.0,0.0,-34.57138329835117,15.32193763890035,-2.901804592615182
128.99987697601318,nominal_physics,0.0,-0.0002539333690178,-34.57138329835117,15.32193763890035,-2.9018299859278667
129.09987688064575,nominal_physics,0.0,2.7134753206340886e-06,-34.57138329835117,15.32193763890035,-2.901829714580593
129.19987678527832,nominal_physics,0.0,0.0007229670430325,-34.57138329835117,15.32193763890035,-2.9017574179452374
129.2998766899109,nominal_physics,0.0,0.0005070315445062,-34.57138329835117,15.32193763890035,-2.9017067148391416
129.39987659454346,nominal_physics,0.0,0.000146516302988,-34.57138329835117,15.32193763890035,-2.901692063222815
129.49987649917605,nominal_physics,0.0,0.0,-34.57138329835117,15.32193763890035,-2.901692063222815
129.5998764038086,nominal_physics,0.0,-0.0002733786188454,-34.57138329835117,15.32193763890035,-2.901719401058628
129.69987630844116,nominal_physics,0.0,0.0,-34.57138329835117,15.32193763890035,-2.901719401058628
129.79987621307373,nominal_physics,0.0,0.0,-34.57138329835117,15.32193763890035,-2.901719401058628
129.8998761177063,nominal_physics,0.0,0.0010760028558349,-34.57138329835117,15.32193763890035,-2.90161180087566
129.99987602233887,nominal_physics,0.0,0.0,-34.57138329835117,15.32193763890035,-2.90161180087566
130.09987592697144,nominal_physics,0.0,0.0,-34.57138329835117,15.32193763890035,-2.90161180087566
130.199875831604,nominal_physics,0.0,-0.0002777777845039,-34.57138329835117,15.32193763890035,-2.90163957862762
130.29987573623657,nominal_physics,0.0,0.0,-34.57138329835117,15.32193763890035,-2.90163957862762
130.39987564086914,nominal_physics,0.0,-0.0002922474412974,-34.57138329835117,15.32193763890035,-2.9016688033438793
130.4998755455017,nominal_physics,0.0,0.0002777777845039,-34.57138329835117,15.32193763890035,-2.9016410255919194
130.59987545013428,nominal_physics,0.0,7.940014192123231e-05,-34.57138329835117,15.32193763890035,-2.901633085585299
130.69987535476685,nominal_physics,0.0,0.0,-34.57138329835117,15.32193763890035,-2.901633085585299
130.7998752593994,nominal_physics,0.0,4.721942204691969e-05,-34.57138329835117,15.32193763890035,-2.901628363647598
130.89987516403198,nominal_physics,0.0,0.0002777777845039,-34.57138329835117,15.32193763890035,-2.901600585895639
130.99987506866455,nominal_physics,0.0,0.0,-34.57138329835117,15.32193763890035,-2.901600585895639
131.09987497329712,nominal_physics,0.0,0.0002777777845039,-34.57138329835117,15.32193763890035,-2.90157280814368
131.1998748779297,nominal_physics,0.0,-0.0002777777845039,-34.57138329835117,15.32193763890035,-2.901600585895639
131.29987478256226,nominal_physics,0.0,2.659922803882366e-07,-34.57138329835117,15.32193763890035,-2.901600559296436
131.39987468719482,nominal_physics,0.0,-0.0002272620346685,-34.57138329835117,15.32193763890035,-2.9016232854782293
131.4998745918274,nominal_physics,0.0,0.0,-34.57138329835117,15.32193763890035,-2.9016232854782293
131.59987449645996,nominal_physics,0.0,-0.0002777777845039,-34.57138329835117,15.32193763890035,-2.9016510632301884
131.69987440109253,nominal_physics,0.0041700574555199,-0.0014480275867223,-34.571788357270336,15.321838539293104,-2.901795865850767
131.7998743057251,nominal_physics,0.0823140524997403,-0.0138388918473156,-34.57978422359601,15.31988353932968,-2.903179753715719
131.89987421035767,nominal_physics,0.1873966485876342,-0.0114871683660893,-34.597993801101275,15.315457970859367,-2.904328469456825
131.99987411499023,nominal_physics,0.2472046628207126,0.0235098455291836,-34.62202169194308,15.30964757076003,-2.901977487145981
132.0998740196228,nominal_physics,0.3094459101557731,0.0603507310561533,-34.65208214810484,15.302303534944915,-2.895942419795859
132.19987392425537,nominal_physics,0.3522789488872216,0.0236240326211084,-34.686252447920396,15.293736573886381,-2.893580018786712
132.29987382888794,nominal_physics,0.3319356503033733,0.0555735399935722,-34.718430331867054,15.285588295381158,-2.8880226700872598
132.3998737335205,nominal_physics,0.3073128387331962,-0.0426117922084983,-34.74817889375857,15.277879010552633,-2.8922838452443322
132.49987363815308,nominal_physics,0.3032075521523426,-0.0355655746935217,-34.77756220003891,15.27039785052618,-2.8958403993218873
132.59987354278564,nominal_physics,0.2682547361962447,0.2236362974057057,-34.803581666396255,15.263871593340223,-2.8734767909089367
132.6998734474182,nominal_physics,0.1938036382198333,0.2246595758918341,-34.82226958579685,15.2587374474568,-2.8510108547449597
132.79987335205078,nominal_physics,0.1931067453521328,0.3372062962555871,-34.840770687973915,15.253204757515658,-2.8172902572778993
132.89987325668335,nominal_physics,0.2429783021428222,0.1478616275802368,-34.8638019292249,15.245462319043671,-2.8025041086210596
132.99987316131592,nominal_physics,0.2798302545009342,0.2287272702622252,-34.89019152657533,15.236154399218355,-2.7796314034079685
133.0998730659485,nominal_physics,0.324167446856796,0.2846466665642532,-34.92050777105321,15.224675346450526,-2.751166763897565
133.19987297058103,nominal_physics,0.362924724817276,0.1032002523563254,-34.954069096189066,15.210863087340929,-2.7408467485038788
133.29987287521362,nominal_physics,0.3236992891763267,0.1460667305467306,-34.98387433591121,15.19823541991197,-2.7262400893792105
133.3998727798462,nominal_physics,0.2872204654339799,0.2281643909470849,-35.01015423991643,15.186645724935847,-2.7034236720439537
133.49987268447876,nominal_physics,0.292229063808918,0.2152802005974218,-35.0366164345317,15.174246979650277,-2.6818956725149317
133.59987258911133,nominal_physics,0.3320135583551373,0.2902278428206922,-35.066371029008934,15.159516330164077,-2.6528729159111464
133.6998724937439,nominal_physics,0.3639047933202982,0.3298310691850664,-35.09850141386085,15.142431166148338,-2.6198898404477813
133.79987239837646,nominal_physics,0.3417465053498745,0.196652217547713,-35.12812984484731,15.12540000092499,-2.6002246374472264
133.89987230300903,nominal_physics,0.3913507870769525,0.2213783822767627,-35.161668752700585,15.105233366990191,-2.578086820331839
133.9998722076416,nominal_physics,0.4183327738244555,0.352806489493323,-35.19703405535989,15.08288800670064,-2.5428062050287554
134.09987211227417,nominal_physics,0.4371246844530105,0.2392972344576066,-35.233141404150665,15.058249913909975,-2.5188765044041563
134.19987201690674,nominal_physics,0.4139278306627175,0.0470290751545773,-35.26676461710881,15.034107859888733,-2.5141736013737415
134.2998719215393,nominal_physics,0.3890358157661533,0.0509963142031456,-35.298258801307576,15.011269249283147,-2.509073974816814
134.39987182617188,nominal_physics,0.357134997844696,-0.0777292411318739,-35.32706317854312,14.990156232298519,-2.5168468915171633
134.49987173080444,nominal_physics,0.3205423230077733,0.1934136991217297,-35.35306272132046,14.97140801574303,-2.4975055400503585
134.599871635437,nominal_physics,0.3879657313454988,0.1180828346514361,-35.384086303927745,14.948111910096308,-2.4856972678464713
134.69987154006958,nominal_physics,0.4692740271987683,0.4466906865974517,-35.42127633731327,14.919492365332431,-2.4410282417864693
134.79987144470215,nominal_physics,0.5046690185314593,0.4420105327410888,-35.45985716000067,14.886958944891607,-2.39682723066577
134.89987134933472,nominal_physics,0.4840744853146511,0.5191362035460882,-35.495448553437775,14.854148438691919,-2.3449136598198477
134.99987125396729,nominal_physics,0.4208220243453979,0.2715479615328945,-35.524867570581584,14.824058077871726,-2.3177588895633896
135.09987115859985,nominal_physics,0.3686001093329987,0.1950918269825401,-35.54991072320522,14.79701185223423,-2.2982497254705425
135.19987106323242,nominal_physics,0.4120537172848118,0.3067314132730488,-35.57731102538865,14.766236815904657,-2.2675766133954243
135.299870967865,nominal_physics,0.408176064491272,0.4731923392766052,-35.60350577198909,14.734933316595693,-2.2202574245949016
135.39987087249756,nominal_physics,0.3930124704465768,0.2677237841044813,-35.62727346562995,14.703633447391601,-2.1934850717165837
135.49987077713013,nominal_physics,0.4388794005926911,0.5476763643851085,-35.65286982571277,14.667982725669368,-2.1387174875085613
135.5998706817627,nominal_physics,0.4741485267877579,0.7482673549653437,-35.678373335878646,14.628011049000376,-2.063890823372362
135.69987058639526,nominal_physics,0.4996729212623438,0.2721554880195513,-35.7020255312436,14.583996288127304,-2.036675300525177
135.79987049102783,nominal_physics,0.3877035108783229,0.3121899981292891,-35.71944147712106,14.549357840043474,-2.005456330485006
135.8998703956604,nominal_physics,0.286744050681591,0.0783610080784264,-35.731516316205976,14.523349799001828,-1.9976202371502518
135.99987030029297,nominal_physics,0.3245173797616625,0.3523851405455026,-35.74495073060621,14.4938094909679,-1.9623817567017667
136.09987020492554,nominal_physics,0.4173221549135853,0.6409623712353208,-35.760877995540866,14.455236226655373,-1.8982855807051697
136.1998701095581,nominal_physics,0.4539888858878003,0.5990771495721571,-35.7754812939888,14.412250196036336,-1.8383779228804036
136.29987001419067,nominal_physics,0.4533711005718684,0.5401124191280521,-35.78746840863662,14.368526532988819,-1.784366732476732
136.39986991882324,nominal_physics,0.4150324415484669,0.3923364688695374,-35.79626503487857,14.327966264785896,-1.7451331230058997
136.4998698234558,nominal_physics,0.4088064286126547,0.0367369632772499,-35.80335598104481,14.287705337628081,-1.7414594301816848
136.59986972808838,nominal_physics,0.4214660152036518,0.3195897399327241,-35.81051397838284,14.246171066167818,-1.7095004866668653
136.69986963272095,nominal_physics,0.4711042061725867,0.0176042846876582,-35.81702745120988,14.199513138981597,-1.7077400598769747
136.79986953735352,nominal_physics,0.4785018168528535,0.0736015125490092,-35.82355976532344,14.15211098299163,-1.7003799156412605
136.89986944198608,nominal_physics,0.2631280496716499,-0.0922439980855776,-35.8269599352076,14.12601881502075,-1.7096043066527455
136.99986934661865,nominal_physics,0.0373159495142803,0.0506202672095216,-35.827476248112646,14.122323115451499,-1.7045422847593183
137.09986925125122,nominal_physics,-0.0188770601713586,-0.0140399809773916,-35.82722452733569,14.124193961212343,-1.7059462815181003
137.1998691558838,nominal_physics,-0.003809033660218,-0.0002777777845039,-35.827173204884154,14.124571390813042,-1.7059740592700603
137.29986906051636,nominal_physics,-0.000925901007086,0.0005555555690079,-35.82716072685926,14.124663136163292,-1.7059185037661413
137.39986896514893,nominal_physics,0.0,0.0002355069767443,-35.82716072685926,14.124663136163292,-1.705894953090926
137.4998688697815,nominal_physics,0.0,0.0,-35.82716072685926,14.124663136163292,-1.705894953090926
137.59986877441406,nominal_physics,0.0,0.0001498920159856,-35.82716072685926,14.124663136163292,-1.7058799639036222
137.69986867904663,nominal_physics,0.0,-0.0005555555690079,-35.82716072685926,14.124663136163292,-1.7059355194075412
137.7998685836792,nominal_physics,0.0,-0.0002292794846408,-35.82716072685926,14.124663136163292,-1.7059584473341394
137.89986848831177,nominal_physics,0.0,-0.0001585626980327,-35.82716072685926,14.124663136163292,-1.705974303588821
137.99986839294434,nominal_physics,0.0,-0.0025380702839867,-35.82716072685926,14.124663136163292,-1.7062281103751706
138.0998682975769,nominal_physics,0.0,-0.001476673336632,-35.82716072685926,14.124663136163292,-1.7063757775680077
138.19986820220947,nominal_physics,0.0,-0.0002777777845039,-35.82716072685926,14.124663136163292,-1.7064035553199668
138.29986810684204,nominal_physics,0.0,0.0002174901831293,-35.82716072685926,14.124663136163292,-1.7063818063223959
138.3998680114746,nominal_physics,0.0,0.0021741816403803,-35.82716072685926,14.124663136163292,-1.7061643883657034
138.49986791610718,nominal_physics,0.0,0.0018349266198021,-35.82716072685926,14.124663136163292,-1.7059808958787155
138.59986782073975,nominal_physics,0.0,0.0032258723013374,-35.82716072685926,14.124663136163292,-1.7056583089562247
138.69986772537231,nominal_physics,0.0,-0.0019676323950587,-35.82716072685926,14.124663136163292,-1.7058550720080827
138.79986763000488,nominal_physics,0.0,-0.0002777777845039,-35.82716072685926,14.124663136163292,-1.7058828497600427
138.89986753463745,nominal_physics,0.0,-0.00198813142838,-35.82716072685926,14.124663136163292,-1.7060816627132773
138.99986743927002,nominal_physics,0.0,-0.0005555555690079,-35.82716072685926,14.124663136163292,-1.7061372182171963
139.0998673439026,nominal_physics,-0.0028948655817657,0.0014160943619461,-35.827121667027285,14.124949975207096,-1.7059956089160515
139.19986724853516,nominal_physics,-0.0004570840101223,0.0005555555690079,-35.82711550609939,14.12499526645245,-1.7059400534121325
139.29986715316772,nominal_physics,-0.0001523613464087,0.0014315261228888,-35.827113453295354,14.125010363649263,-1.705796900936364
139.3998670578003,nominal_physics,0.0,0.0005998346653715,-35.827113453295354,14.125010363649263,-1.705736917527032
