t,source_time_s,edge_arrival_time_s,seq,twin_x,twin_y,twin_theta,gps_x,gps_y,gps_valid,gps_speed_mps,gps_course_deg,gps_heading_rad,twin_global_theta,gps_age_s,aoi_s,clock_offset_s,arrival_jitter_ms,gps_agreement_m,gps_heading_agreement_deg,firmware_yaw_deg,encoder_v,encoder_omega,imu_omega,omega,yaw_disagreement,slip_indicator,condition,latency_ms,payload_bytes,bytes_per_s,packet_gap,stale,queue_depth,enc_left,enc_right,motor_l,motor_r,voltage,satellites,hdop,contract_reference_valid,contracts,resource_mode,requested_update_rate_hz,evaluation_ms
0.0,303.068,1789571577.9619565,0,0.0,0.0,0.0,0.0,0.0,True,0.087455555,352.48,,,0.107,0.0,1789571274.8939564,0.0,0.0,,-100.1213,0.0,0.0,-0.0011780972450961724,-0.0002356194490192345,0.0011780972450961724,0.003365992128846207,low-motion,727.269172668457,605,605.0,0,True,0,0,79,0.0,0.0,12.34897,10,1.04,False,"[{""service_id"":""local_1s_tight"",""label"":""Immediate motion"",""family"":""local_relative_motion"",""horizon_s"":1.0,""position_tolerance_m"":0.1,""heading_tolerance_deg"":2.0,""maximum_aoi_s"":0.6,""position_error_m"":null,""heading_error_deg"":null,""aoi_s"":0.0,""position_margin_m"":null,""heading_margin_deg"":null,""freshness_margin_s"":null,""normalized_margin"":null,""observable"":false,""raw_pass"":false,""reason"":""GPS course unobservable at low speed"",""status"":""unobservable"",""observed_evaluations"":0,""satisfaction_fraction"":null},{""service_id"":""local_5s_moderate"",""label"":""Short prediction"",""family"":""local_relative_motion"",""horizon_s"":5.0,""position_tolerance_m"":0.2,""heading_tolerance_deg"":5.0,""maximum_aoi_s"":1.0,""position_error_m"":null,""heading_error_deg"":null,""aoi_s"":0.0,""position_margin_m"":null,""heading_margin_deg"":null,""freshness_margin_s"":null,""normalized_margin"":null,""observable"":false,""raw_pass"":false,""reason"":""GPS course unobservable at low speed"",""status"":""unobservable"",""observed_evaluations"":0,""satisfaction_fraction"":null},{""service_id"":""local_10s_preview"",""label"":""Planning support"",""family"":""local_relative_motion"",""horizon_s"":10.0,""position_tolerance_m"":0.5,""heading_tolerance_deg"":10.0,""maximum_aoi_s"":1.5,""position_error_m"":null,""heading_error_deg"":null,""aoi_s"":0.0,""position_margin_m"":null,""heading_margin_deg"":null,""freshness_margin_s"":null,""normalized_margin"":null,""observable"":false,""raw_pass"":false,""reason"":""GPS course unobservable at low speed"",""status"":""unobservable"",""observed_evaluations"":0,""satisfaction_fraction"":null},{""service_id"":""global_state_tracking"",""label"":""Global asset tracking"",""family"":""global_synchronization"",""horizon_s"":0.0,""position_tolerance_m"":1.0,""heading_tolerance_deg"":5.0,""maximum_aoi_s"":1.0,""position_error_m"":0.0,""heading_error_deg"":null,""aoi_s"":0.0,""position_margin_m"":1.0,""heading_margin_deg"":null,""freshness_margin_s"":1.0,""normalized_margin"":null,""observable"":false,""raw_pass"":false,""reason"":""GPS course unobservable at low speed"",""status"":""unobservable"",""observed_evaluations"":0,""satisfaction_fraction"":null}]",normal,5.0,0.18430000636726618
0.5819999999999936,303.65,1789571578.6571515,1,0.0,0.0,-0.0003910759254943663,0.0,0.0,True,0.092599999,352.48,,,0.035,0.11319494247436523,1789571274.8939564,113.1949596405093,0.0,,-100.1687,-0.0,0.0,-0.0033597588100890844,-0.000671951762017817,0.0033597588100890844,0.009599310885968814,low-motion,691.1909580230713,597,1202.0,0,False,0,0,79,0.0,0.0,12.34897,10,1.04,False,"[{""service_id"":""local_1s_tight"",""label"":""Immediate motion"",""family"":""local_relative_motion"",""horizon_s"":1.0,""position_tolerance_m"":0.1,""heading_tolerance_deg"":2.0,""maximum_aoi_s"":0.6,""position_error_m"":null,""heading_error_deg"":null,""aoi_s"":0.11319494247436523,""position_margin_m"":null,""heading_margin_deg"":null,""freshness_margin_s"":null,""normalized_margin"":null,""observable"":false,""raw_pass"":false,""reason"":""GPS course unobservable at low speed"",""status"":""unobservable"",""observed_evaluations"":0,""satisfaction_fraction"":null},{""service_id"":""local_5s_moderate"",""label"":""Short prediction"",""family"":""local_relative_motion"",""horizon_s"":5.0,""position_tolerance_m"":0.2,""heading_tolerance_deg"":5.0,""maximum_aoi_s"":1.0,""position_error_m"":null,""heading_error_deg"":null,""aoi_s"":0.11319494247436523,""position_margin_m"":null,""heading_margin_deg"":null,""freshness_margin_s"":null,""normalized_margin"":null,""observable"":false,""raw_pass"":false,""reason"":""GPS course unobservable at low speed"",""status"":""unobservable"",""observed_evaluations"":0,""satisfaction_fraction"":null},{""service_id"":""local_10s_preview"",""label"":""Planning support"",""family"":""local_relative_motion"",""horizon_s"":10.0,""position_tolerance_m"":0.5,""heading_tolerance_deg"":10.0,""maximum_aoi_s"":1.5,""position_error_m"":null,""heading_error_deg"":null,""aoi_s"":0.11319494247436523,""position_margin_m"":null,""heading_margin_deg"":null,""freshness_margin_s"":null,""normalized_margin"":null,""observable"":false,""raw_pass"":false,""reason"":""GPS course unobservable at low speed"",""status"":""unobservable"",""observed_evaluations"":0,""satisfaction_fraction"":null},{""service_id"":""global_state_tracking"",""label"":""Global asset tracking"",""family"":""global_synchronization"",""horizon_s"":0.0,""position_tolerance_m"":1.0,""heading_tolerance_deg"":5.0,""maximum_aoi_s"":1.0,""position_error_m"":0.0,""heading_error_deg"":null,""aoi_s"":0.11319494247436523,""position_margin_m"":1.0,""heading_margin_deg"":null,""freshness_margin_s"":0.8868050575256348,""normalized_margin"":null,""observable"":false,""raw_pass"":false,""reason"":""GPS course unobservable at low speed"",""status"":""unobservable"",""observed_evaluations"":0,""satisfaction_fraction"":null}]",normal,5.0,0.2726000966504216
1.2900000000000205,304.358,1789571579.2957308,2,0.0,0.0,-0.0004034328565984957,0.14709855577441383,0.0,True,0.08231111,352.48,,,0.024,0.04377436637878418,1789571274.8939564,69.42063140871824,0.14709855577441383,,-100.0492,-0.0,0.0,-8.726646259971648e-05,-1.7453292519943296e-05,8.726646259971648e-05,0.00024933275028490425,low-motion,635.2481842041016,597,1348.8038882746675,0,False,0,0,79,0.0,0.0,12.34897,10,1.04,False,"[{""service_id"":""local_1s_tight"",""label"":""Immediate motion"",""family"":""local_relative_motion"",""horizon_s"":1.0,""position_tolerance_m"":0.1,""heading_tolerance_deg"":2.0,""maximum_aoi_s"":0.6,""position_error_m"":null,""heading_error_deg"":null,""aoi_s"":0.04377436637878418,""position_margin_m"":null,""heading_margin_deg"":null,""freshness_margin_s"":null,""normalized_margin"":null,""observable"":false,""raw_pass"":false,""reason"":""GPS course unobservable at low speed"",""status"":""unobservable"",""observed_evaluations"":0,""satisfaction_fraction"":null},{""service_id"":""local_5s_moderate"",""label"":""Short prediction"",""family"":""local_relative_motion"",""horizon_s"":5.0,""position_tolerance_m"":0.2,""heading_tolerance_deg"":5.0,""maximum_aoi_s"":1.0,""position_error_m"":null,""heading_error_deg"":null,""aoi_s"":0.04377436637878418,""position_margin_m"":null,""heading_margin_deg"":null,""freshness_margin_s"":null,""normalized_margin"":null,""observable"":false,""raw_pass"":false,""reason"":""GPS course unobservable at low speed"",""status"":""unobservable"",""observed_evaluations"":0,""satisfaction_fraction"":null},{""service_id"":""local_10s_preview"",""label"":""Planning support"",""family"":""local_relative_motion"",""horizon_s"":10.0,""position_tolerance_m"":0.5,""heading_tolerance_deg"":10.0,""maximum_aoi_s"":1.5,""position_error_m"":null,""heading_error_deg"":null,""aoi_s"":0.04377436637878418,""position_margin_m"":null,""heading_margin_deg"":null,""freshness_margin_s"":null,""normalized_margin"":null,""observable"":false,""raw_pass"":false,""reason"":""GPS course unobservable at low speed"",""status"":""unobservable"",""observed_evaluations"":0,""satisfaction_fraction"":null},{""service_id"":""global_state_tracking"",""label"":""Global asset tracking"",""family"":""global_synchronization"",""horizon_s"":0.0,""position_tolerance_m"":1.0,""heading_tolerance_deg"":5.0,""maximum_aoi_s"":1.0,""position_error_m"":0.14709855577441383,""heading_error_deg"":null,""aoi_s"":0.04377436637878418,""position_margin_m"":0.8529014442255862,""heading_margin_deg"":null,""freshness_margin_s"":0.9562256336212158,""normalized_margin"":null,""observable"":false,""raw_pass"":false,""reason"":""GPS course unobservable at low speed"",""status"":""unobservable"",""observed_evaluations"":0,""satisfaction_fraction"":null}]",normal,5.0,0.3898999420925975
1.9180000000000064,304.986,1789571579.9105408,3,0.0,0.0,0.0008186815922330837,0.14709855577441383,0.0,True,0.08231111,352.48,,,0.026,0.030584335327148438,1789571274.8939564,13.190010070786684,0.14709855577441383,,-100.1458,-0.0,0.0,0.009730210579868387,0.0019460421159736775,0.009730210579868387,0.027800601656766823,low-motion,614.8099899291992,593,1227.557862241992,0,False,0,0,79,0.0,0.0,12.34897,10,1.04,False,"[{""service_id"":""local_1s_tight"",""label"":""Immediate motion"",""family"":""local_relative_motion"",""horizon_s"":1.0,""position_tolerance_m"":0.1,""heading_tolerance_deg"":2.0,""maximum_aoi_s"":0.6,""position_error_m"":null,""heading_error_deg"":null,""aoi_s"":0.030584335327148438,""position_margin_m"":null,""heading_margin_deg"":null,""freshness_margin_s"":null,""normalized_margin"":null,""observable"":false,""raw_pass"":false,""reason"":""GPS course unobservable at low speed"",""status"":""unobservable"",""observed_evaluations"":0,""satisfaction_fraction"":null},{""service_id"":""local_5s_moderate"",""label"":""Short prediction"",""family"":""local_relative_motion"",""horizon_s"":5.0,""position_tolerance_m"":0.2,""heading_tolerance_deg"":5.0,""maximum_aoi_s"":1.0,""position_error_m"":null,""heading_error_deg"":null,""aoi_s"":0.030584335327148438,""position_margin_m"":null,""heading_margin_deg"":null,""freshness_margin_s"":null,""normalized_margin"":null,""observable"":false,""raw_pass"":false,""reason"":""GPS course unobservable at low speed"",""status"":""unobservable"",""observed_evaluations"":0,""satisfaction_fraction"":null},{""service_id"":""local_10s_preview"",""label"":""Planning support"",""family"":""local_relative_motion"",""horizon_s"":10.0,""position_tolerance_m"":0.5,""heading_tolerance_deg"":10.0,""maximum_aoi_s"":1.5,""position_error_m"":null,""heading_error_deg"":null,""aoi_s"":0.030584335327148438,""position_margin_m"":null,""heading_margin_deg"":null,""freshness_margin_s"":null,""normalized_margin"":null,""observable"":false,""raw_pass"":false,""reason"":""GPS course unobservable at low speed"",""status"":""unobservable"",""observed_evaluations"":0,""satisfaction_fraction"":null},{""service_id"":""global_state_tracking"",""label"":""Global asset tracking"",""family"":""global_synchronization"",""horizon_s"":0.0,""position_tolerance_m"":1.0,""heading_tolerance_deg"":5.0,""maximum_aoi_s"":1.0,""position_error_m"":0.14709855577441383,""heading_error_deg"":null,""aoi_s"":0.030584335327148438,""position_margin_m"":0.8529014442255862,""heading_margin_deg"":null,""freshness_margin_s"":0.9694156646728516,""normalized_margin"":null,""observable"":false,""raw_pass"":false,""reason"":""GPS course unobservable at low speed"",""status"":""unobservable"",""observed_evaluations"":0,""satisfaction_fraction"":null}]",normal,5.0,0.48319995403289795
2.540999999999997,305.609,1789571580.5187733,4,0.0,0.0,0.0009437257064921489,0.14709855577441383,0.0,True,0.072022222,352.48,,,0.074,0.015816926956176758,1789571274.8939564,14.767501831045138,0.14709855577441383,,-100.3126,-0.0,0.0,0.0010035643198967395,0.00020071286397934792,0.0010035643198967395,0.0028673266282763987,low-motion,601.1083126068115,600,1170.2050694013753,0,False,0,0,79,0.0,0.0,12.34897,10,1.04,False,"[{""service_id"":""local_1s_tight"",""label"":""Immediate motion"",""family"":""local_relative_motion"",""horizon_s"":1.0,""position_tolerance_m"":0.1,""heading_tolerance_deg"":2.0,""maximum_aoi_s"":0.6,""position_error_m"":null,""heading_error_deg"":null,""aoi_s"":0.015816926956176758,""position_margin_m"":null,""heading_margin_deg"":null,""freshness_margin_s"":null,""normalized_margin"":null,""observable"":false,""raw_pass"":false,""reason"":""GPS course unobservable at low speed"",""status"":""unobservable"",""observed_evaluations"":0,""satisfaction_fraction"":null},{""service_id"":""local_5s_moderate"",""label"":""Short prediction"",""family"":""local_relative_motion"",""horizon_s"":5.0,""position_tolerance_m"":0.2,""heading_tolerance_deg"":5.0,""maximum_aoi_s"":1.0,""position_error_m"":null,""heading_error_deg"":null,""aoi_s"":0.015816926956176758,""position_margin_m"":null,""heading_margin_deg"":null,""freshness_margin_s"":null,""normalized_margin"":null,""observable"":false,""raw_pass"":false,""reason"":""GPS course unobservable at low speed"",""status"":""unobservable"",""observed_evaluations"":0,""satisfaction_fraction"":null},{""service_id"":""local_10s_preview"",""label"":""Planning support"",""family"":""local_relative_motion"",""horizon_s"":10.0,""position_tolerance_m"":0.5,""heading_tolerance_deg"":10.0,""maximum_aoi_s"":1.5,""position_error_m"":null,""heading_error_deg"":null,""aoi_s"":0.015816926956176758,""position_margin_m"":null,""heading_margin_deg"":null,""freshness_margin_s"":null,""normalized_margin"":null,""observable"":false,""raw_pass"":false,""reason"":""GPS course unobservable at low speed"",""status"":""unobservable"",""observed_evaluations"":0,""satisfaction_fraction"":null},{""service_id"":""global_state_tracking"",""label"":""Global asset tracking"",""family"":""global_synchronization"",""horizon_s"":0.0,""position_tolerance_m"":1.0,""heading_tolerance_deg"":5.0,""maximum_aoi_s"":1.0,""position_error_m"":0.14709855577441383,""heading_error_deg"":null,""aoi_s"":0.015816926956176758,""position_margin_m"":0.8529014442255862,""heading_margin_deg"":null,""freshness_margin_s"":0.9841830730438232,""normalized_margin"":null,""observable"":false,""raw_pass"":false,""reason"":""GPS course unobservable at low speed"",""status"":""unobservable"",""observed_evaluations"":0,""satisfaction_fraction"":null}]",normal,5.0,0.5914999637752771
3.149000000000001,306.217,1789571581.1388328,5,0.0,0.0,0.00040253401203393935,0.14709855577441383,0.0,True,0.072022222,352.48,,,0.062,0.02787637710571289,1789571274.8939564,12.05949020385333,0.14709855577441383,,-100.1452,-0.0,0.0,-0.00445058959258554,-0.000890117918517108,0.00445058959258554,0.012715970264530115,low-motion,606.0240268707275,603,1131.6147224889557,0,False,0,0,79,0.0,0.0,12.34897,10,1.04,False,"[{""service_id"":""local_1s_tight"",""label"":""Immediate motion"",""family"":""local_relative_motion"",""horizon_s"":1.0,""position_tolerance_m"":0.1,""heading_tolerance_deg"":2.0,""maximum_aoi_s"":0.6,""position_error_m"":null,""heading_error_deg"":null,""aoi_s"":0.02787637710571289,""position_margin_m"":null,""heading_margin_deg"":null,""freshness_margin_s"":null,""normalized_margin"":null,""observable"":false,""raw_pass"":false,""reason"":""GPS course unobservable at low speed"",""status"":""unobservable"",""observed_evaluations"":0,""satisfaction_fraction"":null},{""service_id"":""local_5s_moderate"",""label"":""Short prediction"",""family"":""local_relative_motion"",""horizon_s"":5.0,""position_tolerance_m"":0.2,""heading_tolerance_deg"":5.0,""maximum_aoi_s"":1.0,""position_error_m"":null,""heading_error_deg"":null,""aoi_s"":0.02787637710571289,""position_margin_m"":null,""heading_margin_deg"":null,""freshness_margin_s"":null,""normalized_margin"":null,""observable"":false,""raw_pass"":false,""reason"":""GPS course unobservable at low speed"",""status"":""unobservable"",""observed_evaluations"":0,""satisfaction_fraction"":null},{""service_id"":""local_10s_preview"",""label"":""Planning support"",""family"":""local_relative_motion"",""horizon_s"":10.0,""position_tolerance_m"":0.5,""heading_tolerance_deg"":10.0,""maximum_aoi_s"":1.5,""position_error_m"":null,""heading_error_deg"":null,""aoi_s"":0.02787637710571289,""position_margin_m"":null,""heading_margin_deg"":null,""freshness_margin_s"":null,""normalized_margin"":null,""observable"":false,""raw_pass"":false,""reason"":""GPS course unobservable at low speed"",""status"":""unobservable"",""observed_evaluations"":0,""satisfaction_fraction"":null},{""service_id"":""global_state_tracking"",""label"":""Global asset tracking"",""family"":""global_synchronization"",""horizon_s"":0.0,""position_tolerance_m"":1.0,""heading_tolerance_deg"":5.0,""maximum_aoi_s"":1.0,""position_error_m"":0.14709855577441383,""heading_error_deg"":null,""aoi_s"":0.02787637710571289,""position_margin_m"":0.8529014442255862,""heading_margin_deg"":null,""freshness_margin_s"":0.9721236228942871,""normalized_margin"":null,""observable"":false,""raw_pass"":false,""reason"":""GPS course unobservable at low speed"",""status"":""unobservable"",""observed_evaluations"":0,""satisfaction_fraction"":null}]",normal,5.0,0.3765999572351575
3.7620000000000005,306.83,1789571581.7512512,6,0.0,0.0,0.0007930427055216072,0.14709855577441383,0.0,True,0.169766665,352.48,,,0.06,0.02729487419128418,1789571274.8939564,0.5815868377680999,0.14709855577441383,,-100.4221,-0.0,0.0,0.0031852258848896514,0.0006370451769779303,0.0031852258848896514,0.009100645385399005,low-motion,608.3753108978271,598,1106.5383693185886,0,False,0,0,79,0.0,0.0,12.34897,10,1.04,False,"[{""service_id"":""local_1s_tight"",""label"":""Immediate motion"",""family"":""local_relative_motion"",""horizon_s"":1.0,""position_tolerance_m"":0.1,""heading_tolerance_deg"":2.0,""maximum_aoi_s"":0.6,""position_error_m"":null,""heading_error_deg"":null,""aoi_s"":0.02729487419128418,""position_margin_m"":null,""heading_margin_deg"":null,""freshness_margin_s"":null,""normalized_margin"":null,""observable"":false,""raw_pass"":false,""reason"":""GPS course unobservable at low speed"",""status"":""unobservable"",""observed_evaluations"":0,""satisfaction_fraction"":null},{""service_id"":""local_5s_moderate"",""label"":""Short prediction"",""family"":""local_relative_motion"",""horizon_s"":5.0,""position_tolerance_m"":0.2,""heading_tolerance_deg"":5.0,""maximum_aoi_s"":1.0,""position_error_m"":null,""heading_error_deg"":null,""aoi_s"":0.02729487419128418,""position_margin_m"":null,""heading_margin_deg"":null,""freshness_margin_s"":null,""normalized_margin"":null,""observable"":false,""raw_pass"":false,""reason"":""GPS course unobservable at low speed"",""status"":""unobservable"",""observed_evaluations"":0,""satisfaction_fraction"":null},{""service_id"":""local_10s_preview"",""label"":""Planning support"",""family"":""local_relative_motion"",""horizon_s"":10.0,""position_tolerance_m"":0.5,""heading_tolerance_deg"":10.0,""maximum_aoi_s"":1.5,""position_error_m"":null,""heading_error_deg"":null,""aoi_s"":0.02729487419128418,""position_margin_m"":null,""heading_margin_deg"":null,""freshness_margin_s"":null,""normalized_margin"":null,""observable"":false,""raw_pass"":false,""reason"":""GPS course unobservable at low speed"",""status"":""unobservable"",""observed_evaluations"":0,""satisfaction_fraction"":null},{""service_id"":""global_state_tracking"",""label"":""Global asset tracking"",""family"":""global_synchronization"",""horizon_s"":0.0,""position_tolerance_m"":1.0,""heading_tolerance_deg"":5.0,""maximum_aoi_s"":1.0,""position_error_m"":0.14709855577441383,""heading_error_deg"":null,""aoi_s"":0.02729487419128418,""position_margin_m"":0.8529014442255862,""heading_margin_deg"":null,""freshness_margin_s"":0.9727051258087158,""normalized_margin"":null,""observable"":false,""raw_pass"":false,""reason"":""GPS course unobservable at low speed"",""status"":""unobservable"",""observed_evaluations"":0,""satisfaction_fraction"":null}]",normal,5.0,0.6187999388203025
4.3940000000000055,307.462,1789571582.3607552,7,0.0,0.0,0.0003683691919262877,0.29508324560634847,0.0,True,0.442422218,144.43,-0.9499827118605135,-0.9499827118605135,0.081,0.00479888916015625,1789571274.8939564,22.496015548711057,0.29508324560634847,0.0,-100.3968,-0.0,0.0,-0.0033597588100890844,-0.000671951762017817,0.0033597588100890844,0.009599310885968814,low-motion,601.1061668395996,592,1087.796992276218,0,False,0,0,79,0.0,0.0,12.34897,10,1.04,True,"[{""service_id"":""local_1s_tight"",""label"":""Immediate motion"",""family"":""local_relative_motion"",""horizon_s"":1.0,""position_tolerance_m"":0.1,""heading_tolerance_deg"":2.0,""maximum_aoi_s"":0.6,""position_error_m"":null,""heading_error_deg"":null,""aoi_s"":0.00479888916015625,""position_margin_m"":null,""heading_margin_deg"":null,""freshness_margin_s"":null,""normalized_margin"":null,""observable"":false,""raw_pass"":false,""reason"":""waiting for 1 s history"",""status"":""unobservable"",""observed_evaluations"":0,""satisfaction_fraction"":null},{""service_id"":""local_5s_moderate"",""label"":""Short prediction"",""family"":""local_relative_motion"",""horizon_s"":5.0,""position_tolerance_m"":0.2,""heading_tolerance_deg"":5.0,""maximum_aoi_s"":1.0,""position_error_m"":null,""heading_error_deg"":null,""aoi_s"":0.00479888916015625,""position_margin_m"":null,""heading_margin_deg"":null,""freshness_margin_s"":null,""normalized_margin"":null,""observable"":false,""raw_pass"":false,""reason"":""waiting for 5 s history"",""status"":""unobservable"",""observed_evaluations"":0,""satisfaction_fraction"":null},{""service_id"":""local_10s_preview"",""label"":""Planning support"",""family"":""local_relative_motion"",""horizon_s"":10.0,""position_tolerance_m"":0.5,""heading_tolerance_deg"":10.0,""maximum_aoi_s"":1.5,""position_error_m"":null,""heading_error_deg"":null,""aoi_s"":0.00479888916015625,""position_margin_m"":null,""heading_margin_deg"":null,""freshness_margin_s"":null,""normalized_margin"":null,""observable"":false,""raw_pass"":false,""reason"":""waiting for 10 s history"",""status"":""unobservable"",""observed_evaluations"":0,""satisfaction_fraction"":null},{""service_id"":""global_state_tracking"",""label"":""Global asset tracking"",""family"":""global_synchronization"",""horizon_s"":0.0,""position_tolerance_m"":1.0,""heading_tolerance_deg"":5.0,""maximum_aoi_s"":1.0,""position_error_m"":0.29508324560634847,""heading_error_deg"":0.0,""aoi_s"":0.00479888916015625,""position_margin_m"":0.7049167543936515,""heading_margin_deg"":5.0,""freshness_margin_s"":0.9952011108398438,""normalized_margin"":0.7049167543936515,""observable"":true,""raw_pass"":true,""reason"":""within contract"",""status"":""qualified"",""observed_evaluations"":1,""satisfaction_fraction"":1.0}]",normal,5.0,0.7035000016912818
4.984000000000037,308.052,1789571583.0779963,8,0.0,0.0,-0.00015680037999876717,0.44306793669755795,-0.1859035491870444,True,0.442422218,144.43,-0.9499827118605135,-0.9505078814324386,0.019,0.13203978538513184,1789571274.8939564,127.24104881283438,0.4804886326748751,0.03008999999999777,-100.4332,-0.0,0.0,-0.00445058959258554,-0.000890117918517108,0.00445058959258554,0.012715970264530115,low-motion,706.780195236206,592,1079.4316975820832,0,False,0,0,79,0.0,0.0,12.34897,10,1.04,True,"[{""service_id"":""local_1s_tight"",""label"":""Immediate motion"",""family"":""local_relative_motion"",""horizon_s"":1.0,""position_tolerance_m"":0.1,""heading_tolerance_deg"":2.0,""maximum_aoi_s"":0.6,""position_error_m"":null,""heading_error_deg"":null,""aoi_s"":0.13203978538513184,""position_margin_m"":null,""heading_margin_deg"":null,""freshness_margin_s"":null,""normalized_margin"":null,""observable"":false,""raw_pass"":false,""reason"":""no synchronized 1 s window"",""status"":""unobservable"",""observed_evaluations"":0,""satisfaction_fraction"":null},{""service_id"":""local_5s_moderate"",""label"":""Short prediction"",""family"":""local_relative_motion"",""horizon_s"":5.0,""position_tolerance_m"":0.2,""heading_tolerance_deg"":5.0,""maximum_aoi_s"":1.0,""position_error_m"":null,""heading_error_deg"":null,""aoi_s"":0.13203978538513184,""position_margin_m"":null,""heading_margin_deg"":null,""freshness_margin_s"":null,""normalized_margin"":null,""observable"":false,""raw_pass"":false,""reason"":""no synchronized 5 s window"",""status"":""unobservable"",""observed_evaluations"":0,""satisfaction_fraction"":null},{""service_id"":""local_10s_preview"",""label"":""Planning support"",""family"":""local_relative_motion"",""horizon_s"":10.0,""position_tolerance_m"":0.5,""heading_tolerance_deg"":10.0,""maximum_aoi_s"":1.5,""position_error_m"":null,""heading_error_deg"":null,""aoi_s"":0.13203978538513184,""position_margin_m"":null,""heading_margin_deg"":null,""freshness_margin_s"":null,""normalized_margin"":null,""observable"":false,""raw_pass"":false,""reason"":""no synchronized 10 s window"",""status"":""unobservable"",""observed_evaluations"":0,""satisfaction_fraction"":null},{""service_id"":""global_state_tracking"",""label"":""Global asset tracking"",""family"":""global_synchronization"",""horizon_s"":0.0,""position_tolerance_m"":1.0,""heading_tolerance_deg"":5.0,""maximum_aoi_s"":1.0,""position_error_m"":0.4804886326748751,""heading_error_deg"":0.03008999999999777,""aoi_s"":0.13203978538513184,""position_margin_m"":0.5195113673251248,""heading_margin_deg"":4.969910000000002,""freshness_margin_s"":0.8679602146148682,""normalized_margin"":0.5195113673251248,""observable"":true,""raw_pass"":true,""reason"":""within contract"",""status"":""qualified"",""observed_evaluations"":2,""satisfaction_fraction"":1.0}]",normal,5.0,0.5521000130102038
5.703000000000031,308.771,1789571583.6608038,9,0.0,0.0,0.00014437363572517015,0.44306793669755795,-0.1859035491870444,True,0.277799998,144.43,,,0.035,0.0,1789571274.889804,136.1924591064394,0.4804886326748751,,-100.2169,-0.0,0.0,0.0020943951023931952,0.00041887902047863906,0.0020943951023931952,0.005983986006837701,low-motion,570.6439018249512,590,1091.6197821955695,0,False,0,0,79,0.0,0.0,12.34897,10,1.04,False,"[{""service_id"":""local_1s_tight"",""label"":""Immediate motion"",""family"":""local_relative_motion"",""horizon_s"":1.0,""position_tolerance_m"":0.1,""heading_tolerance_deg"":2.0,""maximum_aoi_s"":0.6,""position_error_m"":null,""heading_error_deg"":null,""aoi_s"":0.0,""position_margin_m"":null,""heading_margin_deg"":null,""freshness_margin_s"":null,""normalized_margin"":null,""observable"":false,""raw_pass"":false,""reason"":""GPS course unobservable at low speed"",""status"":""unobservable"",""observed_evaluations"":0,""satisfaction_fraction"":null},{""service_id"":""local_5s_moderate"",""label"":""Short prediction"",""family"":""local_relative_motion"",""horizon_s"":5.0,""position_tolerance_m"":0.2,""heading_tolerance_deg"":5.0,""maximum_aoi_s"":1.0,""position_error_m"":null,""heading_error_deg"":null,""aoi_s"":0.0,""position_margin_m"":null,""heading_margin_deg"":null,""freshness_margin_s"":null,""normalized_margin"":null,""observable"":false,""raw_pass"":false,""reason"":""GPS course unobservable at low speed"",""status"":""unobservable"",""observed_evaluations"":0,""satisfaction_fraction"":null},{""service_id"":""local_10s_preview"",""label"":""Planning support"",""family"":""local_relative_motion"",""horizon_s"":10.0,""position_tolerance_m"":0.5,""heading_tolerance_deg"":10.0,""maximum_aoi_s"":1.5,""position_error_m"":null,""heading_error_deg"":null,""aoi_s"":0.0,""position_margin_m"":null,""heading_margin_deg"":null,""freshness_margin_s"":null,""normalized_margin"":null,""observable"":false,""raw_pass"":false,""reason"":""GPS course unobservable at low speed"",""status"":""unobservable"",""observed_evaluations"":0,""satisfaction_fraction"":null},{""service_id"":""global_state_tracking"",""label"":""Global asset tracking"",""family"":""global_synchronization"",""horizon_s"":0.0,""position_tolerance_m"":1.0,""heading_tolerance_deg"":5.0,""maximum_aoi_s"":1.0,""position_error_m"":0.4804886326748751,""heading_error_deg"":null,""aoi_s"":0.0,""position_margin_m"":0.5195113673251248,""heading_margin_deg"":null,""freshness_margin_s"":1.0,""normalized_margin"":null,""observable"":false,""raw_pass"":false,""reason"":""GPS course unobservable at low speed"",""status"":""unobservable"",""observed_evaluations"":2,""satisfaction_fraction"":1.0}]",economy,2.0,0.6081999745219946
6.321000000000026,309.389,1789571584.2624876,10,0.0,0.0,-1.2391837689307295e-06,0.5901664924719717,-0.3718070991650614,True,0.216066665,144.43,,,0.05,0.0,1789571274.8734877,16.316144943232302,0.6975220482724598,,-100.3007,-0.0,0.0,-0.0011780972450961724,-0.0002356194490192345,0.0011780972450961724,0.003365992128846207,low-motion,592.7708148956299,606,1081.3897667866995,0,False,0,0,79,0.0,0.0,12.35672,10,1.04,False,"[{""service_id"":""local_1s_tight"",""label"":""Immediate motion"",""family"":""local_relative_motion"",""horizon_s"":1.0,""position_tolerance_m"":0.1,""heading_tolerance_deg"":2.0,""maximum_aoi_s"":0.6,""position_error_m"":null,""heading_error_deg"":null,""aoi_s"":0.0,""position_margin_m"":null,""heading_margin_deg"":null,""freshness_margin_s"":null,""normalized_margin"":null,""observable"":false,""raw_pass"":false,""reason"":""GPS course unobservable at low speed"",""status"":""unobservable"",""observed_evaluations"":0,""satisfaction_fraction"":null},{""service_id"":""local_5s_moderate"",""label"":""Short prediction"",""family"":""local_relative_motion"",""horizon_s"":5.0,""position_tolerance_m"":0.2,""heading_tolerance_deg"":5.0,""maximum_aoi_s"":1.0,""position_error_m"":null,""heading_error_deg"":null,""aoi_s"":0.0,""position_margin_m"":null,""heading_margin_deg"":null,""freshness_margin_s"":null,""normalized_margin"":null,""observable"":false,""raw_pass"":false,""reason"":""GPS course unobservable at low speed"",""status"":""unobservable"",""observed_evaluations"":0,""satisfaction_fraction"":null},{""service_id"":""local_10s_preview"",""label"":""Planning support"",""family"":""local_relative_motion"",""horizon_s"":10.0,""position_tolerance_m"":0.5,""heading_tolerance_deg"":10.0,""maximum_aoi_s"":1.5,""position_error_m"":null,""heading_error_deg"":null,""aoi_s"":0.0,""position_margin_m"":null,""heading_margin_deg"":null,""freshness_margin_s"":null,""normalized_margin"":null,""observable"":false,""raw_pass"":false,""reason"":""GPS course unobservable at low speed"",""status"":""unobservable"",""observed_evaluations"":0,""satisfaction_fraction"":null},{""service_id"":""global_state_tracking"",""label"":""Global asset tracking"",""family"":""global_synchronization"",""horizon_s"":0.0,""position_tolerance_m"":1.0,""heading_tolerance_deg"":5.0,""maximum_aoi_s"":1.0,""position_error_m"":0.6975220482724598,""heading_error_deg"":null,""aoi_s"":0.0,""position_margin_m"":0.3024779517275402,""heading_margin_deg"":null,""freshness_margin_s"":1.0,""normalized_margin"":null,""observable"":false,""raw_pass"":false,""reason"":""GPS course unobservable at low speed"",""status"":""unobservable"",""observed_evaluations"":2,""satisfaction_fraction"":1.0}]",economy,2.0,0.6030000513419509
6.8840000000000146,309.952,1789571585.0302558,11,0.0,0.0,0.0006030723430878737,0.5901664924719717,-0.3718070991650614,True,0.216066665,144.43,,,0.613,0.20476818084716797,1789571274.8734877,204.76814460755577,0.6975220482724598,,-100.4498,-0.0,0.0,0.005366887449882563,0.0010733774899765126,0.005366887449882563,0.015333964142521611,low-motion,758.1791877746582,603,1060.4053155896868,0,False,0,0,79,0.0,0.0,12.35672,10,1.04,False,"[{""service_id"":""local_1s_tight"",""label"":""Immediate motion"",""family"":""local_relative_motion"",""horizon_s"":1.0,""position_tolerance_m"":0.1,""heading_tolerance_deg"":2.0,""maximum_aoi_s"":0.6,""position_error_m"":null,""heading_error_deg"":null,""aoi_s"":0.20476818084716797,""position_margin_m"":null,""heading_margin_deg"":null,""freshness_margin_s"":null,""normalized_margin"":null,""observable"":false,""raw_pass"":false,""reason"":""GPS course unobservable at low speed"",""status"":""unobservable"",""observed_evaluations"":0,""satisfaction_fraction"":null},{""service_id"":""local_5s_moderate"",""label"":""Short prediction"",""family"":""local_relative_motion"",""horizon_s"":5.0,""position_tolerance_m"":0.2,""heading_tolerance_deg"":5.0,""maximum_aoi_s"":1.0,""position_error_m"":null,""heading_error_deg"":null,""aoi_s"":0.20476818084716797,""position_margin_m"":null,""heading_margin_deg"":null,""freshness_margin_s"":null,""normalized_margin"":null,""observable"":false,""raw_pass"":false,""reason"":""GPS course unobservable at low speed"",""status"":""unobservable"",""observed_evaluations"":0,""satisfaction_fraction"":null},{""service_id"":""local_10s_preview"",""label"":""Planning support"",""family"":""local_relative_motion"",""horizon_s"":10.0,""position_tolerance_m"":0.5,""heading_tolerance_deg"":10.0,""maximum_aoi_s"":1.5,""position_error_m"":null,""heading_error_deg"":null,""aoi_s"":0.20476818084716797,""position_margin_m"":null,""heading_margin_deg"":null,""freshness_margin_s"":null,""normalized_margin"":null,""observable"":false,""raw_pass"":false,""reason"":""GPS course unobservable at low speed"",""status"":""unobservable"",""observed_evaluations"":0,""satisfaction_fraction"":null},{""service_id"":""global_state_tracking"",""label"":""Global asset tracking"",""family"":""global_synchronization"",""horizon_s"":0.0,""position_tolerance_m"":1.0,""heading_tolerance_deg"":5.0,""maximum_aoi_s"":1.0,""position_error_m"":0.6975220482724598,""heading_error_deg"":null,""aoi_s"":0.20476818084716797,""position_margin_m"":0.3024779517275402,""heading_margin_deg"":null,""freshness_margin_s"":0.795231819152832,""normalized_margin"":null,""observable"":false,""raw_pass"":false,""reason"":""GPS course unobservable at low speed"",""status"":""unobservable"",""observed_evaluations"":2,""satisfaction_fraction"":1.0}]",economy,2.0,0.4015000304207206
7.665999999999997,310.734,1789571585.6073246,12,0.0,0.0,0.0017836654090142012,0.7381511823039064,-0.3718070991650614,True,0.077166666,144.43,,,0.097,0.0,1789571274.8733246,204.9311943054022,0.8265032891200087,,-100.2303,-0.0,0.0,0.007548549014875475,0.001509709802975095,0.007548549014875475,0.021567282899644217,low-motion,576.4775276184082,598,1070.159736633022,0,False,0,0,79,0.0,0.0,12.35672,10,1.04,False,"[{""service_id"":""local_1s_tight"",""label"":""Immediate motion"",""family"":""local_relative_motion"",""horizon_s"":1.0,""position_tolerance_m"":0.1,""heading_tolerance_deg"":2.0,""maximum_aoi_s"":0.6,""position_error_m"":null,""heading_error_deg"":null,""aoi_s"":0.0,""position_margin_m"":null,""heading_margin_deg"":null,""freshness_margin_s"":null,""normalized_margin"":null,""observable"":false,""raw_pass"":false,""reason"":""GPS course unobservable at low speed"",""status"":""unobservable"",""observed_evaluations"":0,""satisfaction_fraction"":null},{""service_id"":""local_5s_moderate"",""label"":""Short prediction"",""family"":""local_relative_motion"",""horizon_s"":5.0,""position_tolerance_m"":0.2,""heading_tolerance_deg"":5.0,""maximum_aoi_s"":1.0,""position_error_m"":null,""heading_error_deg"":null,""aoi_s"":0.0,""position_margin_m"":null,""heading_margin_deg"":null,""freshness_margin_s"":null,""normalized_margin"":null,""observable"":false,""raw_pass"":false,""reason"":""GPS course unobservable at low speed"",""status"":""unobservable"",""observed_evaluations"":0,""satisfaction_fraction"":null},{""service_id"":""local_10s_preview"",""label"":""Planning support"",""family"":""local_relative_motion"",""horizon_s"":10.0,""position_tolerance_m"":0.5,""heading_tolerance_deg"":10.0,""maximum_aoi_s"":1.5,""position_error_m"":null,""heading_error_deg"":null,""aoi_s"":0.0,""position_margin_m"":null,""heading_margin_deg"":null,""freshness_margin_s"":null,""normalized_margin"":null,""observable"":false,""raw_pass"":false,""reason"":""GPS course unobservable at low speed"",""status"":""unobservable"",""observed_evaluations"":0,""satisfaction_fraction"":null},{""service_id"":""global_state_tracking"",""label"":""Global asset tracking"",""family"":""global_synchronization"",""horizon_s"":0.0,""position_tolerance_m"":1.0,""heading_tolerance_deg"":5.0,""maximum_aoi_s"":1.0,""position_error_m"":0.8265032891200087,""heading_error_deg"":null,""aoi_s"":0.0,""position_margin_m"":0.1734967108799913,""heading_margin_deg"":null,""freshness_margin_s"":1.0,""normalized_margin"":null,""observable"":false,""raw_pass"":false,""reason"":""GPS course unobservable at low speed"",""status"":""unobservable"",""observed_evaluations"":2,""satisfaction_fraction"":1.0}]",economy,2.0,0.4699999699369073
8.229000000000042,311.297,1789571586.361114,13,0.0,0.0,0.001896666751434406,0.7381511823039064,-0.556597453352067,True,0.077166666,144.43,,,0.016,0.19078946113586426,1789571274.8733246,190.78942489619521,0.9244825001127178,,-100.3309,-0.0,0.0,0.0010035643198967395,0.00020071286397934792,0.0010035643198967395,0.0028673266282763987,low-motion,747.0803260803223,591,1034.737952598907,0,False,0,0,79,0.0,0.0,12.35672,10,1.04,False,"[{""service_id"":""local_1s_tight"",""label"":""Immediate motion"",""family"":""local_relative_motion"",""horizon_s"":1.0,""position_tolerance_m"":0.1,""heading_tolerance_deg"":2.0,""maximum_aoi_s"":0.6,""position_error_m"":null,""heading_error_deg"":null,""aoi_s"":0.19078946113586426,""position_margin_m"":null,""heading_margin_deg"":null,""freshness_margin_s"":null,""normalized_margin"":null,""observable"":false,""raw_pass"":false,""reason"":""GPS course unobservable at low speed"",""status"":""unobservable"",""observed_evaluations"":0,""satisfaction_fraction"":null},{""service_id"":""local_5s_moderate"",""label"":""Short prediction"",""family"":""local_relative_motion"",""horizon_s"":5.0,""position_tolerance_m"":0.2,""heading_tolerance_deg"":5.0,""maximum_aoi_s"":1.0,""position_error_m"":null,""heading_error_deg"":null,""aoi_s"":0.19078946113586426,""position_margin_m"":null,""heading_margin_deg"":null,""freshness_margin_s"":null,""normalized_margin"":null,""observable"":false,""raw_pass"":false,""reason"":""GPS course unobservable at low speed"",""status"":""unobservable"",""observed_evaluations"":0,""satisfaction_fraction"":null},{""service_id"":""local_10s_preview"",""label"":""Planning support"",""family"":""local_relative_motion"",""horizon_s"":10.0,""position_tolerance_m"":0.5,""heading_tolerance_deg"":10.0,""maximum_aoi_s"":1.5,""position_error_m"":null,""heading_error_deg"":null,""aoi_s"":0.19078946113586426,""position_margin_m"":null,""heading_margin_deg"":null,""freshness_margin_s"":null,""normalized_margin"":null,""observable"":false,""raw_pass"":false,""reason"":""GPS course unobservable at low speed"",""status"":""unobservable"",""observed_evaluations"":0,""satisfaction_fraction"":null},{""service_id"":""global_state_tracking"",""label"":""Global asset tracking"",""family"":""global_synchronization"",""horizon_s"":0.0,""position_tolerance_m"":1.0,""heading_tolerance_deg"":5.0,""maximum_aoi_s"":1.0,""position_error_m"":0.9244825001127178,""heading_error_deg"":null,""aoi_s"":0.19078946113586426,""position_margin_m"":0.07551749988728218,""heading_margin_deg"":null,""freshness_margin_s"":0.8092105388641357,""normalized_margin"":null,""observable"":false,""raw_pass"":false,""reason"":""GPS course unobservable at low speed"",""status"":""unobservable"",""observed_evaluations"":2,""satisfaction_fraction"":1.0}]",economy,2.0,0.5342999938875437
8.997000000000014,312.065,1789571586.9424703,14,0.0,0.0,0.0018832626227789362,0.7381511823039064,-0.556597453352067,True,0.051444444,144.43,,,0.033,0.004145622253417969,1789571274.8733246,186.64371299740878,0.9244825001127178,,-100.3084,-0.0,0.0,-8.726646259971648e-05,-1.7453292519943296e-05,8.726646259971648e-05,0.00024933275028490425,low-motion,573.1074810028076,593,1040.0035551659028,0,False,0,0,79,0.0,0.0,12.35672,10,1.04,False,"[{""service_id"":""local_1s_tight"",""label"":""Immediate motion"",""family"":""local_relative_motion"",""horizon_s"":1.0,""position_tolerance_m"":0.1,""heading_tolerance_deg"":2.0,""maximum_aoi_s"":0.6,""position_error_m"":null,""heading_error_deg"":null,""aoi_s"":0.004145622253417969,""position_margin_m"":null,""heading_margin_deg"":null,""freshness_margin_s"":null,""normalized_margin"":null,""observable"":false,""raw_pass"":false,""reason"":""GPS course unobservable at low speed"",""status"":""unobservable"",""observed_evaluations"":0,""satisfaction_fraction"":null},{""service_id"":""local_5s_moderate"",""label"":""Short prediction"",""family"":""local_relative_motion"",""horizon_s"":5.0,""position_tolerance_m"":0.2,""heading_tolerance_deg"":5.0,""maximum_aoi_s"":1.0,""position_error_m"":null,""heading_error_deg"":null,""aoi_s"":0.004145622253417969,""position_margin_m"":null,""heading_margin_deg"":null,""freshness_margin_s"":null,""normalized_margin"":null,""observable"":false,""raw_pass"":false,""reason"":""GPS course unobservable at low speed"",""status"":""unobservable"",""observed_evaluations"":0,""satisfaction_fraction"":null},{""service_id"":""local_10s_preview"",""label"":""Planning support"",""family"":""local_relative_motion"",""horizon_s"":10.0,""position_tolerance_m"":0.5,""heading_tolerance_deg"":10.0,""maximum_aoi_s"":1.5,""position_error_m"":null,""heading_error_deg"":null,""aoi_s"":0.004145622253417969,""position_margin_m"":null,""heading_margin_deg"":null,""freshness_margin_s"":null,""normalized_margin"":null,""observable"":false,""raw_pass"":false,""reason"":""GPS course unobservable at low speed"",""status"":""unobservable"",""observed_evaluations"":0,""satisfaction_fraction"":null},{""service_id"":""global_state_tracking"",""label"":""Global asset tracking"",""family"":""global_synchronization"",""horizon_s"":0.0,""position_tolerance_m"":1.0,""heading_tolerance_deg"":5.0,""maximum_aoi_s"":1.0,""position_error_m"":0.9244825001127178,""heading_error_deg"":null,""aoi_s"":0.004145622253417969,""position_margin_m"":0.07551749988728218,""heading_margin_deg"":null,""freshness_margin_s"":0.995854377746582,""normalized_margin"":null,""observable"":false,""raw_pass"":false,""reason"":""GPS course unobservable at low speed"",""status"":""unobservable"",""observed_evaluations"":2,""satisfaction_fraction"":1.0}]",economy,2.0,0.3171000862494111
9.576000000000022,312.644,1789571587.5196292,15,7.335018857148915e-05,2.3916325386707277e-07,0.004637849619502088,0.7381511823039064,-0.556597453352067,True,0.041155555,144.43,,,0.032,0.002304553985595703,1789571274.8733246,1.841072082527262,0.9244240788585357,,-100.0076,0.00012668493691613,0.0013326489090454176,0.01845685683984004,0.004757490495204342,0.01712420793079462,0.04892630837369892,low-motion,570.652961730957,600,1074.6047714817082,0,False,0,0,78,0.0,0.021180001,12.35672,10,1.04,False,"[{""service_id"":""local_1s_tight"",""label"":""Immediate motion"",""family"":""local_relative_motion"",""horizon_s"":1.0,""position_tolerance_m"":0.1,""heading_tolerance_deg"":2.0,""maximum_aoi_s"":0.6,""position_error_m"":null,""heading_error_deg"":null,""aoi_s"":0.002304553985595703,""position_margin_m"":null,""heading_margin_deg"":null,""freshness_margin_s"":null,""normalized_margin"":null,""observable"":false,""raw_pass"":false,""reason"":""GPS course unobservable at low speed"",""status"":""unobservable"",""observed_evaluations"":0,""satisfaction_fraction"":null},{""service_id"":""local_5s_moderate"",""label"":""Short prediction"",""family"":""local_relative_motion"",""horizon_s"":5.0,""position_tolerance_m"":0.2,""heading_tolerance_deg"":5.0,""maximum_aoi_s"":1.0,""position_error_m"":null,""heading_error_deg"":null,""aoi_s"":0.002304553985595703,""position_margin_m"":null,""heading_margin_deg"":null,""freshness_margin_s"":null,""normalized_margin"":null,""observable"":false,""raw_pass"":false,""reason"":""GPS course unobservable at low speed"",""status"":""unobservable"",""observed_evaluations"":0,""satisfaction_fraction"":null},{""service_id"":""local_10s_preview"",""label"":""Planning support"",""family"":""local_relative_motion"",""horizon_s"":10.0,""position_tolerance_m"":0.5,""heading_tolerance_deg"":10.0,""maximum_aoi_s"":1.5,""position_error_m"":null,""heading_error_deg"":null,""aoi_s"":0.002304553985595703,""position_margin_m"":null,""heading_margin_deg"":null,""freshness_margin_s"":null,""normalized_margin"":null,""observable"":false,""raw_pass"":false,""reason"":""GPS course unobservable at low speed"",""status"":""unobservable"",""observed_evaluations"":0,""satisfaction_fraction"":null},{""service_id"":""global_state_tracking"",""label"":""Global asset tracking"",""family"":""global_synchronization"",""horizon_s"":0.0,""position_tolerance_m"":1.0,""heading_tolerance_deg"":5.0,""maximum_aoi_s"":1.0,""position_error_m"":0.9244240788585357,""heading_error_deg"":null,""aoi_s"":0.002304553985595703,""position_margin_m"":0.07557592114146428,""heading_margin_deg"":null,""freshness_margin_s"":0.9976954460144043,""normalized_margin"":null,""observable"":false,""raw_pass"":false,""reason"":""GPS course unobservable at low speed"",""status"":""unobservable"",""observed_evaluations"":2,""satisfaction_fraction"":1.0}]",economy,2.0,0.45489997137337923
10.153999999999996,313.222,1789571588.230758,16,0.0056447002303728335,0.00019184823851498218,0.06411876496409175,0.7381511823039064,-0.556597453352067,True,0.051444444,144.43,,,0.01,0.13543343544006348,1789571274.8733246,133.12871170046492,0.92009786036349,,-98.18857,0.009644712740584266,0.11747599863959518,0.04463679561975498,0.10290815803562715,0.0728392030198402,0.20811200862811488,low-motion,702.0614147186279,611,1048.588199247101,0,False,0,6,-4,-0.019479897,0.019459742,12.35672,10,1.04,False,"[{""service_id"":""local_1s_tight"",""label"":""Immediate motion"",""family"":""local_relative_motion"",""horizon_s"":1.0,""position_tolerance_m"":0.1,""heading_tolerance_deg"":2.0,""maximum_aoi_s"":0.6,""position_error_m"":null,""heading_error_deg"":null,""aoi_s"":0.13543343544006348,""position_margin_m"":null,""heading_margin_deg"":null,""freshness_margin_s"":null,""normalized_margin"":null,""observable"":false,""raw_pass"":false,""reason"":""GPS course unobservable at low speed"",""status"":""unobservable"",""observed_evaluations"":0,""satisfaction_fraction"":null},{""service_id"":""local_5s_moderate"",""label"":""Short prediction"",""family"":""local_relative_motion"",""horizon_s"":5.0,""position_tolerance_m"":0.2,""heading_tolerance_deg"":5.0,""maximum_aoi_s"":1.0,""position_error_m"":null,""heading_error_deg"":null,""aoi_s"":0.13543343544006348,""position_margin_m"":null,""heading_margin_deg"":null,""freshness_margin_s"":null,""normalized_margin"":null,""observable"":false,""raw_pass"":false,""reason"":""GPS course unobservable at low speed"",""status"":""unobservable"",""observed_evaluations"":0,""satisfaction_fraction"":null},{""service_id"":""local_10s_preview"",""label"":""Planning support"",""family"":""local_relative_motion"",""horizon_s"":10.0,""position_tolerance_m"":0.5,""heading_tolerance_deg"":10.0,""maximum_aoi_s"":1.5,""position_error_m"":null,""heading_error_deg"":null,""aoi_s"":0.13543343544006348,""position_margin_m"":null,""heading_margin_deg"":null,""freshness_margin_s"":null,""normalized_margin"":null,""observable"":false,""raw_pass"":false,""reason"":""GPS course unobservable at low speed"",""status"":""unobservable"",""observed_evaluations"":0,""satisfaction_fraction"":null},{""service_id"":""global_state_tracking"",""label"":""Global asset tracking"",""family"":""global_synchronization"",""horizon_s"":0.0,""position_tolerance_m"":1.0,""heading_tolerance_deg"":5.0,""maximum_aoi_s"":1.0,""position_error_m"":0.92009786036349,""heading_error_deg"":null,""aoi_s"":0.13543343544006348,""position_margin_m"":0.07990213963651005,""heading_margin_deg"":null,""freshness_margin_s"":0.8645665645599365,""normalized_margin"":null,""observable"":false,""raw_pass"":false,""reason"":""GPS course unobservable at low speed"",""status"":""unobservable"",""observed_evaluations"":2,""satisfaction_fraction"":1.0}]",economy,2.0,0.5985000170767307
10.876000000000033,313.944,1789571588.919465,17,-0.01367201887343144,-0.003036323787954792,0.26705685253974387,0.7381511823039064,-0.556597453352067,True,0.051444444,144.43,,,0.731,0.10214042663574219,1789571274.8733246,33.292886734045624,0.9336316457751609,,-91.68167,-0.0271254909316822,0.2575574738494204,0.37515852271618116,0.2810776836227726,0.11760104886676076,0.3360029967621736,low-motion,679.3086528778076,617,1034.7913615364205,0,False,0,260,9,-0.061313254,-0.061147138,12.35672,10,1.04,False,"[{""service_id"":""local_1s_tight"",""label"":""Immediate motion"",""family"":""local_relative_motion"",""horizon_s"":1.0,""position_tolerance_m"":0.1,""heading_tolerance_deg"":2.0,""maximum_aoi_s"":0.6,""position_error_m"":null,""heading_error_deg"":null,""aoi_s"":0.10214042663574219,""position_margin_m"":null,""heading_margin_deg"":null,""freshness_margin_s"":null,""normalized_margin"":null,""observable"":false,""raw_pass"":false,""reason"":""GPS course unobservable at low speed"",""status"":""unobservable"",""observed_evaluations"":0,""satisfaction_fraction"":null},{""service_id"":""local_5s_moderate"",""label"":""Short prediction"",""family"":""local_relative_motion"",""horizon_s"":5.0,""position_tolerance_m"":0.2,""heading_tolerance_deg"":5.0,""maximum_aoi_s"":1.0,""position_error_m"":null,""heading_error_deg"":null,""aoi_s"":0.10214042663574219,""position_margin_m"":null,""heading_margin_deg"":null,""freshness_margin_s"":null,""normalized_margin"":null,""observable"":false,""raw_pass"":false,""reason"":""GPS course unobservable at low speed"",""status"":""unobservable"",""observed_evaluations"":0,""satisfaction_fraction"":null},{""service_id"":""local_10s_preview"",""label"":""Planning support"",""family"":""local_relative_motion"",""horizon_s"":10.0,""position_tolerance_m"":0.5,""heading_tolerance_deg"":10.0,""maximum_aoi_s"":1.5,""position_error_m"":null,""heading_error_deg"":null,""aoi_s"":0.10214042663574219,""position_margin_m"":null,""heading_margin_deg"":null,""freshness_margin_s"":null,""normalized_margin"":null,""observable"":false,""raw_pass"":false,""reason"":""GPS course unobservable at low speed"",""status"":""unobservable"",""observed_evaluations"":0,""satisfaction_fraction"":null},{""service_id"":""global_state_tracking"",""label"":""Global asset tracking"",""family"":""global_synchronization"",""horizon_s"":0.0,""position_tolerance_m"":1.0,""heading_tolerance_deg"":5.0,""maximum_aoi_s"":1.0,""position_error_m"":0.9336316457751609,""heading_error_deg"":null,""aoi_s"":0.10214042663574219,""position_margin_m"":0.06636835422483911,""heading_margin_deg"":null,""freshness_margin_s"":0.8978595733642578,""normalized_margin"":null,""observable"":false,""raw_pass"":false,""reason"":""GPS course unobservable at low speed"",""status"":""unobservable"",""observed_evaluations"":2,""satisfaction_fraction"":1.0}]",economy,2.0,0.571100041270256
11.557000000000016,314.625,1789571589.5374432,18,-0.08793408732149799,-0.026558495601068134,0.34643897764148024,0.7381511823039064,-0.556597453352067,True,0.041155555,144.43,,,0.129,0.03911852836608887,1789571274.8733246,63.02190399168239,0.9815081097096663,,-89.48039,-0.11438812678393168,0.09064360861525116,0.22026055160168437,0.1165669972125378,0.12961694298643323,0.3703341228183807,low-motion,609.745979309082,611,1070.290539920783,0,False,0,831,500,-0.149015149,-0.128017066,12.35672,9,1.08,False,"[{""service_id"":""local_1s_tight"",""label"":""Immediate motion"",""family"":""local_relative_motion"",""horizon_s"":1.0,""position_tolerance_m"":0.1,""heading_tolerance_deg"":2.0,""maximum_aoi_s"":0.6,""position_error_m"":null,""heading_error_deg"":null,""aoi_s"":0.03911852836608887,""position_margin_m"":null,""heading_margin_deg"":null,""freshness_margin_s"":null,""normalized_margin"":null,""observable"":false,""raw_pass"":false,""reason"":""GPS course unobservable at low speed"",""status"":""unobservable"",""observed_evaluations"":0,""satisfaction_fraction"":null},{""service_id"":""local_5s_moderate"",""label"":""Short prediction"",""family"":""local_relative_motion"",""horizon_s"":5.0,""position_tolerance_m"":0.2,""heading_tolerance_deg"":5.0,""maximum_aoi_s"":1.0,""position_error_m"":null,""heading_error_deg"":null,""aoi_s"":0.03911852836608887,""position_margin_m"":null,""heading_margin_deg"":null,""freshness_margin_s"":null,""normalized_margin"":null,""observable"":false,""raw_pass"":false,""reason"":""GPS course unobservable at low speed"",""status"":""unobservable"",""observed_evaluations"":0,""satisfaction_fraction"":null},{""service_id"":""local_10s_preview"",""label"":""Planning support"",""family"":""local_relative_motion"",""horizon_s"":10.0,""position_tolerance_m"":0.5,""heading_tolerance_deg"":10.0,""maximum_aoi_s"":1.5,""position_error_m"":null,""heading_error_deg"":null,""aoi_s"":0.03911852836608887,""position_margin_m"":null,""heading_margin_deg"":null,""freshness_margin_s"":null,""normalized_margin"":null,""observable"":false,""raw_pass"":false,""reason"":""GPS course unobservable at low speed"",""status"":""unobservable"",""observed_evaluations"":0,""satisfaction_fraction"":null},{""service_id"":""global_state_tracking"",""label"":""Global asset tracking"",""family"":""global_synchronization"",""horizon_s"":0.0,""position_tolerance_m"":1.0,""heading_tolerance_deg"":5.0,""maximum_aoi_s"":1.0,""position_error_m"":0.9815081097096663,""heading_error_deg"":null,""aoi_s"":0.03911852836608887,""position_margin_m"":0.018491890290333712,""heading_margin_deg"":null,""freshness_margin_s"":0.9608814716339111,""normalized_margin"":null,""observable"":false,""raw_pass"":false,""reason"":""GPS course unobservable at low speed"",""status"":""unobservable"",""observed_evaluations"":2,""satisfaction_fraction"":1.0}]",economy,2.0,0.3627999685704708
12.186000000000035,315.254,1789571590.154855,19,-0.1867053371266892,-0.06460294115165663,0.3888875522236921,0.7381511823039064,-0.556597453352067,True,0.036011111,144.43,,,0.04,0.027530431747436523,1789571274.8733246,11.588148117084529,1.0475772914532824,,-88.11709,-0.16827485650018137,0.06256246364896896,0.08717919613711676,0.06748581014659852,0.024616732488147802,0.07033352139470801,translation,609.0211868286133,620,1064.5338372027488,0,False,0,1578,1196,-0.186216244,-0.16552555,12.35672,9,1.08,False,"[{""service_id"":""local_1s_tight"",""label"":""Immediate motion"",""family"":""local_relative_motion"",""horizon_s"":1.0,""position_tolerance_m"":0.1,""heading_tolerance_deg"":2.0,""maximum_aoi_s"":0.6,""position_error_m"":null,""heading_error_deg"":null,""aoi_s"":0.027530431747436523,""position_margin_m"":null,""heading_margin_deg"":null,""freshness_margin_s"":null,""normalized_margin"":null,""observable"":false,""raw_pass"":false,""reason"":""GPS course unobservable at low speed"",""status"":""unobservable"",""observed_evaluations"":0,""satisfaction_fraction"":null},{""service_id"":""local_5s_moderate"",""label"":""Short prediction"",""family"":""local_relative_motion"",""horizon_s"":5.0,""position_tolerance_m"":0.2,""heading_tolerance_deg"":5.0,""maximum_aoi_s"":1.0,""position_error_m"":null,""heading_error_deg"":null,""aoi_s"":0.027530431747436523,""position_margin_m"":null,""heading_margin_deg"":null,""freshness_margin_s"":null,""normalized_margin"":null,""observable"":false,""raw_pass"":false,""reason"":""GPS course unobservable at low speed"",""status"":""unobservable"",""observed_evaluations"":0,""satisfaction_fraction"":null},{""service_id"":""local_10s_preview"",""label"":""Planning support"",""family"":""local_relative_motion"",""horizon_s"":10.0,""position_tolerance_m"":0.5,""heading_tolerance_deg"":10.0,""maximum_aoi_s"":1.5,""position_error_m"":null,""heading_error_deg"":null,""aoi_s"":0.027530431747436523,""position_margin_m"":null,""heading_margin_deg"":null,""freshness_margin_s"":null,""normalized_margin"":null,""observable"":false,""raw_pass"":false,""reason"":""GPS course unobservable at low speed"",""status"":""unobservable"",""observed_evaluations"":0,""satisfaction_fraction"":null},{""service_id"":""global_state_tracking"",""label"":""Global asset tracking"",""family"":""global_synchronization"",""horizon_s"":0.0,""position_tolerance_m"":1.0,""heading_tolerance_deg"":5.0,""maximum_aoi_s"":1.0,""position_error_m"":1.0475772914532824,""heading_error_deg"":null,""aoi_s"":0.027530431747436523,""position_margin_m"":-0.04757729145328238,""heading_margin_deg"":null,""freshness_margin_s"":0.9724695682525635,""normalized_margin"":-0.04757729145328238,""observable"":true,""raw_pass"":false,""reason"":""position tolerance"",""status"":""withdrawn"",""observed_evaluations"":3,""satisfaction_fraction"":0.6666666666666666}]",economy,2.0,0.4694999661296606
12.798000000000002,315.866,1789571590.9676824,20,-0.28585239190343364,-0.10585161116644742,0.399618427398325,0.7381511823039064,-0.556597453352067,True,0.036011111,144.43,,,0.652,0.22835779190063477,1789571274.8733246,200.8273487091401,1.118818633307933,,-85.61227,-0.1754660896839648,0.035302130904323145,-0.05353797480492606,0.017534109762473306,0.0888401057092492,0.2538288734549977,translation,803.0617237091064,617,1055.015283612717,0,False,0,2324,1914,-0.188078406,-0.169270566,12.35672,9,1.08,False,"[{""service_id"":""local_1s_tight"",""label"":""Immediate motion"",""family"":""local_relative_motion"",""horizon_s"":1.0,""position_tolerance_m"":0.1,""heading_tolerance_deg"":2.0,""maximum_aoi_s"":0.6,""position_error_m"":null,""heading_error_deg"":null,""aoi_s"":0.22835779190063477,""position_margin_m"":null,""heading_margin_deg"":null,""freshness_margin_s"":null,""normalized_margin"":null,""observable"":false,""raw_pass"":false,""reason"":""GPS course unobservable at low speed"",""status"":""unobservable"",""observed_evaluations"":0,""satisfaction_fraction"":null},{""service_id"":""local_5s_moderate"",""label"":""Short prediction"",""family"":""local_relative_motion"",""horizon_s"":5.0,""position_tolerance_m"":0.2,""heading_tolerance_deg"":5.0,""maximum_aoi_s"":1.0,""position_error_m"":null,""heading_error_deg"":null,""aoi_s"":0.22835779190063477,""position_margin_m"":null,""heading_margin_deg"":null,""freshness_margin_s"":null,""normalized_margin"":null,""observable"":false,""raw_pass"":false,""reason"":""GPS course unobservable at low speed"",""status"":""unobservable"",""observed_evaluations"":0,""satisfaction_fraction"":null},{""service_id"":""local_10s_preview"",""label"":""Planning support"",""family"":""local_relative_motion"",""horizon_s"":10.0,""position_tolerance_m"":0.5,""heading_tolerance_deg"":10.0,""maximum_aoi_s"":1.5,""position_error_m"":null,""heading_error_deg"":null,""aoi_s"":0.22835779190063477,""position_margin_m"":null,""heading_margin_deg"":null,""freshness_margin_s"":null,""normalized_margin"":null,""observable"":false,""raw_pass"":false,""reason"":""GPS course unobservable at low speed"",""status"":""unobservable"",""observed_evaluations"":0,""satisfaction_fraction"":null},{""service_id"":""global_state_tracking"",""label"":""Global asset tracking"",""family"":""global_synchronization"",""horizon_s"":0.0,""position_tolerance_m"":1.0,""heading_tolerance_deg"":5.0,""maximum_aoi_s"":1.0,""position_error_m"":1.118818633307933,""heading_error_deg"":null,""aoi_s"":0.22835779190063477,""position_margin_m"":-0.11881863330793307,""heading_margin_deg"":null,""freshness_margin_s"":0.7716422080993652,""normalized_margin"":-0.11881863330793307,""observable"":true,""raw_pass"":false,""reason"":""position tolerance"",""status"":""withdrawn"",""observed_evaluations"":4,""satisfaction_fraction"":0.5}]",normal,5.0,1.1084000580012798
13.605999999999995,316.674,1789571591.5853283,21,-0.41009043991453487,-0.16024929142703745,0.4257906093626116,0.5901664924719717,-0.556597453352067,True,0.036011111,144.43,,,0.126,0.03800368309020996,1789571274.8733246,190.35402107238042,1.0759209061304709,,-79.15948,-0.16785299455351638,0.02769369781161153,0.051181780314733714,0.03239131431223597,0.023488082503122183,0.06710880715177767,translation,606.0633659362793,625,1054.0921066401938,0,False,0,3263,2824,-0.063845569,-0.085320513,12.35672,10,1.04,False,"[{""service_id"":""local_1s_tight"",""label"":""Immediate motion"",""family"":""local_relative_motion"",""horizon_s"":1.0,""position_tolerance_m"":0.1,""heading_tolerance_deg"":2.0,""maximum_aoi_s"":0.6,""position_error_m"":null,""heading_error_deg"":null,""aoi_s"":0.03800368309020996,""position_margin_m"":null,""heading_margin_deg"":null,""freshness_margin_s"":null,""normalized_margin"":null,""observable"":false,""raw_pass"":false,""reason"":""GPS course unobservable at low speed"",""status"":""unobservable"",""observed_evaluations"":0,""satisfaction_fraction"":null},{""service_id"":""local_5s_moderate"",""label"":""Short prediction"",""family"":""local_relative_motion"",""horizon_s"":5.0,""position_tolerance_m"":0.2,""heading_tolerance_deg"":5.0,""maximum_aoi_s"":1.0,""position_error_m"":null,""heading_error_deg"":null,""aoi_s"":0.03800368309020996,""position_margin_m"":null,""heading_margin_deg"":null,""freshness_margin_s"":null,""normalized_margin"":null,""observable"":false,""raw_pass"":false,""reason"":""GPS course unobservable at low speed"",""status"":""unobservable"",""observed_evaluations"":0,""satisfaction_fraction"":null},{""service_id"":""local_10s_preview"",""label"":""Planning support"",""family"":""local_relative_motion"",""horizon_s"":10.0,""position_tolerance_m"":0.5,""heading_tolerance_deg"":10.0,""maximum_aoi_s"":1.5,""position_error_m"":null,""heading_error_deg"":null,""aoi_s"":0.03800368309020996,""position_margin_m"":null,""heading_margin_deg"":null,""freshness_margin_s"":null,""normalized_margin"":null,""observable"":false,""raw_pass"":false,""reason"":""GPS course unobservable at low speed"",""status"":""unobservable"",""observed_evaluations"":0,""satisfaction_fraction"":null},{""service_id"":""global_state_tracking"",""label"":""Global asset tracking"",""family"":""global_synchronization"",""horizon_s"":0.0,""position_tolerance_m"":1.0,""heading_tolerance_deg"":5.0,""maximum_aoi_s"":1.0,""position_error_m"":1.0759209061304709,""heading_error_deg"":null,""aoi_s"":0.03800368309020996,""position_margin_m"":-0.07592090613047087,""heading_margin_deg"":null,""freshness_margin_s"":0.96199631690979,""normalized_margin"":-0.07592090613047087,""observable"":true,""raw_pass"":false,""reason"":""position tolerance"",""status"":""withdrawn"",""observed_evaluations"":5,""satisfaction_fraction"":0.4}]",normal,5.0,0.42509997729212046
14.215000000000032,317.283,1789571592.1598365,22,-0.41202837805039444,-0.16112635144406767,0.42419385776207363,0.7381511823039064,-0.556597453352067,True,0.25722222,144.43,,,0.058,0.0035119056701660156,1789571274.8733246,34.49180984500799,1.2162690547330142,,-79.62681,-0.0034928846892588465,-0.0038010035386071895,0.0020943951023931952,-0.0026219238104071125,0.005895398641000384,0.016843996117143958,low-motion,567.7673816680908,597,1055.5562916057802,0,False,0,3276,2840,0.0,0.0,12.35672,10,1.04,False,"[{""service_id"":""local_1s_tight"",""label"":""Immediate motion"",""family"":""local_relative_motion"",""horizon_s"":1.0,""position_tolerance_m"":0.1,""heading_tolerance_deg"":2.0,""maximum_aoi_s"":0.6,""position_error_m"":null,""heading_error_deg"":null,""aoi_s"":0.0035119056701660156,""position_margin_m"":null,""heading_margin_deg"":null,""freshness_margin_s"":null,""normalized_margin"":null,""observable"":false,""raw_pass"":false,""reason"":""GPS course unobservable at low speed"",""status"":""unobservable"",""observed_evaluations"":0,""satisfaction_fraction"":null},{""service_id"":""local_5s_moderate"",""label"":""Short prediction"",""family"":""local_relative_motion"",""horizon_s"":5.0,""position_tolerance_m"":0.2,""heading_tolerance_deg"":5.0,""maximum_aoi_s"":1.0,""position_error_m"":null,""heading_error_deg"":null,""aoi_s"":0.0035119056701660156,""position_margin_m"":null,""heading_margin_deg"":null,""freshness_margin_s"":null,""normalized_margin"":null,""observable"":false,""raw_pass"":false,""reason"":""GPS course unobservable at low speed"",""status"":""unobservable"",""observed_evaluations"":0,""satisfaction_fraction"":null},{""service_id"":""local_10s_preview"",""label"":""Planning support"",""family"":""local_relative_motion"",""horizon_s"":10.0,""position_tolerance_m"":0.5,""heading_tolerance_deg"":10.0,""maximum_aoi_s"":1.5,""position_error_m"":null,""heading_error_deg"":null,""aoi_s"":0.0035119056701660156,""position_margin_m"":null,""heading_margin_deg"":null,""freshness_margin_s"":null,""normalized_margin"":null,""observable"":false,""raw_pass"":false,""reason"":""GPS course unobservable at low speed"",""status"":""unobservable"",""observed_evaluations"":0,""satisfaction_fraction"":null},{""service_id"":""global_state_tracking"",""label"":""Global asset tracking"",""family"":""global_synchronization"",""horizon_s"":0.0,""position_tolerance_m"":1.0,""heading_tolerance_deg"":5.0,""maximum_aoi_s"":1.0,""position_error_m"":1.2162690547330142,""heading_error_deg"":null,""aoi_s"":0.0035119056701660156,""position_margin_m"":-0.21626905473301417,""heading_margin_deg"":null,""freshness_margin_s"":0.996488094329834,""normalized_margin"":-0.21626905473301417,""observable"":true,""raw_pass"":false,""reason"":""position tolerance"",""status"":""withdrawn"",""observed_evaluations"":6,""satisfaction_fraction"":0.3333333333333333}]",normal,5.0,0.4822999471798539
14.78000000000003,317.848,1789571592.9134886,23,-0.41202837805039444,-0.16112635144406767,0.42381420501653366,0.7381511823039064,-0.556597453352067,True,0.25722222,144.43,,,0.623,0.19216394424438477,1789571274.8733246,188.65209579468,1.2162690547330142,,-79.94086,-0.0,0.0,-0.0033597588100890844,-0.000671951762017817,0.0033597588100890844,0.009599310885968814,low-motion,745.5999851226807,605,1047.0386491463992,0,False,0,3276,2840,0.0,0.0,12.35672,10,1.04,False,"[{""service_id"":""local_1s_tight"",""label"":""Immediate motion"",""family"":""local_relative_motion"",""horizon_s"":1.0,""position_tolerance_m"":0.1,""heading_tolerance_deg"":2.0,""maximum_aoi_s"":0.6,""position_error_m"":null,""heading_error_deg"":null,""aoi_s"":0.19216394424438477,""position_margin_m"":null,""heading_margin_deg"":null,""freshness_margin_s"":null,""normalized_margin"":null,""observable"":false,""raw_pass"":false,""reason"":""GPS course unobservable at low speed"",""status"":""unobservable"",""observed_evaluations"":0,""satisfaction_fraction"":null},{""service_id"":""local_5s_moderate"",""label"":""Short prediction"",""family"":""local_relative_motion"",""horizon_s"":5.0,""position_tolerance_m"":0.2,""heading_tolerance_deg"":5.0,""maximum_aoi_s"":1.0,""position_error_m"":null,""heading_error_deg"":null,""aoi_s"":0.19216394424438477,""position_margin_m"":null,""heading_margin_deg"":null,""freshness_margin_s"":null,""normalized_margin"":null,""observable"":false,""raw_pass"":false,""reason"":""GPS course unobservable at low speed"",""status"":""unobservable"",""observed_evaluations"":0,""satisfaction_fraction"":null},{""service_id"":""local_10s_preview"",""label"":""Planning support"",""family"":""local_relative_motion"",""horizon_s"":10.0,""position_tolerance_m"":0.5,""heading_tolerance_deg"":10.0,""maximum_aoi_s"":1.5,""position_error_m"":null,""heading_error_deg"":null,""aoi_s"":0.19216394424438477,""position_margin_m"":null,""heading_margin_deg"":null,""freshness_margin_s"":null,""normalized_margin"":null,""observable"":false,""raw_pass"":false,""reason"":""GPS course unobservable at low speed"",""status"":""unobservable"",""observed_evaluations"":0,""satisfaction_fraction"":null},{""service_id"":""global_state_tracking"",""label"":""Global asset tracking"",""family"":""global_synchronization"",""horizon_s"":0.0,""position_tolerance_m"":1.0,""heading_tolerance_deg"":5.0,""maximum_aoi_s"":1.0,""position_error_m"":1.2162690547330142,""heading_error_deg"":null,""aoi_s"":0.19216394424438477,""position_margin_m"":-0.21626905473301417,""heading_margin_deg"":null,""freshness_margin_s"":0.8078360557556152,""normalized_margin"":-0.21626905473301417,""observable"":true,""raw_pass"":false,""reason"":""position tolerance"",""status"":""withdrawn"",""observed_evaluations"":7,""satisfaction_fraction"":0.2857142857142857}]",normal,5.0,0.4859999753534794
15.560000000000002,318.628,1789571593.5329437,24,-0.41202837805039444,-0.16112635144406767,0.423800591448368,0.7381511823039064,-0.3718070991650614,True,0.17491111,144.43,,,0.095,0.03161907196044922,1789571274.8733246,160.54490089413775,1.1693157822064533,,-80.69285,-0.0,0.0,-8.726646259971648e-05,-1.7453292519943296e-05,8.726646259971648e-05,0.00024933275028490425,low-motion,611.7856502532959,602,1060.8047332727936,0,False,0,3276,2840,0.0,0.0,12.35672,10,1.04,False,"[{""service_id"":""local_1s_tight"",""label"":""Immediate motion"",""family"":""local_relative_motion"",""horizon_s"":1.0,""position_tolerance_m"":0.1,""heading_tolerance_deg"":2.0,""maximum_aoi_s"":0.6,""position_error_m"":null,""heading_error_deg"":null,""aoi_s"":0.03161907196044922,""position_margin_m"":null,""heading_margin_deg"":null,""freshness_margin_s"":null,""normalized_margin"":null,""observable"":false,""raw_pass"":false,""reason"":""GPS course unobservable at low speed"",""status"":""unobservable"",""observed_evaluations"":0,""satisfaction_fraction"":null},{""service_id"":""local_5s_moderate"",""label"":""Short prediction"",""family"":""local_relative_motion"",""horizon_s"":5.0,""position_tolerance_m"":0.2,""heading_tolerance_deg"":5.0,""maximum_aoi_s"":1.0,""position_error_m"":null,""heading_error_deg"":null,""aoi_s"":0.03161907196044922,""position_margin_m"":null,""heading_margin_deg"":null,""freshness_margin_s"":null,""normalized_margin"":null,""observable"":false,""raw_pass"":false,""reason"":""GPS course unobservable at low speed"",""status"":""unobservable"",""observed_evaluations"":0,""satisfaction_fraction"":null},{""service_id"":""local_10s_preview"",""label"":""Planning support"",""family"":""local_relative_motion"",""horizon_s"":10.0,""position_tolerance_m"":0.5,""heading_tolerance_deg"":10.0,""maximum_aoi_s"":1.5,""position_error_m"":null,""heading_error_deg"":null,""aoi_s"":0.03161907196044922,""position_margin_m"":null,""heading_margin_deg"":null,""freshness_margin_s"":null,""normalized_margin"":null,""observable"":false,""raw_pass"":false,""reason"":""GPS course unobservable at low speed"",""status"":""unobservable"",""observed_evaluations"":0,""satisfaction_fraction"":null},{""service_id"":""global_state_tracking"",""label"":""Global asset tracking"",""family"":""global_synchronization"",""horizon_s"":0.0,""position_tolerance_m"":1.0,""heading_tolerance_deg"":5.0,""maximum_aoi_s"":1.0,""position_error_m"":1.1693157822064533,""heading_error_deg"":null,""aoi_s"":0.03161907196044922,""position_margin_m"":-0.16931578220645327,""heading_margin_deg"":null,""freshness_margin_s"":0.9683809280395508,""normalized_margin"":-0.16931578220645327,""observable"":true,""raw_pass"":false,""reason"":""position tolerance"",""status"":""withdrawn"",""observed_evaluations"":8,""satisfaction_fraction"":0.25}]",normal,5.0,0.3400000277906656
16.168000000000006,319.236,1789571594.144814,25,-0.41202837805039444,-0.16112635144406767,0.42392262486966725,0.8861358733951159,-0.1859035491870444,True,0.216066665,144.43,,,0.018,0.03548932075500488,1789571274.8733246,3.8702888488728604,1.2984006828629893,,-80.70683,-0.0,0.0,0.0010035643198967395,0.00020071286397934792,0.0010035643198967395,0.0028673266282763987,low-motion,604.9506664276123,603,1059.1723903391273,0,False,0,3276,2840,0.0,0.0,12.35672,10,1.04,False,"[{""service_id"":""local_1s_tight"",""label"":""Immediate motion"",""family"":""local_relative_motion"",""horizon_s"":1.0,""position_tolerance_m"":0.1,""heading_tolerance_deg"":2.0,""maximum_aoi_s"":0.6,""position_error_m"":null,""heading_error_deg"":null,""aoi_s"":0.03548932075500488,""position_margin_m"":null,""heading_margin_deg"":null,""freshness_margin_s"":null,""normalized_margin"":null,""observable"":false,""raw_pass"":false,""reason"":""GPS course unobservable at low speed"",""status"":""unobservable"",""observed_evaluations"":0,""satisfaction_fraction"":null},{""service_id"":""local_5s_moderate"",""label"":""Short prediction"",""family"":""local_relative_motion"",""horizon_s"":5.0,""position_tolerance_m"":0.2,""heading_tolerance_deg"":5.0,""maximum_aoi_s"":1.0,""position_error_m"":null,""heading_error_deg"":null,""aoi_s"":0.03548932075500488,""position_margin_m"":null,""heading_margin_deg"":null,""freshness_margin_s"":null,""normalized_margin"":null,""observable"":false,""raw_pass"":false,""reason"":""GPS course unobservable at low speed"",""status"":""unobservable"",""observed_evaluations"":0,""satisfaction_fraction"":null},{""service_id"":""local_10s_preview"",""label"":""Planning support"",""family"":""local_relative_motion"",""horizon_s"":10.0,""position_tolerance_m"":0.5,""heading_tolerance_deg"":10.0,""maximum_aoi_s"":1.5,""position_error_m"":null,""heading_error_deg"":null,""aoi_s"":0.03548932075500488,""position_margin_m"":null,""heading_margin_deg"":null,""freshness_margin_s"":null,""normalized_margin"":null,""observable"":false,""raw_pass"":false,""reason"":""GPS course unobservable at low speed"",""status"":""unobservable"",""observed_evaluations"":0,""satisfaction_fraction"":null},{""service_id"":""global_state_tracking"",""label"":""Global asset tracking"",""family"":""global_synchronization"",""horizon_s"":0.0,""position_tolerance_m"":1.0,""heading_tolerance_deg"":5.0,""maximum_aoi_s"":1.0,""position_error_m"":1.2984006828629893,""heading_error_deg"":null,""aoi_s"":0.03548932075500488,""position_margin_m"":-0.29840068286298926,""heading_margin_deg"":null,""freshness_margin_s"":0.9645106792449951,""normalized_margin"":-0.29840068286298926,""observable"":true,""raw_pass"":false,""reason"":""position tolerance"",""status"":""withdrawn"",""observed_evaluations"":9,""satisfaction_fraction"":0.2222222222222222}]",normal,5.0,0.43979997280985117
16.76600000000002,319.834,1789571594.8442762,26,-0.41202837805039444,-0.16112635144406767,0.4243035778855,0.8861358733951159,-0.1859035491870444,True,0.216066665,144.43,,,0.616,0.13695144653320312,1789571274.8733246,101.46217536924951,1.2984006828629893,,-80.43818,-0.0,0.0,0.0031852258848896514,0.0006370451769779303,0.0031852258848896514,0.009100645385399005,low-motion,692.3580169677734,599,1038.0812079684545,0,False,0,3276,2840,0.0,0.0,12.33681,10,1.04,False,"[{""service_id"":""local_1s_tight"",""label"":""Immediate motion"",""family"":""local_relative_motion"",""horizon_s"":1.0,""position_tolerance_m"":0.1,""heading_tolerance_deg"":2.0,""maximum_aoi_s"":0.6,""position_error_m"":null,""heading_error_deg"":null,""aoi_s"":0.13695144653320312,""position_margin_m"":null,""heading_margin_deg"":null,""freshness_margin_s"":null,""normalized_margin"":null,""observable"":false,""raw_pass"":false,""reason"":""GPS course unobservable at low speed"",""status"":""unobservable"",""observed_evaluations"":0,""satisfaction_fraction"":null},{""service_id"":""local_5s_moderate"",""label"":""Short prediction"",""family"":""local_relative_motion"",""horizon_s"":5.0,""position_tolerance_m"":0.2,""heading_tolerance_deg"":5.0,""maximum_aoi_s"":1.0,""position_error_m"":null,""heading_error_deg"":null,""aoi_s"":0.13695144653320312,""position_margin_m"":null,""heading_margin_deg"":null,""freshness_margin_s"":null,""normalized_margin"":null,""observable"":false,""raw_pass"":false,""reason"":""GPS course unobservable at low speed"",""status"":""unobservable"",""observed_evaluations"":0,""satisfaction_fraction"":null},{""service_id"":""local_10s_preview"",""label"":""Planning support"",""family"":""local_relative_motion"",""horizon_s"":10.0,""position_tolerance_m"":0.5,""heading_tolerance_deg"":10.0,""maximum_aoi_s"":1.5,""position_error_m"":null,""heading_error_deg"":null,""aoi_s"":0.13695144653320312,""position_margin_m"":null,""heading_margin_deg"":null,""freshness_margin_s"":null,""normalized_margin"":null,""observable"":false,""raw_pass"":false,""reason"":""GPS course unobservable at low speed"",""status"":""unobservable"",""observed_evaluations"":0,""satisfaction_fraction"":null},{""service_id"":""global_state_tracking"",""label"":""Global asset tracking"",""family"":""global_synchronization"",""horizon_s"":0.0,""position_tolerance_m"":1.0,""heading_tolerance_deg"":5.0,""maximum_aoi_s"":1.0,""position_error_m"":1.2984006828629893,""heading_error_deg"":null,""aoi_s"":0.13695144653320312,""position_margin_m"":-0.29840068286298926,""heading_margin_deg"":null,""freshness_margin_s"":0.8630485534667969,""normalized_margin"":-0.29840068286298926,""observable"":true,""raw_pass"":false,""reason"":""position tolerance"",""status"":""withdrawn"",""observed_evaluations"":10,""satisfaction_fraction"":0.2}]",normal,5.0,0.44269999489188194
17.484000000000037,320.552,1789571595.4736192,27,-0.41202837805039444,-0.16112635144406767,0.42538754952403623,0.8861358733951159,-0.1859035491870444,True,0.159477776,144.43,,,0.033,0.0482945442199707,1789571274.8733246,88.65696716310367,1.2984006828629893,,-80.77085,-0.0,0.0,0.007548549014875475,0.001509709802975095,0.007548549014875475,0.021567282899644217,low-motion,622.9526996612549,599,1075.6919480853994,0,False,0,3276,2840,0.0,0.0,12.33681,10,1.04,False,"[{""service_id"":""local_1s_tight"",""label"":""Immediate motion"",""family"":""local_relative_motion"",""horizon_s"":1.0,""position_tolerance_m"":0.1,""heading_tolerance_deg"":2.0,""maximum_aoi_s"":0.6,""position_error_m"":null,""heading_error_deg"":null,""aoi_s"":0.0482945442199707,""position_margin_m"":null,""heading_margin_deg"":null,""freshness_margin_s"":null,""normalized_margin"":null,""observable"":false,""raw_pass"":false,""reason"":""GPS course unobservable at low speed"",""status"":""unobservable"",""observed_evaluations"":0,""satisfaction_fraction"":null},{""service_id"":""local_5s_moderate"",""label"":""Short prediction"",""family"":""local_relative_motion"",""horizon_s"":5.0,""position_tolerance_m"":0.2,""heading_tolerance_deg"":5.0,""maximum_aoi_s"":1.0,""position_error_m"":null,""heading_error_deg"":null,""aoi_s"":0.0482945442199707,""position_margin_m"":null,""heading_margin_deg"":null,""freshness_margin_s"":null,""normalized_margin"":null,""observable"":false,""raw_pass"":false,""reason"":""GPS course unobservable at low speed"",""status"":""unobservable"",""observed_evaluations"":0,""satisfaction_fraction"":null},{""service_id"":""local_10s_preview"",""label"":""Planning support"",""family"":""local_relative_motion"",""horizon_s"":10.0,""position_tolerance_m"":0.5,""heading_tolerance_deg"":10.0,""maximum_aoi_s"":1.5,""position_error_m"":null,""heading_error_deg"":null,""aoi_s"":0.0482945442199707,""position_margin_m"":null,""heading_margin_deg"":null,""freshness_margin_s"":null,""normalized_margin"":null,""observable"":false,""raw_pass"":false,""reason"":""GPS course unobservable at low speed"",""status"":""unobservable"",""observed_evaluations"":0,""satisfaction_fraction"":null},{""service_id"":""global_state_tracking"",""label"":""Global asset tracking"",""family"":""global_synchronization"",""horizon_s"":0.0,""position_tolerance_m"":1.0,""heading_tolerance_deg"":5.0,""maximum_aoi_s"":1.0,""position_error_m"":1.2984006828629893,""heading_error_deg"":null,""aoi_s"":0.0482945442199707,""position_margin_m"":-0.29840068286298926,""heading_margin_deg"":null,""freshness_margin_s"":0.9517054557800293,""normalized_margin"":-0.29840068286298926,""observable"":true,""raw_pass"":false,""reason"":""position tolerance"",""status"":""withdrawn"",""observed_evaluations"":11,""satisfaction_fraction"":0.18181818181818182}]",normal,5.0,0.3972999984398484
18.09899999999999,321.167,1789571596.0893888,28,-0.41202837805039444,-0.16112635144406767,0.42537681574913666,0.7381511823039064,0.0,True,0.159477776,144.43,,,0.068,0.04906415939331055,1789571274.8733246,0.7696247101307563,1.1614106604412109,,-80.67323,-0.0,0.0,-8.726646259971648e-05,-1.7453292519943296e-05,8.726646259971648e-05,0.00024933275028490425,low-motion,605.156660079956,599,1072.1436785068167,0,False,0,3276,2840,0.0,0.0,12.33681,10,1.04,False,"[{""service_id"":""local_1s_tight"",""label"":""Immediate motion"",""family"":""local_relative_motion"",""horizon_s"":1.0,""position_tolerance_m"":0.1,""heading_tolerance_deg"":2.0,""maximum_aoi_s"":0.6,""position_error_m"":null,""heading_error_deg"":null,""aoi_s"":0.04906415939331055,""position_margin_m"":null,""heading_margin_deg"":null,""freshness_margin_s"":null,""normalized_margin"":null,""observable"":false,""raw_pass"":false,""reason"":""GPS course unobservable at low speed"",""status"":""unobservable"",""observed_evaluations"":0,""satisfaction_fraction"":null},{""service_id"":""local_5s_moderate"",""label"":""Short prediction"",""family"":""local_relative_motion"",""horizon_s"":5.0,""position_tolerance_m"":0.2,""heading_tolerance_deg"":5.0,""maximum_aoi_s"":1.0,""position_error_m"":null,""heading_error_deg"":null,""aoi_s"":0.04906415939331055,""position_margin_m"":null,""heading_margin_deg"":null,""freshness_margin_s"":null,""normalized_margin"":null,""observable"":false,""raw_pass"":false,""reason"":""GPS course unobservable at low speed"",""status"":""unobservable"",""observed_evaluations"":0,""satisfaction_fraction"":null},{""service_id"":""local_10s_preview"",""label"":""Planning support"",""family"":""local_relative_motion"",""horizon_s"":10.0,""position_tolerance_m"":0.5,""heading_tolerance_deg"":10.0,""maximum_aoi_s"":1.5,""position_error_m"":null,""heading_error_deg"":null,""aoi_s"":0.04906415939331055,""position_margin_m"":null,""heading_margin_deg"":null,""freshness_margin_s"":null,""normalized_margin"":null,""observable"":false,""raw_pass"":false,""reason"":""GPS course unobservable at low speed"",""status"":""unobservable"",""observed_evaluations"":0,""satisfaction_fraction"":null},{""service_id"":""global_state_tracking"",""label"":""Global asset tracking"",""family"":""global_synchronization"",""horizon_s"":0.0,""position_tolerance_m"":1.0,""heading_tolerance_deg"":5.0,""maximum_aoi_s"":1.0,""position_error_m"":1.1614106604412109,""heading_error_deg"":null,""aoi_s"":0.04906415939331055,""position_margin_m"":-0.16141066044121088,""heading_margin_deg"":null,""freshness_margin_s"":0.9509358406066895,""normalized_margin"":-0.16141066044121088,""observable"":true,""raw_pass"":false,""reason"":""position tolerance"",""status"":""withdrawn"",""observed_evaluations"":12,""satisfaction_fraction"":0.16666666666666666}]",normal,5.0,0.6295000202953815
18.71700000000004,321.785,1789571596.704253,29,-0.41202837805039444,-0.16112635144406767,0.425231202929643,0.7381511823039064,0.0,True,0.159477776,144.43,,,0.686,0.045928239822387695,1789571274.8733246,3.1358890533965678,1.1614106604412109,,-80.29446,-0.0,0.0,-0.0011780972450961724,-0.0002356194490192345,0.0011780972450961724,0.003365992128846207,low-motion,606.4929962158203,608,1058.8818337073672,0,False,0,3276,2840,0.0,0.0,12.33681,10,1.04,False,"[{""service_id"":""local_1s_tight"",""label"":""Immediate motion"",""family"":""local_relative_motion"",""horizon_s"":1.0,""position_tolerance_m"":0.1,""heading_tolerance_deg"":2.0,""maximum_aoi_s"":0.6,""position_error_m"":null,""heading_error_deg"":null,""aoi_s"":0.045928239822387695,""position_margin_m"":null,""heading_margin_deg"":null,""freshness_margin_s"":null,""normalized_margin"":null,""observable"":false,""raw_pass"":false,""reason"":""GPS course unobservable at low speed"",""status"":""unobservable"",""observed_evaluations"":0,""satisfaction_fraction"":null},{""service_id"":""local_5s_moderate"",""label"":""Short prediction"",""family"":""local_relative_motion"",""horizon_s"":5.0,""position_tolerance_m"":0.2,""heading_tolerance_deg"":5.0,""maximum_aoi_s"":1.0,""position_error_m"":null,""heading_error_deg"":null,""aoi_s"":0.045928239822387695,""position_margin_m"":null,""heading_margin_deg"":null,""freshness_margin_s"":null,""normalized_margin"":null,""observable"":false,""raw_pass"":false,""reason"":""GPS course unobservable at low speed"",""status"":""unobservable"",""observed_evaluations"":0,""satisfaction_fraction"":null},{""service_id"":""local_10s_preview"",""label"":""Planning support"",""family"":""local_relative_motion"",""horizon_s"":10.0,""position_tolerance_m"":0.5,""heading_tolerance_deg"":10.0,""maximum_aoi_s"":1.5,""position_error_m"":null,""heading_error_deg"":null,""aoi_s"":0.045928239822387695,""position_margin_m"":null,""heading_margin_deg"":null,""freshness_margin_s"":null,""normalized_margin"":null,""observable"":false,""raw_pass"":false,""reason"":""GPS course unobservable at low speed"",""status"":""unobservable"",""observed_evaluations"":0,""satisfaction_fraction"":null},{""service_id"":""global_state_tracking"",""label"":""Global asset tracking"",""family"":""global_synchronization"",""horizon_s"":0.0,""position_tolerance_m"":1.0,""heading_tolerance_deg"":5.0,""maximum_aoi_s"":1.0,""position_error_m"":1.1614106604412109,""heading_error_deg"":null,""aoi_s"":0.045928239822387695,""position_margin_m"":-0.16141066044121088,""heading_margin_deg"":null,""freshness_margin_s"":0.9540717601776123,""normalized_margin"":-0.16141066044121088,""observable"":true,""raw_pass"":false,""reason"":""position tolerance"",""status"":""withdrawn"",""observed_evaluations"":13,""satisfaction_fraction"":0.15384615384615385}]",economy,2.0,0.40579994674772024
19.71700000000004,323.52,1789571598.4116366,31,-0.41202837805039444,-0.16112635144406767,0.42477741732412433,0.5901664924719717,0.18479035497797808,True,0.205777776,144.43,,,0.306,0.01831197738647461,1789571274.8733246,27.61636734004469,1.0602136229473842,,-80.38371,-0.0,0.0,-0.0022689280275926286,-0.00045378560551852573,0.0022689280275926286,0.006482651507407511,low-motion,682.5799942016602,603,863.5509789729333,1,False,0,3276,2840,0.0,0.0,12.33681,10,1.04,False,"[{""service_id"":""local_1s_tight"",""label"":""Immediate motion"",""family"":""local_relative_motion"",""horizon_s"":1.0,""position_tolerance_m"":0.1,""heading_tolerance_deg"":2.0,""maximum_aoi_s"":0.6,""position_error_m"":null,""heading_error_deg"":null,""aoi_s"":0.01831197738647461,""position_margin_m"":null,""heading_margin_deg"":null,""freshness_margin_s"":null,""normalized_margin"":null,""observable"":false,""raw_pass"":false,""reason"":""GPS course unobservable at low speed"",""status"":""unobservable"",""observed_evaluations"":0,""satisfaction_fraction"":null},{""service_id"":""local_5s_moderate"",""label"":""Short prediction"",""family"":""local_relative_motion"",""horizon_s"":5.0,""position_tolerance_m"":0.2,""heading_tolerance_deg"":5.0,""maximum_aoi_s"":1.0,""position_error_m"":null,""heading_error_deg"":null,""aoi_s"":0.01831197738647461,""position_margin_m"":null,""heading_margin_deg"":null,""freshness_margin_s"":null,""normalized_margin"":null,""observable"":false,""raw_pass"":false,""reason"":""GPS course unobservable at low speed"",""status"":""unobservable"",""observed_evaluations"":0,""satisfaction_fraction"":null},{""service_id"":""local_10s_preview"",""label"":""Planning support"",""family"":""local_relative_motion"",""horizon_s"":10.0,""position_tolerance_m"":0.5,""heading_tolerance_deg"":10.0,""maximum_aoi_s"":1.5,""position_error_m"":null,""heading_error_deg"":null,""aoi_s"":0.01831197738647461,""position_margin_m"":null,""heading_margin_deg"":null,""freshness_margin_s"":null,""normalized_margin"":null,""observable"":false,""raw_pass"":false,""reason"":""GPS course unobservable at low speed"",""status"":""unobservable"",""observed_evaluations"":0,""satisfaction_fraction"":null},{""service_id"":""global_state_tracking"",""label"":""Global asset tracking"",""family"":""global_synchronization"",""horizon_s"":0.0,""position_tolerance_m"":1.0,""heading_tolerance_deg"":5.0,""maximum_aoi_s"":1.0,""position_error_m"":1.0602136229473842,""heading_error_deg"":null,""aoi_s"":0.01831197738647461,""position_margin_m"":-0.06021362294738419,""heading_margin_deg"":null,""freshness_margin_s"":0.9816880226135254,""normalized_margin"":-0.06021362294738419,""observable"":true,""raw_pass"":false,""reason"":""position tolerance"",""status"":""withdrawn"",""observed_evaluations"":14,""satisfaction_fraction"":0.14285714285714285}]",economy,2.0,0.5636999849230051
20.349000000000046,324.152,1789571599.0844488,32,-0.41202837805039444,-0.16112635144406767,0.4254557918977895,0.44306793669755795,-0.1859035491870444,True,0.205777776,144.43,,,0.086,0.05912423133850098,1789571274.8733246,40.81222343444324,0.8554552104134523,,-81.14137,-0.0,0.0,0.005366887449882563,0.0010733774899765126,0.005366887449882563,0.015333964142521611,low-motion,659.3503952026367,597,851.884839753011,0,False,0,3276,2840,0.0,0.0,12.33681,10,1.04,False,"[{""service_id"":""local_1s_tight"",""label"":""Immediate motion"",""family"":""local_relative_motion"",""horizon_s"":1.0,""position_tolerance_m"":0.1,""heading_tolerance_deg"":2.0,""maximum_aoi_s"":0.6,""position_error_m"":null,""heading_error_deg"":null,""aoi_s"":0.05912423133850098,""position_margin_m"":null,""heading_margin_deg"":null,""freshness_margin_s"":null,""normalized_margin"":null,""observable"":false,""raw_pass"":false,""reason"":""GPS course unobservable at low speed"",""status"":""unobservable"",""observed_evaluations"":0,""satisfaction_fraction"":null},{""service_id"":""local_5s_moderate"",""label"":""Short prediction"",""family"":""local_relative_motion"",""horizon_s"":5.0,""position_tolerance_m"":0.2,""heading_tolerance_deg"":5.0,""maximum_aoi_s"":1.0,""position_error_m"":null,""heading_error_deg"":null,""aoi_s"":0.05912423133850098,""position_margin_m"":null,""heading_margin_deg"":null,""freshness_margin_s"":null,""normalized_margin"":null,""observable"":false,""raw_pass"":false,""reason"":""GPS course unobservable at low speed"",""status"":""unobservable"",""observed_evaluations"":0,""satisfaction_fraction"":null},{""service_id"":""local_10s_preview"",""label"":""Planning support"",""family"":""local_relative_motion"",""horizon_s"":10.0,""position_tolerance_m"":0.5,""heading_tolerance_deg"":10.0,""maximum_aoi_s"":1.5,""position_error_m"":null,""heading_error_deg"":null,""aoi_s"":0.05912423133850098,""position_margin_m"":null,""heading_margin_deg"":null,""freshness_margin_s"":null,""normalized_margin"":null,""observable"":false,""raw_pass"":false,""reason"":""GPS course unobservable at low speed"",""status"":""unobservable"",""observed_evaluations"":0,""satisfaction_fraction"":null},{""service_id"":""global_state_tracking"",""label"":""Global asset tracking"",""family"":""global_synchronization"",""horizon_s"":0.0,""position_tolerance_m"":1.0,""heading_tolerance_deg"":5.0,""maximum_aoi_s"":1.0,""position_error_m"":0.8554552104134523,""heading_error_deg"":null,""aoi_s"":0.05912423133850098,""position_margin_m"":0.1445447895865477,""heading_margin_deg"":null,""freshness_margin_s"":0.940875768661499,""normalized_margin"":null,""observable"":false,""raw_pass"":false,""reason"":""GPS course unobservable at low speed"",""status"":""unobservable"",""observed_evaluations"":14,""satisfaction_fraction"":0.14285714285714285}]",economy,2.0,0.6032000528648496
21.001000000000033,324.804,1789571599.6821365,33,-0.41202837805039444,-0.16112635144406767,0.4261556340212542,0.44306793669755795,-0.1859035491870444,True,0.226355554,144.43,,,0.105,0.004812002182006836,1789571274.8733246,54.312278747545406,0.8554552104134523,,-80.94508,-0.0,0.0,0.005366887449882563,0.0010733774899765126,0.005366887449882563,0.015333964142521611,low-motion,588.3057117462158,597,868.5657914066988,0,False,0,3276,2840,0.0,0.0,12.33681,10,1.04,False,"[{""service_id"":""local_1s_tight"",""label"":""Immediate motion"",""family"":""local_relative_motion"",""horizon_s"":1.0,""position_tolerance_m"":0.1,""heading_tolerance_deg"":2.0,""maximum_aoi_s"":0.6,""position_error_m"":null,""heading_error_deg"":null,""aoi_s"":0.004812002182006836,""position_margin_m"":null,""heading_margin_deg"":null,""freshness_margin_s"":null,""normalized_margin"":null,""observable"":false,""raw_pass"":false,""reason"":""GPS course unobservable at low speed"",""status"":""unobservable"",""observed_evaluations"":0,""satisfaction_fraction"":null},{""service_id"":""local_5s_moderate"",""label"":""Short prediction"",""family"":""local_relative_motion"",""horizon_s"":5.0,""position_tolerance_m"":0.2,""heading_tolerance_deg"":5.0,""maximum_aoi_s"":1.0,""position_error_m"":null,""heading_error_deg"":null,""aoi_s"":0.004812002182006836,""position_margin_m"":null,""heading_margin_deg"":null,""freshness_margin_s"":null,""normalized_margin"":null,""observable"":false,""raw_pass"":false,""reason"":""GPS course unobservable at low speed"",""status"":""unobservable"",""observed_evaluations"":0,""satisfaction_fraction"":null},{""service_id"":""local_10s_preview"",""label"":""Planning support"",""family"":""local_relative_motion"",""horizon_s"":10.0,""position_tolerance_m"":0.5,""heading_tolerance_deg"":10.0,""maximum_aoi_s"":1.5,""position_error_m"":null,""heading_error_deg"":null,""aoi_s"":0.004812002182006836,""position_margin_m"":null,""heading_margin_deg"":null,""freshness_margin_s"":null,""normalized_margin"":null,""observable"":false,""raw_pass"":false,""reason"":""GPS course unobservable at low speed"",""status"":""unobservable"",""observed_evaluations"":0,""satisfaction_fraction"":null},{""service_id"":""global_state_tracking"",""label"":""Global asset tracking"",""family"":""global_synchronization"",""horizon_s"":0.0,""position_tolerance_m"":1.0,""heading_tolerance_deg"":5.0,""maximum_aoi_s"":1.0,""position_error_m"":0.8554552104134523,""heading_error_deg"":null,""aoi_s"":0.004812002182006836,""position_margin_m"":0.1445447895865477,""heading_margin_deg"":null,""freshness_margin_s"":0.9951879978179932,""normalized_margin"":null,""observable"":false,""raw_pass"":false,""reason"":""GPS course unobservable at low speed"",""status"":""unobservable"",""observed_evaluations"":14,""satisfaction_fraction"":0.14285714285714285}]",economy,2.0,0.6385999731719494
21.599000000000046,325.402,1789571600.303025,34,-0.41202837805039444,-0.16112635144406767,0.42640612367550057,0.5901664924719717,-0.3718070991650614,True,0.195488887,144.43,,,0.047,0.027700424194335938,1789571274.8733246,22.888471603380367,1.0241000614986895,,-80.79757,-0.0,0.0,0.0020943951023931952,0.00041887902047863906,0.0020943951023931952,0.005983986006837701,low-motion,611.3419532775879,607,871.7428577691268,0,False,0,3276,2840,0.0,0.0,12.33681,10,1.04,False,"[{""service_id"":""local_1s_tight"",""label"":""Immediate motion"",""family"":""local_relative_motion"",""horizon_s"":1.0,""position_tolerance_m"":0.1,""heading_tolerance_deg"":2.0,""maximum_aoi_s"":0.6,""position_error_m"":null,""heading_error_deg"":null,""aoi_s"":0.027700424194335938,""position_margin_m"":null,""heading_margin_deg"":null,""freshness_margin_s"":null,""normalized_margin"":null,""observable"":false,""raw_pass"":false,""reason"":""GPS course unobservable at low speed"",""status"":""unobservable"",""observed_evaluations"":0,""satisfaction_fraction"":null},{""service_id"":""local_5s_moderate"",""label"":""Short prediction"",""family"":""local_relative_motion"",""horizon_s"":5.0,""position_tolerance_m"":0.2,""heading_tolerance_deg"":5.0,""maximum_aoi_s"":1.0,""position_error_m"":null,""heading_error_deg"":null,""aoi_s"":0.027700424194335938,""position_margin_m"":null,""heading_margin_deg"":null,""freshness_margin_s"":null,""normalized_margin"":null,""observable"":false,""raw_pass"":false,""reason"":""GPS course unobservable at low speed"",""status"":""unobservable"",""observed_evaluations"":0,""satisfaction_fraction"":null},{""service_id"":""local_10s_preview"",""label"":""Planning support"",""family"":""local_relative_motion"",""horizon_s"":10.0,""position_tolerance_m"":0.5,""heading_tolerance_deg"":10.0,""maximum_aoi_s"":1.5,""position_error_m"":null,""heading_error_deg"":null,""aoi_s"":0.027700424194335938,""position_margin_m"":null,""heading_margin_deg"":null,""freshness_margin_s"":null,""normalized_margin"":null,""observable"":false,""raw_pass"":false,""reason"":""GPS course unobservable at low speed"",""status"":""unobservable"",""observed_evaluations"":0,""satisfaction_fraction"":null},{""service_id"":""global_state_tracking"",""label"":""Global asset tracking"",""family"":""global_synchronization"",""horizon_s"":0.0,""position_tolerance_m"":1.0,""heading_tolerance_deg"":5.0,""maximum_aoi_s"":1.0,""position_error_m"":1.0241000614986895,""heading_error_deg"":null,""aoi_s"":0.027700424194335938,""position_margin_m"":-0.024100061498689485,""heading_margin_deg"":null,""freshness_margin_s"":0.9722995758056641,""normalized_margin"":-0.024100061498689485,""observable"":true,""raw_pass"":false,""reason"":""position tolerance"",""status"":""withdrawn"",""observed_evaluations"":15,""satisfaction_fraction"":0.13333333333333333}]",economy,2.0,0.41360000614076853
22.20300000000003,326.006,1789571601.0189052,35,-0.41202837805039444,-0.16112635144406767,0.426000264811242,0.5901664924719717,-0.3718070991650614,True,0.195488887,144.43,,,0.651,0.13958048820495605,1789571274.8733246,111.8801555633695,1.0241000614986895,,-80.81116,-0.0,0.0,-0.0033597588100890844,-0.000671951762017817,0.0033597588100890844,0.009599310885968814,low-motion,708.7118625640869,606,855.4591830387955,0,False,0,3276,2840,0.0,0.0,12.33681,10,1.04,False,"[{""service_id"":""local_1s_tight"",""label"":""Immediate motion"",""family"":""local_relative_motion"",""horizon_s"":1.0,""position_tolerance_m"":0.1,""heading_tolerance_deg"":2.0,""maximum_aoi_s"":0.6,""position_error_m"":null,""heading_error_deg"":null,""aoi_s"":0.13958048820495605,""position_margin_m"":null,""heading_margin_deg"":null,""freshness_margin_s"":null,""normalized_margin"":null,""observable"":false,""raw_pass"":false,""reason"":""GPS course unobservable at low speed"",""status"":""unobservable"",""observed_evaluations"":0,""satisfaction_fraction"":null},{""service_id"":""local_5s_moderate"",""label"":""Short prediction"",""family"":""local_relative_motion"",""horizon_s"":5.0,""position_tolerance_m"":0.2,""heading_tolerance_deg"":5.0,""maximum_aoi_s"":1.0,""position_error_m"":null,""heading_error_deg"":null,""aoi_s"":0.13958048820495605,""position_margin_m"":null,""heading_margin_deg"":null,""freshness_margin_s"":null,""normalized_margin"":null,""observable"":false,""raw_pass"":false,""reason"":""GPS course unobservable at low speed"",""status"":""unobservable"",""observed_evaluations"":0,""satisfaction_fraction"":null},{""service_id"":""local_10s_preview"",""label"":""Planning support"",""family"":""local_relative_motion"",""horizon_s"":10.0,""position_tolerance_m"":0.5,""heading_tolerance_deg"":10.0,""maximum_aoi_s"":1.5,""position_error_m"":null,""heading_error_deg"":null,""aoi_s"":0.13958048820495605,""position_margin_m"":null,""heading_margin_deg"":null,""freshness_margin_s"":null,""normalized_margin"":null,""observable"":false,""raw_pass"":false,""reason"":""GPS course unobservable at low speed"",""status"":""unobservable"",""observed_evaluations"":0,""satisfaction_fraction"":null},{""service_id"":""global_state_tracking"",""label"":""Global asset tracking"",""family"":""global_synchronization"",""horizon_s"":0.0,""position_tolerance_m"":1.0,""heading_tolerance_deg"":5.0,""maximum_aoi_s"":1.0,""position_error_m"":1.0241000614986895,""heading_error_deg"":null,""aoi_s"":0.13958048820495605,""position_margin_m"":-0.024100061498689485,""heading_margin_deg"":null,""freshness_margin_s"":0.860419511795044,""normalized_margin"":-0.024100061498689485,""observable"":true,""raw_pass"":false,""reason"":""position tolerance"",""status"":""withdrawn"",""observed_evaluations"":16,""satisfaction_fraction"":0.125}]",economy,2.0,0.5460000829771161
22.914000000000044,326.717,1789571601.5851934,36,-0.41202837805039444,-0.16112635144406767,0.4273839007556992,0.5901664924719717,-0.556597453352067,True,0.195488887,144.43,,,0.031,0.0,1789571274.8681934,144.711767196668,1.0774005526941546,,-81.06149,-0.0,0.0,0.009730210579868387,0.0019460421159736775,0.009730210579868387,0.027800601656766823,low-motion,559.6902370452881,604,864.9972385897171,0,False,0,3276,2840,0.0,0.0,12.33681,10,1.04,False,"[{""service_id"":""local_1s_tight"",""label"":""Immediate motion"",""family"":""local_relative_motion"",""horizon_s"":1.0,""position_tolerance_m"":0.1,""heading_tolerance_deg"":2.0,""maximum_aoi_s"":0.6,""position_error_m"":null,""heading_error_deg"":null,""aoi_s"":0.0,""position_margin_m"":null,""heading_margin_deg"":null,""freshness_margin_s"":null,""normalized_margin"":null,""observable"":false,""raw_pass"":false,""reason"":""GPS course unobservable at low speed"",""status"":""unobservable"",""observed_evaluations"":0,""satisfaction_fraction"":null},{""service_id"":""local_5s_moderate"",""label"":""Short prediction"",""family"":""local_relative_motion"",""horizon_s"":5.0,""position_tolerance_m"":0.2,""heading_tolerance_deg"":5.0,""maximum_aoi_s"":1.0,""position_error_m"":null,""heading_error_deg"":null,""aoi_s"":0.0,""position_margin_m"":null,""heading_margin_deg"":null,""freshness_margin_s"":null,""normalized_margin"":null,""observable"":false,""raw_pass"":false,""reason"":""GPS course unobservable at low speed"",""status"":""unobservable"",""observed_evaluations"":0,""satisfaction_fraction"":null},{""service_id"":""local_10s_preview"",""label"":""Planning support"",""family"":""local_relative_motion"",""horizon_s"":10.0,""position_tolerance_m"":0.5,""heading_tolerance_deg"":10.0,""maximum_aoi_s"":1.5,""position_error_m"":null,""heading_error_deg"":null,""aoi_s"":0.0,""position_margin_m"":null,""heading_margin_deg"":null,""freshness_margin_s"":null,""normalized_margin"":null,""observable"":false,""raw_pass"":false,""reason"":""GPS course unobservable at low speed"",""status"":""unobservable"",""observed_evaluations"":0,""satisfaction_fraction"":null},{""service_id"":""global_state_tracking"",""label"":""Global asset tracking"",""family"":""global_synchronization"",""horizon_s"":0.0,""position_tolerance_m"":1.0,""heading_tolerance_deg"":5.0,""maximum_aoi_s"":1.0,""position_error_m"":1.0774005526941546,""heading_error_deg"":null,""aoi_s"":0.0,""position_margin_m"":-0.07740055269415458,""heading_margin_deg"":null,""freshness_margin_s"":1.0,""normalized_margin"":-0.07740055269415458,""observable"":true,""raw_pass"":false,""reason"":""position tolerance"",""status"":""withdrawn"",""observed_evaluations"":17,""satisfaction_fraction"":0.11764705882352941}]",economy,2.0,0.6940000457689166
23.492000000000075,327.295,1789571602.3019783,37,-0.41202837805039444,-0.16112635144406767,0.42775211286799264,0.5901664924719717,-0.7425010033300838,True,0.123466666,144.43,,,0.027,0.13878488540649414,1789571274.8681934,138.78495407101354,1.1586160038411901,,-80.94928,-0.0,0.0,0.0031852258848896514,0.0006370451769779303,0.0031852258848896514,0.009100645385399005,low-motion,708.2817554473877,594,1081.6530425789206,0,False,0,3276,2840,0.0,0.0,12.33681,10,1.04,False,"[{""service_id"":""local_1s_tight"",""label"":""Immediate motion"",""family"":""local_relative_motion"",""horizon_s"":1.0,""position_tolerance_m"":0.1,""heading_tolerance_deg"":2.0,""maximum_aoi_s"":0.6,""position_error_m"":null,""heading_error_deg"":null,""aoi_s"":0.13878488540649414,""position_margin_m"":null,""heading_margin_deg"":null,""freshness_margin_s"":null,""normalized_margin"":null,""observable"":false,""raw_pass"":false,""reason"":""GPS course unobservable at low speed"",""status"":""unobservable"",""observed_evaluations"":0,""satisfaction_fraction"":null},{""service_id"":""local_5s_moderate"",""label"":""Short prediction"",""family"":""local_relative_motion"",""horizon_s"":5.0,""position_tolerance_m"":0.2,""heading_tolerance_deg"":5.0,""maximum_aoi_s"":1.0,""position_error_m"":null,""heading_error_deg"":null,""aoi_s"":0.13878488540649414,""position_margin_m"":null,""heading_margin_deg"":null,""freshness_margin_s"":null,""normalized_margin"":null,""observable"":false,""raw_pass"":false,""reason"":""GPS course unobservable at low speed"",""status"":""unobservable"",""observed_evaluations"":0,""satisfaction_fraction"":null},{""service_id"":""local_10s_preview"",""label"":""Planning support"",""family"":""local_relative_motion"",""horizon_s"":10.0,""position_tolerance_m"":0.5,""heading_tolerance_deg"":10.0,""maximum_aoi_s"":1.5,""position_error_m"":null,""heading_error_deg"":null,""aoi_s"":0.13878488540649414,""position_margin_m"":null,""heading_margin_deg"":null,""freshness_margin_s"":null,""normalized_margin"":null,""observable"":false,""raw_pass"":false,""reason"":""GPS course unobservable at low speed"",""status"":""unobservable"",""observed_evaluations"":0,""satisfaction_fraction"":null},{""service_id"":""global_state_tracking"",""label"":""Global asset tracking"",""family"":""global_synchronization"",""horizon_s"":0.0,""position_tolerance_m"":1.0,""heading_tolerance_deg"":5.0,""maximum_aoi_s"":1.0,""position_error_m"":1.1586160038411901,""heading_error_deg"":null,""aoi_s"":0.13878488540649414,""position_margin_m"":-0.15861600384119012,""heading_margin_deg"":null,""freshness_margin_s"":0.8612151145935059,""normalized_margin"":-0.15861600384119012,""observable"":true,""raw_pass"":false,""reason"":""position tolerance"",""status"":""withdrawn"",""observed_evaluations"":18,""satisfaction_fraction"":0.1111111111111111}]",economy,2.0,0.39820000529289246
24.206000000000074,328.009,1789571602.890952,38,-0.41202837805039444,-0.16112635144406767,0.4274281099456525,0.5901664924719717,-0.7425010033300838,True,0.123466666,144.43,,,0.741,0.013758659362792969,1789571274.8681934,125.02623939514024,1.1586160038411901,,-80.84681,-0.0,0.0,-0.0022689280275926286,-0.00045378560551852573,0.0022689280275926286,0.006482651507407511,low-motion,581.2036991119385,595,1072.2620407671843,0,False,0,3276,2840,0.0,0.0,12.33681,10,1.04,False,"[{""service_id"":""local_1s_tight"",""label"":""Immediate motion"",""family"":""local_relative_motion"",""horizon_s"":1.0,""position_tolerance_m"":0.1,""heading_tolerance_deg"":2.0,""maximum_aoi_s"":0.6,""position_error_m"":null,""heading_error_deg"":null,""aoi_s"":0.013758659362792969,""position_margin_m"":null,""heading_margin_deg"":null,""freshness_margin_s"":null,""normalized_margin"":null,""observable"":false,""raw_pass"":false,""reason"":""GPS course unobservable at low speed"",""status"":""unobservable"",""observed_evaluations"":0,""satisfaction_fraction"":null},{""service_id"":""local_5s_moderate"",""label"":""Short prediction"",""family"":""local_relative_motion"",""horizon_s"":5.0,""position_tolerance_m"":0.2,""heading_tolerance_deg"":5.0,""maximum_aoi_s"":1.0,""position_error_m"":null,""heading_error_deg"":null,""aoi_s"":0.013758659362792969,""position_margin_m"":null,""heading_margin_deg"":null,""freshness_margin_s"":null,""normalized_margin"":null,""observable"":false,""raw_pass"":false,""reason"":""GPS course unobservable at low speed"",""status"":""unobservable"",""observed_evaluations"":0,""satisfaction_fraction"":null},{""service_id"":""local_10s_preview"",""label"":""Planning support"",""family"":""local_relative_motion"",""horizon_s"":10.0,""position_tolerance_m"":0.5,""heading_tolerance_deg"":10.0,""maximum_aoi_s"":1.5,""position_error_m"":null,""heading_error_deg"":null,""aoi_s"":0.013758659362792969,""position_margin_m"":null,""heading_margin_deg"":null,""freshness_margin_s"":null,""normalized_margin"":null,""observable"":false,""raw_pass"":false,""reason"":""GPS course unobservable at low speed"",""status"":""unobservable"",""observed_evaluations"":0,""satisfaction_fraction"":null},{""service_id"":""global_state_tracking"",""label"":""Global asset tracking"",""family"":""global_synchronization"",""horizon_s"":0.0,""position_tolerance_m"":1.0,""heading_tolerance_deg"":5.0,""maximum_aoi_s"":1.0,""position_error_m"":1.1586160038411901,""heading_error_deg"":null,""aoi_s"":0.013758659362792969,""position_margin_m"":-0.15861600384119012,""heading_margin_deg"":null,""freshness_margin_s"":0.986241340637207,""normalized_margin"":-0.15861600384119012,""observable"":true,""raw_pass"":false,""reason"":""position tolerance"",""status"":""withdrawn"",""observed_evaluations"":19,""satisfaction_fraction"":0.10526315789473684}]",economy,2.0,0.3201999934390187
24.817000000000064,328.62,1789571603.4934506,39,-0.41202837805039444,-0.16112635144406767,0.4272841464623016,0.44306793669755795,-0.7425010033300838,True,0.216066665,144.43,,,0.062,0.005257368087768555,1789571274.8681934,8.501468658437261,1.0340146001634192,,-80.283,-0.0,0.0,-0.0011780972450961724,-0.0002356194490192345,0.0011780972450961724,0.003365992128846207,low-motion,590.0716781616211,594,1087.3209374469723,0,False,0,3276,2840,0.0,0.0,12.33681,10,1.04,False,"[{""service_id"":""local_1s_tight"",""label"":""Immediate motion"",""family"":""local_relative_motion"",""horizon_s"":1.0,""position_tolerance_m"":0.1,""heading_tolerance_deg"":2.0,""maximum_aoi_s"":0.6,""position_error_m"":null,""heading_error_deg"":null,""aoi_s"":0.005257368087768555,""position_margin_m"":null,""heading_margin_deg"":null,""freshness_margin_s"":null,""normalized_margin"":null,""observable"":false,""raw_pass"":false,""reason"":""GPS course unobservable at low speed"",""status"":""unobservable"",""observed_evaluations"":0,""satisfaction_fraction"":null},{""service_id"":""local_5s_moderate"",""label"":""Short prediction"",""family"":""local_relative_motion"",""horizon_s"":5.0,""position_tolerance_m"":0.2,""heading_tolerance_deg"":5.0,""maximum_aoi_s"":1.0,""position_error_m"":null,""heading_error_deg"":null,""aoi_s"":0.005257368087768555,""position_margin_m"":null,""heading_margin_deg"":null,""freshness_margin_s"":null,""normalized_margin"":null,""observable"":false,""raw_pass"":false,""reason"":""GPS course unobservable at low speed"",""status"":""unobservable"",""observed_evaluations"":0,""satisfaction_fraction"":null},{""service_id"":""local_10s_preview"",""label"":""Planning support"",""family"":""local_relative_motion"",""horizon_s"":10.0,""position_tolerance_m"":0.5,""heading_tolerance_deg"":10.0,""maximum_aoi_s"":1.5,""position_error_m"":null,""heading_error_deg"":null,""aoi_s"":0.005257368087768555,""position_margin_m"":null,""heading_margin_deg"":null,""freshness_margin_s"":null,""normalized_margin"":null,""observable"":false,""raw_pass"":false,""reason"":""GPS course unobservable at low speed"",""status"":""unobservable"",""observed_evaluations"":0,""satisfaction_fraction"":null},{""service_id"":""global_state_tracking"",""label"":""Global asset tracking"",""family"":""global_synchronization"",""horizon_s"":0.0,""position_tolerance_m"":1.0,""heading_tolerance_deg"":5.0,""maximum_aoi_s"":1.0,""position_error_m"":1.0340146001634192,""heading_error_deg"":null,""aoi_s"":0.005257368087768555,""position_margin_m"":-0.03401460016341917,""heading_margin_deg"":null,""freshness_margin_s"":0.9947426319122314,""normalized_margin"":-0.03401460016341917,""observable"":true,""raw_pass"":false,""reason"":""position tolerance"",""status"":""withdrawn"",""observed_evaluations"":20,""satisfaction_fraction"":0.1}]",economy,2.0,0.5773999728262424
25.424000000000035,329.227,1789571604.1727898,40,-0.41202837805039444,-0.16112635144406767,0.4267438448857619,0.44306793669755795,-0.7425010033300838,True,0.185199998,144.43,,,0.017,0.07759642601013184,1789571274.8681934,72.33917045596172,1.0340146001634192,,-80.65046,-0.0,0.0,-0.00445058959258554,-0.000890117918517108,0.00445058959258554,0.012715970264530115,low-motion,665.7655239105225,601,1068.441428147829,0,False,0,3276,2840,0.0,0.0,12.33681,10,1.04,False,"[{""service_id"":""local_1s_tight"",""label"":""Immediate motion"",""family"":""local_relative_motion"",""horizon_s"":1.0,""position_tolerance_m"":0.1,""heading_tolerance_deg"":2.0,""maximum_aoi_s"":0.6,""position_error_m"":null,""heading_error_deg"":null,""aoi_s"":0.07759642601013184,""position_margin_m"":null,""heading_margin_deg"":null,""freshness_margin_s"":null,""normalized_margin"":null,""observable"":false,""raw_pass"":false,""reason"":""GPS course unobservable at low speed"",""status"":""unobservable"",""observed_evaluations"":0,""satisfaction_fraction"":null},{""service_id"":""local_5s_moderate"",""label"":""Short prediction"",""family"":""local_relative_motion"",""horizon_s"":5.0,""position_tolerance_m"":0.2,""heading_tolerance_deg"":5.0,""maximum_aoi_s"":1.0,""position_error_m"":null,""heading_error_deg"":null,""aoi_s"":0.07759642601013184,""position_margin_m"":null,""heading_margin_deg"":null,""freshness_margin_s"":null,""normalized_margin"":null,""observable"":false,""raw_pass"":false,""reason"":""GPS course unobservable at low speed"",""status"":""unobservable"",""observed_evaluations"":0,""satisfaction_fraction"":null},{""service_id"":""local_10s_preview"",""label"":""Planning support"",""family"":""local_relative_motion"",""horizon_s"":10.0,""position_tolerance_m"":0.5,""heading_tolerance_deg"":10.0,""maximum_aoi_s"":1.5,""position_error_m"":null,""heading_error_deg"":null,""aoi_s"":0.07759642601013184,""position_margin_m"":null,""heading_margin_deg"":null,""freshness_margin_s"":null,""normalized_margin"":null,""observable"":false,""raw_pass"":false,""reason"":""GPS course unobservable at low speed"",""status"":""unobservable"",""observed_evaluations"":0,""satisfaction_fraction"":null},{""service_id"":""global_state_tracking"",""label"":""Global asset tracking"",""family"":""global_synchronization"",""horizon_s"":0.0,""position_tolerance_m"":1.0,""heading_tolerance_deg"":5.0,""maximum_aoi_s"":1.0,""position_error_m"":1.0340146001634192,""heading_error_deg"":null,""aoi_s"":0.07759642601013184,""position_margin_m"":-0.03401460016341917,""heading_margin_deg"":null,""freshness_margin_s"":0.9224035739898682,""normalized_margin"":-0.03401460016341917,""observable"":true,""raw_pass"":false,""reason"":""position tolerance"",""status"":""withdrawn"",""observed_evaluations"":21,""satisfaction_fraction"":0.09523809523809523}]",economy,2.0,0.42910000775009394
26.07000000000005,329.873,1789571604.792336,41,-0.4065479531419104,-0.15864801943883655,0.422645445282936,0.44306793669755795,-0.7425010033300838,True,0.185199998,144.43,,,0.662,0.05114269256591797,1789571274.8681934,26.45382499696325,1.0308886783093627,,-78.85509,0.009310754543194988,0.0,-0.031721359154996936,-0.006344271830999388,0.031721359154996936,0.09063245472856268,low-motion,602.0944118499756,617,1073.215917015476,0,False,0,3235,2799,0.075231363,0.075231363,12.28101,10,1.04,False,"[{""service_id"":""local_1s_tight"",""label"":""Immediate motion"",""family"":""local_relative_motion"",""horizon_s"":1.0,""position_tolerance_m"":0.1,""heading_tolerance_deg"":2.0,""maximum_aoi_s"":0.6,""position_error_m"":null,""heading_error_deg"":null,""aoi_s"":0.05114269256591797,""position_margin_m"":null,""heading_margin_deg"":null,""freshness_margin_s"":null,""normalized_margin"":null,""observable"":false,""raw_pass"":false,""reason"":""GPS course unobservable at low speed"",""status"":""unobservable"",""observed_evaluations"":0,""satisfaction_fraction"":null},{""service_id"":""local_5s_moderate"",""label"":""Short prediction"",""family"":""local_relative_motion"",""horizon_s"":5.0,""position_tolerance_m"":0.2,""heading_tolerance_deg"":5.0,""maximum_aoi_s"":1.0,""position_error_m"":null,""heading_error_deg"":null,""aoi_s"":0.05114269256591797,""position_margin_m"":null,""heading_margin_deg"":null,""freshness_margin_s"":null,""normalized_margin"":null,""observable"":false,""raw_pass"":false,""reason"":""GPS course unobservable at low speed"",""status"":""unobservable"",""observed_evaluations"":0,""satisfaction_fraction"":null},{""service_id"":""local_10s_preview"",""label"":""Planning support"",""family"":""local_relative_motion"",""horizon_s"":10.0,""position_tolerance_m"":0.5,""heading_tolerance_deg"":10.0,""maximum_aoi_s"":1.5,""position_error_m"":null,""heading_error_deg"":null,""aoi_s"":0.05114269256591797,""position_margin_m"":null,""heading_margin_deg"":null,""freshness_margin_s"":null,""normalized_margin"":null,""observable"":false,""raw_pass"":false,""reason"":""GPS course unobservable at low speed"",""status"":""unobservable"",""observed_evaluations"":0,""satisfaction_fraction"":null},{""service_id"":""global_state_tracking"",""label"":""Global asset tracking"",""family"":""global_synchronization"",""horizon_s"":0.0,""position_tolerance_m"":1.0,""heading_tolerance_deg"":5.0,""maximum_aoi_s"":1.0,""position_error_m"":1.0308886783093627,""heading_error_deg"":null,""aoi_s"":0.05114269256591797,""position_margin_m"":-0.030888678309362705,""heading_margin_deg"":null,""freshness_margin_s"":0.948857307434082,""normalized_margin"":-0.030888678309362705,""observable"":true,""raw_pass"":false,""reason"":""position tolerance"",""status"":""withdrawn"",""observed_evaluations"":22,""satisfaction_fraction"":0.09090909090909091}]",economy,2.0,0.7787999929860234
26.71100000000007,330.514,1789571605.403963,42,-0.34319686497449076,-0.13033613550904105,0.4179079422539025,0.44306793669755795,-0.7425010033300838,True,0.118322221,144.43,,,0.089,0.02176976203918457,1789571274.8681934,29.372898101826195,0.9964728615184364,,-87.7463,0.10825217977662771,-0.01685249930845854,0.030455995447301053,-0.007390800357306622,0.04730849475575959,0.13516712787359886,low-motion,599.28297996521,617,1101.0116813230084,0,False,0,2755,2333,0.127908239,0.128198857,12.28101,9,1.62,False,"[{""service_id"":""local_1s_tight"",""label"":""Immediate motion"",""family"":""local_relative_motion"",""horizon_s"":1.0,""position_tolerance_m"":0.1,""heading_tolerance_deg"":2.0,""maximum_aoi_s"":0.6,""position_error_m"":null,""heading_error_deg"":null,""aoi_s"":0.02176976203918457,""position_margin_m"":null,""heading_margin_deg"":null,""freshness_margin_s"":null,""normalized_margin"":null,""observable"":false,""raw_pass"":false,""reason"":""GPS course unobservable at low speed"",""status"":""unobservable"",""observed_evaluations"":0,""satisfaction_fraction"":null},{""service_id"":""local_5s_moderate"",""label"":""Short prediction"",""family"":""local_relative_motion"",""horizon_s"":5.0,""position_tolerance_m"":0.2,""heading_tolerance_deg"":5.0,""maximum_aoi_s"":1.0,""position_error_m"":null,""heading_error_deg"":null,""aoi_s"":0.02176976203918457,""position_margin_m"":null,""heading_margin_deg"":null,""freshness_margin_s"":null,""normalized_margin"":null,""observable"":false,""raw_pass"":false,""reason"":""GPS course unobservable at low speed"",""status"":""unobservable"",""observed_evaluations"":0,""satisfaction_fraction"":null},{""service_id"":""local_10s_preview"",""label"":""Planning support"",""family"":""local_relative_motion"",""horizon_s"":10.0,""position_tolerance_m"":0.5,""heading_tolerance_deg"":10.0,""maximum_aoi_s"":1.5,""position_error_m"":null,""heading_error_deg"":null,""aoi_s"":0.02176976203918457,""position_margin_m"":null,""heading_margin_deg"":null,""freshness_margin_s"":null,""normalized_margin"":null,""observable"":false,""raw_pass"":false,""reason"":""GPS course unobservable at low speed"",""status"":""unobservable"",""observed_evaluations"":0,""satisfaction_fraction"":null},{""service_id"":""global_state_tracking"",""label"":""Global asset tracking"",""family"":""global_synchronization"",""horizon_s"":0.0,""position_tolerance_m"":1.0,""heading_tolerance_deg"":5.0,""maximum_aoi_s"":1.0,""position_error_m"":0.9964728615184364,""heading_error_deg"":null,""aoi_s"":0.02176976203918457,""position_margin_m"":0.0035271384815636075,""heading_margin_deg"":null,""freshness_margin_s"":0.9782302379608154,""normalized_margin"":null,""observable"":false,""raw_pass"":false,""reason"":""GPS course unobservable at low speed"",""status"":""unobservable"",""observed_evaluations"":22,""satisfaction_fraction"":0.09090909090909091}]",economy,2.0,0.38570002652704716
27.311000000000035,331.114,1789571606.1396258,43,-0.26366292961740934,-0.09490960010266526,0.42018052470292977,0.44306793669755795,-0.556597453352067,True,0.118322221,144.43,,,0.052,0.15743231773376465,1789571274.8681934,135.66269874576165,0.8441707121431928,,-84.38073,0.14511189441527592,0.011574055775060273,-0.027358036025011113,0.003787637415045996,0.038932091800071386,0.11123454800020396,translation,723.2615947723389,626,1064.457561909919,0,False,0,2166,1735,0.169228259,0.16901704,12.28101,9,1.62,False,"[{""service_id"":""local_1s_tight"",""label"":""Immediate motion"",""family"":""local_relative_motion"",""horizon_s"":1.0,""position_tolerance_m"":0.1,""heading_tolerance_deg"":2.0,""maximum_aoi_s"":0.6,""position_error_m"":null,""heading_error_deg"":null,""aoi_s"":0.15743231773376465,""position_margin_m"":null,""heading_margin_deg"":null,""freshness_margin_s"":null,""normalized_margin"":null,""observable"":false,""raw_pass"":false,""reason"":""GPS course unobservable at low speed"",""status"":""unobservable"",""observed_evaluations"":0,""satisfaction_fraction"":null},{""service_id"":""local_5s_moderate"",""label"":""Short prediction"",""family"":""local_relative_motion"",""horizon_s"":5.0,""position_tolerance_m"":0.2,""heading_tolerance_deg"":5.0,""maximum_aoi_s"":1.0,""position_error_m"":null,""heading_error_deg"":null,""aoi_s"":0.15743231773376465,""position_margin_m"":null,""heading_margin_deg"":null,""freshness_margin_s"":null,""normalized_margin"":null,""observable"":false,""raw_pass"":false,""reason"":""GPS course unobservable at low speed"",""status"":""unobservable"",""observed_evaluations"":0,""satisfaction_fraction"":null},{""service_id"":""local_10s_preview"",""label"":""Planning support"",""family"":""local_relative_motion"",""horizon_s"":10.0,""position_tolerance_m"":0.5,""heading_tolerance_deg"":10.0,""maximum_aoi_s"":1.5,""position_error_m"":null,""heading_error_deg"":null,""aoi_s"":0.15743231773376465,""position_margin_m"":null,""heading_margin_deg"":null,""freshness_margin_s"":null,""normalized_margin"":null,""observable"":false,""raw_pass"":false,""reason"":""GPS course unobservable at low speed"",""status"":""unobservable"",""observed_evaluations"":0,""satisfaction_fraction"":null},{""service_id"":""global_state_tracking"",""label"":""Global asset tracking"",""family"":""global_synchronization"",""horizon_s"":0.0,""position_tolerance_m"":1.0,""heading_tolerance_deg"":5.0,""maximum_aoi_s"":1.0,""position_error_m"":0.8441707121431928,""heading_error_deg"":null,""aoi_s"":0.15743231773376465,""position_margin_m"":0.15582928785680716,""heading_margin_deg"":null,""freshness_margin_s"":0.8425676822662354,""normalized_margin"":null,""observable"":false,""raw_pass"":false,""reason"":""GPS course unobservable at low speed"",""status"":""unobservable"",""observed_evaluations"":22,""satisfaction_fraction"":0.09090909090909091}]",economy,2.0,0.5873999325558543
28.04800000000006,331.851,1789571606.7390804,44,-0.1550978706009214,-0.04642100165782086,0.41991813394653343,0.44306793669755795,-0.556597453352067,True,0.118322221,144.43,,,0.789,0.01988697052001953,1789571274.8681934,137.5453586578601,0.7861821321324806,,-85.24126,0.1613314622890962,-0.009422569152015673,0.03591014935978333,-0.0003560254496558727,0.045332718511799,0.1295220528908543,translation,592.6854610443115,622,1096.6617204054367,0,False,0,1351,929,0.169270566,0.169270566,12.28101,9,1.62,False,"[{""service_id"":""local_1s_tight"",""label"":""Immediate motion"",""family"":""local_relative_motion"",""horizon_s"":1.0,""position_tolerance_m"":0.1,""heading_tolerance_deg"":2.0,""maximum_aoi_s"":0.6,""position_error_m"":null,""heading_error_deg"":null,""aoi_s"":0.01988697052001953,""position_margin_m"":null,""heading_margin_deg"":null,""freshness_margin_s"":null,""normalized_margin"":null,""observable"":false,""raw_pass"":false,""reason"":""GPS course unobservable at low speed"",""status"":""unobservable"",""observed_evaluations"":0,""satisfaction_fraction"":null},{""service_id"":""local_5s_moderate"",""label"":""Short prediction"",""family"":""local_relative_motion"",""horizon_s"":5.0,""position_tolerance_m"":0.2,""heading_tolerance_deg"":5.0,""maximum_aoi_s"":1.0,""position_error_m"":null,""heading_error_deg"":null,""aoi_s"":0.01988697052001953,""position_margin_m"":null,""heading_margin_deg"":null,""freshness_margin_s"":null,""normalized_margin"":null,""observable"":false,""raw_pass"":false,""reason"":""GPS course unobservable at low speed"",""status"":""unobservable"",""observed_evaluations"":0,""satisfaction_fraction"":null},{""service_id"":""local_10s_preview"",""label"":""Planning support"",""family"":""local_relative_motion"",""horizon_s"":10.0,""position_tolerance_m"":0.5,""heading_tolerance_deg"":10.0,""maximum_aoi_s"":1.5,""position_error_m"":null,""heading_error_deg"":null,""aoi_s"":0.01988697052001953,""position_margin_m"":null,""heading_margin_deg"":null,""freshness_margin_s"":null,""normalized_margin"":null,""observable"":false,""raw_pass"":false,""reason"":""GPS course unobservable at low speed"",""status"":""unobservable"",""observed_evaluations"":0,""satisfaction_fraction"":null},{""service_id"":""global_state_tracking"",""label"":""Global asset tracking"",""family"":""global_synchronization"",""horizon_s"":0.0,""position_tolerance_m"":1.0,""heading_tolerance_deg"":5.0,""maximum_aoi_s"":1.0,""position_error_m"":0.7861821321324806,""heading_error_deg"":null,""aoi_s"":0.01988697052001953,""position_margin_m"":0.21381786786751944,""heading_margin_deg"":null,""freshness_margin_s"":0.9801130294799805,""normalized_margin"":null,""observable"":false,""raw_pass"":false,""reason"":""GPS course unobservable at low speed"",""status"":""unobservable"",""observed_evaluations"":22,""satisfaction_fraction"":0.09090909090909091}]",economy,2.0,0.5230000242590904
28.63400000000007,332.437,1789571607.4532201,45,-0.06581692515692562,-0.006918400830708896,0.4132017512357109,0.5901664924719717,-0.3718070991650614,True,0.164622221,144.43,,,0.035,0.148026704788208,1789571274.8681934,128.13969993590035,0.7506383992151124,,-86.19077,0.16660344701276084,-0.011850569052961807,-0.00990474350506782,-0.01146140394338301,0.0019458255478939871,0.005559501565411392,translation,707.416296005249,615,1071.177751930583,0,False,0,681,268,0.13163843,0.13163843,12.28101,9,1.62,False,"[{""service_id"":""local_1s_tight"",""label"":""Immediate motion"",""family"":""local_relative_motion"",""horizon_s"":1.0,""position_tolerance_m"":0.1,""heading_tolerance_deg"":2.0,""maximum_aoi_s"":0.6,""position_error_m"":null,""heading_error_deg"":null,""aoi_s"":0.148026704788208,""position_margin_m"":null,""heading_margin_deg"":null,""freshness_margin_s"":null,""normalized_margin"":null,""observable"":false,""raw_pass"":false,""reason"":""GPS course unobservable at low speed"",""status"":""unobservable"",""observed_evaluations"":0,""satisfaction_fraction"":null},{""service_id"":""local_5s_moderate"",""label"":""Short prediction"",""family"":""local_relative_motion"",""horizon_s"":5.0,""position_tolerance_m"":0.2,""heading_tolerance_deg"":5.0,""maximum_aoi_s"":1.0,""position_error_m"":null,""heading_error_deg"":null,""aoi_s"":0.148026704788208,""position_margin_m"":null,""heading_margin_deg"":null,""freshness_margin_s"":null,""normalized_margin"":null,""observable"":false,""raw_pass"":false,""reason"":""GPS course unobservable at low speed"",""status"":""unobservable"",""observed_evaluations"":0,""satisfaction_fraction"":null},{""service_id"":""local_10s_preview"",""label"":""Planning support"",""family"":""local_relative_motion"",""horizon_s"":10.0,""position_tolerance_m"":0.5,""heading_tolerance_deg"":10.0,""maximum_aoi_s"":1.5,""position_error_m"":null,""heading_error_deg"":null,""aoi_s"":0.148026704788208,""position_margin_m"":null,""heading_margin_deg"":null,""freshness_margin_s"":null,""normalized_margin"":null,""observable"":false,""raw_pass"":false,""reason"":""GPS course unobservable at low speed"",""status"":""unobservable"",""observed_evaluations"":0,""satisfaction_fraction"":null},{""service_id"":""global_state_tracking"",""label"":""Global asset tracking"",""family"":""global_synchronization"",""horizon_s"":0.0,""position_tolerance_m"":1.0,""heading_tolerance_deg"":5.0,""maximum_aoi_s"":1.0,""position_error_m"":0.7506383992151124,""heading_error_deg"":null,""aoi_s"":0.148026704788208,""position_margin_m"":0.24936160078488756,""heading_margin_deg"":null,""freshness_margin_s"":0.851973295211792,""normalized_margin"":null,""observable"":false,""raw_pass"":false,""reason"":""GPS course unobservable at low speed"",""status"":""unobservable"",""observed_evaluations"":22,""satisfaction_fraction"":0.09090909090909091}]",economy,2.0,0.46200002543628216
29.359000000000037,333.162,1789571608.068761,46,-0.015439887589227236,0.015548005660888958,0.4257853208305611,0.44306793669755795,-0.1859035491870444,True,0.164622221,144.43,,,0.044,0.03856778144836426,1789571274.8681934,109.45901870724128,0.5008114953581351,,-88.18095,0.07608225519004369,0.014899933871341788,0.027183503099811684,0.017356647717035767,0.012283569228469897,0.035095912081342565,low-motion,604.4723987579346,616,1072.7140887168548,0,False,0,312,-115,0.061413357,0.041003604,12.28101,9,1.62,False,"[{""service_id"":""local_1s_tight"",""label"":""Immediate motion"",""family"":""local_relative_motion"",""horizon_s"":1.0,""position_tolerance_m"":0.1,""heading_tolerance_deg"":2.0,""maximum_aoi_s"":0.6,""position_error_m"":null,""heading_error_deg"":null,""aoi_s"":0.03856778144836426,""position_margin_m"":null,""heading_margin_deg"":null,""freshness_margin_s"":null,""normalized_margin"":null,""observable"":false,""raw_pass"":false,""reason"":""GPS course unobservable at low speed"",""status"":""unobservable"",""observed_evaluations"":0,""satisfaction_fraction"":null},{""service_id"":""local_5s_moderate"",""label"":""Short prediction"",""family"":""local_relative_motion"",""horizon_s"":5.0,""position_tolerance_m"":0.2,""heading_tolerance_deg"":5.0,""maximum_aoi_s"":1.0,""position_error_m"":null,""heading_error_deg"":null,""aoi_s"":0.03856778144836426,""position_margin_m"":null,""heading_margin_deg"":null,""freshness_margin_s"":null,""normalized_margin"":null,""observable"":false,""raw_pass"":false,""reason"":""GPS course unobservable at low speed"",""status"":""unobservable"",""observed_evaluations"":0,""satisfaction_fraction"":null},{""service_id"":""local_10s_preview"",""label"":""Planning support"",""family"":""local_relative_motion"",""horizon_s"":10.0,""position_tolerance_m"":0.5,""heading_tolerance_deg"":10.0,""maximum_aoi_s"":1.5,""position_error_m"":null,""heading_error_deg"":null,""aoi_s"":0.03856778144836426,""position_margin_m"":null,""heading_margin_deg"":null,""freshness_margin_s"":null,""normalized_margin"":null,""observable"":false,""raw_pass"":false,""reason"":""GPS course unobservable at low speed"",""status"":""unobservable"",""observed_evaluations"":0,""satisfaction_fraction"":null},{""service_id"":""global_state_tracking"",""label"":""Global asset tracking"",""family"":""global_synchronization"",""horizon_s"":0.0,""position_tolerance_m"":1.0,""heading_tolerance_deg"":5.0,""maximum_aoi_s"":1.0,""position_error_m"":0.5008114953581351,""heading_error_deg"":null,""aoi_s"":0.03856778144836426,""position_margin_m"":0.4991885046418649,""heading_margin_deg"":null,""freshness_margin_s"":0.9614322185516357,""normalized_margin"":null,""observable"":false,""raw_pass"":false,""reason"":""GPS course unobservable at low speed"",""status"":""unobservable"",""observed_evaluations"":22,""satisfaction_fraction"":0.09090909090909091}]",economy,2.0,0.556600047275424
29.984000000000037,333.787,1789571608.662148,47,0.002131423997616528,0.023510385272364077,0.42514974822903495,0.44306793669755795,-0.1859035491870444,True,0.190344443,144.43,,,0.079,0.006954669952392578,1789571274.8681934,31.61311149597168,0.48813850921409085,,-92.13963,0.03086592342204446,-0.0037036978480190865,0.009730210579868387,-0.001016916162441592,0.013433908427887473,0.03838259550824993,low-motion,584.5286846160889,594,1093.2520409078556,0,False,0,179,-245,0.0,0.0,12.28101,9,1.62,False,"[{""service_id"":""local_1s_tight"",""label"":""Immediate motion"",""family"":""local_relative_motion"",""horizon_s"":1.0,""position_tolerance_m"":0.1,""heading_tolerance_deg"":2.0,""maximum_aoi_s"":0.6,""position_error_m"":null,""heading_error_deg"":null,""aoi_s"":0.006954669952392578,""position_margin_m"":null,""heading_margin_deg"":null,""freshness_margin_s"":null,""normalized_margin"":null,""observable"":false,""raw_pass"":false,""reason"":""GPS course unobservable at low speed"",""status"":""unobservable"",""observed_evaluations"":0,""satisfaction_fraction"":null},{""service_id"":""local_5s_moderate"",""label"":""Short prediction"",""family"":""local_relative_motion"",""horizon_s"":5.0,""position_tolerance_m"":0.2,""heading_tolerance_deg"":5.0,""maximum_aoi_s"":1.0,""position_error_m"":null,""heading_error_deg"":null,""aoi_s"":0.006954669952392578,""position_margin_m"":null,""heading_margin_deg"":null,""freshness_margin_s"":null,""normalized_margin"":null,""observable"":false,""raw_pass"":false,""reason"":""GPS course unobservable at low speed"",""status"":""unobservable"",""observed_evaluations"":0,""satisfaction_fraction"":null},{""service_id"":""local_10s_preview"",""label"":""Planning support"",""family"":""local_relative_motion"",""horizon_s"":10.0,""position_tolerance_m"":0.5,""heading_tolerance_deg"":10.0,""maximum_aoi_s"":1.5,""position_error_m"":null,""heading_error_deg"":null,""aoi_s"":0.006954669952392578,""position_margin_m"":null,""heading_margin_deg"":null,""freshness_margin_s"":null,""normalized_margin"":null,""observable"":false,""raw_pass"":false,""reason"":""GPS course unobservable at low speed"",""status"":""unobservable"",""observed_evaluations"":0,""satisfaction_fraction"":null},{""service_id"":""global_state_tracking"",""label"":""Global asset tracking"",""family"":""global_synchronization"",""horizon_s"":0.0,""position_tolerance_m"":1.0,""heading_tolerance_deg"":5.0,""maximum_aoi_s"":1.0,""position_error_m"":0.48813850921409085,""heading_error_deg"":null,""aoi_s"":0.006954669952392578,""position_margin_m"":0.5118614907859091,""heading_margin_deg"":null,""freshness_margin_s"":0.9930453300476074,""normalized_margin"":null,""observable"":false,""raw_pass"":false,""reason"":""GPS course unobservable at low speed"",""status"":""unobservable"",""observed_evaluations"":22,""satisfaction_fraction"":0.09090909090909091}]",economy,2.0,0.41199999395757914
30.583000000000084,334.386,1789571609.2613883,48,0.002131423997616528,0.023510385272364077,0.42526997523455856,0.5901664924719717,-0.3718070991650614,True,0.092599999,144.43,,,0.047,0.007194995880126953,1789571274.8681934,0.24030303950439702,0.7085627391117696,,-92.79449,-0.0,0.0,0.0010035643198967395,0.00020071286397934792,0.0010035643198967395,0.0028673266282763987,low-motion,592.404842376709,599,1097.7718886392877,0,False,0,179,-245,0.0,0.0,12.28101,9,1.62,False,"[{""service_id"":""local_1s_tight"",""label"":""Immediate motion"",""family"":""local_relative_motion"",""horizon_s"":1.0,""position_tolerance_m"":0.1,""heading_tolerance_deg"":2.0,""maximum_aoi_s"":0.6,""position_error_m"":null,""heading_error_deg"":null,""aoi_s"":0.007194995880126953,""position_margin_m"":null,""heading_margin_deg"":null,""freshness_margin_s"":null,""normalized_margin"":null,""observable"":false,""raw_pass"":false,""reason"":""GPS course unobservable at low speed"",""status"":""unobservable"",""observed_evaluations"":0,""satisfaction_fraction"":null},{""service_id"":""local_5s_moderate"",""label"":""Short prediction"",""family"":""local_relative_motion"",""horizon_s"":5.0,""position_tolerance_m"":0.2,""heading_tolerance_deg"":5.0,""maximum_aoi_s"":1.0,""position_error_m"":null,""heading_error_deg"":null,""aoi_s"":0.007194995880126953,""position_margin_m"":null,""heading_margin_deg"":null,""freshness_margin_s"":null,""normalized_margin"":null,""observable"":false,""raw_pass"":false,""reason"":""GPS course unobservable at low speed"",""status"":""unobservable"",""observed_evaluations"":0,""satisfaction_fraction"":null},{""service_id"":""local_10s_preview"",""label"":""Planning support"",""family"":""local_relative_motion"",""horizon_s"":10.0,""position_tolerance_m"":0.5,""heading_tolerance_deg"":10.0,""maximum_aoi_s"":1.5,""position_error_m"":null,""heading_error_deg"":null,""aoi_s"":0.007194995880126953,""position_margin_m"":null,""heading_margin_deg"":null,""freshness_margin_s"":null,""normalized_margin"":null,""observable"":false,""raw_pass"":false,""reason"":""GPS course unobservable at low speed"",""status"":""unobservable"",""observed_evaluations"":0,""satisfaction_fraction"":null},{""service_id"":""global_state_tracking"",""label"":""Global asset tracking"",""family"":""global_synchronization"",""horizon_s"":0.0,""position_tolerance_m"":1.0,""heading_tolerance_deg"":5.0,""maximum_aoi_s"":1.0,""position_error_m"":0.7085627391117696,""heading_error_deg"":null,""aoi_s"":0.007194995880126953,""position_margin_m"":0.2914372608882304,""heading_margin_deg"":null,""freshness_margin_s"":0.992805004119873,""normalized_margin"":null,""observable"":false,""raw_pass"":false,""reason"":""GPS course unobservable at low speed"",""status"":""unobservable"",""observed_evaluations"":22,""satisfaction_fraction"":0.09090909090909091}]",economy,2.0,0.624899985268712
31.170000000000073,334.973,1789571609.9789207,49,0.002131423997616528,0.023510385272364077,0.42500360308411933,0.5901664924719717,-0.3718070991650614,True,0.092599999,144.43,,,0.634,0.1377272605895996,1789571274.8681934,130.53239631653923,0.7085627391117696,,-92.86839,-0.0,0.0,-0.0022689280275926286,-0.00045378560551852573,0.0022689280275926286,0.006482651507407511,low-motion,706.0689926147461,600,1068.6437815715374,0,False,0,179,-245,0.0,0.0,12.28101,9,1.62,False,"[{""service_id"":""local_1s_tight"",""label"":""Immediate motion"",""family"":""local_relative_motion"",""horizon_s"":1.0,""position_tolerance_m"":0.1,""heading_tolerance_deg"":2.0,""maximum_aoi_s"":0.6,""position_error_m"":null,""heading_error_deg"":null,""aoi_s"":0.1377272605895996,""position_margin_m"":null,""heading_margin_deg"":null,""freshness_margin_s"":null,""normalized_margin"":null,""observable"":false,""raw_pass"":false,""reason"":""GPS course unobservable at low speed"",""status"":""unobservable"",""observed_evaluations"":0,""satisfaction_fraction"":null},{""service_id"":""local_5s_moderate"",""label"":""Short prediction"",""family"":""local_relative_motion"",""horizon_s"":5.0,""position_tolerance_m"":0.2,""heading_tolerance_deg"":5.0,""maximum_aoi_s"":1.0,""position_error_m"":null,""heading_error_deg"":null,""aoi_s"":0.1377272605895996,""position_margin_m"":null,""heading_margin_deg"":null,""freshness_margin_s"":null,""normalized_margin"":null,""observable"":false,""raw_pass"":false,""reason"":""GPS course unobservable at low speed"",""status"":""unobservable"",""observed_evaluations"":0,""satisfaction_fraction"":null},{""service_id"":""local_10s_preview"",""label"":""Planning support"",""family"":""local_relative_motion"",""horizon_s"":10.0,""position_tolerance_m"":0.5,""heading_tolerance_deg"":10.0,""maximum_aoi_s"":1.5,""position_error_m"":null,""heading_error_deg"":null,""aoi_s"":0.1377272605895996,""position_margin_m"":null,""heading_margin_deg"":null,""freshness_margin_s"":null,""normalized_margin"":null,""observable"":false,""raw_pass"":false,""reason"":""GPS course unobservable at low speed"",""status"":""unobservable"",""observed_evaluations"":0,""satisfaction_fraction"":null},{""service_id"":""global_state_tracking"",""label"":""Global asset tracking"",""family"":""global_synchronization"",""horizon_s"":0.0,""position_tolerance_m"":1.0,""heading_tolerance_deg"":5.0,""maximum_aoi_s"":1.0,""position_error_m"":0.7085627391117696,""heading_error_deg"":null,""aoi_s"":0.1377272605895996,""position_margin_m"":0.2914372608882304,""heading_margin_deg"":null,""freshness_margin_s"":0.8622727394104004,""normalized_margin"":null,""observable"":false,""raw_pass"":false,""reason"":""GPS course unobservable at low speed"",""status"":""unobservable"",""observed_evaluations"":22,""satisfaction_fraction"":0.09090909090909091}]",economy,2.0,0.43919996824115515
31.894000000000062,335.697,1789571610.6239967,50,0.002131423997616528,0.023510385272364077,0.42420120541380735,0.5901664924719717,-0.3718070991650614,True,0.030866666,144.43,,,0.04,0.05880331993103027,1789571274.8681934,78.92396354674247,0.7085627391117696,,-93.69814,-0.0,0.0,-0.005541420375081997,-0.0011082840750163993,0.005541420375081997,0.01583262964309142,low-motion,630.2192211151123,600,1086.4400063480873,0,False,0,179,-245,0.0,0.0,12.28101,9,1.62,False,"[{""service_id"":""local_1s_tight"",""label"":""Immediate motion"",""family"":""local_relative_motion"",""horizon_s"":1.0,""position_tolerance_m"":0.1,""heading_tolerance_deg"":2.0,""maximum_aoi_s"":0.6,""position_error_m"":null,""heading_error_deg"":null,""aoi_s"":0.05880331993103027,""position_margin_m"":null,""heading_margin_deg"":null,""freshness_margin_s"":null,""normalized_margin"":null,""observable"":false,""raw_pass"":false,""reason"":""GPS course unobservable at low speed"",""status"":""unobservable"",""observed_evaluations"":0,""satisfaction_fraction"":null},{""service_id"":""local_5s_moderate"",""label"":""Short prediction"",""family"":""local_relative_motion"",""horizon_s"":5.0,""position_tolerance_m"":0.2,""heading_tolerance_deg"":5.0,""maximum_aoi_s"":1.0,""position_error_m"":null,""heading_error_deg"":null,""aoi_s"":0.05880331993103027,""position_margin_m"":null,""heading_margin_deg"":null,""freshness_margin_s"":null,""normalized_margin"":null,""observable"":false,""raw_pass"":false,""reason"":""GPS course unobservable at low speed"",""status"":""unobservable"",""observed_evaluations"":0,""satisfaction_fraction"":null},{""service_id"":""local_10s_preview"",""label"":""Planning support"",""family"":""local_relative_motion"",""horizon_s"":10.0,""position_tolerance_m"":0.5,""heading_tolerance_deg"":10.0,""maximum_aoi_s"":1.5,""position_error_m"":null,""heading_error_deg"":null,""aoi_s"":0.05880331993103027,""position_margin_m"":null,""heading_margin_deg"":null,""freshness_margin_s"":null,""normalized_margin"":null,""observable"":false,""raw_pass"":false,""reason"":""GPS course unobservable at low speed"",""status"":""unobservable"",""observed_evaluations"":0,""satisfaction_fraction"":null},{""service_id"":""global_state_tracking"",""label"":""Global asset tracking"",""family"":""global_synchronization"",""horizon_s"":0.0,""position_tolerance_m"":1.0,""heading_tolerance_deg"":5.0,""maximum_aoi_s"":1.0,""position_error_m"":0.7085627391117696,""heading_error_deg"":null,""aoi_s"":0.05880331993103027,""position_margin_m"":0.2914372608882304,""heading_margin_deg"":null,""freshness_margin_s"":0.9411966800689697,""normalized_margin"":null,""observable"":false,""raw_pass"":false,""reason"":""GPS course unobservable at low speed"",""status"":""unobservable"",""observed_evaluations"":22,""satisfaction_fraction"":0.09090909090909091}]",economy,2.0,0.6047999486327171
32.52800000000008,336.331,1789571611.2431033,51,0.002131423997616528,0.023510385272364077,0.4241901400263499,0.5901664924719717,-0.1859035491870444,True,0.030866666,144.43,,,0.087,0.04390978813171387,1789571274.8681934,14.893468856826075,0.6242110522102352,,-93.52768,-0.0,0.0,-8.726646259971648e-05,-1.7453292519943296e-05,8.726646259971648e-05,0.00024933275028490425,low-motion,601.7587184906006,594,1074.5949067083523,0,False,0,179,-245,0.0,0.0,12.28101,9,1.62,False,"[{""service_id"":""local_1s_tight"",""label"":""Immediate motion"",""family"":""local_relative_motion"",""horizon_s"":1.0,""position_tolerance_m"":0.1,""heading_tolerance_deg"":2.0,""maximum_aoi_s"":0.6,""position_error_m"":null,""heading_error_deg"":null,""aoi_s"":0.04390978813171387,""position_margin_m"":null,""heading_margin_deg"":null,""freshness_margin_s"":null,""normalized_margin"":null,""observable"":false,""raw_pass"":false,""reason"":""GPS course unobservable at low speed"",""status"":""unobservable"",""observed_evaluations"":0,""satisfaction_fraction"":null},{""service_id"":""local_5s_moderate"",""label"":""Short prediction"",""family"":""local_relative_motion"",""horizon_s"":5.0,""position_tolerance_m"":0.2,""heading_tolerance_deg"":5.0,""maximum_aoi_s"":1.0,""position_error_m"":null,""heading_error_deg"":null,""aoi_s"":0.04390978813171387,""position_margin_m"":null,""heading_margin_deg"":null,""freshness_margin_s"":null,""normalized_margin"":null,""observable"":false,""raw_pass"":false,""reason"":""GPS course unobservable at low speed"",""status"":""unobservable"",""observed_evaluations"":0,""satisfaction_fraction"":null},{""service_id"":""local_10s_preview"",""label"":""Planning support"",""family"":""local_relative_motion"",""horizon_s"":10.0,""position_tolerance_m"":0.5,""heading_tolerance_deg"":10.0,""maximum_aoi_s"":1.5,""position_error_m"":null,""heading_error_deg"":null,""aoi_s"":0.04390978813171387,""position_margin_m"":null,""heading_margin_deg"":null,""freshness_margin_s"":null,""normalized_margin"":null,""observable"":false,""raw_pass"":false,""reason"":""GPS course unobservable at low speed"",""status"":""unobservable"",""observed_evaluations"":0,""satisfaction_fraction"":null},{""service_id"":""global_state_tracking"",""label"":""Global asset tracking"",""family"":""global_synchronization"",""horizon_s"":0.0,""position_tolerance_m"":1.0,""heading_tolerance_deg"":5.0,""maximum_aoi_s"":1.0,""position_error_m"":0.6242110522102352,""heading_error_deg"":null,""aoi_s"":0.04390978813171387,""position_margin_m"":0.3757889477897648,""heading_margin_deg"":null,""freshness_margin_s"":0.9560902118682861,""normalized_margin"":null,""observable"":false,""raw_pass"":false,""reason"":""GPS course unobservable at low speed"",""status"":""unobservable"",""observed_evaluations"":22,""satisfaction_fraction"":0.09090909090909091}]",economy,2.0,0.6009000353515148
33.16500000000008,336.968,1789571611.856946,52,0.002131423997616528,0.023510385272364077,0.4241790222790147,0.5901664924719717,-0.1859035491870444,True,0.087455555,144.43,,,0.089,0.020752668380737305,1789571274.8681934,23.157274246216275,0.6242110522102352,,-93.35337,-0.0,0.0,-8.726646259971648e-05,-1.7453292519943296e-05,8.726646259971648e-05,0.00024933275028490425,low-motion,603.4054756164551,601,1094.3006332507966,0,False,0,179,-245,0.0,0.0,12.28101,9,1.62,False,"[{""service_id"":""local_1s_tight"",""label"":""Immediate motion"",""family"":""local_relative_motion"",""horizon_s"":1.0,""position_tolerance_m"":0.1,""heading_tolerance_deg"":2.0,""maximum_aoi_s"":0.6,""position_error_m"":null,""heading_error_deg"":null,""aoi_s"":0.020752668380737305,""position_margin_m"":null,""heading_margin_deg"":null,""freshness_margin_s"":null,""normalized_margin"":null,""observable"":false,""raw_pass"":false,""reason"":""GPS course unobservable at low speed"",""status"":""unobservable"",""observed_evaluations"":0,""satisfaction_fraction"":null},{""service_id"":""local_5s_moderate"",""label"":""Short prediction"",""family"":""local_relative_motion"",""horizon_s"":5.0,""position_tolerance_m"":0.2,""heading_tolerance_deg"":5.0,""maximum_aoi_s"":1.0,""position_error_m"":null,""heading_error_deg"":null,""aoi_s"":0.020752668380737305,""position_margin_m"":null,""heading_margin_deg"":null,""freshness_margin_s"":null,""normalized_margin"":null,""observable"":false,""raw_pass"":false,""reason"":""GPS course unobservable at low speed"",""status"":""unobservable"",""observed_evaluations"":0,""satisfaction_fraction"":null},{""service_id"":""local_10s_preview"",""label"":""Planning support"",""family"":""local_relative_motion"",""horizon_s"":10.0,""position_tolerance_m"":0.5,""heading_tolerance_deg"":10.0,""maximum_aoi_s"":1.5,""position_error_m"":null,""heading_error_deg"":null,""aoi_s"":0.020752668380737305,""position_margin_m"":null,""heading_margin_deg"":null,""freshness_margin_s"":null,""normalized_margin"":null,""observable"":false,""raw_pass"":false,""reason"":""GPS course unobservable at low speed"",""status"":""unobservable"",""observed_evaluations"":0,""satisfaction_fraction"":null},{""service_id"":""global_state_tracking"",""label"":""Global asset tracking"",""family"":""global_synchronization"",""horizon_s"":0.0,""position_tolerance_m"":1.0,""heading_tolerance_deg"":5.0,""maximum_aoi_s"":1.0,""position_error_m"":0.6242110522102352,""heading_error_deg"":null,""aoi_s"":0.020752668380737305,""position_margin_m"":0.3757889477897648,""heading_margin_deg"":null,""freshness_margin_s"":0.9792473316192627,""normalized_margin"":null,""observable"":false,""raw_pass"":false,""reason"":""GPS course unobservable at low speed"",""status"":""unobservable"",""observed_evaluations"":22,""satisfaction_fraction"":0.09090909090909091}]",economy,2.0,0.3671000013127923
33.77900000000005,337.582,1789571612.467347,53,0.002131423997616528,0.023510385272364077,0.4244362139975886,0.5901664924719717,-0.3718070991650614,True,0.066877777,144.43,,,0.063,0.017153501510620117,1789571274.8681934,3.599084854101875,0.7085627391117696,,-93.20255,-0.0,0.0,0.0020943951023931952,0.00041887902047863906,0.0020943951023931952,0.005983986006837701,low-motion,601.8917560577393,597,1091.4871784420257,0,False,0,179,-245,0.0,0.0,12.28101,9,1.62,False,"[{""service_id"":""local_1s_tight"",""label"":""Immediate motion"",""family"":""local_relative_motion"",""horizon_s"":1.0,""position_tolerance_m"":0.1,""heading_tolerance_deg"":2.0,""maximum_aoi_s"":0.6,""position_error_m"":null,""heading_error_deg"":null,""aoi_s"":0.017153501510620117,""position_margin_m"":null,""heading_margin_deg"":null,""freshness_margin_s"":null,""normalized_margin"":null,""observable"":false,""raw_pass"":false,""reason"":""GPS course unobservable at low speed"",""status"":""unobservable"",""observed_evaluations"":0,""satisfaction_fraction"":null},{""service_id"":""local_5s_moderate"",""label"":""Short prediction"",""family"":""local_relative_motion"",""horizon_s"":5.0,""position_tolerance_m"":0.2,""heading_tolerance_deg"":5.0,""maximum_aoi_s"":1.0,""position_error_m"":null,""heading_error_deg"":null,""aoi_s"":0.017153501510620117,""position_margin_m"":null,""heading_margin_deg"":null,""freshness_margin_s"":null,""normalized_margin"":null,""observable"":false,""raw_pass"":false,""reason"":""GPS course unobservable at low speed"",""status"":""unobservable"",""observed_evaluations"":0,""satisfaction_fraction"":null},{""service_id"":""local_10s_preview"",""label"":""Planning support"",""family"":""local_relative_motion"",""horizon_s"":10.0,""position_tolerance_m"":0.5,""heading_tolerance_deg"":10.0,""maximum_aoi_s"":1.5,""position_error_m"":null,""heading_error_deg"":null,""aoi_s"":0.017153501510620117,""position_margin_m"":null,""heading_margin_deg"":null,""freshness_margin_s"":null,""normalized_margin"":null,""observable"":false,""raw_pass"":false,""reason"":""GPS course unobservable at low speed"",""status"":""unobservable"",""observed_evaluations"":0,""satisfaction_fraction"":null},{""service_id"":""global_state_tracking"",""label"":""Global asset tracking"",""family"":""global_synchronization"",""horizon_s"":0.0,""position_tolerance_m"":1.0,""heading_tolerance_deg"":5.0,""maximum_aoi_s"":1.0,""position_error_m"":0.7085627391117696,""heading_error_deg"":null,""aoi_s"":0.017153501510620117,""position_margin_m"":0.2914372608882304,""heading_margin_deg"":null,""freshness_margin_s"":0.9828464984893799,""normalized_margin"":null,""observable"":false,""raw_pass"":false,""reason"":""GPS course unobservable at low speed"",""status"":""unobservable"",""observed_evaluations"":22,""satisfaction_fraction"":0.09090909090909091}]",economy,2.0,0.950800022110343
34.36400000000003,338.167,1789571613.1927915,54,0.002131423997616528,0.023510385272364077,0.42391549501525594,0.5901664924719717,-0.1859035491870444,True,0.066877777,144.43,,,0.038,0.15759801864624023,1789571274.8681934,140.44455528261324,0.6242110522102352,,-93.25037,-0.0,0.0,-0.00445058959258554,-0.000890117918517108,0.00445058959258554,0.012715970264530115,low-motion,708.7817192077637,595,1055.0377752948814,0,False,0,179,-245,0.0,0.0,12.28101,10,1.04,False,"[{""service_id"":""local_1s_tight"",""label"":""Immediate motion"",""family"":""local_relative_motion"",""horizon_s"":1.0,""position_tolerance_m"":0.1,""heading_tolerance_deg"":2.0,""maximum_aoi_s"":0.6,""position_error_m"":null,""heading_error_deg"":null,""aoi_s"":0.15759801864624023,""position_margin_m"":null,""heading_margin_deg"":null,""freshness_margin_s"":null,""normalized_margin"":null,""observable"":false,""raw_pass"":false,""reason"":""GPS course unobservable at low speed"",""status"":""unobservable"",""observed_evaluations"":0,""satisfaction_fraction"":null},{""service_id"":""local_5s_moderate"",""label"":""Short prediction"",""family"":""local_relative_motion"",""horizon_s"":5.0,""position_tolerance_m"":0.2,""heading_tolerance_deg"":5.0,""maximum_aoi_s"":1.0,""position_error_m"":null,""heading_error_deg"":null,""aoi_s"":0.15759801864624023,""position_margin_m"":null,""heading_margin_deg"":null,""freshness_margin_s"":null,""normalized_margin"":null,""observable"":false,""raw_pass"":false,""reason"":""GPS course unobservable at low speed"",""status"":""unobservable"",""observed_evaluations"":0,""satisfaction_fraction"":null},{""service_id"":""local_10s_preview"",""label"":""Planning support"",""family"":""local_relative_motion"",""horizon_s"":10.0,""position_tolerance_m"":0.5,""heading_tolerance_deg"":10.0,""maximum_aoi_s"":1.5,""position_error_m"":null,""heading_error_deg"":null,""aoi_s"":0.15759801864624023,""position_margin_m"":null,""heading_margin_deg"":null,""freshness_margin_s"":null,""normalized_margin"":null,""observable"":false,""raw_pass"":false,""reason"":""GPS course unobservable at low speed"",""status"":""unobservable"",""observed_evaluations"":0,""satisfaction_fraction"":null},{""service_id"":""global_state_tracking"",""label"":""Global asset tracking"",""family"":""global_synchronization"",""horizon_s"":0.0,""position_tolerance_m"":1.0,""heading_tolerance_deg"":5.0,""maximum_aoi_s"":1.0,""position_error_m"":0.6242110522102352,""heading_error_deg"":null,""aoi_s"":0.15759801864624023,""position_margin_m"":0.3757889477897648,""heading_margin_deg"":null,""freshness_margin_s"":0.8424019813537598,""normalized_margin"":null,""observable"":false,""raw_pass"":false,""reason"":""GPS course unobservable at low speed"",""status"":""unobservable"",""observed_evaluations"":22,""satisfaction_fraction"":0.09090909090909091}]",economy,2.0,0.4588000010699034
35.101000000000056,338.904,1789571613.7779589,55,0.002131423997616528,0.023510385272364077,0.42309868965196884,0.5901664924719717,-0.1859035491870444,True,0.072022222,144.43,,,0.056,0.005765438079833984,1789571274.8681934,151.83259201052124,0.6242110522102352,,-92.79446,-0.0,0.0,-0.005541420375081997,-0.0011082840750163993,0.005541420375081997,0.01583262964309142,low-motion,576.7812728881836,598,1059.2107281141605,0,False,0,179,-245,0.0,0.0,12.28101,10,1.04,False,"[{""service_id"":""local_1s_tight"",""label"":""Immediate motion"",""family"":""local_relative_motion"",""horizon_s"":1.0,""position_tolerance_m"":0.1,""heading_tolerance_deg"":2.0,""maximum_aoi_s"":0.6,""position_error_m"":null,""heading_error_deg"":null,""aoi_s"":0.005765438079833984,""position_margin_m"":null,""heading_margin_deg"":null,""freshness_margin_s"":null,""normalized_margin"":null,""observable"":false,""raw_pass"":false,""reason"":""GPS course unobservable at low speed"",""status"":""unobservable"",""observed_evaluations"":0,""satisfaction_fraction"":null},{""service_id"":""local_5s_moderate"",""label"":""Short prediction"",""family"":""local_relative_motion"",""horizon_s"":5.0,""position_tolerance_m"":0.2,""heading_tolerance_deg"":5.0,""maximum_aoi_s"":1.0,""position_error_m"":null,""heading_error_deg"":null,""aoi_s"":0.005765438079833984,""position_margin_m"":null,""heading_margin_deg"":null,""freshness_margin_s"":null,""normalized_margin"":null,""observable"":false,""raw_pass"":false,""reason"":""GPS course unobservable at low speed"",""status"":""unobservable"",""observed_evaluations"":0,""satisfaction_fraction"":null},{""service_id"":""local_10s_preview"",""label"":""Planning support"",""family"":""local_relative_motion"",""horizon_s"":10.0,""position_tolerance_m"":0.5,""heading_tolerance_deg"":10.0,""maximum_aoi_s"":1.5,""position_error_m"":null,""heading_error_deg"":null,""aoi_s"":0.005765438079833984,""position_margin_m"":null,""heading_margin_deg"":null,""freshness_margin_s"":null,""normalized_margin"":null,""observable"":false,""raw_pass"":false,""reason"":""GPS course unobservable at low speed"",""status"":""unobservable"",""observed_evaluations"":0,""satisfaction_fraction"":null},{""service_id"":""global_state_tracking"",""label"":""Global asset tracking"",""family"":""global_synchronization"",""horizon_s"":0.0,""position_tolerance_m"":1.0,""heading_tolerance_deg"":5.0,""maximum_aoi_s"":1.0,""position_error_m"":0.6242110522102352,""heading_error_deg"":null,""aoi_s"":0.005765438079833984,""position_margin_m"":0.3757889477897648,""heading_margin_deg"":null,""freshness_margin_s"":0.994234561920166,""normalized_margin"":null,""observable"":false,""raw_pass"":false,""reason"":""GPS course unobservable at low speed"",""status"":""unobservable"",""observed_evaluations"":22,""satisfaction_fraction"":0.09090909090909091}]",economy,2.0,0.3656999906525016
35.72700000000003,339.53,1789571614.4196937,56,0.002131423997616528,0.023510385272364077,0.4232243359048198,0.5901664924719717,-0.1859035491870444,True,0.0463,144.43,,,0.075,0.021500349044799805,1789571274.8681934,15.73483848574142,0.6242110522102352,,-93.04328,-0.0,0.0,0.0010035643198967395,0.00020071286397934792,0.0010035643198967395,0.0028673266282763987,low-motion,630.1612854003906,592,1075.713617644886,0,False,0,179,-245,0.0,0.0,12.28101,10,1.04,False,"[{""service_id"":""local_1s_tight"",""label"":""Immediate motion"",""family"":""local_relative_motion"",""horizon_s"":1.0,""position_tolerance_m"":0.1,""heading_tolerance_deg"":2.0,""maximum_aoi_s"":0.6,""position_error_m"":null,""heading_error_deg"":null,""aoi_s"":0.021500349044799805,""position_margin_m"":null,""heading_margin_deg"":null,""freshness_margin_s"":null,""normalized_margin"":null,""observable"":false,""raw_pass"":false,""reason"":""GPS course unobservable at low speed"",""status"":""unobservable"",""observed_evaluations"":0,""satisfaction_fraction"":null},{""service_id"":""local_5s_moderate"",""label"":""Short prediction"",""family"":""local_relative_motion"",""horizon_s"":5.0,""position_tolerance_m"":0.2,""heading_tolerance_deg"":5.0,""maximum_aoi_s"":1.0,""position_error_m"":null,""heading_error_deg"":null,""aoi_s"":0.021500349044799805,""position_margin_m"":null,""heading_margin_deg"":null,""freshness_margin_s"":null,""normalized_margin"":null,""observable"":false,""raw_pass"":false,""reason"":""GPS course unobservable at low speed"",""status"":""unobservable"",""observed_evaluations"":0,""satisfaction_fraction"":null},{""service_id"":""local_10s_preview"",""label"":""Planning support"",""family"":""local_relative_motion"",""horizon_s"":10.0,""position_tolerance_m"":0.5,""heading_tolerance_deg"":10.0,""maximum_aoi_s"":1.5,""position_error_m"":null,""heading_error_deg"":null,""aoi_s"":0.021500349044799805,""position_margin_m"":null,""heading_margin_deg"":null,""freshness_margin_s"":null,""normalized_margin"":null,""observable"":false,""raw_pass"":false,""reason"":""GPS course unobservable at low speed"",""status"":""unobservable"",""observed_evaluations"":0,""satisfaction_fraction"":null},{""service_id"":""global_state_tracking"",""label"":""Global asset tracking"",""family"":""global_synchronization"",""horizon_s"":0.0,""position_tolerance_m"":1.0,""heading_tolerance_deg"":5.0,""maximum_aoi_s"":1.0,""position_error_m"":0.6242110522102352,""heading_error_deg"":null,""aoi_s"":0.021500349044799805,""position_margin_m"":0.3757889477897648,""heading_margin_deg"":null,""freshness_margin_s"":0.9784996509552002,""normalized_margin"":null,""observable"":false,""raw_pass"":false,""reason"":""GPS course unobservable at low speed"",""status"":""unobservable"",""observed_evaluations"":22,""satisfaction_fraction"":0.09090909090909091}]",economy,2.0,0.46749995090067387
36.331000000000074,340.134,1789571615.0339465,57,0.002131423997616528,0.023510385272364077,0.424004428267291,0.7381511823039064,-0.1859035491870444,True,0.0463,144.43,,,0.039,0.0317530632019043,1789571274.8681934,10.25280570979703,0.7652315208896056,,-93.09474,-0.0,0.0,0.006457718232379019,0.001291543646475804,0.006457718232379019,0.018450623521082912,low-motion,607.4440479278564,584,1079.6041311219803,0,False,0,179,-245,0.0,0.0,12.34897,10,1.04,False,"[{""service_id"":""local_1s_tight"",""label"":""Immediate motion"",""family"":""local_relative_motion"",""horizon_s"":1.0,""position_tolerance_m"":0.1,""heading_tolerance_deg"":2.0,""maximum_aoi_s"":0.6,""position_error_m"":null,""heading_error_deg"":null,""aoi_s"":0.0317530632019043,""position_margin_m"":null,""heading_margin_deg"":null,""freshness_margin_s"":null,""normalized_margin"":null,""observable"":false,""raw_pass"":false,""reason"":""GPS course unobservable at low speed"",""status"":""unobservable"",""observed_evaluations"":0,""satisfaction_fraction"":null},{""service_id"":""local_5s_moderate"",""label"":""Short prediction"",""family"":""local_relative_motion"",""horizon_s"":5.0,""position_tolerance_m"":0.2,""heading_tolerance_deg"":5.0,""maximum_aoi_s"":1.0,""position_error_m"":null,""heading_error_deg"":null,""aoi_s"":0.0317530632019043,""position_margin_m"":null,""heading_margin_deg"":null,""freshness_margin_s"":null,""normalized_margin"":null,""observable"":false,""raw_pass"":false,""reason"":""GPS course unobservable at low speed"",""status"":""unobservable"",""observed_evaluations"":0,""satisfaction_fraction"":null},{""service_id"":""local_10s_preview"",""label"":""Planning support"",""family"":""local_relative_motion"",""horizon_s"":10.0,""position_tolerance_m"":0.5,""heading_tolerance_deg"":10.0,""maximum_aoi_s"":1.5,""position_error_m"":null,""heading_error_deg"":null,""aoi_s"":0.0317530632019043,""position_margin_m"":null,""heading_margin_deg"":null,""freshness_margin_s"":null,""normalized_margin"":null,""observable"":false,""raw_pass"":false,""reason"":""GPS course unobservable at low speed"",""status"":""unobservable"",""observed_evaluations"":0,""satisfaction_fraction"":null},{""service_id"":""global_state_tracking"",""label"":""Global asset tracking"",""family"":""global_synchronization"",""horizon_s"":0.0,""position_tolerance_m"":1.0,""heading_tolerance_deg"":5.0,""maximum_aoi_s"":1.0,""position_error_m"":0.7652315208896056,""heading_error_deg"":null,""aoi_s"":0.0317530632019043,""position_margin_m"":0.23476847911039445,""heading_margin_deg"":null,""freshness_margin_s"":0.9682469367980957,""normalized_margin"":null,""observable"":false,""raw_pass"":false,""reason"":""GPS course unobservable at low speed"",""status"":""unobservable"",""observed_evaluations"":22,""satisfaction_fraction"":0.09090909090909091}]",economy,2.0,0.6454000249505043
36.944000000000074,340.747,1789571615.6418364,58,0.002131423997616528,0.023510385272364077,0.42319131427537204,0.7381511823039064,-0.1859035491870444,True,0.025722222,144.43,,,0.065,0.026643037796020508,1789571274.8681934,5.110109329223178,0.7652315208896056,,-92.84604,-0.0,0.0,-0.0066322511575784525,-0.0013264502315156906,0.0066322511575784525,0.018949289021652722,low-motion,591.9263362884521,593,1080.7657227052432,0,False,0,179,-245,0.0,0.0,12.34897,10,1.04,False,"[{""service_id"":""local_1s_tight"",""label"":""Immediate motion"",""family"":""local_relative_motion"",""horizon_s"":1.0,""position_tolerance_m"":0.1,""heading_tolerance_deg"":2.0,""maximum_aoi_s"":0.6,""position_error_m"":null,""heading_error_deg"":null,""aoi_s"":0.026643037796020508,""position_margin_m"":null,""heading_margin_deg"":null,""freshness_margin_s"":null,""normalized_margin"":null,""observable"":false,""raw_pass"":false,""reason"":""GPS course unobservable at low speed"",""status"":""unobservable"",""observed_evaluations"":0,""satisfaction_fraction"":null},{""service_id"":""local_5s_moderate"",""label"":""Short prediction"",""family"":""local_relative_motion"",""horizon_s"":5.0,""position_tolerance_m"":0.2,""heading_tolerance_deg"":5.0,""maximum_aoi_s"":1.0,""position_error_m"":null,""heading_error_deg"":null,""aoi_s"":0.026643037796020508,""position_margin_m"":null,""heading_margin_deg"":null,""freshness_margin_s"":null,""normalized_margin"":null,""observable"":false,""raw_pass"":false,""reason"":""GPS course unobservable at low speed"",""status"":""unobservable"",""observed_evaluations"":0,""satisfaction_fraction"":null},{""service_id"":""local_10s_preview"",""label"":""Planning support"",""family"":""local_relative_motion"",""horizon_s"":10.0,""position_tolerance_m"":0.5,""heading_tolerance_deg"":10.0,""maximum_aoi_s"":1.5,""position_error_m"":null,""heading_error_deg"":null,""aoi_s"":0.026643037796020508,""position_margin_m"":null,""heading_margin_deg"":null,""freshness_margin_s"":null,""normalized_margin"":null,""observable"":false,""raw_pass"":false,""reason"":""GPS course unobservable at low speed"",""status"":""unobservable"",""observed_evaluations"":0,""satisfaction_fraction"":null},{""service_id"":""global_state_tracking"",""label"":""Global asset tracking"",""family"":""global_synchronization"",""horizon_s"":0.0,""position_tolerance_m"":1.0,""heading_tolerance_deg"":5.0,""maximum_aoi_s"":1.0,""position_error_m"":0.7652315208896056,""heading_error_deg"":null,""aoi_s"":0.026643037796020508,""position_margin_m"":0.23476847911039445,""heading_margin_deg"":null,""freshness_margin_s"":0.9733569622039795,""normalized_margin"":null,""observable"":false,""raw_pass"":false,""reason"":""GPS course unobservable at low speed"",""status"":""unobservable"",""observed_evaluations"":22,""satisfaction_fraction"":0.09090909090909091}]",economy,2.0,0.48990000505000353
37.54700000000008,341.35,1789571616.2447681,59,0.002131423997616528,0.023510385272364077,0.4234438983247206,0.7381511823039064,-0.1859035491870444,True,0.025722222,144.43,,,0.056,0.02657485008239746,1789571274.8681934,0.06826210022836676,0.7652315208896056,,-93.1206,-0.0,0.0,0.0020943951023931952,0.00041887902047863906,0.0020943951023931952,0.005983986006837701,low-motion,586.6599082946777,590,1082.5415972518808,0,False,0,179,-245,0.0,0.0,12.34897,10,1.04,False,"[{""service_id"":""local_1s_tight"",""label"":""Immediate motion"",""family"":""local_relative_motion"",""horizon_s"":1.0,""position_tolerance_m"":0.1,""heading_tolerance_deg"":2.0,""maximum_aoi_s"":0.6,""position_error_m"":null,""heading_error_deg"":null,""aoi_s"":0.02657485008239746,""position_margin_m"":null,""heading_margin_deg"":null,""freshness_margin_s"":null,""normalized_margin"":null,""observable"":false,""raw_pass"":false,""reason"":""GPS course unobservable at low speed"",""status"":""unobservable"",""observed_evaluations"":0,""satisfaction_fraction"":null},{""service_id"":""local_5s_moderate"",""label"":""Short prediction"",""family"":""local_relative_motion"",""horizon_s"":5.0,""position_tolerance_m"":0.2,""heading_tolerance_deg"":5.0,""maximum_aoi_s"":1.0,""position_error_m"":null,""heading_error_deg"":null,""aoi_s"":0.02657485008239746,""position_margin_m"":null,""heading_margin_deg"":null,""freshness_margin_s"":null,""normalized_margin"":null,""observable"":false,""raw_pass"":false,""reason"":""GPS course unobservable at low speed"",""status"":""unobservable"",""observed_evaluations"":0,""satisfaction_fraction"":null},{""service_id"":""local_10s_preview"",""label"":""Planning support"",""family"":""local_relative_motion"",""horizon_s"":10.0,""position_tolerance_m"":0.5,""heading_tolerance_deg"":10.0,""maximum_aoi_s"":1.5,""position_error_m"":null,""heading_error_deg"":null,""aoi_s"":0.02657485008239746,""position_margin_m"":null,""heading_margin_deg"":null,""freshness_margin_s"":null,""normalized_margin"":null,""observable"":false,""raw_pass"":false,""reason"":""GPS course unobservable at low speed"",""status"":""unobservable"",""observed_evaluations"":0,""satisfaction_fraction"":null},{""service_id"":""global_state_tracking"",""label"":""Global asset tracking"",""family"":""global_synchronization"",""horizon_s"":0.0,""position_tolerance_m"":1.0,""heading_tolerance_deg"":5.0,""maximum_aoi_s"":1.0,""position_error_m"":0.7652315208896056,""heading_error_deg"":null,""aoi_s"":0.02657485008239746,""position_margin_m"":0.23476847911039445,""heading_margin_deg"":null,""freshness_margin_s"":0.9734251499176025,""normalized_margin"":null,""observable"":false,""raw_pass"":false,""reason"":""GPS course unobservable at low speed"",""status"":""unobservable"",""observed_evaluations"":22,""satisfaction_fraction"":0.09090909090909091}]",economy,2.0,0.6185999372974038
38.14800000000008,341.951,1789571616.8744614,60,0.002131423997616528,0.023510385272364077,0.423564526755972,0.7381511823039064,-0.1859035491870444,True,0.066877777,144.43,,,0.05,0.055268049240112305,1789571274.8681934,28.693269729615167,0.7652315208896056,,-93.08038,-0.0,0.0,0.0010035643198967395,0.00020071286397934792,0.0010035643198967395,0.0028673266282763987,low-motion,612.5032901763916,593,1075.9874729358394,0,False,0,179,-245,0.0,0.0,12.34897,10,1.04,False,"[{""service_id"":""local_1s_tight"",""label"":""Immediate motion"",""family"":""local_relative_motion"",""horizon_s"":1.0,""position_tolerance_m"":0.1,""heading_tolerance_deg"":2.0,""maximum_aoi_s"":0.6,""position_error_m"":null,""heading_error_deg"":null,""aoi_s"":0.055268049240112305,""position_margin_m"":null,""heading_margin_deg"":null,""freshness_margin_s"":null,""normalized_margin"":null,""observable"":false,""raw_pass"":false,""reason"":""GPS course unobservable at low speed"",""status"":""unobservable"",""observed_evaluations"":0,""satisfaction_fraction"":null},{""service_id"":""local_5s_moderate"",""label"":""Short prediction"",""family"":""local_relative_motion"",""horizon_s"":5.0,""position_tolerance_m"":0.2,""heading_tolerance_deg"":5.0,""maximum_aoi_s"":1.0,""position_error_m"":null,""heading_error_deg"":null,""aoi_s"":0.055268049240112305,""position_margin_m"":null,""heading_margin_deg"":null,""freshness_margin_s"":null,""normalized_margin"":null,""observable"":false,""raw_pass"":false,""reason"":""GPS course unobservable at low speed"",""status"":""unobservable"",""observed_evaluations"":0,""satisfaction_fraction"":null},{""service_id"":""local_10s_preview"",""label"":""Planning support"",""family"":""local_relative_motion"",""horizon_s"":10.0,""position_tolerance_m"":0.5,""heading_tolerance_deg"":10.0,""maximum_aoi_s"":1.5,""position_error_m"":null,""heading_error_deg"":null,""aoi_s"":0.055268049240112305,""position_margin_m"":null,""heading_margin_deg"":null,""freshness_margin_s"":null,""normalized_margin"":null,""observable"":false,""raw_pass"":false,""reason"":""GPS course unobservable at low speed"",""status"":""unobservable"",""observed_evaluations"":0,""satisfaction_fraction"":null},{""service_id"":""global_state_tracking"",""label"":""Global asset tracking"",""family"":""global_synchronization"",""horizon_s"":0.0,""position_tolerance_m"":1.0,""heading_tolerance_deg"":5.0,""maximum_aoi_s"":1.0,""position_error_m"":0.7652315208896056,""heading_error_deg"":null,""aoi_s"":0.055268049240112305,""position_margin_m"":0.23476847911039445,""heading_margin_deg"":null,""freshness_margin_s"":0.9447319507598877,""normalized_margin"":null,""observable"":false,""raw_pass"":false,""reason"":""GPS course unobservable at low speed"",""status"":""unobservable"",""observed_evaluations"":22,""satisfaction_fraction"":0.09090909090909091}]",economy,2.0,0.6218999624252319
38.775000000000034,342.578,1789571617.4544692,61,0.002131423997616528,0.023510385272364077,0.4224592621005616,0.7381511823039064,-0.1859035491870444,True,0.036011111,144.43,,,0.076,0.008275747299194336,1789571274.8681934,46.99220848078767,0.7652315208896056,,-92.79733,-0.0,0.0,-0.008813912722571364,-0.001762782544514273,0.008813912722571364,0.025182607778775328,low-motion,564.2366409301758,598,1070.7577800738875,0,False,0,179,-245,0.0,0.0,12.34897,10,1.04,False,"[{""service_id"":""local_1s_tight"",""label"":""Immediate motion"",""family"":""local_relative_motion"",""horizon_s"":1.0,""position_tolerance_m"":0.1,""heading_tolerance_deg"":2.0,""maximum_aoi_s"":0.6,""position_error_m"":null,""heading_error_deg"":null,""aoi_s"":0.008275747299194336,""position_margin_m"":null,""heading_margin_deg"":null,""freshness_margin_s"":null,""normalized_margin"":null,""observable"":false,""raw_pass"":false,""reason"":""GPS course unobservable at low speed"",""status"":""unobservable"",""observed_evaluations"":0,""satisfaction_fraction"":null},{""service_id"":""local_5s_moderate"",""label"":""Short prediction"",""family"":""local_relative_motion"",""horizon_s"":5.0,""position_tolerance_m"":0.2,""heading_tolerance_deg"":5.0,""maximum_aoi_s"":1.0,""position_error_m"":null,""heading_error_deg"":null,""aoi_s"":0.008275747299194336,""position_margin_m"":null,""heading_margin_deg"":null,""freshness_margin_s"":null,""normalized_margin"":null,""observable"":false,""raw_pass"":false,""reason"":""GPS course unobservable at low speed"",""status"":""unobservable"",""observed_evaluations"":0,""satisfaction_fraction"":null},{""service_id"":""local_10s_preview"",""label"":""Planning support"",""family"":""local_relative_motion"",""horizon_s"":10.0,""position_tolerance_m"":0.5,""heading_tolerance_deg"":10.0,""maximum_aoi_s"":1.5,""position_error_m"":null,""heading_error_deg"":null,""aoi_s"":0.008275747299194336,""position_margin_m"":null,""heading_margin_deg"":null,""freshness_margin_s"":null,""normalized_margin"":null,""observable"":false,""raw_pass"":false,""reason"":""GPS course unobservable at low speed"",""status"":""unobservable"",""observed_evaluations"":0,""satisfaction_fraction"":null},{""service_id"":""global_state_tracking"",""label"":""Global asset tracking"",""family"":""global_synchronization"",""horizon_s"":0.0,""position_tolerance_m"":1.0,""heading_tolerance_deg"":5.0,""maximum_aoi_s"":1.0,""position_error_m"":0.7652315208896056,""heading_error_deg"":null,""aoi_s"":0.008275747299194336,""position_margin_m"":0.23476847911039445,""heading_margin_deg"":null,""freshness_margin_s"":0.9917242527008057,""normalized_margin"":null,""observable"":false,""raw_pass"":false,""reason"":""GPS course unobservable at low speed"",""status"":""unobservable"",""observed_evaluations"":22,""satisfaction_fraction"":0.09090909090909091}]",economy,2.0,0.5447000730782747
39.351000000000056,343.154,1789571618.2067392,62,0.002131423997616528,0.023510385272364077,0.4227005364163574,0.7381511823039064,-0.1859035491870444,True,0.036011111,144.43,,,0.028,0.18454575538635254,1789571274.8681934,176.26998329160415,0.7652315208896056,,-92.91667,-0.0,0.0,0.0020943951023931952,0.00041887902047863906,0.0020943951023931952,0.005983986006837701,low-motion,738.6901378631592,590,1069.8205059946486,0,False,0,179,-245,0.0,0.0,12.34897,10,1.04,False,"[{""service_id"":""local_1s_tight"",""label"":""Immediate motion"",""family"":""local_relative_motion"",""horizon_s"":1.0,""position_tolerance_m"":0.1,""heading_tolerance_deg"":2.0,""maximum_aoi_s"":0.6,""position_error_m"":null,""heading_error_deg"":null,""aoi_s"":0.18454575538635254,""position_margin_m"":null,""heading_margin_deg"":null,""freshness_margin_s"":null,""normalized_margin"":null,""observable"":false,""raw_pass"":false,""reason"":""GPS course unobservable at low speed"",""status"":""unobservable"",""observed_evaluations"":0,""satisfaction_fraction"":null},{""service_id"":""local_5s_moderate"",""label"":""Short prediction"",""family"":""local_relative_motion"",""horizon_s"":5.0,""position_tolerance_m"":0.2,""heading_tolerance_deg"":5.0,""maximum_aoi_s"":1.0,""position_error_m"":null,""heading_error_deg"":null,""aoi_s"":0.18454575538635254,""position_margin_m"":null,""heading_margin_deg"":null,""freshness_margin_s"":null,""normalized_margin"":null,""observable"":false,""raw_pass"":false,""reason"":""GPS course unobservable at low speed"",""status"":""unobservable"",""observed_evaluations"":0,""satisfaction_fraction"":null},{""service_id"":""local_10s_preview"",""label"":""Planning support"",""family"":""local_relative_motion"",""horizon_s"":10.0,""position_tolerance_m"":0.5,""heading_tolerance_deg"":10.0,""maximum_aoi_s"":1.5,""position_error_m"":null,""heading_error_deg"":null,""aoi_s"":0.18454575538635254,""position_margin_m"":null,""heading_margin_deg"":null,""freshness_margin_s"":null,""normalized_margin"":null,""observable"":false,""raw_pass"":false,""reason"":""GPS course unobservable at low speed"",""status"":""unobservable"",""observed_evaluations"":0,""satisfaction_fraction"":null},{""service_id"":""global_state_tracking"",""label"":""Global asset tracking"",""family"":""global_synchronization"",""horizon_s"":0.0,""position_tolerance_m"":1.0,""heading_tolerance_deg"":5.0,""maximum_aoi_s"":1.0,""position_error_m"":0.7652315208896056,""heading_error_deg"":null,""aoi_s"":0.18454575538635254,""position_margin_m"":0.23476847911039445,""heading_margin_deg"":null,""freshness_margin_s"":0.8154542446136475,""normalized_margin"":null,""observable"":false,""raw_pass"":false,""reason"":""GPS course unobservable at low speed"",""status"":""unobservable"",""observed_evaluations"":22,""satisfaction_fraction"":0.09090909090909091}]",economy,2.0,0.421999953687191
40.11400000000003,343.917,1789571618.8134258,63,0.002131423997616528,0.023510385272364077,0.42252075877675566,0.7381511823039064,-0.1859035491870444,True,0.036011111,144.43,,,0.082,0.028232336044311523,1789571274.8681934,156.31340789792603,0.7652315208896056,,-92.62566,-0.0,0.0,-0.0011780972450961724,-0.0002356194490192345,0.0011780972450961724,0.003365992128846207,low-motion,594.3558216094971,596,1077.8991353028177,0,False,0,179,-245,0.0,0.0,12.34897,10,1.04,False,"[{""service_id"":""local_1s_tight"",""label"":""Immediate motion"",""family"":""local_relative_motion"",""horizon_s"":1.0,""position_tolerance_m"":0.1,""heading_tolerance_deg"":2.0,""maximum_aoi_s"":0.6,""position_error_m"":null,""heading_error_deg"":null,""aoi_s"":0.028232336044311523,""position_margin_m"":null,""heading_margin_deg"":null,""freshness_margin_s"":null,""normalized_margin"":null,""observable"":false,""raw_pass"":false,""reason"":""GPS course unobservable at low speed"",""status"":""unobservable"",""observed_evaluations"":0,""satisfaction_fraction"":null},{""service_id"":""local_5s_moderate"",""label"":""Short prediction"",""family"":""local_relative_motion"",""horizon_s"":5.0,""position_tolerance_m"":0.2,""heading_tolerance_deg"":5.0,""maximum_aoi_s"":1.0,""position_error_m"":null,""heading_error_deg"":null,""aoi_s"":0.028232336044311523,""position_margin_m"":null,""heading_margin_deg"":null,""freshness_margin_s"":null,""normalized_margin"":null,""observable"":false,""raw_pass"":false,""reason"":""GPS course unobservable at low speed"",""status"":""unobservable"",""observed_evaluations"":0,""satisfaction_fraction"":null},{""service_id"":""local_10s_preview"",""label"":""Planning support"",""family"":""local_relative_motion"",""horizon_s"":10.0,""position_tolerance_m"":0.5,""heading_tolerance_deg"":10.0,""maximum_aoi_s"":1.5,""position_error_m"":null,""heading_error_deg"":null,""aoi_s"":0.028232336044311523,""position_margin_m"":null,""heading_margin_deg"":null,""freshness_margin_s"":null,""normalized_margin"":null,""observable"":false,""raw_pass"":false,""reason"":""GPS course unobservable at low speed"",""status"":""unobservable"",""observed_evaluations"":0,""satisfaction_fraction"":null},{""service_id"":""global_state_tracking"",""label"":""Global asset tracking"",""family"":""global_synchronization"",""horizon_s"":0.0,""position_tolerance_m"":1.0,""heading_tolerance_deg"":5.0,""maximum_aoi_s"":1.0,""position_error_m"":0.7652315208896056,""heading_error_deg"":null,""aoi_s"":0.028232336044311523,""position_margin_m"":0.23476847911039445,""heading_margin_deg"":null,""freshness_margin_s"":0.9717676639556885,""normalized_margin"":null,""observable"":false,""raw_pass"":false,""reason"":""GPS course unobservable at low speed"",""status"":""unobservable"",""observed_evaluations"":22,""satisfaction_fraction"":0.09090909090909091}]",economy,2.0,0.5955999949947
40.718000000000075,344.521,1789571619.4002173,64,0.002131423997616528,0.023510385272364077,0.4225102169880737,0.7381511823039064,0.0,True,0.061733333,144.43,,,0.053,0.011023998260498047,1789571274.8681934,17.20848464970004,0.7363951539987919,,-92.98552,-0.0,0.0,-8.726646259971648e-05,-1.7453292519943296e-05,8.726646259971648e-05,0.00024933275028490425,low-motion,575.737714767456,596,1070.570173524629,0,False,0,179,-245,0.0,0.0,12.34897,10,1.04,False,"[{""service_id"":""local_1s_tight"",""label"":""Immediate motion"",""family"":""local_relative_motion"",""horizon_s"":1.0,""position_tolerance_m"":0.1,""heading_tolerance_deg"":2.0,""maximum_aoi_s"":0.6,""position_error_m"":null,""heading_error_deg"":null,""aoi_s"":0.011023998260498047,""position_margin_m"":null,""heading_margin_deg"":null,""freshness_margin_s"":null,""normalized_margin"":null,""observable"":false,""raw_pass"":false,""reason"":""GPS course unobservable at low speed"",""status"":""unobservable"",""observed_evaluations"":0,""satisfaction_fraction"":null},{""service_id"":""local_5s_moderate"",""label"":""Short prediction"",""family"":""local_relative_motion"",""horizon_s"":5.0,""position_tolerance_m"":0.2,""heading_tolerance_deg"":5.0,""maximum_aoi_s"":1.0,""position_error_m"":null,""heading_error_deg"":null,""aoi_s"":0.011023998260498047,""position_margin_m"":null,""heading_margin_deg"":null,""freshness_margin_s"":null,""normalized_margin"":null,""observable"":false,""raw_pass"":false,""reason"":""GPS course unobservable at low speed"",""status"":""unobservable"",""observed_evaluations"":0,""satisfaction_fraction"":null},{""service_id"":""local_10s_preview"",""label"":""Planning support"",""family"":""local_relative_motion"",""horizon_s"":10.0,""position_tolerance_m"":0.5,""heading_tolerance_deg"":10.0,""maximum_aoi_s"":1.5,""position_error_m"":null,""heading_error_deg"":null,""aoi_s"":0.011023998260498047,""position_margin_m"":null,""heading_margin_deg"":null,""freshness_margin_s"":null,""normalized_margin"":null,""observable"":false,""raw_pass"":false,""reason"":""GPS course unobservable at low speed"",""status"":""unobservable"",""observed_evaluations"":0,""satisfaction_fraction"":null},{""service_id"":""global_state_tracking"",""label"":""Global asset tracking"",""family"":""global_synchronization"",""horizon_s"":0.0,""position_tolerance_m"":1.0,""heading_tolerance_deg"":5.0,""maximum_aoi_s"":1.0,""position_error_m"":0.7363951539987919,""heading_error_deg"":null,""aoi_s"":0.011023998260498047,""position_margin_m"":0.26360484600120815,""heading_margin_deg"":null,""freshness_margin_s"":0.988976001739502,""normalized_margin"":null,""observable"":false,""raw_pass"":false,""reason"":""GPS course unobservable at low speed"",""status"":""unobservable"",""observed_evaluations"":22,""satisfaction_fraction"":0.09090909090909091}]",economy,2.0,0.5017999792471528
41.301000000000045,345.104,1789571620.1533332,65,0.002131423997616528,0.023510385272364077,0.4221184691108171,0.8861358733951159,0.0,True,0.061733333,144.43,,,0.035,0.18113970756530762,1789571274.8681934,170.11589241030833,0.884317027298599,,-92.65519,-0.0,0.0,-0.0033597588100890844,-0.000671951762017817,0.0033597588100890844,0.009599310885968814,low-motion,736.5362644195557,602,1054.6388991485255,0,False,0,179,-245,0.0,0.0,12.34897,10,1.04,False,"[{""service_id"":""local_1s_tight"",""label"":""Immediate motion"",""family"":""local_relative_motion"",""horizon_s"":1.0,""position_tolerance_m"":0.1,""heading_tolerance_deg"":2.0,""maximum_aoi_s"":0.6,""position_error_m"":null,""heading_error_deg"":null,""aoi_s"":0.18113970756530762,""position_margin_m"":null,""heading_margin_deg"":null,""freshness_margin_s"":null,""normalized_margin"":null,""observable"":false,""raw_pass"":false,""reason"":""GPS course unobservable at low speed"",""status"":""unobservable"",""observed_evaluations"":0,""satisfaction_fraction"":null},{""service_id"":""local_5s_moderate"",""label"":""Short prediction"",""family"":""local_relative_motion"",""horizon_s"":5.0,""position_tolerance_m"":0.2,""heading_tolerance_deg"":5.0,""maximum_aoi_s"":1.0,""position_error_m"":null,""heading_error_deg"":null,""aoi_s"":0.18113970756530762,""position_margin_m"":null,""heading_margin_deg"":null,""freshness_margin_s"":null,""normalized_margin"":null,""observable"":false,""raw_pass"":false,""reason"":""GPS course unobservable at low speed"",""status"":""unobservable"",""observed_evaluations"":0,""satisfaction_fraction"":null},{""service_id"":""local_10s_preview"",""label"":""Planning support"",""family"":""local_relative_motion"",""horizon_s"":10.0,""position_tolerance_m"":0.5,""heading_tolerance_deg"":10.0,""maximum_aoi_s"":1.5,""position_error_m"":null,""heading_error_deg"":null,""aoi_s"":0.18113970756530762,""position_margin_m"":null,""heading_margin_deg"":null,""freshness_margin_s"":null,""normalized_margin"":null,""observable"":false,""raw_pass"":false,""reason"":""GPS course unobservable at low speed"",""status"":""unobservable"",""observed_evaluations"":0,""satisfaction_fraction"":null},{""service_id"":""global_state_tracking"",""label"":""Global asset tracking"",""family"":""global_synchronization"",""horizon_s"":0.0,""position_tolerance_m"":1.0,""heading_tolerance_deg"":5.0,""maximum_aoi_s"":1.0,""position_error_m"":0.884317027298599,""heading_error_deg"":null,""aoi_s"":0.18113970756530762,""position_margin_m"":0.11568297270140104,""heading_margin_deg"":null,""freshness_margin_s"":0.8188602924346924,""normalized_margin"":null,""observable"":false,""raw_pass"":false,""reason"":""GPS course unobservable at low speed"",""status"":""unobservable"",""observed_evaluations"":22,""satisfaction_fraction"":0.09090909090909091}]",economy,2.0,0.7671999046579003
42.081000000000074,345.884,1789571620.7588353,66,-0.0005292723307365075,0.02245960339837479,0.33013314830481555,0.8861358733951159,0.0,True,0.066877777,144.43,,,0.098,0.006641864776611328,1789571274.8681934,174.49787139895534,0.8869495557413958,,-98.54289,-0.0036675289237218735,-0.03858018591686389,-0.43532874867868565,-0.11792989846922824,0.39674856276182174,1.1335673221766336,low-motion,598.7131595611572,612,1058.247433394055,0,False,0,179,-206,0.0,-0.061014893,12.34897,10,1.04,False,"[{""service_id"":""local_1s_tight"",""label"":""Immediate motion"",""family"":""local_relative_motion"",""horizon_s"":1.0,""position_tolerance_m"":0.1,""heading_tolerance_deg"":2.0,""maximum_aoi_s"":0.6,""position_error_m"":null,""heading_error_deg"":null,""aoi_s"":0.006641864776611328,""position_margin_m"":null,""heading_margin_deg"":null,""freshness_margin_s"":null,""normalized_margin"":null,""observable"":false,""raw_pass"":false,""reason"":""GPS course unobservable at low speed"",""status"":""unobservable"",""observed_evaluations"":0,""satisfaction_fraction"":null},{""service_id"":""local_5s_moderate"",""label"":""Short prediction"",""family"":""local_relative_motion"",""horizon_s"":5.0,""position_tolerance_m"":0.2,""heading_tolerance_deg"":5.0,""maximum_aoi_s"":1.0,""position_error_m"":null,""heading_error_deg"":null,""aoi_s"":0.006641864776611328,""position_margin_m"":null,""heading_margin_deg"":null,""freshness_margin_s"":null,""normalized_margin"":null,""observable"":false,""raw_pass"":false,""reason"":""GPS course unobservable at low speed"",""status"":""unobservable"",""observed_evaluations"":0,""satisfaction_fraction"":null},{""service_id"":""local_10s_preview"",""label"":""Planning support"",""family"":""local_relative_motion"",""horizon_s"":10.0,""position_tolerance_m"":0.5,""heading_tolerance_deg"":10.0,""maximum_aoi_s"":1.5,""position_error_m"":null,""heading_error_deg"":null,""aoi_s"":0.006641864776611328,""position_margin_m"":null,""heading_margin_deg"":null,""freshness_margin_s"":null,""normalized_margin"":null,""observable"":false,""raw_pass"":false,""reason"":""GPS course unobservable at low speed"",""status"":""unobservable"",""observed_evaluations"":0,""satisfaction_fraction"":null},{""service_id"":""global_state_tracking"",""label"":""Global asset tracking"",""family"":""global_synchronization"",""horizon_s"":0.0,""position_tolerance_m"":1.0,""heading_tolerance_deg"":5.0,""maximum_aoi_s"":1.0,""position_error_m"":0.8869495557413958,""heading_error_deg"":null,""aoi_s"":0.006641864776611328,""position_margin_m"":0.11305044425860422,""heading_margin_deg"":null,""freshness_margin_s"":0.9933581352233887,""normalized_margin"":null,""observable"":false,""raw_pass"":false,""reason"":""GPS course unobservable at low speed"",""status"":""unobservable"",""observed_evaluations"":22,""satisfaction_fraction"":0.09090909090909091}]",economy,2.0,0.5810000002384186
42.676000000000045,346.479,1789571621.4953501,67,-0.030238914138774196,0.0169267852571159,0.03810790254328289,1.033234427910255,-0.1859035491870444,True,0.066877777,144.43,,,0.048,0.14815664291381836,1789571274.8681934,141.51480674746608,1.0826429207359467,,-104.686,-0.05079065265793427,-0.5057570590782601,-0.4309654255486998,-0.49079873237234806,0.07479163352956025,0.2136903815130293,low-motion,719.6395397186279,625,1041.3581243719498,0,False,0,190,195,-0.037639206,-0.132017934,12.34897,10,1.04,False,"[{""service_id"":""local_1s_tight"",""label"":""Immediate motion"",""family"":""local_relative_motion"",""horizon_s"":1.0,""position_tolerance_m"":0.1,""heading_tolerance_deg"":2.0,""maximum_aoi_s"":0.6,""position_error_m"":null,""heading_error_deg"":null,""aoi_s"":0.14815664291381836,""position_margin_m"":null,""heading_margin_deg"":null,""freshness_margin_s"":null,""normalized_margin"":null,""observable"":false,""raw_pass"":false,""reason"":""GPS course unobservable at low speed"",""status"":""unobservable"",""observed_evaluations"":0,""satisfaction_fraction"":null},{""service_id"":""local_5s_moderate"",""label"":""Short prediction"",""family"":""local_relative_motion"",""horizon_s"":5.0,""position_tolerance_m"":0.2,""heading_tolerance_deg"":5.0,""maximum_aoi_s"":1.0,""position_error_m"":null,""heading_error_deg"":null,""aoi_s"":0.14815664291381836,""position_margin_m"":null,""heading_margin_deg"":null,""freshness_margin_s"":null,""normalized_margin"":null,""observable"":false,""raw_pass"":false,""reason"":""GPS course unobservable at low speed"",""status"":""unobservable"",""observed_evaluations"":0,""satisfaction_fraction"":null},{""service_id"":""local_10s_preview"",""label"":""Planning support"",""family"":""local_relative_motion"",""horizon_s"":10.0,""position_tolerance_m"":0.5,""heading_tolerance_deg"":10.0,""maximum_aoi_s"":1.5,""position_error_m"":null,""heading_error_deg"":null,""aoi_s"":0.14815664291381836,""position_margin_m"":null,""heading_margin_deg"":null,""freshness_margin_s"":null,""normalized_margin"":null,""observable"":false,""raw_pass"":false,""reason"":""GPS course unobservable at low speed"",""status"":""unobservable"",""observed_evaluations"":0,""satisfaction_fraction"":null},{""service_id"":""global_state_tracking"",""label"":""Global asset tracking"",""family"":""global_synchronization"",""horizon_s"":0.0,""position_tolerance_m"":1.0,""heading_tolerance_deg"":5.0,""maximum_aoi_s"":1.0,""position_error_m"":1.0826429207359467,""heading_error_deg"":null,""aoi_s"":0.14815664291381836,""position_margin_m"":-0.0826429207359467,""heading_margin_deg"":null,""freshness_margin_s"":0.8518433570861816,""normalized_margin"":-0.0826429207359467,""observable"":true,""raw_pass"":false,""reason"":""position tolerance"",""status"":""withdrawn"",""observed_evaluations"":23,""satisfaction_fraction"":0.08695652173913043}]",economy,2.0,0.45469996985048056
43.41900000000004,347.222,1789571622.099561,68,-0.10707688009515832,0.024779187057243426,-0.24178939653097453,1.1812191190014645,-0.1859035491870444,True,0.041155555,144.43,,,0.017,0.009367704391479492,1789571274.8681934,138.78914642333484,1.3054094363990731,,-106.8015,-0.10395445374641468,-0.36451265832624036,-0.42551127163621755,-0.3767123809882358,0.06099861330997719,0.17428175231422055,low-motion,594.7525501251221,615,1040.6683521423654,0,False,0,541,897,-0.082524462,-0.165139498,12.34897,9,1.08,False,"[{""service_id"":""local_1s_tight"",""label"":""Immediate motion"",""family"":""local_relative_motion"",""horizon_s"":1.0,""position_tolerance_m"":0.1,""heading_tolerance_deg"":2.0,""maximum_aoi_s"":0.6,""position_error_m"":null,""heading_error_deg"":null,""aoi_s"":0.009367704391479492,""position_margin_m"":null,""heading_margin_deg"":null,""freshness_margin_s"":null,""normalized_margin"":null,""observable"":false,""raw_pass"":false,""reason"":""GPS course unobservable at low speed"",""status"":""unobservable"",""observed_evaluations"":0,""satisfaction_fraction"":null},{""service_id"":""local_5s_moderate"",""label"":""Short prediction"",""family"":""local_relative_motion"",""horizon_s"":5.0,""position_tolerance_m"":0.2,""heading_tolerance_deg"":5.0,""maximum_aoi_s"":1.0,""position_error_m"":null,""heading_error_deg"":null,""aoi_s"":0.009367704391479492,""position_margin_m"":null,""heading_margin_deg"":null,""freshness_margin_s"":null,""normalized_margin"":null,""observable"":false,""raw_pass"":false,""reason"":""GPS course unobservable at low speed"",""status"":""unobservable"",""observed_evaluations"":0,""satisfaction_fraction"":null},{""service_id"":""local_10s_preview"",""label"":""Planning support"",""family"":""local_relative_motion"",""horizon_s"":10.0,""position_tolerance_m"":0.5,""heading_tolerance_deg"":10.0,""maximum_aoi_s"":1.5,""position_error_m"":null,""heading_error_deg"":null,""aoi_s"":0.009367704391479492,""position_margin_m"":null,""heading_margin_deg"":null,""freshness_margin_s"":null,""normalized_margin"":null,""observable"":false,""raw_pass"":false,""reason"":""GPS course unobservable at low speed"",""status"":""unobservable"",""observed_evaluations"":0,""satisfaction_fraction"":null},{""service_id"":""global_state_tracking"",""label"":""Global asset tracking"",""family"":""global_synchronization"",""horizon_s"":0.0,""position_tolerance_m"":1.0,""heading_tolerance_deg"":5.0,""maximum_aoi_s"":1.0,""position_error_m"":1.3054094363990731,""heading_error_deg"":null,""aoi_s"":0.009367704391479492,""position_margin_m"":-0.30540943639907314,""heading_margin_deg"":null,""freshness_margin_s"":0.9906322956085205,""normalized_margin"":-0.30540943639907314,""observable"":true,""raw_pass"":false,""reason"":""position tolerance"",""status"":""withdrawn"",""observed_evaluations"":24,""satisfaction_fraction"":0.08333333333333333}]",economy,2.0,0.34060003235936165
44.013000000000034,347.816,1789571622.9128923,69,-0.17336779058842378,0.05021523061841621,-0.4909687540916581,1.1812191190014645,-0.1859035491870444,True,0.041155555,144.43,,,0.61,0.2286989688873291,1789571274.8681934,219.33136558533306,1.375011917697117,,-111.4298,-0.11953427603242235,-0.4130807785038151,-0.44514622572115375,-0.4194938679472829,0.03206544721733867,0.09161556347811049,low-motion,803.4520149230957,619,1031.6281346450692,0,False,0,866,1540,-0.086151002,-0.172277344,12.34897,9,1.08,False,"[{""service_id"":""local_1s_tight"",""label"":""Immediate motion"",""family"":""local_relative_motion"",""horizon_s"":1.0,""position_tolerance_m"":0.1,""heading_tolerance_deg"":2.0,""maximum_aoi_s"":0.6,""position_error_m"":null,""heading_error_deg"":null,""aoi_s"":0.2286989688873291,""position_margin_m"":null,""heading_margin_deg"":null,""freshness_margin_s"":null,""normalized_margin"":null,""observable"":false,""raw_pass"":false,""reason"":""GPS course unobservable at low speed"",""status"":""unobservable"",""observed_evaluations"":0,""satisfaction_fraction"":null},{""service_id"":""local_5s_moderate"",""label"":""Short prediction"",""family"":""local_relative_motion"",""horizon_s"":5.0,""position_tolerance_m"":0.2,""heading_tolerance_deg"":5.0,""maximum_aoi_s"":1.0,""position_error_m"":null,""heading_error_deg"":null,""aoi_s"":0.2286989688873291,""position_margin_m"":null,""heading_margin_deg"":null,""freshness_margin_s"":null,""normalized_margin"":null,""observable"":false,""raw_pass"":false,""reason"":""GPS course unobservable at low speed"",""status"":""unobservable"",""observed_evaluations"":0,""satisfaction_fraction"":null},{""service_id"":""local_10s_preview"",""label"":""Planning support"",""family"":""local_relative_motion"",""horizon_s"":10.0,""position_tolerance_m"":0.5,""heading_tolerance_deg"":10.0,""maximum_aoi_s"":1.5,""position_error_m"":null,""heading_error_deg"":null,""aoi_s"":0.2286989688873291,""position_margin_m"":null,""heading_margin_deg"":null,""freshness_margin_s"":null,""normalized_margin"":null,""observable"":false,""raw_pass"":false,""reason"":""GPS course unobservable at low speed"",""status"":""unobservable"",""observed_evaluations"":0,""satisfaction_fraction"":null},{""service_id"":""global_state_tracking"",""label"":""Global asset tracking"",""family"":""global_synchronization"",""horizon_s"":0.0,""position_tolerance_m"":1.0,""heading_tolerance_deg"":5.0,""maximum_aoi_s"":1.0,""position_error_m"":1.375011917697117,""heading_error_deg"":null,""aoi_s"":0.2286989688873291,""position_margin_m"":-0.37501191769711695,""heading_margin_deg"":null,""freshness_margin_s"":0.7713010311126709,""normalized_margin"":-0.37501191769711695,""observable"":true,""raw_pass"":false,""reason"":""position tolerance"",""status"":""withdrawn"",""observed_evaluations"":25,""satisfaction_fraction"":0.08}]",normal,5.0,0.9943000040948391
44.827000000000055,348.63,1789571623.504091,70,-0.24761872151997566,0.1095755674337471,-0.8578492861984417,1.3292038100926735,-0.1859035491870444,True,0.056588888,144.43,,,0.129,0.00589752197265625,1789571274.8681934,222.8013172149872,1.6042684328254817,,-115.2187,-0.11678421339419175,-0.43983307777457137,-0.49423361093349427,-0.450713184406356,0.054400533158922904,0.15543009473977973,low-motion,569.6828365325928,610,1039.2982115144823,0,False,0,1282,2420,0.0,-0.064081229,12.34897,9,1.08,False,"[{""service_id"":""local_1s_tight"",""label"":""Immediate motion"",""family"":""local_relative_motion"",""horizon_s"":1.0,""position_tolerance_m"":0.1,""heading_tolerance_deg"":2.0,""maximum_aoi_s"":0.6,""position_error_m"":null,""heading_error_deg"":null,""aoi_s"":0.00589752197265625,""position_margin_m"":null,""heading_margin_deg"":null,""freshness_margin_s"":null,""normalized_margin"":null,""observable"":false,""raw_pass"":false,""reason"":""GPS course unobservable at low speed"",""status"":""unobservable"",""observed_evaluations"":0,""satisfaction_fraction"":null},{""service_id"":""local_5s_moderate"",""label"":""Short prediction"",""family"":""local_relative_motion"",""horizon_s"":5.0,""position_tolerance_m"":0.2,""heading_tolerance_deg"":5.0,""maximum_aoi_s"":1.0,""position_error_m"":null,""heading_error_deg"":null,""aoi_s"":0.00589752197265625,""position_margin_m"":null,""heading_margin_deg"":null,""freshness_margin_s"":null,""normalized_margin"":null,""observable"":false,""raw_pass"":false,""reason"":""GPS course unobservable at low speed"",""status"":""unobservable"",""observed_evaluations"":0,""satisfaction_fraction"":null},{""service_id"":""local_10s_preview"",""label"":""Planning support"",""family"":""local_relative_motion"",""horizon_s"":10.0,""position_tolerance_m"":0.5,""heading_tolerance_deg"":10.0,""maximum_aoi_s"":1.5,""position_error_m"":null,""heading_error_deg"":null,""aoi_s"":0.00589752197265625,""position_margin_m"":null,""heading_margin_deg"":null,""freshness_margin_s"":null,""normalized_margin"":null,""observable"":false,""raw_pass"":false,""reason"":""GPS course unobservable at low speed"",""status"":""unobservable"",""observed_evaluations"":0,""satisfaction_fraction"":null},{""service_id"":""global_state_tracking"",""label"":""Global asset tracking"",""family"":""global_synchronization"",""horizon_s"":0.0,""position_tolerance_m"":1.0,""heading_tolerance_deg"":5.0,""maximum_aoi_s"":1.0,""position_error_m"":1.6042684328254817,""heading_error_deg"":null,""aoi_s"":0.00589752197265625,""position_margin_m"":-0.6042684328254817,""heading_margin_deg"":null,""freshness_margin_s"":0.9941024780273438,""normalized_margin"":-0.6042684328254817,""observable"":true,""raw_pass"":false,""reason"":""position tolerance"",""status"":""withdrawn"",""observed_evaluations"":26,""satisfaction_fraction"":0.07692307692307693}]",normal,5.0,0.38320000749081373
45.40400000000005,349.207,1789571624.2500615,71,-0.25103323163857305,0.1137002223993103,-0.900781022070023,1.3292038100926735,-0.1859035491870444,True,0.0463,144.43,,,0.01,0.17486810684204102,1789571274.8681934,168.9704875946063,1.6083878661592452,,-112.4912,-0.009280055855518467,-0.09762057441702529,0.01845685683984004,-0.07440508816565224,0.11607743125686533,0.33164980359104385,low-motion,735.090970993042,599,1005.8055024941106,0,False,0,1282,2493,0.0,0.0,12.34897,9,1.62,False,"[{""service_id"":""local_1s_tight"",""label"":""Immediate motion"",""family"":""local_relative_motion"",""horizon_s"":1.0,""position_tolerance_m"":0.1,""heading_tolerance_deg"":2.0,""maximum_aoi_s"":0.6,""position_error_m"":null,""heading_error_deg"":null,""aoi_s"":0.17486810684204102,""position_margin_m"":null,""heading_margin_deg"":null,""freshness_margin_s"":null,""normalized_margin"":null,""observable"":false,""raw_pass"":false,""reason"":""GPS course unobservable at low speed"",""status"":""unobservable"",""observed_evaluations"":0,""satisfaction_fraction"":null},{""service_id"":""local_5s_moderate"",""label"":""Short prediction"",""family"":""local_relative_motion"",""horizon_s"":5.0,""position_tolerance_m"":0.2,""heading_tolerance_deg"":5.0,""maximum_aoi_s"":1.0,""position_error_m"":null,""heading_error_deg"":null,""aoi_s"":0.17486810684204102,""position_margin_m"":null,""heading_margin_deg"":null,""freshness_margin_s"":null,""normalized_margin"":null,""observable"":false,""raw_pass"":false,""reason"":""GPS course unobservable at low speed"",""status"":""unobservable"",""observed_evaluations"":0,""satisfaction_fraction"":null},{""service_id"":""local_10s_preview"",""label"":""Planning support"",""family"":""local_relative_motion"",""horizon_s"":10.0,""position_tolerance_m"":0.5,""heading_tolerance_deg"":10.0,""maximum_aoi_s"":1.5,""position_error_m"":null,""heading_error_deg"":null,""aoi_s"":0.17486810684204102,""position_margin_m"":null,""heading_margin_deg"":null,""freshness_margin_s"":null,""normalized_margin"":null,""observable"":false,""raw_pass"":false,""reason"":""GPS course unobservable at low speed"",""status"":""unobservable"",""observed_evaluations"":0,""satisfaction_fraction"":null},{""service_id"":""global_state_tracking"",""label"":""Global asset tracking"",""family"":""global_synchronization"",""horizon_s"":0.0,""position_tolerance_m"":1.0,""heading_tolerance_deg"":5.0,""maximum_aoi_s"":1.0,""position_error_m"":1.6083878661592452,""heading_error_deg"":null,""aoi_s"":0.17486810684204102,""position_margin_m"":-0.6083878661592452,""heading_margin_deg"":null,""freshness_margin_s"":0.825131893157959,""normalized_margin"":-0.6083878661592452,""observable"":true,""raw_pass"":false,""reason"":""position tolerance"",""status"":""withdrawn"",""observed_evaluations"":27,""satisfaction_fraction"":0.07407407407407407}]",normal,5.0,0.43439993169158697
46.14900000000006,349.952,1789571624.8630285,72,-0.25103323163857305,0.1137002223993103,-0.9007940247729502,1.3292038100926735,-0.1859035491870444,True,0.0463,144.43,,,0.756,0.042835235595703125,1789571274.8681934,132.0329856872604,1.6083878661592452,,-109.0756,-0.0,0.0,-8.726646259971648e-05,-1.7453292519943296e-05,8.726646259971648e-05,0.00024933275028490425,low-motion,597.6626873016357,590,1034.4618174016728,0,False,0,1282,2493,0.0,0.0,12.34897,9,1.62,False,"[{""service_id"":""local_1s_tight"",""label"":""Immediate motion"",""family"":""local_relative_motion"",""horizon_s"":1.0,""position_tolerance_m"":0.1,""heading_tolerance_deg"":2.0,""maximum_aoi_s"":0.6,""position_error_m"":null,""heading_error_deg"":null,""aoi_s"":0.042835235595703125,""position_margin_m"":null,""heading_margin_deg"":null,""freshness_margin_s"":null,""normalized_margin"":null,""observable"":false,""raw_pass"":false,""reason"":""GPS course unobservable at low speed"",""status"":""unobservable"",""observed_evaluations"":0,""satisfaction_fraction"":null},{""service_id"":""local_5s_moderate"",""label"":""Short prediction"",""family"":""local_relative_motion"",""horizon_s"":5.0,""position_tolerance_m"":0.2,""heading_tolerance_deg"":5.0,""maximum_aoi_s"":1.0,""position_error_m"":null,""heading_error_deg"":null,""aoi_s"":0.042835235595703125,""position_margin_m"":null,""heading_margin_deg"":null,""freshness_margin_s"":null,""normalized_margin"":null,""observable"":false,""raw_pass"":false,""reason"":""GPS course unobservable at low speed"",""status"":""unobservable"",""observed_evaluations"":0,""satisfaction_fraction"":null},{""service_id"":""local_10s_preview"",""label"":""Planning support"",""family"":""local_relative_motion"",""horizon_s"":10.0,""position_tolerance_m"":0.5,""heading_tolerance_deg"":10.0,""maximum_aoi_s"":1.5,""position_error_m"":null,""heading_error_deg"":null,""aoi_s"":0.042835235595703125,""position_margin_m"":null,""heading_margin_deg"":null,""freshness_margin_s"":null,""normalized_margin"":null,""observable"":false,""raw_pass"":false,""reason"":""GPS course unobservable at low speed"",""status"":""unobservable"",""observed_evaluations"":0,""satisfaction_fraction"":null},{""service_id"":""global_state_tracking"",""label"":""Global asset tracking"",""family"":""global_synchronization"",""horizon_s"":0.0,""position_tolerance_m"":1.0,""heading_tolerance_deg"":5.0,""maximum_aoi_s"":1.0,""position_error_m"":1.6083878661592452,""heading_error_deg"":null,""aoi_s"":0.042835235595703125,""position_margin_m"":-0.6083878661592452,""heading_margin_deg"":null,""freshness_margin_s"":0.9571647644042969,""normalized_margin"":-0.6083878661592452,""observable"":true,""raw_pass"":false,""reason"":""position tolerance"",""status"":""withdrawn"",""observed_evaluations"":28,""satisfaction_fraction"":0.07142857142857142}]",normal,5.0,0.4876999882981181
46.775000000000034,350.578,1789571625.4758866,73,-0.25103323163857305,0.1137002223993103,-0.901351238589942,1.4763023646078128,-0.1859035491870444,True,0.0463,144.43,,,0.058,0.029693126678466797,1789571274.8681934,13.141942977881627,1.7531259743693908,,-107.9071,-0.0,0.0,-0.00445058959258554,-0.000890117918517108,0.00445058959258554,0.012715970264530115,low-motion,600.8260250091553,597,1031.7886586065517,0,False,0,1282,2493,0.0,0.0,12.35301,9,1.62,False,"[{""service_id"":""local_1s_tight"",""label"":""Immediate motion"",""family"":""local_relative_motion"",""horizon_s"":1.0,""position_tolerance_m"":0.1,""heading_tolerance_deg"":2.0,""maximum_aoi_s"":0.6,""position_error_m"":null,""heading_error_deg"":null,""aoi_s"":0.029693126678466797,""position_margin_m"":null,""heading_margin_deg"":null,""freshness_margin_s"":null,""normalized_margin"":null,""observable"":false,""raw_pass"":false,""reason"":""GPS course unobservable at low speed"",""status"":""unobservable"",""observed_evaluations"":0,""satisfaction_fraction"":null},{""service_id"":""local_5s_moderate"",""label"":""Short prediction"",""family"":""local_relative_motion"",""horizon_s"":5.0,""position_tolerance_m"":0.2,""heading_tolerance_deg"":5.0,""maximum_aoi_s"":1.0,""position_error_m"":null,""heading_error_deg"":null,""aoi_s"":0.029693126678466797,""position_margin_m"":null,""heading_margin_deg"":null,""freshness_margin_s"":null,""normalized_margin"":null,""observable"":false,""raw_pass"":false,""reason"":""GPS course unobservable at low speed"",""status"":""unobservable"",""observed_evaluations"":0,""satisfaction_fraction"":null},{""service_id"":""local_10s_preview"",""label"":""Planning support"",""family"":""local_relative_motion"",""horizon_s"":10.0,""position_tolerance_m"":0.5,""heading_tolerance_deg"":10.0,""maximum_aoi_s"":1.5,""position_error_m"":null,""heading_error_deg"":null,""aoi_s"":0.029693126678466797,""position_margin_m"":null,""heading_margin_deg"":null,""freshness_margin_s"":null,""normalized_margin"":null,""observable"":false,""raw_pass"":false,""reason"":""GPS course unobservable at low speed"",""status"":""unobservable"",""observed_evaluations"":0,""satisfaction_fraction"":null},{""service_id"":""global_state_tracking"",""label"":""Global asset tracking"",""family"":""global_synchronization"",""horizon_s"":0.0,""position_tolerance_m"":1.0,""heading_tolerance_deg"":5.0,""maximum_aoi_s"":1.0,""position_error_m"":1.7531259743693908,""heading_error_deg"":null,""aoi_s"":0.029693126678466797,""position_margin_m"":-0.7531259743693908,""heading_margin_deg"":null,""freshness_margin_s"":0.9703068733215332,""normalized_margin"":-0.7531259743693908,""observable"":true,""raw_pass"":false,""reason"":""position tolerance"",""status"":""withdrawn"",""observed_evaluations"":29,""satisfaction_fraction"":0.06896551724137931}]",normal,5.0,0.5712000420317054
47.37500000000006,351.178,1789571626.0527737,74,-0.25103323163857305,0.1137002223993103,-0.9009690114837552,1.4763023646078128,-0.1859035491870444,True,0.0463,144.43,,,0.053,0.006580352783203125,1789571274.8681934,23.11286926271805,1.7531259743693908,,-107.2245,-0.0,0.0,0.0031852258848896514,0.0006370451769779303,0.0031852258848896514,0.009100645385399005,low-motion,562.0119571685791,592,1063.5394982636872,0,False,0,1282,2493,0.0,0.0,12.35301,9,1.62,False,"[{""service_id"":""local_1s_tight"",""label"":""Immediate motion"",""family"":""local_relative_motion"",""horizon_s"":1.0,""position_tolerance_m"":0.1,""heading_tolerance_deg"":2.0,""maximum_aoi_s"":0.6,""position_error_m"":null,""heading_error_deg"":null,""aoi_s"":0.006580352783203125,""position_margin_m"":null,""heading_margin_deg"":null,""freshness_margin_s"":null,""normalized_margin"":null,""observable"":false,""raw_pass"":false,""reason"":""GPS course unobservable at low speed"",""status"":""unobservable"",""observed_evaluations"":0,""satisfaction_fraction"":null},{""service_id"":""local_5s_moderate"",""label"":""Short prediction"",""family"":""local_relative_motion"",""horizon_s"":5.0,""position_tolerance_m"":0.2,""heading_tolerance_deg"":5.0,""maximum_aoi_s"":1.0,""position_error_m"":null,""heading_error_deg"":null,""aoi_s"":0.006580352783203125,""position_margin_m"":null,""heading_margin_deg"":null,""freshness_margin_s"":null,""normalized_margin"":null,""observable"":false,""raw_pass"":false,""reason"":""GPS course unobservable at low speed"",""status"":""unobservable"",""observed_evaluations"":0,""satisfaction_fraction"":null},{""service_id"":""local_10s_preview"",""label"":""Planning support"",""family"":""local_relative_motion"",""horizon_s"":10.0,""position_tolerance_m"":0.5,""heading_tolerance_deg"":10.0,""maximum_aoi_s"":1.5,""position_error_m"":null,""heading_error_deg"":null,""aoi_s"":0.006580352783203125,""position_margin_m"":null,""heading_margin_deg"":null,""freshness_margin_s"":null,""normalized_margin"":null,""observable"":false,""raw_pass"":false,""reason"":""GPS course unobservable at low speed"",""status"":""unobservable"",""observed_evaluations"":0,""satisfaction_fraction"":null},{""service_id"":""global_state_tracking"",""label"":""Global asset tracking"",""family"":""global_synchronization"",""horizon_s"":0.0,""position_tolerance_m"":1.0,""heading_tolerance_deg"":5.0,""maximum_aoi_s"":1.0,""position_error_m"":1.7531259743693908,""heading_error_deg"":null,""aoi_s"":0.006580352783203125,""position_margin_m"":-0.7531259743693908,""heading_margin_deg"":null,""freshness_margin_s"":0.9934196472167969,""normalized_margin"":-0.7531259743693908,""observable"":true,""raw_pass"":false,""reason"":""position tolerance"",""status"":""withdrawn"",""observed_evaluations"":30,""satisfaction_fraction"":0.06666666666666667}]",normal,5.0,0.48619997687637806
47.96300000000008,351.766,1789571626.7798376,75,-0.25103323163857305,0.1137002223993103,-0.9011075557197783,1.4763023646078128,-0.1859035491870444,True,0.0463,144.43,,,0.035,0.1456441879272461,1789571274.8681934,139.0638942718283,1.7531259743693908,,-107.1774,-0.0,0.0,-0.0011780972450961724,-0.0002356194490192345,0.0011780972450961724,0.003365992128846207,low-motion,708.5065841674805,594,1028.9990054763243,0,False,0,1282,2493,0.0,0.0,12.35301,9,1.62,False,"[{""service_id"":""local_1s_tight"",""label"":""Immediate motion"",""family"":""local_relative_motion"",""horizon_s"":1.0,""position_tolerance_m"":0.1,""heading_tolerance_deg"":2.0,""maximum_aoi_s"":0.6,""position_error_m"":null,""heading_error_deg"":null,""aoi_s"":0.1456441879272461,""position_margin_m"":null,""heading_margin_deg"":null,""freshness_margin_s"":null,""normalized_margin"":null,""observable"":false,""raw_pass"":false,""reason"":""GPS course unobservable at low speed"",""status"":""unobservable"",""observed_evaluations"":0,""satisfaction_fraction"":null},{""service_id"":""local_5s_moderate"",""label"":""Short prediction"",""family"":""local_relative_motion"",""horizon_s"":5.0,""position_tolerance_m"":0.2,""heading_tolerance_deg"":5.0,""maximum_aoi_s"":1.0,""position_error_m"":null,""heading_error_deg"":null,""aoi_s"":0.1456441879272461,""position_margin_m"":null,""heading_margin_deg"":null,""freshness_margin_s"":null,""normalized_margin"":null,""observable"":false,""raw_pass"":false,""reason"":""GPS course unobservable at low speed"",""status"":""unobservable"",""observed_evaluations"":0,""satisfaction_fraction"":null},{""service_id"":""local_10s_preview"",""label"":""Planning support"",""family"":""local_relative_motion"",""horizon_s"":10.0,""position_tolerance_m"":0.5,""heading_tolerance_deg"":10.0,""maximum_aoi_s"":1.5,""position_error_m"":null,""heading_error_deg"":null,""aoi_s"":0.1456441879272461,""position_margin_m"":null,""heading_margin_deg"":null,""freshness_margin_s"":null,""normalized_margin"":null,""observable"":false,""raw_pass"":false,""reason"":""GPS course unobservable at low speed"",""status"":""unobservable"",""observed_evaluations"":0,""satisfaction_fraction"":null},{""service_id"":""global_state_tracking"",""label"":""Global asset tracking"",""family"":""global_synchronization"",""horizon_s"":0.0,""position_tolerance_m"":1.0,""heading_tolerance_deg"":5.0,""maximum_aoi_s"":1.0,""position_error_m"":1.7531259743693908,""heading_error_deg"":null,""aoi_s"":0.1456441879272461,""position_margin_m"":-0.7531259743693908,""heading_margin_deg"":null,""freshness_margin_s"":0.8543558120727539,""normalized_margin"":-0.7531259743693908,""observable"":true,""raw_pass"":false,""reason"":""position tolerance"",""status"":""withdrawn"",""observed_evaluations"":31,""satisfaction_fraction"":0.06451612903225806}]",normal,5.0,0.37450005766004324
48.68300000000005,352.486,1789571627.362187,76,-0.25103323163857305,0.1137002223993103,-0.9006488831923543,1.6242870556990223,-0.1859035491870444,True,0.041155555,144.43,,,0.035,0.007993459701538086,1789571274.8681934,137.65069961544896,1.899102050983235,,-107.0237,-0.0,0.0,0.0031852258848896514,0.0006370451769779303,0.0031852258848896514,0.009100645385399005,low-motion,569.2689418792725,594,1077.698931297448,0,False,0,1282,2493,0.0,0.0,12.35301,9,1.06,False,"[{""service_id"":""local_1s_tight"",""label"":""Immediate motion"",""family"":""local_relative_motion"",""horizon_s"":1.0,""position_tolerance_m"":0.1,""heading_tolerance_deg"":2.0,""maximum_aoi_s"":0.6,""position_error_m"":null,""heading_error_deg"":null,""aoi_s"":0.007993459701538086,""position_margin_m"":null,""heading_margin_deg"":null,""freshness_margin_s"":null,""normalized_margin"":null,""observable"":false,""raw_pass"":false,""reason"":""GPS course unobservable at low speed"",""status"":""unobservable"",""observed_evaluations"":0,""satisfaction_fraction"":null},{""service_id"":""local_5s_moderate"",""label"":""Short prediction"",""family"":""local_relative_motion"",""horizon_s"":5.0,""position_tolerance_m"":0.2,""heading_tolerance_deg"":5.0,""maximum_aoi_s"":1.0,""position_error_m"":null,""heading_error_deg"":null,""aoi_s"":0.007993459701538086,""position_margin_m"":null,""heading_margin_deg"":null,""freshness_margin_s"":null,""normalized_margin"":null,""observable"":false,""raw_pass"":false,""reason"":""GPS course unobservable at low speed"",""status"":""unobservable"",""observed_evaluations"":0,""satisfaction_fraction"":null},{""service_id"":""local_10s_preview"",""label"":""Planning support"",""family"":""local_relative_motion"",""horizon_s"":10.0,""position_tolerance_m"":0.5,""heading_tolerance_deg"":10.0,""maximum_aoi_s"":1.5,""position_error_m"":null,""heading_error_deg"":null,""aoi_s"":0.007993459701538086,""position_margin_m"":null,""heading_margin_deg"":null,""freshness_margin_s"":null,""normalized_margin"":null,""observable"":false,""raw_pass"":false,""reason"":""GPS course unobservable at low speed"",""status"":""unobservable"",""observed_evaluations"":0,""satisfaction_fraction"":null},{""service_id"":""global_state_tracking"",""label"":""Global asset tracking"",""family"":""global_synchronization"",""horizon_s"":0.0,""position_tolerance_m"":1.0,""heading_tolerance_deg"":5.0,""maximum_aoi_s"":1.0,""position_error_m"":1.899102050983235,""heading_error_deg"":null,""aoi_s"":0.007993459701538086,""position_margin_m"":-0.899102050983235,""heading_margin_deg"":null,""freshness_margin_s"":0.9920065402984619,""normalized_margin"":-0.899102050983235,""observable"":true,""raw_pass"":false,""reason"":""position tolerance"",""status"":""withdrawn"",""observed_evaluations"":32,""satisfaction_fraction"":0.0625}]",normal,5.0,0.44710002839565277
49.27800000000008,353.081,1789571627.9506042,77,-0.25103323163857305,0.1137002223993103,-0.9006592679014034,1.6242870556990223,-0.1859035491870444,True,0.041155555,144.43,,,0.047,0.0014107227325439453,1789571274.8681934,6.582708358791933,1.899102050983235,,-106.6369,-0.0,0.0,-8.726646259971648e-05,-1.7453292519943296e-05,8.726646259971648e-05,0.00024933275028490425,low-motion,571.8734264373779,594,1072.7506725459073,0,False,0,1282,2493,0.0,0.0,12.35301,9,1.06,False,"[{""service_id"":""local_1s_tight"",""label"":""Immediate motion"",""family"":""local_relative_motion"",""horizon_s"":1.0,""position_tolerance_m"":0.1,""heading_tolerance_deg"":2.0,""maximum_aoi_s"":0.6,""position_error_m"":null,""heading_error_deg"":null,""aoi_s"":0.0014107227325439453,""position_margin_m"":null,""heading_margin_deg"":null,""freshness_margin_s"":null,""normalized_margin"":null,""observable"":false,""raw_pass"":false,""reason"":""GPS course unobservable at low speed"",""status"":""unobservable"",""observed_evaluations"":0,""satisfaction_fraction"":null},{""service_id"":""local_5s_moderate"",""label"":""Short prediction"",""family"":""local_relative_motion"",""horizon_s"":5.0,""position_tolerance_m"":0.2,""heading_tolerance_deg"":5.0,""maximum_aoi_s"":1.0,""position_error_m"":null,""heading_error_deg"":null,""aoi_s"":0.0014107227325439453,""position_margin_m"":null,""heading_margin_deg"":null,""freshness_margin_s"":null,""normalized_margin"":null,""observable"":false,""raw_pass"":false,""reason"":""GPS course unobservable at low speed"",""status"":""unobservable"",""observed_evaluations"":0,""satisfaction_fraction"":null},{""service_id"":""local_10s_preview"",""label"":""Planning support"",""family"":""local_relative_motion"",""horizon_s"":10.0,""position_tolerance_m"":0.5,""heading_tolerance_deg"":10.0,""maximum_aoi_s"":1.5,""position_error_m"":null,""heading_error_deg"":null,""aoi_s"":0.0014107227325439453,""position_margin_m"":null,""heading_margin_deg"":null,""freshness_margin_s"":null,""normalized_margin"":null,""observable"":false,""raw_pass"":false,""reason"":""GPS course unobservable at low speed"",""status"":""unobservable"",""observed_evaluations"":0,""satisfaction_fraction"":null},{""service_id"":""global_state_tracking"",""label"":""Global asset tracking"",""family"":""global_synchronization"",""horizon_s"":0.0,""position_tolerance_m"":1.0,""heading_tolerance_deg"":5.0,""maximum_aoi_s"":1.0,""position_error_m"":1.899102050983235,""heading_error_deg"":null,""aoi_s"":0.0014107227325439453,""position_margin_m"":-0.899102050983235,""heading_margin_deg"":null,""freshness_margin_s"":0.998589277267456,""normalized_margin"":-0.899102050983235,""observable"":true,""raw_pass"":false,""reason"":""position tolerance"",""status"":""withdrawn"",""observed_evaluations"":33,""satisfaction_fraction"":0.06060606060606061}]",normal,5.0,0.46229991130530834
49.86800000000005,353.671,1789571628.6782074,78,-0.25103323163857305,0.1137002223993103,-0.9005408473116558,1.6242870556990223,-0.1859035491870444,True,0.056588888,144.43,,,0.041,0.13901400566101074,1789571274.8681934,137.60319709780333,1.899102050983235,,-106.8266,-0.0,0.0,0.0010035643198967395,0.00020071286397934792,0.0010035643198967395,0.0028673266282763987,low-motion,709.9590301513672,601,1075.1678294124963,0,False,0,1282,2493,0.0,0.0,12.35301,9,1.06,False,"[{""service_id"":""local_1s_tight"",""label"":""Immediate motion"",""family"":""local_relative_motion"",""horizon_s"":1.0,""position_tolerance_m"":0.1,""heading_tolerance_deg"":2.0,""maximum_aoi_s"":0.6,""position_error_m"":null,""heading_error_deg"":null,""aoi_s"":0.13901400566101074,""position_margin_m"":null,""heading_margin_deg"":null,""freshness_margin_s"":null,""normalized_margin"":null,""observable"":false,""raw_pass"":false,""reason"":""GPS course unobservable at low speed"",""status"":""unobservable"",""observed_evaluations"":0,""satisfaction_fraction"":null},{""service_id"":""local_5s_moderate"",""label"":""Short prediction"",""family"":""local_relative_motion"",""horizon_s"":5.0,""position_tolerance_m"":0.2,""heading_tolerance_deg"":5.0,""maximum_aoi_s"":1.0,""position_error_m"":null,""heading_error_deg"":null,""aoi_s"":0.13901400566101074,""position_margin_m"":null,""heading_margin_deg"":null,""freshness_margin_s"":null,""normalized_margin"":null,""observable"":false,""raw_pass"":false,""reason"":""GPS course unobservable at low speed"",""status"":""unobservable"",""observed_evaluations"":0,""satisfaction_fraction"":null},{""service_id"":""local_10s_preview"",""label"":""Planning support"",""family"":""local_relative_motion"",""horizon_s"":10.0,""position_tolerance_m"":0.5,""heading_tolerance_deg"":10.0,""maximum_aoi_s"":1.5,""position_error_m"":null,""heading_error_deg"":null,""aoi_s"":0.13901400566101074,""position_margin_m"":null,""heading_margin_deg"":null,""freshness_margin_s"":null,""normalized_margin"":null,""observable"":false,""raw_pass"":false,""reason"":""GPS course unobservable at low speed"",""status"":""unobservable"",""observed_evaluations"":0,""satisfaction_fraction"":null},{""service_id"":""global_state_tracking"",""label"":""Global asset tracking"",""family"":""global_synchronization"",""horizon_s"":0.0,""position_tolerance_m"":1.0,""heading_tolerance_deg"":5.0,""maximum_aoi_s"":1.0,""position_error_m"":1.899102050983235,""heading_error_deg"":null,""aoi_s"":0.13901400566101074,""position_margin_m"":-0.899102050983235,""heading_margin_deg"":null,""freshness_margin_s"":0.8609859943389893,""normalized_margin"":-0.899102050983235,""observable"":true,""raw_pass"":false,""reason"":""position tolerance"",""status"":""withdrawn"",""observed_evaluations"":34,""satisfaction_fraction"":0.058823529411764705}]",economy,2.0,0.42669998947530985
50.58600000000007,354.389,1789571629.4725394,79,-0.25103323163857305,0.1137002223993103,-0.900553378775685,1.7722717467902318,-0.1859035491870444,True,0.180055554,144.43,,,0.033,0.215346097946167,1789571274.8681934,76.332027435285,2.045366826680133,,-107.0852,-0.0,0.0,-8.726646259971648e-05,-1.7453292519943296e-05,8.726646259971648e-05,0.00024933275028490425,low-motion,780.3802490234375,605,1034.166119762963,0,False,0,1282,2493,0.0,0.0,12.35301,10,1.04,False,"[{""service_id"":""local_1s_tight"",""label"":""Immediate motion"",""family"":""local_relative_motion"",""horizon_s"":1.0,""position_tolerance_m"":0.1,""heading_tolerance_deg"":2.0,""maximum_aoi_s"":0.6,""position_error_m"":null,""heading_error_deg"":null,""aoi_s"":0.215346097946167,""position_margin_m"":null,""heading_margin_deg"":null,""freshness_margin_s"":null,""normalized_margin"":null,""observable"":false,""raw_pass"":false,""reason"":""GPS course unobservable at low speed"",""status"":""unobservable"",""observed_evaluations"":0,""satisfaction_fraction"":null},{""service_id"":""local_5s_moderate"",""label"":""Short prediction"",""family"":""local_relative_motion"",""horizon_s"":5.0,""position_tolerance_m"":0.2,""heading_tolerance_deg"":5.0,""maximum_aoi_s"":1.0,""position_error_m"":null,""heading_error_deg"":null,""aoi_s"":0.215346097946167,""position_margin_m"":null,""heading_margin_deg"":null,""freshness_margin_s"":null,""normalized_margin"":null,""observable"":false,""raw_pass"":false,""reason"":""GPS course unobservable at low speed"",""status"":""unobservable"",""observed_evaluations"":0,""satisfaction_fraction"":null},{""service_id"":""local_10s_preview"",""label"":""Planning support"",""family"":""local_relative_motion"",""horizon_s"":10.0,""position_tolerance_m"":0.5,""heading_tolerance_deg"":10.0,""maximum_aoi_s"":1.5,""position_error_m"":null,""heading_error_deg"":null,""aoi_s"":0.215346097946167,""position_margin_m"":null,""heading_margin_deg"":null,""freshness_margin_s"":null,""normalized_margin"":null,""observable"":false,""raw_pass"":false,""reason"":""GPS course unobservable at low speed"",""status"":""unobservable"",""observed_evaluations"":0,""satisfaction_fraction"":null},{""service_id"":""global_state_tracking"",""label"":""Global asset tracking"",""family"":""global_synchronization"",""horizon_s"":0.0,""position_tolerance_m"":1.0,""heading_tolerance_deg"":5.0,""maximum_aoi_s"":1.0,""position_error_m"":2.045366826680133,""heading_error_deg"":null,""aoi_s"":0.215346097946167,""position_margin_m"":-1.0453668266801328,""heading_margin_deg"":null,""freshness_margin_s"":0.784653902053833,""normalized_margin"":-1.0453668266801328,""observable"":true,""raw_pass"":false,""reason"":""position tolerance"",""status"":""withdrawn"",""observed_evaluations"":35,""satisfaction_fraction"":0.05714285714285714}]",economy,2.0,0.6042000604793429
51.39600000000007,355.199,1789571630.082121,80,-0.25103323163857305,0.1137002223993103,-0.9012743742896836,2.2153396834877896,-0.3718070991650614,True,0.180055554,144.43,,,0.177,0.01492762565612793,1789571274.8681934,200.41852951050032,2.513704977868629,,-106.9925,-0.0,0.0,-0.00445058959258554,-0.000890117918517108,0.00445058959258554,0.012715970264530115,low-motion,581.4085006713867,605,1038.158216893659,0,False,0,1282,2493,0.0,0.0,12.35301,10,1.04,False,"[{""service_id"":""local_1s_tight"",""label"":""Immediate motion"",""family"":""local_relative_motion"",""horizon_s"":1.0,""position_tolerance_m"":0.1,""heading_tolerance_deg"":2.0,""maximum_aoi_s"":0.6,""position_error_m"":null,""heading_error_deg"":null,""aoi_s"":0.01492762565612793,""position_margin_m"":null,""heading_margin_deg"":null,""freshness_margin_s"":null,""normalized_margin"":null,""observable"":false,""raw_pass"":false,""reason"":""GPS course unobservable at low speed"",""status"":""unobservable"",""observed_evaluations"":0,""satisfaction_fraction"":null},{""service_id"":""local_5s_moderate"",""label"":""Short prediction"",""family"":""local_relative_motion"",""horizon_s"":5.0,""position_tolerance_m"":0.2,""heading_tolerance_deg"":5.0,""maximum_aoi_s"":1.0,""position_error_m"":null,""heading_error_deg"":null,""aoi_s"":0.01492762565612793,""position_margin_m"":null,""heading_margin_deg"":null,""freshness_margin_s"":null,""normalized_margin"":null,""observable"":false,""raw_pass"":false,""reason"":""GPS course unobservable at low speed"",""status"":""unobservable"",""observed_evaluations"":0,""satisfaction_fraction"":null},{""service_id"":""local_10s_preview"",""label"":""Planning support"",""family"":""local_relative_motion"",""horizon_s"":10.0,""position_tolerance_m"":0.5,""heading_tolerance_deg"":10.0,""maximum_aoi_s"":1.5,""position_error_m"":null,""heading_error_deg"":null,""aoi_s"":0.01492762565612793,""position_margin_m"":null,""heading_margin_deg"":null,""freshness_margin_s"":null,""normalized_margin"":null,""observable"":false,""raw_pass"":false,""reason"":""GPS course unobservable at low speed"",""status"":""unobservable"",""observed_evaluations"":0,""satisfaction_fraction"":null},{""service_id"":""global_state_tracking"",""label"":""Global asset tracking"",""family"":""global_synchronization"",""horizon_s"":0.0,""position_tolerance_m"":1.0,""heading_tolerance_deg"":5.0,""maximum_aoi_s"":1.0,""position_error_m"":2.513704977868629,""heading_error_deg"":null,""aoi_s"":0.01492762565612793,""position_margin_m"":-1.513704977868629,""heading_margin_deg"":null,""freshness_margin_s"":0.9850723743438721,""normalized_margin"":-1.513704977868629,""observable"":true,""raw_pass"":false,""reason"":""position tolerance"",""status"":""withdrawn"",""observed_evaluations"":36,""satisfaction_fraction"":0.05555555555555555}]",economy,2.0,1.475999946705997
51.99800000000005,355.801,1789571630.8180208,81,-0.25103323163857305,0.1137002223993103,-0.9008908730931431,2.2153396834877896,-0.3718070991650614,True,0.08231111,144.43,,,0.057,0.14882731437683105,1789571274.8681934,133.89992523195815,2.513704977868629,,-106.6518,-0.0,0.0,0.0031852258848896514,0.0006370451769779303,0.0031852258848896514,0.009100645385399005,low-motion,718.944787979126,610,1006.2437252009379,0,False,0,1282,2493,0.0,0.0,12.35301,10,1.04,False,"[{""service_id"":""local_1s_tight"",""label"":""Immediate motion"",""family"":""local_relative_motion"",""horizon_s"":1.0,""position_tolerance_m"":0.1,""heading_tolerance_deg"":2.0,""maximum_aoi_s"":0.6,""position_error_m"":null,""heading_error_deg"":null,""aoi_s"":0.14882731437683105,""position_margin_m"":null,""heading_margin_deg"":null,""freshness_margin_s"":null,""normalized_margin"":null,""observable"":false,""raw_pass"":false,""reason"":""GPS course unobservable at low speed"",""status"":""unobservable"",""observed_evaluations"":0,""satisfaction_fraction"":null},{""service_id"":""local_5s_moderate"",""label"":""Short prediction"",""family"":""local_relative_motion"",""horizon_s"":5.0,""position_tolerance_m"":0.2,""heading_tolerance_deg"":5.0,""maximum_aoi_s"":1.0,""position_error_m"":null,""heading_error_deg"":null,""aoi_s"":0.14882731437683105,""position_margin_m"":null,""heading_margin_deg"":null,""freshness_margin_s"":null,""normalized_margin"":null,""observable"":false,""raw_pass"":false,""reason"":""GPS course unobservable at low speed"",""status"":""unobservable"",""observed_evaluations"":0,""satisfaction_fraction"":null},{""service_id"":""local_10s_preview"",""label"":""Planning support"",""family"":""local_relative_motion"",""horizon_s"":10.0,""position_tolerance_m"":0.5,""heading_tolerance_deg"":10.0,""maximum_aoi_s"":1.5,""position_error_m"":null,""heading_error_deg"":null,""aoi_s"":0.14882731437683105,""position_margin_m"":null,""heading_margin_deg"":null,""freshness_margin_s"":null,""normalized_margin"":null,""observable"":false,""raw_pass"":false,""reason"":""GPS course unobservable at low speed"",""status"":""unobservable"",""observed_evaluations"":0,""satisfaction_fraction"":null},{""service_id"":""global_state_tracking"",""label"":""Global asset tracking"",""family"":""global_synchronization"",""horizon_s"":0.0,""position_tolerance_m"":1.0,""heading_tolerance_deg"":5.0,""maximum_aoi_s"":1.0,""position_error_m"":2.513704977868629,""heading_error_deg"":null,""aoi_s"":0.14882731437683105,""position_margin_m"":-1.513704977868629,""heading_margin_deg"":null,""freshness_margin_s"":0.851172685623169,""normalized_margin"":-1.513704977868629,""observable"":true,""raw_pass"":false,""reason"":""position tolerance"",""status"":""withdrawn"",""observed_evaluations"":37,""satisfaction_fraction"":0.05405405405405406}]",economy,2.0,0.4366999492049217
52.75700000000006,356.56,1789571631.4420953,82,-0.2557433482896804,0.11941855402122428,-0.8626649555905654,2.362438238002929,-0.9284045525171283,True,0.092599999,144.43,,,0.025,0.013901948928833008,1789571274.8681934,134.92554092408682,2.820072353929482,,-105.0304,-0.009760748914253391,0.03761441051183111,0.1013599963095707,0.050363527671379034,0.06374558579773959,0.18213024513639883,low-motion,604.9003601074219,627,1035.9787769076702,0,False,0,1351,2525,-0.102634874,-0.061681904,12.35301,10,1.04,False,"[{""service_id"":""local_1s_tight"",""label"":""Immediate motion"",""family"":""local_relative_motion"",""horizon_s"":1.0,""position_tolerance_m"":0.1,""heading_tolerance_deg"":2.0,""maximum_aoi_s"":0.6,""position_error_m"":null,""heading_error_deg"":null,""aoi_s"":0.013901948928833008,""position_margin_m"":null,""heading_margin_deg"":null,""freshness_margin_s"":null,""normalized_margin"":null,""observable"":false,""raw_pass"":false,""reason"":""GPS course unobservable at low speed"",""status"":""unobservable"",""observed_evaluations"":0,""satisfaction_fraction"":null},{""service_id"":""local_5s_moderate"",""label"":""Short prediction"",""family"":""local_relative_motion"",""horizon_s"":5.0,""position_tolerance_m"":0.2,""heading_tolerance_deg"":5.0,""maximum_aoi_s"":1.0,""position_error_m"":null,""heading_error_deg"":null,""aoi_s"":0.013901948928833008,""position_margin_m"":null,""heading_margin_deg"":null,""freshness_margin_s"":null,""normalized_margin"":null,""observable"":false,""raw_pass"":false,""reason"":""GPS course unobservable at low speed"",""status"":""unobservable"",""observed_evaluations"":0,""satisfaction_fraction"":null},{""service_id"":""local_10s_preview"",""label"":""Planning support"",""family"":""local_relative_motion"",""horizon_s"":10.0,""position_tolerance_m"":0.5,""heading_tolerance_deg"":10.0,""maximum_aoi_s"":1.5,""position_error_m"":null,""heading_error_deg"":null,""aoi_s"":0.013901948928833008,""position_margin_m"":null,""heading_margin_deg"":null,""freshness_margin_s"":null,""normalized_margin"":null,""observable"":false,""raw_pass"":false,""reason"":""GPS course unobservable at low speed"",""status"":""unobservable"",""observed_evaluations"":0,""satisfaction_fraction"":null},{""service_id"":""global_state_tracking"",""label"":""Global asset tracking"",""family"":""global_synchronization"",""horizon_s"":0.0,""position_tolerance_m"":1.0,""heading_tolerance_deg"":5.0,""maximum_aoi_s"":1.0,""position_error_m"":2.820072353929482,""heading_error_deg"":null,""aoi_s"":0.013901948928833008,""position_margin_m"":-1.8200723539294819,""heading_margin_deg"":null,""freshness_margin_s"":0.986098051071167,""normalized_margin"":-1.8200723539294819,""observable"":true,""raw_pass"":false,""reason"":""position tolerance"",""status"":""withdrawn"",""observed_evaluations"":38,""satisfaction_fraction"":0.05263157894736842}]",economy,2.0,0.582900014705956
53.35600000000005,357.159,1789571632.1810584,83,-0.3056720657717712,0.16813280788575133,-0.6835091960103252,2.510422929094138,-0.9284045525171283,True,0.092599999,144.43,,,0.052,0.15386509895324707,1789571274.8681934,139.96312713624093,3.0220498346102995,,-96.15317,-0.11645475814556577,0.27952922684340326,0.37734018428117405,0.2990914183309574,0.0978109574377708,0.27945987839363085,low-motion,722.6419448852539,616,1006.8747427494378,0,False,0,1935,2892,-0.154956462,-0.096438101,12.35301,9,1.06,False,"[{""service_id"":""local_1s_tight"",""label"":""Immediate motion"",""family"":""local_relative_motion"",""horizon_s"":1.0,""position_tolerance_m"":0.1,""heading_tolerance_deg"":2.0,""maximum_aoi_s"":0.6,""position_error_m"":null,""heading_error_deg"":null,""aoi_s"":0.15386509895324707,""position_margin_m"":null,""heading_margin_deg"":null,""freshness_margin_s"":null,""normalized_margin"":null,""observable"":false,""raw_pass"":false,""reason"":""GPS course unobservable at low speed"",""status"":""unobservable"",""observed_evaluations"":0,""satisfaction_fraction"":null},{""service_id"":""local_5s_moderate"",""label"":""Short prediction"",""family"":""local_relative_motion"",""horizon_s"":5.0,""position_tolerance_m"":0.2,""heading_tolerance_deg"":5.0,""maximum_aoi_s"":1.0,""position_error_m"":null,""heading_error_deg"":null,""aoi_s"":0.15386509895324707,""position_margin_m"":null,""heading_margin_deg"":null,""freshness_margin_s"":null,""normalized_margin"":null,""observable"":false,""raw_pass"":false,""reason"":""GPS course unobservable at low speed"",""status"":""unobservable"",""observed_evaluations"":0,""satisfaction_fraction"":null},{""service_id"":""local_10s_preview"",""label"":""Planning support"",""family"":""local_relative_motion"",""horizon_s"":10.0,""position_tolerance_m"":0.5,""heading_tolerance_deg"":10.0,""maximum_aoi_s"":1.5,""position_error_m"":null,""heading_error_deg"":null,""aoi_s"":0.15386509895324707,""position_margin_m"":null,""heading_margin_deg"":null,""freshness_margin_s"":null,""normalized_margin"":null,""observable"":false,""raw_pass"":false,""reason"":""GPS course unobservable at low speed"",""status"":""unobservable"",""observed_evaluations"":0,""satisfaction_fraction"":null},{""service_id"":""global_state_tracking"",""label"":""Global asset tracking"",""family"":""global_synchronization"",""horizon_s"":0.0,""position_tolerance_m"":1.0,""heading_tolerance_deg"":5.0,""maximum_aoi_s"":1.0,""position_error_m"":3.0220498346102995,""heading_error_deg"":null,""aoi_s"":0.15386509895324707,""position_margin_m"":-2.0220498346102995,""heading_margin_deg"":null,""freshness_margin_s"":0.8461349010467529,""normalized_margin"":-2.0220498346102995,""observable"":true,""raw_pass"":false,""reason"":""position tolerance"",""status"":""withdrawn"",""observed_evaluations"":39,""satisfaction_fraction"":0.05128205128205128}]",economy,2.0,0.5975000094622374
54.11200000000008,357.915,1789571632.8513377,84,-0.3904761349795335,0.21982490997551268,-0.41131101773327616,2.510422929094138,-0.9284045525171283,True,0.149188888,144.43,,,0.075,0.06814432144165039,1789571274.8681934,85.7207355499554,3.119879208956597,,-98.06674,-0.13137127414601632,0.35518266399652476,0.379521845846167,0.36005050036645325,0.024339181849642233,0.06954051957040638,translation,647.8450298309326,619,995.1571594216267,0,False,0,2786,3395,-0.169270566,-0.094039203,12.35301,9,1.06,False,"[{""service_id"":""local_1s_tight"",""label"":""Immediate motion"",""family"":""local_relative_motion"",""horizon_s"":1.0,""position_tolerance_m"":0.1,""heading_tolerance_deg"":2.0,""maximum_aoi_s"":0.6,""position_error_m"":null,""heading_error_deg"":null,""aoi_s"":0.06814432144165039,""position_margin_m"":null,""heading_margin_deg"":null,""freshness_margin_s"":null,""normalized_margin"":null,""observable"":false,""raw_pass"":false,""reason"":""GPS course unobservable at low speed"",""status"":""unobservable"",""observed_evaluations"":0,""satisfaction_fraction"":null},{""service_id"":""local_5s_moderate"",""label"":""Short prediction"",""family"":""local_relative_motion"",""horizon_s"":5.0,""position_tolerance_m"":0.2,""heading_tolerance_deg"":5.0,""maximum_aoi_s"":1.0,""position_error_m"":null,""heading_error_deg"":null,""aoi_s"":0.06814432144165039,""position_margin_m"":null,""heading_margin_deg"":null,""freshness_margin_s"":null,""normalized_margin"":null,""observable"":false,""raw_pass"":false,""reason"":""GPS course unobservable at low speed"",""status"":""unobservable"",""observed_evaluations"":0,""satisfaction_fraction"":null},{""service_id"":""local_10s_preview"",""label"":""Planning support"",""family"":""local_relative_motion"",""horizon_s"":10.0,""position_tolerance_m"":0.5,""heading_tolerance_deg"":10.0,""maximum_aoi_s"":1.5,""position_error_m"":null,""heading_error_deg"":null,""aoi_s"":0.06814432144165039,""position_margin_m"":null,""heading_margin_deg"":null,""freshness_margin_s"":null,""normalized_margin"":null,""observable"":false,""raw_pass"":false,""reason"":""GPS course unobservable at low speed"",""status"":""unobservable"",""observed_evaluations"":0,""satisfaction_fraction"":null},{""service_id"":""global_state_tracking"",""label"":""Global asset tracking"",""family"":""global_synchronization"",""horizon_s"":0.0,""position_tolerance_m"":1.0,""heading_tolerance_deg"":5.0,""maximum_aoi_s"":1.0,""position_error_m"":3.119879208956597,""heading_error_deg"":null,""aoi_s"":0.06814432144165039,""position_margin_m"":-2.119879208956597,""heading_margin_deg"":null,""freshness_margin_s"":0.9318556785583496,""normalized_margin"":-2.119879208956597,""observable"":true,""raw_pass"":false,""reason"":""position tolerance"",""status"":""withdrawn"",""observed_evaluations"":40,""satisfaction_fraction"":0.05}]",economy,2.0,0.6027000490576029
54.754000000000076,358.557,1789571633.433699,85,-0.47328681299726266,0.2423525453334052,-0.11990939166449266,2.658407620185347,-0.7425010033300838,True,0.077166666,144.43,,,0.091,0.008505582809448242,1789571274.8681934,59.638778686519345,3.282902151320081,,-89.80097,-0.13367628787398075,0.4326749822452216,0.5387831400906495,0.45389661381430724,0.10610815784542793,0.3031661652726512,translation,565.4609203338623,616,1030.177428561158,0,False,0,3551,3800,-0.188266673,-0.094298524,12.35301,10,1.04,False,"[{""service_id"":""local_1s_tight"",""label"":""Immediate motion"",""family"":""local_relative_motion"",""horizon_s"":1.0,""position_tolerance_m"":0.1,""heading_tolerance_deg"":2.0,""maximum_aoi_s"":0.6,""position_error_m"":null,""heading_error_deg"":null,""aoi_s"":0.008505582809448242,""position_margin_m"":null,""heading_margin_deg"":null,""freshness_margin_s"":null,""normalized_margin"":null,""observable"":false,""raw_pass"":false,""reason"":""GPS course unobservable at low speed"",""status"":""unobservable"",""observed_evaluations"":0,""satisfaction_fraction"":null},{""service_id"":""local_5s_moderate"",""label"":""Short prediction"",""family"":""local_relative_motion"",""horizon_s"":5.0,""position_tolerance_m"":0.2,""heading_tolerance_deg"":5.0,""maximum_aoi_s"":1.0,""position_error_m"":null,""heading_error_deg"":null,""aoi_s"":0.008505582809448242,""position_margin_m"":null,""heading_margin_deg"":null,""freshness_margin_s"":null,""normalized_margin"":null,""observable"":false,""raw_pass"":false,""reason"":""GPS course unobservable at low speed"",""status"":""unobservable"",""observed_evaluations"":0,""satisfaction_fraction"":null},{""service_id"":""local_10s_preview"",""label"":""Planning support"",""family"":""local_relative_motion"",""horizon_s"":10.0,""position_tolerance_m"":0.5,""heading_tolerance_deg"":10.0,""maximum_aoi_s"":1.5,""position_error_m"":null,""heading_error_deg"":null,""aoi_s"":0.008505582809448242,""position_margin_m"":null,""heading_margin_deg"":null,""freshness_margin_s"":null,""normalized_margin"":null,""observable"":false,""raw_pass"":false,""reason"":""GPS course unobservable at low speed"",""status"":""unobservable"",""observed_evaluations"":0,""satisfaction_fraction"":null},{""service_id"":""global_state_tracking"",""label"":""Global asset tracking"",""family"":""global_synchronization"",""horizon_s"":0.0,""position_tolerance_m"":1.0,""heading_tolerance_deg"":5.0,""maximum_aoi_s"":1.0,""position_error_m"":3.282902151320081,""heading_error_deg"":null,""aoi_s"":0.008505582809448242,""position_margin_m"":-2.282902151320081,""heading_margin_deg"":null,""freshness_margin_s"":0.9914944171905518,""normalized_margin"":-2.282902151320081,""observable"":true,""raw_pass"":false,""reason"":""position tolerance"",""status"":""withdrawn"",""observed_evaluations"":41,""satisfaction_fraction"":0.04878048780487805}]",economy,2.0,0.6018999265506864
55.337000000000046,359.14,1789571634.1855514,86,-0.5497664868968242,0.240397688754757,0.17101920734782716,2.8055061747004864,-0.556597453352067,True,0.077166666,144.43,,,0.036,0.17735791206359863,1789571274.8681934,168.85251235964915,3.4486310168245278,,-83.25115,-0.13122582049544618,0.48307951491103185,0.5627814173055715,0.4990198953899398,0.07970190239453967,0.22771972112725622,translation,744.9338436126709,625,1044.5549514475683,0,False,0,4255,4139,-0.19487466,-0.097487835,12.35301,10,1.04,False,"[{""service_id"":""local_1s_tight"",""label"":""Immediate motion"",""family"":""local_relative_motion"",""horizon_s"":1.0,""position_tolerance_m"":0.1,""heading_tolerance_deg"":2.0,""maximum_aoi_s"":0.6,""position_error_m"":null,""heading_error_deg"":null,""aoi_s"":0.17735791206359863,""position_margin_m"":null,""heading_margin_deg"":null,""freshness_margin_s"":null,""normalized_margin"":null,""observable"":false,""raw_pass"":false,""reason"":""GPS course unobservable at low speed"",""status"":""unobservable"",""observed_evaluations"":0,""satisfaction_fraction"":null},{""service_id"":""local_5s_moderate"",""label"":""Short prediction"",""family"":""local_relative_motion"",""horizon_s"":5.0,""position_tolerance_m"":0.2,""heading_tolerance_deg"":5.0,""maximum_aoi_s"":1.0,""position_error_m"":null,""heading_error_deg"":null,""aoi_s"":0.17735791206359863,""position_margin_m"":null,""heading_margin_deg"":null,""freshness_margin_s"":null,""normalized_margin"":null,""observable"":false,""raw_pass"":false,""reason"":""GPS course unobservable at low speed"",""status"":""unobservable"",""observed_evaluations"":0,""satisfaction_fraction"":null},{""service_id"":""local_10s_preview"",""label"":""Planning support"",""family"":""local_relative_motion"",""horizon_s"":10.0,""position_tolerance_m"":0.5,""heading_tolerance_deg"":10.0,""maximum_aoi_s"":1.5,""position_error_m"":null,""heading_error_deg"":null,""aoi_s"":0.17735791206359863,""position_margin_m"":null,""heading_margin_deg"":null,""freshness_margin_s"":null,""normalized_margin"":null,""observable"":false,""raw_pass"":false,""reason"":""GPS course unobservable at low speed"",""status"":""unobservable"",""observed_evaluations"":0,""satisfaction_fraction"":null},{""service_id"":""global_state_tracking"",""label"":""Global asset tracking"",""family"":""global_synchronization"",""horizon_s"":0.0,""position_tolerance_m"":1.0,""heading_tolerance_deg"":5.0,""maximum_aoi_s"":1.0,""position_error_m"":3.4486310168245278,""heading_error_deg"":null,""aoi_s"":0.17735791206359863,""position_margin_m"":-2.4486310168245278,""heading_margin_deg"":null,""freshness_margin_s"":0.8226420879364014,""normalized_margin"":-2.4486310168245278,""observable"":true,""raw_pass"":false,""reason"":""position tolerance"",""status"":""withdrawn"",""observed_evaluations"":42,""satisfaction_fraction"":0.047619047619047616}]",economy,2.0,0.367600005120039
56.08600000000007,359.889,1789571634.7952223,87,-0.6449705824758705,0.2080059228844236,0.48487908173007055,2.8055061747004864,-0.556597453352067,True,0.231499998,144.43,,,0.067,0.03802895545959473,1789571274.8681934,139.3291225433586,3.5341771566754416,,-75.5761,-0.1342638759525426,0.4316448037160501,0.3686135380212024,0.41903855057708056,0.06303126569484768,0.18008933055670767,translation,590.2540683746338,622,1048.1421031172317,0,False,0,5150,4615,-0.169228259,-0.093898356,12.35301,10,1.04,False,"[{""service_id"":""local_1s_tight"",""label"":""Immediate motion"",""family"":""local_relative_motion"",""horizon_s"":1.0,""position_tolerance_m"":0.1,""heading_tolerance_deg"":2.0,""maximum_aoi_s"":0.6,""position_error_m"":null,""heading_error_deg"":null,""aoi_s"":0.03802895545959473,""position_margin_m"":null,""heading_margin_deg"":null,""freshness_margin_s"":null,""normalized_margin"":null,""observable"":false,""raw_pass"":false,""reason"":""GPS course unobservable at low speed"",""status"":""unobservable"",""observed_evaluations"":0,""satisfaction_fraction"":null},{""service_id"":""local_5s_moderate"",""label"":""Short prediction"",""family"":""local_relative_motion"",""horizon_s"":5.0,""position_tolerance_m"":0.2,""heading_tolerance_deg"":5.0,""maximum_aoi_s"":1.0,""position_error_m"":null,""heading_error_deg"":null,""aoi_s"":0.03802895545959473,""position_margin_m"":null,""heading_margin_deg"":null,""freshness_margin_s"":null,""normalized_margin"":null,""observable"":false,""raw_pass"":false,""reason"":""GPS course unobservable at low speed"",""status"":""unobservable"",""observed_evaluations"":0,""satisfaction_fraction"":null},{""service_id"":""local_10s_preview"",""label"":""Planning support"",""family"":""local_relative_motion"",""horizon_s"":10.0,""position_tolerance_m"":0.5,""heading_tolerance_deg"":10.0,""maximum_aoi_s"":1.5,""position_error_m"":null,""heading_error_deg"":null,""aoi_s"":0.03802895545959473,""position_margin_m"":null,""heading_margin_deg"":null,""freshness_margin_s"":null,""normalized_margin"":null,""observable"":false,""raw_pass"":false,""reason"":""GPS course unobservable at low speed"",""status"":""unobservable"",""observed_evaluations"":0,""satisfaction_fraction"":null},{""service_id"":""global_state_tracking"",""label"":""Global asset tracking"",""family"":""global_synchronization"",""horizon_s"":0.0,""position_tolerance_m"":1.0,""heading_tolerance_deg"":5.0,""maximum_aoi_s"":1.0,""position_error_m"":3.5341771566754416,""heading_error_deg"":null,""aoi_s"":0.03802895545959473,""position_margin_m"":-2.5341771566754416,""heading_margin_deg"":null,""freshness_margin_s"":0.9619710445404053,""normalized_margin"":-2.5341771566754416,""observable"":true,""raw_pass"":false,""reason"":""position tolerance"",""status"":""withdrawn"",""observed_evaluations"":43,""satisfaction_fraction"":0.046511627906976744}]",economy,2.0,0.479700043797493
56.71900000000005,360.522,1789571635.4044757,88,-0.7089088672111797,0.16135969935913008,0.7756901622134542,3.3965588024892543,-0.9284045525171283,True,0.411555552,335.43,1.9996237240099033,-0.1746609188389856,0.083,0.0142822265625,1789571274.8681934,23.746593475323152,4.24764062882242,124.57733349535089,-64.2056,-0.1250320287107794,0.46930083974703307,0.41988258479853585,0.4594171887573336,0.04941825494849722,0.1411950141385635,translation,595.3421592712402,620,1080.3551200796217,0,False,0,5882,4962,-0.10648459,-0.021345258,12.33693,10,1.04,True,"[{""service_id"":""local_1s_tight"",""label"":""Immediate motion"",""family"":""local_relative_motion"",""horizon_s"":1.0,""position_tolerance_m"":0.1,""heading_tolerance_deg"":2.0,""maximum_aoi_s"":0.6,""position_error_m"":null,""heading_error_deg"":null,""aoi_s"":0.0142822265625,""position_margin_m"":null,""heading_margin_deg"":null,""freshness_margin_s"":null,""normalized_margin"":null,""observable"":false,""raw_pass"":false,""reason"":""no synchronized 1 s window"",""status"":""unobservable"",""observed_evaluations"":0,""satisfaction_fraction"":null},{""service_id"":""local_5s_moderate"",""label"":""Short prediction"",""family"":""local_relative_motion"",""horizon_s"":5.0,""position_tolerance_m"":0.2,""heading_tolerance_deg"":5.0,""maximum_aoi_s"":1.0,""position_error_m"":null,""heading_error_deg"":null,""aoi_s"":0.0142822265625,""position_margin_m"":null,""heading_margin_deg"":null,""freshness_margin_s"":null,""normalized_margin"":null,""observable"":false,""raw_pass"":false,""reason"":""no synchronized 5 s window"",""status"":""unobservable"",""observed_evaluations"":0,""satisfaction_fraction"":null},{""service_id"":""local_10s_preview"",""label"":""Planning support"",""family"":""local_relative_motion"",""horizon_s"":10.0,""position_tolerance_m"":0.5,""heading_tolerance_deg"":10.0,""maximum_aoi_s"":1.5,""position_error_m"":null,""heading_error_deg"":null,""aoi_s"":0.0142822265625,""position_margin_m"":null,""heading_margin_deg"":null,""freshness_margin_s"":null,""normalized_margin"":null,""observable"":false,""raw_pass"":false,""reason"":""no synchronized 10 s window"",""status"":""unobservable"",""observed_evaluations"":0,""satisfaction_fraction"":null},{""service_id"":""global_state_tracking"",""label"":""Global asset tracking"",""family"":""global_synchronization"",""horizon_s"":0.0,""position_tolerance_m"":1.0,""heading_tolerance_deg"":5.0,""maximum_aoi_s"":1.0,""position_error_m"":4.24764062882242,""heading_error_deg"":124.57733349535089,""aoi_s"":0.0142822265625,""position_margin_m"":-3.2476406288224204,""heading_margin_deg"":-119.57733349535089,""freshness_margin_s"":0.9857177734375,""normalized_margin"":-23.915466699070176,""observable"":true,""raw_pass"":false,""reason"":""position tolerance, heading tolerance"",""status"":""withdrawn"",""observed_evaluations"":44,""satisfaction_fraction"":0.045454545454545456}]",economy,2.0,1.0307000484317541
57.32600000000008,361.129,1789571636.1325753,89,-0.7225807076390209,0.14487251323551176,0.9812667047387764,3.987611429018746,-1.4850020066601677,True,0.411555552,335.43,1.9996237240099033,0.030915623686336602,0.059,0.13538193702697754,1789571274.8681934,121.09958457944003,4.984215175415065,112.79866524175823,-67.99411,-0.03528561600417722,0.36609863407106147,0.22898719786165603,0.33867634682918035,0.13711143620940544,0.3917469605983013,low-motion,705.838680267334,617,1057.8874670689445,0,False,0,6172,4964,-0.039285307,0.0,12.33693,9,1.08,True,"[{""service_id"":""local_1s_tight"",""label"":""Immediate motion"",""family"":""local_relative_motion"",""horizon_s"":1.0,""position_tolerance_m"":0.1,""heading_tolerance_deg"":2.0,""maximum_aoi_s"":0.6,""position_error_m"":null,""heading_error_deg"":null,""aoi_s"":0.13538193702697754,""position_margin_m"":null,""heading_margin_deg"":null,""freshness_margin_s"":null,""normalized_margin"":null,""observable"":false,""raw_pass"":false,""reason"":""no synchronized 1 s window"",""status"":""unobservable"",""observed_evaluations"":0,""satisfaction_fraction"":null},{""service_id"":""local_5s_moderate"",""label"":""Short prediction"",""family"":""local_relative_motion"",""horizon_s"":5.0,""position_tolerance_m"":0.2,""heading_tolerance_deg"":5.0,""maximum_aoi_s"":1.0,""position_error_m"":null,""heading_error_deg"":null,""aoi_s"":0.13538193702697754,""position_margin_m"":null,""heading_margin_deg"":null,""freshness_margin_s"":null,""normalized_margin"":null,""observable"":false,""raw_pass"":false,""reason"":""no synchronized 5 s window"",""status"":""unobservable"",""observed_evaluations"":0,""satisfaction_fraction"":null},{""service_id"":""local_10s_preview"",""label"":""Planning support"",""family"":""local_relative_motion"",""horizon_s"":10.0,""position_tolerance_m"":0.5,""heading_tolerance_deg"":10.0,""maximum_aoi_s"":1.5,""position_error_m"":null,""heading_error_deg"":null,""aoi_s"":0.13538193702697754,""position_margin_m"":null,""heading_margin_deg"":null,""freshness_margin_s"":null,""normalized_margin"":null,""observable"":false,""raw_pass"":false,""reason"":""no synchronized 10 s window"",""status"":""unobservable"",""observed_evaluations"":0,""satisfaction_fraction"":null},{""service_id"":""global_state_tracking"",""label"":""Global asset tracking"",""family"":""global_synchronization"",""horizon_s"":0.0,""position_tolerance_m"":1.0,""heading_tolerance_deg"":5.0,""maximum_aoi_s"":1.0,""position_error_m"":4.984215175415065,""heading_error_deg"":112.79866524175823,""aoi_s"":0.13538193702697754,""position_margin_m"":-3.9842151754150654,""heading_margin_deg"":-107.79866524175823,""freshness_margin_s"":0.8646180629730225,""normalized_margin"":-21.559733048351646,""observable"":true,""raw_pass"":false,""reason"":""position tolerance, heading tolerance"",""status"":""withdrawn"",""observed_evaluations"":45,""satisfaction_fraction"":0.044444444444444446}]",economy,2.0,0.806500087492168
58.04700000000008,361.85,1789571636.735404,90,-0.7290106559436336,0.1336780429192398,1.1175803370518969,3.987611429018746,-1.4850020066601677,True,0.411555552,335.43,1.9996237240099033,0.16722925599945704,0.779,0.017210721969604492,1789571274.8681934,118.17125892639524,4.9866470694507,104.9884694201183,-72.46714,-0.017905272970182275,0.18835264136943877,0.19189895125677653,0.1890619033469063,0.0035463098873377563,0.010132313963822161,low-motion,576.9252777099609,619,1087.7523197979722,0,False,0,6348,4964,-0.018807841,0.0,12.33693,9,1.08,True,"[{""service_id"":""local_1s_tight"",""label"":""Immediate motion"",""family"":""local_relative_motion"",""horizon_s"":1.0,""position_tolerance_m"":0.1,""heading_tolerance_deg"":2.0,""maximum_aoi_s"":0.6,""position_error_m"":0.012909701811501497,""heading_error_deg"":7.8101958216399225,""aoi_s"":0.017210721969604492,""position_margin_m"":0.0870902981884985,""heading_margin_deg"":-5.8101958216399225,""freshness_margin_s"":0.5827892780303955,""normalized_margin"":-2.9050979108199613,""observable"":true,""raw_pass"":false,""reason"":""heading tolerance"",""status"":""withdrawn"",""observed_evaluations"":1,""satisfaction_fraction"":0.0},{""service_id"":""local_5s_moderate"",""label"":""Short prediction"",""family"":""local_relative_motion"",""horizon_s"":5.0,""position_tolerance_m"":0.2,""heading_tolerance_deg"":5.0,""maximum_aoi_s"":1.0,""position_error_m"":null,""heading_error_deg"":null,""aoi_s"":0.017210721969604492,""position_margin_m"":null,""heading_margin_deg"":null,""freshness_margin_s"":null,""normalized_margin"":null,""observable"":false,""raw_pass"":false,""reason"":""no synchronized 5 s window"",""status"":""unobservable"",""observed_evaluations"":0,""satisfaction_fraction"":null},{""service_id"":""local_10s_preview"",""label"":""Planning support"",""family"":""local_relative_motion"",""horizon_s"":10.0,""position_tolerance_m"":0.5,""heading_tolerance_deg"":10.0,""maximum_aoi_s"":1.5,""position_error_m"":null,""heading_error_deg"":null,""aoi_s"":0.017210721969604492,""position_margin_m"":null,""heading_margin_deg"":null,""freshness_margin_s"":null,""normalized_margin"":null,""observable"":false,""raw_pass"":false,""reason"":""no synchronized 10 s window"",""status"":""unobservable"",""observed_evaluations"":0,""satisfaction_fraction"":null},{""service_id"":""global_state_tracking"",""label"":""Global asset tracking"",""family"":""global_synchronization"",""horizon_s"":0.0,""position_tolerance_m"":1.0,""heading_tolerance_deg"":5.0,""maximum_aoi_s"":1.0,""position_error_m"":4.9866470694507,""heading_error_deg"":104.9884694201183,""aoi_s"":0.017210721969604492,""position_margin_m"":-3.9866470694507,""heading_margin_deg"":-99.9884694201183,""freshness_margin_s"":0.9827892780303955,""normalized_margin"":-19.99769388402366,""observable"":true,""raw_pass"":false,""reason"":""position tolerance, heading tolerance"",""status"":""withdrawn"",""observed_evaluations"":46,""satisfaction_fraction"":0.043478260869565216}]",economy,2.0,0.7161000976338983
58.63300000000004,362.436,1789571637.459073,91,-0.7311875591072097,0.1289469519212826,1.1615250459917483,4.430679365716305,-1.2990984574731235,True,0.108033332,335.43,,,0.035,0.15487957000732422,1789571274.8681934,137.66905212406755,5.355761742355554,,-77.96932,-0.008887186129156401,0.09348782252892991,0.0010035643198967395,0.07499097088712328,0.09248425820903317,0.26424073774009477,low-motion,707.5483798980713,600,1071.6761220481394,0,False,0,6419,4964,0.0,0.0,12.33693,10,1.03,False,"[{""service_id"":""local_1s_tight"",""label"":""Immediate motion"",""family"":""local_relative_motion"",""horizon_s"":1.0,""position_tolerance_m"":0.1,""heading_tolerance_deg"":2.0,""maximum_aoi_s"":0.6,""position_error_m"":null,""heading_error_deg"":null,""aoi_s"":0.15487957000732422,""position_margin_m"":null,""heading_margin_deg"":null,""freshness_margin_s"":null,""normalized_margin"":null,""observable"":false,""raw_pass"":false,""reason"":""GPS course unobservable at low speed"",""status"":""unobservable"",""observed_evaluations"":1,""satisfaction_fraction"":0.0},{""service_id"":""local_5s_moderate"",""label"":""Short prediction"",""family"":""local_relative_motion"",""horizon_s"":5.0,""position_tolerance_m"":0.2,""heading_tolerance_deg"":5.0,""maximum_aoi_s"":1.0,""position_error_m"":null,""heading_error_deg"":null,""aoi_s"":0.15487957000732422,""position_margin_m"":null,""heading_margin_deg"":null,""freshness_margin_s"":null,""normalized_margin"":null,""observable"":false,""raw_pass"":false,""reason"":""GPS course unobservable at low speed"",""status"":""unobservable"",""observed_evaluations"":0,""satisfaction_fraction"":null},{""service_id"":""local_10s_preview"",""label"":""Planning support"",""family"":""local_relative_motion"",""horizon_s"":10.0,""position_tolerance_m"":0.5,""heading_tolerance_deg"":10.0,""maximum_aoi_s"":1.5,""position_error_m"":null,""heading_error_deg"":null,""aoi_s"":0.15487957000732422,""position_margin_m"":null,""heading_margin_deg"":null,""freshness_margin_s"":null,""normalized_margin"":null,""observable"":false,""raw_pass"":false,""reason"":""GPS course unobservable at low speed"",""status"":""unobservable"",""observed_evaluations"":0,""satisfaction_fraction"":null},{""service_id"":""global_state_tracking"",""label"":""Global asset tracking"",""family"":""global_synchronization"",""horizon_s"":0.0,""position_tolerance_m"":1.0,""heading_tolerance_deg"":5.0,""maximum_aoi_s"":1.0,""position_error_m"":5.355761742355554,""heading_error_deg"":null,""aoi_s"":0.15487957000732422,""position_margin_m"":-4.355761742355554,""heading_margin_deg"":null,""freshness_margin_s"":0.8451204299926758,""normalized_margin"":-4.355761742355554,""observable"":true,""raw_pass"":false,""reason"":""position tolerance"",""status"":""withdrawn"",""observed_evaluations"":47,""satisfaction_fraction"":0.0425531914893617}]",economy,2.0,0.4830999532714486
59.38300000000004,363.186,1789571638.0703068,92,-0.7311875591072097,0.1289469519212826,1.1615119560223581,5.020845856929002,-1.2990984574731235,True,0.108033332,335.43,,,0.068,0.01611328125,1789571274.8681934,138.76628875732422,5.92665184657321,,-84.92214,-0.0,0.0,-8.726646259971648e-05,-1.7453292519943296e-05,8.726646259971648e-05,0.00024933275028490425,low-motion,570.2764987945557,602,1061.3362444422357,0,False,0,6419,4964,0.0,0.0,12.33693,10,1.03,False,"[{""service_id"":""local_1s_tight"",""label"":""Immediate motion"",""family"":""local_relative_motion"",""horizon_s"":1.0,""position_tolerance_m"":0.1,""heading_tolerance_deg"":2.0,""maximum_aoi_s"":0.6,""position_error_m"":null,""heading_error_deg"":null,""aoi_s"":0.01611328125,""position_margin_m"":null,""heading_margin_deg"":null,""freshness_margin_s"":null,""normalized_margin"":null,""observable"":false,""raw_pass"":false,""reason"":""GPS course unobservable at low speed"",""status"":""unobservable"",""observed_evaluations"":1,""satisfaction_fraction"":0.0},{""service_id"":""local_5s_moderate"",""label"":""Short prediction"",""family"":""local_relative_motion"",""horizon_s"":5.0,""position_tolerance_m"":0.2,""heading_tolerance_deg"":5.0,""maximum_aoi_s"":1.0,""position_error_m"":null,""heading_error_deg"":null,""aoi_s"":0.01611328125,""position_margin_m"":null,""heading_margin_deg"":null,""freshness_margin_s"":null,""normalized_margin"":null,""observable"":false,""raw_pass"":false,""reason"":""GPS course unobservable at low speed"",""status"":""unobservable"",""observed_evaluations"":0,""satisfaction_fraction"":null},{""service_id"":""local_10s_preview"",""label"":""Planning support"",""family"":""local_relative_motion"",""horizon_s"":10.0,""position_tolerance_m"":0.5,""heading_tolerance_deg"":10.0,""maximum_aoi_s"":1.5,""position_error_m"":null,""heading_error_deg"":null,""aoi_s"":0.01611328125,""position_margin_m"":null,""heading_margin_deg"":null,""freshness_margin_s"":null,""normalized_margin"":null,""observable"":false,""raw_pass"":false,""reason"":""GPS course unobservable at low speed"",""status"":""unobservable"",""observed_evaluations"":0,""satisfaction_fraction"":null},{""service_id"":""global_state_tracking"",""label"":""Global asset tracking"",""family"":""global_synchronization"",""horizon_s"":0.0,""position_tolerance_m"":1.0,""heading_tolerance_deg"":5.0,""maximum_aoi_s"":1.0,""position_error_m"":5.92665184657321,""heading_error_deg"":null,""aoi_s"":0.01611328125,""position_margin_m"":-4.92665184657321,""heading_margin_deg"":null,""freshness_margin_s"":0.98388671875,""normalized_margin"":-4.92665184657321,""observable"":true,""raw_pass"":false,""reason"":""position tolerance"",""status"":""withdrawn"",""observed_evaluations"":48,""satisfaction_fraction"":0.041666666666666664}]",economy,2.0,0.6192999426275492
59.988000000000056,363.791,1789571638.7121892,93,-0.7311875591072097,0.1289469519212826,1.1611054252063369,5.020845856929002,-1.2990984574731235,True,0.133755554,335.43,,,0.059,0.052995920181274414,1789571274.8681934,36.88241958616345,5.92665184657321,,-88.48672,-0.0,0.0,-0.0033597588100890844,-0.000671951762017817,0.0033597588100890844,0.009599310885968814,low-motion,619.0686225891113,605,1084.6902767525391,0,False,0,6419,4964,0.0,0.0,12.33693,10,1.03,False,"[{""service_id"":""local_1s_tight"",""label"":""Immediate motion"",""family"":""local_relative_motion"",""horizon_s"":1.0,""position_tolerance_m"":0.1,""heading_tolerance_deg"":2.0,""maximum_aoi_s"":0.6,""position_error_m"":null,""heading_error_deg"":null,""aoi_s"":0.052995920181274414,""position_margin_m"":null,""heading_margin_deg"":null,""freshness_margin_s"":null,""normalized_margin"":null,""observable"":false,""raw_pass"":false,""reason"":""GPS course unobservable at low speed"",""status"":""unobservable"",""observed_evaluations"":1,""satisfaction_fraction"":0.0},{""service_id"":""local_5s_moderate"",""label"":""Short prediction"",""family"":""local_relative_motion"",""horizon_s"":5.0,""position_tolerance_m"":0.2,""heading_tolerance_deg"":5.0,""maximum_aoi_s"":1.0,""position_error_m"":null,""heading_error_deg"":null,""aoi_s"":0.052995920181274414,""position_margin_m"":null,""heading_margin_deg"":null,""freshness_margin_s"":null,""normalized_margin"":null,""observable"":false,""raw_pass"":false,""reason"":""GPS course unobservable at low speed"",""status"":""unobservable"",""observed_evaluations"":0,""satisfaction_fraction"":null},{""service_id"":""local_10s_preview"",""label"":""Planning support"",""family"":""local_relative_motion"",""horizon_s"":10.0,""position_tolerance_m"":0.5,""heading_tolerance_deg"":10.0,""maximum_aoi_s"":1.5,""position_error_m"":null,""heading_error_deg"":null,""aoi_s"":0.052995920181274414,""position_margin_m"":null,""heading_margin_deg"":null,""freshness_margin_s"":null,""normalized_margin"":null,""observable"":false,""raw_pass"":false,""reason"":""GPS course unobservable at low speed"",""status"":""unobservable"",""observed_evaluations"":0,""satisfaction_fraction"":null},{""service_id"":""global_state_tracking"",""label"":""Global asset tracking"",""family"":""global_synchronization"",""horizon_s"":0.0,""position_tolerance_m"":1.0,""heading_tolerance_deg"":5.0,""maximum_aoi_s"":1.0,""position_error_m"":5.92665184657321,""heading_error_deg"":null,""aoi_s"":0.052995920181274414,""position_margin_m"":-4.92665184657321,""heading_margin_deg"":null,""freshness_margin_s"":0.9470040798187256,""normalized_margin"":-4.92665184657321,""observable"":true,""raw_pass"":false,""reason"":""position tolerance"",""status"":""withdrawn"",""observed_evaluations"":49,""satisfaction_fraction"":0.04081632653061224}]",economy,2.0,0.6478000432252884
60.662000000000035,364.465,1789571639.337829,94,-0.7311875591072097,0.1289469519212826,1.1612407056766587,5.46391379362656,-1.4850020066601677,True,0.17491111,335.43,,,0.123,0.004635810852050781,1789571274.8681934,48.36008453366958,6.40188347375598,,-92.07845,-0.0,0.0,0.0010035643198967395,0.00020071286397934792,0.0010035643198967395,0.0028673266282763987,low-motion,611.3021373748779,603,1076.0341324449798,0,False,0,6419,4964,0.0,0.0,12.33693,10,1.03,False,"[{""service_id"":""local_1s_tight"",""label"":""Immediate motion"",""family"":""local_relative_motion"",""horizon_s"":1.0,""position_tolerance_m"":0.1,""heading_tolerance_deg"":2.0,""maximum_aoi_s"":0.6,""position_error_m"":null,""heading_error_deg"":null,""aoi_s"":0.004635810852050781,""position_margin_m"":null,""heading_margin_deg"":null,""freshness_margin_s"":null,""normalized_margin"":null,""observable"":false,""raw_pass"":false,""reason"":""GPS course unobservable at low speed"",""status"":""unobservable"",""observed_evaluations"":1,""satisfaction_fraction"":0.0},{""service_id"":""local_5s_moderate"",""label"":""Short prediction"",""family"":""local_relative_motion"",""horizon_s"":5.0,""position_tolerance_m"":0.2,""heading_tolerance_deg"":5.0,""maximum_aoi_s"":1.0,""position_error_m"":null,""heading_error_deg"":null,""aoi_s"":0.004635810852050781,""position_margin_m"":null,""heading_margin_deg"":null,""freshness_margin_s"":null,""normalized_margin"":null,""observable"":false,""raw_pass"":false,""reason"":""GPS course unobservable at low speed"",""status"":""unobservable"",""observed_evaluations"":0,""satisfaction_fraction"":null},{""service_id"":""local_10s_preview"",""label"":""Planning support"",""family"":""local_relative_motion"",""horizon_s"":10.0,""position_tolerance_m"":0.5,""heading_tolerance_deg"":10.0,""maximum_aoi_s"":1.5,""position_error_m"":null,""heading_error_deg"":null,""aoi_s"":0.004635810852050781,""position_margin_m"":null,""heading_margin_deg"":null,""freshness_margin_s"":null,""normalized_margin"":null,""observable"":false,""raw_pass"":false,""reason"":""GPS course unobservable at low speed"",""status"":""unobservable"",""observed_evaluations"":0,""satisfaction_fraction"":null},{""service_id"":""global_state_tracking"",""label"":""Global asset tracking"",""family"":""global_synchronization"",""horizon_s"":0.0,""position_tolerance_m"":1.0,""heading_tolerance_deg"":5.0,""maximum_aoi_s"":1.0,""position_error_m"":6.40188347375598,""heading_error_deg"":null,""aoi_s"":0.004635810852050781,""position_margin_m"":-5.40188347375598,""heading_margin_deg"":null,""freshness_margin_s"":0.9953641891479492,""normalized_margin"":-5.40188347375598,""observable"":true,""raw_pass"":false,""reason"":""position tolerance"",""status"":""withdrawn"",""observed_evaluations"":50,""satisfaction_fraction"":0.04}]",economy,2.0,0.39409997407346964
61.263000000000034,365.066,1789571639.9402647,95,-0.7311875591072097,0.1289469519212826,1.1599190376472936,5.16883054802021,-1.4850020066601677,True,0.17491111,335.43,,,0.025,0.006071329116821289,1789571274.8681934,1.4355888366708314,6.116783869431514,,-92.78745,-0.0,0.0,-0.010995574287564275,-0.0021991148575128553,0.010995574287564275,0.031415926535897934,low-motion,580.5449485778809,598,1072.3602853124275,0,False,0,6419,4964,0.0,0.0,12.33693,10,1.03,False,"[{""service_id"":""local_1s_tight"",""label"":""Immediate motion"",""family"":""local_relative_motion"",""horizon_s"":1.0,""position_tolerance_m"":0.1,""heading_tolerance_deg"":2.0,""maximum_aoi_s"":0.6,""position_error_m"":null,""heading_error_deg"":null,""aoi_s"":0.006071329116821289,""position_margin_m"":null,""heading_margin_deg"":null,""freshness_margin_s"":null,""normalized_margin"":null,""observable"":false,""raw_pass"":false,""reason"":""GPS course unobservable at low speed"",""status"":""unobservable"",""observed_evaluations"":1,""satisfaction_fraction"":0.0},{""service_id"":""local_5s_moderate"",""label"":""Short prediction"",""family"":""local_relative_motion"",""horizon_s"":5.0,""position_tolerance_m"":0.2,""heading_tolerance_deg"":5.0,""maximum_aoi_s"":1.0,""position_error_m"":null,""heading_error_deg"":null,""aoi_s"":0.006071329116821289,""position_margin_m"":null,""heading_margin_deg"":null,""freshness_margin_s"":null,""normalized_margin"":null,""observable"":false,""raw_pass"":false,""reason"":""GPS course unobservable at low speed"",""status"":""unobservable"",""observed_evaluations"":0,""satisfaction_fraction"":null},{""service_id"":""local_10s_preview"",""label"":""Planning support"",""family"":""local_relative_motion"",""horizon_s"":10.0,""position_tolerance_m"":0.5,""heading_tolerance_deg"":10.0,""maximum_aoi_s"":1.5,""position_error_m"":null,""heading_error_deg"":null,""aoi_s"":0.006071329116821289,""position_margin_m"":null,""heading_margin_deg"":null,""freshness_margin_s"":null,""normalized_margin"":null,""observable"":false,""raw_pass"":false,""reason"":""GPS course unobservable at low speed"",""status"":""unobservable"",""observed_evaluations"":0,""satisfaction_fraction"":null},{""service_id"":""global_state_tracking"",""label"":""Global asset tracking"",""family"":""global_synchronization"",""horizon_s"":0.0,""position_tolerance_m"":1.0,""heading_tolerance_deg"":5.0,""maximum_aoi_s"":1.0,""position_error_m"":6.116783869431514,""heading_error_deg"":null,""aoi_s"":0.006071329116821289,""position_margin_m"":-5.116783869431514,""heading_margin_deg"":null,""freshness_margin_s"":0.9939286708831787,""normalized_margin"":-5.116783869431514,""observable"":true,""raw_pass"":false,""reason"":""position tolerance"",""status"":""withdrawn"",""observed_evaluations"":51,""satisfaction_fraction"":0.0392156862745098}]",economy,2.0,0.32890005968511105
61.84000000000003,365.643,1789571640.739467,96,-0.7311875591072097,0.1289469519212826,1.1597830852252091,5.16883054802021,-1.4850020066601677,True,0.164622221,335.43,,,0.027,0.22827363014221191,1789571274.8681934,222.20220375061217,6.116783869431514,,-92.65781,-0.0,0.0,-0.0011780972450961724,-0.0002356194490192345,0.0011780972450961724,0.003365992128846207,low-motion,781.6042900085449,598,1051.0340565171416,0,False,0,6419,4964,0.0,0.0,12.33693,10,1.03,False,"[{""service_id"":""local_1s_tight"",""label"":""Immediate motion"",""family"":""local_relative_motion"",""horizon_s"":1.0,""position_tolerance_m"":0.1,""heading_tolerance_deg"":2.0,""maximum_aoi_s"":0.6,""position_error_m"":null,""heading_error_deg"":null,""aoi_s"":0.22827363014221191,""position_margin_m"":null,""heading_margin_deg"":null,""freshness_margin_s"":null,""normalized_margin"":null,""observable"":false,""raw_pass"":false,""reason"":""GPS course unobservable at low speed"",""status"":""unobservable"",""observed_evaluations"":1,""satisfaction_fraction"":0.0},{""service_id"":""local_5s_moderate"",""label"":""Short prediction"",""family"":""local_relative_motion"",""horizon_s"":5.0,""position_tolerance_m"":0.2,""heading_tolerance_deg"":5.0,""maximum_aoi_s"":1.0,""position_error_m"":null,""heading_error_deg"":null,""aoi_s"":0.22827363014221191,""position_margin_m"":null,""heading_margin_deg"":null,""freshness_margin_s"":null,""normalized_margin"":null,""observable"":false,""raw_pass"":false,""reason"":""GPS course unobservable at low speed"",""status"":""unobservable"",""observed_evaluations"":0,""satisfaction_fraction"":null},{""service_id"":""local_10s_preview"",""label"":""Planning support"",""family"":""local_relative_motion"",""horizon_s"":10.0,""position_tolerance_m"":0.5,""heading_tolerance_deg"":10.0,""maximum_aoi_s"":1.5,""position_error_m"":null,""heading_error_deg"":null,""aoi_s"":0.22827363014221191,""position_margin_m"":null,""heading_margin_deg"":null,""freshness_margin_s"":null,""normalized_margin"":null,""observable"":false,""raw_pass"":false,""reason"":""GPS course unobservable at low speed"",""status"":""unobservable"",""observed_evaluations"":0,""satisfaction_fraction"":null},{""service_id"":""global_state_tracking"",""label"":""Global asset tracking"",""family"":""global_synchronization"",""horizon_s"":0.0,""position_tolerance_m"":1.0,""heading_tolerance_deg"":5.0,""maximum_aoi_s"":1.0,""position_error_m"":6.116783869431514,""heading_error_deg"":null,""aoi_s"":0.22827363014221191,""position_margin_m"":-5.116783869431514,""heading_margin_deg"":null,""freshness_margin_s"":0.7717263698577881,""normalized_margin"":-5.116783869431514,""observable"":true,""raw_pass"":false,""reason"":""position tolerance"",""status"":""withdrawn"",""observed_evaluations"":52,""satisfaction_fraction"":0.038461538461538464}]",normal,5.0,0.49679994117468596
62.65600000000006,366.459,1789571641.3504384,97,-0.7311875591072097,0.1289469519212826,1.1599468669222164,5.3168152391114205,-1.4850020066601677,True,0.164622221,335.43,,,0.135,0.023244857788085938,1789571274.8681934,205.02854919436686,6.25964608329948,,-94.01999,-0.0,0.0,0.0010035643198967395,0.00020071286397934792,0.0010035643198967395,0.0028673266282763987,low-motion,588.6764526367188,611,1047.8795263094623,0,False,0,6419,4964,0.0,0.0,12.33693,10,1.03,False,"[{""service_id"":""local_1s_tight"",""label"":""Immediate motion"",""family"":""local_relative_motion"",""horizon_s"":1.0,""position_tolerance_m"":0.1,""heading_tolerance_deg"":2.0,""maximum_aoi_s"":0.6,""position_error_m"":null,""heading_error_deg"":null,""aoi_s"":0.023244857788085938,""position_margin_m"":null,""heading_margin_deg"":null,""freshness_margin_s"":null,""normalized_margin"":null,""observable"":false,""raw_pass"":false,""reason"":""GPS course unobservable at low speed"",""status"":""unobservable"",""observed_evaluations"":1,""satisfaction_fraction"":0.0},{""service_id"":""local_5s_moderate"",""label"":""Short prediction"",""family"":""local_relative_motion"",""horizon_s"":5.0,""position_tolerance_m"":0.2,""heading_tolerance_deg"":5.0,""maximum_aoi_s"":1.0,""position_error_m"":null,""heading_error_deg"":null,""aoi_s"":0.023244857788085938,""position_margin_m"":null,""heading_margin_deg"":null,""freshness_margin_s"":null,""normalized_margin"":null,""observable"":false,""raw_pass"":false,""reason"":""GPS course unobservable at low speed"",""status"":""unobservable"",""observed_evaluations"":0,""satisfaction_fraction"":null},{""service_id"":""local_10s_preview"",""label"":""Planning support"",""family"":""local_relative_motion"",""horizon_s"":10.0,""position_tolerance_m"":0.5,""heading_tolerance_deg"":10.0,""maximum_aoi_s"":1.5,""position_error_m"":null,""heading_error_deg"":null,""aoi_s"":0.023244857788085938,""position_margin_m"":null,""heading_margin_deg"":null,""freshness_margin_s"":null,""normalized_margin"":null,""observable"":false,""raw_pass"":false,""reason"":""GPS course unobservable at low speed"",""status"":""unobservable"",""observed_evaluations"":0,""satisfaction_fraction"":null},{""service_id"":""global_state_tracking"",""label"":""Global asset tracking"",""family"":""global_synchronization"",""horizon_s"":0.0,""position_tolerance_m"":1.0,""heading_tolerance_deg"":5.0,""maximum_aoi_s"":1.0,""position_error_m"":6.25964608329948,""heading_error_deg"":null,""aoi_s"":0.023244857788085938,""position_margin_m"":-5.25964608329948,""heading_margin_deg"":null,""freshness_margin_s"":0.9767551422119141,""normalized_margin"":-5.25964608329948,""observable"":true,""raw_pass"":false,""reason"":""position tolerance"",""status"":""withdrawn"",""observed_evaluations"":53,""satisfaction_fraction"":0.03773584905660377}]",normal,5.0,0.6793000502511859
63.277000000000044,367.08,1789571642.0643475,98,-0.7311875591072097,0.1289469519212826,1.1608843967098643,5.3168152391114205,-1.4850020066601677,True,0.123466666,335.43,,,0.04,0.11615419387817383,1789571274.8681934,92.90914916994097,6.25964608329948,,-93.84528,-0.0,0.0,0.007548549014875475,0.001509709802975095,0.007548549014875475,0.021567282899644217,low-motion,692.817211151123,610,1048.146003910453,0,False,0,6419,4964,0.0,0.0,12.33693,10,1.03,False,"[{""service_id"":""local_1s_tight"",""label"":""Immediate motion"",""family"":""local_relative_motion"",""horizon_s"":1.0,""position_tolerance_m"":0.1,""heading_tolerance_deg"":2.0,""maximum_aoi_s"":0.6,""position_error_m"":null,""heading_error_deg"":null,""aoi_s"":0.11615419387817383,""position_margin_m"":null,""heading_margin_deg"":null,""freshness_margin_s"":null,""normalized_margin"":null,""observable"":false,""raw_pass"":false,""reason"":""GPS course unobservable at low speed"",""status"":""unobservable"",""observed_evaluations"":1,""satisfaction_fraction"":0.0},{""service_id"":""local_5s_moderate"",""label"":""Short prediction"",""family"":""local_relative_motion"",""horizon_s"":5.0,""position_tolerance_m"":0.2,""heading_tolerance_deg"":5.0,""maximum_aoi_s"":1.0,""position_error_m"":null,""heading_error_deg"":null,""aoi_s"":0.11615419387817383,""position_margin_m"":null,""heading_margin_deg"":null,""freshness_margin_s"":null,""normalized_margin"":null,""observable"":false,""raw_pass"":false,""reason"":""GPS course unobservable at low speed"",""status"":""unobservable"",""observed_evaluations"":0,""satisfaction_fraction"":null},{""service_id"":""local_10s_preview"",""label"":""Planning support"",""family"":""local_relative_motion"",""horizon_s"":10.0,""position_tolerance_m"":0.5,""heading_tolerance_deg"":10.0,""maximum_aoi_s"":1.5,""position_error_m"":null,""heading_error_deg"":null,""aoi_s"":0.11615419387817383,""position_margin_m"":null,""heading_margin_deg"":null,""freshness_margin_s"":null,""normalized_margin"":null,""observable"":false,""raw_pass"":false,""reason"":""GPS course unobservable at low speed"",""status"":""unobservable"",""observed_evaluations"":0,""satisfaction_fraction"":null},{""service_id"":""global_state_tracking"",""label"":""Global asset tracking"",""family"":""global_synchronization"",""horizon_s"":0.0,""position_tolerance_m"":1.0,""heading_tolerance_deg"":5.0,""maximum_aoi_s"":1.0,""position_error_m"":6.25964608329948,""heading_error_deg"":null,""aoi_s"":0.11615419387817383,""position_margin_m"":-5.25964608329948,""heading_margin_deg"":null,""freshness_margin_s"":0.8838458061218262,""normalized_margin"":-5.25964608329948,""observable"":true,""raw_pass"":false,""reason"":""position tolerance"",""status"":""withdrawn"",""observed_evaluations"":54,""satisfaction_fraction"":0.037037037037037035}]",normal,5.0,0.47179998364299536
63.99500000000006,367.798,1789571642.6802506,99,-0.7311875591072097,0.1289469519212826,1.1605585786451016,5.3168152391114205,-1.4850020066601677,True,0.097744444,335.43,,,0.168,0.014057159423828125,1789571274.8681934,102.09686088563785,6.25964608329948,,-93.83604,-0.0,0.0,-0.0022689280275926286,-0.00045378560551852573,0.0022689280275926286,0.006482651507407511,low-motion,586.3142013549805,609,1049.0366346761239,0,False,0,6419,4964,0.0,0.0,12.33693,10,1.03,False,"[{""service_id"":""local_1s_tight"",""label"":""Immediate motion"",""family"":""local_relative_motion"",""horizon_s"":1.0,""position_tolerance_m"":0.1,""heading_tolerance_deg"":2.0,""maximum_aoi_s"":0.6,""position_error_m"":null,""heading_error_deg"":null,""aoi_s"":0.014057159423828125,""position_margin_m"":null,""heading_margin_deg"":null,""freshness_margin_s"":null,""normalized_margin"":null,""observable"":false,""raw_pass"":false,""reason"":""GPS course unobservable at low speed"",""status"":""unobservable"",""observed_evaluations"":1,""satisfaction_fraction"":0.0},{""service_id"":""local_5s_moderate"",""label"":""Short prediction"",""family"":""local_relative_motion"",""horizon_s"":5.0,""position_tolerance_m"":0.2,""heading_tolerance_deg"":5.0,""maximum_aoi_s"":1.0,""position_error_m"":null,""heading_error_deg"":null,""aoi_s"":0.014057159423828125,""position_margin_m"":null,""heading_margin_deg"":null,""freshness_margin_s"":null,""normalized_margin"":null,""observable"":false,""raw_pass"":false,""reason"":""GPS course unobservable at low speed"",""status"":""unobservable"",""observed_evaluations"":0,""satisfaction_fraction"":null},{""service_id"":""local_10s_preview"",""label"":""Planning support"",""family"":""local_relative_motion"",""horizon_s"":10.0,""position_tolerance_m"":0.5,""heading_tolerance_deg"":10.0,""maximum_aoi_s"":1.5,""position_error_m"":null,""heading_error_deg"":null,""aoi_s"":0.014057159423828125,""position_margin_m"":null,""heading_margin_deg"":null,""freshness_margin_s"":null,""normalized_margin"":null,""observable"":false,""raw_pass"":false,""reason"":""GPS course unobservable at low speed"",""status"":""unobservable"",""observed_evaluations"":0,""satisfaction_fraction"":null},{""service_id"":""global_state_tracking"",""label"":""Global asset tracking"",""family"":""global_synchronization"",""horizon_s"":0.0,""position_tolerance_m"":1.0,""heading_tolerance_deg"":5.0,""maximum_aoi_s"":1.0,""position_error_m"":6.25964608329948,""heading_error_deg"":null,""aoi_s"":0.014057159423828125,""position_margin_m"":-5.25964608329948,""heading_margin_deg"":null,""freshness_margin_s"":0.9859428405761719,""normalized_margin"":-5.25964608329948,""observable"":true,""raw_pass"":false,""reason"":""position tolerance"",""status"":""withdrawn"",""observed_evaluations"":55,""satisfaction_fraction"":0.03636363636363636}]",normal,5.0,0.6084999768063426
64.60200000000003,368.405,1789571643.2975702,100,-0.7311875591072097,0.1289469519212826,1.1604155576395474,5.46391379362656,-1.6697923616381458,True,0.061733333,335.43,,,0.056,0.024376869201660156,1789571274.8681934,10.31958389285137,6.450949068841578,,-94.06236,-0.0,0.0,-0.0011780972450961724,-0.0002356194490192345,0.0011780972450961724,0.003365992128846207,low-motion,593.4724807739258,609,1056.182674290297,0,False,0,6419,4964,0.0,0.0,12.33693,10,1.03,False,"[{""service_id"":""local_1s_tight"",""label"":""Immediate motion"",""family"":""local_relative_motion"",""horizon_s"":1.0,""position_tolerance_m"":0.1,""heading_tolerance_deg"":2.0,""maximum_aoi_s"":0.6,""position_error_m"":null,""heading_error_deg"":null,""aoi_s"":0.024376869201660156,""position_margin_m"":null,""heading_margin_deg"":null,""freshness_margin_s"":null,""normalized_margin"":null,""observable"":false,""raw_pass"":false,""reason"":""GPS course unobservable at low speed"",""status"":""unobservable"",""observed_evaluations"":1,""satisfaction_fraction"":0.0},{""service_id"":""local_5s_moderate"",""label"":""Short prediction"",""family"":""local_relative_motion"",""horizon_s"":5.0,""position_tolerance_m"":0.2,""heading_tolerance_deg"":5.0,""maximum_aoi_s"":1.0,""position_error_m"":null,""heading_error_deg"":null,""aoi_s"":0.024376869201660156,""position_margin_m"":null,""heading_margin_deg"":null,""freshness_margin_s"":null,""normalized_margin"":null,""observable"":false,""raw_pass"":false,""reason"":""GPS course unobservable at low speed"",""status"":""unobservable"",""observed_evaluations"":0,""satisfaction_fraction"":null},{""service_id"":""local_10s_preview"",""label"":""Planning support"",""family"":""local_relative_motion"",""horizon_s"":10.0,""position_tolerance_m"":0.5,""heading_tolerance_deg"":10.0,""maximum_aoi_s"":1.5,""position_error_m"":null,""heading_error_deg"":null,""aoi_s"":0.024376869201660156,""position_margin_m"":null,""heading_margin_deg"":null,""freshness_margin_s"":null,""normalized_margin"":null,""observable"":false,""raw_pass"":false,""reason"":""GPS course unobservable at low speed"",""status"":""unobservable"",""observed_evaluations"":0,""satisfaction_fraction"":null},{""service_id"":""global_state_tracking"",""label"":""Global asset tracking"",""family"":""global_synchronization"",""horizon_s"":0.0,""position_tolerance_m"":1.0,""heading_tolerance_deg"":5.0,""maximum_aoi_s"":1.0,""position_error_m"":6.450949068841578,""heading_error_deg"":null,""aoi_s"":0.024376869201660156,""position_margin_m"":-5.450949068841578,""heading_margin_deg"":null,""freshness_margin_s"":0.9756231307983398,""normalized_margin"":-5.450949068841578,""observable"":true,""raw_pass"":false,""reason"":""position tolerance"",""status"":""withdrawn"",""observed_evaluations"":56,""satisfaction_fraction"":0.03571428571428571}]",normal,5.0,0.3296999493613839
65.21200000000005,369.015,1789571644.0245044,101,-0.7311875591072097,0.1289469519212826,1.1602718297756454,5.46391379362656,-1.6697923616381458,True,0.061733333,335.43,,,0.666,0.1413109302520752,1789571274.8681934,116.9341945648057,6.450949068841578,,-93.92649,-0.0,0.0,-0.0011780972450961724,-0.0002356194490192345,0.0011780972450961724,0.003365992128846207,low-motion,711.5297317504883,603,1032.9283937232406,0,False,0,6419,4964,0.0,0.0,12.33693,10,1.03,False,"[{""service_id"":""local_1s_tight"",""label"":""Immediate motion"",""family"":""local_relative_motion"",""horizon_s"":1.0,""position_tolerance_m"":0.1,""heading_tolerance_deg"":2.0,""maximum_aoi_s"":0.6,""position_error_m"":null,""heading_error_deg"":null,""aoi_s"":0.1413109302520752,""position_margin_m"":null,""heading_margin_deg"":null,""freshness_margin_s"":null,""normalized_margin"":null,""observable"":false,""raw_pass"":false,""reason"":""GPS course unobservable at low speed"",""status"":""unobservable"",""observed_evaluations"":1,""satisfaction_fraction"":0.0},{""service_id"":""local_5s_moderate"",""label"":""Short prediction"",""family"":""local_relative_motion"",""horizon_s"":5.0,""position_tolerance_m"":0.2,""heading_tolerance_deg"":5.0,""maximum_aoi_s"":1.0,""position_error_m"":null,""heading_error_deg"":null,""aoi_s"":0.1413109302520752,""position_margin_m"":null,""heading_margin_deg"":null,""freshness_margin_s"":null,""normalized_margin"":null,""observable"":false,""raw_pass"":false,""reason"":""GPS course unobservable at low speed"",""status"":""unobservable"",""observed_evaluations"":0,""satisfaction_fraction"":null},{""service_id"":""local_10s_preview"",""label"":""Planning support"",""family"":""local_relative_motion"",""horizon_s"":10.0,""position_tolerance_m"":0.5,""heading_tolerance_deg"":10.0,""maximum_aoi_s"":1.5,""position_error_m"":null,""heading_error_deg"":null,""aoi_s"":0.1413109302520752,""position_margin_m"":null,""heading_margin_deg"":null,""freshness_margin_s"":null,""normalized_margin"":null,""observable"":false,""raw_pass"":false,""reason"":""GPS course unobservable at low speed"",""status"":""unobservable"",""observed_evaluations"":0,""satisfaction_fraction"":null},{""service_id"":""global_state_tracking"",""label"":""Global asset tracking"",""family"":""global_synchronization"",""horizon_s"":0.0,""position_tolerance_m"":1.0,""heading_tolerance_deg"":5.0,""maximum_aoi_s"":1.0,""position_error_m"":6.450949068841578,""heading_error_deg"":null,""aoi_s"":0.1413109302520752,""position_margin_m"":-5.450949068841578,""heading_margin_deg"":null,""freshness_margin_s"":0.8586890697479248,""normalized_margin"":-5.450949068841578,""observable"":true,""raw_pass"":false,""reason"":""position tolerance"",""status"":""withdrawn"",""observed_evaluations"":57,""satisfaction_fraction"":0.03508771929824561}]",normal,5.0,0.3926000790670514
65.95200000000006,369.755,1789571644.7299242,102,-0.7313052472957273,0.12867818732524364,1.1558524669707877,5.46391379362656,-1.6697923616381458,True,0.005144444,335.43,,,0.056,0.10673069953918457,1789571274.8681934,34.580221176156556,6.45098715550533,,-94.36616,-0.00039648961337534783,-0.004170830909931338,-0.013177235852557189,-0.005972111898456508,0.009006404942625851,0.025732585550359576,low-motion,658.0154895782471,620,1014.2683420139131,0,False,0,6419,4968,0.0,-0.018765618,12.33693,10,1.03,False,"[{""service_id"":""local_1s_tight"",""label"":""Immediate motion"",""family"":""local_relative_motion"",""horizon_s"":1.0,""position_tolerance_m"":0.1,""heading_tolerance_deg"":2.0,""maximum_aoi_s"":0.6,""position_error_m"":null,""heading_error_deg"":null,""aoi_s"":0.10673069953918457,""position_margin_m"":null,""heading_margin_deg"":null,""freshness_margin_s"":null,""normalized_margin"":null,""observable"":false,""raw_pass"":false,""reason"":""GPS course unobservable at low speed"",""status"":""unobservable"",""observed_evaluations"":1,""satisfaction_fraction"":0.0},{""service_id"":""local_5s_moderate"",""label"":""Short prediction"",""family"":""local_relative_motion"",""horizon_s"":5.0,""position_tolerance_m"":0.2,""heading_tolerance_deg"":5.0,""maximum_aoi_s"":1.0,""position_error_m"":null,""heading_error_deg"":null,""aoi_s"":0.10673069953918457,""position_margin_m"":null,""heading_margin_deg"":null,""freshness_margin_s"":null,""normalized_margin"":null,""observable"":false,""raw_pass"":false,""reason"":""GPS course unobservable at low speed"",""status"":""unobservable"",""observed_evaluations"":0,""satisfaction_fraction"":null},{""service_id"":""local_10s_preview"",""label"":""Planning support"",""family"":""local_relative_motion"",""horizon_s"":10.0,""position_tolerance_m"":0.5,""heading_tolerance_deg"":10.0,""maximum_aoi_s"":1.5,""position_error_m"":null,""heading_error_deg"":null,""aoi_s"":0.10673069953918457,""position_margin_m"":null,""heading_margin_deg"":null,""freshness_margin_s"":null,""normalized_margin"":null,""observable"":false,""raw_pass"":false,""reason"":""GPS course unobservable at low speed"",""status"":""unobservable"",""observed_evaluations"":0,""satisfaction_fraction"":null},{""service_id"":""global_state_tracking"",""label"":""Global asset tracking"",""family"":""global_synchronization"",""horizon_s"":0.0,""position_tolerance_m"":1.0,""heading_tolerance_deg"":5.0,""maximum_aoi_s"":1.0,""position_error_m"":6.45098715550533,""heading_error_deg"":null,""aoi_s"":0.10673069953918457,""position_margin_m"":-5.45098715550533,""heading_margin_deg"":null,""freshness_margin_s"":0.8932693004608154,""normalized_margin"":-5.45098715550533,""observable"":true,""raw_pass"":false,""reason"":""position tolerance"",""status"":""withdrawn"",""observed_evaluations"":58,""satisfaction_fraction"":0.034482758620689655}]",normal,5.0,0.6067999638617039
66.65400000000005,370.457,1789571645.3437045,103,-0.7342272394784768,0.12107866571544841,1.251599031977653,5.46391379362656,-1.6697923616381458,True,0.08231111,335.43,,,0.152,0.018511056900024414,1789571274.8681934,88.21973991393861,6.451679727239635,,-79.23371,-0.011598168391257676,0.0450651744328058,0.50169489348577,0.13639111824339864,0.45662971905296423,1.3046563401513265,high wheel-IMU disagreement,597.3591804504395,629,1061.847904251399,0,False,0,6495,5003,-0.107090908,0.042842462,12.33693,10,1.03,False,"[{""service_id"":""local_1s_tight"",""label"":""Immediate motion"",""family"":""local_relative_motion"",""horizon_s"":1.0,""position_tolerance_m"":0.1,""heading_tolerance_deg"":2.0,""maximum_aoi_s"":0.6,""position_error_m"":null,""heading_error_deg"":null,""aoi_s"":0.018511056900024414,""position_margin_m"":null,""heading_margin_deg"":null,""freshness_margin_s"":null,""normalized_margin"":null,""observable"":false,""raw_pass"":false,""reason"":""GPS course unobservable at low speed"",""status"":""unobservable"",""observed_evaluations"":1,""satisfaction_fraction"":0.0},{""service_id"":""local_5s_moderate"",""label"":""Short prediction"",""family"":""local_relative_motion"",""horizon_s"":5.0,""position_tolerance_m"":0.2,""heading_tolerance_deg"":5.0,""maximum_aoi_s"":1.0,""position_error_m"":null,""heading_error_deg"":null,""aoi_s"":0.018511056900024414,""position_margin_m"":null,""heading_margin_deg"":null,""freshness_margin_s"":null,""normalized_margin"":null,""observable"":false,""raw_pass"":false,""reason"":""GPS course unobservable at low speed"",""status"":""unobservable"",""observed_evaluations"":0,""satisfaction_fraction"":null},{""service_id"":""local_10s_preview"",""label"":""Planning support"",""family"":""local_relative_motion"",""horizon_s"":10.0,""position_tolerance_m"":0.5,""heading_tolerance_deg"":10.0,""maximum_aoi_s"":1.5,""position_error_m"":null,""heading_error_deg"":null,""aoi_s"":0.018511056900024414,""position_margin_m"":null,""heading_margin_deg"":null,""freshness_margin_s"":null,""normalized_margin"":null,""observable"":false,""raw_pass"":false,""reason"":""GPS course unobservable at low speed"",""status"":""unobservable"",""observed_evaluations"":0,""satisfaction_fraction"":null},{""service_id"":""global_state_tracking"",""label"":""Global asset tracking"",""family"":""global_synchronization"",""horizon_s"":0.0,""position_tolerance_m"":1.0,""heading_tolerance_deg"":5.0,""maximum_aoi_s"":1.0,""position_error_m"":6.451679727239635,""heading_error_deg"":null,""aoi_s"":0.018511056900024414,""position_margin_m"":-5.451679727239635,""heading_margin_deg"":null,""freshness_margin_s"":0.9814889430999756,""normalized_margin"":-5.451679727239635,""observable"":true,""raw_pass"":false,""reason"":""position tolerance"",""status"":""withdrawn"",""observed_evaluations"":59,""satisfaction_fraction"":0.03389830508474576}]",normal,5.0,0.611600000411272
67.31600000000009,371.119,1789571645.9913511,104,-0.7334239760151845,0.09593224353050485,1.9538588038754616,5.46391379362656,-1.6697923616381458,True,0.08231111,335.43,,,0.082,0.0041577816009521484,1789571274.8681934,14.353334426914444,6.443972285192271,,-39.66523,-0.03800490697391495,1.0058821887085516,1.2805480721882396,1.0608153654044894,0.274665883479688,0.7847596670848229,turning,618.0129051208496,622,1058.6279557896553,0,False,0,7098,4743,-0.136606884,0.097412097,12.30501,10,1.03,False,"[{""service_id"":""local_1s_tight"",""label"":""Immediate motion"",""family"":""local_relative_motion"",""horizon_s"":1.0,""position_tolerance_m"":0.1,""heading_tolerance_deg"":2.0,""maximum_aoi_s"":0.6,""position_error_m"":null,""heading_error_deg"":null,""aoi_s"":0.0041577816009521484,""position_margin_m"":null,""heading_margin_deg"":null,""freshness_margin_s"":null,""normalized_margin"":null,""observable"":false,""raw_pass"":false,""reason"":""GPS course unobservable at low speed"",""status"":""unobservable"",""observed_evaluations"":1,""satisfaction_fraction"":0.0},{""service_id"":""local_5s_moderate"",""label"":""Short prediction"",""family"":""local_relative_motion"",""horizon_s"":5.0,""position_tolerance_m"":0.2,""heading_tolerance_deg"":5.0,""maximum_aoi_s"":1.0,""position_error_m"":null,""heading_error_deg"":null,""aoi_s"":0.0041577816009521484,""position_margin_m"":null,""heading_margin_deg"":null,""freshness_margin_s"":null,""normalized_margin"":null,""observable"":false,""raw_pass"":false,""reason"":""GPS course unobservable at low speed"",""status"":""unobservable"",""observed_evaluations"":0,""satisfaction_fraction"":null},{""service_id"":""local_10s_preview"",""label"":""Planning support"",""family"":""local_relative_motion"",""horizon_s"":10.0,""position_tolerance_m"":0.5,""heading_tolerance_deg"":10.0,""maximum_aoi_s"":1.5,""position_error_m"":null,""heading_error_deg"":null,""aoi_s"":0.0041577816009521484,""position_margin_m"":null,""heading_margin_deg"":null,""freshness_margin_s"":null,""normalized_margin"":null,""observable"":false,""raw_pass"":false,""reason"":""GPS course unobservable at low speed"",""status"":""unobservable"",""observed_evaluations"":0,""satisfaction_fraction"":null},{""service_id"":""global_state_tracking"",""label"":""Global asset tracking"",""family"":""global_synchronization"",""horizon_s"":0.0,""position_tolerance_m"":1.0,""heading_tolerance_deg"":5.0,""maximum_aoi_s"":1.0,""position_error_m"":6.443972285192271,""heading_error_deg"":null,""aoi_s"":0.0041577816009521484,""position_margin_m"":-5.443972285192271,""heading_margin_deg"":null,""freshness_margin_s"":0.9958422183990479,""normalized_margin"":-5.443972285192271,""observable"":true,""raw_pass"":false,""reason"":""position tolerance"",""status"":""withdrawn"",""observed_evaluations"":60,""satisfaction_fraction"":0.03333333333333333}]",normal,5.0,0.3958999877795577
67.90300000000008,371.706,1789571646.7155666,105,-0.7307948262303603,0.09337522577239357,2.7863454660853906,5.46391379362656,-1.6697923616381458,True,0.08231111,335.43,,,0.668,0.1413731575012207,1789571274.8681934,137.21550750733513,6.440743344228578,,-22.39521,-0.006247919801911548,1.3618082660944892,1.6437947227595595,1.4182055574275034,0.2819864566650703,0.8056755904716294,turning,703.9904594421387,622,1058.647176759287,0,False,0,7641,4250,-0.142425838,0.142060841,12.30501,10,1.03,False,"[{""service_id"":""local_1s_tight"",""label"":""Immediate motion"",""family"":""local_relative_motion"",""horizon_s"":1.0,""position_tolerance_m"":0.1,""heading_tolerance_deg"":2.0,""maximum_aoi_s"":0.6,""position_error_m"":null,""heading_error_deg"":null,""aoi_s"":0.1413731575012207,""position_margin_m"":null,""heading_margin_deg"":null,""freshness_margin_s"":null,""normalized_margin"":null,""observable"":false,""raw_pass"":false,""reason"":""GPS course unobservable at low speed"",""status"":""unobservable"",""observed_evaluations"":1,""satisfaction_fraction"":0.0},{""service_id"":""local_5s_moderate"",""label"":""Short prediction"",""family"":""local_relative_motion"",""horizon_s"":5.0,""position_tolerance_m"":0.2,""heading_tolerance_deg"":5.0,""maximum_aoi_s"":1.0,""position_error_m"":null,""heading_error_deg"":null,""aoi_s"":0.1413731575012207,""position_margin_m"":null,""heading_margin_deg"":null,""freshness_margin_s"":null,""normalized_margin"":null,""observable"":false,""raw_pass"":false,""reason"":""GPS course unobservable at low speed"",""status"":""unobservable"",""observed_evaluations"":0,""satisfaction_fraction"":null},{""service_id"":""local_10s_preview"",""label"":""Planning support"",""family"":""local_relative_motion"",""horizon_s"":10.0,""position_tolerance_m"":0.5,""heading_tolerance_deg"":10.0,""maximum_aoi_s"":1.5,""position_error_m"":null,""heading_error_deg"":null,""aoi_s"":0.1413731575012207,""position_margin_m"":null,""heading_margin_deg"":null,""freshness_margin_s"":null,""normalized_margin"":null,""observable"":false,""raw_pass"":false,""reason"":""GPS course unobservable at low speed"",""status"":""unobservable"",""observed_evaluations"":0,""satisfaction_fraction"":null},{""service_id"":""global_state_tracking"",""label"":""Global asset tracking"",""family"":""global_synchronization"",""horizon_s"":0.0,""position_tolerance_m"":1.0,""heading_tolerance_deg"":5.0,""maximum_aoi_s"":1.0,""position_error_m"":6.440743344228578,""heading_error_deg"":null,""aoi_s"":0.1413731575012207,""position_margin_m"":-5.440743344228578,""heading_margin_deg"":null,""freshness_margin_s"":0.8586268424987793,""normalized_margin"":-5.440743344228578,""observable"":true,""raw_pass"":false,""reason"":""position tolerance"",""status"":""withdrawn"",""observed_evaluations"":61,""satisfaction_fraction"":0.03278688524590164}]",economy,2.0,0.6515999557450414
68.65100000000007,372.454,1789571647.3250544,106,-0.7296402282703878,0.09358561169311104,-2.4258688493606995,5.611898484717768,-1.6697923616381458,True,0.061733333,335.43,,,0.063,0.00286102294921875,1789571274.8681934,138.5122280120754,6.582143657286532,,3.357894,-0.001568996331004083,1.4338625247177414,1.4234469046952754,1.4317794007132483,0.010415620022466099,0.029758914349903142,turning,584.1064453125,626,1063.5540816495711,0,False,0,8344,3563,-0.129060236,0.129060236,12.30501,10,1.03,False,"[{""service_id"":""local_1s_tight"",""label"":""Immediate motion"",""family"":""local_relative_motion"",""horizon_s"":1.0,""position_tolerance_m"":0.1,""heading_tolerance_deg"":2.0,""maximum_aoi_s"":0.6,""position_error_m"":null,""heading_error_deg"":null,""aoi_s"":0.00286102294921875,""position_margin_m"":null,""heading_margin_deg"":null,""freshness_margin_s"":null,""normalized_margin"":null,""observable"":false,""raw_pass"":false,""reason"":""GPS course unobservable at low speed"",""status"":""unobservable"",""observed_evaluations"":1,""satisfaction_fraction"":0.0},{""service_id"":""local_5s_moderate"",""label"":""Short prediction"",""family"":""local_relative_motion"",""horizon_s"":5.0,""position_tolerance_m"":0.2,""heading_tolerance_deg"":5.0,""maximum_aoi_s"":1.0,""position_error_m"":null,""heading_error_deg"":null,""aoi_s"":0.00286102294921875,""position_margin_m"":null,""heading_margin_deg"":null,""freshness_margin_s"":null,""normalized_margin"":null,""observable"":false,""raw_pass"":false,""reason"":""GPS course unobservable at low speed"",""status"":""unobservable"",""observed_evaluations"":0,""satisfaction_fraction"":null},{""service_id"":""local_10s_preview"",""label"":""Planning support"",""family"":""local_relative_motion"",""horizon_s"":10.0,""position_tolerance_m"":0.5,""heading_tolerance_deg"":10.0,""maximum_aoi_s"":1.5,""position_error_m"":null,""heading_error_deg"":null,""aoi_s"":0.00286102294921875,""position_margin_m"":null,""heading_margin_deg"":null,""freshness_margin_s"":null,""normalized_margin"":null,""observable"":false,""raw_pass"":false,""reason"":""GPS course unobservable at low speed"",""status"":""unobservable"",""observed_evaluations"":0,""satisfaction_fraction"":null},{""service_id"":""global_state_tracking"",""label"":""Global asset tracking"",""family"":""global_synchronization"",""horizon_s"":0.0,""position_tolerance_m"":1.0,""heading_tolerance_deg"":5.0,""maximum_aoi_s"":1.0,""position_error_m"":6.582143657286532,""heading_error_deg"":null,""aoi_s"":0.00286102294921875,""position_margin_m"":-5.582143657286532,""heading_margin_deg"":null,""freshness_margin_s"":0.9971389770507812,""normalized_margin"":-5.582143657286532,""observable"":true,""raw_pass"":false,""reason"":""position tolerance"",""status"":""withdrawn"",""observed_evaluations"":62,""satisfaction_fraction"":0.03225806451612903}]",economy,2.0,0.49050000961869955
69.23200000000008,373.035,1789571648.3130028,107,-0.7295483267005992,0.09378555385408069,-1.57740822828384,5.611898484717768,-1.6697923616381458,True,0.061733333,335.43,,,0.002,0.4098093509674072,1789571274.8681934,406.94841766355694,6.582108683853533,,19.08549,-0.0003787465325702524,1.4515711947377823,1.4954417363400414,1.4603453030582343,0.04387054160225912,0.1253444045778832,turning,963.4160995483398,619,1012.2424199430864,0,False,0,8892,3018,-0.150462725,0.150462725,12.30501,10,1.03,False,"[{""service_id"":""local_1s_tight"",""label"":""Immediate motion"",""family"":""local_relative_motion"",""horizon_s"":1.0,""position_tolerance_m"":0.1,""heading_tolerance_deg"":2.0,""maximum_aoi_s"":0.6,""position_error_m"":null,""heading_error_deg"":null,""aoi_s"":0.4098093509674072,""position_margin_m"":null,""heading_margin_deg"":null,""freshness_margin_s"":null,""normalized_margin"":null,""observable"":false,""raw_pass"":false,""reason"":""GPS course unobservable at low speed"",""status"":""unobservable"",""observed_evaluations"":1,""satisfaction_fraction"":0.0},{""service_id"":""local_5s_moderate"",""label"":""Short prediction"",""family"":""local_relative_motion"",""horizon_s"":5.0,""position_tolerance_m"":0.2,""heading_tolerance_deg"":5.0,""maximum_aoi_s"":1.0,""position_error_m"":null,""heading_error_deg"":null,""aoi_s"":0.4098093509674072,""position_margin_m"":null,""heading_margin_deg"":null,""freshness_margin_s"":null,""normalized_margin"":null,""observable"":false,""raw_pass"":false,""reason"":""GPS course unobservable at low speed"",""status"":""unobservable"",""observed_evaluations"":0,""satisfaction_fraction"":null},{""service_id"":""local_10s_preview"",""label"":""Planning support"",""family"":""local_relative_motion"",""horizon_s"":10.0,""position_tolerance_m"":0.5,""heading_tolerance_deg"":10.0,""maximum_aoi_s"":1.5,""position_error_m"":null,""heading_error_deg"":null,""aoi_s"":0.4098093509674072,""position_margin_m"":null,""heading_margin_deg"":null,""freshness_margin_s"":null,""normalized_margin"":null,""observable"":false,""raw_pass"":false,""reason"":""GPS course unobservable at low speed"",""status"":""unobservable"",""observed_evaluations"":0,""satisfaction_fraction"":null},{""service_id"":""global_state_tracking"",""label"":""Global asset tracking"",""family"":""global_synchronization"",""horizon_s"":0.0,""position_tolerance_m"":1.0,""heading_tolerance_deg"":5.0,""maximum_aoi_s"":1.0,""position_error_m"":6.582108683853533,""heading_error_deg"":null,""aoi_s"":0.4098093509674072,""position_margin_m"":-5.582108683853533,""heading_margin_deg"":null,""freshness_margin_s"":0.5901906490325928,""normalized_margin"":-5.582108683853533,""observable"":true,""raw_pass"":false,""reason"":""position tolerance"",""status"":""withdrawn"",""observed_evaluations"":63,""satisfaction_fraction"":0.031746031746031744}]",economy,2.0,0.6084999768063426
70.22200000000004,374.025,1789571648.9085793,108,-0.7292711476379713,0.09318640724130044,-0.6975812836439705,5.611898484717768,-1.6697923616381458,True,0.298377775,335.43,,,0.308,0.015385866165161133,1789571274.8681934,394.4234752654552,6.581681126112865,,0.000671,0.0006668234406767623,1.1106417157886015,0.0010035643198967395,0.8887140854948606,1.1096381514687048,3.170394718482014,high wheel-IMU disagreement,570.1699256896973,597,1011.0410004835176,0,False,0,9600,2301,0.0,0.0,12.30501,10,1.03,False,"[{""service_id"":""local_1s_tight"",""label"":""Immediate motion"",""family"":""local_relative_motion"",""horizon_s"":1.0,""position_tolerance_m"":0.1,""heading_tolerance_deg"":2.0,""maximum_aoi_s"":0.6,""position_error_m"":null,""heading_error_deg"":null,""aoi_s"":0.015385866165161133,""position_margin_m"":null,""heading_margin_deg"":null,""freshness_margin_s"":null,""normalized_margin"":null,""observable"":false,""raw_pass"":false,""reason"":""GPS course unobservable at low speed"",""status"":""unobservable"",""observed_evaluations"":1,""satisfaction_fraction"":0.0},{""service_id"":""local_5s_moderate"",""label"":""Short prediction"",""family"":""local_relative_motion"",""horizon_s"":5.0,""position_tolerance_m"":0.2,""heading_tolerance_deg"":5.0,""maximum_aoi_s"":1.0,""position_error_m"":null,""heading_error_deg"":null,""aoi_s"":0.015385866165161133,""position_margin_m"":null,""heading_margin_deg"":null,""freshness_margin_s"":null,""normalized_margin"":null,""observable"":false,""raw_pass"":false,""reason"":""GPS course unobservable at low speed"",""status"":""unobservable"",""observed_evaluations"":0,""satisfaction_fraction"":null},{""service_id"":""local_10s_preview"",""label"":""Planning support"",""family"":""local_relative_motion"",""horizon_s"":10.0,""position_tolerance_m"":0.5,""heading_tolerance_deg"":10.0,""maximum_aoi_s"":1.5,""position_error_m"":null,""heading_error_deg"":null,""aoi_s"":0.015385866165161133,""position_margin_m"":null,""heading_margin_deg"":null,""freshness_margin_s"":null,""normalized_margin"":null,""observable"":false,""raw_pass"":false,""reason"":""GPS course unobservable at low speed"",""status"":""unobservable"",""observed_evaluations"":0,""satisfaction_fraction"":null},{""service_id"":""global_state_tracking"",""label"":""Global asset tracking"",""family"":""global_synchronization"",""horizon_s"":0.0,""position_tolerance_m"":1.0,""heading_tolerance_deg"":5.0,""maximum_aoi_s"":1.0,""position_error_m"":6.581681126112865,""heading_error_deg"":null,""aoi_s"":0.015385866165161133,""position_margin_m"":-5.581681126112865,""heading_margin_deg"":null,""freshness_margin_s"":0.9846141338348389,""normalized_margin"":-5.581681126112865,""observable"":true,""raw_pass"":false,""reason"":""position tolerance"",""status"":""withdrawn"",""observed_evaluations"":64,""satisfaction_fraction"":0.03125}]",economy,2.0,0.4062999505549669
70.81400000000008,374.617,1789571649.527818,109,-0.7292711476379713,0.09318640724130044,-0.697979079087085,5.46391379362656,-1.4850020066601677,True,0.329244442,327.63,2.1357594056654614,-1.6483301601395248,0.042,0.042624473571777344,1789571274.8681934,27.23861503596936,6.39110462959875,143.18763857988205,-17.81992,-0.0,0.0,-0.0033597588100890844,-0.000671951762017817,0.0033597588100890844,0.009599310885968814,low-motion,602.4322509765625,604,1029.4100379028341,0,False,0,9600,2301,0.0,0.0,12.30501,10,1.03,True,"[{""service_id"":""local_1s_tight"",""label"":""Immediate motion"",""family"":""local_relative_motion"",""horizon_s"":1.0,""position_tolerance_m"":0.1,""heading_tolerance_deg"":2.0,""maximum_aoi_s"":0.6,""position_error_m"":null,""heading_error_deg"":null,""aoi_s"":0.042624473571777344,""position_margin_m"":null,""heading_margin_deg"":null,""freshness_margin_s"":null,""normalized_margin"":null,""observable"":false,""raw_pass"":false,""reason"":""no synchronized 1 s window"",""status"":""unobservable"",""observed_evaluations"":1,""satisfaction_fraction"":0.0},{""service_id"":""local_5s_moderate"",""label"":""Short prediction"",""family"":""local_relative_motion"",""horizon_s"":5.0,""position_tolerance_m"":0.2,""heading_tolerance_deg"":5.0,""maximum_aoi_s"":1.0,""position_error_m"":null,""heading_error_deg"":null,""aoi_s"":0.042624473571777344,""position_margin_m"":null,""heading_margin_deg"":null,""freshness_margin_s"":null,""normalized_margin"":null,""observable"":false,""raw_pass"":false,""reason"":""no synchronized 5 s window"",""status"":""unobservable"",""observed_evaluations"":0,""satisfaction_fraction"":null},{""service_id"":""local_10s_preview"",""label"":""Planning support"",""family"":""local_relative_motion"",""horizon_s"":10.0,""position_tolerance_m"":0.5,""heading_tolerance_deg"":10.0,""maximum_aoi_s"":1.5,""position_error_m"":null,""heading_error_deg"":null,""aoi_s"":0.042624473571777344,""position_margin_m"":null,""heading_margin_deg"":null,""freshness_margin_s"":null,""normalized_margin"":null,""observable"":false,""raw_pass"":false,""reason"":""no synchronized 10 s window"",""status"":""unobservable"",""observed_evaluations"":0,""satisfaction_fraction"":null},{""service_id"":""global_state_tracking"",""label"":""Global asset tracking"",""family"":""global_synchronization"",""horizon_s"":0.0,""position_tolerance_m"":1.0,""heading_tolerance_deg"":5.0,""maximum_aoi_s"":1.0,""position_error_m"":6.39110462959875,""heading_error_deg"":143.18763857988205,""aoi_s"":0.042624473571777344,""position_margin_m"":-5.39110462959875,""heading_margin_deg"":-138.18763857988205,""freshness_margin_s"":0.9573755264282227,""normalized_margin"":-27.63752771597641,""observable"":true,""raw_pass"":false,""reason"":""position tolerance, heading tolerance"",""status"":""withdrawn"",""observed_evaluations"":65,""satisfaction_fraction"":0.03076923076923077}]",economy,2.0,0.5667000077664852
71.45300000000003,375.256,1789571650.1720364,110,-0.7292711476379713,0.09318640724130044,-0.697850823567002,5.46391379362656,-1.4850020066601677,True,0.118322221,327.63,,,0.04,0.047842979431152344,1789571274.8681934,5.218444824265589,6.39110462959875,,-54.62574,-0.0,0.0,0.0010035643198967395,0.00020071286397934792,0.0010035643198967395,0.0028673266282763987,low-motion,623.2354640960693,607,1020.2281147482862,0,False,0,9600,2301,0.0,0.0,12.30501,10,1.03,False,"[{""service_id"":""local_1s_tight"",""label"":""Immediate motion"",""family"":""local_relative_motion"",""horizon_s"":1.0,""position_tolerance_m"":0.1,""heading_tolerance_deg"":2.0,""maximum_aoi_s"":0.6,""position_error_m"":null,""heading_error_deg"":null,""aoi_s"":0.047842979431152344,""position_margin_m"":null,""heading_margin_deg"":null,""freshness_margin_s"":null,""normalized_margin"":null,""observable"":false,""raw_pass"":false,""reason"":""GPS course unobservable at low speed"",""status"":""unobservable"",""observed_evaluations"":1,""satisfaction_fraction"":0.0},{""service_id"":""local_5s_moderate"",""label"":""Short prediction"",""family"":""local_relative_motion"",""horizon_s"":5.0,""position_tolerance_m"":0.2,""heading_tolerance_deg"":5.0,""maximum_aoi_s"":1.0,""position_error_m"":null,""heading_error_deg"":null,""aoi_s"":0.047842979431152344,""position_margin_m"":null,""heading_margin_deg"":null,""freshness_margin_s"":null,""normalized_margin"":null,""observable"":false,""raw_pass"":false,""reason"":""GPS course unobservable at low speed"",""status"":""unobservable"",""observed_evaluations"":0,""satisfaction_fraction"":null},{""service_id"":""local_10s_preview"",""label"":""Planning support"",""family"":""local_relative_motion"",""horizon_s"":10.0,""position_tolerance_m"":0.5,""heading_tolerance_deg"":10.0,""maximum_aoi_s"":1.5,""position_error_m"":null,""heading_error_deg"":null,""aoi_s"":0.047842979431152344,""position_margin_m"":null,""heading_margin_deg"":null,""freshness_margin_s"":null,""normalized_margin"":null,""observable"":false,""raw_pass"":false,""reason"":""GPS course unobservable at low speed"",""status"":""unobservable"",""observed_evaluations"":0,""satisfaction_fraction"":null},{""service_id"":""global_state_tracking"",""label"":""Global asset tracking"",""family"":""global_synchronization"",""horizon_s"":0.0,""position_tolerance_m"":1.0,""heading_tolerance_deg"":5.0,""maximum_aoi_s"":1.0,""position_error_m"":6.39110462959875,""heading_error_deg"":null,""aoi_s"":0.047842979431152344,""position_margin_m"":-5.39110462959875,""heading_margin_deg"":null,""freshness_margin_s"":0.9521570205688477,""normalized_margin"":-5.39110462959875,""observable"":true,""raw_pass"":false,""reason"":""position tolerance"",""status"":""withdrawn"",""observed_evaluations"":66,""satisfaction_fraction"":0.030303030303030304}]",economy,2.0,0.26810006238520145
72.07800000000003,375.881,1789571650.874693,111,-0.7292711476379713,0.09318640724130044,-0.6974526703313906,5.46391379362656,-1.4850020066601677,True,0.118322221,327.63,,,0.665,0.12549948692321777,1789571274.8681934,77.65650749206543,6.39110462959875,,-74.82619,-0.0,0.0,0.0031852258848896514,0.0006370451769779303,0.0031852258848896514,0.009100645385399005,low-motion,674.2780208587646,602,1003.2064539878978,0,False,0,9600,2301,0.0,0.0,12.30501,10,1.03,False,"[{""service_id"":""local_1s_tight"",""label"":""Immediate motion"",""family"":""local_relative_motion"",""horizon_s"":1.0,""position_tolerance_m"":0.1,""heading_tolerance_deg"":2.0,""maximum_aoi_s"":0.6,""position_error_m"":null,""heading_error_deg"":null,""aoi_s"":0.12549948692321777,""position_margin_m"":null,""heading_margin_deg"":null,""freshness_margin_s"":null,""normalized_margin"":null,""observable"":false,""raw_pass"":false,""reason"":""GPS course unobservable at low speed"",""status"":""unobservable"",""observed_evaluations"":1,""satisfaction_fraction"":0.0},{""service_id"":""local_5s_moderate"",""label"":""Short prediction"",""family"":""local_relative_motion"",""horizon_s"":5.0,""position_tolerance_m"":0.2,""heading_tolerance_deg"":5.0,""maximum_aoi_s"":1.0,""position_error_m"":null,""heading_error_deg"":null,""aoi_s"":0.12549948692321777,""position_margin_m"":null,""heading_margin_deg"":null,""freshness_margin_s"":null,""normalized_margin"":null,""observable"":false,""raw_pass"":false,""reason"":""GPS course unobservable at low speed"",""status"":""unobservable"",""observed_evaluations"":0,""satisfaction_fraction"":null},{""service_id"":""local_10s_preview"",""label"":""Planning support"",""family"":""local_relative_motion"",""horizon_s"":10.0,""position_tolerance_m"":0.5,""heading_tolerance_deg"":10.0,""maximum_aoi_s"":1.5,""position_error_m"":null,""heading_error_deg"":null,""aoi_s"":0.12549948692321777,""position_margin_m"":null,""heading_margin_deg"":null,""freshness_margin_s"":null,""normalized_margin"":null,""observable"":false,""raw_pass"":false,""reason"":""GPS course unobservable at low speed"",""status"":""unobservable"",""observed_evaluations"":0,""satisfaction_fraction"":null},{""service_id"":""global_state_tracking"",""label"":""Global asset tracking"",""family"":""global_synchronization"",""horizon_s"":0.0,""position_tolerance_m"":1.0,""heading_tolerance_deg"":5.0,""maximum_aoi_s"":1.0,""position_error_m"":6.39110462959875,""heading_error_deg"":null,""aoi_s"":0.12549948692321777,""position_margin_m"":-5.39110462959875,""heading_margin_deg"":null,""freshness_margin_s"":0.8745005130767822,""normalized_margin"":-5.39110462959875,""observable"":true,""raw_pass"":false,""reason"":""position tolerance"",""status"":""withdrawn"",""observed_evaluations"":67,""satisfaction_fraction"":0.029850746268656716}]",economy,2.0,0.6631999276578426
72.81500000000005,376.618,1789571651.508562,112,-0.7292711476379713,0.09318640724130044,-0.697304744950638,5.611898484717768,-1.4850020066601677,True,0.051444444,327.63,,,0.095,0.022368669509887695,1789571274.8681934,103.13082885744507,6.53460870872032,,-89.2894,-0.0,0.0,0.0010035643198967395,0.00020071286397934792,0.0010035643198967395,0.0028673266282763987,low-motion,609.877347946167,604,1018.3610746107103,0,False,0,9600,2301,0.0,0.0,12.30501,10,1.03,False,"[{""service_id"":""local_1s_tight"",""label"":""Immediate motion"",""family"":""local_relative_motion"",""horizon_s"":1.0,""position_tolerance_m"":0.1,""heading_tolerance_deg"":2.0,""maximum_aoi_s"":0.6,""position_error_m"":null,""heading_error_deg"":null,""aoi_s"":0.022368669509887695,""position_margin_m"":null,""heading_margin_deg"":null,""freshness_margin_s"":null,""normalized_margin"":null,""observable"":false,""raw_pass"":false,""reason"":""GPS course unobservable at low speed"",""status"":""unobservable"",""observed_evaluations"":1,""satisfaction_fraction"":0.0},{""service_id"":""local_5s_moderate"",""label"":""Short prediction"",""family"":""local_relative_motion"",""horizon_s"":5.0,""position_tolerance_m"":0.2,""heading_tolerance_deg"":5.0,""maximum_aoi_s"":1.0,""position_error_m"":null,""heading_error_deg"":null,""aoi_s"":0.022368669509887695,""position_margin_m"":null,""heading_margin_deg"":null,""freshness_margin_s"":null,""normalized_margin"":null,""observable"":false,""raw_pass"":false,""reason"":""GPS course unobservable at low speed"",""status"":""unobservable"",""observed_evaluations"":0,""satisfaction_fraction"":null},{""service_id"":""local_10s_preview"",""label"":""Planning support"",""family"":""local_relative_motion"",""horizon_s"":10.0,""position_tolerance_m"":0.5,""heading_tolerance_deg"":10.0,""maximum_aoi_s"":1.5,""position_error_m"":null,""heading_error_deg"":null,""aoi_s"":0.022368669509887695,""position_margin_m"":null,""heading_margin_deg"":null,""freshness_margin_s"":null,""normalized_margin"":null,""observable"":false,""raw_pass"":false,""reason"":""GPS course unobservable at low speed"",""status"":""unobservable"",""observed_evaluations"":0,""satisfaction_fraction"":null},{""service_id"":""global_state_tracking"",""label"":""Global asset tracking"",""family"":""global_synchronization"",""horizon_s"":0.0,""position_tolerance_m"":1.0,""heading_tolerance_deg"":5.0,""maximum_aoi_s"":1.0,""position_error_m"":6.53460870872032,""heading_error_deg"":null,""aoi_s"":0.022368669509887695,""position_margin_m"":-5.53460870872032,""heading_margin_deg"":null,""freshness_margin_s"":0.9776313304901123,""normalized_margin"":-5.53460870872032,""observable"":true,""raw_pass"":false,""reason"":""position tolerance"",""status"":""withdrawn"",""observed_evaluations"":68,""satisfaction_fraction"":0.029411764705882353}]",economy,2.0,0.44410000555217266
73.43800000000005,377.241,1789571652.1148148,113,-0.7292711476379713,0.09318640724130044,-0.6975874533828761,5.46391379362656,-1.2990984574731235,True,0.08231111,327.63,,,0.04,0.005621433258056641,1789571274.8681934,16.747329711904513,6.3477552616037904,,-90.5723,-0.0,0.0,-0.0022689280275926286,-0.00045378560551852573,0.0022689280275926286,0.006482651507407511,low-motion,584.2218399047852,596,1013.6206498938685,0,False,0,9600,2301,0.0,0.0,12.30501,10,1.03,False,"[{""service_id"":""local_1s_tight"",""label"":""Immediate motion"",""family"":""local_relative_motion"",""horizon_s"":1.0,""position_tolerance_m"":0.1,""heading_tolerance_deg"":2.0,""maximum_aoi_s"":0.6,""position_error_m"":null,""heading_error_deg"":null,""aoi_s"":0.005621433258056641,""position_margin_m"":null,""heading_margin_deg"":null,""freshness_margin_s"":null,""normalized_margin"":null,""observable"":false,""raw_pass"":false,""reason"":""GPS course unobservable at low speed"",""status"":""unobservable"",""observed_evaluations"":1,""satisfaction_fraction"":0.0},{""service_id"":""local_5s_moderate"",""label"":""Short prediction"",""family"":""local_relative_motion"",""horizon_s"":5.0,""position_tolerance_m"":0.2,""heading_tolerance_deg"":5.0,""maximum_aoi_s"":1.0,""position_error_m"":null,""heading_error_deg"":null,""aoi_s"":0.005621433258056641,""position_margin_m"":null,""heading_margin_deg"":null,""freshness_margin_s"":null,""normalized_margin"":null,""observable"":false,""raw_pass"":false,""reason"":""GPS course unobservable at low speed"",""status"":""unobservable"",""observed_evaluations"":0,""satisfaction_fraction"":null},{""service_id"":""local_10s_preview"",""label"":""Planning support"",""family"":""local_relative_motion"",""horizon_s"":10.0,""position_tolerance_m"":0.5,""heading_tolerance_deg"":10.0,""maximum_aoi_s"":1.5,""position_error_m"":null,""heading_error_deg"":null,""aoi_s"":0.005621433258056641,""position_margin_m"":null,""heading_margin_deg"":null,""freshness_margin_s"":null,""normalized_margin"":null,""observable"":false,""raw_pass"":false,""reason"":""GPS course unobservable at low speed"",""status"":""unobservable"",""observed_evaluations"":0,""satisfaction_fraction"":null},{""service_id"":""global_state_tracking"",""label"":""Global asset tracking"",""family"":""global_synchronization"",""horizon_s"":0.0,""position_tolerance_m"":1.0,""heading_tolerance_deg"":5.0,""maximum_aoi_s"":1.0,""position_error_m"":6.3477552616037904,""heading_error_deg"":null,""aoi_s"":0.005621433258056641,""position_margin_m"":-5.3477552616037904,""heading_margin_deg"":null,""freshness_margin_s"":0.9943785667419434,""normalized_margin"":-5.3477552616037904,""observable"":true,""raw_pass"":false,""reason"":""position tolerance"",""status"":""withdrawn"",""observed_evaluations"":69,""satisfaction_fraction"":0.028985507246376812}]",economy,2.0,0.41820004116743803
74.01700000000005,377.82,1789571652.8684065,114,-0.7292711476379713,0.09318640724130044,-0.6977238770438583,5.46391379362656,-1.2990984574731235,True,0.08231111,327.63,,,0.62,0.18021321296691895,1789571274.8681934,174.5917758941573,6.3477552616037904,,-90.93588,-0.0,0.0,-0.0011780972450961724,-0.0002356194490192345,0.0011780972450961724,0.003365992128846207,low-motion,733.3271503448486,608,1061.8158803371457,0,False,0,9600,2301,0.0,0.0,12.30501,10,1.03,False,"[{""service_id"":""local_1s_tight"",""label"":""Immediate motion"",""family"":""local_relative_motion"",""horizon_s"":1.0,""position_tolerance_m"":0.1,""heading_tolerance_deg"":2.0,""maximum_aoi_s"":0.6,""position_error_m"":null,""heading_error_deg"":null,""aoi_s"":0.18021321296691895,""position_margin_m"":null,""heading_margin_deg"":null,""freshness_margin_s"":null,""normalized_margin"":null,""observable"":false,""raw_pass"":false,""reason"":""GPS course unobservable at low speed"",""status"":""unobservable"",""observed_evaluations"":1,""satisfaction_fraction"":0.0},{""service_id"":""local_5s_moderate"",""label"":""Short prediction"",""family"":""local_relative_motion"",""horizon_s"":5.0,""position_tolerance_m"":0.2,""heading_tolerance_deg"":5.0,""maximum_aoi_s"":1.0,""position_error_m"":null,""heading_error_deg"":null,""aoi_s"":0.18021321296691895,""position_margin_m"":null,""heading_margin_deg"":null,""freshness_margin_s"":null,""normalized_margin"":null,""observable"":false,""raw_pass"":false,""reason"":""GPS course unobservable at low speed"",""status"":""unobservable"",""observed_evaluations"":0,""satisfaction_fraction"":null},{""service_id"":""local_10s_preview"",""label"":""Planning support"",""family"":""local_relative_motion"",""horizon_s"":10.0,""position_tolerance_m"":0.5,""heading_tolerance_deg"":10.0,""maximum_aoi_s"":1.5,""position_error_m"":null,""heading_error_deg"":null,""aoi_s"":0.18021321296691895,""position_margin_m"":null,""heading_margin_deg"":null,""freshness_margin_s"":null,""normalized_margin"":null,""observable"":false,""raw_pass"":false,""reason"":""GPS course unobservable at low speed"",""status"":""unobservable"",""observed_evaluations"":0,""satisfaction_fraction"":null},{""service_id"":""global_state_tracking"",""label"":""Global asset tracking"",""family"":""global_synchronization"",""horizon_s"":0.0,""position_tolerance_m"":1.0,""heading_tolerance_deg"":5.0,""maximum_aoi_s"":1.0,""position_error_m"":6.3477552616037904,""heading_error_deg"":null,""aoi_s"":0.18021321296691895,""position_margin_m"":-5.3477552616037904,""heading_margin_deg"":null,""freshness_margin_s"":0.819786787033081,""normalized_margin"":-5.3477552616037904,""observable"":true,""raw_pass"":false,""reason"":""position tolerance"",""status"":""withdrawn"",""observed_evaluations"":70,""satisfaction_fraction"":0.02857142857142857}]",economy,2.0,0.5865000421181321
74.80800000000005,378.611,1789571653.5433297,115,-0.7292711476379713,0.09318640724130044,-0.6987730991769872,5.611898484717768,-1.2990984574731235,True,0.061733333,327.63,,,0.105,0.06413626670837402,1789571274.8681934,116.07681846618334,6.492217606551977,,-91.19502,-0.0,0.0,-0.0066322511575784525,-0.0013264502315156906,0.0066322511575784525,0.018949289021652722,low-motion,645.8005905151367,594,1038.2436204291128,0,False,0,9600,2301,0.0,0.0,12.30501,10,1.03,False,"[{""service_id"":""local_1s_tight"",""label"":""Immediate motion"",""family"":""local_relative_motion"",""horizon_s"":1.0,""position_tolerance_m"":0.1,""heading_tolerance_deg"":2.0,""maximum_aoi_s"":0.6,""position_error_m"":null,""heading_error_deg"":null,""aoi_s"":0.06413626670837402,""position_margin_m"":null,""heading_margin_deg"":null,""freshness_margin_s"":null,""normalized_margin"":null,""observable"":false,""raw_pass"":false,""reason"":""GPS course unobservable at low speed"",""status"":""unobservable"",""observed_evaluations"":1,""satisfaction_fraction"":0.0},{""service_id"":""local_5s_moderate"",""label"":""Short prediction"",""family"":""local_relative_motion"",""horizon_s"":5.0,""position_tolerance_m"":0.2,""heading_tolerance_deg"":5.0,""maximum_aoi_s"":1.0,""position_error_m"":null,""heading_error_deg"":null,""aoi_s"":0.06413626670837402,""position_margin_m"":null,""heading_margin_deg"":null,""freshness_margin_s"":null,""normalized_margin"":null,""observable"":false,""raw_pass"":false,""reason"":""GPS course unobservable at low speed"",""status"":""unobservable"",""observed_evaluations"":0,""satisfaction_fraction"":null},{""service_id"":""local_10s_preview"",""label"":""Planning support"",""family"":""local_relative_motion"",""horizon_s"":10.0,""position_tolerance_m"":0.5,""heading_tolerance_deg"":10.0,""maximum_aoi_s"":1.5,""position_error_m"":null,""heading_error_deg"":null,""aoi_s"":0.06413626670837402,""position_margin_m"":null,""heading_margin_deg"":null,""freshness_margin_s"":null,""normalized_margin"":null,""observable"":false,""raw_pass"":false,""reason"":""GPS course unobservable at low speed"",""status"":""unobservable"",""observed_evaluations"":0,""satisfaction_fraction"":null},{""service_id"":""global_state_tracking"",""label"":""Global asset tracking"",""family"":""global_synchronization"",""horizon_s"":0.0,""position_tolerance_m"":1.0,""heading_tolerance_deg"":5.0,""maximum_aoi_s"":1.0,""position_error_m"":6.492217606551977,""heading_error_deg"":null,""aoi_s"":0.06413626670837402,""position_margin_m"":-5.492217606551977,""heading_margin_deg"":null,""freshness_margin_s"":0.935863733291626,""normalized_margin"":-5.492217606551977,""observable"":true,""raw_pass"":false,""reason"":""position tolerance"",""status"":""withdrawn"",""observed_evaluations"":71,""satisfaction_fraction"":0.028169014084507043}]",economy,2.0,0.6053000688552856
75.47700000000003,379.28,1789571654.160709,116,-0.7292711476379713,0.09318640724130044,-0.698784775429683,5.46391379362656,-1.2990984574731235,True,0.030866666,327.63,,,0.063,0.012515544891357422,1789571274.8681934,51.62081146238506,6.3477552616037904,,-91.48282,-0.0,0.0,-8.726646259971648e-05,-1.7453292519943296e-05,8.726646259971648e-05,0.00024933275028490425,low-motion,588.2370471954346,601,1039.52371481873,0,False,0,9600,2301,0.0,0.0,12.30501,10,1.03,False,"[{""service_id"":""local_1s_tight"",""label"":""Immediate motion"",""family"":""local_relative_motion"",""horizon_s"":1.0,""position_tolerance_m"":0.1,""heading_tolerance_deg"":2.0,""maximum_aoi_s"":0.6,""position_error_m"":null,""heading_error_deg"":null,""aoi_s"":0.012515544891357422,""position_margin_m"":null,""heading_margin_deg"":null,""freshness_margin_s"":null,""normalized_margin"":null,""observable"":false,""raw_pass"":false,""reason"":""GPS course unobservable at low speed"",""status"":""unobservable"",""observed_evaluations"":1,""satisfaction_fraction"":0.0},{""service_id"":""local_5s_moderate"",""label"":""Short prediction"",""family"":""local_relative_motion"",""horizon_s"":5.0,""position_tolerance_m"":0.2,""heading_tolerance_deg"":5.0,""maximum_aoi_s"":1.0,""position_error_m"":null,""heading_error_deg"":null,""aoi_s"":0.012515544891357422,""position_margin_m"":null,""heading_margin_deg"":null,""freshness_margin_s"":null,""normalized_margin"":null,""observable"":false,""raw_pass"":false,""reason"":""GPS course unobservable at low speed"",""status"":""unobservable"",""observed_evaluations"":0,""satisfaction_fraction"":null},{""service_id"":""local_10s_preview"",""label"":""Planning support"",""family"":""local_relative_motion"",""horizon_s"":10.0,""position_tolerance_m"":0.5,""heading_tolerance_deg"":10.0,""maximum_aoi_s"":1.5,""position_error_m"":null,""heading_error_deg"":null,""aoi_s"":0.012515544891357422,""position_margin_m"":null,""heading_margin_deg"":null,""freshness_margin_s"":null,""normalized_margin"":null,""observable"":false,""raw_pass"":false,""reason"":""GPS course unobservable at low speed"",""status"":""unobservable"",""observed_evaluations"":0,""satisfaction_fraction"":null},{""service_id"":""global_state_tracking"",""label"":""Global asset tracking"",""family"":""global_synchronization"",""horizon_s"":0.0,""position_tolerance_m"":1.0,""heading_tolerance_deg"":5.0,""maximum_aoi_s"":1.0,""position_error_m"":6.3477552616037904,""heading_error_deg"":null,""aoi_s"":0.012515544891357422,""position_margin_m"":-5.3477552616037904,""heading_margin_deg"":null,""freshness_margin_s"":0.9874844551086426,""normalized_margin"":-5.3477552616037904,""observable"":true,""raw_pass"":false,""reason"":""position tolerance"",""status"":""withdrawn"",""observed_evaluations"":72,""satisfaction_fraction"":0.027777777777777776}]",economy,2.0,0.4729999927803874
76.08700000000005,379.89,1789571654.972428,117,-0.7292711476379713,0.09318640724130044,-0.6983961778717265,5.46391379362656,-1.2990984574731235,True,0.030866666,327.63,,,0.673,0.2142345905303955,1789571274.8681934,201.71917915342874,6.3477552616037904,,-91.35857,-0.0,0.0,0.0031852258848896514,0.0006370451769779303,0.0031852258848896514,0.009100645385399005,low-motion,779.4342041015625,602,1002.8348365888224,0,False,0,9600,2301,0.0,0.0,12.30501,10,1.03,False,"[{""service_id"":""local_1s_tight"",""label"":""Immediate motion"",""family"":""local_relative_motion"",""horizon_s"":1.0,""position_tolerance_m"":0.1,""heading_tolerance_deg"":2.0,""maximum_aoi_s"":0.6,""position_error_m"":null,""heading_error_deg"":null,""aoi_s"":0.2142345905303955,""position_margin_m"":null,""heading_margin_deg"":null,""freshness_margin_s"":null,""normalized_margin"":null,""observable"":false,""raw_pass"":false,""reason"":""GPS course unobservable at low speed"",""status"":""unobservable"",""observed_evaluations"":1,""satisfaction_fraction"":0.0},{""service_id"":""local_5s_moderate"",""label"":""Short prediction"",""family"":""local_relative_motion"",""horizon_s"":5.0,""position_tolerance_m"":0.2,""heading_tolerance_deg"":5.0,""maximum_aoi_s"":1.0,""position_error_m"":null,""heading_error_deg"":null,""aoi_s"":0.2142345905303955,""position_margin_m"":null,""heading_margin_deg"":null,""freshness_margin_s"":null,""normalized_margin"":null,""observable"":false,""raw_pass"":false,""reason"":""GPS course unobservable at low speed"",""status"":""unobservable"",""observed_evaluations"":0,""satisfaction_fraction"":null},{""service_id"":""local_10s_preview"",""label"":""Planning support"",""family"":""local_relative_motion"",""horizon_s"":10.0,""position_tolerance_m"":0.5,""heading_tolerance_deg"":10.0,""maximum_aoi_s"":1.5,""position_error_m"":null,""heading_error_deg"":null,""aoi_s"":0.2142345905303955,""position_margin_m"":null,""heading_margin_deg"":null,""freshness_margin_s"":null,""normalized_margin"":null,""observable"":false,""raw_pass"":false,""reason"":""GPS course unobservable at low speed"",""status"":""unobservable"",""observed_evaluations"":0,""satisfaction_fraction"":null},{""service_id"":""global_state_tracking"",""label"":""Global asset tracking"",""family"":""global_synchronization"",""horizon_s"":0.0,""position_tolerance_m"":1.0,""heading_tolerance_deg"":5.0,""maximum_aoi_s"":1.0,""position_error_m"":6.3477552616037904,""heading_error_deg"":null,""aoi_s"":0.2142345905303955,""position_margin_m"":-5.3477552616037904,""heading_margin_deg"":null,""freshness_margin_s"":0.7857654094696045,""normalized_margin"":-5.3477552616037904,""observable"":true,""raw_pass"":false,""reason"":""position tolerance"",""status"":""withdrawn"",""observed_evaluations"":73,""satisfaction_fraction"":0.0273972602739726}]",normal,5.0,0.3939000889658928
76.89200000000005,380.695,1789571655.6851976,118,-0.7292711476379713,0.09318640724130044,-0.720415193844608,5.611898484717768,-1.2990984574731235,True,0.0463,327.63,,,0.254,0.12200427055358887,1789571274.8681934,92.23049163819041,6.492217606551977,,-93.87314,0.0,-0.019170278716454672,-0.06008295949990479,-0.0273528148731447,0.04091268078345012,0.11689337366700034,low-motion,691.9441223144531,614,1002.1817513541225,0,False,0,9590,2311,0.042407758,-0.042509599,12.30501,10,1.03,False,"[{""service_id"":""local_1s_tight"",""label"":""Immediate motion"",""family"":""local_relative_motion"",""horizon_s"":1.0,""position_tolerance_m"":0.1,""heading_tolerance_deg"":2.0,""maximum_aoi_s"":0.6,""position_error_m"":null,""heading_error_deg"":null,""aoi_s"":0.12200427055358887,""position_margin_m"":null,""heading_margin_deg"":null,""freshness_margin_s"":null,""normalized_margin"":null,""observable"":false,""raw_pass"":false,""reason"":""GPS course unobservable at low speed"",""status"":""unobservable"",""observed_evaluations"":1,""satisfaction_fraction"":0.0},{""service_id"":""local_5s_moderate"",""label"":""Short prediction"",""family"":""local_relative_motion"",""horizon_s"":5.0,""position_tolerance_m"":0.2,""heading_tolerance_deg"":5.0,""maximum_aoi_s"":1.0,""position_error_m"":null,""heading_error_deg"":null,""aoi_s"":0.12200427055358887,""position_margin_m"":null,""heading_margin_deg"":null,""freshness_margin_s"":null,""normalized_margin"":null,""observable"":false,""raw_pass"":false,""reason"":""GPS course unobservable at low speed"",""status"":""unobservable"",""observed_evaluations"":0,""satisfaction_fraction"":null},{""service_id"":""local_10s_preview"",""label"":""Planning support"",""family"":""local_relative_motion"",""horizon_s"":10.0,""position_tolerance_m"":0.5,""heading_tolerance_deg"":10.0,""maximum_aoi_s"":1.5,""position_error_m"":null,""heading_error_deg"":null,""aoi_s"":0.12200427055358887,""position_margin_m"":null,""heading_margin_deg"":null,""freshness_margin_s"":null,""normalized_margin"":null,""observable"":false,""raw_pass"":false,""reason"":""GPS course unobservable at low speed"",""status"":""unobservable"",""observed_evaluations"":0,""satisfaction_fraction"":null},{""service_id"":""global_state_tracking"",""label"":""Global asset tracking"",""family"":""global_synchronization"",""horizon_s"":0.0,""position_tolerance_m"":1.0,""heading_tolerance_deg"":5.0,""maximum_aoi_s"":1.0,""position_error_m"":6.492217606551977,""heading_error_deg"":null,""aoi_s"":0.12200427055358887,""position_margin_m"":-5.492217606551977,""heading_margin_deg"":null,""freshness_margin_s"":0.8779957294464111,""normalized_margin"":-5.492217606551977,""observable"":true,""raw_pass"":false,""reason"":""position tolerance"",""status"":""withdrawn"",""observed_evaluations"":74,""satisfaction_fraction"":0.02702702702702703}]",normal,5.0,0.6250999867916107
77.59200000000004,381.395,1789571656.3095703,119,-0.7299963456356361,0.0942897238094912,-1.2582127776363639,5.611898484717768,-1.2990984574731235,True,0.0463,327.63,,,0.136,0.046376943588256836,1789571274.8681934,75.62727928160484,6.493162608698577,,-126.3106,-0.0018861577321999197,-0.6679883618748796,-1.1694578652988004,-0.7682822625596638,0.5014695034239207,1.4327700097826308,high wheel-IMU disagreement,599.7748374938965,619,1007.7050014878167,0,False,0,9296,2623,0.094015699,-0.09402745,12.30089,10,1.03,False,"[{""service_id"":""local_1s_tight"",""label"":""Immediate motion"",""family"":""local_relative_motion"",""horizon_s"":1.0,""position_tolerance_m"":0.1,""heading_tolerance_deg"":2.0,""maximum_aoi_s"":0.6,""position_error_m"":null,""heading_error_deg"":null,""aoi_s"":0.046376943588256836,""position_margin_m"":null,""heading_margin_deg"":null,""freshness_margin_s"":null,""normalized_margin"":null,""observable"":false,""raw_pass"":false,""reason"":""GPS course unobservable at low speed"",""status"":""unobservable"",""observed_evaluations"":1,""satisfaction_fraction"":0.0},{""service_id"":""local_5s_moderate"",""label"":""Short prediction"",""family"":""local_relative_motion"",""horizon_s"":5.0,""position_tolerance_m"":0.2,""heading_tolerance_deg"":5.0,""maximum_aoi_s"":1.0,""position_error_m"":null,""heading_error_deg"":null,""aoi_s"":0.046376943588256836,""position_margin_m"":null,""heading_margin_deg"":null,""freshness_margin_s"":null,""normalized_margin"":null,""observable"":false,""raw_pass"":false,""reason"":""GPS course unobservable at low speed"",""status"":""unobservable"",""observed_evaluations"":0,""satisfaction_fraction"":null},{""service_id"":""local_10s_preview"",""label"":""Planning support"",""family"":""local_relative_motion"",""horizon_s"":10.0,""position_tolerance_m"":0.5,""heading_tolerance_deg"":10.0,""maximum_aoi_s"":1.5,""position_error_m"":null,""heading_error_deg"":null,""aoi_s"":0.046376943588256836,""position_margin_m"":null,""heading_margin_deg"":null,""freshness_margin_s"":null,""normalized_margin"":null,""observable"":false,""raw_pass"":false,""reason"":""GPS course unobservable at low speed"",""status"":""unobservable"",""observed_evaluations"":0,""satisfaction_fraction"":null},{""service_id"":""global_state_tracking"",""label"":""Global asset tracking"",""family"":""global_synchronization"",""horizon_s"":0.0,""position_tolerance_m"":1.0,""heading_tolerance_deg"":5.0,""maximum_aoi_s"":1.0,""position_error_m"":6.493162608698577,""heading_error_deg"":null,""aoi_s"":0.046376943588256836,""position_margin_m"":-5.493162608698577,""heading_margin_deg"":null,""freshness_margin_s"":0.9536230564117432,""normalized_margin"":-5.493162608698577,""observable"":true,""raw_pass"":false,""reason"":""position tolerance"",""status"":""withdrawn"",""observed_evaluations"":75,""satisfaction_fraction"":0.02666666666666667}]",normal,5.0,0.3727000439539552
78.23800000000006,382.041,1789571656.916402,120,-0.7299508856587512,0.09472747311623296,-2.090336696862638,5.611898484717768,-1.2990984574731235,True,0.036011111,327.63,,,0.016,0.007208824157714844,1789571274.8681934,39.168210983291374,6.493212160504871,,-154.9497,-0.0006812747226728114,-1.2708767125555351,-1.3570807598881909,-1.2881175220220662,0.08620404733265574,0.24629727809330212,turning,581.4039707183838,617,1010.2909003319229,0,False,0,8767,3158,0.144180572,-0.144200312,12.30089,9,1.08,False,"[{""service_id"":""local_1s_tight"",""label"":""Immediate motion"",""family"":""local_relative_motion"",""horizon_s"":1.0,""position_tolerance_m"":0.1,""heading_tolerance_deg"":2.0,""maximum_aoi_s"":0.6,""position_error_m"":null,""heading_error_deg"":null,""aoi_s"":0.007208824157714844,""position_margin_m"":null,""heading_margin_deg"":null,""freshness_margin_s"":null,""normalized_margin"":null,""observable"":false,""raw_pass"":false,""reason"":""GPS course unobservable at low speed"",""status"":""unobservable"",""observed_evaluations"":1,""satisfaction_fraction"":0.0},{""service_id"":""local_5s_moderate"",""label"":""Short prediction"",""family"":""local_relative_motion"",""horizon_s"":5.0,""position_tolerance_m"":0.2,""heading_tolerance_deg"":5.0,""maximum_aoi_s"":1.0,""position_error_m"":null,""heading_error_deg"":null,""aoi_s"":0.007208824157714844,""position_margin_m"":null,""heading_margin_deg"":null,""freshness_margin_s"":null,""normalized_margin"":null,""observable"":false,""raw_pass"":false,""reason"":""GPS course unobservable at low speed"",""status"":""unobservable"",""observed_evaluations"":0,""satisfaction_fraction"":null},{""service_id"":""local_10s_preview"",""label"":""Planning support"",""family"":""local_relative_motion"",""horizon_s"":10.0,""position_tolerance_m"":0.5,""heading_tolerance_deg"":10.0,""maximum_aoi_s"":1.5,""position_error_m"":null,""heading_error_deg"":null,""aoi_s"":0.007208824157714844,""position_margin_m"":null,""heading_margin_deg"":null,""freshness_margin_s"":null,""normalized_margin"":null,""observable"":false,""raw_pass"":false,""reason"":""GPS course unobservable at low speed"",""status"":""unobservable"",""observed_evaluations"":0,""satisfaction_fraction"":null},{""service_id"":""global_state_tracking"",""label"":""Global asset tracking"",""family"":""global_synchronization"",""horizon_s"":0.0,""position_tolerance_m"":1.0,""heading_tolerance_deg"":5.0,""maximum_aoi_s"":1.0,""position_error_m"":6.493212160504871,""heading_error_deg"":null,""aoi_s"":0.007208824157714844,""position_margin_m"":-5.493212160504871,""heading_margin_deg"":null,""freshness_margin_s"":0.9927911758422852,""normalized_margin"":-5.493212160504871,""observable"":true,""raw_pass"":false,""reason"":""position tolerance"",""status"":""withdrawn"",""observed_evaluations"":76,""satisfaction_fraction"":0.02631578947368421}]",normal,5.0,0.6776999216526747
78.83100000000007,382.634,1789571657.735514,121,-0.7279360207331883,0.09619715153099827,-2.9324528648922747,5.611898484717768,-1.2990984574731235,True,0.041155555,327.63,,,0.043,0.2333204746246338,1789571274.8681934,226.1118240356268,6.4915600122784625,,-170.9959,-0.004205598091283132,-1.4104863923737199,-1.4585280226603612,-1.4200947184310482,0.048041630286641324,0.1372618008189752,turning,791.0828590393066,623,1002.2380045819249,0,False,0,8242,3717,0.131654884,-0.131654884,12.30089,9,1.08,False,"[{""service_id"":""local_1s_tight"",""label"":""Immediate motion"",""family"":""local_relative_motion"",""horizon_s"":1.0,""position_tolerance_m"":0.1,""heading_tolerance_deg"":2.0,""maximum_aoi_s"":0.6,""position_error_m"":null,""heading_error_deg"":null,""aoi_s"":0.2333204746246338,""position_margin_m"":null,""heading_margin_deg"":null,""freshness_margin_s"":null,""normalized_margin"":null,""observable"":false,""raw_pass"":false,""reason"":""GPS course unobservable at low speed"",""status"":""unobservable"",""observed_evaluations"":1,""satisfaction_fraction"":0.0},{""service_id"":""local_5s_moderate"",""label"":""Short prediction"",""family"":""local_relative_motion"",""horizon_s"":5.0,""position_tolerance_m"":0.2,""heading_tolerance_deg"":5.0,""maximum_aoi_s"":1.0,""position_error_m"":null,""heading_error_deg"":null,""aoi_s"":0.2333204746246338,""position_margin_m"":null,""heading_margin_deg"":null,""freshness_margin_s"":null,""normalized_margin"":null,""observable"":false,""raw_pass"":false,""reason"":""GPS course unobservable at low speed"",""status"":""unobservable"",""observed_evaluations"":0,""satisfaction_fraction"":null},{""service_id"":""local_10s_preview"",""label"":""Planning support"",""family"":""local_relative_motion"",""horizon_s"":10.0,""position_tolerance_m"":0.5,""heading_tolerance_deg"":10.0,""maximum_aoi_s"":1.5,""position_error_m"":null,""heading_error_deg"":null,""aoi_s"":0.2333204746246338,""position_margin_m"":null,""heading_margin_deg"":null,""freshness_margin_s"":null,""normalized_margin"":null,""observable"":false,""raw_pass"":false,""reason"":""GPS course unobservable at low speed"",""status"":""unobservable"",""observed_evaluations"":0,""satisfaction_fraction"":null},{""service_id"":""global_state_tracking"",""label"":""Global asset tracking"",""family"":""global_synchronization"",""horizon_s"":0.0,""position_tolerance_m"":1.0,""heading_tolerance_deg"":5.0,""maximum_aoi_s"":1.0,""position_error_m"":6.4915600122784625,""heading_error_deg"":null,""aoi_s"":0.2333204746246338,""position_margin_m"":-5.4915600122784625,""heading_margin_deg"":null,""freshness_margin_s"":0.7666795253753662,""normalized_margin"":-5.4915600122784625,""observable"":true,""raw_pass"":false,""reason"":""position tolerance"",""status"":""withdrawn"",""observed_evaluations"":77,""satisfaction_fraction"":0.025974025974025976}]",normal,5.0,0.6788000464439392
79.66900000000004,383.472,1789571658.4519808,122,-0.7278688386598624,0.09616770876641742,2.1063677943643677,5.611898484717768,-1.2990984574731235,True,0.133755554,327.63,,,0.153,0.11178755760192871,1789571274.8681934,121.533096313442,6.4914880720232055,,133.5835,-8.753052323919612e-05,-1.439160634559977,-1.6679675328996808,-1.4849220142279178,0.2288068983397038,0.6537339952562966,turning,688.5747909545898,622,996.6078026070537,0,False,0,7461,4499,0.128271718,-0.128089721,12.30089,10,1.03,False,"[{""service_id"":""local_1s_tight"",""label"":""Immediate motion"",""family"":""local_relative_motion"",""horizon_s"":1.0,""position_tolerance_m"":0.1,""heading_tolerance_deg"":2.0,""maximum_aoi_s"":0.6,""position_error_m"":null,""heading_error_deg"":null,""aoi_s"":0.11178755760192871,""position_margin_m"":null,""heading_margin_deg"":null,""freshness_margin_s"":null,""normalized_margin"":null,""observable"":false,""raw_pass"":false,""reason"":""GPS course unobservable at low speed"",""status"":""unobservable"",""observed_evaluations"":1,""satisfaction_fraction"":0.0},{""service_id"":""local_5s_moderate"",""label"":""Short prediction"",""family"":""local_relative_motion"",""horizon_s"":5.0,""position_tolerance_m"":0.2,""heading_tolerance_deg"":5.0,""maximum_aoi_s"":1.0,""position_error_m"":null,""heading_error_deg"":null,""aoi_s"":0.11178755760192871,""position_margin_m"":null,""heading_margin_deg"":null,""freshness_margin_s"":null,""normalized_margin"":null,""observable"":false,""raw_pass"":false,""reason"":""GPS course unobservable at low speed"",""status"":""unobservable"",""observed_evaluations"":0,""satisfaction_fraction"":null},{""service_id"":""local_10s_preview"",""label"":""Planning support"",""family"":""local_relative_motion"",""horizon_s"":10.0,""position_tolerance_m"":0.5,""heading_tolerance_deg"":10.0,""maximum_aoi_s"":1.5,""position_error_m"":null,""heading_error_deg"":null,""aoi_s"":0.11178755760192871,""position_margin_m"":null,""heading_margin_deg"":null,""freshness_margin_s"":null,""normalized_margin"":null,""observable"":false,""raw_pass"":false,""reason"":""GPS course unobservable at low speed"",""status"":""unobservable"",""observed_evaluations"":0,""satisfaction_fraction"":null},{""service_id"":""global_state_tracking"",""label"":""Global asset tracking"",""family"":""global_synchronization"",""horizon_s"":0.0,""position_tolerance_m"":1.0,""heading_tolerance_deg"":5.0,""maximum_aoi_s"":1.0,""position_error_m"":6.4914880720232055,""heading_error_deg"":null,""aoi_s"":0.11178755760192871,""position_margin_m"":-5.4914880720232055,""heading_margin_deg"":null,""freshness_margin_s"":0.8882124423980713,""normalized_margin"":-5.4914880720232055,""observable"":true,""raw_pass"":false,""reason"":""position tolerance"",""status"":""withdrawn"",""observed_evaluations"":78,""satisfaction_fraction"":0.02564102564102564}]",normal,5.0,0.39299996569752693
80.36100000000005,384.164,1789571659.0400658,123,-0.7278309889568177,0.09587675805275617,1.2939513648706908,5.611898484717768,-1.2990984574731235,True,0.133755554,327.63,,,0.138,0.007872343063354492,1789571274.8681934,103.9150638580395,6.491388576515021,,83.41783,-0.0004239917830892437,-1.309050238913279,-0.6338599510930407,-1.1740121813492315,0.6751902878202383,1.9291151080578237,high wheel-IMU disagreement,563.0502700805664,617,1007.3048846190268,0,False,0,6876,5088,0.038664455,-0.057877699,12.30089,10,1.03,False,"[{""service_id"":""local_1s_tight"",""label"":""Immediate motion"",""family"":""local_relative_motion"",""horizon_s"":1.0,""position_tolerance_m"":0.1,""heading_tolerance_deg"":2.0,""maximum_aoi_s"":0.6,""position_error_m"":null,""heading_error_deg"":null,""aoi_s"":0.007872343063354492,""position_margin_m"":null,""heading_margin_deg"":null,""freshness_margin_s"":null,""normalized_margin"":null,""observable"":false,""raw_pass"":false,""reason"":""GPS course unobservable at low speed"",""status"":""unobservable"",""observed_evaluations"":1,""satisfaction_fraction"":0.0},{""service_id"":""local_5s_moderate"",""label"":""Short prediction"",""family"":""local_relative_motion"",""horizon_s"":5.0,""position_tolerance_m"":0.2,""heading_tolerance_deg"":5.0,""maximum_aoi_s"":1.0,""position_error_m"":null,""heading_error_deg"":null,""aoi_s"":0.007872343063354492,""position_margin_m"":null,""heading_margin_deg"":null,""freshness_margin_s"":null,""normalized_margin"":null,""observable"":false,""raw_pass"":false,""reason"":""GPS course unobservable at low speed"",""status"":""unobservable"",""observed_evaluations"":0,""satisfaction_fraction"":null},{""service_id"":""local_10s_preview"",""label"":""Planning support"",""family"":""local_relative_motion"",""horizon_s"":10.0,""position_tolerance_m"":0.5,""heading_tolerance_deg"":10.0,""maximum_aoi_s"":1.5,""position_error_m"":null,""heading_error_deg"":null,""aoi_s"":0.007872343063354492,""position_margin_m"":null,""heading_margin_deg"":null,""freshness_margin_s"":null,""normalized_margin"":null,""observable"":false,""raw_pass"":false,""reason"":""GPS course unobservable at low speed"",""status"":""unobservable"",""observed_evaluations"":0,""satisfaction_fraction"":null},{""service_id"":""global_state_tracking"",""label"":""Global asset tracking"",""family"":""global_synchronization"",""horizon_s"":0.0,""position_tolerance_m"":1.0,""heading_tolerance_deg"":5.0,""maximum_aoi_s"":1.0,""position_error_m"":6.491388576515021,""heading_error_deg"":null,""aoi_s"":0.007872343063354492,""position_margin_m"":-5.491388576515021,""heading_margin_deg"":null,""freshness_margin_s"":0.9921276569366455,""normalized_margin"":-5.491388576515021,""observable"":true,""raw_pass"":false,""reason"":""position tolerance"",""status"":""withdrawn"",""observed_evaluations"":79,""satisfaction_fraction"":0.02531645569620253}]",normal,5.0,0.4792000399902463
80.96500000000003,384.768,1789571659.6794257,124,-0.7282383848048911,0.09469822614790792,1.181997674672325,5.611898484717768,-1.2990984574731235,True,0.030866666,327.63,,,0.057,0.04323244094848633,1789571274.8681934,35.359951019302116,6.4915333103630894,,80.7655,-0.002064503036532311,-0.22867063838142618,-0.012086405070060733,-0.1853537917191531,0.21658423331136545,0.6188120951753299,low-motion,608.2632541656494,595,1042.9153321863369,0,False,0,6795,5186,0.0,0.0,12.30089,10,1.03,False,"[{""service_id"":""local_1s_tight"",""label"":""Immediate motion"",""family"":""local_relative_motion"",""horizon_s"":1.0,""position_tolerance_m"":0.1,""heading_tolerance_deg"":2.0,""maximum_aoi_s"":0.6,""position_error_m"":null,""heading_error_deg"":null,""aoi_s"":0.04323244094848633,""position_margin_m"":null,""heading_margin_deg"":null,""freshness_margin_s"":null,""normalized_margin"":null,""observable"":false,""raw_pass"":false,""reason"":""GPS course unobservable at low speed"",""status"":""unobservable"",""observed_evaluations"":1,""satisfaction_fraction"":0.0},{""service_id"":""local_5s_moderate"",""label"":""Short prediction"",""family"":""local_relative_motion"",""horizon_s"":5.0,""position_tolerance_m"":0.2,""heading_tolerance_deg"":5.0,""maximum_aoi_s"":1.0,""position_error_m"":null,""heading_error_deg"":null,""aoi_s"":0.04323244094848633,""position_margin_m"":null,""heading_margin_deg"":null,""freshness_margin_s"":null,""normalized_margin"":null,""observable"":false,""raw_pass"":false,""reason"":""GPS course unobservable at low speed"",""status"":""unobservable"",""observed_evaluations"":0,""satisfaction_fraction"":null},{""service_id"":""local_10s_preview"",""label"":""Planning support"",""family"":""local_relative_motion"",""horizon_s"":10.0,""position_tolerance_m"":0.5,""heading_tolerance_deg"":10.0,""maximum_aoi_s"":1.5,""position_error_m"":null,""heading_error_deg"":null,""aoi_s"":0.04323244094848633,""position_margin_m"":null,""heading_margin_deg"":null,""freshness_margin_s"":null,""normalized_margin"":null,""observable"":false,""raw_pass"":false,""reason"":""GPS course unobservable at low speed"",""status"":""unobservable"",""observed_evaluations"":0,""satisfaction_fraction"":null},{""service_id"":""global_state_tracking"",""label"":""Global asset tracking"",""family"":""global_synchronization"",""horizon_s"":0.0,""position_tolerance_m"":1.0,""heading_tolerance_deg"":5.0,""maximum_aoi_s"":1.0,""position_error_m"":6.4915333103630894,""heading_error_deg"":null,""aoi_s"":0.04323244094848633,""position_margin_m"":-5.4915333103630894,""heading_margin_deg"":null,""freshness_margin_s"":0.9567675590515137,""normalized_margin"":-5.4915333103630894,""observable"":true,""raw_pass"":false,""reason"":""position tolerance"",""status"":""withdrawn"",""observed_evaluations"":80,""satisfaction_fraction"":0.025}]",normal,5.0,0.3353999927639961
81.60400000000004,385.407,1789571660.2830756,125,-0.7282383848048911,0.09469822614790792,1.1821259301924076,5.611898484717768,-1.1131949074951064,True,0.180055554,327.63,,,0.088,0.007882118225097656,1789571274.8681934,35.350145339975825,6.454172398269396,,78.43912,-0.0,0.0,0.0010035643198967395,0.00020071286397934792,0.0010035643198967395,0.0028673266282763987,low-motion,580.6756019592285,597,1066.5789788465565,0,False,0,6795,5186,0.0,0.0,12.30089,10,1.03,False,"[{""service_id"":""local_1s_tight"",""label"":""Immediate motion"",""family"":""local_relative_motion"",""horizon_s"":1.0,""position_tolerance_m"":0.1,""heading_tolerance_deg"":2.0,""maximum_aoi_s"":0.6,""position_error_m"":null,""heading_error_deg"":null,""aoi_s"":0.007882118225097656,""position_margin_m"":null,""heading_margin_deg"":null,""freshness_margin_s"":null,""normalized_margin"":null,""observable"":false,""raw_pass"":false,""reason"":""GPS course unobservable at low speed"",""status"":""unobservable"",""observed_evaluations"":1,""satisfaction_fraction"":0.0},{""service_id"":""local_5s_moderate"",""label"":""Short prediction"",""family"":""local_relative_motion"",""horizon_s"":5.0,""position_tolerance_m"":0.2,""heading_tolerance_deg"":5.0,""maximum_aoi_s"":1.0,""position_error_m"":null,""heading_error_deg"":null,""aoi_s"":0.007882118225097656,""position_margin_m"":null,""heading_margin_deg"":null,""freshness_margin_s"":null,""normalized_margin"":null,""observable"":false,""raw_pass"":false,""reason"":""GPS course unobservable at low speed"",""status"":""unobservable"",""observed_evaluations"":0,""satisfaction_fraction"":null},{""service_id"":""local_10s_preview"",""label"":""Planning support"",""family"":""local_relative_motion"",""horizon_s"":10.0,""position_tolerance_m"":0.5,""heading_tolerance_deg"":10.0,""maximum_aoi_s"":1.5,""position_error_m"":null,""heading_error_deg"":null,""aoi_s"":0.007882118225097656,""position_margin_m"":null,""heading_margin_deg"":null,""freshness_margin_s"":null,""normalized_margin"":null,""observable"":false,""raw_pass"":false,""reason"":""GPS course unobservable at low speed"",""status"":""unobservable"",""observed_evaluations"":0,""satisfaction_fraction"":null},{""service_id"":""global_state_tracking"",""label"":""Global asset tracking"",""family"":""global_synchronization"",""horizon_s"":0.0,""position_tolerance_m"":1.0,""heading_tolerance_deg"":5.0,""maximum_aoi_s"":1.0,""position_error_m"":6.454172398269396,""heading_error_deg"":null,""aoi_s"":0.007882118225097656,""position_margin_m"":-5.454172398269396,""heading_margin_deg"":null,""freshness_margin_s"":0.9921178817749023,""normalized_margin"":-5.454172398269396,""observable"":true,""raw_pass"":false,""reason"":""position tolerance"",""status"":""withdrawn"",""observed_evaluations"":81,""satisfaction_fraction"":0.024691358024691357}]",normal,5.0,0.5726999370381236
82.20800000000008,386.011,1789571661.0259383,126,-0.7282383848048911,0.09469822614790792,1.1827742501963536,5.611898484717768,-1.1131949074951064,True,0.180055554,327.63,,,0.692,0.146744966506958,1789571274.8681934,138.8627014159738,6.454172398269396,,76.75023,-0.0,0.0,0.005366887449882563,0.0010733774899765126,0.005366887449882563,0.015333964142521611,low-motion,714.5340442657471,603,1037.4508608155109,0,False,0,6795,5186,0.0,0.0,12.30089,10,1.03,False,"[{""service_id"":""local_1s_tight"",""label"":""Immediate motion"",""family"":""local_relative_motion"",""horizon_s"":1.0,""position_tolerance_m"":0.1,""heading_tolerance_deg"":2.0,""maximum_aoi_s"":0.6,""position_error_m"":null,""heading_error_deg"":null,""aoi_s"":0.146744966506958,""position_margin_m"":null,""heading_margin_deg"":null,""freshness_margin_s"":null,""normalized_margin"":null,""observable"":false,""raw_pass"":false,""reason"":""GPS course unobservable at low speed"",""status"":""unobservable"",""observed_evaluations"":1,""satisfaction_fraction"":0.0},{""service_id"":""local_5s_moderate"",""label"":""Short prediction"",""family"":""local_relative_motion"",""horizon_s"":5.0,""position_tolerance_m"":0.2,""heading_tolerance_deg"":5.0,""maximum_aoi_s"":1.0,""position_error_m"":null,""heading_error_deg"":null,""aoi_s"":0.146744966506958,""position_margin_m"":null,""heading_margin_deg"":null,""freshness_margin_s"":null,""normalized_margin"":null,""observable"":false,""raw_pass"":false,""reason"":""GPS course unobservable at low speed"",""status"":""unobservable"",""observed_evaluations"":0,""satisfaction_fraction"":null},{""service_id"":""local_10s_preview"",""label"":""Planning support"",""family"":""local_relative_motion"",""horizon_s"":10.0,""position_tolerance_m"":0.5,""heading_tolerance_deg"":10.0,""maximum_aoi_s"":1.5,""position_error_m"":null,""heading_error_deg"":null,""aoi_s"":0.146744966506958,""position_margin_m"":null,""heading_margin_deg"":null,""freshness_margin_s"":null,""normalized_margin"":null,""observable"":false,""raw_pass"":false,""reason"":""GPS course unobservable at low speed"",""status"":""unobservable"",""observed_evaluations"":0,""satisfaction_fraction"":null},{""service_id"":""global_state_tracking"",""label"":""Global asset tracking"",""family"":""global_synchronization"",""horizon_s"":0.0,""position_tolerance_m"":1.0,""heading_tolerance_deg"":5.0,""maximum_aoi_s"":1.0,""position_error_m"":6.454172398269396,""heading_error_deg"":null,""aoi_s"":0.146744966506958,""position_margin_m"":-5.454172398269396,""heading_margin_deg"":null,""freshness_margin_s"":0.853255033493042,""normalized_margin"":-5.454172398269396,""observable"":true,""raw_pass"":false,""reason"":""position tolerance"",""status"":""withdrawn"",""observed_evaluations"":82,""satisfaction_fraction"":0.024390243902439025}]",normal,5.0,0.6182999350130558
82.95300000000003,386.756,1789571661.6391912,127,-0.7282383848048911,0.09469822614790792,1.18227364613365,5.611898484717768,-1.1131949074951064,True,0.180055554,327.63,,,0.066,0.014997720718383789,1789571274.8681934,131.7471218108608,6.454172398269396,,75.08508,-0.0,0.0,-0.0033597588100890844,-0.000671951762017817,0.0033597588100890844,0.009599310885968814,low-motion,584.3968391418457,597,1031.3820815007946,0,False,0,6795,5186,0.0,0.0,12.30089,10,1.03,False,"[{""service_id"":""local_1s_tight"",""label"":""Immediate motion"",""family"":""local_relative_motion"",""horizon_s"":1.0,""position_tolerance_m"":0.1,""heading_tolerance_deg"":2.0,""maximum_aoi_s"":0.6,""position_error_m"":null,""heading_error_deg"":null,""aoi_s"":0.014997720718383789,""position_margin_m"":null,""heading_margin_deg"":null,""freshness_margin_s"":null,""normalized_margin"":null,""observable"":false,""raw_pass"":false,""reason"":""GPS course unobservable at low speed"",""status"":""unobservable"",""observed_evaluations"":1,""satisfaction_fraction"":0.0},{""service_id"":""local_5s_moderate"",""label"":""Short prediction"",""family"":""local_relative_motion"",""horizon_s"":5.0,""position_tolerance_m"":0.2,""heading_tolerance_deg"":5.0,""maximum_aoi_s"":1.0,""position_error_m"":null,""heading_error_deg"":null,""aoi_s"":0.014997720718383789,""position_margin_m"":null,""heading_margin_deg"":null,""freshness_margin_s"":null,""normalized_margin"":null,""observable"":false,""raw_pass"":false,""reason"":""GPS course unobservable at low speed"",""status"":""unobservable"",""observed_evaluations"":0,""satisfaction_fraction"":null},{""service_id"":""local_10s_preview"",""label"":""Planning support"",""family"":""local_relative_motion"",""horizon_s"":10.0,""position_tolerance_m"":0.5,""heading_tolerance_deg"":10.0,""maximum_aoi_s"":1.5,""position_error_m"":null,""heading_error_deg"":null,""aoi_s"":0.014997720718383789,""position_margin_m"":null,""heading_margin_deg"":null,""freshness_margin_s"":null,""normalized_margin"":null,""observable"":false,""raw_pass"":false,""reason"":""GPS course unobservable at low speed"",""status"":""unobservable"",""observed_evaluations"":0,""satisfaction_fraction"":null},{""service_id"":""global_state_tracking"",""label"":""Global asset tracking"",""family"":""global_synchronization"",""horizon_s"":0.0,""position_tolerance_m"":1.0,""heading_tolerance_deg"":5.0,""maximum_aoi_s"":1.0,""position_error_m"":6.454172398269396,""heading_error_deg"":null,""aoi_s"":0.014997720718383789,""position_margin_m"":-5.454172398269396,""heading_margin_deg"":null,""freshness_margin_s"":0.9850022792816162,""normalized_margin"":-5.454172398269396,""observable"":true,""raw_pass"":false,""reason"":""position tolerance"",""status"":""withdrawn"",""observed_evaluations"":83,""satisfaction_fraction"":0.024096385542168676}]",normal,5.0,0.27469999622553587
83.56100000000004,387.364,1789571662.2397366,128,-0.7282383848048911,0.09469822614790792,1.182926259647556,5.611898484717768,-1.1131949074951064,True,0.118322221,327.63,,,0.057,0.007543087005615234,1789571274.8681934,7.454593658451358,6.454172398269396,,73.47937,-0.0,0.0,0.005366887449882563,0.0010733774899765126,0.005366887449882563,0.015333964142521611,low-motion,574.5425224304199,595,1076.5453657059131,0,False,0,6795,5186,0.0,0.0,12.30089,10,1.03,False,"[{""service_id"":""local_1s_tight"",""label"":""Immediate motion"",""family"":""local_relative_motion"",""horizon_s"":1.0,""position_tolerance_m"":0.1,""heading_tolerance_deg"":2.0,""maximum_aoi_s"":0.6,""position_error_m"":null,""heading_error_deg"":null,""aoi_s"":0.007543087005615234,""position_margin_m"":null,""heading_margin_deg"":null,""freshness_margin_s"":null,""normalized_margin"":null,""observable"":false,""raw_pass"":false,""reason"":""GPS course unobservable at low speed"",""status"":""unobservable"",""observed_evaluations"":1,""satisfaction_fraction"":0.0},{""service_id"":""local_5s_moderate"",""label"":""Short prediction"",""family"":""local_relative_motion"",""horizon_s"":5.0,""position_tolerance_m"":0.2,""heading_tolerance_deg"":5.0,""maximum_aoi_s"":1.0,""position_error_m"":null,""heading_error_deg"":null,""aoi_s"":0.007543087005615234,""position_margin_m"":null,""heading_margin_deg"":null,""freshness_margin_s"":null,""normalized_margin"":null,""observable"":false,""raw_pass"":false,""reason"":""GPS course unobservable at low speed"",""status"":""unobservable"",""observed_evaluations"":0,""satisfaction_fraction"":null},{""service_id"":""local_10s_preview"",""label"":""Planning support"",""family"":""local_relative_motion"",""horizon_s"":10.0,""position_tolerance_m"":0.5,""heading_tolerance_deg"":10.0,""maximum_aoi_s"":1.5,""position_error_m"":null,""heading_error_deg"":null,""aoi_s"":0.007543087005615234,""position_margin_m"":null,""heading_margin_deg"":null,""freshness_margin_s"":null,""normalized_margin"":null,""observable"":false,""raw_pass"":false,""reason"":""GPS course unobservable at low speed"",""status"":""unobservable"",""observed_evaluations"":0,""satisfaction_fraction"":null},{""service_id"":""global_state_tracking"",""label"":""Global asset tracking"",""family"":""global_synchronization"",""horizon_s"":0.0,""position_tolerance_m"":1.0,""heading_tolerance_deg"":5.0,""maximum_aoi_s"":1.0,""position_error_m"":6.454172398269396,""heading_error_deg"":null,""aoi_s"":0.007543087005615234,""position_margin_m"":-5.454172398269396,""heading_margin_deg"":null,""freshness_margin_s"":0.9924569129943848,""normalized_margin"":-5.454172398269396,""observable"":true,""raw_pass"":false,""reason"":""position tolerance"",""status"":""withdrawn"",""observed_evaluations"":84,""satisfaction_fraction"":0.023809523809523808}]",normal,5.0,0.33219996839761734
84.17300000000006,387.976,1789571662.8545933,129,-0.7282383848048911,0.09469822614790792,1.149536156288141,5.611898484717768,-1.1131949074951064,True,0.118322221,327.63,,,0.67,0.010399818420410156,1789571274.8681934,2.856719970679933,6.454172398269396,,70.36913,-0.0,0.0,-0.2727949620867137,-0.054558992417342744,0.2727949620867137,0.7794141773906107,low-motion,583.7280750274658,605,1097.3030348109312,0,False,0,6795,5186,0.0,0.0,12.30089,10,1.03,False,"[{""service_id"":""local_1s_tight"",""label"":""Immediate motion"",""family"":""local_relative_motion"",""horizon_s"":1.0,""position_tolerance_m"":0.1,""heading_tolerance_deg"":2.0,""maximum_aoi_s"":0.6,""position_error_m"":null,""heading_error_deg"":null,""aoi_s"":0.010399818420410156,""position_margin_m"":null,""heading_margin_deg"":null,""freshness_margin_s"":null,""normalized_margin"":null,""observable"":false,""raw_pass"":false,""reason"":""GPS course unobservable at low speed"",""status"":""unobservable"",""observed_evaluations"":1,""satisfaction_fraction"":0.0},{""service_id"":""local_5s_moderate"",""label"":""Short prediction"",""family"":""local_relative_motion"",""horizon_s"":5.0,""position_tolerance_m"":0.2,""heading_tolerance_deg"":5.0,""maximum_aoi_s"":1.0,""position_error_m"":null,""heading_error_deg"":null,""aoi_s"":0.010399818420410156,""position_margin_m"":null,""heading_margin_deg"":null,""freshness_margin_s"":null,""normalized_margin"":null,""observable"":false,""raw_pass"":false,""reason"":""GPS course unobservable at low speed"",""status"":""unobservable"",""observed_evaluations"":0,""satisfaction_fraction"":null},{""service_id"":""local_10s_preview"",""label"":""Planning support"",""family"":""local_relative_motion"",""horizon_s"":10.0,""position_tolerance_m"":0.5,""heading_tolerance_deg"":10.0,""maximum_aoi_s"":1.5,""position_error_m"":null,""heading_error_deg"":null,""aoi_s"":0.010399818420410156,""position_margin_m"":null,""heading_margin_deg"":null,""freshness_margin_s"":null,""normalized_margin"":null,""observable"":false,""raw_pass"":false,""reason"":""GPS course unobservable at low speed"",""status"":""unobservable"",""observed_evaluations"":0,""satisfaction_fraction"":null},{""service_id"":""global_state_tracking"",""label"":""Global asset tracking"",""family"":""global_synchronization"",""horizon_s"":0.0,""position_tolerance_m"":1.0,""heading_tolerance_deg"":5.0,""maximum_aoi_s"":1.0,""position_error_m"":6.454172398269396,""heading_error_deg"":null,""aoi_s"":0.010399818420410156,""position_margin_m"":-5.454172398269396,""heading_margin_deg"":null,""freshness_margin_s"":0.9896001815795898,""normalized_margin"":-5.454172398269396,""observable"":true,""raw_pass"":false,""reason"":""position tolerance"",""status"":""withdrawn"",""observed_evaluations"":85,""satisfaction_fraction"":0.023529411764705882}]",normal,5.0,0.709500047378242
