packet_id,source_elapsed_s,send_monotonic_ns,datagram_bytes,receive_monotonic_ns,received,measured_delay_ms
0,0.0,2002377236257,1124,2002378511601,True,1.275344
1,0.1,2002495557113,1124,2002496020553,True,0.46344
2,0.2,2002584302113,1124,2002584819790,True,0.517677
3,0.3,2002651728217,1124,2002652985739,True,1.257522
4,0.4,2002751868758,1124,2002752486155,True,0.617397
5,0.5,2002859336896,1124,2002859828274,True,0.491378
6,0.6,2002955133126,1124,2002955629591,True,0.496465
7,0.7,2003053344707,1124,2003053840350,True,0.495643
8,0.8,2003154594538,1124,2003155271165,True,0.676627
9,0.9,2003253994839,1124,2003254859776,True,0.864937
10,1.0,2003352434534,1125,2003353149984,True,0.71545
11,1.1,2003455348260,1125,2003455790434,True,0.442174
12,1.2,2003553729655,1125,2003554231418,True,0.501763
13,1.3,2003651430072,1125,2003651990927,True,0.560855
14,1.4,2003754357760,1125,2003754896245,True,0.538485
15,1.5,2003855157550,1125,2003855626268,True,0.468718
16,1.6,2003959699746,1125,2003960376331,True,0.676585
17,1.7,2004051531532,1125,2004052376299,True,0.844767
18,1.8,2004154165113,1125,2004154642664,True,0.477551
19,1.9,2004256935934,1125,2004257339845,True,0.403911
20,2.0,2004353507375,1125,2004353930556,True,0.423181
21,2.1,2004472243759,1125,2004472833063,True,0.589304
22,2.2,2004575860634,1125,2004577013430,True,1.152796
23,2.3,2004660160387,1125,2004660670718,True,0.510331
24,2.4,2004755488423,1125,2004756024307,True,0.535884
25,2.5,2004853945317,1125,2004854578498,True,0.633181
26,2.6,2004951795371,1125,2004952305039,True,0.509668
27,2.7,2005051544010,1125,2005051783150,True,0.23914
28,2.8,2005152796113,1125,2005154005816,True,1.209703
29,2.9,2005251494440,1125,2005251722538,True,0.228098
30,3.0,2005351504142,1125,2005351729936,True,0.225794
31,3.1,2005451484622,1125,2005451743377,True,0.258755
32,3.2,2005553312909,1125,2005553505560,True,0.192651
33,3.3,2005652089494,1125,2005652350042,True,0.260548
34,3.4,2005751565649,1125,2005751770666,True,0.205017
35,3.5,2005851986171,1125,2005852252703,True,0.266532
36,3.6,2005954754730,1125,2005954998078,True,0.243348
37,3.7,2006051525394,1125,2006051764647,True,0.239253
38,3.8,2006153326462,1125,2006153529270,True,0.202808
39,3.9,2006251530478,1125,2006251758170,True,0.227692
40,4.0,2006352293725,1125,2006352528178,True,0.234453
41,4.1,2006452819004,1125,2006453076303,True,0.257299
42,4.2,2006551490634,1125,2006551779822,True,0.289188
43,4.3,2006651633361,1125,2006651863027,True,0.229666
44,4.4,2006751571098,1125,2006751747595,True,0.176497
45,4.5,2006851720671,1125,2006852079927,True,0.359256
46,4.6,2006955325862,1125,2006955569181,True,0.243319
47,4.7,2007051393686,1125,2007051661400,True,0.267714
48,4.8,2007151769693,1125,2007151994462,True,0.224769
49,4.9,2007251535777,1125,2007251784516,True,0.248739
50,5.0,2007352294625,1125,2007352494387,True,0.199762
51,5.1,2007451461885,1125,2007451692745,True,0.23086
52,5.2,2007552261660,1125,2007552498103,True,0.236443
53,5.3,2007653868457,1125,2007654208036,True,0.339579
54,5.4,2007751497651,1125,2007751747911,True,0.25026
55,5.5,2007851618189,1125,2007851819278,True,0.201089
56,5.6,2007952274649,1125,2007952470451,True,0.195802
57,5.7,2008051895525,1125,2008052391223,True,0.495698
58,5.8,2008152342397,1125,2008152561640,True,0.219243
59,5.9,2008251656237,1125,2008251894641,True,0.238404
60,6.0,2008351742989,1125,2008351995891,True,0.252902
61,6.1,2008451647954,1125,2008451867771,True,0.219817
62,6.2,2008552358842,1125,2008552566015,True,0.207173
63,6.3,2008651957996,1125,2008652180797,True,0.222801
64,6.4,2008752550683,1125,2008752861191,True,0.310508
65,6.5,2008852562516,1125,2008852767310,True,0.204794
66,6.6,2008952408259,1125,2008952681168,True,0.272909
67,6.7,2009052344086,1125,2009052563030,True,0.218944
68,6.8,2009151673821,1125,2009151873166,True,0.199345
69,6.9,2009251986800,1125,2009252502903,True,0.516103
70,7.0,2009351523980,1125,2009351804064,True,0.280084
71,7.1,2009451478639,1125,2009451704192,True,0.225553
72,7.2,2009552551517,1125,2009552768806,True,0.217289
73,7.3,2009651508141,1125,2009651724451,True,0.21631
74,7.4,2009751440454,1125,2009751609739,True,0.169285
75,7.5,2009851602453,1125,2009851881903,True,0.27945
76,7.6,2009951812963,1125,2009952065160,True,0.252197
77,7.7,2010051585261,1125,2010051784655,True,0.199394
78,7.8,2010151643186,1125,2010152077740,True,0.434554
79,7.9,2010251691917,1125,2010251929078,True,0.237161
80,8.0,2010351603926,1125,2010351842627,True,0.238701
81,8.1,2010451525639,1125,2010451759344,True,0.233705
82,8.2,2010552765693,1125,2010553028716,True,0.263023
83,8.3,2010652521106,1125,2010652833391,True,0.312285
84,8.4,2010751666840,1125,2010751905690,True,0.23885
85,8.5,2010851613151,1125,2010851843291,True,0.23014
86,8.6,2010951842434,1125,2010952345467,True,0.503033
87,8.7,2011051490972,1125,2011051720928,True,0.229956
88,8.8,2011151949988,1125,2011154547050,True,2.597062
89,8.9,2011251556374,1125,2011251788214,True,0.23184
90,9.0,2011351442494,1125,2011351684289,True,0.241795
91,9.1,2011451585864,1125,2011451838095,True,0.252231
92,9.2,2011552777655,1125,2011553101018,True,0.323363
93,9.3,2011654834649,1125,2011655194487,True,0.359838
94,9.4,2011757451044,1125,2011757682720,True,0.231676
95,9.5,2011869820082,1125,2011870087757,True,0.267675
96,9.6,2011965718367,1125,2011965978196,True,0.259829
97,9.7,2012055226781,1125,2012055484072,True,0.257291
98,9.8,2012152402347,1125,2012152639708,True,0.237361
99,9.9,2012257461049,1125,2012257727106,True,0.266057
100,10.0,2012356584141,1127,2012356859641,True,0.2755
101,10.1,2012455494707,1127,2012455781767,True,0.28706
102,10.2,2012592044604,1127,2012592412571,True,0.367967
103,10.3,2012652226693,1127,2012652460614,True,0.233921
104,10.4,2012759742306,1127,2012759998149,True,0.255843
105,10.5,2012873199249,1127,2012873490382,True,0.291133
106,10.6,2012955957804,1127,2012956222566,True,0.264762
107,10.7,2013059332738,1127,2013059721751,True,0.389013
108,10.8,2013151865511,1127,2013152197212,True,0.331701
109,10.9,2013255390501,1127,2013255730061,True,0.33956
110,11.0,2013358326046,1127,2013358569692,True,0.243646
111,11.1,2013454012632,1127,2013454248283,True,0.235651
112,11.2,2013598662376,1127,2013599013498,True,0.351122
113,11.3,2013652068350,1127,2013652321246,True,0.252896
114,11.4,2013762510599,1127,2013762827667,True,0.317068
115,11.5,2013854384941,1127,2013854657893,True,0.272952
116,11.6,2013963947745,1127,2013964372249,True,0.424504
117,11.7,2014081723448,1127,2014081970946,True,0.247498
118,11.8,2014165790776,1127,2014166053497,True,0.262721
119,11.9,2014264524429,1127,2014264850083,True,0.325654
120,12.0,2014359462546,1127,2014359693690,True,0.231144
121,12.1,2014452657456,1127,2014452916856,True,0.2594
122,12.2,2014555601630,1127,2014555851642,True,0.250012
123,12.3,2014659230608,1127,2014659621999,True,0.391391
124,12.4,2014752187827,1127,2014752467906,True,0.280079
125,12.5,2014855292765,1127,2014855568354,True,0.275589
126,12.6,2014962286767,1127,2014962550699,True,0.263932
127,12.7,2015051365713,1127,2015051628148,True,0.262435
128,12.8,2015154612802,1127,2015154915740,True,0.302938
129,12.9,2015257713961,1127,2015257956889,True,0.242928
130,13.0,2015360980563,1127,2015361274331,True,0.293768
131,13.1,2015452311115,1127,2015452554822,True,0.243707
132,13.2,2015556449167,1127,2015556684994,True,0.235827
133,13.3,2015659426146,1127,2015659670832,True,0.244686
134,13.4,2015752249832,1127,2015752494347,True,0.244515
135,13.5,2015855037260,1127,2015855381845,True,0.344585
136,13.6,2015958430136,1127,2015959104292,True,0.674156
137,13.7,2016051707246,1127,2016051975945,True,0.268699
138,13.8,2016152379712,1127,2016152643185,True,0.263473
139,13.9,2016253674911,1127,2016253904217,True,0.229306
140,14.0,2016351594380,1127,2016351804503,True,0.210123
141,14.1,2016455316902,1127,2016455845781,True,0.528879
142,14.2,2016557897923,1127,2016558157920,True,0.259997
143,14.3,2016651887725,1127,2016652170460,True,0.282735
144,14.4,2016752734206,1127,2016752966090,True,0.231884
145,14.5,2016855674509,1127,2016855919792,True,0.245283
146,14.6,2016955606517,1127,2016955833995,True,0.227478
147,14.7,2017051834627,1127,2017052126925,True,0.292298
148,14.8,2017159753973,1127,2017160012222,True,0.258249
149,14.9,2017256729569,1127,2017257039746,True,0.310177
150,15.0,2017358305968,1127,2017358572418,True,0.26645
151,15.1,2017452386415,1127,2017452756514,True,0.370099
152,15.2,2017556303260,1127,2017556582189,True,0.278929
153,15.3,2017676916206,1127,2017677256611,True,0.340405
154,15.4,2017754169529,1127,2017754436392,True,0.266863
155,15.5,2017853147944,1127,2017853793117,True,0.645173
156,15.6,2017958485872,1127,2017958738925,True,0.253053
157,15.7,2018052560171,1127,2018052790835,True,0.230664
158,15.8,2018152610978,1127,2018153028594,True,0.417616
159,15.9,2018257850491,1127,2018258093780,True,0.243289
160,16.0,2018385023379,1127,2018385572728,True,0.549349
161,16.1,2018452716464,1127,2018452984326,True,0.267862
162,16.2,2018554965737,1127,2018555326754,True,0.361017
163,16.3,2018652204461,1127,2018652724026,True,0.519565
164,16.4,2018751505411,1127,2018751792308,True,0.286897
165,16.5,2018859984959,1127,2018860250021,True,0.265062
166,16.6,2018959056106,1127,2018959271635,True,0.215529
167,16.7,2019051625044,1127,2019051873127,True,0.248083
168,16.8,2019153549302,1127,2019153861404,True,0.312102
169,16.9,2019251889369,1127,2019252117467,True,0.228098
170,17.0,2019360937805,1127,2019361197169,True,0.259364
171,17.1,2019452985557,1127,2019453264553,True,0.278996
172,17.2,2019565722419,1127,2019565946033,True,0.223614
173,17.3,2019660981059,1127,2019661603849,True,0.62279
174,17.4,2019786471317,1127,2019786723805,True,0.252488
175,17.5,2019854781402,1127,2019855288472,True,0.50707
176,17.6,2019959844409,1127,2019960077216,True,0.232807
177,17.7,2020053186648,1127,2020053423008,True,0.23636
178,17.8,2020154686365,1127,2020154987390,True,0.301025
179,17.9,2020259149052,1127,2020259440486,True,0.291434
180,18.0,2020351528908,1127,2020351783273,True,0.254365
181,18.1,2020515621723,1127,2020515864514,True,0.242791
182,18.2,2020616091078,1127,2020617879075,True,1.787997
183,18.3,2020656126100,1127,2020656378562,True,0.252462
184,18.4,2020766807847,1127,2020767067607,True,0.25976
185,18.5,2020856349647,1127,2020856670364,True,0.320717
186,18.6,2020959577411,1127,2020959793610,True,0.216199
187,18.7,2021085014272,1127,2021085268498,True,0.254226
188,18.8,2021158118413,1127,2021158692529,True,0.574116
189,18.9,2021251678326,1127,2021251921251,True,0.242925
190,19.0,2021354838008,1127,2021355075708,True,0.2377
191,19.1,2021455963101,1127,2021456522713,True,0.559612
192,19.2,2021554622979,1127,2021554857905,True,0.234926
193,19.3,2021655308089,1127,2021655581282,True,0.273193
194,19.4,2021754884497,1127,2021755132966,True,0.248469
195,19.5,2021860630055,1127,2021860837677,True,0.207622
196,19.6,2021953046575,1127,2021953262192,True,0.215617
197,19.7,2022056275536,1127,2022056847271,True,0.571735
198,19.8,2022164016052,1127,2022164520742,True,0.50469
199,19.9,2022253900517,1127,2022254108517,True,0.208
200,20.0,2022376055063,1127,2022376310320,True,0.255257
201,20.1,2022459961554,1127,2022460222249,True,0.260695
202,20.2,2022552528718,1127,2022552797075,True,0.268357
203,20.3,2022655346732,1127,2022655623880,True,0.277148
204,20.4,2022758892097,1127,2022759141955,True,0.249858
205,20.5,2022887519949,1127,2022887806786,True,0.286837
206,20.6,2022993101827,1127,2022993566110,True,0.464283
207,20.7,2023159513451,1127,2023159978404,True,0.464953
208,20.8,2023159720596,1127,2023160049374,True,0.328778
209,20.9,2023253116732,1127,2023253640415,True,0.523683
210,21.0,2023392240735,1127,2023392497082,True,0.256347
211,21.1,2023459085093,1127,2023459304952,True,0.219859
212,21.2,2023570597434,1127,2023570844763,True,0.247329
213,21.3,2023655524188,1127,2023655868384,True,0.344196
214,21.4,2023794461101,1127,2023794770050,True,0.308949
215,21.5,2023854560119,1127,2023854803171,True,0.243052
216,21.6,2023955399534,1127,2023955635050,True,0.235516
217,21.7,2024059129640,1127,2024059358269,True,0.228629
218,21.8,2024160212684,1127,2024160441721,True,0.229037
219,21.9,2024254771921,1127,2024255012816,True,0.240895
220,22.0,2024355936480,1127,2024356451295,True,0.514815
221,22.1,2024451749482,1127,2024452633345,True,0.883863
222,22.2,2024554422341,1127,2024554655859,True,0.233518
223,22.3,2024656214400,1127,2024656468010,True,0.25361
224,22.4,2024755069830,1127,2024755308153,True,0.238323
225,22.5,2024852504190,1127,2024852772215,True,0.268025
226,22.6,2024954985995,1127,2024955225242,True,0.239247
227,22.7,2025052061830,1127,2025052880811,True,0.818981
228,22.8,2025156625763,1127,2025157191351,True,0.565588
229,22.9,2025256072414,1127,2025256313881,True,0.241467
230,23.0,2025430099322,1127,2025430375818,True,0.276496
231,23.1,2025451650036,1127,2025451861248,True,0.211212
232,23.2,2025554348883,1127,2025554599455,True,0.250572
233,23.3,2025657443984,1127,2025657693211,True,0.249227
234,23.4,2025783514331,1127,2025783812214,True,0.297883
235,23.5,2025853915549,1127,2025854172272,True,0.256723
236,23.6,2025957869266,1127,2025958107374,True,0.238108
237,23.7,2026059075189,1127,2026059463532,True,0.388343
238,23.8,2026152555086,1127,2026152804346,True,0.24926
239,23.9,2026277663667,1127,2026277988818,True,0.325151
240,24.0,2026351880921,1127,2026352133061,True,0.25214
241,24.1,2026453344205,1127,2026453581475,True,0.23727
242,24.2,2026557583501,1127,2026557866548,True,0.283047
243,24.3,2026659974477,1127,2026660235272,True,0.260795
244,24.4,2026752558630,1127,2026752826185,True,0.267555
245,24.5,2026864648426,1127,2026864894006,True,0.24558
246,24.6,2026959737807,1127,2026960006540,True,0.268733
247,24.7,2027052503035,1127,2027052753579,True,0.250544
248,24.8,2027153540574,1127,2027153781470,True,0.240896
249,24.9,2027258272820,1127,2027258481285,True,0.208465
250,25.0,2027363145766,1127,2027363434154,True,0.288388
251,25.1,2027503046909,1127,2027503880623,True,0.833714
252,25.2,2027573848719,1127,2027574081291,True,0.232572
253,25.3,2027674253450,1127,2027674514764,True,0.261314
254,25.4,2027755000302,1127,2027755411344,True,0.411042
255,25.5,2027858737833,1127,2027858969141,True,0.231308
256,25.6,2027952182162,1127,2027952429293,True,0.247131
257,25.7,2028052932964,1127,2028053124996,True,0.192032
258,25.8,2028156196527,1127,2028156470951,True,0.274424
259,25.9,2028270587884,1127,2028270852987,True,0.265103
260,26.0,2028353338766,1127,2028353569438,True,0.230672
261,26.1,2028454403936,1127,2028454702158,True,0.298222
262,26.2,2028560274569,1127,2028560509465,True,0.234896
263,26.3,2028655471340,1127,2028656438360,True,0.96702
264,26.4,2028756082490,1127,2028756431328,True,0.348838
265,26.5,2028853554211,1127,2028853953117,True,0.398906
266,26.6,2028953753314,1127,2028954722202,True,0.968888
267,26.7,2029056517295,1127,2029056778800,True,0.261505
268,26.8,2029159193880,1127,2029159430969,True,0.237089
269,26.9,2029273661297,1127,2029273917106,True,0.255809
270,27.0,2029355397512,1127,2029355608976,True,0.211464
271,27.1,2029459124214,1127,2029459371000,True,0.246786
272,27.2,2029552265071,1127,2029552511585,True,0.246514
273,27.3,2029656877762,1127,2029657168297,True,0.290535
274,27.4,2029756793306,1127,2029757033524,True,0.240218
275,27.5,2029851995018,1127,2029852256599,True,0.261581
276,27.6,2029982330721,1127,2029982593919,True,0.263198
277,27.7,2030058096251,1127,2030058374102,True,0.277851
278,27.8,2030151892954,1127,2030152084060,True,0.191106
279,27.9,2030277664359,1127,2030277945884,True,0.281525
280,28.0,2030356478963,1127,2030356750122,True,0.271159
281,28.1,2030459368976,1127,2030459604747,True,0.235771
282,28.2,2030552552587,1127,2030552785212,True,0.232625
283,28.3,2030655997362,1127,2030656255862,True,0.2585
284,28.4,2030796786948,1127,2030797395934,True,0.608986
285,28.5,2030851888214,1127,2030852118331,True,0.230117
286,28.6,2030955215209,1127,2030955454400,True,0.239191
287,28.7,2031119254403,1127,2031119551852,True,0.297449
288,28.8,2031205783472,1127,2031206048710,True,0.265238
289,28.9,2031254293951,1127,2031254457521,True,0.16357
290,29.0,2031357943982,1127,2031358186826,True,0.242844
291,29.1,2031452257640,1127,2031452489614,True,0.231974
292,29.2,2031554445241,1127,2031554675946,True,0.230705
293,29.3,2031674391124,1127,2031674792438,True,0.401314
294,29.4,2031759748645,1127,2031759958263,True,0.209618
295,29.5,2031864655460,1127,2031864961515,True,0.306055
296,29.6,2031955795437,1127,2031956093499,True,0.298062
297,29.7,2032058575823,1127,2032058872325,True,0.296502
298,29.8,2032152396729,1127,2032152676927,True,0.280198
299,29.9,2032275098961,1127,2032275343326,True,0.244365
300,30.0,2032358201173,1127,2032358453684,True,0.252511
301,30.1,2032453222365,1127,2032453468132,True,0.245767
302,30.2,2032553627081,1127,2032553846417,True,0.219336
303,30.3,2032661873181,1127,2032662084446,True,0.211265
304,30.4,2032759223575,1127,2032759434516,True,0.210941
305,30.5,2032854246105,1127,2032854484903,True,0.238798
306,30.6,2032957621145,1127,2032959572204,True,1.951059
307,30.7,2033051376155,1127,2033051648715,True,0.27256
308,30.8,2033152106726,1127,2033152432467,True,0.325741
309,30.9,2033256685787,1127,2033256918873,True,0.233086
310,31.0,2033360372109,1127,2033360669313,True,0.297204
311,31.1,2033456732176,1127,2033457057655,True,0.325479
312,31.2,2033551963718,1127,2033552230242,True,0.266524
313,31.3,2033664063348,1127,2033664523590,True,0.460242
314,31.4,2033753241052,1127,2033753461681,True,0.220629
315,31.5,2033856417597,1127,2033856661509,True,0.243912
316,31.6,2033955705185,1127,2033956756583,True,1.051398
317,31.7,2034051570968,1127,2034051811584,True,0.240616
318,31.8,2034152427879,1127,2034152607697,True,0.179818
319,31.9,2034252796113,1127,2034253028112,True,0.231999
320,32.0,2034351537470,1127,2034352486453,True,0.948983
321,32.1,2034452173284,1127,2034453882292,True,1.709008
322,32.2,2034666978442,1127,2034681011223,True,14.032781
323,32.3,2034681102189,1127,2034681177099,True,0.07491
324,32.4,2034752978816,1127,2034753201721,True,0.222905
325,32.5,2034851562367,1127,2034852221774,True,0.659407
326,32.6,2034951524358,1127,2034952012205,True,0.487847
327,32.7,2035051520385,1127,2035051981112,True,0.460727
328,32.8,2035153474005,1127,2035153706404,True,0.232399
329,32.9,2035252115891,1127,2035252339994,True,0.224103
330,33.0,2035351734343,1127,2035351960424,True,0.226081
331,33.1,2035452136186,1127,2035452370571,True,0.234385
332,33.2,2035551491089,1127,2035552084828,True,0.593739
333,33.3,2035651547163,1127,2035651779478,True,0.232315
334,33.4,2035752083574,1127,2035752309678,True,0.226104
335,33.5,2035851550450,1127,2035852099411,True,0.548961
336,33.6,2035951522206,1127,2035951987665,True,0.465459
337,33.7,2036052489406,1127,2036052705101,True,0.215695
338,33.8,2036151488891,1127,2036152145194,True,0.656303
339,33.9,2036251950620,1127,2036252184765,True,0.234145
340,34.0,2036353453466,1127,2036353669173,True,0.215707
341,34.1,2036451552187,1127,2036451772915,True,0.220728
342,34.2,2036551525923,1127,2036551999693,True,0.47377
343,34.3,2036652999217,1127,2036653256290,True,0.257073
344,34.4,2036751478207,1127,2036751995948,True,0.517741
345,34.5,2036851600923,1127,2036851832967,True,0.232044
346,34.6,2036951543149,1127,2036952058374,True,0.515225
347,34.7,2037052723844,1127,2037052910507,True,0.186663
348,34.8,2037151529740,1127,2037152036329,True,0.506589
349,34.9,2037251473757,1127,2037251630242,True,0.156485
350,35.0,2037352651182,1127,2037352822012,True,0.17083
351,35.1,2037451522912,1127,2037451696967,True,0.174055
352,35.2,2037551533032,1127,2037551709367,True,0.176335
353,35.3,2037652286024,1127,2037652458212,True,0.172188
354,35.4,2037751440256,1127,2037751613145,True,0.172889
355,35.5,2037852454669,1127,2037852707358,True,0.252689
356,35.6,2037953169976,1127,2037953376339,True,0.206363
357,35.7,2038058526772,1127,2038058730301,True,0.203529
358,35.8,2038152282224,1127,2038152492636,True,0.210412
359,35.9,2038252625403,1127,2038252816635,True,0.191232
360,36.0,2038353889054,1127,2038354109144,True,0.22009
361,36.1,2038456251345,1127,2038456460494,True,0.209149
362,36.2,2038551487258,1127,2038551714310,True,0.227052
363,36.3,2038651480986,1127,2038651654138,True,0.173152
364,36.4,2038751480993,1127,2038751676636,True,0.195643
365,36.5,2038852430475,1127,2038852648341,True,0.217866
366,36.6,2038951599270,1127,2038951816362,True,0.217092
367,36.7,2039052337334,1127,2039052851755,True,0.514421
368,36.8,2039151549109,1127,2039151765167,True,0.216058
369,36.9,2039251564047,1127,2039251773139,True,0.209092
370,37.0,2039351565648,1127,2039351787478,True,0.22183
371,37.1,2039452272113,1127,2039452520011,True,0.247898
372,37.2,2039551529356,1127,2039551750629,True,0.221273
373,37.3,2039652333611,1127,2039652607141,True,0.27353
374,37.4,2039751680369,1127,2039751920576,True,0.240207
375,37.5,2039851525799,1127,2039851752331,True,0.226532
376,37.6,2039951527452,1127,2039951747337,True,0.219885
377,37.7,2040053057640,1127,2040053282462,True,0.224822
378,37.8,2040151475985,1127,2040151687825,True,0.21184
379,37.9,2040251562526,1127,2040253204952,True,1.642426
380,38.0,2040351857469,1127,2040352379996,True,0.522527
381,38.1,2040452935265,1127,2040453171671,True,0.236406
382,38.2,2040557054579,1127,2040557658227,True,0.603648
383,38.3,2040658422455,1127,2040658672161,True,0.249706
384,38.4,2040761016308,1127,2040761257964,True,0.241656
385,38.5,2040864152732,1127,2040864400684,True,0.247952
386,38.6,2040957413614,1127,2040957640907,True,0.227293
387,38.7,2041066609518,1127,2041066833641,True,0.224123
388,38.8,2041154726655,1127,2041154966976,True,0.240321
389,38.9,2041258114170,1127,2041258329328,True,0.215158
390,39.0,2041351944562,1127,2041352166250,True,0.221688
391,39.1,2041452723690,1127,2041453397711,True,0.674021
392,39.2,2041557477067,1127,2041557722632,True,0.245565
393,39.3,2041651778722,1127,2041651994917,True,0.216195
394,39.4,2041754835800,1127,2041755101027,True,0.265227
395,39.5,2041859366786,1127,2041859621567,True,0.254781
396,39.6,2041964560973,1127,2041964824961,True,0.263988
397,39.7,2042054499766,1127,2042054741409,True,0.241643
398,39.8,2042161673901,1127,2042161943982,True,0.270081
399,39.9,2042262761022,1127,2042262936100,True,0.175078
400,40.0,2042354918276,1127,2042355587522,True,0.669246
401,40.1,2042458971672,1127,2042459328197,True,0.356525
402,40.2,2042551838997,1127,2042552060451,True,0.221454
403,40.3,2042654346455,1127,2042654601539,True,0.255084
404,40.4,2042757192443,1127,2042757427401,True,0.234958
405,40.5,2042851862753,1127,2042852090568,True,0.227815
406,40.6,2042953578869,1127,2042954212619,True,0.63375
407,40.7,2043057427000,1127,2043057668233,True,0.241233
408,40.8,2043159759915,1127,2043160194858,True,0.434943
409,40.9,2043252915482,1127,2043253133775,True,0.218293
410,41.0,2043355739092,1127,2043356038867,True,0.299775
411,41.1,2043500691315,1127,2043501030105,True,0.33879
412,41.2,2043553134287,1127,2043553420614,True,0.286327
413,41.3,2043657333003,1127,2043657604247,True,0.271244
414,41.4,2043759066418,1127,2043759443776,True,0.377358
415,41.5,2043858041103,1127,2043858279824,True,0.238721
416,41.6,2043951529173,1127,2043951780604,True,0.251431
417,41.7,2044056779346,1127,2044057688850,True,0.909504
418,41.8,2044199166889,1127,2044199558802,True,0.391913
419,41.9,2044256213147,1127,2044256450415,True,0.237268
420,42.0,2044357079529,1127,2044357776369,True,0.69684
421,42.1,2044459589551,1127,2044459826600,True,0.237049
422,42.2,2044553751032,1127,2044553974792,True,0.22376
423,42.3,2044651704379,1127,2044652058408,True,0.354029
424,42.4,2044751519291,1127,2044751751976,True,0.232685
425,42.5,2044853227781,1127,2044853982197,True,0.754416
426,42.6,2044958178504,1127,2044958473053,True,0.294549
427,42.7,2045060118505,1127,2045060382689,True,0.264184
428,42.8,2045151877184,1127,2045152174993,True,0.297809
429,42.9,2045253788908,1127,2045254059558,True,0.27065
430,43.0,2045358440365,1127,2045358751359,True,0.310994
431,43.1,2045464256420,1127,2045464529058,True,0.272638
432,43.2,2045553741097,1127,2045553970988,True,0.229891
433,43.3,2045659371467,1127,2045659629243,True,0.257776
434,43.4,2045759751265,1127,2045760005017,True,0.253752
435,43.5,2045852318355,1127,2045852559568,True,0.241213
436,43.6,2045956022782,1127,2045956260188,True,0.237406
437,43.7,2046054047469,1127,2046054269190,True,0.221721
438,43.8,2046152163211,1127,2046152563497,True,0.400286
439,43.9,2046255220065,1127,2046255465482,True,0.245417
440,44.0,2046358763121,1127,2046358999575,True,0.236454
441,44.1,2046451666094,1127,2046451901899,True,0.235805
442,44.2,2046556750822,1127,2046557017802,True,0.26698
443,44.3,2046659714399,1127,2046659981978,True,0.267579
444,44.4,2046758404438,1127,2046758630183,True,0.225745
445,44.5,2046853220926,1127,2046853582560,True,0.361634
446,44.6,2046957212615,1127,2046957666116,True,0.453501
447,44.7,2047110393432,1127,2047110649288,True,0.255856
448,44.8,2047224862145,1127,2047226437029,True,1.574884
449,44.9,2047257045540,1127,2047258980671,True,1.935131
450,45.0,2047360330493,1127,2047360579315,True,0.248822
451,45.1,2047453983018,1127,2047454215863,True,0.232845
452,45.2,2047556200369,1127,2047556450849,True,0.25048
453,45.3,2047720817258,1127,2047722334229,True,1.516971
454,45.4,2047777303576,1127,2047778109492,True,0.805916
455,45.5,2047853949249,1127,2047854207861,True,0.258612
456,45.6,2047957343727,1127,2047957598445,True,0.254718
457,45.7,2048051709777,1127,2048052225672,True,0.515895
458,45.8,2048178899034,1127,2048179146780,True,0.247746
459,45.9,2048256678422,1127,2048256930322,True,0.2519
460,46.0,2048356606688,1127,2048357845150,True,1.238462
461,46.1,2048453364862,1127,2048454333935,True,0.969073
462,46.2,2048557959108,1127,2048558201983,True,0.242875
463,46.3,2048659769495,1127,2048660048315,True,0.27882
464,46.4,2048751617175,1127,2048751870959,True,0.253784
465,46.5,2048858775093,1127,2048860054492,True,1.279399
466,46.6,2048951970921,1127,2048952173695,True,0.202774
467,46.7,2049052344777,1127,2049052579452,True,0.234675
468,46.8,2049186971467,1127,2049188760203,True,1.788736
469,46.9,2049259793814,1127,2049260027852,True,0.234038
470,47.0,2049352140505,1127,2049352473383,True,0.332878
471,47.1,2049455819302,1127,2049456236069,True,0.416767
472,47.2,2049557253027,1127,2049557501310,True,0.248283
473,47.3,2049652746988,1127,2049652961587,True,0.214599
474,47.4,2049800721519,1127,2049800994702,True,0.273183
475,47.5,2049857586030,1127,2049857808165,True,0.222135
476,47.6,2049959776192,1127,2049960065480,True,0.289288
477,47.7,2050053276698,1127,2050053515753,True,0.239055
478,47.8,2050154293958,1127,2050154521530,True,0.227572
479,47.9,2050259477622,1127,2050259702807,True,0.225185
480,48.0,2050353406797,1127,2050353914736,True,0.507939
481,48.1,2050456276803,1127,2050456495996,True,0.219193
482,48.2,2050559429872,1127,2050559741330,True,0.311458
483,48.3,2050651828638,1127,2050652043021,True,0.214383
484,48.4,2050755796942,1127,2050756048453,True,0.251511
485,48.5,2050866168989,1127,2050866400474,True,0.231485
486,48.6,2050958108676,1127,2050958338313,True,0.229637
487,48.7,2051053880921,1127,2051054219261,True,0.33834
488,48.8,2051165201108,1127,2051165427221,True,0.226113
489,48.9,2051260617549,1127,2051260876982,True,0.259433
490,49.0,2051354785185,1127,2051355030647,True,0.245462
491,49.1,2051456747544,1127,2051456974807,True,0.227263
492,49.2,2051605612533,1127,2051605878883,True,0.26635
493,49.3,2051698553962,1127,2051698799186,True,0.245224
494,49.4,2051817675412,1127,2051817998710,True,0.323298
495,49.5,2051851684577,1127,2051851908923,True,0.224346
496,49.6,2051952605038,1127,2051952808252,True,0.203214
497,49.7,2052068077514,1127,2052068324849,True,0.247335
498,49.8,2052151602193,1127,2052151840366,True,0.238173
499,49.9,2052252632533,1127,2052253814170,True,1.181637
500,50.0,2052393881206,1127,2052394110614,True,0.229408
501,50.1,2052484983643,1127,2052485199964,True,0.216321
502,50.2,2052552116139,1127,2052552347017,True,0.230878
503,50.3,2052653562402,1127,2052654646151,True,1.083749
504,50.4,2052757576413,1127,2052757955224,True,0.378811
505,50.5,2052851499600,1127,2052852053137,True,0.553537
506,50.6,2052952239843,1127,2052952635258,True,0.395415
507,50.7,2053057569216,1127,2053058299410,True,0.730194
508,50.8,2053156716530,1127,2053157570373,True,0.853843
509,50.9,2053253311350,1127,2053254086473,True,0.775123
510,51.0,2053356421525,1127,2053356874585,True,0.45306
511,51.1,2053459954716,1127,2053460685330,True,0.730614
512,51.2,2053553783477,1127,2053554733678,True,0.950201
513,51.3,2053657394622,1127,2053657643527,True,0.248905
514,51.4,2053758705733,1127,2053758953978,True,0.248245
515,51.5,2053851612185,1127,2053851858853,True,0.246668
516,51.6,2053952289088,1127,2053952493308,True,0.20422
517,51.7,2054060194162,1127,2054060436697,True,0.242535
518,51.8,2054151519428,1127,2054151757594,True,0.238166
519,51.9,2054255976977,1127,2054256228472,True,0.251495
520,52.0,2054358744335,1127,2054359002974,True,0.258639
521,52.1,2054601376182,1127,2054601597006,True,0.220824
522,52.2,2054601541505,1127,2054601725243,True,0.183738
523,52.3,2054651404852,1127,2054651608685,True,0.203833
524,52.4,2054759291306,1127,2054759467572,True,0.176266
525,52.5,2054854199402,1127,2054854539871,True,0.340469
526,52.6,2054956421647,1127,2054958545230,True,2.123583
527,52.7,2055059746781,1127,2055060011848,True,0.265067
528,52.8,2055151915657,1127,2055152121903,True,0.206246
529,52.9,2055251755659,1127,2055252013080,True,0.257421
530,53.0,2055355232133,1127,2055355464949,True,0.232816
531,53.1,2055451768643,1127,2055451992820,True,0.224177
532,53.2,2055555640052,1127,2055555908260,True,0.268208
533,53.3,2055653761638,1127,2055654241456,True,0.479818
534,53.4,2055752257625,1127,2055752491187,True,0.233562
535,53.5,2055851461839,1127,2055851731966,True,0.270127
536,53.6,2055955465275,1127,2055955706065,True,0.24079
537,53.7,2056059916607,1127,2056060418465,True,0.501858
538,53.8,2056151437742,1127,2056151663199,True,0.225457
539,53.9,2056255242564,1127,2056255500437,True,0.257873
540,54.0,2056358917217,1127,2056359168234,True,0.251017
541,54.1,2056460412743,1127,2056460716161,True,0.303418
542,54.2,2056555853445,1127,2056556722197,True,0.868752
543,54.3,2056664061772,1127,2056664300540,True,0.238768
544,54.4,2056752055799,1127,2056752240848,True,0.185049
545,54.5,2056851934660,1127,2056852177203,True,0.242543
546,54.6,2056959885493,1127,2056960095762,True,0.210269
547,54.7,2057053622432,1127,2057053858175,True,0.235743
548,54.8,2057157410541,1127,2057157656614,True,0.246073
549,54.9,2057254055891,1127,2057254315664,True,0.259773
550,55.0,2057352466345,1127,2057352690986,True,0.224641
551,55.1,2057457301335,1127,2057457538702,True,0.237367
552,55.2,2057558993932,1127,2057559998325,True,1.004393
553,55.3,2057656455689,1127,2057656716266,True,0.260577
554,55.4,2057754755238,1127,2057754995474,True,0.240236
555,55.5,2057856507109,1127,2057856909787,True,0.402678
556,55.6,2057971599837,1127,2057971901050,True,0.301213
557,55.7,2058054037323,1127,2058054806929,True,0.769606
558,55.8,2058157325879,1127,2058157575721,True,0.249842
559,55.9,2058251545016,1127,2058251769581,True,0.224565
560,56.0,2058353852224,1127,2058354045595,True,0.193371
561,56.1,2058457712546,1127,2058457982183,True,0.269637
562,56.2,2058555235427,1127,2058555511833,True,0.276406
563,56.3,2058666126209,1127,2058666358972,True,0.232763
564,56.4,2058755265039,1127,2058755563821,True,0.298782
565,56.5,2058859045140,1127,2058859290613,True,0.245473
566,56.6,2058992976528,1127,2058993594899,True,0.618371
567,56.7,2059055141869,1127,2059055429075,True,0.287206
568,56.8,2059158724416,1127,2059158986761,True,0.262345
569,56.9,2059252040622,1127,2059252341532,True,0.30091
570,57.0,2059354439766,1127,2059354673671,True,0.233905
571,57.1,2059540115494,1127,2059540881696,True,0.766202
572,57.2,2059561756045,1127,2059562029978,True,0.273933
573,57.3,2059669741229,1127,2059669998900,True,0.257671
574,57.4,2059756972574,1127,2059757203095,True,0.230521
575,57.5,2059860468720,1127,2059860696396,True,0.227676
576,57.6,2059951999121,1127,2059952244406,True,0.245285
577,57.7,2060063573278,1127,2060063832542,True,0.259264
578,57.8,2060159343461,1127,2060159591485,True,0.248024
579,57.9,2060290835830,1127,2060291106703,True,0.270873
580,58.0,2060351504002,1127,2060351788167,True,0.284165
581,58.1,2060458891882,1127,2060459147447,True,0.255565
582,58.2,2060562607126,1127,2060562837428,True,0.230302
583,58.3,2060655819277,1127,2060656077751,True,0.258474
584,58.4,2060751713313,1127,2060751964568,True,0.251255
585,58.5,2060851711686,1127,2060851973864,True,0.262178
586,58.6,2060954987302,1127,2060955229722,True,0.24242
587,58.7,2061056909192,1127,2061058216111,True,1.306919
588,58.8,2061160518502,1127,2061160739432,True,0.22093
589,58.9,2061253352120,1127,2061253532173,True,0.180053
590,59.0,2061366773640,1127,2061367004965,True,0.231325
591,59.1,2061460235129,1127,2061460508056,True,0.272927
592,59.2,2061626691473,1127,2061626936448,True,0.244975
593,59.3,2061655179318,1127,2061661630381,True,6.451063
594,59.4,2061802556514,1127,2061802810490,True,0.253976
595,59.5,2061866334057,1127,2061866553790,True,0.219733
596,59.6,2061954411579,1127,2061954634176,True,0.222597
597,59.7,2062051671568,1127,2062051896038,True,0.22447
598,59.8,2062152305963,1127,2062152536103,True,0.23014
599,59.9,2062251874418,1127,2062252108061,True,0.233643
600,60.0,2062357621133,1127,2062357881359,True,0.260226
601,60.1,2062459787257,1127,2062460097564,True,0.310307
602,60.2,2062553637799,1127,2062553886864,True,0.249065
603,60.3,2062658950300,1127,2062659755860,True,0.80556
604,60.4,2062760135460,1127,2062760380833,True,0.245373
605,60.5,2062852810434,1127,2062853015597,True,0.205163
606,60.6,2062955145212,1127,2062955391560,True,0.246348
607,60.7,2063066401479,1127,2063066654750,True,0.253271
608,60.8,2063152953081,1127,2063153181790,True,0.228709
609,60.9,2063256849434,1127,2063257028892,True,0.179458
610,61.0,2063359475337,1127,2063359708327,True,0.23299
611,61.1,2063452819337,1127,2063453038146,True,0.218809
612,61.2,2063556494585,1127,2063556786994,True,0.292409
613,61.3,2063661308368,1127,2063661590915,True,0.282547
614,61.4,2063760930125,1127,2063761281889,True,0.351764
615,61.5,2063854966060,1127,2063855568803,True,0.602743
616,61.6,2063988963559,1127,2063989269497,True,0.305938
617,61.7,2064052102067,1127,2064052348723,True,0.246656
618,61.8,2064166915472,1127,2064167160982,True,0.24551
619,61.9,2064269561777,1127,2064269852212,True,0.290435
620,62.0,2064359899222,1127,2064360121220,True,0.221998
621,62.1,2064453360439,1127,2064453592563,True,0.232124
622,62.2,2064555983832,1127,2064556290146,True,0.306314
623,62.3,2064660005496,1127,2064660674765,True,0.669269
624,62.4,2064753015299,1127,2064753817895,True,0.802596
625,62.5,2064855957376,1127,2064856615071,True,0.657695
626,62.6,2064959480488,1127,2064959917035,True,0.436547
627,62.7,2065053167464,1127,2065053431797,True,0.264333
628,62.8,2065152538281,1127,2065152747835,True,0.209554
629,62.9,2065258718421,1127,2065259006770,True,0.288349
630,63.0,2065352003094,1127,2065352363104,True,0.36001
631,63.1,2065482947841,1127,2065483498759,True,0.550918
632,63.2,2065568133517,1127,2065568331506,True,0.197989
633,63.3,2065652278228,1127,2065652663814,True,0.385586
634,63.4,2065753611134,1127,2065753847101,True,0.235967
635,63.5,2065857315027,1127,2065857562048,True,0.247021
636,63.6,2065960940151,1127,2065961193721,True,0.25357
637,63.7,2066052814273,1127,2066053039341,True,0.225068
638,63.8,2066156119000,1127,2066156353386,True,0.234386
639,63.9,2066259353826,1127,2066259587569,True,0.233743
640,64.0,2066352450797,1127,2066352674507,True,0.22371
641,64.1,2066456005587,1127,2066456247545,True,0.241958
642,64.2,2066568536049,1127,2066568827437,True,0.291388
643,64.3,2066651937173,1127,2066652184001,True,0.246828
644,64.4,2066794492709,1127,2066795159347,True,0.666638
645,64.5,2066857779864,1127,2066858212914,True,0.43305
646,64.6,2066956518477,1127,2066956751423,True,0.232946
647,64.7,2067053907616,1127,2067054139273,True,0.231657
648,64.8,2067157383550,1127,2067157653771,True,0.270221
649,64.9,2067264339293,1127,2067264593365,True,0.254072
650,65.0,2067353544430,1127,2067353774440,True,0.23001
651,65.1,2067452007864,1127,2067452267284,True,0.25942
652,65.2,2067559806434,1127,2067560042062,True,0.235628
653,65.3,2067652575052,1127,2067652818618,True,0.243566
654,65.4,2067760361864,1127,2067760548322,True,0.186458
655,65.5,2067857827010,1127,2067858059233,True,0.232223
656,65.6,2067958735617,1127,2067958981744,True,0.246127
657,65.7,2068843558569,1127,2068844895821,True,1.337252
658,65.8,2068844089975,1127,2068844967586,True,0.877611
659,65.9,2068844183459,1127,2068844987822,True,0.804363
660,66.0,2068844221252,1127,2068845689833,True,1.468581
661,66.1,2068845742662,1127,2068845998623,True,0.255961
662,66.2,2068845879906,1127,2068846021426,True,0.14152
663,66.3,2068845926005,1127,2068846032289,True,0.106284
664,66.4,2068845961591,1127,2068846042182,True,0.080591
665,66.5,2071347244348,1127,2071348333515,True,1.089167
666,66.6,2071347425697,1127,2071348401311,True,0.975614
667,66.7,2071347463983,1127,2071348491437,True,1.027454
668,66.8,2071347487304,1127,2071348504512,True,1.017208
669,66.9,2071347507060,1127,2071348514770,True,1.00771
670,67.0,2071347526725,1127,2071348523955,True,0.99723
671,67.1,2071347545061,1127,2071348533125,True,0.988064
672,67.2,2071347562917,1127,2071348541942,True,0.979025
673,67.3,2071347582027,1127,2071348551954,True,0.969927
674,67.4,2071347600261,1127,2071348560512,True,0.960251
675,67.5,2071347618481,1127,2071348569810,True,0.951329
676,67.6,2071347638799,1127,2071348578880,True,0.940081
677,67.7,2071347656620,1127,2071348587283,True,0.930663
678,67.8,2071347674061,1127,2071348595969,True,0.921908
679,67.9,2071347691483,1127,2071348691338,True,0.999855
680,68.0,2071348002512,1127,2071348709040,True,0.706528
681,68.1,2071348066767,1127,2071348720258,True,0.653491
682,68.2,2071348110075,1127,2071348729467,True,0.619392
683,68.3,2071348130798,1127,2071348738547,True,0.607749
684,68.4,2071348149679,1127,2071348747170,True,0.597491
685,68.5,2071348167509,1127,2071348769575,True,0.602066
686,68.6,2071348189461,1127,2071348778942,True,0.589481
687,68.7,2071348207322,1127,2071348787729,True,0.580407
688,68.8,2071348224853,1127,2071348797507,True,0.572654
689,68.9,2071348244185,1127,2071348806258,True,0.562073
690,69.0,2071357931453,1127,2071358361864,True,0.430411
691,69.1,2071451378877,1127,2071451572918,True,0.194041
692,69.2,2071553712238,1127,2071553919758,True,0.20752
693,69.3,2071660249130,1127,2071660514763,True,0.265633
694,69.4,2071751974005,1127,2071752242305,True,0.2683
695,69.5,2071853539923,1127,2071853720836,True,0.180913
696,69.6,2071956228324,1127,2071956416679,True,0.188355
697,69.7,2072060777257,1127,2072060966297,True,0.18904
698,69.8,2072160230624,1127,2072160425889,True,0.195265
699,69.9,2072258335519,1127,2072258523229,True,0.18771
700,70.0,2072360726747,1127,2072361017742,True,0.290995
701,70.1,2072452849718,1127,2072453061020,True,0.211302
702,70.2,2072552318385,1127,2072552576665,True,0.25828
703,70.3,2072670480208,1127,2072670768933,True,0.288725
704,70.4,2072751870728,1127,2072752110896,True,0.240168
705,70.5,2072855732946,1127,2072855973336,True,0.24039
706,70.6,2072958146277,1127,2072958508127,True,0.36185
707,70.7,2073052618180,1127,2073052912550,True,0.29437
708,70.8,2073152509167,1127,2073152758480,True,0.249313
709,70.9,2073259632095,1127,2073259893883,True,0.261788
710,71.0,2073359849339,1127,2073360120931,True,0.271592
711,71.1,2073452565746,1127,2073452816447,True,0.250701
712,71.2,2073555054202,1127,2073555354036,True,0.299834
713,71.3,2073669551392,1127,2073669814192,True,0.2628
714,71.4,2073752434672,1127,2073752672296,True,0.237624
715,71.5,2073855907894,1127,2073856154849,True,0.246955
716,71.6,2073957580623,1127,2073957859272,True,0.278649
717,71.7,2074052766775,1127,2074053001921,True,0.235146
718,71.8,2074156247428,1127,2074156481054,True,0.233626
719,71.9,2074264213422,1127,2074264395638,True,0.182216
720,72.0,2074351456106,1127,2074351716825,True,0.260719
721,72.1,2074454583880,1127,2074454834120,True,0.25024
722,72.2,2074558023143,1127,2074558247740,True,0.224597
723,72.3,2074659630118,1127,2074659899706,True,0.269588
724,72.4,2074753045148,1127,2074753488528,True,0.44338
725,72.5,2074871611166,1127,2074871906385,True,0.295219
726,72.6,2074959423333,1127,2074959675045,True,0.251712
727,72.7,2075052153680,1127,2075052380435,True,0.226755
728,72.8,2075157386717,1127,2075157611147,True,0.22443
729,72.9,2075252991498,1127,2075253235929,True,0.244431
730,73.0,2075352014715,1127,2075352270046,True,0.255331
731,73.1,2075459831911,1127,2075460076207,True,0.244296
732,73.2,2075551493637,1127,2075551788849,True,0.295212
733,73.3,2075651605234,1127,2075651870640,True,0.265406
734,73.4,2075753125981,1127,2075753491226,True,0.365245
735,73.5,2075861009942,1127,2075862588311,True,1.578369
736,73.6,2075957065017,1127,2075957311975,True,0.246958
737,73.7,2076052699386,1127,2076052933524,True,0.234138
738,73.8,2076154342524,1127,2076154570794,True,0.22827
739,73.9,2076253376453,1127,2076253593174,True,0.216721
740,74.0,2076352909809,1127,2076353367588,True,0.457779
741,74.1,2076451833174,1127,2076452064473,True,0.231299
742,74.2,2076552291439,1127,2076552508036,True,0.216597
743,74.3,2076652718277,1127,2076653019680,True,0.301403
744,74.4,2076759389681,1127,2076759784775,True,0.395094
745,74.5,2076853976310,1127,2076856416020,True,2.43971
746,74.6,2076953311114,1127,2076954279459,True,0.968345
747,74.7,2077058133616,1127,2077058313637,True,0.180021
748,74.8,2077157511800,1127,2077157720910,True,0.20911
749,74.9,2077260279316,1127,2077260524938,True,0.245622
750,75.0,2077353266024,1127,2077353582707,True,0.316683
751,75.1,2077456873736,1127,2077457132790,True,0.259054
752,75.2,2077551725811,1127,2077551966196,True,0.240385
753,75.3,2077653202701,1127,2077653618089,True,0.415388
754,75.4,2077752651706,1127,2077752908805,True,0.257099
755,75.5,2077859963794,1127,2077860204253,True,0.240459
756,75.6,2077952729358,1127,2077952957299,True,0.227941
757,75.7,2078056538792,1127,2078056782326,True,0.243534
758,75.8,2078157200427,1127,2078157464387,True,0.26396
759,75.9,2078252041920,1127,2078252252756,True,0.210836
760,76.0,2078351536386,1127,2078351780201,True,0.243815
761,76.1,2078451506957,1127,2078451991774,True,0.484817
762,76.2,2078551522630,1127,2078551746552,True,0.223922
763,76.3,2078652080184,1127,2078652309477,True,0.229293
764,76.4,2078751726716,1127,2078751976279,True,0.249563
765,76.5,2078851473758,1127,2078851693177,True,0.219419
766,76.6,2078951522822,1127,2078951747029,True,0.224207
767,76.7,2079051533763,1127,2079051800113,True,0.26635
768,76.8,2079151556851,1127,2079151773212,True,0.216361
769,76.9,2079252771013,1127,2079253056086,True,0.285073
770,77.0,2079351543188,1127,2079351788872,True,0.245684
771,77.1,2079451494970,1127,2079451736001,True,0.241031
772,77.2,2079551901483,1127,2079552139032,True,0.237549
773,77.3,2079651463217,1127,2079651658220,True,0.195003
774,77.4,2079751606830,1127,2079751829398,True,0.222568
775,77.5,2079852586179,1127,2079852822824,True,0.236645
776,77.6,2079951526233,1127,2079951898763,True,0.37253
777,77.7,2080051590077,1127,2080051848827,True,0.25875
778,77.8,2080151528327,1127,2080151868095,True,0.339768
779,77.9,2080251555295,1127,2080251809595,True,0.2543
780,78.0,2080351663586,1127,2080351890841,True,0.227255
781,78.1,2080451530650,1127,2080451797092,True,0.266442
782,78.2,2080551976685,1127,2080552205791,True,0.229106
783,78.3,2080652013946,1127,2080652273235,True,0.259289
784,78.4,2080751387653,1127,2080751672177,True,0.284524
785,78.5,2080851461344,1127,2080852344708,True,0.883364
786,78.6,2080952624390,1127,2080952883561,True,0.259171
787,78.7,2081051537307,1127,2081051770532,True,0.233225
788,78.8,2081151661048,1127,2081151899443,True,0.238395
789,78.9,2081251596406,1127,2081251845698,True,0.249292
790,79.0,2081351986320,1127,2081352232719,True,0.246399
791,79.1,2081451747258,1127,2081451966167,True,0.218909
792,79.2,2081551577310,1127,2081551843856,True,0.266546
793,79.3,2081651748082,1127,2081651964892,True,0.21681
794,79.4,2081751446159,1127,2081751771092,True,0.324933
795,79.5,2081851476155,1127,2081851720556,True,0.244401
796,79.6,2081951784599,1127,2081951992509,True,0.20791
797,79.7,2082051670098,1127,2082051888364,True,0.218266
798,79.8,2082151573884,1127,2082151791151,True,0.217267
799,79.9,2082251541292,1127,2082251783927,True,0.242635
800,80.0,2082351548408,1127,2082351781364,True,0.232956
801,80.1,2082451524469,1127,2082451971314,True,0.446845
802,80.2,2082551472939,1127,2082551689467,True,0.216528
803,80.3,2082651498744,1127,2082652048205,True,0.549461
804,80.4,2082751524003,1127,2082751753473,True,0.22947
805,80.5,2082851596110,1127,2082851823022,True,0.226912
806,80.6,2082951842909,1127,2082952092727,True,0.249818
807,80.7,2083051395916,1127,2083051623728,True,0.227812
808,80.8,2083151473745,1127,2083151664694,True,0.190949
809,80.9,2083251440286,1127,2083251628291,True,0.188005
810,81.0,2083351897559,1127,2083352119101,True,0.221542
811,81.1,2083451508286,1127,2083451983201,True,0.474915
812,81.2,2083551520973,1127,2083551755250,True,0.234277
813,81.3,2083651759832,1127,2083652000468,True,0.240636
814,81.4,2083751533480,1127,2083751787796,True,0.254316
815,81.5,2083851718580,1127,2083851958963,True,0.240383
816,81.6,2083951547847,1127,2083951795566,True,0.247719
817,81.7,2084051949623,1127,2084052225547,True,0.275924
818,81.8,2084152601735,1127,2084152877327,True,0.275592
819,81.9,2084251522983,1127,2084251886797,True,0.363814
820,82.0,2084351525426,1127,2084351762766,True,0.23734
821,82.1,2084461762195,1127,2084462099800,True,0.337605
822,82.2,2084555541755,1127,2084555863202,True,0.321447
823,82.3,2084660334657,1127,2084661358598,True,1.023941
824,82.4,2084755776274,1127,2084756119512,True,0.343238
825,82.5,2084855120343,1127,2084855384545,True,0.264202
826,82.6,2084958840648,1127,2084959256665,True,0.416017
827,82.7,2085051512265,1127,2085051758299,True,0.246034
828,82.8,2085152014063,1127,2085153622120,True,1.608057
829,82.9,2085251811028,1127,2085251971593,True,0.160565
830,83.0,2085351886821,1127,2085352047103,True,0.160282
831,83.1,2085451493505,1127,2085451676258,True,0.182753
832,83.2,2085551910058,1127,2085553452685,True,1.542627
833,83.3,2085657067813,1127,2085657297792,True,0.229979
834,83.4,2085752486566,1127,2085752687895,True,0.201329
835,83.5,2085857534385,1127,2085857782178,True,0.247793
836,83.6,2085952670328,1127,2085952919315,True,0.248987
837,83.7,2086052470857,1127,2086052716406,True,0.245549
838,83.8,2086155543999,1127,2086155783172,True,0.239173
839,83.9,2086256510229,1127,2086256812158,True,0.301929
840,84.0,2086360839651,1127,2086361339938,True,0.500287
841,84.1,2086452527692,1127,2086452796079,True,0.268387
842,84.2,2086556900387,1127,2086557390007,True,0.48962
843,84.3,2086660627009,1127,2086661097437,True,0.470428
844,84.4,2086753331142,1127,2086753567357,True,0.236215
845,84.5,2086852080297,1127,2086852301084,True,0.220787
846,84.6,2086955223208,1127,2086955450914,True,0.227706
847,84.7,2087051928656,1127,2087052158868,True,0.230212
848,84.8,2087155893685,1127,2087156119209,True,0.225524
849,84.9,2087256164383,1127,2087256386742,True,0.222359
850,85.0,2087352234188,1127,2087352461544,True,0.227356
851,85.1,2087455171853,1127,2087455684087,True,0.512234
852,85.2,2087551573577,1127,2087551801138,True,0.227561
853,85.3,2087651997521,1127,2087652208900,True,0.211379
854,85.4,2087754200074,1127,2087754431351,True,0.231277
855,85.5,2087853120521,1127,2087853340995,True,0.220474
856,85.6,2087960377786,1127,2087960600027,True,0.222241
857,85.7,2088052683594,1127,2088053076940,True,0.393346
858,85.8,2088156079393,1127,2088156318587,True,0.239194
859,85.9,2088259519995,1127,2088260776914,True,1.256919
860,86.0,2088352153874,1127,2088352377488,True,0.223614
861,86.1,2088453492783,1127,2088453727201,True,0.234418
862,86.2,2088554069058,1127,2088554308224,True,0.239166
863,86.3,2088661291991,1127,2088661547283,True,0.255292
864,86.4,2088753411716,1127,2088753653566,True,0.24185
865,86.5,2088855452513,1127,2088855693808,True,0.241295
866,86.6,2088952012920,1127,2088952240182,True,0.227262
867,86.7,2089051703935,1127,2089052197166,True,0.493231
868,86.8,2089151560087,1127,2089151793436,True,0.233349
869,86.9,2089257967400,1127,2089258272956,True,0.305556
870,87.0,2089353516420,1127,2089353745405,True,0.228985
871,87.1,2089452895046,1127,2089453116285,True,0.221239
872,87.2,2089557503962,1127,2089557752720,True,0.248758
873,87.3,2089660065569,1127,2089660327409,True,0.26184
874,87.4,2089753229585,1127,2089753471852,True,0.242267
875,87.5,2089855745599,1127,2089855970874,True,0.225275
876,87.6,2089959581333,1127,2089959817834,True,0.236501
877,87.7,2090057624645,1127,2090057865162,True,0.240517
878,87.8,2090153375510,1127,2090153596125,True,0.220615
879,87.9,2090252899236,1127,2090253144030,True,0.244794
880,88.0,2090351512852,1127,2090351739766,True,0.226914
881,88.1,2090454853625,1127,2090455111509,True,0.257884
882,88.2,2090557992872,1127,2090559036062,True,1.04319
883,88.3,2090651817799,1127,2090652037961,True,0.220162
884,88.4,2090754407637,1127,2090754649609,True,0.241972
885,88.5,2090857623126,1127,2090857865661,True,0.242535
886,88.6,2090952134176,1127,2090952367180,True,0.233004
887,88.7,2091052285345,1127,2091052500451,True,0.215106
888,88.8,2091156638604,1127,2091156862184,True,0.22358
889,88.9,2091251944006,1127,2091252256928,True,0.312922
890,89.0,2091352527656,1127,2091352754428,True,0.226772
891,89.1,2091452454283,1127,2091452673544,True,0.219261
892,89.2,2091556108755,1127,2091556352523,True,0.243768
893,89.3,2091652099750,1127,2091652331925,True,0.232175
894,89.4,2091752467130,1127,2091752729046,True,0.261916
895,89.5,2091858235970,1127,2091858445788,True,0.209818
896,89.6,2091958472116,1127,2091958705538,True,0.233422
897,89.7,2092053892578,1127,2092054129590,True,0.237012
898,89.8,2092153362412,1127,2092153583713,True,0.221301
899,89.9,2092257276569,1127,2092257726727,True,0.450158
900,90.0,2092353776942,1127,2092354012337,True,0.235395
901,90.1,2092455291577,1127,2092455513384,True,0.221807
902,90.2,2092551556373,1127,2092552042869,True,0.486496
903,90.3,2092651610494,1127,2092652225472,True,0.614978
904,90.4,2092751484056,1127,2092751748934,True,0.264878
905,90.5,2092859531807,1127,2092860145284,True,0.613477
906,90.6,2092952994218,1127,2092953603740,True,0.609522
907,90.7,2093055568516,1127,2093056209688,True,0.641172
908,90.8,2093159979064,1127,2093160216118,True,0.237054
909,90.9,2093252287269,1127,2093252513710,True,0.226441
910,91.0,2093356339748,1127,2093356555706,True,0.215958
911,91.1,2093454853875,1127,2093455083884,True,0.230009
912,91.2,2093551973691,1127,2093552211326,True,0.237635
913,91.3,2093655079229,1127,2093655486652,True,0.407423
914,91.4,2093754765297,1127,2093755004818,True,0.239521
915,91.5,2093862921404,1127,2093863216188,True,0.294784
916,91.6,2093954470174,1127,2093954722830,True,0.252656
917,91.7,2094058460391,1127,2094058702197,True,0.241806
918,91.8,2094162806519,1127,2094163096841,True,0.290322
919,91.9,2094253440145,1127,2094253654612,True,0.214467
920,92.0,2094359527227,1127,2094359770357,True,0.24313
921,92.1,2094454267630,1127,2094454493557,True,0.225927
922,92.2,2094558571236,1127,2094558819681,True,0.248445
923,92.3,2094651873757,1127,2094652331736,True,0.457979
924,92.4,2094759407630,1127,2094759675725,True,0.268095
925,92.5,2094852137922,1127,2094852378115,True,0.240193
926,92.6,2094952372949,1127,2094952623136,True,0.250187
927,92.7,2095057884310,1127,2095058776363,True,0.892053
928,92.8,2095151395243,1127,2095151635036,True,0.239793
929,92.9,2095254649985,1127,2095254879128,True,0.229143
930,93.0,2095375674495,1127,2095376563767,True,0.889272
931,93.1,2095464154312,1127,2095464504897,True,0.350585
932,93.2,2095554544412,1127,2095554779095,True,0.234683
933,93.3,2095655478091,1127,2095656137216,True,0.659125
934,93.4,2095752694785,1127,2095752930098,True,0.235313
935,93.5,2095854156684,1127,2095854379223,True,0.222539
936,93.6,2095962819936,1127,2095963143741,True,0.323805
937,93.7,2096060109758,1127,2096060332536,True,0.222778
938,93.8,2096153174750,1127,2096153398441,True,0.223691
939,93.9,2096251512328,1127,2096251735326,True,0.222998
940,94.0,2096386792566,1127,2096387028145,True,0.235579
941,94.1,2096451966957,1127,2096452172929,True,0.205972
942,94.2,2096555440888,1127,2096555698579,True,0.257691
943,94.3,2096661429033,1127,2096661718649,True,0.289616
944,94.4,2096751426530,1127,2096751722666,True,0.296136
945,94.5,2096851868073,1127,2096852113597,True,0.245524
946,94.6,2096952348411,1127,2096952587000,True,0.238589
947,94.7,2097059598681,1127,2097059842604,True,0.243923
948,94.8,2097153011842,1127,2097153245066,True,0.233224
949,94.9,2097256714988,1127,2097256938595,True,0.223607
950,95.0,2097359538817,1127,2097359769602,True,0.230785
951,95.1,2097466932360,1127,2097467151772,True,0.219412
952,95.2,2097556082819,1127,2097556324599,True,0.24178
953,95.3,2097653404193,1127,2097653633753,True,0.22956
954,95.4,2097751849310,1127,2097752076088,True,0.226778
955,95.5,2097856085308,1127,2097856327268,True,0.24196
956,95.6,2097958534700,1127,2097958784104,True,0.249404
957,95.7,2098061150183,1127,2098061424752,True,0.274569
958,95.8,2098154781487,1127,2098155017543,True,0.236056
959,95.9,2098265213976,1127,2098265465495,True,0.251519
960,96.0,2098351929916,1127,2098352150510,True,0.220594
961,96.1,2098453403773,1127,2098453628396,True,0.224623
962,96.2,2098557943591,1127,2098558206964,True,0.263373
963,96.3,2098660751210,1127,2098661229764,True,0.478554
964,96.4,2098753963143,1127,2098754401587,True,0.438444
965,96.5,2098856580733,1127,2098856832311,True,0.251578
966,96.6,2098953088612,1127,2098953753774,True,0.665162
967,96.7,2099052119650,1127,2099052372047,True,0.252397
968,96.8,2099155119729,1127,2099155345150,True,0.225421
969,96.9,2099258494856,1127,2099258725310,True,0.230454
970,97.0,2099372226015,1127,2099372451365,True,0.22535
971,97.1,2099453306698,1127,2099453531036,True,0.224338
972,97.2,2099558880430,1127,2099559534316,True,0.653886
973,97.3,2099652334796,1127,2099652530971,True,0.196175
974,97.4,2099757429596,1127,2099757680718,True,0.251122
975,97.5,2099852089950,1127,2099852321219,True,0.231269
976,97.6,2099951628609,1127,2099952014573,True,0.385964
977,97.7,2100055485430,1127,2100055749817,True,0.264387
978,97.8,2100156473945,1127,2100156694092,True,0.220147
979,97.9,2100252289500,1127,2100252537576,True,0.248076
980,98.0,2100353203568,1127,2100353467676,True,0.264108
981,98.1,2100461707892,1127,2100462182930,True,0.475038
982,98.2,2100552195610,1127,2100552423299,True,0.227689
983,98.3,2100651370359,1127,2100651598733,True,0.228374
984,98.4,2100751720306,1127,2100751953803,True,0.233497
985,98.5,2100851492732,1127,2100851718505,True,0.225773
986,98.6,2100952470817,1127,2100952725427,True,0.25461
987,98.7,2101052605486,1127,2101052878270,True,0.272784
988,98.8,2101156827505,1127,2101157060321,True,0.232816
989,98.9,2101257754716,1127,2101258026564,True,0.271848
990,99.0,2101357679988,1127,2101357860803,True,0.180815
991,99.1,2101453597991,1127,2101453780888,True,0.182897
992,99.2,2101555566787,1127,2101555813072,True,0.246285
993,99.3,2101660433893,1127,2101660677815,True,0.243922
994,99.4,2101776783865,1127,2101777039311,True,0.255446
995,99.5,2101854685134,1127,2101854918963,True,0.233829
996,99.6,2101951766255,1127,2101952352107,True,0.585852
997,99.7,2102059358738,1127,2102059612337,True,0.253599
998,99.8,2102155130254,1127,2102155401573,True,0.271319
999,99.9,2102291636741,1127,2102291884787,True,0.248046
1000,100.0,2102364278010,1129,2102364533898,True,0.255888
1001,100.1,2102453548781,1129,2102453796364,True,0.247583
1002,100.2,2102558665694,1129,2102558897319,True,0.231625
1003,100.3,2102651903080,1129,2102652135758,True,0.232678
1004,100.4,2102754077787,1129,2102754309391,True,0.231604
1005,100.5,2102857803148,1129,2102857985932,True,0.182784
1006,100.6,2102952549141,1129,2102952757106,True,0.207965
1007,100.7,2103051363724,1129,2103051617921,True,0.254197
1008,100.8,2103155463898,1129,2103155775036,True,0.311138
1009,100.9,2103258167646,1129,2103258363286,True,0.19564
1010,101.0,2103352375118,1129,2103352588713,True,0.213595
1011,101.1,2103454505734,1129,2103454705236,True,0.199502
1012,101.2,2103552611602,1129,2103552798807,True,0.187205
1013,101.3,2103653565553,1129,2103653783427,True,0.217874
1014,101.4,2103752808720,1129,2103753036231,True,0.227511
1015,101.5,2103852882633,1129,2103853089047,True,0.206414
1016,101.6,2103959728518,1129,2103960073809,True,0.345291
1017,101.7,2104052396957,1129,2104052682210,True,0.285253
1018,101.8,2104154155450,1129,2104154376671,True,0.221221
1019,101.9,2104253264740,1129,2104253513859,True,0.249119
1020,102.0,2104352386302,1129,2104352629344,True,0.243042
1021,102.1,2104454592058,1129,2104454837935,True,0.245877
1022,102.2,2104559552101,1129,2104559789957,True,0.237856
1023,102.3,2104654466364,1129,2104654683342,True,0.216978
1024,102.4,2104752029934,1129,2104752395919,True,0.365985
1025,102.5,2104855461972,1129,2104855711163,True,0.249191
1026,102.6,2104958594649,1129,2104958822205,True,0.227556
1027,102.7,2105051842740,1129,2105052069143,True,0.226403
1028,102.8,2105152937254,1129,2105153151063,True,0.213809
1029,102.9,2105257886204,1129,2105258136752,True,0.250548
1030,103.0,2105352237169,1129,2105352527869,True,0.2907
1031,103.1,2105454615702,1129,2105454858975,True,0.243273
1032,103.2,2105554190523,1129,2105554420226,True,0.229703
1033,103.3,2105657317850,1129,2105657562784,True,0.244934
1034,103.4,2105759941083,1129,2105760188480,True,0.247397
1035,103.5,2105857766757,1129,2105858274725,True,0.507968
1036,103.6,2105951423334,1129,2105951638376,True,0.215042
1037,103.7,2106052277708,1129,2106052537686,True,0.259978
1038,103.8,2106157368266,1129,2106157627051,True,0.258785
1039,103.9,2106258393711,1129,2106258833387,True,0.439676
1040,104.0,2106355409905,1129,2106355708726,True,0.298821
1041,104.1,2106471450645,1129,2106471674257,True,0.223612
1042,104.2,2106557839955,1129,2106558088498,True,0.248543
1043,104.3,2106662333724,1129,2106662604260,True,0.270536
1044,104.4,2106752820027,1129,2106753070021,True,0.249994
1045,104.5,2106852328245,1129,2106852579008,True,0.250763
1046,104.6,2106959843365,1129,2106960079722,True,0.236357
1047,104.7,2107053931215,1129,2107054176480,True,0.245265
1048,104.8,2107177961081,1129,2107178249686,True,0.288605
1049,104.9,2107252455010,1129,2107252686615,True,0.231605
1050,105.0,2107352315166,1129,2107352552929,True,0.237763
1051,105.1,2107454660553,1129,2107454916459,True,0.255906
1052,105.2,2107566625047,1129,2107566847273,True,0.222226
1053,105.3,2107655772416,1129,2107655989824,True,0.217408
1054,105.4,2107754735597,1129,2107754961252,True,0.225655
1055,105.5,2107851496198,1129,2107851724028,True,0.22783
1056,105.6,2107960271277,1129,2107960603112,True,0.331835
1057,105.7,2108053123575,1129,2108053481142,True,0.357567
1058,105.8,2108156445576,1129,2108156974335,True,0.528759
1059,105.9,2108253224319,1129,2108253472806,True,0.248487
1060,106.0,2108353810016,1129,2108354060611,True,0.250595
1061,106.1,2108458176233,1129,2108458401843,True,0.22561
1062,106.2,2108560357838,1129,2108561416252,True,1.058414
1063,106.3,2108663423102,1129,2108663672309,True,0.249207
1064,106.4,2108756384730,1129,2108756660356,True,0.275626
1065,106.5,2108853612750,1129,2108853832274,True,0.219524
1066,106.6,2108976462718,1129,2108977523916,True,1.061198
1067,106.7,2109057042613,1129,2109057272970,True,0.230357
1068,106.8,2109160535849,1129,2109160764074,True,0.228225
1069,106.9,2109251788170,1129,2109252072223,True,0.284053
1070,107.0,2109355437350,1129,2109355759995,True,0.322645
1071,107.1,2109458852576,1129,2109459101537,True,0.248961
1072,107.2,2109560593871,1129,2109560941225,True,0.347354
1073,107.3,2109651647947,1129,2109651861207,True,0.21326
1074,107.4,2109754688107,1129,2109754922708,True,0.234601
1075,107.5,2109868265019,1129,2109868543291,True,0.278272
1076,107.6,2109952210326,1129,2109952454296,True,0.24397
1077,107.7,2110079349587,1129,2110079649499,True,0.299912
1078,107.8,2110178915465,1129,2110179131866,True,0.216401
1079,107.9,2110280226129,1129,2110280481179,True,0.25505
1080,108.0,2110353876511,1129,2110354319704,True,0.443193
1081,108.1,2110457455185,1129,2110457723558,True,0.268373
1082,108.2,2110559897011,1129,2110560358249,True,0.461238
1083,108.3,2110653012007,1129,2110653307564,True,0.295557
1084,108.4,2110755594784,1129,2110755851399,True,0.256615
1085,108.5,2110858894279,1129,2110859187705,True,0.293426
1086,108.6,2110951764124,1129,2110952009194,True,0.24507
1087,108.7,2111055016630,1129,2111055239472,True,0.222842
1088,108.8,2111153164569,1129,2111153379816,True,0.215247
1089,108.9,2111252863902,1129,2111253116946,True,0.253044
1090,109.0,2111354660338,1129,2111354883212,True,0.222874
1091,109.1,2111458899270,1129,2111459332180,True,0.43291
1092,109.2,2111552748140,1129,2111553004076,True,0.255936
1093,109.3,2111655679097,1129,2111655916011,True,0.236914
1094,109.4,2111760367967,1129,2111760599637,True,0.23167
1095,109.5,2111857723911,1129,2111857957523,True,0.233612
1096,109.6,2111970531529,1129,2111971418339,True,0.88681
1097,109.7,2112056183230,1129,2112056400718,True,0.217488
1098,109.8,2112151998054,1129,2112152442888,True,0.444834
1099,109.9,2112252438442,1129,2112253245295,True,0.806853
1100,110.0,2112355195669,1129,2112355469732,True,0.274063
1101,110.1,2112451615796,1129,2112451886847,True,0.271051
1102,110.2,2112551603569,1129,2112551986972,True,0.383403
1103,110.3,2112661845772,1129,2112662107800,True,0.262028
1104,110.4,2112757844256,1129,2112758150614,True,0.306358
1105,110.5,2112860933527,1129,2112861169360,True,0.235833
1106,110.6,2112955983110,1129,2112956288563,True,0.305453
1107,110.7,2113053379751,1129,2113053652612,True,0.272861
1108,110.8,2113154346854,1129,2113154805937,True,0.459083
1109,110.9,2113254944441,1129,2113255160232,True,0.215791
1110,111.0,2113351572102,1129,2113351851788,True,0.279686
1111,111.1,2113456541845,1129,2113456771386,True,0.229541
1112,111.2,2113552403682,1129,2113552622042,True,0.21836
1113,111.3,2113655781349,1129,2113656016739,True,0.23539
1114,111.4,2113759474226,1129,2113760187617,True,0.713391
1115,111.5,2113853226265,1129,2113853444051,True,0.217786
1116,111.6,2113955763442,1129,2113955978993,True,0.215551
1117,111.7,2114055928303,1129,2114056159555,True,0.231252
1118,111.8,2114152395330,1129,2114152606004,True,0.210674
1119,111.9,2114254406576,1129,2114254653937,True,0.247361
1120,112.0,2114357781833,1129,2114358025404,True,0.243571
1121,112.1,2114467841578,1129,2114468160047,True,0.318469
1122,112.2,2114554447489,1129,2114554735590,True,0.288101
1123,112.3,2114657658692,1129,2114659742908,True,2.084216
1124,112.4,2114752376539,1129,2114752615929,True,0.23939
1125,112.5,2114852697212,1129,2114852942879,True,0.245667
1126,112.6,2114956105388,1129,2114956326022,True,0.220634
1127,112.7,2115053691596,1129,2115053941066,True,0.24947
1128,112.8,2115163259011,1129,2115163483800,True,0.224789
1129,112.9,2115254966795,1129,2115255194865,True,0.22807
1130,113.0,2115357965418,1129,2115358202922,True,0.237504
1131,113.1,2115461008028,1129,2115461246047,True,0.238019
1132,113.2,2115552567545,1129,2115552783739,True,0.216194
1133,113.3,2115653709551,1129,2115653897747,True,0.188196
1134,113.4,2115752922430,1129,2115753148250,True,0.22582
1135,113.5,2115852160692,1129,2115852388983,True,0.228291
1136,113.6,2115956149613,1129,2115956576798,True,0.427185
1137,113.7,2116061103526,1129,2116061328126,True,0.2246
1138,113.8,2116163292062,1129,2116163530677,True,0.238615
1139,113.9,2116265996107,1129,2116266237611,True,0.241504
1140,114.0,2116351891008,1129,2116352132092,True,0.241084
1141,114.1,2116453287108,1129,2116453564365,True,0.277257
1142,114.2,2116557971465,1129,2116558587018,True,0.615553
1143,114.3,2116652262086,1129,2116652481425,True,0.219339
1144,114.4,2116753705669,1129,2116753952848,True,0.247179
1145,114.5,2116852241455,1129,2116852479694,True,0.238239
1146,114.6,2116959935833,1129,2116960177794,True,0.241961
1147,114.7,2117051464502,1129,2117051689519,True,0.225017
1148,114.8,2117155347975,1129,2117155566630,True,0.218655
1149,114.9,2117251884995,1129,2117252108796,True,0.223801
1150,115.0,2117381617032,1129,2117381851053,True,0.234021
1151,115.1,2117454282706,1129,2117454517232,True,0.234526
1152,115.2,2117555199680,1129,2117555419908,True,0.220228
1153,115.3,2117651503252,1129,2117651732597,True,0.229345
1154,115.4,2117752521848,1129,2117752768805,True,0.246957
1155,115.5,2117856134358,1129,2117856371539,True,0.237181
1156,115.6,2117952035322,1129,2117952271904,True,0.236582
1157,115.7,2118051440405,1129,2118051672194,True,0.231789
1158,115.8,2118155521078,1129,2118155733848,True,0.21277
1159,115.9,2118253239450,1129,2118253488987,True,0.249537
1160,116.0,2118360687874,1129,2118360926669,True,0.238795
1161,116.1,2118454465478,1129,2118454694991,True,0.229513
1162,116.2,2118551407529,1129,2118551655619,True,0.24809
1163,116.3,2118661685659,1129,2118662015112,True,0.329453
1164,116.4,2118753001030,1129,2118753225366,True,0.224336
1165,116.5,2118857211332,1129,2118857586731,True,0.375399
1166,116.6,2118959604547,1129,2118960066357,True,0.46181
1167,116.7,2119053870512,1129,2119054106614,True,0.236102
1168,116.8,2119156741009,1129,2119157123662,True,0.382653
1169,116.9,2119255491822,1129,2119255717863,True,0.226041
1170,117.0,2119352968319,1129,2119353244797,True,0.276478
1171,117.1,2119454219047,1129,2119454456039,True,0.236992
1172,117.2,2119567081941,1129,2119567345321,True,0.26338
1173,117.3,2119662131312,1129,2119662513819,True,0.382507
1174,117.4,2119753541863,1129,2119753829991,True,0.288128
1175,117.5,2119852005604,1129,2119852363439,True,0.357835
1176,117.6,2119953648352,1129,2119953959311,True,0.310959
1177,117.7,2120053008273,1129,2120053371213,True,0.36294
1178,117.8,2120172574082,1129,2120172827852,True,0.25377
1179,117.9,2120259570659,1129,2120259801545,True,0.230886
1180,118.0,2120354805566,1129,2120355017866,True,0.2123
1181,118.1,2120455763183,1129,2120456158623,True,0.39544
1182,118.2,2120559893040,1129,2120560246383,True,0.353343
1183,118.3,2120652796678,1129,2120653193454,True,0.396776
1184,118.4,2120755487989,1129,2120755912394,True,0.424405
1185,118.5,2120851845540,1129,2120852077139,True,0.231599
1186,118.6,2120951462021,1129,2120951690064,True,0.228043
1187,118.7,2121059143538,1129,2121059491208,True,0.34767
1188,118.8,2121160320547,1129,2121160553408,True,0.232861
1189,118.9,2121260423369,1129,2121260663393,True,0.240024
1190,119.0,2121363678456,1129,2121364064898,True,0.386442
1191,119.1,2121993854521,1129,2121994278690,True,0.424169
1192,119.2,2121994055464,1129,2121994343251,True,0.287787
1193,119.3,2121994091636,1129,2121994358094,True,0.266458
1194,119.4,2121994113682,1129,2121994368250,True,0.254568
1195,119.5,2121994133986,1129,2121997506979,True,3.372993
1196,119.6,2121994151426,1129,2121997537429,True,3.386003
1197,119.7,2122051715029,1129,2122052301023,True,0.585994
1198,119.8,2122151648313,1129,2122151860699,True,0.212386
1199,119.9,2122251526903,1129,2122251771972,True,0.245069
1200,120.0,2122351553796,1129,2122351760551,True,0.206755
1201,120.1,2122452083963,1129,2122452314712,True,0.230749
1202,120.2,2122551398551,1129,2122551623025,True,0.224474
1203,120.3,2122651748507,1129,2122652394696,True,0.646189
1204,120.4,2122752268489,1129,2122752496196,True,0.227707
1205,120.5,2122851500852,1129,2122851717047,True,0.216195
1206,120.6,2122951580273,1129,2122951797633,True,0.21736
1207,120.7,2123051493367,1129,2123051723705,True,0.230338
1208,120.8,2123151528168,1129,2123151758851,True,0.230683
1209,120.9,2123251501546,1129,2123251755524,True,0.253978
1210,121.0,2123351952358,1129,2123352168814,True,0.216456
1211,121.1,2123451591131,1129,2123451810227,True,0.219096
1212,121.2,2123553047798,1129,2123553282995,True,0.235197
1213,121.3,2123652919808,1129,2123653120110,True,0.200302
1214,121.4,2123751726919,1129,2123751981157,True,0.254238
1215,121.5,2123851666793,1129,2123851914025,True,0.247232
1216,121.6,2123959846288,1129,2123960439961,True,0.593673
1217,121.7,2124054094991,1129,2124054347367,True,0.252376
1218,121.8,2124152289224,1129,2124152523058,True,0.233834
1219,121.9,2124260108537,1129,2124261063765,True,0.955228
1220,122.0,2124353141703,1129,2124353391651,True,0.249948
1221,122.1,2124455795814,1129,2124456070849,True,0.275035
1222,122.2,2124554164890,1129,2124554741426,True,0.576536
1223,122.3,2124652319923,1129,2124652550102,True,0.230179
1224,122.4,2124770736438,1129,2124771042715,True,0.306277
1225,122.5,2124855815310,1129,2124856038278,True,0.222968
1226,122.6,2124951784881,1129,2124952009731,True,0.22485
1227,122.7,2125054026821,1129,2125054264224,True,0.237403
1228,122.8,2125156711214,1129,2125157211098,True,0.499884
1229,122.9,2125254485915,1129,2125255000474,True,0.514559
1230,123.0,2125353358569,1129,2125353802643,True,0.444074
1231,123.1,2125455948050,1129,2125456680683,True,0.732633
1232,123.2,2125559210770,1129,2125559917786,True,0.707016
1233,123.3,2125652093747,1129,2125652754223,True,0.660476
1234,123.4,2125752443953,1129,2125752772369,True,0.328416
1235,123.5,2125852609547,1129,2125852948513,True,0.338966
1236,123.6,2125951420379,1129,2125951908684,True,0.488305
1237,123.7,2126052271130,1129,2126052742862,True,0.471732
1238,123.8,2126158346870,1129,2126158846393,True,0.499523
1239,123.9,2126262109005,1129,2126262675197,True,0.566192
1240,124.0,2126353813956,1129,2126354231943,True,0.417987
1241,124.1,2126456426441,1129,2126457156389,True,0.729948
1242,124.2,2126553718506,1129,2126554361123,True,0.642617
1243,124.3,2126653720516,1129,2126654337187,True,0.616671
1244,124.4,2126756943242,1129,2126757493674,True,0.550432
1245,124.5,2126862094681,1129,2126863008329,True,0.913648
1246,124.6,2126952971743,1129,2126953447142,True,0.475399
1247,124.7,2127060287624,1129,2127060863214,True,0.57559
1248,124.8,2127160194692,1129,2127161744403,True,1.549711
1249,124.9,2127254465330,1129,2127254965844,True,0.500514
1250,125.0,2127355911058,1129,2127356422465,True,0.511407
1251,125.1,2127459466388,1129,2127460317797,True,0.851409
1252,125.2,2127552245200,1129,2127552796121,True,0.550921
1253,125.3,2127668610825,1129,2127668869134,True,0.258309
1254,125.4,2127759316885,1129,2127759837494,True,0.520609
1255,125.5,2127861820969,1129,2127862073565,True,0.252596
1256,125.6,2127954324488,1129,2127954541807,True,0.217319
1257,125.7,2128054986866,1129,2128055227576,True,0.24071
1258,125.8,2128154530794,1129,2128154793208,True,0.262414
1259,125.9,2128253536369,1129,2128253796559,True,0.26019
1260,126.0,2128352862076,1129,2128353135387,True,0.273311
1261,126.1,2128458896644,1129,2128459128598,True,0.231954
1262,126.2,2128552021382,1129,2128552285383,True,0.264001
1263,126.3,2128652736094,1129,2128652995756,True,0.259662
1264,126.4,2128759217144,1129,2128759476470,True,0.259326
1265,126.5,2128852339806,1129,2128853310247,True,0.970441
1266,126.6,2128955073236,1129,2128955295841,True,0.222605
1267,126.7,2129055947205,1129,2129056174554,True,0.227349
1268,126.8,2129152328705,1129,2129152568081,True,0.239376
1269,126.9,2129254894559,1129,2129255111305,True,0.216746
1270,127.0,2129358011905,1129,2129358502484,True,0.490579
1271,127.1,2129475799829,1129,2129476052993,True,0.253164
1272,127.2,2129563389777,1129,2129563810928,True,0.421151
1273,127.3,2129657433798,1129,2129657716921,True,0.283123
1274,127.4,2129752111428,1129,2129753050467,True,0.939039
1275,127.5,2129854390941,1129,2129854623309,True,0.232368
1276,127.6,2129957986523,1129,2129958525812,True,0.539289
1277,127.7,2130061419135,1129,2130061661649,True,0.242514
1278,127.8,2130166556058,1129,2130166773984,True,0.217926
1279,127.9,2130256968314,1129,2130257197446,True,0.229132
1280,128.0,2130360752839,1129,2130360994820,True,0.241981
1281,128.1,2130454141409,1129,2130454388636,True,0.247227
1282,128.2,2130557822675,1129,2130558074751,True,0.252076
1283,128.3,2130663314571,1129,2130664851309,True,1.536738
1284,128.4,2130753794625,1129,2130754055221,True,0.260596
1285,128.5,2130856387611,1129,2130856629769,True,0.242158
1286,128.6,2130981867089,1129,2130982123680,True,0.256591
1287,128.7,2131052370721,1129,2131052578879,True,0.208158
1288,128.8,2131154514693,1129,2131154751243,True,0.23655
1289,128.9,2131254984523,1129,2131255225065,True,0.240542
1290,129.0,2131362186079,1129,2131362426765,True,0.240686
1291,129.1,2131476218648,1129,2131476452383,True,0.233735
1292,129.2,2131557763249,1129,2131558000569,True,0.23732
1293,129.3,2131652160743,1129,2131652393390,True,0.232647
1294,129.4,2131752234764,1129,2131752470454,True,0.23569
1295,129.5,2131855447976,1129,2131855683928,True,0.235952
1296,129.6,2131952371467,1129,2131952591679,True,0.220212
1297,129.7,2132052060711,1129,2132052524924,True,0.464213
1298,129.8,2132155660700,1129,2132155885903,True,0.225203
1299,129.9,2132257628418,1129,2132257858921,True,0.230503
1300,130.0,2132359264389,1129,2132359505889,True,0.2415
1301,130.1,2132453900374,1129,2132454119030,True,0.218656
1302,130.2,2132556005632,1129,2132556235648,True,0.230016
1303,130.3,2132660029407,1129,2132660257356,True,0.227949
1304,130.4,2132753043874,1129,2132753273549,True,0.229675
1305,130.5,2132852017720,1129,2132852257234,True,0.239514
1306,130.6,2132954119297,1129,2132954375700,True,0.256403
1307,130.7,2133051544343,1129,2133051807936,True,0.263593
1308,130.8,2133191232883,1129,2133191495305,True,0.262422
1309,130.9,2133273609465,1129,2133273843358,True,0.233893
1310,131.0,2133351948161,1129,2133352157158,True,0.208997
1311,131.1,2133453635293,1129,2133453869508,True,0.234215
1312,131.2,2133551613342,1129,2133551851431,True,0.238089
1313,131.3,2133660768312,1129,2133662117227,True,1.348915
1314,131.4,2133753312701,1129,2133753528614,True,0.215913
1315,131.5,2133855761797,1129,2133855982105,True,0.220308
1316,131.6,2133951748911,1129,2133951965010,True,0.216099
1317,131.7,2134051851213,1129,2134052078245,True,0.227032
1318,131.8,2134151794878,1129,2134152037824,True,0.242946
1319,131.9,2134251542165,1129,2134251766285,True,0.22412
1320,132.0,2134359986115,1129,2134360202740,True,0.216625
1321,132.1,2134496661130,1129,2134496885489,True,0.224359
1322,132.2,2134556467611,1129,2134556700726,True,0.233115
1323,132.3,2134660804298,1129,2134667040911,True,6.236613
1324,132.4,2134751776174,1129,2134751987065,True,0.210891
1325,132.5,2134858099008,1129,2134860087821,True,1.988813
1326,132.6,2134951887257,1129,2134952116328,True,0.229071
1327,132.7,2135054024567,1129,2135054509958,True,0.485391
1328,132.8,2135154563865,1129,2135154948887,True,0.385022
1329,132.9,2135260611691,1129,2135260844380,True,0.232689
1330,133.0,2135351877420,1129,2135352090707,True,0.213287
1331,133.1,2135452650453,1129,2135452837572,True,0.187119
1332,133.2,2135559148840,1129,2135559396489,True,0.247649
1333,133.3,2135652050050,1129,2135652292178,True,0.242128
1334,133.4,2135754695565,1129,2135754962578,True,0.267013
1335,133.5,2135860301255,1129,2135860996774,True,0.695519
1336,133.6,2135952126644,1129,2135952349932,True,0.223288
1337,133.7,2136051501452,1129,2136051717022,True,0.21557
1338,133.8,2136151521461,1129,2136151730955,True,0.209494
1339,133.9,2136251592174,1129,2136251820837,True,0.228663
1340,134.0,2136351902392,1129,2136352123437,True,0.221045
1341,134.1,2136451834150,1129,2136452071536,True,0.237386
1342,134.2,2136551905453,1129,2136552133407,True,0.227954
1343,134.3,2136652499498,1129,2136652746210,True,0.246712
1344,134.4,2136752088646,1129,2136752328555,True,0.239909
1345,134.5,2136852318779,1129,2136852596087,True,0.277308
1346,134.6,2136952009497,1129,2136952296891,True,0.287394
1347,134.7,2137052186048,1129,2137052406159,True,0.220111
1348,134.8,2137151958304,1129,2137152166861,True,0.208557
1349,134.9,2137252206223,1129,2137252434830,True,0.228607
1350,135.0,2137351539797,1129,2137351767412,True,0.227615
1351,135.1,2137452151889,1129,2137452362645,True,0.210756
1352,135.2,2137551454988,1129,2137551691838,True,0.23685
1353,135.3,2137652160689,1129,2137652333857,True,0.173168
1354,135.4,2137751881370,1129,2137752114953,True,0.233583
1355,135.5,2137851545520,1129,2137851817909,True,0.272389
1356,135.6,2137951527546,1129,2137951839706,True,0.31216
1357,135.7,2138051574887,1129,2138051843656,True,0.268769
1358,135.8,2138151564376,1129,2138151797936,True,0.23356
1359,135.9,2138252731320,1129,2138252965307,True,0.233987
1360,136.0,2138351836906,1129,2138352070871,True,0.233965
1361,136.1,2138451659020,1129,2138451880740,True,0.22172
1362,136.2,2138552038736,1129,2138552292296,True,0.25356
1363,136.3,2138652930444,1129,2138653221682,True,0.291238
1364,136.4,2138752427131,1129,2138752688841,True,0.26171
1365,136.5,2138851580615,1129,2138851789200,True,0.208585
1366,136.6,2138952279237,1129,2138952458092,True,0.178855
1367,136.7,2139051429767,1129,2139051615077,True,0.18531
1368,136.8,2139152443180,1129,2139152660949,True,0.217769
1369,136.9,2139251512963,1129,2139251700280,True,0.187317
1370,137.0,2139351494045,1129,2139351695975,True,0.20193
1371,137.1,2139454441179,1129,2139454664805,True,0.223626
1372,137.2,2139551544480,1129,2139551771225,True,0.226745
1373,137.3,2139652473192,1129,2139652717332,True,0.24414
1374,137.4,2139752571731,1129,2139752798349,True,0.226618
1375,137.5,2139852639051,1129,2139852827979,True,0.188928
1376,137.6,2139951373486,1129,2139951688114,True,0.314628
1377,137.7,2140051817444,1129,2140051993088,True,0.175644
1378,137.8,2140151450042,1129,2140151670834,True,0.220792
1379,137.9,2140252072042,1129,2140252322644,True,0.250602
1380,138.0,2140352236481,1129,2140352445376,True,0.208895
1381,138.1,2140451776138,1129,2140452011082,True,0.234944
1382,138.2,2140552499462,1129,2140552732196,True,0.232734
1383,138.3,2140651392404,1129,2140651626035,True,0.233631
1384,138.4,2140753571826,1129,2140753879976,True,0.30815
1385,138.5,2140851495767,1129,2140851703861,True,0.208094
1386,138.6,2140951646090,1129,2140951821191,True,0.175101
1387,138.7,2141052180049,1129,2141052433358,True,0.253309
1388,138.8,2141157344429,1129,2141157539502,True,0.195073
1389,138.9,2141252453662,1129,2141252666111,True,0.212449
1390,139.0,2141351564118,1129,2141351773577,True,0.209459
1391,139.1,2141451496415,1129,2141451723521,True,0.227106
1392,139.2,2141553419373,1129,2141553796893,True,0.37752
1393,139.3,2141651571929,1129,2141651775876,True,0.203947
1394,139.4,2141751750856,1129,2141751975474,True,0.224618
1395,139.5,2141851543677,1129,2141851777673,True,0.233996
1396,139.6,2141951632876,1129,2141951899702,True,0.266826
1397,139.7,2142051553290,1129,2142051790425,True,0.237135
1398,139.8,2142153496553,1129,2142153721738,True,0.225185
1399,139.9,2142251766911,1129,2142252018956,True,0.252045
1400,140.0,2142351572790,1129,2142351795274,True,0.222484
1401,140.1,2142451493657,1129,2142451710742,True,0.217085
1402,140.2,2142551594051,1129,2142551843247,True,0.249196
1403,140.3,2142651525622,1129,2142651804553,True,0.278931
1404,140.4,2142753700670,1129,2142754017437,True,0.316767
1405,140.5,2142851530202,1129,2142851876003,True,0.345801
1406,140.6,2142951697184,1129,2142951943698,True,0.246514
1407,140.7,2143051972619,1129,2143052221256,True,0.248637
1408,140.8,2143151840822,1129,2143152075757,True,0.234935
1409,140.9,2143251561641,1129,2143251798490,True,0.236849
1410,141.0,2143352349564,1129,2143352592872,True,0.243308
1411,141.1,2143452113163,1129,2143452345099,True,0.231936
1412,141.2,2143551464542,1129,2143551683925,True,0.219383
1413,141.3,2143651494505,1129,2143651749869,True,0.255364
1414,141.4,2143751668083,1129,2143751932043,True,0.26396
1415,141.5,2143851428941,1129,2143851636839,True,0.207898
1416,141.6,2143952602123,1129,2143952931009,True,0.328886
1417,141.7,2144051808523,1129,2144052047863,True,0.23934
1418,141.8,2144151503929,1129,2144151713439,True,0.20951
1419,141.9,2144251530741,1129,2144251776919,True,0.246178
1420,142.0,2144351622060,1129,2144351862424,True,0.240364
1421,142.1,2144451573990,1129,2144451796283,True,0.222293
1422,142.2,2144552003370,1129,2144552219370,True,0.216
1423,142.3,2144651569298,1129,2144651812533,True,0.243235
1424,142.4,2144751365505,1129,2144751618388,True,0.252883
1425,142.5,2144851994416,1129,2144852272717,True,0.278301
1426,142.6,2144961565497,1129,2144961786631,True,0.221134
1427,142.7,2145052302963,1129,2145052532082,True,0.229119
1428,142.8,2145152918354,1129,2145153151507,True,0.233153
1429,142.9,2145259032086,1129,2145259581690,True,0.549604
1430,143.0,2145352522375,1129,2145352745306,True,0.222931
1431,143.1,2145456011322,1129,2145456268559,True,0.257237
1432,143.2,2145553961600,1129,2145554261152,True,0.299552
1433,143.3,2145652104926,1129,2145652386019,True,0.281093
1434,143.4,2145755791932,1129,2145756045304,True,0.253372
1435,143.5,2145859690726,1129,2145859969263,True,0.278537
1436,143.6,2145951766345,1129,2145952007310,True,0.240965
1437,143.7,2146055328793,1129,2146055564369,True,0.235576
1438,143.8,2146155017702,1129,2146155263505,True,0.245803
1439,143.9,2146262012614,1129,2146262286599,True,0.273985
1440,144.0,2146354675075,1129,2146354936104,True,0.261029
1441,144.1,2146459232790,1129,2146459482447,True,0.249657
1442,144.2,2146557655083,1129,2146557874078,True,0.218995
1443,144.3,2146655959456,1129,2146656186430,True,0.226974
1444,144.4,2146756401307,1129,2146757045337,True,0.64403
1445,144.5,2146852747446,1129,2146852993656,True,0.24621
1446,144.6,2146952664417,1129,2146952929230,True,0.264813
1447,144.7,2147054325685,1129,2147054559348,True,0.233663
1448,144.8,2147152694696,1129,2147152913276,True,0.21858
1449,144.9,2147252542289,1129,2147252772475,True,0.230186
1450,145.0,2147355587788,1129,2147355811000,True,0.223212
1451,145.1,2147458347120,1129,2147458584058,True,0.236938
1452,145.2,2147561232884,1129,2147561455579,True,0.222695
1453,145.3,2147651700150,1129,2147651933835,True,0.233685
1454,145.4,2147757426911,1129,2147757701677,True,0.274766
1455,145.5,2147871741411,1129,2147872038722,True,0.297311
1456,145.6,2147952913098,1129,2147953131880,True,0.218782
1457,145.7,2148056014741,1129,2148056247201,True,0.23246
1458,145.8,2148151384604,1129,2148151631258,True,0.246654
1459,145.9,2148251846980,1129,2148252070946,True,0.223966
1460,146.0,2148353271388,1129,2148353546593,True,0.275205
1461,146.1,2148457647803,1129,2148457935363,True,0.28756
1462,146.2,2148555379618,1129,2148555648398,True,0.26878
1463,146.3,2148653400861,1129,2148653656794,True,0.255933
1464,146.4,2149014910842,1129,2149015339986,True,0.429144
1465,146.5,2149015198548,1129,2149015408116,True,0.209568
1466,146.6,2149015251796,1129,2149015425808,True,0.174012
1467,146.7,2149056169783,1129,2149056417543,True,0.24776
1468,146.8,2149169678474,1129,2149169932513,True,0.254039
1469,146.9,2149252236267,1129,2149252464762,True,0.228495
1470,147.0,2149355082999,1129,2149355234051,True,0.151052
1471,147.1,2149458184145,1129,2149458408566,True,0.224421
1472,147.2,2149551678081,1129,2149551904892,True,0.226811
1473,147.3,2149652326538,1129,2149652559387,True,0.232849
1474,147.4,2149755513562,1129,2149755752258,True,0.238696
1475,147.5,2149852391499,1129,2149852634591,True,0.243092
1476,147.6,2149954624646,1129,2149954852722,True,0.228076
1477,147.7,2150052563689,1129,2150052868127,True,0.304438
1478,147.8,2150152401901,1129,2150152577761,True,0.17586
1479,147.9,2150253785538,1129,2150253964463,True,0.178925
1480,148.0,2150357363635,1129,2150357669022,True,0.305387
1481,148.1,2150461887277,1129,2150462136228,True,0.248951
1482,148.2,2150552403834,1129,2150552615067,True,0.211233
1483,148.3,2150652166071,1129,2150653084671,True,0.9186
1484,148.4,2150751877341,1129,2150752106454,True,0.229113
1485,148.5,2150852293571,1129,2150852469737,True,0.176166
1486,148.6,2150954935025,1129,2150955343550,True,0.408525
1487,148.7,2151051391472,1129,2151051655401,True,0.263929
1488,148.8,2151155224304,1129,2151155673886,True,0.449582
1489,148.9,2151252467566,1129,2151253165100,True,0.697534
1490,149.0,2151351725650,1129,2151352153490,True,0.42784
1491,149.1,2151451839836,1129,2151452243419,True,0.403583
1492,149.2,2151551371401,1129,2151551816674,True,0.445273
1493,149.3,2151651860800,1129,2151652453827,True,0.593027
1494,149.4,2151751599577,1129,2151752035521,True,0.435944
1495,149.5,2151851526485,1129,2151851836052,True,0.309567
1496,149.6,2151952269731,1129,2151952700666,True,0.430935
1497,149.7,2152051685215,1129,2152052133213,True,0.447998
1498,149.8,2152152024712,1129,2152152584340,True,0.559628
1499,149.9,2152251480991,1129,2152252388660,True,0.907669
1500,150.0,2152351515306,1129,2152351976841,True,0.461535
1501,150.1,2152451497511,1129,2152451943935,True,0.446424
1502,150.2,2152552205460,1129,2152552632382,True,0.426922
1503,150.3,2152651516625,1129,2152651918450,True,0.401825
1504,150.4,2152751574514,1129,2152751943584,True,0.36907
1505,150.5,2152852635732,1129,2152853011139,True,0.375407
1506,150.6,2152951982545,1129,2152952456846,True,0.474301
1507,150.7,2153056627658,1129,2153057224959,True,0.597301
1508,150.8,2153152480068,1129,2153152849634,True,0.369566
1509,150.9,2153251458817,1129,2153251797718,True,0.338901
1510,151.0,2153352811694,1129,2153353614909,True,0.803215
1511,151.1,2153452701070,1129,2153453035274,True,0.334204
1512,151.2,2153551958446,1129,2153552325530,True,0.367084
1513,151.3,2153651620056,1129,2153652459615,True,0.839559
1514,151.4,2153751558838,1129,2153752297906,True,0.739068
1515,151.5,2153852219630,1129,2153852574081,True,0.354451
1516,151.6,2153951458741,1129,2153953212296,True,1.753555
1517,151.7,2154051806185,1129,2154052201077,True,0.394892
1518,151.8,2154151676376,1129,2154152134631,True,0.458255
1519,151.9,2154251567510,1129,2154252408215,True,0.840705
1520,152.0,2154351952889,1129,2154352554116,True,0.601227
1521,152.1,2154452103092,1129,2154452330336,True,0.227244
1522,152.2,2154552380444,1129,2154552637566,True,0.257122
1523,152.3,2154652938247,1129,2154653193948,True,0.255701
1524,152.4,2154752522182,1129,2154752766528,True,0.244346
1525,152.5,2154854693545,1129,2154854921456,True,0.227911
1526,152.6,2154960517912,1129,2154960713826,True,0.195914
1527,152.7,2155056556048,1129,2155056800625,True,0.244577
1528,152.8,2155154671301,1129,2155155064744,True,0.393443
1529,152.9,2155258948686,1129,2155285540567,True,26.591881
1530,153.0,2155354824090,1129,2155354999071,True,0.174981
1531,153.1,2155451678963,1129,2155451869340,True,0.190377
1532,153.2,2155551600913,1129,2155551815301,True,0.214388
1533,153.3,2155651506764,1129,2155651723033,True,0.216269
1534,153.4,2155751451702,1129,2155751661564,True,0.209862
1535,153.5,2155852200604,1129,2155852376567,True,0.175963
1536,153.6,2155951710523,1129,2155951978141,True,0.267618
1537,153.7,2156051991880,1129,2156052203773,True,0.211893
1538,153.8,2156151572727,1129,2156151995825,True,0.423098
1539,153.9,2156251889524,1129,2156252103841,True,0.214317
1540,154.0,2156351944878,1129,2156352120750,True,0.175872
1541,154.1,2156452261782,1129,2156452485234,True,0.223452
1542,154.2,2156552178348,1129,2156552415193,True,0.236845
1543,154.3,2156653273909,1129,2156653508639,True,0.23473
1544,154.4,2156751541310,1129,2156751776785,True,0.235475
1545,154.5,2156852647052,1129,2156852895671,True,0.248619
1546,154.6,2156951937603,1129,2156952134936,True,0.197333
1547,154.7,2157052084287,1129,2157052334653,True,0.250366
1548,154.8,2157151907616,1129,2157152121836,True,0.21422
1549,154.9,2157251508470,1129,2157251724525,True,0.216055
1550,155.0,2157351605290,1129,2157351822596,True,0.217306
1551,155.1,2157452203686,1129,2157452412457,True,0.208771
1552,155.2,2157551407904,1129,2157551632419,True,0.224515
1553,155.3,2157651897302,1129,2157652108482,True,0.21118
1554,155.4,2157751527899,1129,2157752431985,True,0.904086
1555,155.5,2157851660789,1129,2157851865855,True,0.205066
1556,155.6,2157952982333,1129,2157953220868,True,0.238535
1557,155.7,2158051719153,1129,2158051930062,True,0.210909
1558,155.8,2158151603022,1129,2158151810799,True,0.207777
1559,155.9,2158251626352,1129,2158251867145,True,0.240793
1560,156.0,2158352364697,1129,2158352612583,True,0.247886
1561,156.1,2158452216986,1129,2158452452753,True,0.235767
1562,156.2,2158552435490,1129,2158552656268,True,0.220778
1563,156.3,2158651625464,1129,2158651891153,True,0.265689
1564,156.4,2158751556592,1129,2158751791502,True,0.23491
1565,156.5,2158851872797,1129,2158852109911,True,0.237114
1566,156.6,2158952274859,1129,2158952490369,True,0.21551
1567,156.7,2159051507753,1129,2159051879663,True,0.37191
1568,156.8,2159151521762,1129,2159151746230,True,0.224468
1569,156.9,2159251521870,1129,2159251743883,True,0.222013
1570,157.0,2159352217437,1129,2159352476084,True,0.258647
1571,157.1,2159452206023,1129,2159452487041,True,0.281018
1572,157.2,2159551565184,1129,2159551913518,True,0.348334
1573,157.3,2159652761764,1129,2159653142177,True,0.380413
1574,157.4,2159751694385,1129,2159751937812,True,0.243427
1575,157.5,2159852001560,1129,2159852235325,True,0.233765
1576,157.6,2159951564269,1129,2159951825469,True,0.2612
1577,157.7,2160052965147,1129,2160053631112,True,0.665965
1578,157.8,2160152710044,1129,2160152969389,True,0.259345
1579,157.9,2160251414692,1129,2160251635815,True,0.221123
1580,158.0,2160352841905,1129,2160353062069,True,0.220164
1581,158.1,2160451450477,1129,2160453568299,True,2.117822
1582,158.2,2160551803186,1129,2160552018632,True,0.215446
1583,158.3,2160652945988,1129,2160653181514,True,0.235526
1584,158.4,2160752154975,1129,2160752397597,True,0.242622
1585,158.5,2160852473814,1129,2160852694663,True,0.220849
1586,158.6,2160951717353,1129,2160952640346,True,0.922993
1587,158.7,2161051570982,1129,2161051797399,True,0.226417
1588,158.8,2161151531791,1129,2161151757637,True,0.225846
1589,158.9,2161251732477,1129,2161252186066,True,0.453589
1590,159.0,2161351560586,1129,2161351818436,True,0.25785
1591,159.1,2161451788310,1129,2161452008947,True,0.220637
1592,159.2,2161551764109,1129,2161551993641,True,0.229532
1593,159.3,2161651861953,1129,2161652144425,True,0.282472
1594,159.4,2161751859603,1129,2161752084444,True,0.224841
1595,159.5,2161851467888,1129,2161851718861,True,0.250973
1596,159.6,2161952111022,1129,2161952330472,True,0.21945
1597,159.7,2162051496962,1129,2162051728331,True,0.231369
1598,159.8,2162152646744,1129,2162153627379,True,0.980635
1599,159.9,2162252503549,1129,2162252713259,True,0.20971
1600,160.0,2162351392199,1129,2162351617917,True,0.225718
1601,160.1,2162452004154,1129,2162452283301,True,0.279147
1602,160.2,2162551627487,1129,2162551904479,True,0.276992
1603,160.3,2162652129626,1129,2162652632898,True,0.503272
1604,160.4,2162753275865,1129,2162753724951,True,0.449086
1605,160.5,2162851551612,1129,2162851733540,True,0.181928
1606,160.6,2162951450945,1129,2162951702040,True,0.251095
1607,160.7,2163052244488,1129,2163052453339,True,0.208851
1608,160.8,2163152849272,1129,2163153064086,True,0.214814
1609,160.9,2163251696367,1129,2163251914882,True,0.218515
1610,161.0,2163352158594,1129,2163352386204,True,0.22761
1611,161.1,2163452025679,1129,2163452538570,True,0.512891
1612,161.2,2163552258820,1129,2163552517785,True,0.258965
1613,161.3,2163651601116,1129,2163651835197,True,0.234081
1614,161.4,2163752251687,1129,2163752498642,True,0.246955
1615,161.5,2163851814697,1129,2163852040623,True,0.225926
1616,161.6,2163951510031,1129,2163951735392,True,0.225361
1617,161.7,2164051612084,1129,2164051811489,True,0.199405
1618,161.8,2164152705401,1129,2164152931687,True,0.226286
1619,161.9,2164251599318,1129,2164251839232,True,0.239914
1620,162.0,2164352181430,1129,2164352413721,True,0.232291
1621,162.1,2164451882214,1129,2164452128566,True,0.246352
1622,162.2,2164551530762,1129,2164551761806,True,0.231044
1623,162.3,2164651958461,1129,2164652223633,True,0.265172
1624,162.4,2164751689995,1129,2164751904412,True,0.214417
1625,162.5,2164851644786,1129,2164851893040,True,0.248254
1626,162.6,2164953260833,1129,2164953526267,True,0.265434
1627,162.7,2165051930275,1129,2165052178899,True,0.248624
1628,162.8,2165151853017,1129,2165152069348,True,0.216331
1629,162.9,2165251854812,1129,2165252054336,True,0.199524
1630,163.0,2165352164844,1129,2165352389806,True,0.224962
1631,163.1,2165451805420,1129,2165452057043,True,0.251623
1632,163.2,2165551620926,1129,2165551848000,True,0.227074
1633,163.3,2165651545522,1129,2165651763129,True,0.217607
1634,163.4,2165752026943,1129,2165752249750,True,0.222807
1635,163.5,2165851492299,1129,2165851713982,True,0.221683
1636,163.6,2165953988787,1129,2165954193236,True,0.204449
1637,163.7,2166051525156,1129,2166051754704,True,0.229548
1638,163.8,2166152024375,1129,2166152278916,True,0.254541
1639,163.9,2166251834084,1129,2166252072604,True,0.23852
1640,164.0,2166351861539,1129,2166352073401,True,0.211862
1641,164.1,2166451642874,1129,2166451866684,True,0.22381
1642,164.2,2166552310858,1129,2166552562557,True,0.251699
1643,164.3,2166652494572,1129,2166653079572,True,0.585
1644,164.4,2166751411818,1129,2166751663352,True,0.251534
1645,164.5,2166852108424,1129,2166852366754,True,0.25833
1646,164.6,2166952350029,1129,2166952552170,True,0.202141
1647,164.7,2167051627067,1129,2167051868041,True,0.240974
1648,164.8,2167151450272,1129,2167151668138,True,0.217866
1649,164.9,2167251781613,1129,2167252008228,True,0.226615
1650,165.0,2167351516788,1129,2167351710807,True,0.194019
1651,165.1,2167452075041,1129,2167452641901,True,0.56686
1652,165.2,2167552344144,1129,2167552555658,True,0.211514
1653,165.3,2167651509358,1129,2167651730414,True,0.221056
1654,165.4,2167751829093,1129,2167752383743,True,0.55465
1655,165.5,2167852236704,1129,2167852439256,True,0.202552
1656,165.6,2167952252416,1129,2167952526206,True,0.27379
1657,165.7,2168051937725,1129,2168052214499,True,0.276774
1658,165.8,2168151808952,1129,2168152073112,True,0.26416
1659,165.9,2168251489086,1129,2168251736085,True,0.246999
1660,166.0,2168351856729,1129,2168352068013,True,0.211284
1661,166.1,2168451817707,1129,2168452037671,True,0.219964
1662,166.2,2168552098344,1129,2168552323773,True,0.225429
1663,166.3,2168651552288,1129,2168651785883,True,0.233595
1664,166.4,2168751720906,1129,2168751958426,True,0.23752
1665,166.5,2168851512325,1129,2168851729242,True,0.216917
1666,166.6,2168952260988,1129,2168952478232,True,0.217244
1667,166.7,2169051582682,1129,2169051835631,True,0.252949
1668,166.8,2169151653239,1129,2169151898658,True,0.245419
1669,166.9,2169251617484,1129,2169251876140,True,0.258656
1670,167.0,2169351679263,1129,2169351937771,True,0.258508
1671,167.1,2169451873254,1129,2169452118271,True,0.245017
1672,167.2,2169551576135,1129,2169551810176,True,0.234041
1673,167.3,2169651495225,1129,2169651741749,True,0.246524
1674,167.4,2169751994877,1129,2169752270921,True,0.276044
1675,167.5,2169851601636,1129,2169851875847,True,0.274211
1676,167.6,2169952127272,1129,2169952369253,True,0.241981
1677,167.7,2170051632804,1129,2170051863031,True,0.230227
1678,167.8,2170151793174,1129,2170151997103,True,0.203929
1679,167.9,2170251856427,1129,2170252100253,True,0.243826
1680,168.0,2170351666261,1129,2170351905157,True,0.238896
1681,168.1,2170451492798,1129,2170451759058,True,0.26626
1682,168.2,2170552498788,1129,2170552736190,True,0.237402
1683,168.3,2170651778208,1129,2170652054183,True,0.275975
1684,168.4,2170751539783,1129,2170751814130,True,0.274347
1685,168.5,2170852107267,1129,2170852350174,True,0.242907
1686,168.6,2170951691374,1129,2170951929836,True,0.238462
1687,168.7,2171052006124,1129,2171052580978,True,0.574854
1688,168.8,2171152872951,1129,2171153103473,True,0.230522
1689,168.9,2171251613577,1129,2171251870372,True,0.256795
1690,169.0,2171351870666,1129,2171352130140,True,0.259474
1691,169.1,2171451554246,1129,2171451792687,True,0.238441
1692,169.2,2171552202546,1129,2171552416784,True,0.214238
1693,169.3,2171651888987,1129,2171652154220,True,0.265233
1694,169.4,2171752001929,1129,2171752217778,True,0.215849
1695,169.5,2171852034261,1129,2171852299225,True,0.264964
1696,169.6,2171951591423,1129,2171951812325,True,0.220902
1697,169.7,2172052258602,1129,2172052486696,True,0.228094
1698,169.8,2172151539632,1129,2172151760730,True,0.221098
1699,169.9,2172251593415,1129,2172251827677,True,0.234262
1700,170.0,2172351619839,1129,2172351864077,True,0.244238
1701,170.1,2172451748095,1129,2172451995701,True,0.247606
1702,170.2,2172551584221,1129,2172551838575,True,0.254354
1703,170.3,2172652146530,1129,2172652408412,True,0.261882
1704,170.4,2172751793743,1129,2172752031262,True,0.237519
1705,170.5,2172851528366,1129,2172851783016,True,0.25465
1706,170.6,2172951824517,1129,2172952058998,True,0.234481
1707,170.7,2173051782066,1129,2173052018297,True,0.236231
1708,170.8,2173152195663,1129,2173152438264,True,0.242601
1709,170.9,2173251691664,1129,2173251913513,True,0.221849
1710,171.0,2173351642675,1129,2173351865198,True,0.222523
1711,171.1,2173451415561,1129,2173451648177,True,0.232616
1712,171.2,2173551514013,1129,2173551746604,True,0.232591
1713,171.3,2173651748027,1129,2173652447741,True,0.699714
1714,171.4,2173751760036,1129,2173751983279,True,0.223243
1715,171.5,2173851858725,1129,2173852090303,True,0.231578
1716,171.6,2173952145642,1129,2173952398558,True,0.252916
1717,171.7,2174051539242,1129,2174051888716,True,0.349474
1718,171.8,2174152022432,1129,2174152396212,True,0.37378
1719,171.9,2174251531858,1129,2174251788801,True,0.256943
1720,172.0,2174351493378,1129,2174351703999,True,0.210621
1721,172.1,2174451980059,1129,2174452243291,True,0.263232
1722,172.2,2174551433541,1129,2174551615827,True,0.182286
1723,172.3,2174651747376,1129,2174651959324,True,0.211948
1724,172.4,2174753605820,1129,2174753798166,True,0.192346
1725,172.5,2174851476599,1129,2174851703356,True,0.226757
1726,172.6,2174951760614,1129,2174952011448,True,0.250834
1727,172.7,2175051593995,1129,2175051913468,True,0.319473
1728,172.8,2175151491252,1129,2175151698576,True,0.207324
1729,172.9,2175252200823,1129,2175252458033,True,0.25721
1730,173.0,2175351493831,1129,2175351745084,True,0.251253
1731,173.1,2175452204426,1129,2175452467971,True,0.263545
1732,173.2,2175551813897,1129,2175552063607,True,0.24971
1733,173.3,2175652140056,1129,2175652432956,True,0.2929
1734,173.4,2175751503506,1129,2175751780016,True,0.27651
1735,173.5,2175851601664,1129,2175851827452,True,0.225788
1736,173.6,2175951442785,1129,2175951676912,True,0.234127
1737,173.7,2176052524908,1129,2176052783611,True,0.258703
1738,173.8,2176151705086,1129,2176151939010,True,0.233924
1739,173.9,2176251715002,1129,2176251983142,True,0.26814
1740,174.0,2176351502378,1129,2176351709649,True,0.207271
1741,174.1,2176451603935,1129,2176451955618,True,0.351683
1742,174.2,2176551921940,1129,2176552142208,True,0.220268
1743,174.3,2176652222344,1129,2176652451805,True,0.229461
1744,174.4,2176751813526,1129,2176752034150,True,0.220624
1745,174.5,2176852413739,1129,2176852672758,True,0.259019
1746,174.6,2176951604280,1129,2176951795226,True,0.190946
1747,174.7,2177051594186,1129,2177051828648,True,0.234462
1748,174.8,2177151720715,1129,2177151946506,True,0.225791
1749,174.9,2177251459818,1129,2177251641075,True,0.181257
1750,175.0,2177352472499,1129,2177352683264,True,0.210765
1751,175.1,2177451572130,1129,2177451785839,True,0.213709
1752,175.2,2177551443078,1129,2177551686030,True,0.242952
1753,175.3,2177651728763,1129,2177652293644,True,0.564881
1754,175.4,2177751618453,1129,2177751881006,True,0.262553
1755,175.5,2177851535261,1129,2177851760111,True,0.22485
1756,175.6,2177952153157,1129,2177952394805,True,0.241648
1757,175.7,2178051625621,1129,2178051861144,True,0.235523
1758,175.8,2178151784811,1129,2178152021377,True,0.236566
1759,175.9,2178252072213,1129,2178252307170,True,0.234957
1760,176.0,2178353122481,1129,2178353339702,True,0.217221
1761,176.1,2178451507610,1129,2178451719637,True,0.212027
1762,176.2,2178551737146,1129,2178551964271,True,0.227125
1763,176.3,2178652249456,1129,2178652503610,True,0.254154
1764,176.4,2178752085268,1129,2178752325550,True,0.240282
1765,176.5,2178851850624,1129,2178852076632,True,0.226008
1766,176.6,2178951641822,1129,2178951865559,True,0.223737
1767,176.7,2179052249269,1129,2179052509214,True,0.259945
1768,176.8,2179151363031,1129,2179151595779,True,0.232748
1769,176.9,2179252711759,1129,2179252920517,True,0.208758
1770,177.0,2179351757847,1129,2179351978647,True,0.2208
1771,177.1,2179452087353,1129,2179452341356,True,0.254003
1772,177.2,2179551786920,1129,2179551995607,True,0.208687
1773,177.3,2179652107673,1129,2179652338567,True,0.230894
1774,177.4,2179753613139,1129,2179753844118,True,0.230979
1775,177.5,2179851955549,1129,2179852172399,True,0.21685
1776,177.6,2179952058564,1129,2179952284861,True,0.226297
1777,177.7,2180055486020,1129,2180056059844,True,0.573824
1778,177.8,2180155481339,1129,2180155965616,True,0.484277
1779,177.9,2180252939336,1129,2180253554793,True,0.615457
1780,178.0,2180353892805,1129,2180354146016,True,0.253211
1781,178.1,2180455686519,1129,2180455918511,True,0.231992
1782,178.2,2180552070151,1129,2180552323778,True,0.253627
1783,178.3,2180652113494,1129,2180652364784,True,0.25129
1784,178.4,2180752182759,1129,2180752495759,True,0.313
1785,178.5,2180858321572,1129,2180858536803,True,0.215231
1786,178.6,2180952107960,1129,2180952375408,True,0.267448
1787,178.7,2181051563071,1129,2181051820317,True,0.257246
1788,178.8,2181156522685,1129,2181156759581,True,0.236896
1789,178.9,2181259924365,1129,2181260147006,True,0.222641
1790,179.0,2181353482517,1129,2181353741542,True,0.259025
1791,179.1,2181456442349,1129,2181456733617,True,0.291268
1792,179.2,2181557413437,1129,2181557639318,True,0.225881
1793,179.3,2181652549992,1129,2181652791569,True,0.241577
1794,179.4,2181756900478,1129,2181758282237,True,1.381759
1795,179.5,2181858505284,1129,2181858739087,True,0.233803
1796,179.6,2181961241663,1129,2181961448861,True,0.207198
1797,179.7,2182055969654,1129,2182056190099,True,0.220445
1798,179.8,2182154222393,1129,2182154447698,True,0.225305
1799,179.9,2182260550785,1129,2182260770227,True,0.219442
