sequence,method,family,horizon_s,position_tolerance_m,heading_tolerance_deg,n_traces,position_valid_fraction_median,position_valid_fraction_mean,joint_valid_fraction_median,joint_valid_fraction_mean
ts_2022_06_09_13h16m39s_one_row,frozen_v2_checkpoint,global_synchronization,0.0,0.5,2.0,30,0.023809523809523808,0.023809523809523815,0.015873015873015872,0.015873015873015872
ts_2022_06_09_13h16m39s_one_row,frozen_v2_checkpoint,global_synchronization,0.0,0.5,5.0,30,0.023809523809523808,0.023809523809523815,0.023809523809523808,0.023809523809523815
ts_2022_06_09_13h16m39s_one_row,frozen_v2_checkpoint,global_synchronization,0.0,0.5,10.0,30,0.023809523809523808,0.023809523809523815,0.023809523809523808,0.023809523809523815
ts_2022_06_09_13h16m39s_one_row,frozen_v2_checkpoint,global_synchronization,0.0,0.5,20.0,30,0.023809523809523808,0.023809523809523815,0.023809523809523808,0.023809523809523815
ts_2022_06_09_13h16m39s_one_row,frozen_v2_checkpoint,global_synchronization,0.0,0.5,30.0,30,0.023809523809523808,0.023809523809523815,0.023809523809523808,0.023809523809523815
ts_2022_06_09_13h16m39s_one_row,frozen_v2_checkpoint,global_synchronization,0.0,0.5,45.0,30,0.023809523809523808,0.023809523809523815,0.023809523809523808,0.023809523809523815
ts_2022_06_09_13h16m39s_one_row,frozen_v2_checkpoint,global_synchronization,0.0,1.0,2.0,30,0.031746031746031744,0.03148148148148148,0.023809523809523808,0.02354497354497355
ts_2022_06_09_13h16m39s_one_row,frozen_v2_checkpoint,global_synchronization,0.0,1.0,5.0,30,0.031746031746031744,0.03148148148148148,0.031746031746031744,0.03148148148148148
ts_2022_06_09_13h16m39s_one_row,frozen_v2_checkpoint,global_synchronization,0.0,1.0,10.0,30,0.031746031746031744,0.03148148148148148,0.031746031746031744,0.03148148148148148
ts_2022_06_09_13h16m39s_one_row,frozen_v2_checkpoint,global_synchronization,0.0,1.0,20.0,30,0.031746031746031744,0.03148148148148148,0.031746031746031744,0.03148148148148148
ts_2022_06_09_13h16m39s_one_row,frozen_v2_checkpoint,global_synchronization,0.0,1.0,30.0,30,0.031746031746031744,0.03148148148148148,0.031746031746031744,0.03148148148148148
ts_2022_06_09_13h16m39s_one_row,frozen_v2_checkpoint,global_synchronization,0.0,1.0,45.0,30,0.031746031746031744,0.03148148148148148,0.031746031746031744,0.03148148148148148
ts_2022_06_09_13h16m39s_one_row,frozen_v2_checkpoint,global_synchronization,0.0,2.0,2.0,30,0.03968253968253968,0.03968253968253969,0.023809523809523808,0.023809523809523815
ts_2022_06_09_13h16m39s_one_row,frozen_v2_checkpoint,global_synchronization,0.0,2.0,5.0,30,0.03968253968253968,0.03968253968253969,0.03968253968253968,0.03968253968253969
ts_2022_06_09_13h16m39s_one_row,frozen_v2_checkpoint,global_synchronization,0.0,2.0,10.0,30,0.03968253968253968,0.03968253968253969,0.03968253968253968,0.03968253968253969
ts_2022_06_09_13h16m39s_one_row,frozen_v2_checkpoint,global_synchronization,0.0,2.0,20.0,30,0.03968253968253968,0.03968253968253969,0.03968253968253968,0.03968253968253969
ts_2022_06_09_13h16m39s_one_row,frozen_v2_checkpoint,global_synchronization,0.0,2.0,30.0,30,0.03968253968253968,0.03968253968253969,0.03968253968253968,0.03968253968253969
ts_2022_06_09_13h16m39s_one_row,frozen_v2_checkpoint,global_synchronization,0.0,2.0,45.0,30,0.03968253968253968,0.03968253968253969,0.03968253968253968,0.03968253968253969
ts_2022_06_09_13h16m39s_one_row,frozen_v2_checkpoint,global_synchronization,0.0,5.0,2.0,30,0.06349206349206349,0.06164021164021164,0.023809523809523808,0.023809523809523815
ts_2022_06_09_13h16m39s_one_row,frozen_v2_checkpoint,global_synchronization,0.0,5.0,5.0,30,0.06349206349206349,0.06164021164021164,0.047619047619047616,0.04761904761904763
ts_2022_06_09_13h16m39s_one_row,frozen_v2_checkpoint,global_synchronization,0.0,5.0,10.0,30,0.06349206349206349,0.06164021164021164,0.06349206349206349,0.06164021164021164
ts_2022_06_09_13h16m39s_one_row,frozen_v2_checkpoint,global_synchronization,0.0,5.0,20.0,30,0.06349206349206349,0.06164021164021164,0.06349206349206349,0.06164021164021164
ts_2022_06_09_13h16m39s_one_row,frozen_v2_checkpoint,global_synchronization,0.0,5.0,30.0,30,0.06349206349206349,0.06164021164021164,0.06349206349206349,0.06164021164021164
ts_2022_06_09_13h16m39s_one_row,frozen_v2_checkpoint,global_synchronization,0.0,5.0,45.0,30,0.06349206349206349,0.06164021164021164,0.06349206349206349,0.06164021164021164
ts_2022_06_09_13h16m39s_one_row,frozen_v2_checkpoint,global_synchronization,0.0,10.0,2.0,30,0.10317460317460317,0.1031746031746032,0.023809523809523808,0.023809523809523815
ts_2022_06_09_13h16m39s_one_row,frozen_v2_checkpoint,global_synchronization,0.0,10.0,5.0,30,0.10317460317460317,0.1031746031746032,0.047619047619047616,0.04761904761904763
ts_2022_06_09_13h16m39s_one_row,frozen_v2_checkpoint,global_synchronization,0.0,10.0,10.0,30,0.10317460317460317,0.1031746031746032,0.07936507936507936,0.07777777777777779
ts_2022_06_09_13h16m39s_one_row,frozen_v2_checkpoint,global_synchronization,0.0,10.0,20.0,30,0.10317460317460317,0.1031746031746032,0.09523809523809523,0.09523809523809526
ts_2022_06_09_13h16m39s_one_row,frozen_v2_checkpoint,global_synchronization,0.0,10.0,30.0,30,0.10317460317460317,0.1031746031746032,0.09523809523809523,0.09523809523809526
ts_2022_06_09_13h16m39s_one_row,frozen_v2_checkpoint,global_synchronization,0.0,10.0,45.0,30,0.10317460317460317,0.1031746031746032,0.10317460317460317,0.1031746031746032
ts_2022_06_09_13h16m39s_one_row,frozen_v2_checkpoint,global_synchronization,0.0,20.0,2.0,30,0.1746031746031746,0.17671957671957675,0.023809523809523808,0.023809523809523815
ts_2022_06_09_13h16m39s_one_row,frozen_v2_checkpoint,global_synchronization,0.0,20.0,5.0,30,0.1746031746031746,0.17671957671957675,0.047619047619047616,0.04761904761904763
ts_2022_06_09_13h16m39s_one_row,frozen_v2_checkpoint,global_synchronization,0.0,20.0,10.0,30,0.1746031746031746,0.17671957671957675,0.07936507936507936,0.07777777777777779
ts_2022_06_09_13h16m39s_one_row,frozen_v2_checkpoint,global_synchronization,0.0,20.0,20.0,30,0.1746031746031746,0.17671957671957675,0.09523809523809523,0.09523809523809526
ts_2022_06_09_13h16m39s_one_row,frozen_v2_checkpoint,global_synchronization,0.0,20.0,30.0,30,0.1746031746031746,0.17671957671957675,0.09523809523809523,0.09523809523809526
ts_2022_06_09_13h16m39s_one_row,frozen_v2_checkpoint,global_synchronization,0.0,20.0,45.0,30,0.1746031746031746,0.17671957671957675,0.10317460317460317,0.1031746031746032
ts_2022_06_09_13h16m39s_one_row,frozen_v2_checkpoint,local_relative_motion,1.0,0.05,1.0,30,0.46825396825396826,0.45714285714285713,0.18253968253968253,0.1843915343915344
ts_2022_06_09_13h16m39s_one_row,frozen_v2_checkpoint,local_relative_motion,1.0,0.05,2.0,30,0.46825396825396826,0.45714285714285713,0.32936507936507936,0.3238095238095239
ts_2022_06_09_13h16m39s_one_row,frozen_v2_checkpoint,local_relative_motion,1.0,0.05,5.0,30,0.46825396825396826,0.45714285714285713,0.4444444444444444,0.434920634920635
ts_2022_06_09_13h16m39s_one_row,frozen_v2_checkpoint,local_relative_motion,1.0,0.05,10.0,30,0.46825396825396826,0.45714285714285713,0.4603174603174603,0.44682539682539685
ts_2022_06_09_13h16m39s_one_row,frozen_v2_checkpoint,local_relative_motion,1.0,0.05,20.0,30,0.46825396825396826,0.45714285714285713,0.4603174603174603,0.44682539682539685
ts_2022_06_09_13h16m39s_one_row,frozen_v2_checkpoint,local_relative_motion,1.0,0.1,1.0,30,0.7698412698412699,0.7703703703703703,0.2698412698412698,0.26825396825396824
ts_2022_06_09_13h16m39s_one_row,frozen_v2_checkpoint,local_relative_motion,1.0,0.1,2.0,30,0.7698412698412699,0.7703703703703703,0.48412698412698413,0.4828042328042328
ts_2022_06_09_13h16m39s_one_row,frozen_v2_checkpoint,local_relative_motion,1.0,0.1,5.0,30,0.7698412698412699,0.7703703703703703,0.6746031746031746,0.6761904761904761
ts_2022_06_09_13h16m39s_one_row,frozen_v2_checkpoint,local_relative_motion,1.0,0.1,10.0,30,0.7698412698412699,0.7703703703703703,0.753968253968254,0.7544973544973544
ts_2022_06_09_13h16m39s_one_row,frozen_v2_checkpoint,local_relative_motion,1.0,0.1,20.0,30,0.7698412698412699,0.7703703703703703,0.753968253968254,0.7544973544973544
ts_2022_06_09_13h16m39s_one_row,frozen_v2_checkpoint,local_relative_motion,1.0,0.2,1.0,30,0.8809523809523809,0.8809523809523807,0.2777777777777778,0.27645502645502645
ts_2022_06_09_13h16m39s_one_row,frozen_v2_checkpoint,local_relative_motion,1.0,0.2,2.0,30,0.8809523809523809,0.8809523809523807,0.5238095238095238,0.5224867724867726
ts_2022_06_09_13h16m39s_one_row,frozen_v2_checkpoint,local_relative_motion,1.0,0.2,5.0,30,0.8809523809523809,0.8809523809523807,0.7619047619047619,0.7629629629629631
ts_2022_06_09_13h16m39s_one_row,frozen_v2_checkpoint,local_relative_motion,1.0,0.2,10.0,30,0.8809523809523809,0.8809523809523807,0.8492063492063492,0.849206349206349
ts_2022_06_09_13h16m39s_one_row,frozen_v2_checkpoint,local_relative_motion,1.0,0.2,20.0,30,0.8809523809523809,0.8809523809523807,0.8571428571428571,0.8571428571428572
ts_2022_06_09_13h16m39s_one_row,frozen_v2_checkpoint,local_relative_motion,1.0,0.5,1.0,30,0.9126984126984127,0.9126984126984125,0.2857142857142857,0.2843915343915345
ts_2022_06_09_13h16m39s_one_row,frozen_v2_checkpoint,local_relative_motion,1.0,0.5,2.0,30,0.9126984126984127,0.9126984126984125,0.5317460317460317,0.5304232804232805
ts_2022_06_09_13h16m39s_one_row,frozen_v2_checkpoint,local_relative_motion,1.0,0.5,5.0,30,0.9126984126984127,0.9126984126984125,0.7698412698412699,0.7708994708994708
ts_2022_06_09_13h16m39s_one_row,frozen_v2_checkpoint,local_relative_motion,1.0,0.5,10.0,30,0.9126984126984127,0.9126984126984125,0.8571428571428571,0.8571428571428572
ts_2022_06_09_13h16m39s_one_row,frozen_v2_checkpoint,local_relative_motion,1.0,0.5,20.0,30,0.9126984126984127,0.9126984126984125,0.873015873015873,0.8730158730158731
ts_2022_06_09_13h16m39s_one_row,frozen_v2_checkpoint,local_relative_motion,1.0,1.0,1.0,30,0.9523809523809523,0.9523809523809523,0.2857142857142857,0.2843915343915345
ts_2022_06_09_13h16m39s_one_row,frozen_v2_checkpoint,local_relative_motion,1.0,1.0,2.0,30,0.9523809523809523,0.9523809523809523,0.5476190476190477,0.5462962962962963
ts_2022_06_09_13h16m39s_one_row,frozen_v2_checkpoint,local_relative_motion,1.0,1.0,5.0,30,0.9523809523809523,0.9523809523809523,0.7936507936507936,0.7947089947089947
ts_2022_06_09_13h16m39s_one_row,frozen_v2_checkpoint,local_relative_motion,1.0,1.0,10.0,30,0.9523809523809523,0.9523809523809523,0.8888888888888888,0.888888888888889
ts_2022_06_09_13h16m39s_one_row,frozen_v2_checkpoint,local_relative_motion,1.0,1.0,20.0,30,0.9523809523809523,0.9523809523809523,0.9047619047619048,0.9050264550264551
ts_2022_06_09_13h16m39s_one_row,frozen_v2_checkpoint,local_relative_motion,5.0,0.05,1.0,30,0.07407407407407407,0.05802469135802468,0.0,0.0
ts_2022_06_09_13h16m39s_one_row,frozen_v2_checkpoint,local_relative_motion,5.0,0.05,2.0,30,0.07407407407407407,0.05802469135802468,0.018518518518518517,0.01851851851851852
ts_2022_06_09_13h16m39s_one_row,frozen_v2_checkpoint,local_relative_motion,5.0,0.05,5.0,30,0.07407407407407407,0.05802469135802468,0.037037037037037035,0.022222222222222216
ts_2022_06_09_13h16m39s_one_row,frozen_v2_checkpoint,local_relative_motion,5.0,0.05,10.0,30,0.07407407407407407,0.05802469135802468,0.037037037037037035,0.022222222222222216
ts_2022_06_09_13h16m39s_one_row,frozen_v2_checkpoint,local_relative_motion,5.0,0.05,20.0,30,0.07407407407407407,0.05802469135802468,0.07407407407407407,0.05802469135802468
ts_2022_06_09_13h16m39s_one_row,frozen_v2_checkpoint,local_relative_motion,5.0,0.1,1.0,30,0.14814814814814814,0.1407407407407407,0.037037037037037035,0.02716049382716049
ts_2022_06_09_13h16m39s_one_row,frozen_v2_checkpoint,local_relative_motion,5.0,0.1,2.0,30,0.14814814814814814,0.1407407407407407,0.07407407407407407,0.09012345679012346
ts_2022_06_09_13h16m39s_one_row,frozen_v2_checkpoint,local_relative_motion,5.0,0.1,5.0,30,0.14814814814814814,0.1407407407407407,0.1111111111111111,0.1037037037037037
ts_2022_06_09_13h16m39s_one_row,frozen_v2_checkpoint,local_relative_motion,5.0,0.1,10.0,30,0.14814814814814814,0.1407407407407407,0.1111111111111111,0.1037037037037037
ts_2022_06_09_13h16m39s_one_row,frozen_v2_checkpoint,local_relative_motion,5.0,0.1,20.0,30,0.14814814814814814,0.1407407407407407,0.14814814814814814,0.1407407407407407
ts_2022_06_09_13h16m39s_one_row,frozen_v2_checkpoint,local_relative_motion,5.0,0.2,1.0,30,0.42592592592592593,0.4148148148148147,0.1111111111111111,0.0962962962962963
ts_2022_06_09_13h16m39s_one_row,frozen_v2_checkpoint,local_relative_motion,5.0,0.2,2.0,30,0.42592592592592593,0.4148148148148147,0.2222222222222222,0.22222222222222227
ts_2022_06_09_13h16m39s_one_row,frozen_v2_checkpoint,local_relative_motion,5.0,0.2,5.0,30,0.42592592592592593,0.4148148148148147,0.3333333333333333,0.3333333333333333
ts_2022_06_09_13h16m39s_one_row,frozen_v2_checkpoint,local_relative_motion,5.0,0.2,10.0,30,0.42592592592592593,0.4148148148148147,0.35185185185185186,0.3407407407407407
ts_2022_06_09_13h16m39s_one_row,frozen_v2_checkpoint,local_relative_motion,5.0,0.2,20.0,30,0.42592592592592593,0.4148148148148147,0.38888888888888884,0.3777777777777777
ts_2022_06_09_13h16m39s_one_row,frozen_v2_checkpoint,local_relative_motion,5.0,0.5,1.0,30,0.7777777777777778,0.777777777777778,0.14814814814814814,0.1407407407407407
ts_2022_06_09_13h16m39s_one_row,frozen_v2_checkpoint,local_relative_motion,5.0,0.5,2.0,30,0.7777777777777778,0.777777777777778,0.2962962962962963,0.274074074074074
ts_2022_06_09_13h16m39s_one_row,frozen_v2_checkpoint,local_relative_motion,5.0,0.5,5.0,30,0.7777777777777778,0.777777777777778,0.48148148148148145,0.48148148148148157
ts_2022_06_09_13h16m39s_one_row,frozen_v2_checkpoint,local_relative_motion,5.0,0.5,10.0,30,0.7777777777777778,0.777777777777778,0.6296296296296297,0.6296296296296297
ts_2022_06_09_13h16m39s_one_row,frozen_v2_checkpoint,local_relative_motion,5.0,0.5,20.0,30,0.7777777777777778,0.777777777777778,0.7037037037037037,0.7037037037037035
ts_2022_06_09_13h16m39s_one_row,frozen_v2_checkpoint,local_relative_motion,5.0,1.0,1.0,30,0.8518518518518519,0.8518518518518516,0.14814814814814814,0.1407407407407407
ts_2022_06_09_13h16m39s_one_row,frozen_v2_checkpoint,local_relative_motion,5.0,1.0,2.0,30,0.8518518518518519,0.8518518518518516,0.2962962962962963,0.274074074074074
ts_2022_06_09_13h16m39s_one_row,frozen_v2_checkpoint,local_relative_motion,5.0,1.0,5.0,30,0.8518518518518519,0.8518518518518516,0.48148148148148145,0.48148148148148157
ts_2022_06_09_13h16m39s_one_row,frozen_v2_checkpoint,local_relative_motion,5.0,1.0,10.0,30,0.8518518518518519,0.8518518518518516,0.6666666666666666,0.6666666666666669
ts_2022_06_09_13h16m39s_one_row,frozen_v2_checkpoint,local_relative_motion,5.0,1.0,20.0,30,0.8518518518518519,0.8518518518518516,0.7407407407407407,0.7407407407407407
ts_2022_06_09_13h16m39s_one_row,frozen_v2_checkpoint,local_relative_motion,10.0,0.05,1.0,30,0.07692307692307693,0.05384615384615384,0.07692307692307693,0.05128205128205128
ts_2022_06_09_13h16m39s_one_row,frozen_v2_checkpoint,local_relative_motion,10.0,0.05,2.0,30,0.07692307692307693,0.05384615384615384,0.07692307692307693,0.05384615384615384
ts_2022_06_09_13h16m39s_one_row,frozen_v2_checkpoint,local_relative_motion,10.0,0.05,5.0,30,0.07692307692307693,0.05384615384615384,0.07692307692307693,0.05384615384615384
ts_2022_06_09_13h16m39s_one_row,frozen_v2_checkpoint,local_relative_motion,10.0,0.05,10.0,30,0.07692307692307693,0.05384615384615384,0.07692307692307693,0.05384615384615384
ts_2022_06_09_13h16m39s_one_row,frozen_v2_checkpoint,local_relative_motion,10.0,0.05,20.0,30,0.07692307692307693,0.05384615384615384,0.07692307692307693,0.05384615384615384
ts_2022_06_09_13h16m39s_one_row,frozen_v2_checkpoint,local_relative_motion,10.0,0.1,1.0,30,0.07692307692307693,0.0717948717948718,0.07692307692307693,0.06923076923076922
ts_2022_06_09_13h16m39s_one_row,frozen_v2_checkpoint,local_relative_motion,10.0,0.1,2.0,30,0.07692307692307693,0.0717948717948718,0.07692307692307693,0.0717948717948718
ts_2022_06_09_13h16m39s_one_row,frozen_v2_checkpoint,local_relative_motion,10.0,0.1,5.0,30,0.07692307692307693,0.0717948717948718,0.07692307692307693,0.0717948717948718
ts_2022_06_09_13h16m39s_one_row,frozen_v2_checkpoint,local_relative_motion,10.0,0.1,10.0,30,0.07692307692307693,0.0717948717948718,0.07692307692307693,0.0717948717948718
ts_2022_06_09_13h16m39s_one_row,frozen_v2_checkpoint,local_relative_motion,10.0,0.1,20.0,30,0.07692307692307693,0.0717948717948718,0.07692307692307693,0.0717948717948718
ts_2022_06_09_13h16m39s_one_row,frozen_v2_checkpoint,local_relative_motion,10.0,0.2,1.0,30,0.07692307692307693,0.07692307692307694,0.07692307692307693,0.07435897435897437
ts_2022_06_09_13h16m39s_one_row,frozen_v2_checkpoint,local_relative_motion,10.0,0.2,2.0,30,0.07692307692307693,0.07692307692307694,0.07692307692307693,0.07692307692307694
ts_2022_06_09_13h16m39s_one_row,frozen_v2_checkpoint,local_relative_motion,10.0,0.2,5.0,30,0.07692307692307693,0.07692307692307694,0.07692307692307693,0.07692307692307694
ts_2022_06_09_13h16m39s_one_row,frozen_v2_checkpoint,local_relative_motion,10.0,0.2,10.0,30,0.07692307692307693,0.07692307692307694,0.07692307692307693,0.07692307692307694
ts_2022_06_09_13h16m39s_one_row,frozen_v2_checkpoint,local_relative_motion,10.0,0.2,20.0,30,0.07692307692307693,0.07692307692307694,0.07692307692307693,0.07692307692307694
ts_2022_06_09_13h16m39s_one_row,frozen_v2_checkpoint,local_relative_motion,10.0,0.5,1.0,30,0.46153846153846156,0.46153846153846156,0.23076923076923078,0.2102564102564103
ts_2022_06_09_13h16m39s_one_row,frozen_v2_checkpoint,local_relative_motion,10.0,0.5,2.0,30,0.46153846153846156,0.46153846153846156,0.2692307692307693,0.27948717948717955
ts_2022_06_09_13h16m39s_one_row,frozen_v2_checkpoint,local_relative_motion,10.0,0.5,5.0,30,0.46153846153846156,0.46153846153846156,0.3076923076923077,0.34358974358974376
ts_2022_06_09_13h16m39s_one_row,frozen_v2_checkpoint,local_relative_motion,10.0,0.5,10.0,30,0.46153846153846156,0.46153846153846156,0.38461538461538464,0.394871794871795
ts_2022_06_09_13h16m39s_one_row,frozen_v2_checkpoint,local_relative_motion,10.0,0.5,20.0,30,0.46153846153846156,0.46153846153846156,0.46153846153846156,0.46153846153846156
ts_2022_06_09_13h16m39s_one_row,frozen_v2_checkpoint,local_relative_motion,10.0,1.0,1.0,30,0.6923076923076923,0.6923076923076924,0.23076923076923078,0.258974358974359
ts_2022_06_09_13h16m39s_one_row,frozen_v2_checkpoint,local_relative_motion,10.0,1.0,2.0,30,0.6923076923076923,0.6923076923076924,0.3076923076923077,0.335897435897436
ts_2022_06_09_13h16m39s_one_row,frozen_v2_checkpoint,local_relative_motion,10.0,1.0,5.0,30,0.6923076923076923,0.6923076923076924,0.46153846153846156,0.47692307692307695
ts_2022_06_09_13h16m39s_one_row,frozen_v2_checkpoint,local_relative_motion,10.0,1.0,10.0,30,0.6923076923076923,0.6923076923076924,0.6153846153846154,0.6153846153846155
ts_2022_06_09_13h16m39s_one_row,frozen_v2_checkpoint,local_relative_motion,10.0,1.0,20.0,30,0.6923076923076923,0.6923076923076924,0.6923076923076923,0.6923076923076924
ts_2022_06_09_13h16m39s_one_row,physics_only,global_synchronization,0.0,0.5,2.0,1,0.023809523809523808,0.023809523809523808,0.023809523809523808,0.023809523809523808
ts_2022_06_09_13h16m39s_one_row,physics_only,global_synchronization,0.0,0.5,5.0,1,0.023809523809523808,0.023809523809523808,0.023809523809523808,0.023809523809523808
ts_2022_06_09_13h16m39s_one_row,physics_only,global_synchronization,0.0,0.5,10.0,1,0.023809523809523808,0.023809523809523808,0.023809523809523808,0.023809523809523808
ts_2022_06_09_13h16m39s_one_row,physics_only,global_synchronization,0.0,0.5,20.0,1,0.023809523809523808,0.023809523809523808,0.023809523809523808,0.023809523809523808
ts_2022_06_09_13h16m39s_one_row,physics_only,global_synchronization,0.0,0.5,30.0,1,0.023809523809523808,0.023809523809523808,0.023809523809523808,0.023809523809523808
ts_2022_06_09_13h16m39s_one_row,physics_only,global_synchronization,0.0,0.5,45.0,1,0.023809523809523808,0.023809523809523808,0.023809523809523808,0.023809523809523808
ts_2022_06_09_13h16m39s_one_row,physics_only,global_synchronization,0.0,1.0,2.0,1,0.031746031746031744,0.031746031746031744,0.031746031746031744,0.031746031746031744
ts_2022_06_09_13h16m39s_one_row,physics_only,global_synchronization,0.0,1.0,5.0,1,0.031746031746031744,0.031746031746031744,0.031746031746031744,0.031746031746031744
ts_2022_06_09_13h16m39s_one_row,physics_only,global_synchronization,0.0,1.0,10.0,1,0.031746031746031744,0.031746031746031744,0.031746031746031744,0.031746031746031744
ts_2022_06_09_13h16m39s_one_row,physics_only,global_synchronization,0.0,1.0,20.0,1,0.031746031746031744,0.031746031746031744,0.031746031746031744,0.031746031746031744
ts_2022_06_09_13h16m39s_one_row,physics_only,global_synchronization,0.0,1.0,30.0,1,0.031746031746031744,0.031746031746031744,0.031746031746031744,0.031746031746031744
ts_2022_06_09_13h16m39s_one_row,physics_only,global_synchronization,0.0,1.0,45.0,1,0.031746031746031744,0.031746031746031744,0.031746031746031744,0.031746031746031744
ts_2022_06_09_13h16m39s_one_row,physics_only,global_synchronization,0.0,2.0,2.0,1,0.03968253968253968,0.03968253968253968,0.031746031746031744,0.031746031746031744
ts_2022_06_09_13h16m39s_one_row,physics_only,global_synchronization,0.0,2.0,5.0,1,0.03968253968253968,0.03968253968253968,0.03968253968253968,0.03968253968253968
ts_2022_06_09_13h16m39s_one_row,physics_only,global_synchronization,0.0,2.0,10.0,1,0.03968253968253968,0.03968253968253968,0.03968253968253968,0.03968253968253968
ts_2022_06_09_13h16m39s_one_row,physics_only,global_synchronization,0.0,2.0,20.0,1,0.03968253968253968,0.03968253968253968,0.03968253968253968,0.03968253968253968
ts_2022_06_09_13h16m39s_one_row,physics_only,global_synchronization,0.0,2.0,30.0,1,0.03968253968253968,0.03968253968253968,0.03968253968253968,0.03968253968253968
ts_2022_06_09_13h16m39s_one_row,physics_only,global_synchronization,0.0,2.0,45.0,1,0.03968253968253968,0.03968253968253968,0.03968253968253968,0.03968253968253968
ts_2022_06_09_13h16m39s_one_row,physics_only,global_synchronization,0.0,5.0,2.0,1,0.05555555555555555,0.05555555555555555,0.031746031746031744,0.031746031746031744
ts_2022_06_09_13h16m39s_one_row,physics_only,global_synchronization,0.0,5.0,5.0,1,0.05555555555555555,0.05555555555555555,0.047619047619047616,0.047619047619047616
ts_2022_06_09_13h16m39s_one_row,physics_only,global_synchronization,0.0,5.0,10.0,1,0.05555555555555555,0.05555555555555555,0.05555555555555555,0.05555555555555555
ts_2022_06_09_13h16m39s_one_row,physics_only,global_synchronization,0.0,5.0,20.0,1,0.05555555555555555,0.05555555555555555,0.05555555555555555,0.05555555555555555
ts_2022_06_09_13h16m39s_one_row,physics_only,global_synchronization,0.0,5.0,30.0,1,0.05555555555555555,0.05555555555555555,0.05555555555555555,0.05555555555555555
ts_2022_06_09_13h16m39s_one_row,physics_only,global_synchronization,0.0,5.0,45.0,1,0.05555555555555555,0.05555555555555555,0.05555555555555555,0.05555555555555555
ts_2022_06_09_13h16m39s_one_row,physics_only,global_synchronization,0.0,10.0,2.0,1,0.10317460317460317,0.10317460317460317,0.031746031746031744,0.031746031746031744
ts_2022_06_09_13h16m39s_one_row,physics_only,global_synchronization,0.0,10.0,5.0,1,0.10317460317460317,0.10317460317460317,0.047619047619047616,0.047619047619047616
ts_2022_06_09_13h16m39s_one_row,physics_only,global_synchronization,0.0,10.0,10.0,1,0.10317460317460317,0.10317460317460317,0.07142857142857142,0.07142857142857142
ts_2022_06_09_13h16m39s_one_row,physics_only,global_synchronization,0.0,10.0,20.0,1,0.10317460317460317,0.10317460317460317,0.09523809523809523,0.09523809523809523
ts_2022_06_09_13h16m39s_one_row,physics_only,global_synchronization,0.0,10.0,30.0,1,0.10317460317460317,0.10317460317460317,0.09523809523809523,0.09523809523809523
ts_2022_06_09_13h16m39s_one_row,physics_only,global_synchronization,0.0,10.0,45.0,1,0.10317460317460317,0.10317460317460317,0.10317460317460317,0.10317460317460317
ts_2022_06_09_13h16m39s_one_row,physics_only,global_synchronization,0.0,20.0,2.0,1,0.1746031746031746,0.1746031746031746,0.031746031746031744,0.031746031746031744
ts_2022_06_09_13h16m39s_one_row,physics_only,global_synchronization,0.0,20.0,5.0,1,0.1746031746031746,0.1746031746031746,0.047619047619047616,0.047619047619047616
ts_2022_06_09_13h16m39s_one_row,physics_only,global_synchronization,0.0,20.0,10.0,1,0.1746031746031746,0.1746031746031746,0.07142857142857142,0.07142857142857142
ts_2022_06_09_13h16m39s_one_row,physics_only,global_synchronization,0.0,20.0,20.0,1,0.1746031746031746,0.1746031746031746,0.09523809523809523,0.09523809523809523
ts_2022_06_09_13h16m39s_one_row,physics_only,global_synchronization,0.0,20.0,30.0,1,0.1746031746031746,0.1746031746031746,0.09523809523809523,0.09523809523809523
ts_2022_06_09_13h16m39s_one_row,physics_only,global_synchronization,0.0,20.0,45.0,1,0.1746031746031746,0.1746031746031746,0.10317460317460317,0.10317460317460317
ts_2022_06_09_13h16m39s_one_row,physics_only,local_relative_motion,1.0,0.05,1.0,1,0.2857142857142857,0.2857142857142857,0.1111111111111111,0.1111111111111111
ts_2022_06_09_13h16m39s_one_row,physics_only,local_relative_motion,1.0,0.05,2.0,1,0.2857142857142857,0.2857142857142857,0.20634920634920634,0.20634920634920634
ts_2022_06_09_13h16m39s_one_row,physics_only,local_relative_motion,1.0,0.05,5.0,1,0.2857142857142857,0.2857142857142857,0.2698412698412698,0.2698412698412698
ts_2022_06_09_13h16m39s_one_row,physics_only,local_relative_motion,1.0,0.05,10.0,1,0.2857142857142857,0.2857142857142857,0.2698412698412698,0.2698412698412698
ts_2022_06_09_13h16m39s_one_row,physics_only,local_relative_motion,1.0,0.05,20.0,1,0.2857142857142857,0.2857142857142857,0.2698412698412698,0.2698412698412698
ts_2022_06_09_13h16m39s_one_row,physics_only,local_relative_motion,1.0,0.1,1.0,1,0.7222222222222222,0.7222222222222222,0.2619047619047619,0.2619047619047619
ts_2022_06_09_13h16m39s_one_row,physics_only,local_relative_motion,1.0,0.1,2.0,1,0.7222222222222222,0.7222222222222222,0.4603174603174603,0.4603174603174603
ts_2022_06_09_13h16m39s_one_row,physics_only,local_relative_motion,1.0,0.1,5.0,1,0.7222222222222222,0.7222222222222222,0.6428571428571429,0.6428571428571429
ts_2022_06_09_13h16m39s_one_row,physics_only,local_relative_motion,1.0,0.1,10.0,1,0.7222222222222222,0.7222222222222222,0.7063492063492064,0.7063492063492064
ts_2022_06_09_13h16m39s_one_row,physics_only,local_relative_motion,1.0,0.1,20.0,1,0.7222222222222222,0.7222222222222222,0.7063492063492064,0.7063492063492064
ts_2022_06_09_13h16m39s_one_row,physics_only,local_relative_motion,1.0,0.2,1.0,1,0.8809523809523809,0.8809523809523809,0.2857142857142857,0.2857142857142857
ts_2022_06_09_13h16m39s_one_row,physics_only,local_relative_motion,1.0,0.2,2.0,1,0.8809523809523809,0.8809523809523809,0.5238095238095238,0.5238095238095238
ts_2022_06_09_13h16m39s_one_row,physics_only,local_relative_motion,1.0,0.2,5.0,1,0.8809523809523809,0.8809523809523809,0.7698412698412699,0.7698412698412699
ts_2022_06_09_13h16m39s_one_row,physics_only,local_relative_motion,1.0,0.2,10.0,1,0.8809523809523809,0.8809523809523809,0.8492063492063492,0.8492063492063492
ts_2022_06_09_13h16m39s_one_row,physics_only,local_relative_motion,1.0,0.2,20.0,1,0.8809523809523809,0.8809523809523809,0.8571428571428571,0.8571428571428571
ts_2022_06_09_13h16m39s_one_row,physics_only,local_relative_motion,1.0,0.5,1.0,1,0.9126984126984127,0.9126984126984127,0.29365079365079366,0.29365079365079366
ts_2022_06_09_13h16m39s_one_row,physics_only,local_relative_motion,1.0,0.5,2.0,1,0.9126984126984127,0.9126984126984127,0.5317460317460317,0.5317460317460317
ts_2022_06_09_13h16m39s_one_row,physics_only,local_relative_motion,1.0,0.5,5.0,1,0.9126984126984127,0.9126984126984127,0.7777777777777778,0.7777777777777778
ts_2022_06_09_13h16m39s_one_row,physics_only,local_relative_motion,1.0,0.5,10.0,1,0.9126984126984127,0.9126984126984127,0.8571428571428571,0.8571428571428571
ts_2022_06_09_13h16m39s_one_row,physics_only,local_relative_motion,1.0,0.5,20.0,1,0.9126984126984127,0.9126984126984127,0.873015873015873,0.873015873015873
ts_2022_06_09_13h16m39s_one_row,physics_only,local_relative_motion,1.0,1.0,1.0,1,0.9523809523809523,0.9523809523809523,0.29365079365079366,0.29365079365079366
ts_2022_06_09_13h16m39s_one_row,physics_only,local_relative_motion,1.0,1.0,2.0,1,0.9523809523809523,0.9523809523809523,0.5476190476190477,0.5476190476190477
ts_2022_06_09_13h16m39s_one_row,physics_only,local_relative_motion,1.0,1.0,5.0,1,0.9523809523809523,0.9523809523809523,0.8015873015873016,0.8015873015873016
ts_2022_06_09_13h16m39s_one_row,physics_only,local_relative_motion,1.0,1.0,10.0,1,0.9523809523809523,0.9523809523809523,0.8888888888888888,0.8888888888888888
ts_2022_06_09_13h16m39s_one_row,physics_only,local_relative_motion,1.0,1.0,20.0,1,0.9523809523809523,0.9523809523809523,0.9047619047619048,0.9047619047619048
ts_2022_06_09_13h16m39s_one_row,physics_only,local_relative_motion,5.0,0.05,1.0,1,0.07407407407407407,0.07407407407407407,0.0,0.0
ts_2022_06_09_13h16m39s_one_row,physics_only,local_relative_motion,5.0,0.05,2.0,1,0.07407407407407407,0.07407407407407407,0.037037037037037035,0.037037037037037035
ts_2022_06_09_13h16m39s_one_row,physics_only,local_relative_motion,5.0,0.05,5.0,1,0.07407407407407407,0.07407407407407407,0.037037037037037035,0.037037037037037035
ts_2022_06_09_13h16m39s_one_row,physics_only,local_relative_motion,5.0,0.05,10.0,1,0.07407407407407407,0.07407407407407407,0.037037037037037035,0.037037037037037035
ts_2022_06_09_13h16m39s_one_row,physics_only,local_relative_motion,5.0,0.05,20.0,1,0.07407407407407407,0.07407407407407407,0.07407407407407407,0.07407407407407407
ts_2022_06_09_13h16m39s_one_row,physics_only,local_relative_motion,5.0,0.1,1.0,1,0.1111111111111111,0.1111111111111111,0.0,0.0
ts_2022_06_09_13h16m39s_one_row,physics_only,local_relative_motion,5.0,0.1,2.0,1,0.1111111111111111,0.1111111111111111,0.07407407407407407,0.07407407407407407
ts_2022_06_09_13h16m39s_one_row,physics_only,local_relative_motion,5.0,0.1,5.0,1,0.1111111111111111,0.1111111111111111,0.07407407407407407,0.07407407407407407
ts_2022_06_09_13h16m39s_one_row,physics_only,local_relative_motion,5.0,0.1,10.0,1,0.1111111111111111,0.1111111111111111,0.07407407407407407,0.07407407407407407
ts_2022_06_09_13h16m39s_one_row,physics_only,local_relative_motion,5.0,0.1,20.0,1,0.1111111111111111,0.1111111111111111,0.1111111111111111,0.1111111111111111
ts_2022_06_09_13h16m39s_one_row,physics_only,local_relative_motion,5.0,0.2,1.0,1,0.25925925925925924,0.25925925925925924,0.07407407407407407,0.07407407407407407
ts_2022_06_09_13h16m39s_one_row,physics_only,local_relative_motion,5.0,0.2,2.0,1,0.25925925925925924,0.25925925925925924,0.14814814814814814,0.14814814814814814
ts_2022_06_09_13h16m39s_one_row,physics_only,local_relative_motion,5.0,0.2,5.0,1,0.25925925925925924,0.25925925925925924,0.18518518518518517,0.18518518518518517
ts_2022_06_09_13h16m39s_one_row,physics_only,local_relative_motion,5.0,0.2,10.0,1,0.25925925925925924,0.25925925925925924,0.18518518518518517,0.18518518518518517
ts_2022_06_09_13h16m39s_one_row,physics_only,local_relative_motion,5.0,0.2,20.0,1,0.25925925925925924,0.25925925925925924,0.2222222222222222,0.2222222222222222
ts_2022_06_09_13h16m39s_one_row,physics_only,local_relative_motion,5.0,0.5,1.0,1,0.7407407407407407,0.7407407407407407,0.14814814814814814,0.14814814814814814
ts_2022_06_09_13h16m39s_one_row,physics_only,local_relative_motion,5.0,0.5,2.0,1,0.7407407407407407,0.7407407407407407,0.2962962962962963,0.2962962962962963
ts_2022_06_09_13h16m39s_one_row,physics_only,local_relative_motion,5.0,0.5,5.0,1,0.7407407407407407,0.7407407407407407,0.4444444444444444,0.4444444444444444
ts_2022_06_09_13h16m39s_one_row,physics_only,local_relative_motion,5.0,0.5,10.0,1,0.7407407407407407,0.7407407407407407,0.5925925925925926,0.5925925925925926
ts_2022_06_09_13h16m39s_one_row,physics_only,local_relative_motion,5.0,0.5,20.0,1,0.7407407407407407,0.7407407407407407,0.6666666666666666,0.6666666666666666
ts_2022_06_09_13h16m39s_one_row,physics_only,local_relative_motion,5.0,1.0,1.0,1,0.8518518518518519,0.8518518518518519,0.14814814814814814,0.14814814814814814
ts_2022_06_09_13h16m39s_one_row,physics_only,local_relative_motion,5.0,1.0,2.0,1,0.8518518518518519,0.8518518518518519,0.2962962962962963,0.2962962962962963
ts_2022_06_09_13h16m39s_one_row,physics_only,local_relative_motion,5.0,1.0,5.0,1,0.8518518518518519,0.8518518518518519,0.4444444444444444,0.4444444444444444
ts_2022_06_09_13h16m39s_one_row,physics_only,local_relative_motion,5.0,1.0,10.0,1,0.8518518518518519,0.8518518518518519,0.6666666666666666,0.6666666666666666
ts_2022_06_09_13h16m39s_one_row,physics_only,local_relative_motion,5.0,1.0,20.0,1,0.8518518518518519,0.8518518518518519,0.7407407407407407,0.7407407407407407
ts_2022_06_09_13h16m39s_one_row,physics_only,local_relative_motion,10.0,0.05,1.0,1,0.0,0.0,0.0,0.0
ts_2022_06_09_13h16m39s_one_row,physics_only,local_relative_motion,10.0,0.05,2.0,1,0.0,0.0,0.0,0.0
ts_2022_06_09_13h16m39s_one_row,physics_only,local_relative_motion,10.0,0.05,5.0,1,0.0,0.0,0.0,0.0
ts_2022_06_09_13h16m39s_one_row,physics_only,local_relative_motion,10.0,0.05,10.0,1,0.0,0.0,0.0,0.0
ts_2022_06_09_13h16m39s_one_row,physics_only,local_relative_motion,10.0,0.05,20.0,1,0.0,0.0,0.0,0.0
ts_2022_06_09_13h16m39s_one_row,physics_only,local_relative_motion,10.0,0.1,1.0,1,0.0,0.0,0.0,0.0
ts_2022_06_09_13h16m39s_one_row,physics_only,local_relative_motion,10.0,0.1,2.0,1,0.0,0.0,0.0,0.0
ts_2022_06_09_13h16m39s_one_row,physics_only,local_relative_motion,10.0,0.1,5.0,1,0.0,0.0,0.0,0.0
ts_2022_06_09_13h16m39s_one_row,physics_only,local_relative_motion,10.0,0.1,10.0,1,0.0,0.0,0.0,0.0
ts_2022_06_09_13h16m39s_one_row,physics_only,local_relative_motion,10.0,0.1,20.0,1,0.0,0.0,0.0,0.0
ts_2022_06_09_13h16m39s_one_row,physics_only,local_relative_motion,10.0,0.2,1.0,1,0.07692307692307693,0.07692307692307693,0.07692307692307693,0.07692307692307693
ts_2022_06_09_13h16m39s_one_row,physics_only,local_relative_motion,10.0,0.2,2.0,1,0.07692307692307693,0.07692307692307693,0.07692307692307693,0.07692307692307693
ts_2022_06_09_13h16m39s_one_row,physics_only,local_relative_motion,10.0,0.2,5.0,1,0.07692307692307693,0.07692307692307693,0.07692307692307693,0.07692307692307693
ts_2022_06_09_13h16m39s_one_row,physics_only,local_relative_motion,10.0,0.2,10.0,1,0.07692307692307693,0.07692307692307693,0.07692307692307693,0.07692307692307693
ts_2022_06_09_13h16m39s_one_row,physics_only,local_relative_motion,10.0,0.2,20.0,1,0.07692307692307693,0.07692307692307693,0.07692307692307693,0.07692307692307693
ts_2022_06_09_13h16m39s_one_row,physics_only,local_relative_motion,10.0,0.5,1.0,1,0.23076923076923078,0.23076923076923078,0.15384615384615385,0.15384615384615385
ts_2022_06_09_13h16m39s_one_row,physics_only,local_relative_motion,10.0,0.5,2.0,1,0.23076923076923078,0.23076923076923078,0.15384615384615385,0.15384615384615385
ts_2022_06_09_13h16m39s_one_row,physics_only,local_relative_motion,10.0,0.5,5.0,1,0.23076923076923078,0.23076923076923078,0.23076923076923078,0.23076923076923078
ts_2022_06_09_13h16m39s_one_row,physics_only,local_relative_motion,10.0,0.5,10.0,1,0.23076923076923078,0.23076923076923078,0.23076923076923078,0.23076923076923078
ts_2022_06_09_13h16m39s_one_row,physics_only,local_relative_motion,10.0,0.5,20.0,1,0.23076923076923078,0.23076923076923078,0.23076923076923078,0.23076923076923078
ts_2022_06_09_13h16m39s_one_row,physics_only,local_relative_motion,10.0,1.0,1.0,1,0.6923076923076923,0.6923076923076923,0.23076923076923078,0.23076923076923078
ts_2022_06_09_13h16m39s_one_row,physics_only,local_relative_motion,10.0,1.0,2.0,1,0.6923076923076923,0.6923076923076923,0.3076923076923077,0.3076923076923077
ts_2022_06_09_13h16m39s_one_row,physics_only,local_relative_motion,10.0,1.0,5.0,1,0.6923076923076923,0.6923076923076923,0.5384615384615384,0.5384615384615384
ts_2022_06_09_13h16m39s_one_row,physics_only,local_relative_motion,10.0,1.0,10.0,1,0.6923076923076923,0.6923076923076923,0.6923076923076923,0.6923076923076923
ts_2022_06_09_13h16m39s_one_row,physics_only,local_relative_motion,10.0,1.0,20.0,1,0.6923076923076923,0.6923076923076923,0.6923076923076923,0.6923076923076923
ts_2022_06_15_11h48m34s_four_rows,frozen_v2_checkpoint,global_synchronization,0.0,0.5,2.0,30,0.030303030303030304,0.030639730639730633,0.016835016835016835,0.018069584736251407
ts_2022_06_15_11h48m34s_four_rows,frozen_v2_checkpoint,global_synchronization,0.0,0.5,5.0,30,0.030303030303030304,0.030639730639730633,0.02356902356902357,0.02356902356902357
ts_2022_06_15_11h48m34s_four_rows,frozen_v2_checkpoint,global_synchronization,0.0,0.5,10.0,30,0.030303030303030304,0.030639730639730633,0.030303030303030304,0.030639730639730633
ts_2022_06_15_11h48m34s_four_rows,frozen_v2_checkpoint,global_synchronization,0.0,0.5,20.0,30,0.030303030303030304,0.030639730639730633,0.030303030303030304,0.030639730639730633
ts_2022_06_15_11h48m34s_four_rows,frozen_v2_checkpoint,global_synchronization,0.0,0.5,30.0,30,0.030303030303030304,0.030639730639730633,0.030303030303030304,0.030639730639730633
ts_2022_06_15_11h48m34s_four_rows,frozen_v2_checkpoint,global_synchronization,0.0,0.5,45.0,30,0.030303030303030304,0.030639730639730633,0.030303030303030304,0.030639730639730633
ts_2022_06_15_11h48m34s_four_rows,frozen_v2_checkpoint,global_synchronization,0.0,1.0,2.0,30,0.04377104377104377,0.04365881032547698,0.016835016835016835,0.018069584736251407
ts_2022_06_15_11h48m34s_four_rows,frozen_v2_checkpoint,global_synchronization,0.0,1.0,5.0,30,0.04377104377104377,0.04365881032547698,0.02356902356902357,0.02356902356902357
ts_2022_06_15_11h48m34s_four_rows,frozen_v2_checkpoint,global_synchronization,0.0,1.0,10.0,30,0.04377104377104377,0.04365881032547698,0.04040404040404041,0.039393939393939405
ts_2022_06_15_11h48m34s_four_rows,frozen_v2_checkpoint,global_synchronization,0.0,1.0,20.0,30,0.04377104377104377,0.04365881032547698,0.04377104377104377,0.04365881032547698
ts_2022_06_15_11h48m34s_four_rows,frozen_v2_checkpoint,global_synchronization,0.0,1.0,30.0,30,0.04377104377104377,0.04365881032547698,0.04377104377104377,0.04365881032547698
ts_2022_06_15_11h48m34s_four_rows,frozen_v2_checkpoint,global_synchronization,0.0,1.0,45.0,30,0.04377104377104377,0.04365881032547698,0.04377104377104377,0.04365881032547698
ts_2022_06_15_11h48m34s_four_rows,frozen_v2_checkpoint,global_synchronization,0.0,2.0,2.0,30,0.06397306397306397,0.06273849607182941,0.016835016835016835,0.018069584736251407
ts_2022_06_15_11h48m34s_four_rows,frozen_v2_checkpoint,global_synchronization,0.0,2.0,5.0,30,0.06397306397306397,0.06273849607182941,0.02356902356902357,0.02356902356902357
ts_2022_06_15_11h48m34s_four_rows,frozen_v2_checkpoint,global_synchronization,0.0,2.0,10.0,30,0.06397306397306397,0.06273849607182941,0.04377104377104377,0.041863075196408514
ts_2022_06_15_11h48m34s_four_rows,frozen_v2_checkpoint,global_synchronization,0.0,2.0,20.0,30,0.06397306397306397,0.06273849607182941,0.06397306397306397,0.06273849607182941
ts_2022_06_15_11h48m34s_four_rows,frozen_v2_checkpoint,global_synchronization,0.0,2.0,30.0,30,0.06397306397306397,0.06273849607182941,0.06397306397306397,0.06273849607182941
ts_2022_06_15_11h48m34s_four_rows,frozen_v2_checkpoint,global_synchronization,0.0,2.0,45.0,30,0.06397306397306397,0.06273849607182941,0.06397306397306397,0.06273849607182941
ts_2022_06_15_11h48m34s_four_rows,frozen_v2_checkpoint,global_synchronization,0.0,5.0,2.0,30,0.07744107744107744,0.07744107744107744,0.016835016835016835,0.018069584736251407
ts_2022_06_15_11h48m34s_four_rows,frozen_v2_checkpoint,global_synchronization,0.0,5.0,5.0,30,0.07744107744107744,0.07744107744107744,0.02356902356902357,0.02356902356902357
ts_2022_06_15_11h48m34s_four_rows,frozen_v2_checkpoint,global_synchronization,0.0,5.0,10.0,30,0.07744107744107744,0.07744107744107744,0.04377104377104377,0.041863075196408514
ts_2022_06_15_11h48m34s_four_rows,frozen_v2_checkpoint,global_synchronization,0.0,5.0,20.0,30,0.07744107744107744,0.07744107744107744,0.06397306397306397,0.06397306397306399
ts_2022_06_15_11h48m34s_four_rows,frozen_v2_checkpoint,global_synchronization,0.0,5.0,30.0,30,0.07744107744107744,0.07744107744107744,0.06397306397306397,0.06397306397306399
ts_2022_06_15_11h48m34s_four_rows,frozen_v2_checkpoint,global_synchronization,0.0,5.0,45.0,30,0.07744107744107744,0.07744107744107744,0.06397306397306397,0.06397306397306399
ts_2022_06_15_11h48m34s_four_rows,frozen_v2_checkpoint,global_synchronization,0.0,10.0,2.0,30,0.09427609427609428,0.09427609427609428,0.016835016835016835,0.018069584736251407
ts_2022_06_15_11h48m34s_four_rows,frozen_v2_checkpoint,global_synchronization,0.0,10.0,5.0,30,0.09427609427609428,0.09427609427609428,0.02356902356902357,0.02356902356902357
ts_2022_06_15_11h48m34s_four_rows,frozen_v2_checkpoint,global_synchronization,0.0,10.0,10.0,30,0.09427609427609428,0.09427609427609428,0.04377104377104377,0.041863075196408514
ts_2022_06_15_11h48m34s_four_rows,frozen_v2_checkpoint,global_synchronization,0.0,10.0,20.0,30,0.09427609427609428,0.09427609427609428,0.06397306397306397,0.06397306397306399
ts_2022_06_15_11h48m34s_four_rows,frozen_v2_checkpoint,global_synchronization,0.0,10.0,30.0,30,0.09427609427609428,0.09427609427609428,0.06397306397306397,0.06397306397306399
ts_2022_06_15_11h48m34s_four_rows,frozen_v2_checkpoint,global_synchronization,0.0,10.0,45.0,30,0.09427609427609428,0.09427609427609428,0.06397306397306397,0.06397306397306399
ts_2022_06_15_11h48m34s_four_rows,frozen_v2_checkpoint,global_synchronization,0.0,20.0,2.0,30,0.2053872053872054,0.203030303030303,0.016835016835016835,0.018069584736251407
ts_2022_06_15_11h48m34s_four_rows,frozen_v2_checkpoint,global_synchronization,0.0,20.0,5.0,30,0.2053872053872054,0.203030303030303,0.02356902356902357,0.02356902356902357
ts_2022_06_15_11h48m34s_four_rows,frozen_v2_checkpoint,global_synchronization,0.0,20.0,10.0,30,0.2053872053872054,0.203030303030303,0.04377104377104377,0.041863075196408514
ts_2022_06_15_11h48m34s_four_rows,frozen_v2_checkpoint,global_synchronization,0.0,20.0,20.0,30,0.2053872053872054,0.203030303030303,0.06397306397306397,0.06397306397306399
ts_2022_06_15_11h48m34s_four_rows,frozen_v2_checkpoint,global_synchronization,0.0,20.0,30.0,30,0.2053872053872054,0.203030303030303,0.06397306397306397,0.06397306397306399
ts_2022_06_15_11h48m34s_four_rows,frozen_v2_checkpoint,global_synchronization,0.0,20.0,45.0,30,0.2053872053872054,0.203030303030303,0.06397306397306397,0.06397306397306399
ts_2022_06_15_11h48m34s_four_rows,frozen_v2_checkpoint,local_relative_motion,1.0,0.05,1.0,30,0.3569023569023569,0.3566778900112233,0.12794612794612795,0.12760942760942762
ts_2022_06_15_11h48m34s_four_rows,frozen_v2_checkpoint,local_relative_motion,1.0,0.05,2.0,30,0.3569023569023569,0.3566778900112233,0.23737373737373738,0.23591470258136926
ts_2022_06_15_11h48m34s_four_rows,frozen_v2_checkpoint,local_relative_motion,1.0,0.05,5.0,30,0.3569023569023569,0.3566778900112233,0.3333333333333333,0.3338945005611673
ts_2022_06_15_11h48m34s_four_rows,frozen_v2_checkpoint,local_relative_motion,1.0,0.05,10.0,30,0.3569023569023569,0.3566778900112233,0.35353535353535354,0.35252525252525246
ts_2022_06_15_11h48m34s_four_rows,frozen_v2_checkpoint,local_relative_motion,1.0,0.05,20.0,30,0.3569023569023569,0.3566778900112233,0.3569023569023569,0.3566778900112233
ts_2022_06_15_11h48m34s_four_rows,frozen_v2_checkpoint,local_relative_motion,1.0,0.1,1.0,30,0.7912457912457912,0.7877665544332213,0.21212121212121213,0.2131313131313131
ts_2022_06_15_11h48m34s_four_rows,frozen_v2_checkpoint,local_relative_motion,1.0,0.1,2.0,30,0.7912457912457912,0.7877665544332213,0.4276094276094276,0.4262626262626262
ts_2022_06_15_11h48m34s_four_rows,frozen_v2_checkpoint,local_relative_motion,1.0,0.1,5.0,30,0.7912457912457912,0.7877665544332213,0.67003367003367,0.6687991021324358
ts_2022_06_15_11h48m34s_four_rows,frozen_v2_checkpoint,local_relative_motion,1.0,0.1,10.0,30,0.7912457912457912,0.7877665544332213,0.7676767676767676,0.7631874298540967
ts_2022_06_15_11h48m34s_four_rows,frozen_v2_checkpoint,local_relative_motion,1.0,0.1,20.0,30,0.7912457912457912,0.7877665544332213,0.7845117845117845,0.7810325476992145
ts_2022_06_15_11h48m34s_four_rows,frozen_v2_checkpoint,local_relative_motion,1.0,0.2,1.0,30,0.9562289562289562,0.956228956228956,0.2356902356902357,0.2359147025813692
ts_2022_06_15_11h48m34s_four_rows,frozen_v2_checkpoint,local_relative_motion,1.0,0.2,2.0,30,0.9562289562289562,0.956228956228956,0.4663299663299663,0.4666666666666668
ts_2022_06_15_11h48m34s_four_rows,frozen_v2_checkpoint,local_relative_motion,1.0,0.2,5.0,30,0.9562289562289562,0.956228956228956,0.7609427609427609,0.761503928170595
ts_2022_06_15_11h48m34s_four_rows,frozen_v2_checkpoint,local_relative_motion,1.0,0.2,10.0,30,0.9562289562289562,0.956228956228956,0.898989898989899,0.898540965207632
ts_2022_06_15_11h48m34s_four_rows,frozen_v2_checkpoint,local_relative_motion,1.0,0.2,20.0,30,0.9562289562289562,0.956228956228956,0.936026936026936,0.9360269360269357
ts_2022_06_15_11h48m34s_four_rows,frozen_v2_checkpoint,local_relative_motion,1.0,0.5,1.0,30,0.9932659932659933,0.9932659932659933,0.2356902356902357,0.2359147025813692
ts_2022_06_15_11h48m34s_four_rows,frozen_v2_checkpoint,local_relative_motion,1.0,0.5,2.0,30,0.9932659932659933,0.9932659932659933,0.468013468013468,0.4698092031425363
ts_2022_06_15_11h48m34s_four_rows,frozen_v2_checkpoint,local_relative_motion,1.0,0.5,5.0,30,0.9932659932659933,0.9932659932659933,0.7676767676767676,0.7682379349046016
ts_2022_06_15_11h48m34s_four_rows,frozen_v2_checkpoint,local_relative_motion,1.0,0.5,10.0,30,0.9932659932659933,0.9932659932659933,0.9124579124579124,0.9120089786756455
ts_2022_06_15_11h48m34s_four_rows,frozen_v2_checkpoint,local_relative_motion,1.0,0.5,20.0,30,0.9932659932659933,0.9932659932659933,0.9562289562289562,0.956228956228956
ts_2022_06_15_11h48m34s_four_rows,frozen_v2_checkpoint,local_relative_motion,1.0,1.0,1.0,30,1.0,1.0,0.2356902356902357,0.2359147025813692
ts_2022_06_15_11h48m34s_four_rows,frozen_v2_checkpoint,local_relative_motion,1.0,1.0,2.0,30,1.0,1.0,0.468013468013468,0.4698092031425363
ts_2022_06_15_11h48m34s_four_rows,frozen_v2_checkpoint,local_relative_motion,1.0,1.0,5.0,30,1.0,1.0,0.7676767676767676,0.7682379349046016
ts_2022_06_15_11h48m34s_four_rows,frozen_v2_checkpoint,local_relative_motion,1.0,1.0,10.0,30,1.0,1.0,0.9124579124579124,0.9120089786756455
ts_2022_06_15_11h48m34s_four_rows,frozen_v2_checkpoint,local_relative_motion,1.0,1.0,20.0,30,1.0,1.0,0.9562289562289562,0.956228956228956
ts_2022_06_15_11h48m34s_four_rows,frozen_v2_checkpoint,local_relative_motion,5.0,0.05,1.0,30,0.03125,0.027604166666666666,0.015625,0.015625
ts_2022_06_15_11h48m34s_four_rows,frozen_v2_checkpoint,local_relative_motion,5.0,0.05,2.0,30,0.03125,0.027604166666666666,0.015625,0.015625
ts_2022_06_15_11h48m34s_four_rows,frozen_v2_checkpoint,local_relative_motion,5.0,0.05,5.0,30,0.03125,0.027604166666666666,0.015625,0.015625
ts_2022_06_15_11h48m34s_four_rows,frozen_v2_checkpoint,local_relative_motion,5.0,0.05,10.0,30,0.03125,0.027604166666666666,0.03125,0.027604166666666666
ts_2022_06_15_11h48m34s_four_rows,frozen_v2_checkpoint,local_relative_motion,5.0,0.05,20.0,30,0.03125,0.027604166666666666,0.03125,0.027604166666666666
ts_2022_06_15_11h48m34s_four_rows,frozen_v2_checkpoint,local_relative_motion,5.0,0.1,1.0,30,0.03125,0.034895833333333334,0.015625,0.015625
ts_2022_06_15_11h48m34s_four_rows,frozen_v2_checkpoint,local_relative_motion,5.0,0.1,2.0,30,0.03125,0.034895833333333334,0.015625,0.016666666666666666
ts_2022_06_15_11h48m34s_four_rows,frozen_v2_checkpoint,local_relative_motion,5.0,0.1,5.0,30,0.03125,0.034895833333333334,0.015625,0.019270833333333334
ts_2022_06_15_11h48m34s_four_rows,frozen_v2_checkpoint,local_relative_motion,5.0,0.1,10.0,30,0.03125,0.034895833333333334,0.03125,0.034895833333333334
ts_2022_06_15_11h48m34s_four_rows,frozen_v2_checkpoint,local_relative_motion,5.0,0.1,20.0,30,0.03125,0.034895833333333334,0.03125,0.034895833333333334
ts_2022_06_15_11h48m34s_four_rows,frozen_v2_checkpoint,local_relative_motion,5.0,0.2,1.0,30,0.265625,0.25729166666666664,0.09375,0.08020833333333334
ts_2022_06_15_11h48m34s_four_rows,frozen_v2_checkpoint,local_relative_motion,5.0,0.2,2.0,30,0.265625,0.25729166666666664,0.15625,0.14739583333333334
ts_2022_06_15_11h48m34s_four_rows,frozen_v2_checkpoint,local_relative_motion,5.0,0.2,5.0,30,0.265625,0.25729166666666664,0.2265625,0.21510416666666668
ts_2022_06_15_11h48m34s_four_rows,frozen_v2_checkpoint,local_relative_motion,5.0,0.2,10.0,30,0.265625,0.25729166666666664,0.2578125,0.25052083333333336
ts_2022_06_15_11h48m34s_four_rows,frozen_v2_checkpoint,local_relative_motion,5.0,0.2,20.0,30,0.265625,0.25729166666666664,0.2578125,0.25052083333333336
ts_2022_06_15_11h48m34s_four_rows,frozen_v2_checkpoint,local_relative_motion,5.0,0.5,1.0,30,0.796875,0.796875,0.203125,0.2078125
ts_2022_06_15_11h48m34s_four_rows,frozen_v2_checkpoint,local_relative_motion,5.0,0.5,2.0,30,0.796875,0.796875,0.390625,0.38229166666666664
ts_2022_06_15_11h48m34s_four_rows,frozen_v2_checkpoint,local_relative_motion,5.0,0.5,5.0,30,0.796875,0.796875,0.5625,0.5671875
ts_2022_06_15_11h48m34s_four_rows,frozen_v2_checkpoint,local_relative_motion,5.0,0.5,10.0,30,0.796875,0.796875,0.75,0.75
ts_2022_06_15_11h48m34s_four_rows,frozen_v2_checkpoint,local_relative_motion,5.0,0.5,20.0,30,0.796875,0.796875,0.78125,0.78125
ts_2022_06_15_11h48m34s_four_rows,frozen_v2_checkpoint,local_relative_motion,5.0,1.0,1.0,30,0.84375,0.8458333333333333,0.203125,0.2078125
ts_2022_06_15_11h48m34s_four_rows,frozen_v2_checkpoint,local_relative_motion,5.0,1.0,2.0,30,0.84375,0.8458333333333333,0.40625,0.39791666666666664
ts_2022_06_15_11h48m34s_four_rows,frozen_v2_checkpoint,local_relative_motion,5.0,1.0,5.0,30,0.84375,0.8458333333333333,0.578125,0.5828125
ts_2022_06_15_11h48m34s_four_rows,frozen_v2_checkpoint,local_relative_motion,5.0,1.0,10.0,30,0.84375,0.8458333333333333,0.78125,0.78125
ts_2022_06_15_11h48m34s_four_rows,frozen_v2_checkpoint,local_relative_motion,5.0,1.0,20.0,30,0.84375,0.8458333333333333,0.8125,0.8125
ts_2022_06_15_11h48m34s_four_rows,frozen_v2_checkpoint,local_relative_motion,10.0,0.05,1.0,30,0.0,0.0,0.0,0.0
ts_2022_06_15_11h48m34s_four_rows,frozen_v2_checkpoint,local_relative_motion,10.0,0.05,2.0,30,0.0,0.0,0.0,0.0
ts_2022_06_15_11h48m34s_four_rows,frozen_v2_checkpoint,local_relative_motion,10.0,0.05,5.0,30,0.0,0.0,0.0,0.0
ts_2022_06_15_11h48m34s_four_rows,frozen_v2_checkpoint,local_relative_motion,10.0,0.05,10.0,30,0.0,0.0,0.0,0.0
ts_2022_06_15_11h48m34s_four_rows,frozen_v2_checkpoint,local_relative_motion,10.0,0.05,20.0,30,0.0,0.0,0.0,0.0
ts_2022_06_15_11h48m34s_four_rows,frozen_v2_checkpoint,local_relative_motion,10.0,0.1,1.0,30,0.0,0.0,0.0,0.0
ts_2022_06_15_11h48m34s_four_rows,frozen_v2_checkpoint,local_relative_motion,10.0,0.1,2.0,30,0.0,0.0,0.0,0.0
ts_2022_06_15_11h48m34s_four_rows,frozen_v2_checkpoint,local_relative_motion,10.0,0.1,5.0,30,0.0,0.0,0.0,0.0
ts_2022_06_15_11h48m34s_four_rows,frozen_v2_checkpoint,local_relative_motion,10.0,0.1,10.0,30,0.0,0.0,0.0,0.0
ts_2022_06_15_11h48m34s_four_rows,frozen_v2_checkpoint,local_relative_motion,10.0,0.1,20.0,30,0.0,0.0,0.0,0.0
ts_2022_06_15_11h48m34s_four_rows,frozen_v2_checkpoint,local_relative_motion,10.0,0.2,1.0,30,0.0,0.005208333333333333,0.0,0.0010416666666666667
ts_2022_06_15_11h48m34s_four_rows,frozen_v2_checkpoint,local_relative_motion,10.0,0.2,2.0,30,0.0,0.005208333333333333,0.0,0.005208333333333333
ts_2022_06_15_11h48m34s_four_rows,frozen_v2_checkpoint,local_relative_motion,10.0,0.2,5.0,30,0.0,0.005208333333333333,0.0,0.005208333333333333
ts_2022_06_15_11h48m34s_four_rows,frozen_v2_checkpoint,local_relative_motion,10.0,0.2,10.0,30,0.0,0.005208333333333333,0.0,0.005208333333333333
ts_2022_06_15_11h48m34s_four_rows,frozen_v2_checkpoint,local_relative_motion,10.0,0.2,20.0,30,0.0,0.005208333333333333,0.0,0.005208333333333333
ts_2022_06_15_11h48m34s_four_rows,frozen_v2_checkpoint,local_relative_motion,10.0,0.5,1.0,30,0.25,0.24166666666666667,0.0,0.013541666666666667
ts_2022_06_15_11h48m34s_four_rows,frozen_v2_checkpoint,local_relative_motion,10.0,0.5,2.0,30,0.25,0.24166666666666667,0.09375,0.08541666666666667
ts_2022_06_15_11h48m34s_four_rows,frozen_v2_checkpoint,local_relative_motion,10.0,0.5,5.0,30,0.25,0.24166666666666667,0.125,0.11458333333333333
ts_2022_06_15_11h48m34s_four_rows,frozen_v2_checkpoint,local_relative_motion,10.0,0.5,10.0,30,0.25,0.24166666666666667,0.1875,0.17916666666666667
ts_2022_06_15_11h48m34s_four_rows,frozen_v2_checkpoint,local_relative_motion,10.0,0.5,20.0,30,0.25,0.24166666666666667,0.1875,0.17916666666666667
ts_2022_06_15_11h48m34s_four_rows,frozen_v2_checkpoint,local_relative_motion,10.0,1.0,1.0,30,0.65625,0.6541666666666667,0.03125,0.042708333333333334
ts_2022_06_15_11h48m34s_four_rows,frozen_v2_checkpoint,local_relative_motion,10.0,1.0,2.0,30,0.65625,0.6541666666666667,0.1875,0.171875
ts_2022_06_15_11h48m34s_four_rows,frozen_v2_checkpoint,local_relative_motion,10.0,1.0,5.0,30,0.65625,0.6541666666666667,0.375,0.37604166666666666
ts_2022_06_15_11h48m34s_four_rows,frozen_v2_checkpoint,local_relative_motion,10.0,1.0,10.0,30,0.65625,0.6541666666666667,0.53125,0.5291666666666667
ts_2022_06_15_11h48m34s_four_rows,frozen_v2_checkpoint,local_relative_motion,10.0,1.0,20.0,30,0.65625,0.6541666666666667,0.53125,0.5291666666666667
ts_2022_06_15_11h48m34s_four_rows,physics_only,global_synchronization,0.0,0.5,2.0,1,0.030303030303030304,0.030303030303030304,0.020202020202020204,0.020202020202020204
ts_2022_06_15_11h48m34s_four_rows,physics_only,global_synchronization,0.0,0.5,5.0,1,0.030303030303030304,0.030303030303030304,0.02356902356902357,0.02356902356902357
ts_2022_06_15_11h48m34s_four_rows,physics_only,global_synchronization,0.0,0.5,10.0,1,0.030303030303030304,0.030303030303030304,0.030303030303030304,0.030303030303030304
ts_2022_06_15_11h48m34s_four_rows,physics_only,global_synchronization,0.0,0.5,20.0,1,0.030303030303030304,0.030303030303030304,0.030303030303030304,0.030303030303030304
ts_2022_06_15_11h48m34s_four_rows,physics_only,global_synchronization,0.0,0.5,30.0,1,0.030303030303030304,0.030303030303030304,0.030303030303030304,0.030303030303030304
ts_2022_06_15_11h48m34s_four_rows,physics_only,global_synchronization,0.0,0.5,45.0,1,0.030303030303030304,0.030303030303030304,0.030303030303030304,0.030303030303030304
ts_2022_06_15_11h48m34s_four_rows,physics_only,global_synchronization,0.0,1.0,2.0,1,0.04377104377104377,0.04377104377104377,0.020202020202020204,0.020202020202020204
ts_2022_06_15_11h48m34s_four_rows,physics_only,global_synchronization,0.0,1.0,5.0,1,0.04377104377104377,0.04377104377104377,0.02356902356902357,0.02356902356902357
ts_2022_06_15_11h48m34s_four_rows,physics_only,global_synchronization,0.0,1.0,10.0,1,0.04377104377104377,0.04377104377104377,0.04040404040404041,0.04040404040404041
ts_2022_06_15_11h48m34s_four_rows,physics_only,global_synchronization,0.0,1.0,20.0,1,0.04377104377104377,0.04377104377104377,0.04377104377104377,0.04377104377104377
ts_2022_06_15_11h48m34s_four_rows,physics_only,global_synchronization,0.0,1.0,30.0,1,0.04377104377104377,0.04377104377104377,0.04377104377104377,0.04377104377104377
ts_2022_06_15_11h48m34s_four_rows,physics_only,global_synchronization,0.0,1.0,45.0,1,0.04377104377104377,0.04377104377104377,0.04377104377104377,0.04377104377104377
ts_2022_06_15_11h48m34s_four_rows,physics_only,global_synchronization,0.0,2.0,2.0,1,0.06060606060606061,0.06060606060606061,0.020202020202020204,0.020202020202020204
ts_2022_06_15_11h48m34s_four_rows,physics_only,global_synchronization,0.0,2.0,5.0,1,0.06060606060606061,0.06060606060606061,0.02356902356902357,0.02356902356902357
ts_2022_06_15_11h48m34s_four_rows,physics_only,global_synchronization,0.0,2.0,10.0,1,0.06060606060606061,0.06060606060606061,0.04040404040404041,0.04040404040404041
ts_2022_06_15_11h48m34s_four_rows,physics_only,global_synchronization,0.0,2.0,20.0,1,0.06060606060606061,0.06060606060606061,0.06060606060606061,0.06060606060606061
ts_2022_06_15_11h48m34s_four_rows,physics_only,global_synchronization,0.0,2.0,30.0,1,0.06060606060606061,0.06060606060606061,0.06060606060606061,0.06060606060606061
ts_2022_06_15_11h48m34s_four_rows,physics_only,global_synchronization,0.0,2.0,45.0,1,0.06060606060606061,0.06060606060606061,0.06060606060606061,0.06060606060606061
ts_2022_06_15_11h48m34s_four_rows,physics_only,global_synchronization,0.0,5.0,2.0,1,0.07744107744107744,0.07744107744107744,0.020202020202020204,0.020202020202020204
ts_2022_06_15_11h48m34s_four_rows,physics_only,global_synchronization,0.0,5.0,5.0,1,0.07744107744107744,0.07744107744107744,0.02356902356902357,0.02356902356902357
ts_2022_06_15_11h48m34s_four_rows,physics_only,global_synchronization,0.0,5.0,10.0,1,0.07744107744107744,0.07744107744107744,0.04040404040404041,0.04040404040404041
ts_2022_06_15_11h48m34s_four_rows,physics_only,global_synchronization,0.0,5.0,20.0,1,0.07744107744107744,0.07744107744107744,0.06397306397306397,0.06397306397306397
ts_2022_06_15_11h48m34s_four_rows,physics_only,global_synchronization,0.0,5.0,30.0,1,0.07744107744107744,0.07744107744107744,0.06397306397306397,0.06397306397306397
ts_2022_06_15_11h48m34s_four_rows,physics_only,global_synchronization,0.0,5.0,45.0,1,0.07744107744107744,0.07744107744107744,0.06397306397306397,0.06397306397306397
ts_2022_06_15_11h48m34s_four_rows,physics_only,global_synchronization,0.0,10.0,2.0,1,0.09427609427609428,0.09427609427609428,0.020202020202020204,0.020202020202020204
ts_2022_06_15_11h48m34s_four_rows,physics_only,global_synchronization,0.0,10.0,5.0,1,0.09427609427609428,0.09427609427609428,0.02356902356902357,0.02356902356902357
ts_2022_06_15_11h48m34s_four_rows,physics_only,global_synchronization,0.0,10.0,10.0,1,0.09427609427609428,0.09427609427609428,0.04040404040404041,0.04040404040404041
ts_2022_06_15_11h48m34s_four_rows,physics_only,global_synchronization,0.0,10.0,20.0,1,0.09427609427609428,0.09427609427609428,0.06397306397306397,0.06397306397306397
ts_2022_06_15_11h48m34s_four_rows,physics_only,global_synchronization,0.0,10.0,30.0,1,0.09427609427609428,0.09427609427609428,0.06397306397306397,0.06397306397306397
ts_2022_06_15_11h48m34s_four_rows,physics_only,global_synchronization,0.0,10.0,45.0,1,0.09427609427609428,0.09427609427609428,0.06397306397306397,0.06397306397306397
ts_2022_06_15_11h48m34s_four_rows,physics_only,global_synchronization,0.0,20.0,2.0,1,0.2053872053872054,0.2053872053872054,0.020202020202020204,0.020202020202020204
ts_2022_06_15_11h48m34s_four_rows,physics_only,global_synchronization,0.0,20.0,5.0,1,0.2053872053872054,0.2053872053872054,0.02356902356902357,0.02356902356902357
ts_2022_06_15_11h48m34s_four_rows,physics_only,global_synchronization,0.0,20.0,10.0,1,0.2053872053872054,0.2053872053872054,0.04040404040404041,0.04040404040404041
ts_2022_06_15_11h48m34s_four_rows,physics_only,global_synchronization,0.0,20.0,20.0,1,0.2053872053872054,0.2053872053872054,0.06397306397306397,0.06397306397306397
ts_2022_06_15_11h48m34s_four_rows,physics_only,global_synchronization,0.0,20.0,30.0,1,0.2053872053872054,0.2053872053872054,0.06397306397306397,0.06397306397306397
ts_2022_06_15_11h48m34s_four_rows,physics_only,global_synchronization,0.0,20.0,45.0,1,0.2053872053872054,0.2053872053872054,0.06397306397306397,0.06397306397306397
ts_2022_06_15_11h48m34s_four_rows,physics_only,local_relative_motion,1.0,0.05,1.0,1,0.18181818181818182,0.18181818181818182,0.08080808080808081,0.08080808080808081
ts_2022_06_15_11h48m34s_four_rows,physics_only,local_relative_motion,1.0,0.05,2.0,1,0.18181818181818182,0.18181818181818182,0.12457912457912458,0.12457912457912458
ts_2022_06_15_11h48m34s_four_rows,physics_only,local_relative_motion,1.0,0.05,5.0,1,0.18181818181818182,0.18181818181818182,0.1717171717171717,0.1717171717171717
ts_2022_06_15_11h48m34s_four_rows,physics_only,local_relative_motion,1.0,0.05,10.0,1,0.18181818181818182,0.18181818181818182,0.17845117845117844,0.17845117845117844
ts_2022_06_15_11h48m34s_four_rows,physics_only,local_relative_motion,1.0,0.05,20.0,1,0.18181818181818182,0.18181818181818182,0.18181818181818182,0.18181818181818182
ts_2022_06_15_11h48m34s_four_rows,physics_only,local_relative_motion,1.0,0.1,1.0,1,0.7070707070707071,0.7070707070707071,0.2356902356902357,0.2356902356902357
ts_2022_06_15_11h48m34s_four_rows,physics_only,local_relative_motion,1.0,0.1,2.0,1,0.7070707070707071,0.7070707070707071,0.3602693602693603,0.3602693602693603
ts_2022_06_15_11h48m34s_four_rows,physics_only,local_relative_motion,1.0,0.1,5.0,1,0.7070707070707071,0.7070707070707071,0.6060606060606061,0.6060606060606061
ts_2022_06_15_11h48m34s_four_rows,physics_only,local_relative_motion,1.0,0.1,10.0,1,0.7070707070707071,0.7070707070707071,0.6902356902356902,0.6902356902356902
ts_2022_06_15_11h48m34s_four_rows,physics_only,local_relative_motion,1.0,0.1,20.0,1,0.7070707070707071,0.7070707070707071,0.7037037037037037,0.7037037037037037
ts_2022_06_15_11h48m34s_four_rows,physics_only,local_relative_motion,1.0,0.2,1.0,1,0.9595959595959596,0.9595959595959596,0.26936026936026936,0.26936026936026936
ts_2022_06_15_11h48m34s_four_rows,physics_only,local_relative_motion,1.0,0.2,2.0,1,0.9595959595959596,0.9595959595959596,0.42424242424242425,0.42424242424242425
ts_2022_06_15_11h48m34s_four_rows,physics_only,local_relative_motion,1.0,0.2,5.0,1,0.9595959595959596,0.9595959595959596,0.7643097643097643,0.7643097643097643
ts_2022_06_15_11h48m34s_four_rows,physics_only,local_relative_motion,1.0,0.2,10.0,1,0.9595959595959596,0.9595959595959596,0.9124579124579124,0.9124579124579124
ts_2022_06_15_11h48m34s_four_rows,physics_only,local_relative_motion,1.0,0.2,20.0,1,0.9595959595959596,0.9595959595959596,0.9427609427609428,0.9427609427609428
ts_2022_06_15_11h48m34s_four_rows,physics_only,local_relative_motion,1.0,0.5,1.0,1,0.9932659932659933,0.9932659932659933,0.2727272727272727,0.2727272727272727
ts_2022_06_15_11h48m34s_four_rows,physics_only,local_relative_motion,1.0,0.5,2.0,1,0.9932659932659933,0.9932659932659933,0.4276094276094276,0.4276094276094276
ts_2022_06_15_11h48m34s_four_rows,physics_only,local_relative_motion,1.0,0.5,5.0,1,0.9932659932659933,0.9932659932659933,0.7710437710437711,0.7710437710437711
ts_2022_06_15_11h48m34s_four_rows,physics_only,local_relative_motion,1.0,0.5,10.0,1,0.9932659932659933,0.9932659932659933,0.9225589225589226,0.9225589225589226
ts_2022_06_15_11h48m34s_four_rows,physics_only,local_relative_motion,1.0,0.5,20.0,1,0.9932659932659933,0.9932659932659933,0.9562289562289562,0.9562289562289562
ts_2022_06_15_11h48m34s_four_rows,physics_only,local_relative_motion,1.0,1.0,1.0,1,1.0,1.0,0.2727272727272727,0.2727272727272727
ts_2022_06_15_11h48m34s_four_rows,physics_only,local_relative_motion,1.0,1.0,2.0,1,1.0,1.0,0.4276094276094276,0.4276094276094276
ts_2022_06_15_11h48m34s_four_rows,physics_only,local_relative_motion,1.0,1.0,5.0,1,1.0,1.0,0.7710437710437711,0.7710437710437711
ts_2022_06_15_11h48m34s_four_rows,physics_only,local_relative_motion,1.0,1.0,10.0,1,1.0,1.0,0.9225589225589226,0.9225589225589226
ts_2022_06_15_11h48m34s_four_rows,physics_only,local_relative_motion,1.0,1.0,20.0,1,1.0,1.0,0.9562289562289562,0.9562289562289562
ts_2022_06_15_11h48m34s_four_rows,physics_only,local_relative_motion,5.0,0.05,1.0,1,0.015625,0.015625,0.015625,0.015625
ts_2022_06_15_11h48m34s_four_rows,physics_only,local_relative_motion,5.0,0.05,2.0,1,0.015625,0.015625,0.015625,0.015625
ts_2022_06_15_11h48m34s_four_rows,physics_only,local_relative_motion,5.0,0.05,5.0,1,0.015625,0.015625,0.015625,0.015625
ts_2022_06_15_11h48m34s_four_rows,physics_only,local_relative_motion,5.0,0.05,10.0,1,0.015625,0.015625,0.015625,0.015625
ts_2022_06_15_11h48m34s_four_rows,physics_only,local_relative_motion,5.0,0.05,20.0,1,0.015625,0.015625,0.015625,0.015625
ts_2022_06_15_11h48m34s_four_rows,physics_only,local_relative_motion,5.0,0.1,1.0,1,0.03125,0.03125,0.015625,0.015625
ts_2022_06_15_11h48m34s_four_rows,physics_only,local_relative_motion,5.0,0.1,2.0,1,0.03125,0.03125,0.015625,0.015625
ts_2022_06_15_11h48m34s_four_rows,physics_only,local_relative_motion,5.0,0.1,5.0,1,0.03125,0.03125,0.015625,0.015625
ts_2022_06_15_11h48m34s_four_rows,physics_only,local_relative_motion,5.0,0.1,10.0,1,0.03125,0.03125,0.03125,0.03125
ts_2022_06_15_11h48m34s_four_rows,physics_only,local_relative_motion,5.0,0.1,20.0,1,0.03125,0.03125,0.03125,0.03125
ts_2022_06_15_11h48m34s_four_rows,physics_only,local_relative_motion,5.0,0.2,1.0,1,0.046875,0.046875,0.015625,0.015625
ts_2022_06_15_11h48m34s_four_rows,physics_only,local_relative_motion,5.0,0.2,2.0,1,0.046875,0.046875,0.015625,0.015625
ts_2022_06_15_11h48m34s_four_rows,physics_only,local_relative_motion,5.0,0.2,5.0,1,0.046875,0.046875,0.03125,0.03125
ts_2022_06_15_11h48m34s_four_rows,physics_only,local_relative_motion,5.0,0.2,10.0,1,0.046875,0.046875,0.046875,0.046875
ts_2022_06_15_11h48m34s_four_rows,physics_only,local_relative_motion,5.0,0.2,20.0,1,0.046875,0.046875,0.046875,0.046875
ts_2022_06_15_11h48m34s_four_rows,physics_only,local_relative_motion,5.0,0.5,1.0,1,0.734375,0.734375,0.21875,0.21875
ts_2022_06_15_11h48m34s_four_rows,physics_only,local_relative_motion,5.0,0.5,2.0,1,0.734375,0.734375,0.359375,0.359375
ts_2022_06_15_11h48m34s_four_rows,physics_only,local_relative_motion,5.0,0.5,5.0,1,0.734375,0.734375,0.578125,0.578125
ts_2022_06_15_11h48m34s_four_rows,physics_only,local_relative_motion,5.0,0.5,10.0,1,0.734375,0.734375,0.71875,0.71875
ts_2022_06_15_11h48m34s_four_rows,physics_only,local_relative_motion,5.0,0.5,20.0,1,0.734375,0.734375,0.734375,0.734375
ts_2022_06_15_11h48m34s_four_rows,physics_only,local_relative_motion,5.0,1.0,1.0,1,0.828125,0.828125,0.21875,0.21875
ts_2022_06_15_11h48m34s_four_rows,physics_only,local_relative_motion,5.0,1.0,2.0,1,0.828125,0.828125,0.375,0.375
ts_2022_06_15_11h48m34s_four_rows,physics_only,local_relative_motion,5.0,1.0,5.0,1,0.828125,0.828125,0.59375,0.59375
ts_2022_06_15_11h48m34s_four_rows,physics_only,local_relative_motion,5.0,1.0,10.0,1,0.828125,0.828125,0.78125,0.78125
ts_2022_06_15_11h48m34s_four_rows,physics_only,local_relative_motion,5.0,1.0,20.0,1,0.828125,0.828125,0.8125,0.8125
ts_2022_06_15_11h48m34s_four_rows,physics_only,local_relative_motion,10.0,0.05,1.0,1,0.0,0.0,0.0,0.0
ts_2022_06_15_11h48m34s_four_rows,physics_only,local_relative_motion,10.0,0.05,2.0,1,0.0,0.0,0.0,0.0
ts_2022_06_15_11h48m34s_four_rows,physics_only,local_relative_motion,10.0,0.05,5.0,1,0.0,0.0,0.0,0.0
ts_2022_06_15_11h48m34s_four_rows,physics_only,local_relative_motion,10.0,0.05,10.0,1,0.0,0.0,0.0,0.0
ts_2022_06_15_11h48m34s_four_rows,physics_only,local_relative_motion,10.0,0.05,20.0,1,0.0,0.0,0.0,0.0
ts_2022_06_15_11h48m34s_four_rows,physics_only,local_relative_motion,10.0,0.1,1.0,1,0.0,0.0,0.0,0.0
ts_2022_06_15_11h48m34s_four_rows,physics_only,local_relative_motion,10.0,0.1,2.0,1,0.0,0.0,0.0,0.0
ts_2022_06_15_11h48m34s_four_rows,physics_only,local_relative_motion,10.0,0.1,5.0,1,0.0,0.0,0.0,0.0
ts_2022_06_15_11h48m34s_four_rows,physics_only,local_relative_motion,10.0,0.1,10.0,1,0.0,0.0,0.0,0.0
ts_2022_06_15_11h48m34s_four_rows,physics_only,local_relative_motion,10.0,0.1,20.0,1,0.0,0.0,0.0,0.0
ts_2022_06_15_11h48m34s_four_rows,physics_only,local_relative_motion,10.0,0.2,1.0,1,0.0,0.0,0.0,0.0
ts_2022_06_15_11h48m34s_four_rows,physics_only,local_relative_motion,10.0,0.2,2.0,1,0.0,0.0,0.0,0.0
ts_2022_06_15_11h48m34s_four_rows,physics_only,local_relative_motion,10.0,0.2,5.0,1,0.0,0.0,0.0,0.0
ts_2022_06_15_11h48m34s_four_rows,physics_only,local_relative_motion,10.0,0.2,10.0,1,0.0,0.0,0.0,0.0
ts_2022_06_15_11h48m34s_four_rows,physics_only,local_relative_motion,10.0,0.2,20.0,1,0.0,0.0,0.0,0.0
ts_2022_06_15_11h48m34s_four_rows,physics_only,local_relative_motion,10.0,0.5,1.0,1,0.15625,0.15625,0.0,0.0
ts_2022_06_15_11h48m34s_four_rows,physics_only,local_relative_motion,10.0,0.5,2.0,1,0.15625,0.15625,0.03125,0.03125
ts_2022_06_15_11h48m34s_four_rows,physics_only,local_relative_motion,10.0,0.5,5.0,1,0.15625,0.15625,0.0625,0.0625
ts_2022_06_15_11h48m34s_four_rows,physics_only,local_relative_motion,10.0,0.5,10.0,1,0.15625,0.15625,0.09375,0.09375
ts_2022_06_15_11h48m34s_four_rows,physics_only,local_relative_motion,10.0,0.5,20.0,1,0.15625,0.15625,0.09375,0.09375
ts_2022_06_15_11h48m34s_four_rows,physics_only,local_relative_motion,10.0,1.0,1.0,1,0.59375,0.59375,0.0,0.0
ts_2022_06_15_11h48m34s_four_rows,physics_only,local_relative_motion,10.0,1.0,2.0,1,0.59375,0.59375,0.125,0.125
ts_2022_06_15_11h48m34s_four_rows,physics_only,local_relative_motion,10.0,1.0,5.0,1,0.59375,0.59375,0.40625,0.40625
ts_2022_06_15_11h48m34s_four_rows,physics_only,local_relative_motion,10.0,1.0,10.0,1,0.59375,0.59375,0.46875,0.46875
ts_2022_06_15_11h48m34s_four_rows,physics_only,local_relative_motion,10.0,1.0,20.0,1,0.59375,0.59375,0.46875,0.46875
ts_2022_09_01_11h20m00s_two_random,frozen_v2_checkpoint,global_synchronization,0.0,0.5,2.0,30,0.04225352112676056,0.04225352112676055,0.03286384976525822,0.032863849765258225
ts_2022_09_01_11h20m00s_two_random,frozen_v2_checkpoint,global_synchronization,0.0,0.5,5.0,30,0.04225352112676056,0.04225352112676055,0.03755868544600939,0.0375586854460094
ts_2022_09_01_11h20m00s_two_random,frozen_v2_checkpoint,global_synchronization,0.0,0.5,10.0,30,0.04225352112676056,0.04225352112676055,0.04225352112676056,0.04037558685446009
ts_2022_09_01_11h20m00s_two_random,frozen_v2_checkpoint,global_synchronization,0.0,0.5,20.0,30,0.04225352112676056,0.04225352112676055,0.04225352112676056,0.04225352112676055
ts_2022_09_01_11h20m00s_two_random,frozen_v2_checkpoint,global_synchronization,0.0,0.5,30.0,30,0.04225352112676056,0.04225352112676055,0.04225352112676056,0.04225352112676055
ts_2022_09_01_11h20m00s_two_random,frozen_v2_checkpoint,global_synchronization,0.0,0.5,45.0,30,0.04225352112676056,0.04225352112676055,0.04225352112676056,0.04225352112676055
ts_2022_09_01_11h20m00s_two_random,frozen_v2_checkpoint,global_synchronization,0.0,1.0,2.0,30,0.051643192488262914,0.05164319248826293,0.03286384976525822,0.032863849765258225
ts_2022_09_01_11h20m00s_two_random,frozen_v2_checkpoint,global_synchronization,0.0,1.0,5.0,30,0.051643192488262914,0.05164319248826293,0.03755868544600939,0.0375586854460094
ts_2022_09_01_11h20m00s_two_random,frozen_v2_checkpoint,global_synchronization,0.0,1.0,10.0,30,0.051643192488262914,0.05164319248826293,0.04225352112676056,0.04037558685446009
ts_2022_09_01_11h20m00s_two_random,frozen_v2_checkpoint,global_synchronization,0.0,1.0,20.0,30,0.051643192488262914,0.05164319248826293,0.04225352112676056,0.04225352112676055
ts_2022_09_01_11h20m00s_two_random,frozen_v2_checkpoint,global_synchronization,0.0,1.0,30.0,30,0.051643192488262914,0.05164319248826293,0.051643192488262914,0.05164319248826293
ts_2022_09_01_11h20m00s_two_random,frozen_v2_checkpoint,global_synchronization,0.0,1.0,45.0,30,0.051643192488262914,0.05164319248826293,0.051643192488262914,0.05164319248826293
ts_2022_09_01_11h20m00s_two_random,frozen_v2_checkpoint,global_synchronization,0.0,2.0,2.0,30,0.06572769953051644,0.06572769953051645,0.03286384976525822,0.032863849765258225
ts_2022_09_01_11h20m00s_two_random,frozen_v2_checkpoint,global_synchronization,0.0,2.0,5.0,30,0.06572769953051644,0.06572769953051645,0.03755868544600939,0.0375586854460094
ts_2022_09_01_11h20m00s_two_random,frozen_v2_checkpoint,global_synchronization,0.0,2.0,10.0,30,0.06572769953051644,0.06572769953051645,0.04225352112676056,0.04037558685446009
ts_2022_09_01_11h20m00s_two_random,frozen_v2_checkpoint,global_synchronization,0.0,2.0,20.0,30,0.06572769953051644,0.06572769953051645,0.04225352112676056,0.04225352112676055
ts_2022_09_01_11h20m00s_two_random,frozen_v2_checkpoint,global_synchronization,0.0,2.0,30.0,30,0.06572769953051644,0.06572769953051645,0.06103286384976526,0.06103286384976526
ts_2022_09_01_11h20m00s_two_random,frozen_v2_checkpoint,global_synchronization,0.0,2.0,45.0,30,0.06572769953051644,0.06572769953051645,0.06572769953051644,0.06572769953051645
ts_2022_09_01_11h20m00s_two_random,frozen_v2_checkpoint,global_synchronization,0.0,5.0,2.0,30,0.10328638497652583,0.10359937402190926,0.03286384976525822,0.032863849765258225
ts_2022_09_01_11h20m00s_two_random,frozen_v2_checkpoint,global_synchronization,0.0,5.0,5.0,30,0.10328638497652583,0.10359937402190926,0.03755868544600939,0.0375586854460094
ts_2022_09_01_11h20m00s_two_random,frozen_v2_checkpoint,global_synchronization,0.0,5.0,10.0,30,0.10328638497652583,0.10359937402190926,0.04225352112676056,0.04037558685446009
ts_2022_09_01_11h20m00s_two_random,frozen_v2_checkpoint,global_synchronization,0.0,5.0,20.0,30,0.10328638497652583,0.10359937402190926,0.04225352112676056,0.04225352112676055
ts_2022_09_01_11h20m00s_two_random,frozen_v2_checkpoint,global_synchronization,0.0,5.0,30.0,30,0.10328638497652583,0.10359937402190926,0.09859154929577464,0.09890453834115805
ts_2022_09_01_11h20m00s_two_random,frozen_v2_checkpoint,global_synchronization,0.0,5.0,45.0,30,0.10328638497652583,0.10359937402190926,0.10328638497652583,0.10359937402190926
ts_2022_09_01_11h20m00s_two_random,frozen_v2_checkpoint,global_synchronization,0.0,10.0,2.0,30,0.17370892018779344,0.17496087636932706,0.03286384976525822,0.032863849765258225
ts_2022_09_01_11h20m00s_two_random,frozen_v2_checkpoint,global_synchronization,0.0,10.0,5.0,30,0.17370892018779344,0.17496087636932706,0.03755868544600939,0.0375586854460094
ts_2022_09_01_11h20m00s_two_random,frozen_v2_checkpoint,global_synchronization,0.0,10.0,10.0,30,0.17370892018779344,0.17496087636932706,0.04225352112676056,0.04037558685446009
ts_2022_09_01_11h20m00s_two_random,frozen_v2_checkpoint,global_synchronization,0.0,10.0,20.0,30,0.17370892018779344,0.17496087636932706,0.04225352112676056,0.04225352112676055
ts_2022_09_01_11h20m00s_two_random,frozen_v2_checkpoint,global_synchronization,0.0,10.0,30.0,30,0.17370892018779344,0.17496087636932706,0.15023474178403756,0.15148669796557124
ts_2022_09_01_11h20m00s_two_random,frozen_v2_checkpoint,global_synchronization,0.0,10.0,45.0,30,0.17370892018779344,0.17496087636932706,0.16901408450704225,0.17026604068857587
ts_2022_09_01_11h20m00s_two_random,frozen_v2_checkpoint,global_synchronization,0.0,20.0,2.0,30,0.3004694835680751,0.2982785602503913,0.03286384976525822,0.032863849765258225
ts_2022_09_01_11h20m00s_two_random,frozen_v2_checkpoint,global_synchronization,0.0,20.0,5.0,30,0.3004694835680751,0.2982785602503913,0.03755868544600939,0.0375586854460094
ts_2022_09_01_11h20m00s_two_random,frozen_v2_checkpoint,global_synchronization,0.0,20.0,10.0,30,0.3004694835680751,0.2982785602503913,0.04225352112676056,0.04037558685446009
ts_2022_09_01_11h20m00s_two_random,frozen_v2_checkpoint,global_synchronization,0.0,20.0,20.0,30,0.3004694835680751,0.2982785602503913,0.051643192488262914,0.04757433489827856
ts_2022_09_01_11h20m00s_two_random,frozen_v2_checkpoint,global_synchronization,0.0,20.0,30.0,30,0.3004694835680751,0.2982785602503913,0.2676056338028169,0.2693270735524257
ts_2022_09_01_11h20m00s_two_random,frozen_v2_checkpoint,global_synchronization,0.0,20.0,45.0,30,0.3004694835680751,0.2982785602503913,0.29577464788732394,0.29358372456964005
ts_2022_09_01_11h20m00s_two_random,frozen_v2_checkpoint,local_relative_motion,1.0,0.05,1.0,30,0.5539906103286385,0.5519561815336462,0.27699530516431925,0.2726134585289514
ts_2022_09_01_11h20m00s_two_random,frozen_v2_checkpoint,local_relative_motion,1.0,0.05,2.0,30,0.5539906103286385,0.5519561815336462,0.4131455399061033,0.41079812206572763
ts_2022_09_01_11h20m00s_two_random,frozen_v2_checkpoint,local_relative_motion,1.0,0.05,5.0,30,0.5539906103286385,0.5519561815336462,0.5305164319248826,0.5278560250391237
ts_2022_09_01_11h20m00s_two_random,frozen_v2_checkpoint,local_relative_motion,1.0,0.05,10.0,30,0.5539906103286385,0.5519561815336462,0.5446009389671361,0.542566510172144
ts_2022_09_01_11h20m00s_two_random,frozen_v2_checkpoint,local_relative_motion,1.0,0.05,20.0,30,0.5539906103286385,0.5519561815336462,0.5446009389671361,0.542566510172144
ts_2022_09_01_11h20m00s_two_random,frozen_v2_checkpoint,local_relative_motion,1.0,0.1,1.0,30,0.8403755868544601,0.8427230046948357,0.37089201877934275,0.3730829420970265
ts_2022_09_01_11h20m00s_two_random,frozen_v2_checkpoint,local_relative_motion,1.0,0.1,2.0,30,0.8403755868544601,0.8427230046948357,0.5915492957746479,0.5926447574334899
ts_2022_09_01_11h20m00s_two_random,frozen_v2_checkpoint,local_relative_motion,1.0,0.1,5.0,30,0.8403755868544601,0.8427230046948357,0.7981220657276995,0.8004694835680752
ts_2022_09_01_11h20m00s_two_random,frozen_v2_checkpoint,local_relative_motion,1.0,0.1,10.0,30,0.8403755868544601,0.8427230046948357,0.8262910798122066,0.8286384976525822
ts_2022_09_01_11h20m00s_two_random,frozen_v2_checkpoint,local_relative_motion,1.0,0.1,20.0,30,0.8403755868544601,0.8427230046948357,0.8262910798122066,0.8286384976525822
ts_2022_09_01_11h20m00s_two_random,frozen_v2_checkpoint,local_relative_motion,1.0,0.2,1.0,30,0.9178403755868545,0.9179968701095463,0.3732394366197183,0.37323943661971826
ts_2022_09_01_11h20m00s_two_random,frozen_v2_checkpoint,local_relative_motion,1.0,0.2,2.0,30,0.9178403755868545,0.9179968701095463,0.6103286384976526,0.6103286384976526
ts_2022_09_01_11h20m00s_two_random,frozen_v2_checkpoint,local_relative_motion,1.0,0.2,5.0,30,0.9178403755868545,0.9179968701095463,0.8497652582159625,0.8499217527386542
ts_2022_09_01_11h20m00s_two_random,frozen_v2_checkpoint,local_relative_motion,1.0,0.2,10.0,30,0.9178403755868545,0.9179968701095463,0.8967136150234741,0.8970266040688578
ts_2022_09_01_11h20m00s_two_random,frozen_v2_checkpoint,local_relative_motion,1.0,0.2,20.0,30,0.9178403755868545,0.9179968701095463,0.903755868544601,0.9039123630672925
ts_2022_09_01_11h20m00s_two_random,frozen_v2_checkpoint,local_relative_motion,1.0,0.5,1.0,30,0.971830985915493,0.9718309859154928,0.3732394366197183,0.37323943661971826
ts_2022_09_01_11h20m00s_two_random,frozen_v2_checkpoint,local_relative_motion,1.0,0.5,2.0,30,0.971830985915493,0.9718309859154928,0.6150234741784038,0.6147104851330204
ts_2022_09_01_11h20m00s_two_random,frozen_v2_checkpoint,local_relative_motion,1.0,0.5,5.0,30,0.971830985915493,0.9718309859154928,0.8591549295774648,0.8589984350547729
ts_2022_09_01_11h20m00s_two_random,frozen_v2_checkpoint,local_relative_motion,1.0,0.5,10.0,30,0.971830985915493,0.9718309859154928,0.9154929577464789,0.9154929577464791
ts_2022_09_01_11h20m00s_two_random,frozen_v2_checkpoint,local_relative_motion,1.0,0.5,20.0,30,0.971830985915493,0.9718309859154928,0.9436619718309859,0.9436619718309855
ts_2022_09_01_11h20m00s_two_random,frozen_v2_checkpoint,local_relative_motion,1.0,1.0,1.0,30,0.9765258215962441,0.9765258215962441,0.3732394366197183,0.37323943661971826
ts_2022_09_01_11h20m00s_two_random,frozen_v2_checkpoint,local_relative_motion,1.0,1.0,2.0,30,0.9765258215962441,0.9765258215962441,0.6150234741784038,0.6147104851330204
ts_2022_09_01_11h20m00s_two_random,frozen_v2_checkpoint,local_relative_motion,1.0,1.0,5.0,30,0.9765258215962441,0.9765258215962441,0.863849765258216,0.8636932707355243
ts_2022_09_01_11h20m00s_two_random,frozen_v2_checkpoint,local_relative_motion,1.0,1.0,10.0,30,0.9765258215962441,0.9765258215962441,0.92018779342723,0.9201877934272303
ts_2022_09_01_11h20m00s_two_random,frozen_v2_checkpoint,local_relative_motion,1.0,1.0,20.0,30,0.9765258215962441,0.9765258215962441,0.9483568075117371,0.9483568075117369
ts_2022_09_01_11h20m00s_two_random,frozen_v2_checkpoint,local_relative_motion,5.0,0.05,1.0,30,0.043478260869565216,0.042753623188405795,0.021739130434782608,0.021739130434782605
ts_2022_09_01_11h20m00s_two_random,frozen_v2_checkpoint,local_relative_motion,5.0,0.05,2.0,30,0.043478260869565216,0.042753623188405795,0.043478260869565216,0.042753623188405795
ts_2022_09_01_11h20m00s_two_random,frozen_v2_checkpoint,local_relative_motion,5.0,0.05,5.0,30,0.043478260869565216,0.042753623188405795,0.043478260869565216,0.042753623188405795
ts_2022_09_01_11h20m00s_two_random,frozen_v2_checkpoint,local_relative_motion,5.0,0.05,10.0,30,0.043478260869565216,0.042753623188405795,0.043478260869565216,0.042753623188405795
ts_2022_09_01_11h20m00s_two_random,frozen_v2_checkpoint,local_relative_motion,5.0,0.05,20.0,30,0.043478260869565216,0.042753623188405795,0.043478260869565216,0.042753623188405795
ts_2022_09_01_11h20m00s_two_random,frozen_v2_checkpoint,local_relative_motion,5.0,0.1,1.0,30,0.1956521739130435,0.18985507246376815,0.10869565217391304,0.10869565217391305
ts_2022_09_01_11h20m00s_two_random,frozen_v2_checkpoint,local_relative_motion,5.0,0.1,2.0,30,0.1956521739130435,0.18985507246376815,0.17391304347826086,0.16884057971014496
ts_2022_09_01_11h20m00s_two_random,frozen_v2_checkpoint,local_relative_motion,5.0,0.1,5.0,30,0.1956521739130435,0.18985507246376815,0.17391304347826086,0.16956521739130437
ts_2022_09_01_11h20m00s_two_random,frozen_v2_checkpoint,local_relative_motion,5.0,0.1,10.0,30,0.1956521739130435,0.18985507246376815,0.17391304347826086,0.1753623188405797
ts_2022_09_01_11h20m00s_two_random,frozen_v2_checkpoint,local_relative_motion,5.0,0.1,20.0,30,0.1956521739130435,0.18985507246376815,0.17391304347826086,0.1753623188405797
ts_2022_09_01_11h20m00s_two_random,frozen_v2_checkpoint,local_relative_motion,5.0,0.2,1.0,30,0.6086956521739131,0.6210144927536232,0.2282608695652174,0.22753623188405794
ts_2022_09_01_11h20m00s_two_random,frozen_v2_checkpoint,local_relative_motion,5.0,0.2,2.0,30,0.6086956521739131,0.6210144927536232,0.41304347826086957,0.4217391304347826
ts_2022_09_01_11h20m00s_two_random,frozen_v2_checkpoint,local_relative_motion,5.0,0.2,5.0,30,0.6086956521739131,0.6210144927536232,0.5217391304347826,0.5376811594202898
ts_2022_09_01_11h20m00s_two_random,frozen_v2_checkpoint,local_relative_motion,5.0,0.2,10.0,30,0.6086956521739131,0.6210144927536232,0.5652173913043478,0.5775362318840579
ts_2022_09_01_11h20m00s_two_random,frozen_v2_checkpoint,local_relative_motion,5.0,0.2,20.0,30,0.6086956521739131,0.6210144927536232,0.5869565217391305,0.5992753623188405
ts_2022_09_01_11h20m00s_two_random,frozen_v2_checkpoint,local_relative_motion,5.0,0.5,1.0,30,0.8260869565217391,0.8260869565217389,0.2826086956521739,0.2869565217391304
ts_2022_09_01_11h20m00s_two_random,frozen_v2_checkpoint,local_relative_motion,5.0,0.5,2.0,30,0.8260869565217391,0.8260869565217389,0.5,0.5
ts_2022_09_01_11h20m00s_two_random,frozen_v2_checkpoint,local_relative_motion,5.0,0.5,5.0,30,0.8260869565217391,0.8260869565217389,0.6956521739130435,0.698550724637681
ts_2022_09_01_11h20m00s_two_random,frozen_v2_checkpoint,local_relative_motion,5.0,0.5,10.0,30,0.8260869565217391,0.8260869565217389,0.782608695652174,0.7826086956521743
ts_2022_09_01_11h20m00s_two_random,frozen_v2_checkpoint,local_relative_motion,5.0,0.5,20.0,30,0.8260869565217391,0.8260869565217389,0.8043478260869565,0.8043478260869567
ts_2022_09_01_11h20m00s_two_random,frozen_v2_checkpoint,local_relative_motion,5.0,1.0,1.0,30,0.9347826086956522,0.9347826086956522,0.2826086956521739,0.2869565217391304
ts_2022_09_01_11h20m00s_two_random,frozen_v2_checkpoint,local_relative_motion,5.0,1.0,2.0,30,0.9347826086956522,0.9347826086956522,0.5,0.5
ts_2022_09_01_11h20m00s_two_random,frozen_v2_checkpoint,local_relative_motion,5.0,1.0,5.0,30,0.9347826086956522,0.9347826086956522,0.717391304347826,0.7202898550724635
ts_2022_09_01_11h20m00s_two_random,frozen_v2_checkpoint,local_relative_motion,5.0,1.0,10.0,30,0.9347826086956522,0.9347826086956522,0.8043478260869565,0.8043478260869567
ts_2022_09_01_11h20m00s_two_random,frozen_v2_checkpoint,local_relative_motion,5.0,1.0,20.0,30,0.9347826086956522,0.9347826086956522,0.8913043478260869,0.8913043478260867
ts_2022_09_01_11h20m00s_two_random,frozen_v2_checkpoint,local_relative_motion,10.0,0.05,1.0,30,0.0,0.0,0.0,0.0
ts_2022_09_01_11h20m00s_two_random,frozen_v2_checkpoint,local_relative_motion,10.0,0.05,2.0,30,0.0,0.0,0.0,0.0
ts_2022_09_01_11h20m00s_two_random,frozen_v2_checkpoint,local_relative_motion,10.0,0.05,5.0,30,0.0,0.0,0.0,0.0
ts_2022_09_01_11h20m00s_two_random,frozen_v2_checkpoint,local_relative_motion,10.0,0.05,10.0,30,0.0,0.0,0.0,0.0
ts_2022_09_01_11h20m00s_two_random,frozen_v2_checkpoint,local_relative_motion,10.0,0.05,20.0,30,0.0,0.0,0.0,0.0
ts_2022_09_01_11h20m00s_two_random,frozen_v2_checkpoint,local_relative_motion,10.0,0.1,1.0,30,0.043478260869565216,0.04492753623188405,0.043478260869565216,0.04492753623188405
ts_2022_09_01_11h20m00s_two_random,frozen_v2_checkpoint,local_relative_motion,10.0,0.1,2.0,30,0.043478260869565216,0.04492753623188405,0.043478260869565216,0.04492753623188405
ts_2022_09_01_11h20m00s_two_random,frozen_v2_checkpoint,local_relative_motion,10.0,0.1,5.0,30,0.043478260869565216,0.04492753623188405,0.043478260869565216,0.04492753623188405
ts_2022_09_01_11h20m00s_two_random,frozen_v2_checkpoint,local_relative_motion,10.0,0.1,10.0,30,0.043478260869565216,0.04492753623188405,0.043478260869565216,0.04492753623188405
ts_2022_09_01_11h20m00s_two_random,frozen_v2_checkpoint,local_relative_motion,10.0,0.1,20.0,30,0.043478260869565216,0.04492753623188405,0.043478260869565216,0.04492753623188405
ts_2022_09_01_11h20m00s_two_random,frozen_v2_checkpoint,local_relative_motion,10.0,0.2,1.0,30,0.13043478260869565,0.1579710144927536,0.08695652173913043,0.10579710144927537
ts_2022_09_01_11h20m00s_two_random,frozen_v2_checkpoint,local_relative_motion,10.0,0.2,2.0,30,0.13043478260869565,0.1579710144927536,0.08695652173913043,0.10579710144927537
ts_2022_09_01_11h20m00s_two_random,frozen_v2_checkpoint,local_relative_motion,10.0,0.2,5.0,30,0.13043478260869565,0.1579710144927536,0.13043478260869565,0.1579710144927536
ts_2022_09_01_11h20m00s_two_random,frozen_v2_checkpoint,local_relative_motion,10.0,0.2,10.0,30,0.13043478260869565,0.1579710144927536,0.13043478260869565,0.1579710144927536
ts_2022_09_01_11h20m00s_two_random,frozen_v2_checkpoint,local_relative_motion,10.0,0.2,20.0,30,0.13043478260869565,0.1579710144927536,0.13043478260869565,0.1579710144927536
ts_2022_09_01_11h20m00s_two_random,frozen_v2_checkpoint,local_relative_motion,10.0,0.5,1.0,30,0.6086956521739131,0.6144927536231886,0.17391304347826086,0.17391304347826084
ts_2022_09_01_11h20m00s_two_random,frozen_v2_checkpoint,local_relative_motion,10.0,0.5,2.0,30,0.6086956521739131,0.6144927536231886,0.17391304347826086,0.1855072463768116
ts_2022_09_01_11h20m00s_two_random,frozen_v2_checkpoint,local_relative_motion,10.0,0.5,5.0,30,0.6086956521739131,0.6144927536231886,0.43478260869565216,0.44637681159420295
ts_2022_09_01_11h20m00s_two_random,frozen_v2_checkpoint,local_relative_motion,10.0,0.5,10.0,30,0.6086956521739131,0.6144927536231886,0.5217391304347826,0.5318840579710146
ts_2022_09_01_11h20m00s_two_random,frozen_v2_checkpoint,local_relative_motion,10.0,0.5,20.0,30,0.6086956521739131,0.6144927536231886,0.5652173913043478,0.5710144927536231
ts_2022_09_01_11h20m00s_two_random,frozen_v2_checkpoint,local_relative_motion,10.0,1.0,1.0,30,0.6956521739130435,0.6956521739130433,0.17391304347826086,0.17391304347826084
ts_2022_09_01_11h20m00s_two_random,frozen_v2_checkpoint,local_relative_motion,10.0,1.0,2.0,30,0.6956521739130435,0.6956521739130433,0.17391304347826086,0.1855072463768116
ts_2022_09_01_11h20m00s_two_random,frozen_v2_checkpoint,local_relative_motion,10.0,1.0,5.0,30,0.6956521739130435,0.6956521739130433,0.5217391304347826,0.5231884057971016
ts_2022_09_01_11h20m00s_two_random,frozen_v2_checkpoint,local_relative_motion,10.0,1.0,10.0,30,0.6956521739130435,0.6956521739130433,0.6086956521739131,0.6086956521739133
ts_2022_09_01_11h20m00s_two_random,frozen_v2_checkpoint,local_relative_motion,10.0,1.0,20.0,30,0.6956521739130435,0.6956521739130433,0.6521739130434783,0.652173913043478
ts_2022_09_01_11h20m00s_two_random,physics_only,global_synchronization,0.0,0.5,2.0,1,0.04225352112676056,0.04225352112676056,0.03286384976525822,0.03286384976525822
ts_2022_09_01_11h20m00s_two_random,physics_only,global_synchronization,0.0,0.5,5.0,1,0.04225352112676056,0.04225352112676056,0.03755868544600939,0.03755868544600939
ts_2022_09_01_11h20m00s_two_random,physics_only,global_synchronization,0.0,0.5,10.0,1,0.04225352112676056,0.04225352112676056,0.04225352112676056,0.04225352112676056
ts_2022_09_01_11h20m00s_two_random,physics_only,global_synchronization,0.0,0.5,20.0,1,0.04225352112676056,0.04225352112676056,0.04225352112676056,0.04225352112676056
ts_2022_09_01_11h20m00s_two_random,physics_only,global_synchronization,0.0,0.5,30.0,1,0.04225352112676056,0.04225352112676056,0.04225352112676056,0.04225352112676056
ts_2022_09_01_11h20m00s_two_random,physics_only,global_synchronization,0.0,0.5,45.0,1,0.04225352112676056,0.04225352112676056,0.04225352112676056,0.04225352112676056
ts_2022_09_01_11h20m00s_two_random,physics_only,global_synchronization,0.0,1.0,2.0,1,0.051643192488262914,0.051643192488262914,0.03286384976525822,0.03286384976525822
ts_2022_09_01_11h20m00s_two_random,physics_only,global_synchronization,0.0,1.0,5.0,1,0.051643192488262914,0.051643192488262914,0.03755868544600939,0.03755868544600939
ts_2022_09_01_11h20m00s_two_random,physics_only,global_synchronization,0.0,1.0,10.0,1,0.051643192488262914,0.051643192488262914,0.04225352112676056,0.04225352112676056
ts_2022_09_01_11h20m00s_two_random,physics_only,global_synchronization,0.0,1.0,20.0,1,0.051643192488262914,0.051643192488262914,0.04225352112676056,0.04225352112676056
ts_2022_09_01_11h20m00s_two_random,physics_only,global_synchronization,0.0,1.0,30.0,1,0.051643192488262914,0.051643192488262914,0.051643192488262914,0.051643192488262914
ts_2022_09_01_11h20m00s_two_random,physics_only,global_synchronization,0.0,1.0,45.0,1,0.051643192488262914,0.051643192488262914,0.051643192488262914,0.051643192488262914
ts_2022_09_01_11h20m00s_two_random,physics_only,global_synchronization,0.0,2.0,2.0,1,0.06572769953051644,0.06572769953051644,0.03286384976525822,0.03286384976525822
ts_2022_09_01_11h20m00s_two_random,physics_only,global_synchronization,0.0,2.0,5.0,1,0.06572769953051644,0.06572769953051644,0.03755868544600939,0.03755868544600939
ts_2022_09_01_11h20m00s_two_random,physics_only,global_synchronization,0.0,2.0,10.0,1,0.06572769953051644,0.06572769953051644,0.04225352112676056,0.04225352112676056
ts_2022_09_01_11h20m00s_two_random,physics_only,global_synchronization,0.0,2.0,20.0,1,0.06572769953051644,0.06572769953051644,0.04225352112676056,0.04225352112676056
ts_2022_09_01_11h20m00s_two_random,physics_only,global_synchronization,0.0,2.0,30.0,1,0.06572769953051644,0.06572769953051644,0.06103286384976526,0.06103286384976526
ts_2022_09_01_11h20m00s_two_random,physics_only,global_synchronization,0.0,2.0,45.0,1,0.06572769953051644,0.06572769953051644,0.06572769953051644,0.06572769953051644
ts_2022_09_01_11h20m00s_two_random,physics_only,global_synchronization,0.0,5.0,2.0,1,0.10328638497652583,0.10328638497652583,0.03286384976525822,0.03286384976525822
ts_2022_09_01_11h20m00s_two_random,physics_only,global_synchronization,0.0,5.0,5.0,1,0.10328638497652583,0.10328638497652583,0.03755868544600939,0.03755868544600939
ts_2022_09_01_11h20m00s_two_random,physics_only,global_synchronization,0.0,5.0,10.0,1,0.10328638497652583,0.10328638497652583,0.04225352112676056,0.04225352112676056
ts_2022_09_01_11h20m00s_two_random,physics_only,global_synchronization,0.0,5.0,20.0,1,0.10328638497652583,0.10328638497652583,0.04225352112676056,0.04225352112676056
ts_2022_09_01_11h20m00s_two_random,physics_only,global_synchronization,0.0,5.0,30.0,1,0.10328638497652583,0.10328638497652583,0.09859154929577464,0.09859154929577464
ts_2022_09_01_11h20m00s_two_random,physics_only,global_synchronization,0.0,5.0,45.0,1,0.10328638497652583,0.10328638497652583,0.10328638497652583,0.10328638497652583
ts_2022_09_01_11h20m00s_two_random,physics_only,global_synchronization,0.0,10.0,2.0,1,0.17370892018779344,0.17370892018779344,0.03286384976525822,0.03286384976525822
ts_2022_09_01_11h20m00s_two_random,physics_only,global_synchronization,0.0,10.0,5.0,1,0.17370892018779344,0.17370892018779344,0.03755868544600939,0.03755868544600939
ts_2022_09_01_11h20m00s_two_random,physics_only,global_synchronization,0.0,10.0,10.0,1,0.17370892018779344,0.17370892018779344,0.04225352112676056,0.04225352112676056
ts_2022_09_01_11h20m00s_two_random,physics_only,global_synchronization,0.0,10.0,20.0,1,0.17370892018779344,0.17370892018779344,0.04225352112676056,0.04225352112676056
ts_2022_09_01_11h20m00s_two_random,physics_only,global_synchronization,0.0,10.0,30.0,1,0.17370892018779344,0.17370892018779344,0.15023474178403756,0.15023474178403756
ts_2022_09_01_11h20m00s_two_random,physics_only,global_synchronization,0.0,10.0,45.0,1,0.17370892018779344,0.17370892018779344,0.16901408450704225,0.16901408450704225
ts_2022_09_01_11h20m00s_two_random,physics_only,global_synchronization,0.0,20.0,2.0,1,0.3004694835680751,0.3004694835680751,0.03286384976525822,0.03286384976525822
ts_2022_09_01_11h20m00s_two_random,physics_only,global_synchronization,0.0,20.0,5.0,1,0.3004694835680751,0.3004694835680751,0.03755868544600939,0.03755868544600939
ts_2022_09_01_11h20m00s_two_random,physics_only,global_synchronization,0.0,20.0,10.0,1,0.3004694835680751,0.3004694835680751,0.04225352112676056,0.04225352112676056
ts_2022_09_01_11h20m00s_two_random,physics_only,global_synchronization,0.0,20.0,20.0,1,0.3004694835680751,0.3004694835680751,0.051643192488262914,0.051643192488262914
ts_2022_09_01_11h20m00s_two_random,physics_only,global_synchronization,0.0,20.0,30.0,1,0.3004694835680751,0.3004694835680751,0.27230046948356806,0.27230046948356806
ts_2022_09_01_11h20m00s_two_random,physics_only,global_synchronization,0.0,20.0,45.0,1,0.3004694835680751,0.3004694835680751,0.29577464788732394,0.29577464788732394
ts_2022_09_01_11h20m00s_two_random,physics_only,local_relative_motion,1.0,0.05,1.0,1,0.4272300469483568,0.4272300469483568,0.22065727699530516,0.22065727699530516
ts_2022_09_01_11h20m00s_two_random,physics_only,local_relative_motion,1.0,0.05,2.0,1,0.4272300469483568,0.4272300469483568,0.323943661971831,0.323943661971831
ts_2022_09_01_11h20m00s_two_random,physics_only,local_relative_motion,1.0,0.05,5.0,1,0.4272300469483568,0.4272300469483568,0.4084507042253521,0.4084507042253521
ts_2022_09_01_11h20m00s_two_random,physics_only,local_relative_motion,1.0,0.05,10.0,1,0.4272300469483568,0.4272300469483568,0.4225352112676056,0.4225352112676056
ts_2022_09_01_11h20m00s_two_random,physics_only,local_relative_motion,1.0,0.05,20.0,1,0.4272300469483568,0.4272300469483568,0.4225352112676056,0.4225352112676056
ts_2022_09_01_11h20m00s_two_random,physics_only,local_relative_motion,1.0,0.1,1.0,1,0.8356807511737089,0.8356807511737089,0.39436619718309857,0.39436619718309857
ts_2022_09_01_11h20m00s_two_random,physics_only,local_relative_motion,1.0,0.1,2.0,1,0.8356807511737089,0.8356807511737089,0.5868544600938967,0.5868544600938967
ts_2022_09_01_11h20m00s_two_random,physics_only,local_relative_motion,1.0,0.1,5.0,1,0.8356807511737089,0.8356807511737089,0.7981220657276995,0.7981220657276995
ts_2022_09_01_11h20m00s_two_random,physics_only,local_relative_motion,1.0,0.1,10.0,1,0.8356807511737089,0.8356807511737089,0.8215962441314554,0.8215962441314554
ts_2022_09_01_11h20m00s_two_random,physics_only,local_relative_motion,1.0,0.1,20.0,1,0.8356807511737089,0.8356807511737089,0.8215962441314554,0.8215962441314554
ts_2022_09_01_11h20m00s_two_random,physics_only,local_relative_motion,1.0,0.2,1.0,1,0.92018779342723,0.92018779342723,0.40375586854460094,0.40375586854460094
ts_2022_09_01_11h20m00s_two_random,physics_only,local_relative_motion,1.0,0.2,2.0,1,0.92018779342723,0.92018779342723,0.6150234741784038,0.6150234741784038
ts_2022_09_01_11h20m00s_two_random,physics_only,local_relative_motion,1.0,0.2,5.0,1,0.92018779342723,0.92018779342723,0.8497652582159625,0.8497652582159625
ts_2022_09_01_11h20m00s_two_random,physics_only,local_relative_motion,1.0,0.2,10.0,1,0.92018779342723,0.92018779342723,0.9014084507042254,0.9014084507042254
ts_2022_09_01_11h20m00s_two_random,physics_only,local_relative_motion,1.0,0.2,20.0,1,0.92018779342723,0.92018779342723,0.9061032863849765,0.9061032863849765
ts_2022_09_01_11h20m00s_two_random,physics_only,local_relative_motion,1.0,0.5,1.0,1,0.971830985915493,0.971830985915493,0.40375586854460094,0.40375586854460094
ts_2022_09_01_11h20m00s_two_random,physics_only,local_relative_motion,1.0,0.5,2.0,1,0.971830985915493,0.971830985915493,0.6150234741784038,0.6150234741784038
ts_2022_09_01_11h20m00s_two_random,physics_only,local_relative_motion,1.0,0.5,5.0,1,0.971830985915493,0.971830985915493,0.8544600938967136,0.8544600938967136
ts_2022_09_01_11h20m00s_two_random,physics_only,local_relative_motion,1.0,0.5,10.0,1,0.971830985915493,0.971830985915493,0.9154929577464789,0.9154929577464789
ts_2022_09_01_11h20m00s_two_random,physics_only,local_relative_motion,1.0,0.5,20.0,1,0.971830985915493,0.971830985915493,0.9436619718309859,0.9436619718309859
ts_2022_09_01_11h20m00s_two_random,physics_only,local_relative_motion,1.0,1.0,1.0,1,0.9765258215962441,0.9765258215962441,0.40375586854460094,0.40375586854460094
ts_2022_09_01_11h20m00s_two_random,physics_only,local_relative_motion,1.0,1.0,2.0,1,0.9765258215962441,0.9765258215962441,0.6150234741784038,0.6150234741784038
ts_2022_09_01_11h20m00s_two_random,physics_only,local_relative_motion,1.0,1.0,5.0,1,0.9765258215962441,0.9765258215962441,0.8591549295774648,0.8591549295774648
ts_2022_09_01_11h20m00s_two_random,physics_only,local_relative_motion,1.0,1.0,10.0,1,0.9765258215962441,0.9765258215962441,0.92018779342723,0.92018779342723
ts_2022_09_01_11h20m00s_two_random,physics_only,local_relative_motion,1.0,1.0,20.0,1,0.9765258215962441,0.9765258215962441,0.9483568075117371,0.9483568075117371
ts_2022_09_01_11h20m00s_two_random,physics_only,local_relative_motion,5.0,0.05,1.0,1,0.021739130434782608,0.021739130434782608,0.021739130434782608,0.021739130434782608
ts_2022_09_01_11h20m00s_two_random,physics_only,local_relative_motion,5.0,0.05,2.0,1,0.021739130434782608,0.021739130434782608,0.021739130434782608,0.021739130434782608
ts_2022_09_01_11h20m00s_two_random,physics_only,local_relative_motion,5.0,0.05,5.0,1,0.021739130434782608,0.021739130434782608,0.021739130434782608,0.021739130434782608
ts_2022_09_01_11h20m00s_two_random,physics_only,local_relative_motion,5.0,0.05,10.0,1,0.021739130434782608,0.021739130434782608,0.021739130434782608,0.021739130434782608
ts_2022_09_01_11h20m00s_two_random,physics_only,local_relative_motion,5.0,0.05,20.0,1,0.021739130434782608,0.021739130434782608,0.021739130434782608,0.021739130434782608
ts_2022_09_01_11h20m00s_two_random,physics_only,local_relative_motion,5.0,0.1,1.0,1,0.043478260869565216,0.043478260869565216,0.021739130434782608,0.021739130434782608
ts_2022_09_01_11h20m00s_two_random,physics_only,local_relative_motion,5.0,0.1,2.0,1,0.043478260869565216,0.043478260869565216,0.043478260869565216,0.043478260869565216
ts_2022_09_01_11h20m00s_two_random,physics_only,local_relative_motion,5.0,0.1,5.0,1,0.043478260869565216,0.043478260869565216,0.043478260869565216,0.043478260869565216
ts_2022_09_01_11h20m00s_two_random,physics_only,local_relative_motion,5.0,0.1,10.0,1,0.043478260869565216,0.043478260869565216,0.043478260869565216,0.043478260869565216
ts_2022_09_01_11h20m00s_two_random,physics_only,local_relative_motion,5.0,0.1,20.0,1,0.043478260869565216,0.043478260869565216,0.043478260869565216,0.043478260869565216
ts_2022_09_01_11h20m00s_two_random,physics_only,local_relative_motion,5.0,0.2,1.0,1,0.391304347826087,0.391304347826087,0.17391304347826086,0.17391304347826086
ts_2022_09_01_11h20m00s_two_random,physics_only,local_relative_motion,5.0,0.2,2.0,1,0.391304347826087,0.391304347826087,0.30434782608695654,0.30434782608695654
ts_2022_09_01_11h20m00s_two_random,physics_only,local_relative_motion,5.0,0.2,5.0,1,0.391304347826087,0.391304347826087,0.34782608695652173,0.34782608695652173
ts_2022_09_01_11h20m00s_two_random,physics_only,local_relative_motion,5.0,0.2,10.0,1,0.391304347826087,0.391304347826087,0.34782608695652173,0.34782608695652173
ts_2022_09_01_11h20m00s_two_random,physics_only,local_relative_motion,5.0,0.2,20.0,1,0.391304347826087,0.391304347826087,0.3695652173913043,0.3695652173913043
ts_2022_09_01_11h20m00s_two_random,physics_only,local_relative_motion,5.0,0.5,1.0,1,0.8260869565217391,0.8260869565217391,0.2826086956521739,0.2826086956521739
ts_2022_09_01_11h20m00s_two_random,physics_only,local_relative_motion,5.0,0.5,2.0,1,0.8260869565217391,0.8260869565217391,0.5,0.5
ts_2022_09_01_11h20m00s_two_random,physics_only,local_relative_motion,5.0,0.5,5.0,1,0.8260869565217391,0.8260869565217391,0.6956521739130435,0.6956521739130435
ts_2022_09_01_11h20m00s_two_random,physics_only,local_relative_motion,5.0,0.5,10.0,1,0.8260869565217391,0.8260869565217391,0.782608695652174,0.782608695652174
ts_2022_09_01_11h20m00s_two_random,physics_only,local_relative_motion,5.0,0.5,20.0,1,0.8260869565217391,0.8260869565217391,0.8043478260869565,0.8043478260869565
ts_2022_09_01_11h20m00s_two_random,physics_only,local_relative_motion,5.0,1.0,1.0,1,0.9347826086956522,0.9347826086956522,0.2826086956521739,0.2826086956521739
ts_2022_09_01_11h20m00s_two_random,physics_only,local_relative_motion,5.0,1.0,2.0,1,0.9347826086956522,0.9347826086956522,0.5,0.5
ts_2022_09_01_11h20m00s_two_random,physics_only,local_relative_motion,5.0,1.0,5.0,1,0.9347826086956522,0.9347826086956522,0.717391304347826,0.717391304347826
ts_2022_09_01_11h20m00s_two_random,physics_only,local_relative_motion,5.0,1.0,10.0,1,0.9347826086956522,0.9347826086956522,0.8043478260869565,0.8043478260869565
ts_2022_09_01_11h20m00s_two_random,physics_only,local_relative_motion,5.0,1.0,20.0,1,0.9347826086956522,0.9347826086956522,0.8913043478260869,0.8913043478260869
ts_2022_09_01_11h20m00s_two_random,physics_only,local_relative_motion,10.0,0.05,1.0,1,0.0,0.0,0.0,0.0
ts_2022_09_01_11h20m00s_two_random,physics_only,local_relative_motion,10.0,0.05,2.0,1,0.0,0.0,0.0,0.0
ts_2022_09_01_11h20m00s_two_random,physics_only,local_relative_motion,10.0,0.05,5.0,1,0.0,0.0,0.0,0.0
ts_2022_09_01_11h20m00s_two_random,physics_only,local_relative_motion,10.0,0.05,10.0,1,0.0,0.0,0.0,0.0
ts_2022_09_01_11h20m00s_two_random,physics_only,local_relative_motion,10.0,0.05,20.0,1,0.0,0.0,0.0,0.0
ts_2022_09_01_11h20m00s_two_random,physics_only,local_relative_motion,10.0,0.1,1.0,1,0.0,0.0,0.0,0.0
ts_2022_09_01_11h20m00s_two_random,physics_only,local_relative_motion,10.0,0.1,2.0,1,0.0,0.0,0.0,0.0
ts_2022_09_01_11h20m00s_two_random,physics_only,local_relative_motion,10.0,0.1,5.0,1,0.0,0.0,0.0,0.0
ts_2022_09_01_11h20m00s_two_random,physics_only,local_relative_motion,10.0,0.1,10.0,1,0.0,0.0,0.0,0.0
ts_2022_09_01_11h20m00s_two_random,physics_only,local_relative_motion,10.0,0.1,20.0,1,0.0,0.0,0.0,0.0
ts_2022_09_01_11h20m00s_two_random,physics_only,local_relative_motion,10.0,0.2,1.0,1,0.043478260869565216,0.043478260869565216,0.043478260869565216,0.043478260869565216
ts_2022_09_01_11h20m00s_two_random,physics_only,local_relative_motion,10.0,0.2,2.0,1,0.043478260869565216,0.043478260869565216,0.043478260869565216,0.043478260869565216
ts_2022_09_01_11h20m00s_two_random,physics_only,local_relative_motion,10.0,0.2,5.0,1,0.043478260869565216,0.043478260869565216,0.043478260869565216,0.043478260869565216
ts_2022_09_01_11h20m00s_two_random,physics_only,local_relative_motion,10.0,0.2,10.0,1,0.043478260869565216,0.043478260869565216,0.043478260869565216,0.043478260869565216
ts_2022_09_01_11h20m00s_two_random,physics_only,local_relative_motion,10.0,0.2,20.0,1,0.043478260869565216,0.043478260869565216,0.043478260869565216,0.043478260869565216
ts_2022_09_01_11h20m00s_two_random,physics_only,local_relative_motion,10.0,0.5,1.0,1,0.6086956521739131,0.6086956521739131,0.17391304347826086,0.17391304347826086
ts_2022_09_01_11h20m00s_two_random,physics_only,local_relative_motion,10.0,0.5,2.0,1,0.6086956521739131,0.6086956521739131,0.21739130434782608,0.21739130434782608
ts_2022_09_01_11h20m00s_two_random,physics_only,local_relative_motion,10.0,0.5,5.0,1,0.6086956521739131,0.6086956521739131,0.43478260869565216,0.43478260869565216
ts_2022_09_01_11h20m00s_two_random,physics_only,local_relative_motion,10.0,0.5,10.0,1,0.6086956521739131,0.6086956521739131,0.5217391304347826,0.5217391304347826
ts_2022_09_01_11h20m00s_two_random,physics_only,local_relative_motion,10.0,0.5,20.0,1,0.6086956521739131,0.6086956521739131,0.5652173913043478,0.5652173913043478
ts_2022_09_01_11h20m00s_two_random,physics_only,local_relative_motion,10.0,1.0,1.0,1,0.6956521739130435,0.6956521739130435,0.17391304347826086,0.17391304347826086
ts_2022_09_01_11h20m00s_two_random,physics_only,local_relative_motion,10.0,1.0,2.0,1,0.6956521739130435,0.6956521739130435,0.21739130434782608,0.21739130434782608
ts_2022_09_01_11h20m00s_two_random,physics_only,local_relative_motion,10.0,1.0,5.0,1,0.6956521739130435,0.6956521739130435,0.5217391304347826,0.5217391304347826
ts_2022_09_01_11h20m00s_two_random,physics_only,local_relative_motion,10.0,1.0,10.0,1,0.6956521739130435,0.6956521739130435,0.6086956521739131,0.6086956521739131
ts_2022_09_01_11h20m00s_two_random,physics_only,local_relative_motion,10.0,1.0,20.0,1,0.6956521739130435,0.6956521739130435,0.6521739130434783,0.6521739130434783
ts_2022_09_01_12h32m56s_double_loop_corridor,frozen_v2_checkpoint,global_synchronization,0.0,0.5,2.0,30,0.02586206896551724,0.0257183908045977,0.02586206896551724,0.02557471264367816
ts_2022_09_01_12h32m56s_double_loop_corridor,frozen_v2_checkpoint,global_synchronization,0.0,0.5,5.0,30,0.02586206896551724,0.0257183908045977,0.02586206896551724,0.02557471264367816
ts_2022_09_01_12h32m56s_double_loop_corridor,frozen_v2_checkpoint,global_synchronization,0.0,0.5,10.0,30,0.02586206896551724,0.0257183908045977,0.02586206896551724,0.02557471264367816
ts_2022_09_01_12h32m56s_double_loop_corridor,frozen_v2_checkpoint,global_synchronization,0.0,0.5,20.0,30,0.02586206896551724,0.0257183908045977,0.02586206896551724,0.02557471264367816
ts_2022_09_01_12h32m56s_double_loop_corridor,frozen_v2_checkpoint,global_synchronization,0.0,0.5,30.0,30,0.02586206896551724,0.0257183908045977,0.02586206896551724,0.02557471264367816
ts_2022_09_01_12h32m56s_double_loop_corridor,frozen_v2_checkpoint,global_synchronization,0.0,0.5,45.0,30,0.02586206896551724,0.0257183908045977,0.02586206896551724,0.02557471264367816
ts_2022_09_01_12h32m56s_double_loop_corridor,frozen_v2_checkpoint,global_synchronization,0.0,1.0,2.0,30,0.02586206896551724,0.026436781609195402,0.02586206896551724,0.02586206896551724
ts_2022_09_01_12h32m56s_double_loop_corridor,frozen_v2_checkpoint,global_synchronization,0.0,1.0,5.0,30,0.02586206896551724,0.026436781609195402,0.02586206896551724,0.02586206896551724
ts_2022_09_01_12h32m56s_double_loop_corridor,frozen_v2_checkpoint,global_synchronization,0.0,1.0,10.0,30,0.02586206896551724,0.026436781609195402,0.02586206896551724,0.02586206896551724
ts_2022_09_01_12h32m56s_double_loop_corridor,frozen_v2_checkpoint,global_synchronization,0.0,1.0,20.0,30,0.02586206896551724,0.026436781609195402,0.02586206896551724,0.02586206896551724
ts_2022_09_01_12h32m56s_double_loop_corridor,frozen_v2_checkpoint,global_synchronization,0.0,1.0,30.0,30,0.02586206896551724,0.026436781609195402,0.02586206896551724,0.02586206896551724
ts_2022_09_01_12h32m56s_double_loop_corridor,frozen_v2_checkpoint,global_synchronization,0.0,1.0,45.0,30,0.02586206896551724,0.026436781609195402,0.02586206896551724,0.02586206896551724
ts_2022_09_01_12h32m56s_double_loop_corridor,frozen_v2_checkpoint,global_synchronization,0.0,2.0,2.0,30,0.034482758620689655,0.03491379310344827,0.03017241379310345,0.030172413793103443
ts_2022_09_01_12h32m56s_double_loop_corridor,frozen_v2_checkpoint,global_synchronization,0.0,2.0,5.0,30,0.034482758620689655,0.03491379310344827,0.03017241379310345,0.030172413793103443
ts_2022_09_01_12h32m56s_double_loop_corridor,frozen_v2_checkpoint,global_synchronization,0.0,2.0,10.0,30,0.034482758620689655,0.03491379310344827,0.03017241379310345,0.030172413793103443
ts_2022_09_01_12h32m56s_double_loop_corridor,frozen_v2_checkpoint,global_synchronization,0.0,2.0,20.0,30,0.034482758620689655,0.03491379310344827,0.03017241379310345,0.030172413793103443
ts_2022_09_01_12h32m56s_double_loop_corridor,frozen_v2_checkpoint,global_synchronization,0.0,2.0,30.0,30,0.034482758620689655,0.03491379310344827,0.03017241379310345,0.030172413793103443
ts_2022_09_01_12h32m56s_double_loop_corridor,frozen_v2_checkpoint,global_synchronization,0.0,2.0,45.0,30,0.034482758620689655,0.03491379310344827,0.03017241379310345,0.030172413793103443
ts_2022_09_01_12h32m56s_double_loop_corridor,frozen_v2_checkpoint,global_synchronization,0.0,5.0,2.0,30,0.0603448275862069,0.06091954022988506,0.034482758620689655,0.03448275862068965
ts_2022_09_01_12h32m56s_double_loop_corridor,frozen_v2_checkpoint,global_synchronization,0.0,5.0,5.0,30,0.0603448275862069,0.06091954022988506,0.034482758620689655,0.03448275862068965
ts_2022_09_01_12h32m56s_double_loop_corridor,frozen_v2_checkpoint,global_synchronization,0.0,5.0,10.0,30,0.0603448275862069,0.06091954022988506,0.03879310344827586,0.03879310344827586
ts_2022_09_01_12h32m56s_double_loop_corridor,frozen_v2_checkpoint,global_synchronization,0.0,5.0,20.0,30,0.0603448275862069,0.06091954022988506,0.03879310344827586,0.03879310344827586
ts_2022_09_01_12h32m56s_double_loop_corridor,frozen_v2_checkpoint,global_synchronization,0.0,5.0,30.0,30,0.0603448275862069,0.06091954022988506,0.03879310344827586,0.03879310344827586
ts_2022_09_01_12h32m56s_double_loop_corridor,frozen_v2_checkpoint,global_synchronization,0.0,5.0,45.0,30,0.0603448275862069,0.06091954022988506,0.03879310344827586,0.03879310344827586
ts_2022_09_01_12h32m56s_double_loop_corridor,frozen_v2_checkpoint,global_synchronization,0.0,10.0,2.0,30,0.125,0.12442528735632184,0.034482758620689655,0.03448275862068965
ts_2022_09_01_12h32m56s_double_loop_corridor,frozen_v2_checkpoint,global_synchronization,0.0,10.0,5.0,30,0.125,0.12442528735632184,0.034482758620689655,0.03448275862068965
ts_2022_09_01_12h32m56s_double_loop_corridor,frozen_v2_checkpoint,global_synchronization,0.0,10.0,10.0,30,0.125,0.12442528735632184,0.04741379310344827,0.04913793103448274
ts_2022_09_01_12h32m56s_double_loop_corridor,frozen_v2_checkpoint,global_synchronization,0.0,10.0,20.0,30,0.125,0.12442528735632184,0.0603448275862069,0.060344827586206885
ts_2022_09_01_12h32m56s_double_loop_corridor,frozen_v2_checkpoint,global_synchronization,0.0,10.0,30.0,30,0.125,0.12442528735632184,0.06465517241379311,0.06465517241379312
ts_2022_09_01_12h32m56s_double_loop_corridor,frozen_v2_checkpoint,global_synchronization,0.0,10.0,45.0,30,0.125,0.12442528735632184,0.06465517241379311,0.06465517241379312
ts_2022_09_01_12h32m56s_double_loop_corridor,frozen_v2_checkpoint,global_synchronization,0.0,20.0,2.0,30,0.27586206896551724,0.27715517241379306,0.034482758620689655,0.03448275862068965
ts_2022_09_01_12h32m56s_double_loop_corridor,frozen_v2_checkpoint,global_synchronization,0.0,20.0,5.0,30,0.27586206896551724,0.27715517241379306,0.034482758620689655,0.035919540229885055
ts_2022_09_01_12h32m56s_double_loop_corridor,frozen_v2_checkpoint,global_synchronization,0.0,20.0,10.0,30,0.27586206896551724,0.27715517241379306,0.06896551724137931,0.0670977011494253
ts_2022_09_01_12h32m56s_double_loop_corridor,frozen_v2_checkpoint,global_synchronization,0.0,20.0,20.0,30,0.27586206896551724,0.27715517241379306,0.08189655172413793,0.08189655172413793
ts_2022_09_01_12h32m56s_double_loop_corridor,frozen_v2_checkpoint,global_synchronization,0.0,20.0,30.0,30,0.27586206896551724,0.27715517241379306,0.09051724137931035,0.09051724137931037
ts_2022_09_01_12h32m56s_double_loop_corridor,frozen_v2_checkpoint,global_synchronization,0.0,20.0,45.0,30,0.27586206896551724,0.27715517241379306,0.09051724137931035,0.09051724137931037
ts_2022_09_01_12h32m56s_double_loop_corridor,frozen_v2_checkpoint,local_relative_motion,1.0,0.05,1.0,30,0.23706896551724138,0.2429597701149425,0.1228448275862069,0.1307471264367816
ts_2022_09_01_12h32m56s_double_loop_corridor,frozen_v2_checkpoint,local_relative_motion,1.0,0.05,2.0,30,0.23706896551724138,0.2429597701149425,0.1810344827586207,0.1873563218390805
ts_2022_09_01_12h32m56s_double_loop_corridor,frozen_v2_checkpoint,local_relative_motion,1.0,0.05,5.0,30,0.23706896551724138,0.2429597701149425,0.23275862068965517,0.2386494252873563
ts_2022_09_01_12h32m56s_double_loop_corridor,frozen_v2_checkpoint,local_relative_motion,1.0,0.05,10.0,30,0.23706896551724138,0.2429597701149425,0.23706896551724138,0.2429597701149425
ts_2022_09_01_12h32m56s_double_loop_corridor,frozen_v2_checkpoint,local_relative_motion,1.0,0.05,20.0,30,0.23706896551724138,0.2429597701149425,0.23706896551724138,0.2429597701149425
ts_2022_09_01_12h32m56s_double_loop_corridor,frozen_v2_checkpoint,local_relative_motion,1.0,0.1,1.0,30,0.6336206896551724,0.6354885057471263,0.27155172413793105,0.271551724137931
ts_2022_09_01_12h32m56s_double_loop_corridor,frozen_v2_checkpoint,local_relative_motion,1.0,0.1,2.0,30,0.6336206896551724,0.6354885057471263,0.47629310344827586,0.47442528735632183
ts_2022_09_01_12h32m56s_double_loop_corridor,frozen_v2_checkpoint,local_relative_motion,1.0,0.1,5.0,30,0.6336206896551724,0.6354885057471263,0.6206896551724138,0.6225574712643679
ts_2022_09_01_12h32m56s_double_loop_corridor,frozen_v2_checkpoint,local_relative_motion,1.0,0.1,10.0,30,0.6336206896551724,0.6354885057471263,0.6336206896551724,0.6354885057471263
ts_2022_09_01_12h32m56s_double_loop_corridor,frozen_v2_checkpoint,local_relative_motion,1.0,0.1,20.0,30,0.6336206896551724,0.6354885057471263,0.6336206896551724,0.6354885057471263
ts_2022_09_01_12h32m56s_double_loop_corridor,frozen_v2_checkpoint,local_relative_motion,1.0,0.2,1.0,30,0.7241379310344828,0.7228448275862072,0.2823275862068966,0.2827586206896552
ts_2022_09_01_12h32m56s_double_loop_corridor,frozen_v2_checkpoint,local_relative_motion,1.0,0.2,2.0,30,0.7241379310344828,0.7228448275862072,0.5086206896551724,0.5097701149425287
ts_2022_09_01_12h32m56s_double_loop_corridor,frozen_v2_checkpoint,local_relative_motion,1.0,0.2,5.0,30,0.7241379310344828,0.7228448275862072,0.6896551724137931,0.6880747126436781
ts_2022_09_01_12h32m56s_double_loop_corridor,frozen_v2_checkpoint,local_relative_motion,1.0,0.2,10.0,30,0.7241379310344828,0.7228448275862072,0.7198275862068966,0.7185344827586206
ts_2022_09_01_12h32m56s_double_loop_corridor,frozen_v2_checkpoint,local_relative_motion,1.0,0.2,20.0,30,0.7241379310344828,0.7228448275862072,0.7198275862068966,0.7185344827586206
ts_2022_09_01_12h32m56s_double_loop_corridor,frozen_v2_checkpoint,local_relative_motion,1.0,0.5,1.0,30,0.7456896551724138,0.7456896551724136,0.28663793103448276,0.2870689655172413
ts_2022_09_01_12h32m56s_double_loop_corridor,frozen_v2_checkpoint,local_relative_motion,1.0,0.5,2.0,30,0.7456896551724138,0.7456896551724136,0.5129310344827587,0.514080459770115
ts_2022_09_01_12h32m56s_double_loop_corridor,frozen_v2_checkpoint,local_relative_motion,1.0,0.5,5.0,30,0.7456896551724138,0.7456896551724136,0.6939655172413793,0.6939655172413796
ts_2022_09_01_12h32m56s_double_loop_corridor,frozen_v2_checkpoint,local_relative_motion,1.0,0.5,10.0,30,0.7456896551724138,0.7456896551724136,0.7327586206896551,0.732758620689655
ts_2022_09_01_12h32m56s_double_loop_corridor,frozen_v2_checkpoint,local_relative_motion,1.0,0.5,20.0,30,0.7456896551724138,0.7456896551724136,0.7327586206896551,0.732758620689655
ts_2022_09_01_12h32m56s_double_loop_corridor,frozen_v2_checkpoint,local_relative_motion,1.0,1.0,1.0,30,0.771551724137931,0.7715517241379313,0.28663793103448276,0.2870689655172413
ts_2022_09_01_12h32m56s_double_loop_corridor,frozen_v2_checkpoint,local_relative_motion,1.0,1.0,2.0,30,0.771551724137931,0.7715517241379313,0.5129310344827587,0.514080459770115
ts_2022_09_01_12h32m56s_double_loop_corridor,frozen_v2_checkpoint,local_relative_motion,1.0,1.0,5.0,30,0.771551724137931,0.7715517241379313,0.6982758620689655,0.6982758620689654
ts_2022_09_01_12h32m56s_double_loop_corridor,frozen_v2_checkpoint,local_relative_motion,1.0,1.0,10.0,30,0.771551724137931,0.7715517241379313,0.7370689655172413,0.7370689655172415
ts_2022_09_01_12h32m56s_double_loop_corridor,frozen_v2_checkpoint,local_relative_motion,1.0,1.0,20.0,30,0.771551724137931,0.7715517241379313,0.7370689655172413,0.7370689655172415
ts_2022_09_01_12h32m56s_double_loop_corridor,frozen_v2_checkpoint,local_relative_motion,5.0,0.05,1.0,30,0.02,0.020000000000000004,0.02,0.020000000000000004
ts_2022_09_01_12h32m56s_double_loop_corridor,frozen_v2_checkpoint,local_relative_motion,5.0,0.05,2.0,30,0.02,0.020000000000000004,0.02,0.020000000000000004
ts_2022_09_01_12h32m56s_double_loop_corridor,frozen_v2_checkpoint,local_relative_motion,5.0,0.05,5.0,30,0.02,0.020000000000000004,0.02,0.020000000000000004
ts_2022_09_01_12h32m56s_double_loop_corridor,frozen_v2_checkpoint,local_relative_motion,5.0,0.05,10.0,30,0.02,0.020000000000000004,0.02,0.020000000000000004
ts_2022_09_01_12h32m56s_double_loop_corridor,frozen_v2_checkpoint,local_relative_motion,5.0,0.05,20.0,30,0.02,0.020000000000000004,0.02,0.020000000000000004
ts_2022_09_01_12h32m56s_double_loop_corridor,frozen_v2_checkpoint,local_relative_motion,5.0,0.1,1.0,30,0.04,0.03533333333333334,0.02,0.02666666666666667
ts_2022_09_01_12h32m56s_double_loop_corridor,frozen_v2_checkpoint,local_relative_motion,5.0,0.1,2.0,30,0.04,0.03533333333333334,0.04,0.03533333333333334
ts_2022_09_01_12h32m56s_double_loop_corridor,frozen_v2_checkpoint,local_relative_motion,5.0,0.1,5.0,30,0.04,0.03533333333333334,0.04,0.03533333333333334
ts_2022_09_01_12h32m56s_double_loop_corridor,frozen_v2_checkpoint,local_relative_motion,5.0,0.1,10.0,30,0.04,0.03533333333333334,0.04,0.03533333333333334
ts_2022_09_01_12h32m56s_double_loop_corridor,frozen_v2_checkpoint,local_relative_motion,5.0,0.1,20.0,30,0.04,0.03533333333333334,0.04,0.03533333333333334
ts_2022_09_01_12h32m56s_double_loop_corridor,frozen_v2_checkpoint,local_relative_motion,5.0,0.2,1.0,30,0.1,0.11000000000000001,0.04,0.05133333333333334
ts_2022_09_01_12h32m56s_double_loop_corridor,frozen_v2_checkpoint,local_relative_motion,5.0,0.2,2.0,30,0.1,0.11000000000000001,0.08,0.08466666666666668
ts_2022_09_01_12h32m56s_double_loop_corridor,frozen_v2_checkpoint,local_relative_motion,5.0,0.2,5.0,30,0.1,0.11000000000000001,0.1,0.11000000000000001
ts_2022_09_01_12h32m56s_double_loop_corridor,frozen_v2_checkpoint,local_relative_motion,5.0,0.2,10.0,30,0.1,0.11000000000000001,0.1,0.11000000000000001
ts_2022_09_01_12h32m56s_double_loop_corridor,frozen_v2_checkpoint,local_relative_motion,5.0,0.2,20.0,30,0.1,0.11000000000000001,0.1,0.11000000000000001
ts_2022_09_01_12h32m56s_double_loop_corridor,frozen_v2_checkpoint,local_relative_motion,5.0,0.5,1.0,30,0.6,0.6000000000000001,0.18,0.18866666666666665
ts_2022_09_01_12h32m56s_double_loop_corridor,frozen_v2_checkpoint,local_relative_motion,5.0,0.5,2.0,30,0.6,0.6000000000000001,0.3,0.30400000000000005
ts_2022_09_01_12h32m56s_double_loop_corridor,frozen_v2_checkpoint,local_relative_motion,5.0,0.5,5.0,30,0.6,0.6000000000000001,0.48,0.4800000000000001
ts_2022_09_01_12h32m56s_double_loop_corridor,frozen_v2_checkpoint,local_relative_motion,5.0,0.5,10.0,30,0.6,0.6000000000000001,0.58,0.5799999999999998
ts_2022_09_01_12h32m56s_double_loop_corridor,frozen_v2_checkpoint,local_relative_motion,5.0,0.5,20.0,30,0.6,0.6000000000000001,0.58,0.5799999999999998
ts_2022_09_01_12h32m56s_double_loop_corridor,frozen_v2_checkpoint,local_relative_motion,5.0,1.0,1.0,30,0.64,0.6400000000000001,0.18,0.18866666666666665
ts_2022_09_01_12h32m56s_double_loop_corridor,frozen_v2_checkpoint,local_relative_motion,5.0,1.0,2.0,30,0.64,0.6400000000000001,0.3,0.30400000000000005
ts_2022_09_01_12h32m56s_double_loop_corridor,frozen_v2_checkpoint,local_relative_motion,5.0,1.0,5.0,30,0.64,0.6400000000000001,0.5,0.5
ts_2022_09_01_12h32m56s_double_loop_corridor,frozen_v2_checkpoint,local_relative_motion,5.0,1.0,10.0,30,0.64,0.6400000000000001,0.62,0.62
ts_2022_09_01_12h32m56s_double_loop_corridor,frozen_v2_checkpoint,local_relative_motion,5.0,1.0,20.0,30,0.64,0.6400000000000001,0.62,0.62
ts_2022_09_01_12h32m56s_double_loop_corridor,frozen_v2_checkpoint,local_relative_motion,10.0,0.05,1.0,30,0.0,0.0,0.0,0.0
ts_2022_09_01_12h32m56s_double_loop_corridor,frozen_v2_checkpoint,local_relative_motion,10.0,0.05,2.0,30,0.0,0.0,0.0,0.0
ts_2022_09_01_12h32m56s_double_loop_corridor,frozen_v2_checkpoint,local_relative_motion,10.0,0.05,5.0,30,0.0,0.0,0.0,0.0
ts_2022_09_01_12h32m56s_double_loop_corridor,frozen_v2_checkpoint,local_relative_motion,10.0,0.05,10.0,30,0.0,0.0,0.0,0.0
ts_2022_09_01_12h32m56s_double_loop_corridor,frozen_v2_checkpoint,local_relative_motion,10.0,0.05,20.0,30,0.0,0.0,0.0,0.0
ts_2022_09_01_12h32m56s_double_loop_corridor,frozen_v2_checkpoint,local_relative_motion,10.0,0.1,1.0,30,0.0,0.0,0.0,0.0
ts_2022_09_01_12h32m56s_double_loop_corridor,frozen_v2_checkpoint,local_relative_motion,10.0,0.1,2.0,30,0.0,0.0,0.0,0.0
ts_2022_09_01_12h32m56s_double_loop_corridor,frozen_v2_checkpoint,local_relative_motion,10.0,0.1,5.0,30,0.0,0.0,0.0,0.0
ts_2022_09_01_12h32m56s_double_loop_corridor,frozen_v2_checkpoint,local_relative_motion,10.0,0.1,10.0,30,0.0,0.0,0.0,0.0
ts_2022_09_01_12h32m56s_double_loop_corridor,frozen_v2_checkpoint,local_relative_motion,10.0,0.1,20.0,30,0.0,0.0,0.0,0.0
ts_2022_09_01_12h32m56s_double_loop_corridor,frozen_v2_checkpoint,local_relative_motion,10.0,0.2,1.0,30,0.0,0.0026666666666666666,0.0,0.0
ts_2022_09_01_12h32m56s_double_loop_corridor,frozen_v2_checkpoint,local_relative_motion,10.0,0.2,2.0,30,0.0,0.0026666666666666666,0.0,0.0
ts_2022_09_01_12h32m56s_double_loop_corridor,frozen_v2_checkpoint,local_relative_motion,10.0,0.2,5.0,30,0.0,0.0026666666666666666,0.0,0.0
ts_2022_09_01_12h32m56s_double_loop_corridor,frozen_v2_checkpoint,local_relative_motion,10.0,0.2,10.0,30,0.0,0.0026666666666666666,0.0,0.0
ts_2022_09_01_12h32m56s_double_loop_corridor,frozen_v2_checkpoint,local_relative_motion,10.0,0.2,20.0,30,0.0,0.0026666666666666666,0.0,0.0
ts_2022_09_01_12h32m56s_double_loop_corridor,frozen_v2_checkpoint,local_relative_motion,10.0,0.5,1.0,30,0.16,0.16400000000000003,0.04,0.04400000000000001
ts_2022_09_01_12h32m56s_double_loop_corridor,frozen_v2_checkpoint,local_relative_motion,10.0,0.5,2.0,30,0.16,0.16400000000000003,0.08,0.07333333333333333
ts_2022_09_01_12h32m56s_double_loop_corridor,frozen_v2_checkpoint,local_relative_motion,10.0,0.5,5.0,30,0.16,0.16400000000000003,0.12,0.12400000000000003
ts_2022_09_01_12h32m56s_double_loop_corridor,frozen_v2_checkpoint,local_relative_motion,10.0,0.5,10.0,30,0.16,0.16400000000000003,0.12,0.12400000000000003
ts_2022_09_01_12h32m56s_double_loop_corridor,frozen_v2_checkpoint,local_relative_motion,10.0,0.5,20.0,30,0.16,0.16400000000000003,0.12,0.12400000000000003
ts_2022_09_01_12h32m56s_double_loop_corridor,frozen_v2_checkpoint,local_relative_motion,10.0,1.0,1.0,30,0.44,0.4399999999999999,0.04,0.04400000000000001
ts_2022_09_01_12h32m56s_double_loop_corridor,frozen_v2_checkpoint,local_relative_motion,10.0,1.0,2.0,30,0.44,0.4399999999999999,0.08,0.08800000000000002
ts_2022_09_01_12h32m56s_double_loop_corridor,frozen_v2_checkpoint,local_relative_motion,10.0,1.0,5.0,30,0.44,0.4399999999999999,0.36,0.3546666666666666
ts_2022_09_01_12h32m56s_double_loop_corridor,frozen_v2_checkpoint,local_relative_motion,10.0,1.0,10.0,30,0.44,0.4399999999999999,0.4,0.40000000000000013
ts_2022_09_01_12h32m56s_double_loop_corridor,frozen_v2_checkpoint,local_relative_motion,10.0,1.0,20.0,30,0.44,0.4399999999999999,0.4,0.40000000000000013
ts_2022_09_01_12h32m56s_double_loop_corridor,physics_only,global_synchronization,0.0,0.5,2.0,1,0.02586206896551724,0.02586206896551724,0.02586206896551724,0.02586206896551724
ts_2022_09_01_12h32m56s_double_loop_corridor,physics_only,global_synchronization,0.0,0.5,5.0,1,0.02586206896551724,0.02586206896551724,0.02586206896551724,0.02586206896551724
ts_2022_09_01_12h32m56s_double_loop_corridor,physics_only,global_synchronization,0.0,0.5,10.0,1,0.02586206896551724,0.02586206896551724,0.02586206896551724,0.02586206896551724
ts_2022_09_01_12h32m56s_double_loop_corridor,physics_only,global_synchronization,0.0,0.5,20.0,1,0.02586206896551724,0.02586206896551724,0.02586206896551724,0.02586206896551724
ts_2022_09_01_12h32m56s_double_loop_corridor,physics_only,global_synchronization,0.0,0.5,30.0,1,0.02586206896551724,0.02586206896551724,0.02586206896551724,0.02586206896551724
ts_2022_09_01_12h32m56s_double_loop_corridor,physics_only,global_synchronization,0.0,0.5,45.0,1,0.02586206896551724,0.02586206896551724,0.02586206896551724,0.02586206896551724
ts_2022_09_01_12h32m56s_double_loop_corridor,physics_only,global_synchronization,0.0,1.0,2.0,1,0.02586206896551724,0.02586206896551724,0.02586206896551724,0.02586206896551724
ts_2022_09_01_12h32m56s_double_loop_corridor,physics_only,global_synchronization,0.0,1.0,5.0,1,0.02586206896551724,0.02586206896551724,0.02586206896551724,0.02586206896551724
ts_2022_09_01_12h32m56s_double_loop_corridor,physics_only,global_synchronization,0.0,1.0,10.0,1,0.02586206896551724,0.02586206896551724,0.02586206896551724,0.02586206896551724
ts_2022_09_01_12h32m56s_double_loop_corridor,physics_only,global_synchronization,0.0,1.0,20.0,1,0.02586206896551724,0.02586206896551724,0.02586206896551724,0.02586206896551724
ts_2022_09_01_12h32m56s_double_loop_corridor,physics_only,global_synchronization,0.0,1.0,30.0,1,0.02586206896551724,0.02586206896551724,0.02586206896551724,0.02586206896551724
ts_2022_09_01_12h32m56s_double_loop_corridor,physics_only,global_synchronization,0.0,1.0,45.0,1,0.02586206896551724,0.02586206896551724,0.02586206896551724,0.02586206896551724
ts_2022_09_01_12h32m56s_double_loop_corridor,physics_only,global_synchronization,0.0,2.0,2.0,1,0.03017241379310345,0.03017241379310345,0.03017241379310345,0.03017241379310345
ts_2022_09_01_12h32m56s_double_loop_corridor,physics_only,global_synchronization,0.0,2.0,5.0,1,0.03017241379310345,0.03017241379310345,0.03017241379310345,0.03017241379310345
ts_2022_09_01_12h32m56s_double_loop_corridor,physics_only,global_synchronization,0.0,2.0,10.0,1,0.03017241379310345,0.03017241379310345,0.03017241379310345,0.03017241379310345
ts_2022_09_01_12h32m56s_double_loop_corridor,physics_only,global_synchronization,0.0,2.0,20.0,1,0.03017241379310345,0.03017241379310345,0.03017241379310345,0.03017241379310345
ts_2022_09_01_12h32m56s_double_loop_corridor,physics_only,global_synchronization,0.0,2.0,30.0,1,0.03017241379310345,0.03017241379310345,0.03017241379310345,0.03017241379310345
ts_2022_09_01_12h32m56s_double_loop_corridor,physics_only,global_synchronization,0.0,2.0,45.0,1,0.03017241379310345,0.03017241379310345,0.03017241379310345,0.03017241379310345
ts_2022_09_01_12h32m56s_double_loop_corridor,physics_only,global_synchronization,0.0,5.0,2.0,1,0.0603448275862069,0.0603448275862069,0.034482758620689655,0.034482758620689655
ts_2022_09_01_12h32m56s_double_loop_corridor,physics_only,global_synchronization,0.0,5.0,5.0,1,0.0603448275862069,0.0603448275862069,0.034482758620689655,0.034482758620689655
ts_2022_09_01_12h32m56s_double_loop_corridor,physics_only,global_synchronization,0.0,5.0,10.0,1,0.0603448275862069,0.0603448275862069,0.03879310344827586,0.03879310344827586
ts_2022_09_01_12h32m56s_double_loop_corridor,physics_only,global_synchronization,0.0,5.0,20.0,1,0.0603448275862069,0.0603448275862069,0.03879310344827586,0.03879310344827586
ts_2022_09_01_12h32m56s_double_loop_corridor,physics_only,global_synchronization,0.0,5.0,30.0,1,0.0603448275862069,0.0603448275862069,0.03879310344827586,0.03879310344827586
ts_2022_09_01_12h32m56s_double_loop_corridor,physics_only,global_synchronization,0.0,5.0,45.0,1,0.0603448275862069,0.0603448275862069,0.03879310344827586,0.03879310344827586
ts_2022_09_01_12h32m56s_double_loop_corridor,physics_only,global_synchronization,0.0,10.0,2.0,1,0.12931034482758622,0.12931034482758622,0.034482758620689655,0.034482758620689655
ts_2022_09_01_12h32m56s_double_loop_corridor,physics_only,global_synchronization,0.0,10.0,5.0,1,0.12931034482758622,0.12931034482758622,0.034482758620689655,0.034482758620689655
ts_2022_09_01_12h32m56s_double_loop_corridor,physics_only,global_synchronization,0.0,10.0,10.0,1,0.12931034482758622,0.12931034482758622,0.05172413793103448,0.05172413793103448
ts_2022_09_01_12h32m56s_double_loop_corridor,physics_only,global_synchronization,0.0,10.0,20.0,1,0.12931034482758622,0.12931034482758622,0.0603448275862069,0.0603448275862069
ts_2022_09_01_12h32m56s_double_loop_corridor,physics_only,global_synchronization,0.0,10.0,30.0,1,0.12931034482758622,0.12931034482758622,0.06465517241379311,0.06465517241379311
ts_2022_09_01_12h32m56s_double_loop_corridor,physics_only,global_synchronization,0.0,10.0,45.0,1,0.12931034482758622,0.12931034482758622,0.06465517241379311,0.06465517241379311
ts_2022_09_01_12h32m56s_double_loop_corridor,physics_only,global_synchronization,0.0,20.0,2.0,1,0.28879310344827586,0.28879310344827586,0.034482758620689655,0.034482758620689655
ts_2022_09_01_12h32m56s_double_loop_corridor,physics_only,global_synchronization,0.0,20.0,5.0,1,0.28879310344827586,0.28879310344827586,0.034482758620689655,0.034482758620689655
ts_2022_09_01_12h32m56s_double_loop_corridor,physics_only,global_synchronization,0.0,20.0,10.0,1,0.28879310344827586,0.28879310344827586,0.07327586206896551,0.07327586206896551
ts_2022_09_01_12h32m56s_double_loop_corridor,physics_only,global_synchronization,0.0,20.0,20.0,1,0.28879310344827586,0.28879310344827586,0.08189655172413793,0.08189655172413793
ts_2022_09_01_12h32m56s_double_loop_corridor,physics_only,global_synchronization,0.0,20.0,30.0,1,0.28879310344827586,0.28879310344827586,0.09051724137931035,0.09051724137931035
ts_2022_09_01_12h32m56s_double_loop_corridor,physics_only,global_synchronization,0.0,20.0,45.0,1,0.28879310344827586,0.28879310344827586,0.09051724137931035,0.09051724137931035
ts_2022_09_01_12h32m56s_double_loop_corridor,physics_only,local_relative_motion,1.0,0.05,1.0,1,0.3879310344827586,0.3879310344827586,0.20689655172413793,0.20689655172413793
ts_2022_09_01_12h32m56s_double_loop_corridor,physics_only,local_relative_motion,1.0,0.05,2.0,1,0.3879310344827586,0.3879310344827586,0.29310344827586204,0.29310344827586204
ts_2022_09_01_12h32m56s_double_loop_corridor,physics_only,local_relative_motion,1.0,0.05,5.0,1,0.3879310344827586,0.3879310344827586,0.375,0.375
ts_2022_09_01_12h32m56s_double_loop_corridor,physics_only,local_relative_motion,1.0,0.05,10.0,1,0.3879310344827586,0.3879310344827586,0.3879310344827586,0.3879310344827586
ts_2022_09_01_12h32m56s_double_loop_corridor,physics_only,local_relative_motion,1.0,0.05,20.0,1,0.3879310344827586,0.3879310344827586,0.3879310344827586,0.3879310344827586
ts_2022_09_01_12h32m56s_double_loop_corridor,physics_only,local_relative_motion,1.0,0.1,1.0,1,0.6637931034482759,0.6637931034482759,0.27155172413793105,0.27155172413793105
ts_2022_09_01_12h32m56s_double_loop_corridor,physics_only,local_relative_motion,1.0,0.1,2.0,1,0.6637931034482759,0.6637931034482759,0.44396551724137934,0.44396551724137934
ts_2022_09_01_12h32m56s_double_loop_corridor,physics_only,local_relative_motion,1.0,0.1,5.0,1,0.6637931034482759,0.6637931034482759,0.6336206896551724,0.6336206896551724
ts_2022_09_01_12h32m56s_double_loop_corridor,physics_only,local_relative_motion,1.0,0.1,10.0,1,0.6637931034482759,0.6637931034482759,0.6637931034482759,0.6637931034482759
ts_2022_09_01_12h32m56s_double_loop_corridor,physics_only,local_relative_motion,1.0,0.1,20.0,1,0.6637931034482759,0.6637931034482759,0.6637931034482759,0.6637931034482759
ts_2022_09_01_12h32m56s_double_loop_corridor,physics_only,local_relative_motion,1.0,0.2,1.0,1,0.7198275862068966,0.7198275862068966,0.28879310344827586,0.28879310344827586
ts_2022_09_01_12h32m56s_double_loop_corridor,physics_only,local_relative_motion,1.0,0.2,2.0,1,0.7198275862068966,0.7198275862068966,0.47413793103448276,0.47413793103448276
ts_2022_09_01_12h32m56s_double_loop_corridor,physics_only,local_relative_motion,1.0,0.2,5.0,1,0.7198275862068966,0.7198275862068966,0.6767241379310345,0.6767241379310345
ts_2022_09_01_12h32m56s_double_loop_corridor,physics_only,local_relative_motion,1.0,0.2,10.0,1,0.7198275862068966,0.7198275862068966,0.7155172413793104,0.7155172413793104
ts_2022_09_01_12h32m56s_double_loop_corridor,physics_only,local_relative_motion,1.0,0.2,20.0,1,0.7198275862068966,0.7198275862068966,0.7155172413793104,0.7155172413793104
ts_2022_09_01_12h32m56s_double_loop_corridor,physics_only,local_relative_motion,1.0,0.5,1.0,1,0.75,0.75,0.2974137931034483,0.2974137931034483
ts_2022_09_01_12h32m56s_double_loop_corridor,physics_only,local_relative_motion,1.0,0.5,2.0,1,0.75,0.75,0.4827586206896552,0.4827586206896552
ts_2022_09_01_12h32m56s_double_loop_corridor,physics_only,local_relative_motion,1.0,0.5,5.0,1,0.75,0.75,0.6853448275862069,0.6853448275862069
ts_2022_09_01_12h32m56s_double_loop_corridor,physics_only,local_relative_motion,1.0,0.5,10.0,1,0.75,0.75,0.7327586206896551,0.7327586206896551
ts_2022_09_01_12h32m56s_double_loop_corridor,physics_only,local_relative_motion,1.0,0.5,20.0,1,0.75,0.75,0.7327586206896551,0.7327586206896551
ts_2022_09_01_12h32m56s_double_loop_corridor,physics_only,local_relative_motion,1.0,1.0,1.0,1,0.771551724137931,0.771551724137931,0.2974137931034483,0.2974137931034483
ts_2022_09_01_12h32m56s_double_loop_corridor,physics_only,local_relative_motion,1.0,1.0,2.0,1,0.771551724137931,0.771551724137931,0.4827586206896552,0.4827586206896552
ts_2022_09_01_12h32m56s_double_loop_corridor,physics_only,local_relative_motion,1.0,1.0,5.0,1,0.771551724137931,0.771551724137931,0.6896551724137931,0.6896551724137931
ts_2022_09_01_12h32m56s_double_loop_corridor,physics_only,local_relative_motion,1.0,1.0,10.0,1,0.771551724137931,0.771551724137931,0.7370689655172413,0.7370689655172413
ts_2022_09_01_12h32m56s_double_loop_corridor,physics_only,local_relative_motion,1.0,1.0,20.0,1,0.771551724137931,0.771551724137931,0.7370689655172413,0.7370689655172413
ts_2022_09_01_12h32m56s_double_loop_corridor,physics_only,local_relative_motion,5.0,0.05,1.0,1,0.04,0.04,0.04,0.04
ts_2022_09_01_12h32m56s_double_loop_corridor,physics_only,local_relative_motion,5.0,0.05,2.0,1,0.04,0.04,0.04,0.04
ts_2022_09_01_12h32m56s_double_loop_corridor,physics_only,local_relative_motion,5.0,0.05,5.0,1,0.04,0.04,0.04,0.04
ts_2022_09_01_12h32m56s_double_loop_corridor,physics_only,local_relative_motion,5.0,0.05,10.0,1,0.04,0.04,0.04,0.04
ts_2022_09_01_12h32m56s_double_loop_corridor,physics_only,local_relative_motion,5.0,0.05,20.0,1,0.04,0.04,0.04,0.04
ts_2022_09_01_12h32m56s_double_loop_corridor,physics_only,local_relative_motion,5.0,0.1,1.0,1,0.08,0.08,0.04,0.04
ts_2022_09_01_12h32m56s_double_loop_corridor,physics_only,local_relative_motion,5.0,0.1,2.0,1,0.08,0.08,0.04,0.04
ts_2022_09_01_12h32m56s_double_loop_corridor,physics_only,local_relative_motion,5.0,0.1,5.0,1,0.08,0.08,0.08,0.08
ts_2022_09_01_12h32m56s_double_loop_corridor,physics_only,local_relative_motion,5.0,0.1,10.0,1,0.08,0.08,0.08,0.08
ts_2022_09_01_12h32m56s_double_loop_corridor,physics_only,local_relative_motion,5.0,0.1,20.0,1,0.08,0.08,0.08,0.08
ts_2022_09_01_12h32m56s_double_loop_corridor,physics_only,local_relative_motion,5.0,0.2,1.0,1,0.3,0.3,0.16,0.16
ts_2022_09_01_12h32m56s_double_loop_corridor,physics_only,local_relative_motion,5.0,0.2,2.0,1,0.3,0.3,0.2,0.2
ts_2022_09_01_12h32m56s_double_loop_corridor,physics_only,local_relative_motion,5.0,0.2,5.0,1,0.3,0.3,0.26,0.26
ts_2022_09_01_12h32m56s_double_loop_corridor,physics_only,local_relative_motion,5.0,0.2,10.0,1,0.3,0.3,0.3,0.3
ts_2022_09_01_12h32m56s_double_loop_corridor,physics_only,local_relative_motion,5.0,0.2,20.0,1,0.3,0.3,0.3,0.3
ts_2022_09_01_12h32m56s_double_loop_corridor,physics_only,local_relative_motion,5.0,0.5,1.0,1,0.6,0.6,0.2,0.2
ts_2022_09_01_12h32m56s_double_loop_corridor,physics_only,local_relative_motion,5.0,0.5,2.0,1,0.6,0.6,0.3,0.3
ts_2022_09_01_12h32m56s_double_loop_corridor,physics_only,local_relative_motion,5.0,0.5,5.0,1,0.6,0.6,0.5,0.5
ts_2022_09_01_12h32m56s_double_loop_corridor,physics_only,local_relative_motion,5.0,0.5,10.0,1,0.6,0.6,0.58,0.58
ts_2022_09_01_12h32m56s_double_loop_corridor,physics_only,local_relative_motion,5.0,0.5,20.0,1,0.6,0.6,0.58,0.58
ts_2022_09_01_12h32m56s_double_loop_corridor,physics_only,local_relative_motion,5.0,1.0,1.0,1,0.64,0.64,0.2,0.2
ts_2022_09_01_12h32m56s_double_loop_corridor,physics_only,local_relative_motion,5.0,1.0,2.0,1,0.64,0.64,0.3,0.3
ts_2022_09_01_12h32m56s_double_loop_corridor,physics_only,local_relative_motion,5.0,1.0,5.0,1,0.64,0.64,0.52,0.52
ts_2022_09_01_12h32m56s_double_loop_corridor,physics_only,local_relative_motion,5.0,1.0,10.0,1,0.64,0.64,0.62,0.62
ts_2022_09_01_12h32m56s_double_loop_corridor,physics_only,local_relative_motion,5.0,1.0,20.0,1,0.64,0.64,0.62,0.62
ts_2022_09_01_12h32m56s_double_loop_corridor,physics_only,local_relative_motion,10.0,0.05,1.0,1,0.0,0.0,0.0,0.0
ts_2022_09_01_12h32m56s_double_loop_corridor,physics_only,local_relative_motion,10.0,0.05,2.0,1,0.0,0.0,0.0,0.0
ts_2022_09_01_12h32m56s_double_loop_corridor,physics_only,local_relative_motion,10.0,0.05,5.0,1,0.0,0.0,0.0,0.0
ts_2022_09_01_12h32m56s_double_loop_corridor,physics_only,local_relative_motion,10.0,0.05,10.0,1,0.0,0.0,0.0,0.0
ts_2022_09_01_12h32m56s_double_loop_corridor,physics_only,local_relative_motion,10.0,0.05,20.0,1,0.0,0.0,0.0,0.0
ts_2022_09_01_12h32m56s_double_loop_corridor,physics_only,local_relative_motion,10.0,0.1,1.0,1,0.0,0.0,0.0,0.0
ts_2022_09_01_12h32m56s_double_loop_corridor,physics_only,local_relative_motion,10.0,0.1,2.0,1,0.0,0.0,0.0,0.0
ts_2022_09_01_12h32m56s_double_loop_corridor,physics_only,local_relative_motion,10.0,0.1,5.0,1,0.0,0.0,0.0,0.0
ts_2022_09_01_12h32m56s_double_loop_corridor,physics_only,local_relative_motion,10.0,0.1,10.0,1,0.0,0.0,0.0,0.0
ts_2022_09_01_12h32m56s_double_loop_corridor,physics_only,local_relative_motion,10.0,0.1,20.0,1,0.0,0.0,0.0,0.0
ts_2022_09_01_12h32m56s_double_loop_corridor,physics_only,local_relative_motion,10.0,0.2,1.0,1,0.08,0.08,0.0,0.0
ts_2022_09_01_12h32m56s_double_loop_corridor,physics_only,local_relative_motion,10.0,0.2,2.0,1,0.08,0.08,0.0,0.0
ts_2022_09_01_12h32m56s_double_loop_corridor,physics_only,local_relative_motion,10.0,0.2,5.0,1,0.08,0.08,0.04,0.04
ts_2022_09_01_12h32m56s_double_loop_corridor,physics_only,local_relative_motion,10.0,0.2,10.0,1,0.08,0.08,0.04,0.04
ts_2022_09_01_12h32m56s_double_loop_corridor,physics_only,local_relative_motion,10.0,0.2,20.0,1,0.08,0.08,0.04,0.04
ts_2022_09_01_12h32m56s_double_loop_corridor,physics_only,local_relative_motion,10.0,0.5,1.0,1,0.24,0.24,0.04,0.04
ts_2022_09_01_12h32m56s_double_loop_corridor,physics_only,local_relative_motion,10.0,0.5,2.0,1,0.24,0.24,0.08,0.08
ts_2022_09_01_12h32m56s_double_loop_corridor,physics_only,local_relative_motion,10.0,0.5,5.0,1,0.24,0.24,0.2,0.2
ts_2022_09_01_12h32m56s_double_loop_corridor,physics_only,local_relative_motion,10.0,0.5,10.0,1,0.24,0.24,0.2,0.2
ts_2022_09_01_12h32m56s_double_loop_corridor,physics_only,local_relative_motion,10.0,0.5,20.0,1,0.24,0.24,0.2,0.2
ts_2022_09_01_12h32m56s_double_loop_corridor,physics_only,local_relative_motion,10.0,1.0,1.0,1,0.44,0.44,0.04,0.04
ts_2022_09_01_12h32m56s_double_loop_corridor,physics_only,local_relative_motion,10.0,1.0,2.0,1,0.44,0.44,0.08,0.08
ts_2022_09_01_12h32m56s_double_loop_corridor,physics_only,local_relative_motion,10.0,1.0,5.0,1,0.44,0.44,0.36,0.36
ts_2022_09_01_12h32m56s_double_loop_corridor,physics_only,local_relative_motion,10.0,1.0,10.0,1,0.44,0.44,0.4,0.4
ts_2022_09_01_12h32m56s_double_loop_corridor,physics_only,local_relative_motion,10.0,1.0,20.0,1,0.44,0.44,0.4,0.4
ts_2022_09_06_12h37m11s_four_rows,frozen_v2_checkpoint,global_synchronization,0.0,0.5,2.0,30,0.015337423312883436,0.015337423312883439,0.012269938650306749,0.012269938650306745
ts_2022_09_06_12h37m11s_four_rows,frozen_v2_checkpoint,global_synchronization,0.0,0.5,5.0,30,0.015337423312883436,0.015337423312883439,0.012269938650306749,0.012269938650306745
ts_2022_09_06_12h37m11s_four_rows,frozen_v2_checkpoint,global_synchronization,0.0,0.5,10.0,30,0.015337423312883436,0.015337423312883439,0.015337423312883436,0.015337423312883439
ts_2022_09_06_12h37m11s_four_rows,frozen_v2_checkpoint,global_synchronization,0.0,0.5,20.0,30,0.015337423312883436,0.015337423312883439,0.015337423312883436,0.015337423312883439
ts_2022_09_06_12h37m11s_four_rows,frozen_v2_checkpoint,global_synchronization,0.0,0.5,30.0,30,0.015337423312883436,0.015337423312883439,0.015337423312883436,0.015337423312883439
ts_2022_09_06_12h37m11s_four_rows,frozen_v2_checkpoint,global_synchronization,0.0,0.5,45.0,30,0.015337423312883436,0.015337423312883439,0.015337423312883436,0.015337423312883439
ts_2022_09_06_12h37m11s_four_rows,frozen_v2_checkpoint,global_synchronization,0.0,1.0,2.0,30,0.018404907975460124,0.018404907975460124,0.015337423312883436,0.015337423312883439
ts_2022_09_06_12h37m11s_four_rows,frozen_v2_checkpoint,global_synchronization,0.0,1.0,5.0,30,0.018404907975460124,0.018404907975460124,0.015337423312883436,0.015337423312883439
ts_2022_09_06_12h37m11s_four_rows,frozen_v2_checkpoint,global_synchronization,0.0,1.0,10.0,30,0.018404907975460124,0.018404907975460124,0.018404907975460124,0.018404907975460124
ts_2022_09_06_12h37m11s_four_rows,frozen_v2_checkpoint,global_synchronization,0.0,1.0,20.0,30,0.018404907975460124,0.018404907975460124,0.018404907975460124,0.018404907975460124
ts_2022_09_06_12h37m11s_four_rows,frozen_v2_checkpoint,global_synchronization,0.0,1.0,30.0,30,0.018404907975460124,0.018404907975460124,0.018404907975460124,0.018404907975460124
ts_2022_09_06_12h37m11s_four_rows,frozen_v2_checkpoint,global_synchronization,0.0,1.0,45.0,30,0.018404907975460124,0.018404907975460124,0.018404907975460124,0.018404907975460124
ts_2022_09_06_12h37m11s_four_rows,frozen_v2_checkpoint,global_synchronization,0.0,2.0,2.0,30,0.02147239263803681,0.021472392638036807,0.015337423312883436,0.015337423312883439
ts_2022_09_06_12h37m11s_four_rows,frozen_v2_checkpoint,global_synchronization,0.0,2.0,5.0,30,0.02147239263803681,0.021472392638036807,0.015337423312883436,0.015337423312883439
ts_2022_09_06_12h37m11s_four_rows,frozen_v2_checkpoint,global_synchronization,0.0,2.0,10.0,30,0.02147239263803681,0.021472392638036807,0.02147239263803681,0.021472392638036807
ts_2022_09_06_12h37m11s_four_rows,frozen_v2_checkpoint,global_synchronization,0.0,2.0,20.0,30,0.02147239263803681,0.021472392638036807,0.02147239263803681,0.021472392638036807
ts_2022_09_06_12h37m11s_four_rows,frozen_v2_checkpoint,global_synchronization,0.0,2.0,30.0,30,0.02147239263803681,0.021472392638036807,0.02147239263803681,0.021472392638036807
ts_2022_09_06_12h37m11s_four_rows,frozen_v2_checkpoint,global_synchronization,0.0,2.0,45.0,30,0.02147239263803681,0.021472392638036807,0.02147239263803681,0.021472392638036807
ts_2022_09_06_12h37m11s_four_rows,frozen_v2_checkpoint,global_synchronization,0.0,5.0,2.0,30,0.03374233128834356,0.033742331288343565,0.015337423312883436,0.015337423312883439
ts_2022_09_06_12h37m11s_four_rows,frozen_v2_checkpoint,global_synchronization,0.0,5.0,5.0,30,0.03374233128834356,0.033742331288343565,0.015337423312883436,0.015337423312883439
ts_2022_09_06_12h37m11s_four_rows,frozen_v2_checkpoint,global_synchronization,0.0,5.0,10.0,30,0.03374233128834356,0.033742331288343565,0.024539877300613498,0.02453987730061349
ts_2022_09_06_12h37m11s_four_rows,frozen_v2_checkpoint,global_synchronization,0.0,5.0,20.0,30,0.03374233128834356,0.033742331288343565,0.027607361963190184,0.027607361963190174
ts_2022_09_06_12h37m11s_four_rows,frozen_v2_checkpoint,global_synchronization,0.0,5.0,30.0,30,0.03374233128834356,0.033742331288343565,0.027607361963190184,0.027607361963190174
ts_2022_09_06_12h37m11s_four_rows,frozen_v2_checkpoint,global_synchronization,0.0,5.0,45.0,30,0.03374233128834356,0.033742331288343565,0.027607361963190184,0.027607361963190174
ts_2022_09_06_12h37m11s_four_rows,frozen_v2_checkpoint,global_synchronization,0.0,10.0,2.0,30,0.04294478527607362,0.042944785276073615,0.015337423312883436,0.015337423312883439
ts_2022_09_06_12h37m11s_four_rows,frozen_v2_checkpoint,global_synchronization,0.0,10.0,5.0,30,0.04294478527607362,0.042944785276073615,0.015337423312883436,0.015337423312883439
ts_2022_09_06_12h37m11s_four_rows,frozen_v2_checkpoint,global_synchronization,0.0,10.0,10.0,30,0.04294478527607362,0.042944785276073615,0.024539877300613498,0.02453987730061349
ts_2022_09_06_12h37m11s_four_rows,frozen_v2_checkpoint,global_synchronization,0.0,10.0,20.0,30,0.04294478527607362,0.042944785276073615,0.027607361963190184,0.027607361963190174
ts_2022_09_06_12h37m11s_four_rows,frozen_v2_checkpoint,global_synchronization,0.0,10.0,30.0,30,0.04294478527607362,0.042944785276073615,0.027607361963190184,0.027607361963190174
ts_2022_09_06_12h37m11s_four_rows,frozen_v2_checkpoint,global_synchronization,0.0,10.0,45.0,30,0.04294478527607362,0.042944785276073615,0.027607361963190184,0.027607361963190174
ts_2022_09_06_12h37m11s_four_rows,frozen_v2_checkpoint,global_synchronization,0.0,20.0,2.0,30,0.11349693251533742,0.11380368098159507,0.015337423312883436,0.015337423312883439
ts_2022_09_06_12h37m11s_four_rows,frozen_v2_checkpoint,global_synchronization,0.0,20.0,5.0,30,0.11349693251533742,0.11380368098159507,0.015337423312883436,0.015337423312883439
ts_2022_09_06_12h37m11s_four_rows,frozen_v2_checkpoint,global_synchronization,0.0,20.0,10.0,30,0.11349693251533742,0.11380368098159507,0.024539877300613498,0.02453987730061349
ts_2022_09_06_12h37m11s_four_rows,frozen_v2_checkpoint,global_synchronization,0.0,20.0,20.0,30,0.11349693251533742,0.11380368098159507,0.027607361963190184,0.027607361963190174
ts_2022_09_06_12h37m11s_four_rows,frozen_v2_checkpoint,global_synchronization,0.0,20.0,30.0,30,0.11349693251533742,0.11380368098159507,0.027607361963190184,0.027607361963190174
ts_2022_09_06_12h37m11s_four_rows,frozen_v2_checkpoint,global_synchronization,0.0,20.0,45.0,30,0.11349693251533742,0.11380368098159507,0.027607361963190184,0.027607361963190174
ts_2022_09_06_12h37m11s_four_rows,frozen_v2_checkpoint,local_relative_motion,1.0,0.05,1.0,30,0.45858895705521474,0.46451942740286306,0.17791411042944785,0.17914110429447852
ts_2022_09_06_12h37m11s_four_rows,frozen_v2_checkpoint,local_relative_motion,1.0,0.05,2.0,30,0.45858895705521474,0.46451942740286306,0.3067484662576687,0.30879345603271985
ts_2022_09_06_12h37m11s_four_rows,frozen_v2_checkpoint,local_relative_motion,1.0,0.05,5.0,30,0.45858895705521474,0.46451942740286306,0.4233128834355828,0.42903885480572596
ts_2022_09_06_12h37m11s_four_rows,frozen_v2_checkpoint,local_relative_motion,1.0,0.05,10.0,30,0.45858895705521474,0.46451942740286306,0.4386503067484663,0.44304703476482615
ts_2022_09_06_12h37m11s_four_rows,frozen_v2_checkpoint,local_relative_motion,1.0,0.05,20.0,30,0.45858895705521474,0.46451942740286306,0.450920245398773,0.4577709611451943
ts_2022_09_06_12h37m11s_four_rows,frozen_v2_checkpoint,local_relative_motion,1.0,0.1,1.0,30,0.8113496932515337,0.810633946830266,0.3006134969325153,0.29938650306748466
ts_2022_09_06_12h37m11s_four_rows,frozen_v2_checkpoint,local_relative_motion,1.0,0.1,2.0,30,0.8113496932515337,0.810633946830266,0.5153374233128835,0.5157464212678937
ts_2022_09_06_12h37m11s_four_rows,frozen_v2_checkpoint,local_relative_motion,1.0,0.1,5.0,30,0.8113496932515337,0.810633946830266,0.7484662576687117,0.7469325153374233
ts_2022_09_06_12h37m11s_four_rows,frozen_v2_checkpoint,local_relative_motion,1.0,0.1,10.0,30,0.8113496932515337,0.810633946830266,0.7837423312883436,0.7830265848670755
ts_2022_09_06_12h37m11s_four_rows,frozen_v2_checkpoint,local_relative_motion,1.0,0.1,20.0,30,0.8113496932515337,0.810633946830266,0.7990797546012269,0.7983640081799593
ts_2022_09_06_12h37m11s_four_rows,frozen_v2_checkpoint,local_relative_motion,1.0,0.2,1.0,30,0.8803680981595092,0.8817995910020447,0.30828220858895705,0.3075664621676892
ts_2022_09_06_12h37m11s_four_rows,frozen_v2_checkpoint,local_relative_motion,1.0,0.2,2.0,30,0.8803680981595092,0.8817995910020447,0.5368098159509203,0.5371165644171781
ts_2022_09_06_12h37m11s_four_rows,frozen_v2_checkpoint,local_relative_motion,1.0,0.2,5.0,30,0.8803680981595092,0.8817995910020447,0.7791411042944786,0.7805725971370142
ts_2022_09_06_12h37m11s_four_rows,frozen_v2_checkpoint,local_relative_motion,1.0,0.2,10.0,30,0.8803680981595092,0.8817995910020447,0.843558282208589,0.8433537832310842
ts_2022_09_06_12h37m11s_four_rows,frozen_v2_checkpoint,local_relative_motion,1.0,0.2,20.0,30,0.8803680981595092,0.8817995910020447,0.8650306748466258,0.8664621676891616
ts_2022_09_06_12h37m11s_four_rows,frozen_v2_checkpoint,local_relative_motion,1.0,0.5,1.0,30,0.9263803680981595,0.9263803680981593,0.3113496932515337,0.310838445807771
ts_2022_09_06_12h37m11s_four_rows,frozen_v2_checkpoint,local_relative_motion,1.0,0.5,2.0,30,0.9263803680981595,0.9263803680981593,0.5429447852760736,0.5434560327198364
ts_2022_09_06_12h37m11s_four_rows,frozen_v2_checkpoint,local_relative_motion,1.0,0.5,5.0,30,0.9263803680981595,0.9263803680981593,0.7944785276073619,0.7936605316973413
ts_2022_09_06_12h37m11s_four_rows,frozen_v2_checkpoint,local_relative_motion,1.0,0.5,10.0,30,0.9263803680981595,0.9263803680981593,0.8650306748466258,0.8653374233128834
ts_2022_09_06_12h37m11s_four_rows,frozen_v2_checkpoint,local_relative_motion,1.0,0.5,20.0,30,0.9263803680981595,0.9263803680981593,0.901840490797546,0.9018404907975461
ts_2022_09_06_12h37m11s_four_rows,frozen_v2_checkpoint,local_relative_motion,1.0,1.0,1.0,30,0.9539877300613497,0.9539877300613497,0.3159509202453988,0.3167689161554192
ts_2022_09_06_12h37m11s_four_rows,frozen_v2_checkpoint,local_relative_motion,1.0,1.0,2.0,30,0.9539877300613497,0.9539877300613497,0.5521472392638037,0.5526584867075663
ts_2022_09_06_12h37m11s_four_rows,frozen_v2_checkpoint,local_relative_motion,1.0,1.0,5.0,30,0.9539877300613497,0.9539877300613497,0.803680981595092,0.8028629856850719
ts_2022_09_06_12h37m11s_four_rows,frozen_v2_checkpoint,local_relative_motion,1.0,1.0,10.0,30,0.9539877300613497,0.9539877300613497,0.8834355828220859,0.8837423312883431
ts_2022_09_06_12h37m11s_four_rows,frozen_v2_checkpoint,local_relative_motion,1.0,1.0,20.0,30,0.9539877300613497,0.9539877300613497,0.9233128834355828,0.9238241308793455
ts_2022_09_06_12h37m11s_four_rows,frozen_v2_checkpoint,local_relative_motion,5.0,0.05,1.0,30,0.07142857142857142,0.07095238095238093,0.03571428571428571,0.03428571428571428
ts_2022_09_06_12h37m11s_four_rows,frozen_v2_checkpoint,local_relative_motion,5.0,0.05,2.0,30,0.07142857142857142,0.07095238095238093,0.04285714285714286,0.035714285714285705
ts_2022_09_06_12h37m11s_four_rows,frozen_v2_checkpoint,local_relative_motion,5.0,0.05,5.0,30,0.07142857142857142,0.07095238095238093,0.05714285714285714,0.05047619047619047
ts_2022_09_06_12h37m11s_four_rows,frozen_v2_checkpoint,local_relative_motion,5.0,0.05,10.0,30,0.07142857142857142,0.07095238095238093,0.07142857142857142,0.07095238095238093
ts_2022_09_06_12h37m11s_four_rows,frozen_v2_checkpoint,local_relative_motion,5.0,0.05,20.0,30,0.07142857142857142,0.07095238095238093,0.07142857142857142,0.07095238095238093
ts_2022_09_06_12h37m11s_four_rows,frozen_v2_checkpoint,local_relative_motion,5.0,0.1,1.0,30,0.14285714285714285,0.13666666666666666,0.07142857142857142,0.07523809523809526
ts_2022_09_06_12h37m11s_four_rows,frozen_v2_checkpoint,local_relative_motion,5.0,0.1,2.0,30,0.14285714285714285,0.13666666666666666,0.08571428571428572,0.07809523809523812
ts_2022_09_06_12h37m11s_four_rows,frozen_v2_checkpoint,local_relative_motion,5.0,0.1,5.0,30,0.14285714285714285,0.13666666666666666,0.11428571428571428,0.10761904761904763
ts_2022_09_06_12h37m11s_four_rows,frozen_v2_checkpoint,local_relative_motion,5.0,0.1,10.0,30,0.14285714285714285,0.13666666666666666,0.14285714285714285,0.13619047619047617
ts_2022_09_06_12h37m11s_four_rows,frozen_v2_checkpoint,local_relative_motion,5.0,0.1,20.0,30,0.14285714285714285,0.13666666666666666,0.14285714285714285,0.13619047619047617
ts_2022_09_06_12h37m11s_four_rows,frozen_v2_checkpoint,local_relative_motion,5.0,0.2,1.0,30,0.4,0.3976190476190477,0.15714285714285714,0.1590476190476191
ts_2022_09_06_12h37m11s_four_rows,frozen_v2_checkpoint,local_relative_motion,5.0,0.2,2.0,30,0.4,0.3976190476190477,0.2,0.19809523809523813
ts_2022_09_06_12h37m11s_four_rows,frozen_v2_checkpoint,local_relative_motion,5.0,0.2,5.0,30,0.4,0.3976190476190477,0.32857142857142857,0.32571428571428584
ts_2022_09_06_12h37m11s_four_rows,frozen_v2_checkpoint,local_relative_motion,5.0,0.2,10.0,30,0.4,0.3976190476190477,0.37142857142857144,0.3690476190476192
ts_2022_09_06_12h37m11s_four_rows,frozen_v2_checkpoint,local_relative_motion,5.0,0.2,20.0,30,0.4,0.3976190476190477,0.38571428571428573,0.38333333333333347
ts_2022_09_06_12h37m11s_four_rows,frozen_v2_checkpoint,local_relative_motion,5.0,0.5,1.0,30,0.7857142857142857,0.7857142857142855,0.2714285714285714,0.26095238095238094
ts_2022_09_06_12h37m11s_four_rows,frozen_v2_checkpoint,local_relative_motion,5.0,0.5,2.0,30,0.7857142857142857,0.7857142857142855,0.35714285714285715,0.35047619047619055
ts_2022_09_06_12h37m11s_four_rows,frozen_v2_checkpoint,local_relative_motion,5.0,0.5,5.0,30,0.7857142857142857,0.7857142857142855,0.6142857142857143,0.6104761904761905
ts_2022_09_06_12h37m11s_four_rows,frozen_v2_checkpoint,local_relative_motion,5.0,0.5,10.0,30,0.7857142857142857,0.7857142857142855,0.7285714285714285,0.7276190476190474
ts_2022_09_06_12h37m11s_four_rows,frozen_v2_checkpoint,local_relative_motion,5.0,0.5,20.0,30,0.7857142857142857,0.7857142857142855,0.7714285714285715,0.7709523809523812
ts_2022_09_06_12h37m11s_four_rows,frozen_v2_checkpoint,local_relative_motion,5.0,1.0,1.0,30,0.8714285714285714,0.8714285714285712,0.2714285714285714,0.26095238095238094
ts_2022_09_06_12h37m11s_four_rows,frozen_v2_checkpoint,local_relative_motion,5.0,1.0,2.0,30,0.8714285714285714,0.8714285714285712,0.35714285714285715,0.35047619047619055
ts_2022_09_06_12h37m11s_four_rows,frozen_v2_checkpoint,local_relative_motion,5.0,1.0,5.0,30,0.8714285714285714,0.8714285714285712,0.6142857142857143,0.6104761904761905
ts_2022_09_06_12h37m11s_four_rows,frozen_v2_checkpoint,local_relative_motion,5.0,1.0,10.0,30,0.8714285714285714,0.8714285714285712,0.7428571428571429,0.7433333333333335
ts_2022_09_06_12h37m11s_four_rows,frozen_v2_checkpoint,local_relative_motion,5.0,1.0,20.0,30,0.8714285714285714,0.8714285714285712,0.8142857142857143,0.8142857142857142
ts_2022_09_06_12h37m11s_four_rows,frozen_v2_checkpoint,local_relative_motion,10.0,0.05,1.0,30,0.0,0.012380952380952381,0.0,0.0
ts_2022_09_06_12h37m11s_four_rows,frozen_v2_checkpoint,local_relative_motion,10.0,0.05,2.0,30,0.0,0.012380952380952381,0.0,0.0
ts_2022_09_06_12h37m11s_four_rows,frozen_v2_checkpoint,local_relative_motion,10.0,0.05,5.0,30,0.0,0.012380952380952381,0.0,0.0
ts_2022_09_06_12h37m11s_four_rows,frozen_v2_checkpoint,local_relative_motion,10.0,0.05,10.0,30,0.0,0.012380952380952381,0.0,0.012380952380952381
ts_2022_09_06_12h37m11s_four_rows,frozen_v2_checkpoint,local_relative_motion,10.0,0.05,20.0,30,0.0,0.012380952380952381,0.0,0.012380952380952381
ts_2022_09_06_12h37m11s_four_rows,frozen_v2_checkpoint,local_relative_motion,10.0,0.1,1.0,30,0.05714285714285714,0.05714285714285715,0.0,0.013333333333333334
ts_2022_09_06_12h37m11s_four_rows,frozen_v2_checkpoint,local_relative_motion,10.0,0.1,2.0,30,0.05714285714285714,0.05714285714285715,0.02857142857142857,0.025714285714285714
ts_2022_09_06_12h37m11s_four_rows,frozen_v2_checkpoint,local_relative_motion,10.0,0.1,5.0,30,0.05714285714285714,0.05714285714285715,0.02857142857142857,0.03142857142857143
ts_2022_09_06_12h37m11s_four_rows,frozen_v2_checkpoint,local_relative_motion,10.0,0.1,10.0,30,0.05714285714285714,0.05714285714285715,0.05714285714285714,0.05714285714285715
ts_2022_09_06_12h37m11s_four_rows,frozen_v2_checkpoint,local_relative_motion,10.0,0.1,20.0,30,0.05714285714285714,0.05714285714285715,0.05714285714285714,0.05714285714285715
ts_2022_09_06_12h37m11s_four_rows,frozen_v2_checkpoint,local_relative_motion,10.0,0.2,1.0,30,0.14285714285714285,0.14095238095238097,0.05714285714285714,0.04476190476190475
ts_2022_09_06_12h37m11s_four_rows,frozen_v2_checkpoint,local_relative_motion,10.0,0.2,2.0,30,0.14285714285714285,0.14095238095238097,0.08571428571428572,0.08285714285714288
ts_2022_09_06_12h37m11s_four_rows,frozen_v2_checkpoint,local_relative_motion,10.0,0.2,5.0,30,0.14285714285714285,0.14095238095238097,0.11428571428571428,0.11333333333333334
ts_2022_09_06_12h37m11s_four_rows,frozen_v2_checkpoint,local_relative_motion,10.0,0.2,10.0,30,0.14285714285714285,0.14095238095238097,0.14285714285714285,0.14095238095238097
ts_2022_09_06_12h37m11s_four_rows,frozen_v2_checkpoint,local_relative_motion,10.0,0.2,20.0,30,0.14285714285714285,0.14095238095238097,0.14285714285714285,0.14095238095238097
ts_2022_09_06_12h37m11s_four_rows,frozen_v2_checkpoint,local_relative_motion,10.0,0.5,1.0,30,0.42857142857142855,0.4276190476190476,0.08571428571428572,0.09714285714285716
ts_2022_09_06_12h37m11s_four_rows,frozen_v2_checkpoint,local_relative_motion,10.0,0.5,2.0,30,0.42857142857142855,0.4276190476190476,0.2,0.1990476190476191
ts_2022_09_06_12h37m11s_four_rows,frozen_v2_checkpoint,local_relative_motion,10.0,0.5,5.0,30,0.42857142857142855,0.4276190476190476,0.34285714285714286,0.34095238095238106
ts_2022_09_06_12h37m11s_four_rows,frozen_v2_checkpoint,local_relative_motion,10.0,0.5,10.0,30,0.42857142857142855,0.4276190476190476,0.37142857142857144,0.37047619047619057
ts_2022_09_06_12h37m11s_four_rows,frozen_v2_checkpoint,local_relative_motion,10.0,0.5,20.0,30,0.42857142857142855,0.4276190476190476,0.37142857142857144,0.37047619047619057
ts_2022_09_06_12h37m11s_four_rows,frozen_v2_checkpoint,local_relative_motion,10.0,1.0,1.0,30,0.7428571428571429,0.7390476190476193,0.08571428571428572,0.0980952380952381
ts_2022_09_06_12h37m11s_four_rows,frozen_v2_checkpoint,local_relative_motion,10.0,1.0,2.0,30,0.7428571428571429,0.7390476190476193,0.2571428571428571,0.2552380952380952
ts_2022_09_06_12h37m11s_four_rows,frozen_v2_checkpoint,local_relative_motion,10.0,1.0,5.0,30,0.7428571428571429,0.7390476190476193,0.5428571428571428,0.5428571428571428
ts_2022_09_06_12h37m11s_four_rows,frozen_v2_checkpoint,local_relative_motion,10.0,1.0,10.0,30,0.7428571428571429,0.7390476190476193,0.6857142857142857,0.6761904761904763
ts_2022_09_06_12h37m11s_four_rows,frozen_v2_checkpoint,local_relative_motion,10.0,1.0,20.0,30,0.7428571428571429,0.7390476190476193,0.6857142857142857,0.6819047619047621
ts_2022_09_06_12h37m11s_four_rows,physics_only,global_synchronization,0.0,0.5,2.0,1,0.01529051987767584,0.01529051987767584,0.012232415902140673,0.012232415902140673
ts_2022_09_06_12h37m11s_four_rows,physics_only,global_synchronization,0.0,0.5,5.0,1,0.01529051987767584,0.01529051987767584,0.012232415902140673,0.012232415902140673
ts_2022_09_06_12h37m11s_four_rows,physics_only,global_synchronization,0.0,0.5,10.0,1,0.01529051987767584,0.01529051987767584,0.01529051987767584,0.01529051987767584
ts_2022_09_06_12h37m11s_four_rows,physics_only,global_synchronization,0.0,0.5,20.0,1,0.01529051987767584,0.01529051987767584,0.01529051987767584,0.01529051987767584
ts_2022_09_06_12h37m11s_four_rows,physics_only,global_synchronization,0.0,0.5,30.0,1,0.01529051987767584,0.01529051987767584,0.01529051987767584,0.01529051987767584
ts_2022_09_06_12h37m11s_four_rows,physics_only,global_synchronization,0.0,0.5,45.0,1,0.01529051987767584,0.01529051987767584,0.01529051987767584,0.01529051987767584
ts_2022_09_06_12h37m11s_four_rows,physics_only,global_synchronization,0.0,1.0,2.0,1,0.01834862385321101,0.01834862385321101,0.01529051987767584,0.01529051987767584
ts_2022_09_06_12h37m11s_four_rows,physics_only,global_synchronization,0.0,1.0,5.0,1,0.01834862385321101,0.01834862385321101,0.01529051987767584,0.01529051987767584
ts_2022_09_06_12h37m11s_four_rows,physics_only,global_synchronization,0.0,1.0,10.0,1,0.01834862385321101,0.01834862385321101,0.01834862385321101,0.01834862385321101
ts_2022_09_06_12h37m11s_four_rows,physics_only,global_synchronization,0.0,1.0,20.0,1,0.01834862385321101,0.01834862385321101,0.01834862385321101,0.01834862385321101
ts_2022_09_06_12h37m11s_four_rows,physics_only,global_synchronization,0.0,1.0,30.0,1,0.01834862385321101,0.01834862385321101,0.01834862385321101,0.01834862385321101
ts_2022_09_06_12h37m11s_four_rows,physics_only,global_synchronization,0.0,1.0,45.0,1,0.01834862385321101,0.01834862385321101,0.01834862385321101,0.01834862385321101
ts_2022_09_06_12h37m11s_four_rows,physics_only,global_synchronization,0.0,2.0,2.0,1,0.021406727828746176,0.021406727828746176,0.01529051987767584,0.01529051987767584
ts_2022_09_06_12h37m11s_four_rows,physics_only,global_synchronization,0.0,2.0,5.0,1,0.021406727828746176,0.021406727828746176,0.01529051987767584,0.01529051987767584
ts_2022_09_06_12h37m11s_four_rows,physics_only,global_synchronization,0.0,2.0,10.0,1,0.021406727828746176,0.021406727828746176,0.021406727828746176,0.021406727828746176
ts_2022_09_06_12h37m11s_four_rows,physics_only,global_synchronization,0.0,2.0,20.0,1,0.021406727828746176,0.021406727828746176,0.021406727828746176,0.021406727828746176
ts_2022_09_06_12h37m11s_four_rows,physics_only,global_synchronization,0.0,2.0,30.0,1,0.021406727828746176,0.021406727828746176,0.021406727828746176,0.021406727828746176
ts_2022_09_06_12h37m11s_four_rows,physics_only,global_synchronization,0.0,2.0,45.0,1,0.021406727828746176,0.021406727828746176,0.021406727828746176,0.021406727828746176
ts_2022_09_06_12h37m11s_four_rows,physics_only,global_synchronization,0.0,5.0,2.0,1,0.03363914373088685,0.03363914373088685,0.01529051987767584,0.01529051987767584
ts_2022_09_06_12h37m11s_four_rows,physics_only,global_synchronization,0.0,5.0,5.0,1,0.03363914373088685,0.03363914373088685,0.01529051987767584,0.01529051987767584
ts_2022_09_06_12h37m11s_four_rows,physics_only,global_synchronization,0.0,5.0,10.0,1,0.03363914373088685,0.03363914373088685,0.024464831804281346,0.024464831804281346
ts_2022_09_06_12h37m11s_four_rows,physics_only,global_synchronization,0.0,5.0,20.0,1,0.03363914373088685,0.03363914373088685,0.027522935779816515,0.027522935779816515
ts_2022_09_06_12h37m11s_four_rows,physics_only,global_synchronization,0.0,5.0,30.0,1,0.03363914373088685,0.03363914373088685,0.027522935779816515,0.027522935779816515
ts_2022_09_06_12h37m11s_four_rows,physics_only,global_synchronization,0.0,5.0,45.0,1,0.03363914373088685,0.03363914373088685,0.027522935779816515,0.027522935779816515
ts_2022_09_06_12h37m11s_four_rows,physics_only,global_synchronization,0.0,10.0,2.0,1,0.04281345565749235,0.04281345565749235,0.01529051987767584,0.01529051987767584
ts_2022_09_06_12h37m11s_four_rows,physics_only,global_synchronization,0.0,10.0,5.0,1,0.04281345565749235,0.04281345565749235,0.01529051987767584,0.01529051987767584
ts_2022_09_06_12h37m11s_four_rows,physics_only,global_synchronization,0.0,10.0,10.0,1,0.04281345565749235,0.04281345565749235,0.024464831804281346,0.024464831804281346
ts_2022_09_06_12h37m11s_four_rows,physics_only,global_synchronization,0.0,10.0,20.0,1,0.04281345565749235,0.04281345565749235,0.027522935779816515,0.027522935779816515
ts_2022_09_06_12h37m11s_four_rows,physics_only,global_synchronization,0.0,10.0,30.0,1,0.04281345565749235,0.04281345565749235,0.027522935779816515,0.027522935779816515
ts_2022_09_06_12h37m11s_four_rows,physics_only,global_synchronization,0.0,10.0,45.0,1,0.04281345565749235,0.04281345565749235,0.027522935779816515,0.027522935779816515
ts_2022_09_06_12h37m11s_four_rows,physics_only,global_synchronization,0.0,20.0,2.0,1,0.09785932721712538,0.09785932721712538,0.01529051987767584,0.01529051987767584
ts_2022_09_06_12h37m11s_four_rows,physics_only,global_synchronization,0.0,20.0,5.0,1,0.09785932721712538,0.09785932721712538,0.01529051987767584,0.01529051987767584
ts_2022_09_06_12h37m11s_four_rows,physics_only,global_synchronization,0.0,20.0,10.0,1,0.09785932721712538,0.09785932721712538,0.024464831804281346,0.024464831804281346
ts_2022_09_06_12h37m11s_four_rows,physics_only,global_synchronization,0.0,20.0,20.0,1,0.09785932721712538,0.09785932721712538,0.027522935779816515,0.027522935779816515
ts_2022_09_06_12h37m11s_four_rows,physics_only,global_synchronization,0.0,20.0,30.0,1,0.09785932721712538,0.09785932721712538,0.027522935779816515,0.027522935779816515
ts_2022_09_06_12h37m11s_four_rows,physics_only,global_synchronization,0.0,20.0,45.0,1,0.09785932721712538,0.09785932721712538,0.027522935779816515,0.027522935779816515
ts_2022_09_06_12h37m11s_four_rows,physics_only,local_relative_motion,1.0,0.05,1.0,1,0.5229357798165137,0.5229357798165137,0.21712538226299694,0.21712538226299694
ts_2022_09_06_12h37m11s_four_rows,physics_only,local_relative_motion,1.0,0.05,2.0,1,0.5229357798165137,0.5229357798165137,0.363914373088685,0.363914373088685
ts_2022_09_06_12h37m11s_four_rows,physics_only,local_relative_motion,1.0,0.05,5.0,1,0.5229357798165137,0.5229357798165137,0.4954128440366973,0.4954128440366973
ts_2022_09_06_12h37m11s_four_rows,physics_only,local_relative_motion,1.0,0.05,10.0,1,0.5229357798165137,0.5229357798165137,0.5045871559633027,0.5045871559633027
ts_2022_09_06_12h37m11s_four_rows,physics_only,local_relative_motion,1.0,0.05,20.0,1,0.5229357798165137,0.5229357798165137,0.5137614678899083,0.5137614678899083
ts_2022_09_06_12h37m11s_four_rows,physics_only,local_relative_motion,1.0,0.1,1.0,1,0.8165137614678899,0.8165137614678899,0.3241590214067278,0.3241590214067278
ts_2022_09_06_12h37m11s_four_rows,physics_only,local_relative_motion,1.0,0.1,2.0,1,0.8165137614678899,0.8165137614678899,0.5321100917431193,0.5321100917431193
ts_2022_09_06_12h37m11s_four_rows,physics_only,local_relative_motion,1.0,0.1,5.0,1,0.8165137614678899,0.8165137614678899,0.7614678899082569,0.7614678899082569
ts_2022_09_06_12h37m11s_four_rows,physics_only,local_relative_motion,1.0,0.1,10.0,1,0.8165137614678899,0.8165137614678899,0.7920489296636085,0.7920489296636085
ts_2022_09_06_12h37m11s_four_rows,physics_only,local_relative_motion,1.0,0.1,20.0,1,0.8165137614678899,0.8165137614678899,0.8012232415902141,0.8012232415902141
ts_2022_09_06_12h37m11s_four_rows,physics_only,local_relative_motion,1.0,0.2,1.0,1,0.8837920489296636,0.8837920489296636,0.3302752293577982,0.3302752293577982
ts_2022_09_06_12h37m11s_four_rows,physics_only,local_relative_motion,1.0,0.2,2.0,1,0.8837920489296636,0.8837920489296636,0.5474006116207951,0.5474006116207951
ts_2022_09_06_12h37m11s_four_rows,physics_only,local_relative_motion,1.0,0.2,5.0,1,0.8837920489296636,0.8837920489296636,0.7920489296636085,0.7920489296636085
ts_2022_09_06_12h37m11s_four_rows,physics_only,local_relative_motion,1.0,0.2,10.0,1,0.8837920489296636,0.8837920489296636,0.8470948012232415,0.8470948012232415
ts_2022_09_06_12h37m11s_four_rows,physics_only,local_relative_motion,1.0,0.2,20.0,1,0.8837920489296636,0.8837920489296636,0.8654434250764526,0.8654434250764526
ts_2022_09_06_12h37m11s_four_rows,physics_only,local_relative_motion,1.0,0.5,1.0,1,0.926605504587156,0.926605504587156,0.3333333333333333,0.3333333333333333
ts_2022_09_06_12h37m11s_four_rows,physics_only,local_relative_motion,1.0,0.5,2.0,1,0.926605504587156,0.926605504587156,0.5565749235474006,0.5565749235474006
ts_2022_09_06_12h37m11s_four_rows,physics_only,local_relative_motion,1.0,0.5,5.0,1,0.926605504587156,0.926605504587156,0.8103975535168195,0.8103975535168195
ts_2022_09_06_12h37m11s_four_rows,physics_only,local_relative_motion,1.0,0.5,10.0,1,0.926605504587156,0.926605504587156,0.8746177370030581,0.8746177370030581
ts_2022_09_06_12h37m11s_four_rows,physics_only,local_relative_motion,1.0,0.5,20.0,1,0.926605504587156,0.926605504587156,0.9021406727828746,0.9021406727828746
ts_2022_09_06_12h37m11s_four_rows,physics_only,local_relative_motion,1.0,1.0,1.0,1,0.9541284403669725,0.9541284403669725,0.3394495412844037,0.3394495412844037
ts_2022_09_06_12h37m11s_four_rows,physics_only,local_relative_motion,1.0,1.0,2.0,1,0.9541284403669725,0.9541284403669725,0.5626911314984709,0.5626911314984709
ts_2022_09_06_12h37m11s_four_rows,physics_only,local_relative_motion,1.0,1.0,5.0,1,0.9541284403669725,0.9541284403669725,0.8195718654434251,0.8195718654434251
ts_2022_09_06_12h37m11s_four_rows,physics_only,local_relative_motion,1.0,1.0,10.0,1,0.9541284403669725,0.9541284403669725,0.8929663608562691,0.8929663608562691
ts_2022_09_06_12h37m11s_four_rows,physics_only,local_relative_motion,1.0,1.0,20.0,1,0.9541284403669725,0.9541284403669725,0.926605504587156,0.926605504587156
ts_2022_09_06_12h37m11s_four_rows,physics_only,local_relative_motion,5.0,0.05,1.0,1,0.07142857142857142,0.07142857142857142,0.05714285714285714,0.05714285714285714
ts_2022_09_06_12h37m11s_four_rows,physics_only,local_relative_motion,5.0,0.05,2.0,1,0.07142857142857142,0.07142857142857142,0.05714285714285714,0.05714285714285714
ts_2022_09_06_12h37m11s_four_rows,physics_only,local_relative_motion,5.0,0.05,5.0,1,0.07142857142857142,0.07142857142857142,0.07142857142857142,0.07142857142857142
ts_2022_09_06_12h37m11s_four_rows,physics_only,local_relative_motion,5.0,0.05,10.0,1,0.07142857142857142,0.07142857142857142,0.07142857142857142,0.07142857142857142
ts_2022_09_06_12h37m11s_four_rows,physics_only,local_relative_motion,5.0,0.05,20.0,1,0.07142857142857142,0.07142857142857142,0.07142857142857142,0.07142857142857142
ts_2022_09_06_12h37m11s_four_rows,physics_only,local_relative_motion,5.0,0.1,1.0,1,0.2,0.2,0.08571428571428572,0.08571428571428572
ts_2022_09_06_12h37m11s_four_rows,physics_only,local_relative_motion,5.0,0.1,2.0,1,0.2,0.2,0.11428571428571428,0.11428571428571428
ts_2022_09_06_12h37m11s_four_rows,physics_only,local_relative_motion,5.0,0.1,5.0,1,0.2,0.2,0.17142857142857143,0.17142857142857143
ts_2022_09_06_12h37m11s_four_rows,physics_only,local_relative_motion,5.0,0.1,10.0,1,0.2,0.2,0.18571428571428572,0.18571428571428572
ts_2022_09_06_12h37m11s_four_rows,physics_only,local_relative_motion,5.0,0.1,20.0,1,0.2,0.2,0.18571428571428572,0.18571428571428572
ts_2022_09_06_12h37m11s_four_rows,physics_only,local_relative_motion,5.0,0.2,1.0,1,0.5285714285714286,0.5285714285714286,0.2,0.2
ts_2022_09_06_12h37m11s_four_rows,physics_only,local_relative_motion,5.0,0.2,2.0,1,0.5285714285714286,0.5285714285714286,0.2714285714285714,0.2714285714285714
ts_2022_09_06_12h37m11s_four_rows,physics_only,local_relative_motion,5.0,0.2,5.0,1,0.5285714285714286,0.5285714285714286,0.44285714285714284,0.44285714285714284
ts_2022_09_06_12h37m11s_four_rows,physics_only,local_relative_motion,5.0,0.2,10.0,1,0.5285714285714286,0.5285714285714286,0.5,0.5
ts_2022_09_06_12h37m11s_four_rows,physics_only,local_relative_motion,5.0,0.2,20.0,1,0.5285714285714286,0.5285714285714286,0.5142857142857142,0.5142857142857142
ts_2022_09_06_12h37m11s_four_rows,physics_only,local_relative_motion,5.0,0.5,1.0,1,0.7857142857142857,0.7857142857142857,0.24285714285714285,0.24285714285714285
ts_2022_09_06_12h37m11s_four_rows,physics_only,local_relative_motion,5.0,0.5,2.0,1,0.7857142857142857,0.7857142857142857,0.32857142857142857,0.32857142857142857
ts_2022_09_06_12h37m11s_four_rows,physics_only,local_relative_motion,5.0,0.5,5.0,1,0.7857142857142857,0.7857142857142857,0.6428571428571429,0.6428571428571429
ts_2022_09_06_12h37m11s_four_rows,physics_only,local_relative_motion,5.0,0.5,10.0,1,0.7857142857142857,0.7857142857142857,0.7285714285714285,0.7285714285714285
ts_2022_09_06_12h37m11s_four_rows,physics_only,local_relative_motion,5.0,0.5,20.0,1,0.7857142857142857,0.7857142857142857,0.7714285714285715,0.7714285714285715
ts_2022_09_06_12h37m11s_four_rows,physics_only,local_relative_motion,5.0,1.0,1.0,1,0.8714285714285714,0.8714285714285714,0.24285714285714285,0.24285714285714285
ts_2022_09_06_12h37m11s_four_rows,physics_only,local_relative_motion,5.0,1.0,2.0,1,0.8714285714285714,0.8714285714285714,0.32857142857142857,0.32857142857142857
ts_2022_09_06_12h37m11s_four_rows,physics_only,local_relative_motion,5.0,1.0,5.0,1,0.8714285714285714,0.8714285714285714,0.6428571428571429,0.6428571428571429
ts_2022_09_06_12h37m11s_four_rows,physics_only,local_relative_motion,5.0,1.0,10.0,1,0.8714285714285714,0.8714285714285714,0.7571428571428571,0.7571428571428571
ts_2022_09_06_12h37m11s_four_rows,physics_only,local_relative_motion,5.0,1.0,20.0,1,0.8714285714285714,0.8714285714285714,0.8142857142857143,0.8142857142857143
ts_2022_09_06_12h37m11s_four_rows,physics_only,local_relative_motion,10.0,0.05,1.0,1,0.02857142857142857,0.02857142857142857,0.0,0.0
ts_2022_09_06_12h37m11s_four_rows,physics_only,local_relative_motion,10.0,0.05,2.0,1,0.02857142857142857,0.02857142857142857,0.0,0.0
ts_2022_09_06_12h37m11s_four_rows,physics_only,local_relative_motion,10.0,0.05,5.0,1,0.02857142857142857,0.02857142857142857,0.0,0.0
ts_2022_09_06_12h37m11s_four_rows,physics_only,local_relative_motion,10.0,0.05,10.0,1,0.02857142857142857,0.02857142857142857,0.02857142857142857,0.02857142857142857
ts_2022_09_06_12h37m11s_four_rows,physics_only,local_relative_motion,10.0,0.05,20.0,1,0.02857142857142857,0.02857142857142857,0.02857142857142857,0.02857142857142857
ts_2022_09_06_12h37m11s_four_rows,physics_only,local_relative_motion,10.0,0.1,1.0,1,0.08571428571428572,0.08571428571428572,0.0,0.0
ts_2022_09_06_12h37m11s_four_rows,physics_only,local_relative_motion,10.0,0.1,2.0,1,0.08571428571428572,0.08571428571428572,0.02857142857142857,0.02857142857142857
ts_2022_09_06_12h37m11s_four_rows,physics_only,local_relative_motion,10.0,0.1,5.0,1,0.08571428571428572,0.08571428571428572,0.05714285714285714,0.05714285714285714
ts_2022_09_06_12h37m11s_four_rows,physics_only,local_relative_motion,10.0,0.1,10.0,1,0.08571428571428572,0.08571428571428572,0.08571428571428572,0.08571428571428572
ts_2022_09_06_12h37m11s_four_rows,physics_only,local_relative_motion,10.0,0.1,20.0,1,0.08571428571428572,0.08571428571428572,0.08571428571428572,0.08571428571428572
ts_2022_09_06_12h37m11s_four_rows,physics_only,local_relative_motion,10.0,0.2,1.0,1,0.14285714285714285,0.14285714285714285,0.0,0.0
ts_2022_09_06_12h37m11s_four_rows,physics_only,local_relative_motion,10.0,0.2,2.0,1,0.14285714285714285,0.14285714285714285,0.02857142857142857,0.02857142857142857
ts_2022_09_06_12h37m11s_four_rows,physics_only,local_relative_motion,10.0,0.2,5.0,1,0.14285714285714285,0.14285714285714285,0.11428571428571428,0.11428571428571428
ts_2022_09_06_12h37m11s_four_rows,physics_only,local_relative_motion,10.0,0.2,10.0,1,0.14285714285714285,0.14285714285714285,0.14285714285714285,0.14285714285714285
ts_2022_09_06_12h37m11s_four_rows,physics_only,local_relative_motion,10.0,0.2,20.0,1,0.14285714285714285,0.14285714285714285,0.14285714285714285,0.14285714285714285
ts_2022_09_06_12h37m11s_four_rows,physics_only,local_relative_motion,10.0,0.5,1.0,1,0.5142857142857142,0.5142857142857142,0.11428571428571428,0.11428571428571428
ts_2022_09_06_12h37m11s_four_rows,physics_only,local_relative_motion,10.0,0.5,2.0,1,0.5142857142857142,0.5142857142857142,0.2571428571428571,0.2571428571428571
ts_2022_09_06_12h37m11s_four_rows,physics_only,local_relative_motion,10.0,0.5,5.0,1,0.5142857142857142,0.5142857142857142,0.42857142857142855,0.42857142857142855
ts_2022_09_06_12h37m11s_four_rows,physics_only,local_relative_motion,10.0,0.5,10.0,1,0.5142857142857142,0.5142857142857142,0.45714285714285713,0.45714285714285713
ts_2022_09_06_12h37m11s_four_rows,physics_only,local_relative_motion,10.0,0.5,20.0,1,0.5142857142857142,0.5142857142857142,0.45714285714285713,0.45714285714285713
ts_2022_09_06_12h37m11s_four_rows,physics_only,local_relative_motion,10.0,1.0,1.0,1,0.7428571428571429,0.7428571428571429,0.11428571428571428,0.11428571428571428
ts_2022_09_06_12h37m11s_four_rows,physics_only,local_relative_motion,10.0,1.0,2.0,1,0.7428571428571429,0.7428571428571429,0.2857142857142857,0.2857142857142857
ts_2022_09_06_12h37m11s_four_rows,physics_only,local_relative_motion,10.0,1.0,5.0,1,0.7428571428571429,0.7428571428571429,0.5428571428571428,0.5428571428571428
ts_2022_09_06_12h37m11s_four_rows,physics_only,local_relative_motion,10.0,1.0,10.0,1,0.7428571428571429,0.7428571428571429,0.6857142857142857,0.6857142857142857
ts_2022_09_06_12h37m11s_four_rows,physics_only,local_relative_motion,10.0,1.0,20.0,1,0.7428571428571429,0.7428571428571429,0.6857142857142857,0.6857142857142857
