timestamp_ns,timestamp_s,bag_timestamp_ns,topic,msgtype,header.seq,header.stamp.sec,header.stamp.nanosec,header.stamp.__msgtype__,header.frame_id,header.__msgtype__,mu,nu,delta_heading,heading,gps_accuracy,position.x,position.y,position.z,position.__msgtype__,__msgtype__
1654798601053555965,1654798601.053555965,1654798601060102496,/terrasentia/mhe_output,fpn_msgs/msg/MHEOutput,226,1654798601,53555965,builtin_interfaces/msg/Time,,std_msgs/msg/Header,0.7650197744369507,0.7650197744369507,-0.09282838553190231,0.8414701223373413,0.027000000700354576,-0.36974975865601384,0.19726597098365753,0.0,geometry_msgs/msg/Point,fpn_msgs/msg/MHEOutput
1654798601307817220,1654798601.307817221,1654798601309039424,/terrasentia/mhe_output,fpn_msgs/msg/MHEOutput,227,1654798601,307817220,builtin_interfaces/msg/Time,,std_msgs/msg/Header,0.7647302150726318,0.7647302150726318,-0.09282819926738739,0.841468334197998,0.027000000700354576,-0.3697494772343349,0.1972657194775972,0.0,geometry_msgs/msg/Point,fpn_msgs/msg/MHEOutput
1654798601475953102,1654798601.475953102,1654798601477281504,/terrasentia/mhe_output,fpn_msgs/msg/MHEOutput,228,1654798601,475953102,builtin_interfaces/msg/Time,,std_msgs/msg/Header,0.7644415497779846,0.7644415497779846,-0.0928281769156456,0.8414681553840637,0.027000000700354576,-0.36974944757778366,0.19726569297332877,0.0,geometry_msgs/msg/Point,fpn_msgs/msg/MHEOutput
1654798601648467302,1654798601.648467302,1654798601651900064,/terrasentia/mhe_output,fpn_msgs/msg/MHEOutput,229,1654798601,648467302,builtin_interfaces/msg/Time,,std_msgs/msg/Header,0.7641537189483643,0.7641537189483643,-0.0928281769156456,0.8414681553840637,0.026000000536441803,-0.3697494444525696,0.1972656901802992,0.0,geometry_msgs/msg/Point,fpn_msgs/msg/MHEOutput
1654798601851390838,1654798601.851390839,1654798601853126048,/terrasentia/mhe_output,fpn_msgs/msg/MHEOutput,230,1654798601,851390838,builtin_interfaces/msg/Time,,std_msgs/msg/Header,0.7638668417930603,0.7638668417930603,-0.0928281769156456,0.8414681553840637,0.026000000536441803,-0.3697494441232341,0.19726568988596938,0.0,geometry_msgs/msg/Point,fpn_msgs/msg/MHEOutput
1654798602054043531,1654798602.054043531,1654798602056516288,/terrasentia/mhe_output,fpn_msgs/msg/MHEOutput,231,1654798602,54043531,builtin_interfaces/msg/Time,,std_msgs/msg/Header,0.7635807991027832,0.7635807991027832,-0.0928281769156456,0.8414681553840637,0.027000000700354576,-0.3697494440885288,0.19726568985495288,0.0,geometry_msgs/msg/Point,fpn_msgs/msg/MHEOutput
1654798602249866485,1654798602.249866486,1654798602251512064,/terrasentia/mhe_output,fpn_msgs/msg/MHEOutput,232,1654798602,249866485,builtin_interfaces/msg/Time,,std_msgs/msg/Header,0.7632956504821777,0.7632956504821777,-0.0928281769156456,0.8414681553840637,0.027000000700354576,-0.3697494440848714,0.19726568985168436,0.0,geometry_msgs/msg/Point,fpn_msgs/msg/MHEOutput
1654798602451873540,1654798602.451873541,1654798602453600000,/terrasentia/mhe_output,fpn_msgs/msg/MHEOutput,233,1654798602,451873540,builtin_interfaces/msg/Time,,std_msgs/msg/Header,0.7630113363265991,0.7630113363265991,-0.0928281769156456,0.8414681553840637,0.027000000700354576,-0.369749444084486,0.19726568985133988,0.0,geometry_msgs/msg/Point,fpn_msgs/msg/MHEOutput
1654798602657063245,1654798602.657063246,1654798602662378560,/terrasentia/mhe_output,fpn_msgs/msg/MHEOutput,234,1654798602,657063245,builtin_interfaces/msg/Time,,std_msgs/msg/Header,0.7627279162406921,0.7627279162406921,-0.0928046852350235,0.8415209650993347,0.026000000536441803,-0.3697568400518941,0.19498433786660058,0.0,geometry_msgs/msg/Point,fpn_msgs/msg/MHEOutput
1654798602845314025,1654798602.845314026,1654798602847377472,/terrasentia/mhe_output,fpn_msgs/msg/MHEOutput,235,1654798602,845314025,builtin_interfaces/msg/Time,,std_msgs/msg/Header,0.762445330619812,0.762445330619812,-0.09132856875658035,0.8270350694656372,0.026000000536441803,-0.36949399630793245,0.19313024401571974,0.0,geometry_msgs/msg/Point,fpn_msgs/msg/MHEOutput
1654798603043200492,1654798603.043200493,1654798603046514816,/terrasentia/mhe_output,fpn_msgs/msg/MHEOutput,236,1654798603,43200492,builtin_interfaces/msg/Time,,std_msgs/msg/Header,0.7621636390686035,0.7621636390686035,-0.09119313955307007,0.825494647026062,0.026000000536441803,-0.3710289960618998,0.19291147332896555,0.0,geometry_msgs/msg/Point,fpn_msgs/msg/MHEOutput
1654798603247732877,1654798603.247732878,1654798603250593408,/terrasentia/mhe_output,fpn_msgs/msg/MHEOutput,237,1654798603,247732877,builtin_interfaces/msg/Time,,std_msgs/msg/Header,0.7618827223777771,0.7618827223777771,-0.09119892865419388,0.8253123164176941,0.026000000536441803,-0.3727736340209083,0.19288556765714857,0.0,geometry_msgs/msg/Point,fpn_msgs/msg/MHEOutput
1654798603443998575,1654798603.443998575,1654798603446963360,/terrasentia/mhe_output,fpn_msgs/msg/MHEOutput,238,1654798603,443998575,builtin_interfaces/msg/Time,,std_msgs/msg/Header,0.7616026997566223,0.7616026997566223,-0.09121960401535034,0.8252730965614319,0.026000000536441803,-0.3745405853295264,0.19288024884883778,0.0,geometry_msgs/msg/Point,fpn_msgs/msg/MHEOutput
1654798603652355670,1654798603.652355671,1654798603656005152,/terrasentia/mhe_output,fpn_msgs/msg/MHEOutput,239,1654798603,652355670,builtin_interfaces/msg/Time,,std_msgs/msg/Header,0.7613235116004944,0.7613235116004944,-0.09124183654785156,0.8252488970756531,0.026000000536441803,-0.376309890480914,0.19287710282187176,0.0,geometry_msgs/msg/Point,fpn_msgs/msg/MHEOutput
1654798603851655006,1654798603.851655006,1654798603858751744,/terrasentia/mhe_output,fpn_msgs/msg/MHEOutput,240,1654798603,851655006,builtin_interfaces/msg/Time,,std_msgs/msg/Header,0.7610450983047485,0.7610450983047485,-0.09124090522527695,0.8250010013580322,0.026000000536441803,-0.36454923706169834,0.20745856654324354,0.0,geometry_msgs/msg/Point,fpn_msgs/msg/MHEOutput
1654798604041732549,1654798604.041732550,1654798604045814976,/terrasentia/mhe_output,fpn_msgs/msg/MHEOutput,241,1654798604,41732549,builtin_interfaces/msg/Time,,std_msgs/msg/Header,0.7362926602363586,0.7606715559959412,-0.0904173031449318,0.8237974643707275,0.027000000700354576,-0.3491994264422523,0.2339381607447534,0.0,geometry_msgs/msg/Point,fpn_msgs/msg/MHEOutput
1654798604268300056,1654798604.268300056,1654798604272144768,/terrasentia/mhe_output,fpn_msgs/msg/MHEOutput,242,1654798604,268300056,builtin_interfaces/msg/Time,,std_msgs/msg/Header,0.5452746152877808,0.7604185342788696,-0.08874194324016571,0.8237597346305847,0.027000000700354576,-0.34708584259315456,0.2488655975412068,0.0,geometry_msgs/msg/Point,fpn_msgs/msg/MHEOutput
1654798604459291696,1654798604.459291697,1654798604461407616,/terrasentia/mhe_output,fpn_msgs/msg/MHEOutput,243,1654798604,459291696,builtin_interfaces/msg/Time,,std_msgs/msg/Header,0.17293685674667358,0.7602620720863342,-0.08761285990476608,0.8221226930618286,0.027000000700354576,-0.37547784258405115,0.2258066346397845,0.0,geometry_msgs/msg/Point,fpn_msgs/msg/MHEOutput
1654798604652614593,1654798604.652614594,1654798604657580640,/terrasentia/mhe_output,fpn_msgs/msg/MHEOutput,244,1654798604,652614593,builtin_interfaces/msg/Time,,std_msgs/msg/Header,0.0001365399657515809,0.7600322365760803,-0.08772269636392593,0.8203253149986267,0.027000000700354576,-0.41265736071909165,0.20840601466877962,0.0,geometry_msgs/msg/Point,fpn_msgs/msg/MHEOutput
1654798604850661993,1654798604.850661993,1654798604851883936,/terrasentia/mhe_output,fpn_msgs/msg/MHEOutput,245,1654798604,850661993,builtin_interfaces/msg/Time,,std_msgs/msg/Header,1.8547412764746696e-05,0.7597779631614685,-0.08822308480739594,0.822253406047821,0.027000000700354576,-0.43239192454365255,0.21099332791500042,0.0,geometry_msgs/msg/Point,fpn_msgs/msg/MHEOutput
1654798605048668622,1654798605.048668623,1654798605050088960,/terrasentia/mhe_output,fpn_msgs/msg/MHEOutput,246,1654798605,48668622,builtin_interfaces/msg/Time,,std_msgs/msg/Header,1.3739551832259167e-05,0.7594236135482788,-0.08896514028310776,0.8253759741783142,0.027000000700354576,-0.4628297224227656,0.2114231626672449,0.0,geometry_msgs/msg/Point,fpn_msgs/msg/MHEOutput
1654798605253803968,1654798605.253803968,1654798605258239872,/terrasentia/mhe_output,fpn_msgs/msg/MHEOutput,247,1654798605,253803968,builtin_interfaces/msg/Time,,std_msgs/msg/Header,6.648420367127983e-06,0.7592501640319824,-0.08995071053504944,0.8300582766532898,0.02800000086426735,-0.49711941526347103,0.21430970533296886,0.0,geometry_msgs/msg/Point,fpn_msgs/msg/MHEOutput
1654798605452341794,1654798605.452341795,1654798605453710720,/terrasentia/mhe_output,fpn_msgs/msg/MHEOutput,248,1654798605,452341794,builtin_interfaces/msg/Time,,std_msgs/msg/Header,5.292996775096981e-06,0.7588841319084167,-0.09134542942047119,0.8371798992156982,0.02800000086426735,-0.5405521960308625,0.21981942698920195,0.0,geometry_msgs/msg/Point,fpn_msgs/msg/MHEOutput
1654798605649378776,1654798605.649378777,1654798605650045216,/terrasentia/mhe_output,fpn_msgs/msg/MHEOutput,249,1654798605,649378776,builtin_interfaces/msg/Time,,std_msgs/msg/Header,3.968109922425356e-06,0.7582916617393494,-0.09469065070152283,0.861118733882904,0.027000000700354576,-0.6039891011278712,0.22285481456094497,0.0,geometry_msgs/msg/Point,fpn_msgs/msg/MHEOutput
1654798605853525876,1654798605.853525877,1654798605855373280,/terrasentia/mhe_output,fpn_msgs/msg/MHEOutput,250,1654798605,853525876,builtin_interfaces/msg/Time,,std_msgs/msg/Header,3.801404091063887e-06,0.7577050924301147,-0.09855188429355621,0.8898069262504578,0.027000000700354576,-0.6684339154789648,0.22634107431279257,0.0,geometry_msgs/msg/Point,fpn_msgs/msg/MHEOutput
1654798606053490877,1654798606.053490877,1654798606057734144,/terrasentia/mhe_output,fpn_msgs/msg/MHEOutput,251,1654798606,53490877,builtin_interfaces/msg/Time,,std_msgs/msg/Header,3.558819798854529e-06,0.7571243047714233,-0.10129599273204803,0.9058203101158142,0.02800000086426735,-0.7416124284210868,0.23054510843011916,0.0,geometry_msgs/msg/Point,fpn_msgs/msg/MHEOutput
1654798606248811960,1654798606.248811960,1654798606250721056,/terrasentia/mhe_output,fpn_msgs/msg/MHEOutput,252,1654798606,248811960,builtin_interfaces/msg/Time,,std_msgs/msg/Header,3.035856707356288e-06,0.7565491199493408,-0.10365407913923264,0.918250322341919,0.02800000086426735,-0.8126426841562849,0.23431268083240386,0.0,geometry_msgs/msg/Point,fpn_msgs/msg/MHEOutput
1654798606463135004,1654798606.463135004,1654798606465548704,/terrasentia/mhe_output,fpn_msgs/msg/MHEOutput,253,1654798606,463135004,builtin_interfaces/msg/Time,,std_msgs/msg/Header,2.562871031841496e-06,0.7559794783592224,-0.10537953674793243,0.921482264995575,0.02800000086426735,-0.9032943702300227,0.2370145252513732,0.0,geometry_msgs/msg/Point,fpn_msgs/msg/MHEOutput
1654798606654714822,1654798606.654714823,1654798606656161376,/terrasentia/mhe_output,fpn_msgs/msg/MHEOutput,254,1654798606,654714822,builtin_interfaces/msg/Time,,std_msgs/msg/Header,2.354806383664254e-06,0.7554152607917786,-0.10663045942783356,0.9213801026344299,0.02500000037252903,-0.9831855198388654,0.24161215625852547,0.0,geometry_msgs/msg/Point,fpn_msgs/msg/MHEOutput
1654798606851748943,1654798606.851748943,1654798606857263680,/terrasentia/mhe_output,fpn_msgs/msg/MHEOutput,255,1654798606,851748943,builtin_interfaces/msg/Time,,std_msgs/msg/Header,2.2647886908089276e-06,0.754856288433075,-0.10799483954906464,0.92237389087677,0.02500000037252903,-1.0683601415464108,0.23949363695725245,0.0,geometry_msgs/msg/Point,fpn_msgs/msg/MHEOutput
1654798607060755491,1654798607.060755491,1654798607062770304,/terrasentia/mhe_output,fpn_msgs/msg/MHEOutput,256,1654798607,60755491,builtin_interfaces/msg/Time,,std_msgs/msg/Header,2.2374904347088886e-06,0.7543025612831116,-0.10931471735239029,0.9216651916503906,0.026000000536441803,-1.1620995578281952,0.23709916335650721,0.0,geometry_msgs/msg/Point,fpn_msgs/msg/MHEOutput
1654798607244747638,1654798607.244747639,1654798607249514624,/terrasentia/mhe_output,fpn_msgs/msg/MHEOutput,257,1654798607,244747638,builtin_interfaces/msg/Time,,std_msgs/msg/Header,2.056801122307661e-06,0.7537539601325989,-0.10885819792747498,0.9057311415672302,0.026000000536441803,-1.2414274722978025,0.23295518212505237,0.0,geometry_msgs/msg/Point,fpn_msgs/msg/MHEOutput
1654798607453933000,1654798607.453933001,1654798607458592544,/terrasentia/mhe_output,fpn_msgs/msg/MHEOutput,258,1654798607,453933000,builtin_interfaces/msg/Time,,std_msgs/msg/Header,2.0661839243985014e-06,0.7532094717025757,-0.1081707775592804,1.0350611209869385,0.026000000536441803,-1.330601285155115,0.22833701797110126,0.0,geometry_msgs/msg/Point,fpn_msgs/msg/MHEOutput
1654798607659780502,1654798607.659780502,1654798607662058848,/terrasentia/mhe_output,fpn_msgs/msg/MHEOutput,259,1654798607,659780502,builtin_interfaces/msg/Time,,std_msgs/msg/Header,2.1256932996038813e-06,0.012744639068841934,-0.109283946454525,0.8861013650894165,0.026000000536441803,-1.4206469706224114,0.22570787373026333,0.0,geometry_msgs/msg/Point,fpn_msgs/msg/MHEOutput
1654798607856364488,1654798607.856364489,1654798607857661600,/terrasentia/mhe_output,fpn_msgs/msg/MHEOutput,260,1654798607,856364488,builtin_interfaces/msg/Time,,std_msgs/msg/Header,2.1978978566039586e-06,4.381868347991258e-05,-0.11167974770069122,0.8940728902816772,0.026000000536441803,-1.5125322521728084,0.2245898949322971,0.0,geometry_msgs/msg/Point,fpn_msgs/msg/MHEOutput
1654798608053701639,1654798608.053701639,1654798608066694688,/terrasentia/mhe_output,fpn_msgs/msg/MHEOutput,261,1654798608,53701639,builtin_interfaces/msg/Time,,std_msgs/msg/Header,2.0271822904760484e-06,2.8682747142738663e-05,-0.11322364211082458,0.8980353474617004,0.026000000536441803,-1.5930349720029948,0.22046497557145514,0.0,geometry_msgs/msg/Point,fpn_msgs/msg/MHEOutput
1654798608247731208,1654798608.247731209,1654798608249402304,/terrasentia/mhe_output,fpn_msgs/msg/MHEOutput,262,1654798608,247731208,builtin_interfaces/msg/Time,,std_msgs/msg/Header,2.034840463238652e-06,2.7731022782973014e-05,-0.11659394204616547,0.9179368019104004,0.026000000536441803,-1.6880157717500401,0.2158482712940153,0.0,geometry_msgs/msg/Point,fpn_msgs/msg/MHEOutput
1654798608448843002,1654798608.448843002,1654798608450248096,/terrasentia/mhe_output,fpn_msgs/msg/MHEOutput,263,1654798608,448843002,builtin_interfaces/msg/Time,,std_msgs/msg/Header,1.937235992954811e-06,3.1691815820522606e-05,-0.11984064429998398,0.9353997707366943,0.026000000536441803,-1.7881042860933256,0.21318321325639947,0.0,geometry_msgs/msg/Point,fpn_msgs/msg/MHEOutput
1654798608659545660,1654798608.659545660,1654798608663120384,/terrasentia/mhe_output,fpn_msgs/msg/MHEOutput,264,1654798608,659545660,builtin_interfaces/msg/Time,,std_msgs/msg/Header,1.806327304620936e-06,4.106816413695924e-05,-0.12301010638475418,0.9534375667572021,0.02500000037252903,-1.8813744525681604,0.20598272840063428,0.0,geometry_msgs/msg/Point,fpn_msgs/msg/MHEOutput
1654798608847771406,1654798608.847771406,1654798608849926016,/terrasentia/mhe_output,fpn_msgs/msg/MHEOutput,265,1654798608,847771406,builtin_interfaces/msg/Time,,std_msgs/msg/Header,1.6927942851907574e-06,0.00012441469880286604,-0.12795674800872803,0.9882149696350098,0.02500000037252903,-1.9807057261283356,0.1958505496921728,0.0,geometry_msgs/msg/Point,fpn_msgs/msg/MHEOutput
1654798609052356958,1654798609.052356958,1654798609054071168,/terrasentia/mhe_output,fpn_msgs/msg/MHEOutput,266,1654798609,52356958,builtin_interfaces/msg/Time,,std_msgs/msg/Header,1.5708494629507186e-06,0.019074372947216034,-0.13135136663913727,1.0074517726898193,0.02500000037252903,-2.081261380810869,0.181666991437789,0.0,geometry_msgs/msg/Point,fpn_msgs/msg/MHEOutput
1654798609257246971,1654798609.257246971,1654798609259885440,/terrasentia/mhe_output,fpn_msgs/msg/MHEOutput,267,1654798609,257246971,builtin_interfaces/msg/Time,,std_msgs/msg/Header,1.4694091987621505e-06,0.030015215277671814,-0.13407465815544128,1.0120660066604614,0.02500000037252903,-2.184256198864376,0.16440702080325223,0.0,geometry_msgs/msg/Point,fpn_msgs/msg/MHEOutput
1654798609457406520,1654798609.457406521,1654798609460814240,/terrasentia/mhe_output,fpn_msgs/msg/MHEOutput,268,1654798609,457406520,builtin_interfaces/msg/Time,,std_msgs/msg/Header,1.4109367612036294e-06,0.7655357718467712,-0.1285804957151413,0.6586940884590149,0.02500000037252903,-2.2887306847932662,0.1441505574451534,0.0,geometry_msgs/msg/Point,fpn_msgs/msg/MHEOutput
1654798609667866468,1654798609.667866468,1654798609668450656,/terrasentia/mhe_output,fpn_msgs/msg/MHEOutput,269,1654798609,667866468,builtin_interfaces/msg/Time,,std_msgs/msg/Header,1.4044742329133442e-06,0.9998990297317505,-0.1024223193526268,0.38072457909584045,0.02500000037252903,-2.406071546894854,0.12464746995959083,0.0,geometry_msgs/msg/Point,fpn_msgs/msg/MHEOutput
1654798609858144521,1654798609.858144522,1654798609861749024,/terrasentia/mhe_output,fpn_msgs/msg/MHEOutput,270,1654798609,858144521,builtin_interfaces/msg/Time,,std_msgs/msg/Header,1.475640033277159e-06,0.9272540211677551,-0.056852273643016815,0.5661932826042175,0.02500000037252903,-2.5235058601482314,0.10478555869515181,0.0,geometry_msgs/msg/Point,fpn_msgs/msg/MHEOutput
1654798610060125112,1654798610.060125113,1654798610063603072,/terrasentia/mhe_output,fpn_msgs/msg/MHEOutput,271,1654798610,60125112,builtin_interfaces/msg/Time,,std_msgs/msg/Header,1.4280831237556413e-06,0.998382568359375,0.0021643906366080046,0.6749846339225769,0.02500000037252903,-2.655916186855286,0.08455044350657961,0.0,geometry_msgs/msg/Point,fpn_msgs/msg/MHEOutput
1654798610255937337,1654798610.255937338,1654798610259200896,/terrasentia/mhe_output,fpn_msgs/msg/MHEOutput,272,1654798610,255937337,builtin_interfaces/msg/Time,,std_msgs/msg/Header,1.5208366903607384e-06,0.9999625086784363,0.05681324377655983,0.7949737310409546,0.02500000037252903,-2.771489792352184,0.06647016483978722,0.0,geometry_msgs/msg/Point,fpn_msgs/msg/MHEOutput
1654798610466727256,1654798610.466727257,1654798610469983488,/terrasentia/mhe_output,fpn_msgs/msg/MHEOutput,273,1654798610,466727256,builtin_interfaces/msg/Time,,std_msgs/msg/Header,1.515050144007546e-06,0.9996770024299622,0.10136429220438004,0.8810604214668274,0.026000000536441803,-2.882207797124931,0.05233458820140906,0.0,geometry_msgs/msg/Point,fpn_msgs/msg/MHEOutput
1654798610657187700,1654798610.657187700,1654798610658215168,/terrasentia/mhe_output,fpn_msgs/msg/MHEOutput,274,1654798610,657187700,builtin_interfaces/msg/Time,,std_msgs/msg/Header,1.5069160781422397e-06,0.9998830556869507,0.12921085953712463,0.96147620677948,0.027000000700354576,-2.991563694196626,0.04184943506522758,0.0,geometry_msgs/msg/Point,fpn_msgs/msg/MHEOutput
1654798610846799135,1654798610.846799135,1654798610848234720,/terrasentia/mhe_output,fpn_msgs/msg/MHEOutput,275,1654798610,846799135,builtin_interfaces/msg/Time,,std_msgs/msg/Header,1.5076660702106892e-06,0.9999644756317139,0.14218027889728546,0.9497814774513245,0.027000000700354576,-3.0992947709322185,0.03247266589656504,0.0,geometry_msgs/msg/Point,fpn_msgs/msg/MHEOutput
1654798611051816940,1654798611.051816940,1654798611053362560,/terrasentia/mhe_output,fpn_msgs/msg/MHEOutput,276,1654798611,51816940,builtin_interfaces/msg/Time,,std_msgs/msg/Header,1.36655694404908e-06,0.9999634027481079,0.14828228950500488,0.6283923387527466,0.027000000700354576,-3.230988969305231,0.021277316558915352,0.0,geometry_msgs/msg/Point,fpn_msgs/msg/MHEOutput
1654798611256815195,1654798611.256815195,1654798611260478368,/terrasentia/mhe_output,fpn_msgs/msg/MHEOutput,277,1654798611,256815195,builtin_interfaces/msg/Time,,std_msgs/msg/Header,1.5745531527500134e-06,0.9997196197509766,0.16044186055660248,0.7426201701164246,0.027000000700354576,-3.3546447510889905,0.012888334870407143,0.0,geometry_msgs/msg/Point,fpn_msgs/msg/MHEOutput
1654798611453439235,1654798611.453439236,1654798611456909920,/terrasentia/mhe_output,fpn_msgs/msg/MHEOutput,278,1654798611,453439235,builtin_interfaces/msg/Time,,std_msgs/msg/Header,1.7268913552470622e-06,0.9998940229415894,0.18424592912197113,0.5944958329200745,0.027000000700354576,-3.486359289665555,0.005432949383199018,0.0,geometry_msgs/msg/Point,fpn_msgs/msg/MHEOutput
1654798611660539388,1654798611.660539389,1654798611663116608,/terrasentia/mhe_output,fpn_msgs/msg/MHEOutput,279,1654798611,660539388,builtin_interfaces/msg/Time,,std_msgs/msg/Header,1.947748160091578e-06,0.999294638633728,0.2158946692943573,0.7212900519371033,0.026000000536441803,-3.597287266998413,0.0006057020942248704,0.0,geometry_msgs/msg/Point,fpn_msgs/msg/MHEOutput
1654798611845434665,1654798611.845434666,1654798611846713280,/terrasentia/mhe_output,fpn_msgs/msg/MHEOutput,280,1654798611,845434665,builtin_interfaces/msg/Time,,std_msgs/msg/Header,1.8805066019922378e-06,0.9995624423027039,0.25028255581855774,0.8463463187217712,0.026000000536441803,-3.740066563644233,-0.007963189378597732,0.0,geometry_msgs/msg/Point,fpn_msgs/msg/MHEOutput
1654798612058963775,1654798612.058963776,1654798612063807008,/terrasentia/mhe_output,fpn_msgs/msg/MHEOutput,281,1654798612,58963775,builtin_interfaces/msg/Time,,std_msgs/msg/Header,1.7673894490144448e-06,0.999925971031189,0.2782546281814575,0.9500557780265808,0.02500000037252903,-3.883680303863835,-0.016219905547662998,0.0,geometry_msgs/msg/Point,fpn_msgs/msg/MHEOutput
1654798612250102996,1654798612.250102997,1654798612255036576,/terrasentia/mhe_output,fpn_msgs/msg/MHEOutput,282,1654798612,250102996,builtin_interfaces/msg/Time,,std_msgs/msg/Header,1.8374433921053424e-06,0.9999284148216248,0.29587695002555847,0.7704346776008606,0.02500000037252903,-4.008675561367686,-0.024441683577323747,0.0,geometry_msgs/msg/Point,fpn_msgs/msg/MHEOutput
1654798612449090480,1654798612.449090481,1654798612450312832,/terrasentia/mhe_output,fpn_msgs/msg/MHEOutput,283,1654798612,449090480,builtin_interfaces/msg/Time,,std_msgs/msg/Header,2.0241141100996174e-06,0.9995834231376648,0.30868497490882874,0.6101661324501038,0.02500000037252903,-4.133183090314277,-0.028882160186590178,0.0,geometry_msgs/msg/Point,fpn_msgs/msg/MHEOutput
1654798612657934665,1654798612.657934666,1654798612658576544,/terrasentia/mhe_output,fpn_msgs/msg/MHEOutput,284,1654798612,657934665,builtin_interfaces/msg/Time,,std_msgs/msg/Header,2.1548005406657467e-06,0.9999723434448242,0.3279176950454712,0.49106910824775696,0.02500000037252903,-4.238949590810471,-0.03524072845615341,0.0,geometry_msgs/msg/Point,fpn_msgs/msg/MHEOutput
1654798612850663900,1654798612.850663900,1654798612852379872,/terrasentia/mhe_output,fpn_msgs/msg/MHEOutput,285,1654798612,850663900,builtin_interfaces/msg/Time,,std_msgs/msg/Header,2.4979738100228133e-06,0.9286797046661377,0.3563823699951172,0.6973852515220642,0.02500000037252903,-4.362054352036248,-0.04552442755097734,0.0,geometry_msgs/msg/Point,fpn_msgs/msg/MHEOutput
1654798613058195352,1654798613.058195353,1654798613060314240,/terrasentia/mhe_output,fpn_msgs/msg/MHEOutput,286,1654798613,58195352,builtin_interfaces/msg/Time,,std_msgs/msg/Header,2.68178428086685e-06,0.9438009262084961,0.38459348678588867,0.8207197785377502,0.02500000037252903,-4.489579833866253,-0.046429989011846355,0.0,geometry_msgs/msg/Point,fpn_msgs/msg/MHEOutput
1654798613258517742,1654798613.258517742,1654798613261962912,/terrasentia/mhe_output,fpn_msgs/msg/MHEOutput,287,1654798613,258517742,builtin_interfaces/msg/Time,,std_msgs/msg/Header,3.034291012227186e-06,0.9434780478477478,0.4083389639854431,0.90016770362854,0.02500000037252903,-4.605517697087172,-0.05043479094474439,0.0,geometry_msgs/msg/Point,fpn_msgs/msg/MHEOutput
1654798613460348844,1654798613.460348845,1654798613470128256,/terrasentia/mhe_output,fpn_msgs/msg/MHEOutput,288,1654798613,460348844,builtin_interfaces/msg/Time,,std_msgs/msg/Header,2.8673457563854754e-06,0.9928816556930542,0.4231553375720978,1.2183644771575928,0.02500000037252903,-4.70317565941381,-0.045442034073352865,0.0,geometry_msgs/msg/Point,fpn_msgs/msg/MHEOutput
1654798613659374475,1654798613.659374475,1654798613660666272,/terrasentia/mhe_output,fpn_msgs/msg/MHEOutput,289,1654798613,659374475,builtin_interfaces/msg/Time,,std_msgs/msg/Header,2.404178530923673e-06,0.9795349836349487,0.4318252205848694,1.2569507360458374,0.02500000037252903,-4.7983857488022,-0.03454625317100287,0.0,geometry_msgs/msg/Point,fpn_msgs/msg/MHEOutput
1654798613850605249,1654798613.850605249,1654798613851445600,/terrasentia/mhe_output,fpn_msgs/msg/MHEOutput,290,1654798613,850605249,builtin_interfaces/msg/Time,,std_msgs/msg/Header,3.2020877824834315e-06,0.6841531991958618,0.4397086501121521,1.2821496725082397,0.02500000037252903,-4.908537556930215,-0.013710624292496294,0.0,geometry_msgs/msg/Point,fpn_msgs/msg/MHEOutput
1654798614055938243,1654798614.055938244,1654798614058200256,/terrasentia/mhe_output,fpn_msgs/msg/MHEOutput,291,1654798614,55938243,builtin_interfaces/msg/Time,,std_msgs/msg/Header,8.80452171259094e-06,5.6224449508590624e-05,0.44440820813179016,1.2128007411956787,0.02500000037252903,-5.017962482147722,0.008569608988462245,0.0,geometry_msgs/msg/Point,fpn_msgs/msg/MHEOutput
1654798614248425245,1654798614.248425245,1654798614249801152,/terrasentia/mhe_output,fpn_msgs/msg/MHEOutput,292,1654798614,248425245,builtin_interfaces/msg/Time,,std_msgs/msg/Header,1.56832375068916e-05,6.694576313748257e-06,0.4413240849971771,1.2213599681854248,0.02500000037252903,-5.132875318361527,0.03685941487142876,0.0,geometry_msgs/msg/Point,fpn_msgs/msg/MHEOutput
1654798614463803529,1654798614.463803530,1654798614464476352,/terrasentia/mhe_output,fpn_msgs/msg/MHEOutput,293,1654798614,463803529,builtin_interfaces/msg/Time,,std_msgs/msg/Header,6.503752956632525e-05,3.4592394513310865e-06,0.4356136918067932,1.2541660070419312,0.02500000037252903,-5.2574135380214955,0.07355493646084195,0.0,geometry_msgs/msg/Point,fpn_msgs/msg/MHEOutput
1654798614655964851,1654798614.655964851,1654798614659271296,/terrasentia/mhe_output,fpn_msgs/msg/MHEOutput,294,1654798614,655964851,builtin_interfaces/msg/Time,,std_msgs/msg/Header,0.6505599617958069,2.1199889488343615e-06,0.6651932597160339,1.8261888027191162,0.02500000037252903,-5.514274990154719,0.2638948840554834,0.0,geometry_msgs/msg/Point,fpn_msgs/msg/MHEOutput
1654798614847474098,1654798614.847474098,1654798614849400960,/terrasentia/mhe_output,fpn_msgs/msg/MHEOutput,295,1654798614,847474098,builtin_interfaces/msg/Time,,std_msgs/msg/Header,0.9999411702156067,2.432588871670305e-06,0.8839558362960815,2.1003189086914062,0.02500000037252903,-5.714034465038884,0.2720195928258534,0.0,geometry_msgs/msg/Point,fpn_msgs/msg/MHEOutput
1654798615061888456,1654798615.061888456,1654798615063043072,/terrasentia/mhe_output,fpn_msgs/msg/MHEOutput,296,1654798615,61888456,builtin_interfaces/msg/Time,,std_msgs/msg/Header,0.9999921321868896,4.132162302994402e-06,1.0095323324203491,2.1938579082489014,0.026000000536441803,-5.798475799974519,0.23745184752232257,0.0,geometry_msgs/msg/Point,fpn_msgs/msg/MHEOutput
1654798615263000488,1654798615.263000488,1654798615264357856,/terrasentia/mhe_output,fpn_msgs/msg/MHEOutput,297,1654798615,263000488,builtin_interfaces/msg/Time,,std_msgs/msg/Header,0.9999905824661255,4.4008062104694545e-05,1.0702282190322876,2.2488913536071777,0.027000000700354576,-5.859641494173529,0.22392438683830249,0.0,geometry_msgs/msg/Point,fpn_msgs/msg/MHEOutput
1654798615451613664,1654798615.451613665,1654798615452561440,/terrasentia/mhe_output,fpn_msgs/msg/MHEOutput,298,1654798615,451613664,builtin_interfaces/msg/Time,,std_msgs/msg/Header,0.9999793767929077,0.00019929782138206065,1.0897538661956787,2.272695302963257,0.027000000700354576,-5.914816779055882,0.22826864610205755,0.0,geometry_msgs/msg/Point,fpn_msgs/msg/MHEOutput
1654798615653404235,1654798615.653404236,1654798615654342688,/terrasentia/mhe_output,fpn_msgs/msg/MHEOutput,299,1654798615,653404235,builtin_interfaces/msg/Time,,std_msgs/msg/Header,0.993455708026886,0.06130268797278404,1.094269871711731,2.332451820373535,0.027000000700354576,-6.003038247466263,0.2676810678262697,0.0,geometry_msgs/msg/Point,fpn_msgs/msg/MHEOutput
1654798615860177516,1654798615.860177517,1654798615860921760,/terrasentia/mhe_output,fpn_msgs/msg/MHEOutput,300,1654798615,860177516,builtin_interfaces/msg/Time,,std_msgs/msg/Header,0.8521518707275391,0.06242784857749939,1.092657446861267,2.3486883640289307,0.027000000700354576,-6.072138570885567,0.3093023188556528,0.0,geometry_msgs/msg/Point,fpn_msgs/msg/MHEOutput
1654798616059534549,1654798616.059534550,1654798616061081280,/terrasentia/mhe_output,fpn_msgs/msg/MHEOutput,301,1654798616,59534549,builtin_interfaces/msg/Time,,std_msgs/msg/Header,0.4284529387950897,0.06480168551206589,1.0912256240844727,2.3615102767944336,0.027000000700354576,-6.074090395190758,0.3003118983441153,0.0,geometry_msgs/msg/Point,fpn_msgs/msg/MHEOutput
1654798616256375551,1654798616.256375551,1654798616259898464,/terrasentia/mhe_output,fpn_msgs/msg/MHEOutput,302,1654798616,256375551,builtin_interfaces/msg/Time,,std_msgs/msg/Header,0.332693874835968,0.07020403444766998,1.0927947759628296,2.370997190475464,0.027000000700354576,-6.085318871291998,0.30199999846517356,0.0,geometry_msgs/msg/Point,fpn_msgs/msg/MHEOutput
1654798616447457790,1654798616.447457790,1654798616454002688,/terrasentia/mhe_output,fpn_msgs/msg/MHEOutput,303,1654798616,447457790,builtin_interfaces/msg/Time,,std_msgs/msg/Header,0.3572676181793213,0.07531020045280457,1.1015679836273193,2.3933587074279785,0.027000000700354576,-6.125857139333286,0.30355623004760846,0.0,geometry_msgs/msg/Point,fpn_msgs/msg/MHEOutput
1654798616652822494,1654798616.652822495,1654798616656832704,/terrasentia/mhe_output,fpn_msgs/msg/MHEOutput,304,1654798616,652822494,builtin_interfaces/msg/Time,,std_msgs/msg/Header,0.3767474293708801,0.07986272126436234,1.1238456964492798,2.407142162322998,0.027000000700354576,-6.1746298297957445,0.3020009932551152,0.0,geometry_msgs/msg/Point,fpn_msgs/msg/MHEOutput
1654798616853972196,1654798616.853972197,1654798616857109472,/terrasentia/mhe_output,fpn_msgs/msg/MHEOutput,305,1654798616,853972196,builtin_interfaces/msg/Time,,std_msgs/msg/Header,0.4084862470626831,0.4675779938697815,1.1587631702423096,2.2981207370758057,0.026000000536441803,-6.230192277963741,0.3014904859246038,0.0,geometry_msgs/msg/Point,fpn_msgs/msg/MHEOutput
1654798617050695419,1654798617.050695419,1654798617053113504,/terrasentia/mhe_output,fpn_msgs/msg/MHEOutput,306,1654798617,50695419,builtin_interfaces/msg/Time,,std_msgs/msg/Header,0.48925670981407166,0.8822541832923889,1.203155517578125,2.243858814239502,0.026000000536441803,-6.306183430365462,0.3088248907997515,0.0,geometry_msgs/msg/Point,fpn_msgs/msg/MHEOutput
1654798617256603717,1654798617.256603718,1654798617258709920,/terrasentia/mhe_output,fpn_msgs/msg/MHEOutput,307,1654798617,256603717,builtin_interfaces/msg/Time,,std_msgs/msg/Header,0.5054216384887695,0.9851921200752258,1.2500497102737427,2.2821619510650635,0.026000000536441803,-6.360960509619529,0.30270527312423723,0.0,geometry_msgs/msg/Point,fpn_msgs/msg/MHEOutput
1654798617459315776,1654798617.459315777,1654798617461853984,/terrasentia/mhe_output,fpn_msgs/msg/MHEOutput,308,1654798617,459315776,builtin_interfaces/msg/Time,,std_msgs/msg/Header,0.5202492475509644,0.996917188167572,1.299223780632019,2.3682496547698975,0.026000000536441803,-6.434780258328715,0.28309023821604723,0.0,geometry_msgs/msg/Point,fpn_msgs/msg/MHEOutput
1654798617647167921,1654798617.647167921,1654798617650056480,/terrasentia/mhe_output,fpn_msgs/msg/MHEOutput,309,1654798617,647167921,builtin_interfaces/msg/Time,,std_msgs/msg/Header,0.494312584400177,0.9418084025382996,1.3511236906051636,2.4593803882598877,0.026000000536441803,-6.503932319344392,0.2433035235378427,0.0,geometry_msgs/msg/Point,fpn_msgs/msg/MHEOutput
1654798617846562862,1654798617.846562862,1654798617848138784,/terrasentia/mhe_output,fpn_msgs/msg/MHEOutput,310,1654798617,846562862,builtin_interfaces/msg/Time,,std_msgs/msg/Header,0.5539035201072693,0.8088939189910889,1.4169288873672485,2.586562395095825,0.026000000536441803,-6.61298725302582,0.204952075621827,0.0,geometry_msgs/msg/Point,fpn_msgs/msg/MHEOutput
1654798618055504322,1654798618.055504322,1654798618059539008,/terrasentia/mhe_output,fpn_msgs/msg/MHEOutput,311,1654798618,55504322,builtin_interfaces/msg/Time,,std_msgs/msg/Header,0.6350002288818359,0.6665892004966736,1.500841498374939,2.728677749633789,0.027000000700354576,-6.732409354122394,0.15815084712888383,0.0,geometry_msgs/msg/Point,fpn_msgs/msg/MHEOutput
1654798618256265878,1654798618.256265879,1654798618260346080,/terrasentia/mhe_output,fpn_msgs/msg/MHEOutput,312,1654798618,256265878,builtin_interfaces/msg/Time,,std_msgs/msg/Header,0.7733103632926941,0.6496121883392334,1.6067866086959839,2.857966184616089,0.027000000700354576,-6.882746682681106,0.11236350641705983,0.0,geometry_msgs/msg/Point,fpn_msgs/msg/MHEOutput
1654798618461010217,1654798618.461010218,1654798618463528960,/terrasentia/mhe_output,fpn_msgs/msg/MHEOutput,313,1654798618,461010217,builtin_interfaces/msg/Time,,std_msgs/msg/Header,0.8873448967933655,0.6495453715324402,1.7146222591400146,2.969407796859741,0.027000000700354576,-7.030252591809508,0.05448815671967096,0.0,geometry_msgs/msg/Point,fpn_msgs/msg/MHEOutput
1654798618652922868,1654798618.652922869,1654798618657322464,/terrasentia/mhe_output,fpn_msgs/msg/MHEOutput,314,1654798618,652922868,builtin_interfaces/msg/Time,,std_msgs/msg/Header,0.999983549118042,0.6494786739349365,1.8157504796981812,3.0603458881378174,0.027000000700354576,-7.189297875649097,-0.012031357288392209,0.0,geometry_msgs/msg/Point,fpn_msgs/msg/MHEOutput
1654798618860543966,1654798618.860543966,1654798618861674240,/terrasentia/mhe_output,fpn_msgs/msg/MHEOutput,315,1654798618,860543966,builtin_interfaces/msg/Time,,std_msgs/msg/Header,0.9999932050704956,0.6493879556655884,1.8995542526245117,3.108327627182007,0.027000000700354576,-7.31445510050803,-0.0666761579662842,0.0,geometry_msgs/msg/Point,fpn_msgs/msg/MHEOutput
1654798619052707910,1654798619.052707911,1654798619060874272,/terrasentia/mhe_output,fpn_msgs/msg/MHEOutput,316,1654798619,52707910,builtin_interfaces/msg/Time,,std_msgs/msg/Header,0.999991238117218,0.6492973566055298,1.960689902305603,3.1292173862457275,0.027000000700354576,-7.425017961875063,-0.10892785190918439,0.0,geometry_msgs/msg/Point,fpn_msgs/msg/MHEOutput
1654798619253183603,1654798619.253183603,1654798619255292832,/terrasentia/mhe_output,fpn_msgs/msg/MHEOutput,317,1654798619,253183603,builtin_interfaces/msg/Time,,std_msgs/msg/Header,0.9999585747718811,0.6962838768959045,2.0143070220947266,3.051945686340332,0.027000000700354576,-7.535760074644566,-0.13592498755938498,0.0,geometry_msgs/msg/Point,fpn_msgs/msg/MHEOutput
1654798619451721668,1654798619.451721668,1654798619458141824,/terrasentia/mhe_output,fpn_msgs/msg/MHEOutput,318,1654798619,451721668,builtin_interfaces/msg/Time,,std_msgs/msg/Header,0.999908447265625,0.9299468398094177,2.0587689876556396,2.8160953521728516,0.027000000700354576,-7.640425894522039,-0.13287392875386103,0.0,geometry_msgs/msg/Point,fpn_msgs/msg/MHEOutput
1654798619659969568,1654798619.659969568,1654798619661471680,/terrasentia/mhe_output,fpn_msgs/msg/MHEOutput,319,1654798619,659969568,builtin_interfaces/msg/Time,,std_msgs/msg/Header,0.9710341691970825,0.7844172716140747,2.0950520038604736,2.7223236560821533,0.026000000536441803,-7.736362952320119,-0.13350195687818034,0.0,geometry_msgs/msg/Point,fpn_msgs/msg/MHEOutput
1654798619860294103,1654798619.860294104,1654798619862352864,/terrasentia/mhe_output,fpn_msgs/msg/MHEOutput,320,1654798619,860294103,builtin_interfaces/msg/Time,,std_msgs/msg/Header,0.9231944680213928,0.5306651592254639,2.1299993991851807,2.931864023208618,0.02500000037252903,-7.823052752230657,-0.17920444035812777,0.0,geometry_msgs/msg/Point,fpn_msgs/msg/MHEOutput
1654798620047860622,1654798620.047860622,1654798620049546720,/terrasentia/mhe_output,fpn_msgs/msg/MHEOutput,321,1654798620,47860622,builtin_interfaces/msg/Time,,std_msgs/msg/Header,0.8793296217918396,0.4100327491760254,2.1636860370635986,3.0246641635894775,0.02500000037252903,-7.9147002811269624,-0.208465879398828,0.0,geometry_msgs/msg/Point,fpn_msgs/msg/MHEOutput
1654798620256137609,1654798620.256137609,1654798620258760896,/terrasentia/mhe_output,fpn_msgs/msg/MHEOutput,322,1654798620,256137609,builtin_interfaces/msg/Time,,std_msgs/msg/Header,0.8920922875404358,0.33663833141326904,2.193241834640503,3.074038505554199,0.02500000037252903,-8.016685348642618,-0.2254703062313481,0.0,geometry_msgs/msg/Point,fpn_msgs/msg/MHEOutput
1654798620450056791,1654798620.450056791,1654798620452194560,/terrasentia/mhe_output,fpn_msgs/msg/MHEOutput,323,1654798620,450056791,builtin_interfaces/msg/Time,,std_msgs/msg/Header,0.9714000821113586,0.3178546130657196,2.2153115272521973,3.104736566543579,0.02500000037252903,-8.149689151451213,-0.24007111570313508,0.0,geometry_msgs/msg/Point,fpn_msgs/msg/MHEOutput
1654798620660917997,1654798620.660917997,1654798620670709376,/terrasentia/mhe_output,fpn_msgs/msg/MHEOutput,324,1654798620,660917997,builtin_interfaces/msg/Time,,std_msgs/msg/Header,0.9695349335670471,0.2737281620502472,2.2311229705810547,3.114955425262451,0.02500000037252903,-8.254466409601012,-0.2421428894820388,0.0,geometry_msgs/msg/Point,fpn_msgs/msg/MHEOutput
1654798620851501941,1654798620.851501942,1654798620852268480,/terrasentia/mhe_output,fpn_msgs/msg/MHEOutput,325,1654798620,851501941,builtin_interfaces/msg/Time,,std_msgs/msg/Header,0.9998876452445984,0.2585965692996979,2.2321085929870605,3.107860803604126,0.027000000700354576,-8.39051865392363,-0.23358956918677604,0.0,geometry_msgs/msg/Point,fpn_msgs/msg/MHEOutput
1654798621062253236,1654798621.062253237,1654798621064380032,/terrasentia/mhe_output,fpn_msgs/msg/MHEOutput,326,1654798621,62253236,builtin_interfaces/msg/Time,,std_msgs/msg/Header,0.9999300241470337,0.31437358260154724,2.218238353729248,3.0914723873138428,0.027000000700354576,-8.498500918113605,-0.2205712149730777,0.0,geometry_msgs/msg/Point,fpn_msgs/msg/MHEOutput
1654798621254109144,1654798621.254109144,1654798621258419424,/terrasentia/mhe_output,fpn_msgs/msg/MHEOutput,327,1654798621,254109144,builtin_interfaces/msg/Time,,std_msgs/msg/Header,0.9997948408126831,0.3144623041152954,2.201120376586914,3.0787413120269775,0.027000000700354576,-8.60254426429391,-0.20733660622565206,0.0,geometry_msgs/msg/Point,fpn_msgs/msg/MHEOutput
1654798621453016757,1654798621.453016758,1654798621455957472,/terrasentia/mhe_output,fpn_msgs/msg/MHEOutput,328,1654798621,453016757,builtin_interfaces/msg/Time,,std_msgs/msg/Header,0.987860381603241,0.3145507574081421,2.1876158714294434,3.077253818511963,0.027000000700354576,-8.702909727527862,-0.1952190222789843,0.0,geometry_msgs/msg/Point,fpn_msgs/msg/MHEOutput
1654798621655820846,1654798621.655820847,1654798621661211808,/terrasentia/mhe_output,fpn_msgs/msg/MHEOutput,329,1654798621,655820846,builtin_interfaces/msg/Time,,std_msgs/msg/Header,0.9795575737953186,0.314628928899765,2.1759493350982666,3.0838568210601807,0.027000000700354576,-8.803719362559503,-0.1906308097007017,0.0,geometry_msgs/msg/Point,fpn_msgs/msg/MHEOutput
1654798621862025022,1654798621.862025023,1654798621866921344,/terrasentia/mhe_output,fpn_msgs/msg/MHEOutput,330,1654798621,862025022,builtin_interfaces/msg/Time,,std_msgs/msg/Header,0.9466327428817749,0.3147183656692505,2.1653242111206055,3.0909223556518555,0.02500000037252903,-8.89752459558285,-0.18922660790226467,0.0,geometry_msgs/msg/Point,fpn_msgs/msg/MHEOutput
1654798622049969673,1654798622.049969673,1654798622050808000,/terrasentia/mhe_output,fpn_msgs/msg/MHEOutput,331,1654798622,49969673,builtin_interfaces/msg/Time,,std_msgs/msg/Header,0.9199198484420776,0.3148075342178345,2.1612491607666016,3.1111464500427246,0.02500000037252903,-8.991324216395318,-0.1982436133364397,0.0,geometry_msgs/msg/Point,fpn_msgs/msg/MHEOutput
1654798622249275445,1654798622.249275446,1654798622250185664,/terrasentia/mhe_output,fpn_msgs/msg/MHEOutput,332,1654798622,249275445,builtin_interfaces/msg/Time,,std_msgs/msg/Header,0.8936324715614319,0.3150113821029663,2.1575729846954346,3.1246354579925537,0.026000000536441803,-9.0866861609093,-0.2025004175065664,0.0,geometry_msgs/msg/Point,fpn_msgs/msg/MHEOutput
1654798622451820373,1654798622.451820374,1654798622453326592,/terrasentia/mhe_output,fpn_msgs/msg/MHEOutput,333,1654798622,451820373,builtin_interfaces/msg/Time,,std_msgs/msg/Header,0.9708117246627808,0.31508928537368774,2.1544034481048584,3.1407103538513184,0.026000000536441803,-9.217554556699287,-0.21254472566429677,0.0,geometry_msgs/msg/Point,fpn_msgs/msg/MHEOutput
1654798622653288364,1654798622.653288364,1654798622656689824,/terrasentia/mhe_output,fpn_msgs/msg/MHEOutput,334,1654798622,653288364,builtin_interfaces/msg/Time,,std_msgs/msg/Header,0.9999603629112244,0.31522324681282043,2.152038097381592,3.152428150177002,0.026000000536441803,-9.35190968738435,-0.22192041296268677,0.0,geometry_msgs/msg/Point,fpn_msgs/msg/MHEOutput
1654798622853160858,1654798622.853160858,1654798622857299008,/terrasentia/mhe_output,fpn_msgs/msg/MHEOutput,335,1654798622,853160858,builtin_interfaces/msg/Time,,std_msgs/msg/Header,0.9999802708625793,0.314791202545166,2.150991916656494,3.0910515785217285,0.026000000536441803,-9.45993570924973,-0.22643405217384077,0.0,geometry_msgs/msg/Point,fpn_msgs/msg/MHEOutput
1654798623058034181,1654798623.058034182,1654798623059371072,/terrasentia/mhe_output,fpn_msgs/msg/MHEOutput,336,1654798623,58034181,builtin_interfaces/msg/Time,,std_msgs/msg/Header,0.9999901652336121,0.27269527316093445,2.1487011909484863,3.106940507888794,0.026000000536441803,-9.583738727872255,-0.22713340083798708,0.0,geometry_msgs/msg/Point,fpn_msgs/msg/MHEOutput
1654798623258921623,1654798623.258921623,1654798623259635296,/terrasentia/mhe_output,fpn_msgs/msg/MHEOutput,337,1654798623,258921623,builtin_interfaces/msg/Time,,std_msgs/msg/Header,0.9999613165855408,0.26420021057128906,2.1488683223724365,3.1111209392547607,0.026000000536441803,-9.693799944342038,-0.2263725351449752,0.0,geometry_msgs/msg/Point,fpn_msgs/msg/MHEOutput
1654798623458143234,1654798623.458143234,1654798623459629568,/terrasentia/mhe_output,fpn_msgs/msg/MHEOutput,338,1654798623,458143234,builtin_interfaces/msg/Time,,std_msgs/msg/Header,0.9999812841415405,0.2690351903438568,2.149780035018921,3.111651659011841,0.027000000700354576,-9.805466631665688,-0.22537151508416728,0.0,geometry_msgs/msg/Point,fpn_msgs/msg/MHEOutput
1654798623652644872,1654798623.652644873,1654798623656230016,/terrasentia/mhe_output,fpn_msgs/msg/MHEOutput,339,1654798623,652644872,builtin_interfaces/msg/Time,,std_msgs/msg/Header,0.9999831318855286,0.2931489050388336,2.1542606353759766,3.114886999130249,0.02800000086426735,-9.9311386340547,-0.2255658222812595,0.0,geometry_msgs/msg/Point,fpn_msgs/msg/MHEOutput
1654798623872369289,1654798623.872369289,1654798623875989088,/terrasentia/mhe_output,fpn_msgs/msg/MHEOutput,340,1654798623,872369289,builtin_interfaces/msg/Time,,std_msgs/msg/Header,0.999987006187439,0.3004540205001831,2.1586434841156006,3.1155917644500732,0.02800000086426735,-10.05528569809687,-0.22579561946144175,0.0,geometry_msgs/msg/Point,fpn_msgs/msg/MHEOutput
1654798624061557292,1654798624.061557293,1654798624067298304,/terrasentia/mhe_output,fpn_msgs/msg/MHEOutput,341,1654798624,61557292,builtin_interfaces/msg/Time,,std_msgs/msg/Header,0.9999706149101257,0.31861886382102966,2.16265869140625,3.11344051361084,0.02800000086426735,-10.181114447009417,-0.22049670646485084,0.0,geometry_msgs/msg/Point,fpn_msgs/msg/MHEOutput
1654798624256383895,1654798624.256383896,1654798624257808768,/terrasentia/mhe_output,fpn_msgs/msg/MHEOutput,342,1654798624,256383895,builtin_interfaces/msg/Time,,std_msgs/msg/Header,0.999900758266449,0.3284711241722107,2.1648242473602295,3.1118533611297607,0.02800000086426735,-10.29034372513434,-0.21573700292174522,0.0,geometry_msgs/msg/Point,fpn_msgs/msg/MHEOutput
1654798624450682401,1654798624.450682402,1654798624452019424,/terrasentia/mhe_output,fpn_msgs/msg/MHEOutput,343,1654798624,450682401,builtin_interfaces/msg/Time,,std_msgs/msg/Header,0.9530813694000244,0.3285512924194336,2.1649296283721924,3.1101911067962646,0.02800000086426735,-10.3937579649986,-0.21245205296356134,0.0,geometry_msgs/msg/Point,fpn_msgs/msg/MHEOutput
1654798624663858652,1654798624.663858652,1654798624665495456,/terrasentia/mhe_output,fpn_msgs/msg/MHEOutput,344,1654798624,663858652,builtin_interfaces/msg/Time,,std_msgs/msg/Header,0.9411213994026184,0.32863134145736694,2.1658546924591064,3.1071407794952393,0.027000000700354576,-10.501450003551684,-0.207693464449399,0.0,geometry_msgs/msg/Point,fpn_msgs/msg/MHEOutput
1654798624856814622,1654798624.856814623,1654798624858408352,/terrasentia/mhe_output,fpn_msgs/msg/MHEOutput,345,1654798624,856814622,builtin_interfaces/msg/Time,,std_msgs/msg/Header,0.9645819067955017,0.32871145009994507,2.167240619659424,3.1093809604644775,0.026000000536441803,-10.660064376073814,-0.20604514692214,0.0,geometry_msgs/msg/Point,fpn_msgs/msg/MHEOutput
1654798625055680274,1654798625.055680275,1654798625057918848,/terrasentia/mhe_output,fpn_msgs/msg/MHEOutput,346,1654798625,55680274,builtin_interfaces/msg/Time,,std_msgs/msg/Header,0.9851508736610413,0.32879066467285156,2.1664786338806152,3.107739210128784,0.027000000700354576,-10.820927193856098,-0.19930132047160196,0.0,geometry_msgs/msg/Point,fpn_msgs/msg/MHEOutput
1654798625253597259,1654798625.253597260,1654798625257510336,/terrasentia/mhe_output,fpn_msgs/msg/MHEOutput,347,1654798625,253597259,builtin_interfaces/msg/Time,,std_msgs/msg/Header,0.9717443585395813,0.32886114716529846,2.164198637008667,3.1100895404815674,0.027000000700354576,-10.934118057791542,-0.19623704265652178,0.0,geometry_msgs/msg/Point,fpn_msgs/msg/MHEOutput
1654798625451455116,1654798625.451455116,1654798625457740864,/terrasentia/mhe_output,fpn_msgs/msg/MHEOutput,348,1654798625,451455116,builtin_interfaces/msg/Time,,std_msgs/msg/Header,0.9774259328842163,0.328931599855423,2.161545991897583,3.1176655292510986,0.027000000700354576,-11.064192470643546,-0.19691880194377587,0.0,geometry_msgs/msg/Point,fpn_msgs/msg/MHEOutput
1654798625657122850,1654798625.657122850,1654798625659086656,/terrasentia/mhe_output,fpn_msgs/msg/MHEOutput,349,1654798625,657122850,builtin_interfaces/msg/Time,,std_msgs/msg/Header,0.9962975978851318,0.3290020227432251,2.1536672115325928,3.1140873432159424,0.026000000536441803,-11.201285677322351,-0.1888380948526017,0.0,geometry_msgs/msg/Point,fpn_msgs/msg/MHEOutput
1654798625857823133,1654798625.857823133,1654798625859363424,/terrasentia/mhe_output,fpn_msgs/msg/MHEOutput,350,1654798625,857823133,builtin_interfaces/msg/Time,,std_msgs/msg/Header,0.9574569463729858,0.32908186316490173,2.145824432373047,3.1180953979492188,0.026000000536441803,-11.317319219927736,-0.19006598314453607,0.0,geometry_msgs/msg/Point,fpn_msgs/msg/MHEOutput
1654798626050539016,1654798626.050539017,1654798626053550656,/terrasentia/mhe_output,fpn_msgs/msg/MHEOutput,351,1654798626,50539016,builtin_interfaces/msg/Time,,std_msgs/msg/Header,0.913703441619873,0.32924526929855347,2.1394591331481934,3.1241323947906494,0.026000000536441803,-11.431000581061538,-0.19286287586858786,0.0,geometry_msgs/msg/Point,fpn_msgs/msg/MHEOutput
1654798626250730037,1654798626.250730038,1654798626252899680,/terrasentia/mhe_output,fpn_msgs/msg/MHEOutput,352,1654798626,250730037,builtin_interfaces/msg/Time,,std_msgs/msg/Header,0.8705291152000427,0.32939282059669495,2.1349568367004395,3.1330695152282715,0.026000000536441803,-11.54814297783362,-0.19757819450795902,0.0,geometry_msgs/msg/Point,fpn_msgs/msg/MHEOutput
1654798626453366279,1654798626.453366280,1654798626457017952,/terrasentia/mhe_output,fpn_msgs/msg/MHEOutput,353,1654798626,453366279,builtin_interfaces/msg/Time,,std_msgs/msg/Header,0.9153366684913635,0.32947206497192383,2.138317584991455,3.1483426094055176,0.026000000536441803,-11.702549723871298,-0.20910011737052048,0.0,geometry_msgs/msg/Point,fpn_msgs/msg/MHEOutput
1654798626653499841,1654798626.653499842,1654798626656891904,/terrasentia/mhe_output,fpn_msgs/msg/MHEOutput,354,1654798626,653499841,builtin_interfaces/msg/Time,,std_msgs/msg/Header,0.99996417760849,0.3296191990375519,2.146444082260132,3.163120746612549,0.026000000536441803,-11.897561453245363,-0.2263381286333387,0.0,geometry_msgs/msg/Point,fpn_msgs/msg/MHEOutput
1654798626856247901,1654798626.856247902,1654798626857454912,/terrasentia/mhe_output,fpn_msgs/msg/MHEOutput,355,1654798626,856247901,builtin_interfaces/msg/Time,,std_msgs/msg/Header,0.9999810457229614,0.32969799637794495,2.1582250595092773,3.1747477054595947,0.027000000700354576,-12.038206671885707,-0.24071240844672862,0.0,geometry_msgs/msg/Point,fpn_msgs/msg/MHEOutput
1654798627063369035,1654798627.063369036,1654798627066508416,/terrasentia/mhe_output,fpn_msgs/msg/MHEOutput,356,1654798627,63369035,builtin_interfaces/msg/Time,,std_msgs/msg/Header,0.9999016523361206,0.32977673411369324,2.168321371078491,3.1766271591186523,0.027000000700354576,-12.180117944524468,-0.2446714229733345,0.0,geometry_msgs/msg/Point,fpn_msgs/msg/MHEOutput
1654798627254160642,1654798627.254160643,1654798627259243072,/terrasentia/mhe_output,fpn_msgs/msg/MHEOutput,357,1654798627,254160642,builtin_interfaces/msg/Time,,std_msgs/msg/Header,0.9966931939125061,0.32984670996665955,2.1696996688842773,3.1604411602020264,0.027000000700354576,-12.321685232511282,-0.23342605038706424,0.0,geometry_msgs/msg/Point,fpn_msgs/msg/MHEOutput
1654798627470090150,1654798627.470090151,1654798627473681760,/terrasentia/mhe_output,fpn_msgs/msg/MHEOutput,358,1654798627,470090150,builtin_interfaces/msg/Time,,std_msgs/msg/Header,0.9823270440101624,0.3299253582954407,2.162743330001831,3.1509830951690674,0.027000000700354576,-12.457125213118227,-0.2254972438561549,0.0,geometry_msgs/msg/Point,fpn_msgs/msg/MHEOutput
1654798627659888982,1654798627.659888983,1654798627662095808,/terrasentia/mhe_output,fpn_msgs/msg/MHEOutput,359,1654798627,659888982,builtin_interfaces/msg/Time,,std_msgs/msg/Header,0.9572523236274719,0.33000457286834717,2.152484178543091,3.127012014389038,0.027000000700354576,-12.583454310998418,-0.20359762049151747,0.0,geometry_msgs/msg/Point,fpn_msgs/msg/MHEOutput
1654798627848850488,1654798627.848850489,1654798627851171968,/terrasentia/mhe_output,fpn_msgs/msg/MHEOutput,360,1654798627,848850488,builtin_interfaces/msg/Time,,std_msgs/msg/Header,0.9999793171882629,0.33008357882499695,2.141026258468628,3.1041946411132812,0.02500000037252903,-12.774422351085416,-0.18171726694531984,0.0,geometry_msgs/msg/Point,fpn_msgs/msg/MHEOutput
1654798628059719324,1654798628.059719324,1654798628060436832,/terrasentia/mhe_output,fpn_msgs/msg/MHEOutput,361,1654798628,59719324,builtin_interfaces/msg/Time,,std_msgs/msg/Header,0.9999879598617554,0.3302348554134369,2.1252219676971436,3.0996243953704834,0.02500000037252903,-12.935803068100249,-0.17330360338219528,0.0,geometry_msgs/msg/Point,fpn_msgs/msg/MHEOutput
1654798628259757041,1654798628.259757042,1654798628261857888,/terrasentia/mhe_output,fpn_msgs/msg/MHEOutput,362,1654798628,259757041,builtin_interfaces/msg/Time,,std_msgs/msg/Header,0.9999940395355225,0.33038583397865295,2.1158580780029297,3.102616310119629,0.026000000536441803,-13.064085551190818,-0.16890447743550543,0.0,geometry_msgs/msg/Point,fpn_msgs/msg/MHEOutput
1654798628462278127,1654798628.462278128,1654798628463404800,/terrasentia/mhe_output,fpn_msgs/msg/MHEOutput,363,1654798628,462278127,builtin_interfaces/msg/Time,,std_msgs/msg/Header,0.9999837279319763,0.3304641544818878,2.115579605102539,3.1180002689361572,0.027000000700354576,-13.207883143041144,-0.17718404713019295,0.0,geometry_msgs/msg/Point,fpn_msgs/msg/MHEOutput
1654798628668092966,1654798628.668092966,1654798628672794528,/terrasentia/mhe_output,fpn_msgs/msg/MHEOutput,364,1654798628,668092966,builtin_interfaces/msg/Time,,std_msgs/msg/Header,0.9959813356399536,0.3305337727069855,2.118767023086548,3.126075506210327,0.027000000700354576,-13.350734666618335,-0.17935770570945436,0.0,geometry_msgs/msg/Point,fpn_msgs/msg/MHEOutput
1654798628850524187,1654798628.850524187,1654798628852948960,/terrasentia/mhe_output,fpn_msgs/msg/MHEOutput,365,1654798628,850524187,builtin_interfaces/msg/Time,,std_msgs/msg/Header,0.9411700963973999,0.3306124806404114,2.1276028156280518,3.144055128097534,0.027000000700354576,-13.45859581465849,-0.1965739486669924,0.0,geometry_msgs/msg/Point,fpn_msgs/msg/MHEOutput
1654798629051436662,1654798629.051436663,1654798629053245376,/terrasentia/mhe_output,fpn_msgs/msg/MHEOutput,366,1654798629,51436662,builtin_interfaces/msg/Time,,std_msgs/msg/Header,0.8920977115631104,0.3307608664035797,2.138097047805786,3.145094633102417,0.026000000536441803,-13.568561425091254,-0.19500030658505188,0.0,geometry_msgs/msg/Point,fpn_msgs/msg/MHEOutput
1654798629251800298,1654798629.251800299,1654798629254233888,/terrasentia/mhe_output,fpn_msgs/msg/MHEOutput,367,1654798629,251800298,builtin_interfaces/msg/Time,,std_msgs/msg/Header,0.84150230884552,0.3309054970741272,2.1483306884765625,3.157641649246216,0.026000000536441803,-13.680900101861358,-0.20869361581043602,0.0,geometry_msgs/msg/Point,fpn_msgs/msg/MHEOutput
1654798629456398963,1654798629.456398964,1654798629457153664,/terrasentia/mhe_output,fpn_msgs/msg/MHEOutput,368,1654798629,456398963,builtin_interfaces/msg/Time,,std_msgs/msg/Header,0.9086940288543701,0.3309837281703949,2.1560287475585938,3.1681418418884277,0.026000000536441803,-13.845760805075487,-0.22222703833567703,0.0,geometry_msgs/msg/Point,fpn_msgs/msg/MHEOutput
1654798629653068065,1654798629.653068066,1654798629657792992,/terrasentia/mhe_output,fpn_msgs/msg/MHEOutput,369,1654798629,653068065,builtin_interfaces/msg/Time,,std_msgs/msg/Header,0.9792129397392273,0.33105307817459106,2.1603477001190186,3.162126302719116,0.02500000037252903,-14.014014836234761,-0.22079280395599704,0.0,geometry_msgs/msg/Point,fpn_msgs/msg/MHEOutput
1654798629857519626,1654798629.857519627,1654798629859821600,/terrasentia/mhe_output,fpn_msgs/msg/MHEOutput,370,1654798629,857519626,builtin_interfaces/msg/Time,,std_msgs/msg/Header,0.9999805688858032,0.3311642110347748,2.155205488204956,3.1486294269561768,0.02500000037252903,-14.186530522705148,-0.20974108970764213,0.0,geometry_msgs/msg/Point,fpn_msgs/msg/MHEOutput
1654798630058306217,1654798630.058306217,1654798630059757664,/terrasentia/mhe_output,fpn_msgs/msg/MHEOutput,371,1654798630,58306217,builtin_interfaces/msg/Time,,std_msgs/msg/Header,0.9999645352363586,0.33124205470085144,2.149211883544922,3.1389331817626953,0.026000000536441803,-14.330223963214566,-0.1993152990756701,0.0,geometry_msgs/msg/Point,fpn_msgs/msg/MHEOutput
1654798630260769844,1654798630.260769844,1654798630262342400,/terrasentia/mhe_output,fpn_msgs/msg/MHEOutput,372,1654798630,260769844,builtin_interfaces/msg/Time,,std_msgs/msg/Header,0.9996822476387024,0.3313198387622833,2.141209363937378,3.130641222000122,0.027000000700354576,-14.470081033575394,-0.19461567078958333,0.0,geometry_msgs/msg/Point,fpn_msgs/msg/MHEOutput
1654798630452362298,1654798630.452362299,1654798630455361280,/terrasentia/mhe_output,fpn_msgs/msg/MHEOutput,373,1654798630,452362298,builtin_interfaces/msg/Time,,std_msgs/msg/Header,0.9837111830711365,0.3313975930213928,2.141587495803833,3.1427457332611084,0.027000000700354576,-14.59972643490693,-0.20483815825314972,0.0,geometry_msgs/msg/Point,fpn_msgs/msg/MHEOutput
1654798630653255701,1654798630.653255701,1654798630656089984,/terrasentia/mhe_output,fpn_msgs/msg/MHEOutput,374,1654798630,653255701,builtin_interfaces/msg/Time,,std_msgs/msg/Header,0.9392557144165039,0.33147570490837097,2.1340320110321045,3.140411615371704,0.027000000700354576,-14.70724916216152,-0.2051958004288838,0.0,geometry_msgs/msg/Point,fpn_msgs/msg/MHEOutput
1654798630850292205,1654798630.850292206,1654798630851809376,/terrasentia/mhe_output,fpn_msgs/msg/MHEOutput,375,1654798630,850292205,builtin_interfaces/msg/Time,,std_msgs/msg/Header,0.9267730116844177,0.33155372738838196,2.133598566055298,3.15207576751709,0.028999999165534973,-14.837483295265356,-0.21450000997926652,0.0,geometry_msgs/msg/Point,fpn_msgs/msg/MHEOutput
1654798631049559116,1654798631.049559116,1654798631052418368,/terrasentia/mhe_output,fpn_msgs/msg/MHEOutput,376,1654798631,49559116,builtin_interfaces/msg/Time,,std_msgs/msg/Header,0.9654203653335571,0.33163172006607056,2.1313745975494385,3.1548354625701904,0.028999999165534973,-15.015079080324679,-0.21243052279964575,0.0,geometry_msgs/msg/Point,fpn_msgs/msg/MHEOutput
1654798631254120588,1654798631.254120588,1654798631256713120,/terrasentia/mhe_output,fpn_msgs/msg/MHEOutput,377,1654798631,254120588,builtin_interfaces/msg/Time,,std_msgs/msg/Header,0.9014912843704224,0.3317769467830658,2.1286423206329346,3.1495234966278076,0.028999999165534973,-15.1098198674878,-0.20539475192279316,0.0,geometry_msgs/msg/Point,fpn_msgs/msg/MHEOutput
1654798631458072662,1654798631.458072662,1654798631460719552,/terrasentia/mhe_output,fpn_msgs/msg/MHEOutput,378,1654798631,458072662,builtin_interfaces/msg/Time,,std_msgs/msg/Header,0.9763243198394775,0.3318546712398529,2.126274824142456,3.150667428970337,0.028999999165534973,-15.281549310974507,-0.21128774596489794,0.0,geometry_msgs/msg/Point,fpn_msgs/msg/MHEOutput
1654798631659458637,1654798631.659458637,1654798631660436256,/terrasentia/mhe_output,fpn_msgs/msg/MHEOutput,379,1654798631,659458637,builtin_interfaces/msg/Time,,std_msgs/msg/Header,0.9999658465385437,0.3319646716117859,2.1223337650299072,3.158231735229492,0.028999999165534973,-15.45219830417211,-0.22471182365096615,0.0,geometry_msgs/msg/Point,fpn_msgs/msg/MHEOutput
1654798631851481199,1654798631.851481199,1654798631852278880,/terrasentia/mhe_output,fpn_msgs/msg/MHEOutput,380,1654798631,851481199,builtin_interfaces/msg/Time,,std_msgs/msg/Header,0.999993085861206,0.33211180567741394,2.121731758117676,3.097400426864624,0.028999999165534973,-15.606066883270149,-0.23931527546906467,0.0,geometry_msgs/msg/Point,fpn_msgs/msg/MHEOutput
1654798632052700519,1654798632.052700520,1654798632054601792,/terrasentia/mhe_output,fpn_msgs/msg/MHEOutput,381,1654798632,52700519,builtin_interfaces/msg/Time,,std_msgs/msg/Header,0.9999964833259583,0.3794037103652954,2.1277570724487305,3.113685131072998,0.028999999165534973,-15.766609163823377,-0.25674561893765296,0.0,geometry_msgs/msg/Point,fpn_msgs/msg/MHEOutput
1654798632259789705,1654798632.259789705,1654798632261168256,/terrasentia/mhe_output,fpn_msgs/msg/MHEOutput,382,1654798632,259789705,builtin_interfaces/msg/Time,,std_msgs/msg/Header,0.9999687671661377,0.407622367143631,2.1430230140686035,3.1266889572143555,0.028999999165534973,-15.913564888577383,-0.26991403283075877,0.0,geometry_msgs/msg/Point,fpn_msgs/msg/MHEOutput
1654798632452280759,1654798632.452280760,1654798632454747200,/terrasentia/mhe_output,fpn_msgs/msg/MHEOutput,383,1654798632,452280759,builtin_interfaces/msg/Time,,std_msgs/msg/Header,0.9808526039123535,0.4219626784324646,2.164348840713501,3.1623432636260986,0.028999999165534973,-16.038452313234924,-0.30033591419135597,0.0,geometry_msgs/msg/Point,fpn_msgs/msg/MHEOutput
1654798632657984256,1654798632.657984257,1654798632660428992,/terrasentia/mhe_output,fpn_msgs/msg/MHEOutput,384,1654798632,657984256,builtin_interfaces/msg/Time,,std_msgs/msg/Header,0.99997478723526,0.4249822795391083,2.176708698272705,3.165156602859497,0.028999999165534973,-16.198606969306375,-0.3071765724915316,0.0,geometry_msgs/msg/Point,fpn_msgs/msg/MHEOutput
1654798632862361192,1654798632.862361193,1654798632863379424,/terrasentia/mhe_output,fpn_msgs/msg/MHEOutput,385,1654798632,862361192,builtin_interfaces/msg/Time,,std_msgs/msg/Header,0.9999828338623047,0.41753992438316345,2.182893753051758,3.1688616275787354,0.028999999165534973,-16.365422256575393,-0.3177097560457323,0.0,geometry_msgs/msg/Point,fpn_msgs/msg/MHEOutput
1654798633068500518,1654798633.068500519,1654798633069940832,/terrasentia/mhe_output,fpn_msgs/msg/MHEOutput,386,1654798633,68500518,builtin_interfaces/msg/Time,,std_msgs/msg/Header,0.999777615070343,0.4798292815685272,2.180896759033203,3.153959274291992,0.028999999165534973,-16.52564001460047,-0.3068294023255699,0.0,geometry_msgs/msg/Point,fpn_msgs/msg/MHEOutput
1654798633257368326,1654798633.257368326,1654798633259604512,/terrasentia/mhe_output,fpn_msgs/msg/MHEOutput,387,1654798633,257368326,builtin_interfaces/msg/Time,,std_msgs/msg/Header,0.9637519121170044,0.522023618221283,2.1730287075042725,3.140101194381714,0.028999999165534973,-16.628791091039034,-0.2945440368863833,0.0,geometry_msgs/msg/Point,fpn_msgs/msg/MHEOutput
1654798633460858583,1654798633.460858583,1654798633462551776,/terrasentia/mhe_output,fpn_msgs/msg/MHEOutput,388,1654798633,460858583,builtin_interfaces/msg/Time,,std_msgs/msg/Header,0.9999348521232605,0.5220149159431458,2.162640333175659,3.1290903091430664,0.029999999329447746,-16.79964624435053,-0.2836990649569949,0.0,geometry_msgs/msg/Point,fpn_msgs/msg/MHEOutput
1654798633659764289,1654798633.659764290,1654798633663148832,/terrasentia/mhe_output,fpn_msgs/msg/MHEOutput,389,1654798633,659764289,builtin_interfaces/msg/Time,,std_msgs/msg/Header,0.9999919533729553,0.5220041275024414,2.1560168266296387,3.118978500366211,0.028999999165534973,-16.939509361000248,-0.2729016584725631,0.0,geometry_msgs/msg/Point,fpn_msgs/msg/MHEOutput
1654798633850371599,1654798633.850371599,1654798633851079008,/terrasentia/mhe_output,fpn_msgs/msg/MHEOutput,390,1654798633,850371599,builtin_interfaces/msg/Time,,std_msgs/msg/Header,0.9999830722808838,0.5219933986663818,2.155965805053711,3.1254758834838867,0.029999999329447746,-17.09891216514177,-0.28065199331841356,0.0,geometry_msgs/msg/Point,fpn_msgs/msg/MHEOutput
1654798634043877840,1654798634.043877840,1654798634047175008,/terrasentia/mhe_output,fpn_msgs/msg/MHEOutput,391,1654798634,43877840,builtin_interfaces/msg/Time,,std_msgs/msg/Header,0.9267670512199402,0.5219820737838745,2.1655218601226807,3.1385691165924072,0.029999999329447746,-17.198393896333208,-0.29183561254915635,0.0,geometry_msgs/msg/Point,fpn_msgs/msg/MHEOutput
1654798634256855249,1654798634.256855249,1654798634258619136,/terrasentia/mhe_output,fpn_msgs/msg/MHEOutput,392,1654798634,256855249,builtin_interfaces/msg/Time,,std_msgs/msg/Header,0.8805252909660339,0.5219713449478149,2.1690101623535156,3.1290555000305176,0.029999999329447746,-17.29277487119274,-0.2800570489679107,0.0,geometry_msgs/msg/Point,fpn_msgs/msg/MHEOutput
1654798634450065612,1654798634.450065613,1654798634450978432,/terrasentia/mhe_output,fpn_msgs/msg/MHEOutput,393,1654798634,450065612,builtin_interfaces/msg/Time,,std_msgs/msg/Header,0.852846622467041,0.5219606161117554,2.179048776626587,3.141587972640991,0.03200000151991844,-17.393770269051927,-0.2872986382598591,0.0,geometry_msgs/msg/Point,fpn_msgs/msg/MHEOutput
1654798634648401498,1654798634.648401499,1654798634649939840,/terrasentia/mhe_output,fpn_msgs/msg/MHEOutput,394,1654798634,648401498,builtin_interfaces/msg/Time,,std_msgs/msg/Header,0.861327588558197,0.521949827671051,2.1808271408081055,3.1315133571624756,0.03200000151991844,-17.523430077551453,-0.27739403422293957,0.0,geometry_msgs/msg/Point,fpn_msgs/msg/MHEOutput
1654798634849690914,1654798634.849690914,1654798634850278336,/terrasentia/mhe_output,fpn_msgs/msg/MHEOutput,395,1654798634,849690914,builtin_interfaces/msg/Time,,std_msgs/msg/Header,0.8652767539024353,0.5219390392303467,2.1746509075164795,3.1101157665252686,0.03200000151991844,-17.682998316185216,-0.25665111254587525,0.0,geometry_msgs/msg/Point,fpn_msgs/msg/MHEOutput
1654798635063832521,1654798635.063832521,1654798635067647296,/terrasentia/mhe_output,fpn_msgs/msg/MHEOutput,396,1654798635,63832521,builtin_interfaces/msg/Time,,std_msgs/msg/Header,0.9585103988647461,0.5219303369522095,2.1613659858703613,3.0848894119262695,0.03200000151991844,-17.881559979281082,-0.22730662076863456,0.0,geometry_msgs/msg/Point,fpn_msgs/msg/MHEOutput
1654798635254717588,1654798635.254717588,1654798635256162816,/terrasentia/mhe_output,fpn_msgs/msg/MHEOutput,397,1654798635,254717588,builtin_interfaces/msg/Time,,std_msgs/msg/Header,0.9703521132469177,0.5219216346740723,2.1431736946105957,3.063896656036377,0.032999999821186066,-18.010248458120728,-0.20274897473918976,0.0,geometry_msgs/msg/Point,fpn_msgs/msg/MHEOutput
1654798635452072143,1654798635.452072144,1654798635453198784,/terrasentia/mhe_output,fpn_msgs/msg/MHEOutput,398,1654798635,452072143,builtin_interfaces/msg/Time,,std_msgs/msg/Header,0.9999727010726929,0.5219129323959351,2.130930185317993,3.068394660949707,0.032999999821186066,-18.1538742769016,-0.19353929405255277,0.0,geometry_msgs/msg/Point,fpn_msgs/msg/MHEOutput
1654798635661317586,1654798635.661317587,1654798635664546272,/terrasentia/mhe_output,fpn_msgs/msg/MHEOutput,399,1654798635,661317586,builtin_interfaces/msg/Time,,std_msgs/msg/Header,0.984288215637207,0.5219042897224426,2.123816728591919,3.0840823650360107,0.028999999165534973,-18.28070572386132,-0.19572915012310602,0.0,geometry_msgs/msg/Point,fpn_msgs/msg/MHEOutput
1654798635849583864,1654798635.849583864,1654798635851295520,/terrasentia/mhe_output,fpn_msgs/msg/MHEOutput,400,1654798635,849583864,builtin_interfaces/msg/Time,,std_msgs/msg/Header,0.9527387619018555,0.5218955874443054,2.113769292831421,3.087867498397827,0.028999999165534973,-18.402080178621237,-0.19522601249363594,0.0,geometry_msgs/msg/Point,fpn_msgs/msg/MHEOutput
1654798636048064947,1654798636.048064947,1654798636051696288,/terrasentia/mhe_output,fpn_msgs/msg/MHEOutput,401,1654798636,48064947,builtin_interfaces/msg/Time,,std_msgs/msg/Header,0.8824378848075867,0.5218849182128906,2.1129672527313232,3.1172332763671875,0.029999999329447746,-18.498976017435055,-0.21320809781655922,0.0,geometry_msgs/msg/Point,fpn_msgs/msg/MHEOutput
1654798636254933357,1654798636.254933357,1654798636256365344,/terrasentia/mhe_output,fpn_msgs/msg/MHEOutput,402,1654798636,254933357,builtin_interfaces/msg/Time,,std_msgs/msg/Header,0.8087125420570374,0.5218742489814758,2.119767904281616,3.1470096111297607,0.029999999329447746,-18.58431953465736,-0.23557888681046937,0.0,geometry_msgs/msg/Point,fpn_msgs/msg/MHEOutput
1654798636446153402,1654798636.446153402,1654798636447211616,/terrasentia/mhe_output,fpn_msgs/msg/MHEOutput,403,1654798636,446153402,builtin_interfaces/msg/Time,,std_msgs/msg/Header,0.8617870807647705,0.5218635201454163,2.1298530101776123,3.1702284812927246,0.029999999329447746,-18.74152670170537,-0.2554566930191794,0.0,geometry_msgs/msg/Point,fpn_msgs/msg/MHEOutput
1654798636656340122,1654798636.656340122,1654798636659571360,/terrasentia/mhe_output,fpn_msgs/msg/MHEOutput,404,1654798636,656340122,builtin_interfaces/msg/Time,,std_msgs/msg/Header,0.999893069267273,0.5218548774719238,2.137765407562256,3.024914503097534,0.028999999165534973,-18.970824977766757,-0.2676330299023831,0.0,geometry_msgs/msg/Point,fpn_msgs/msg/MHEOutput
1654798636858109474,1654798636.858109474,1654798636859846304,/terrasentia/mhe_output,fpn_msgs/msg/MHEOutput,405,1654798636,858109474,builtin_interfaces/msg/Time,,std_msgs/msg/Header,0.9998844265937805,0.4130260646343231,2.1397478580474854,3.06679630279541,0.02800000086426735,-19.109881420217835,-0.263320055054223,0.0,geometry_msgs/msg/Point,fpn_msgs/msg/MHEOutput
1654798637049579381,1654798637.049579382,1654798637050912096,/terrasentia/mhe_output,fpn_msgs/msg/MHEOutput,406,1654798637,49579381,builtin_interfaces/msg/Time,,std_msgs/msg/Header,0.9999913573265076,0.32890042662620544,2.146411895751953,3.108358860015869,0.02800000086426735,-19.257111450835033,-0.27935296174956714,0.0,geometry_msgs/msg/Point,fpn_msgs/msg/MHEOutput
1654798637265251398,1654798637.265251398,1654798637266935488,/terrasentia/mhe_output,fpn_msgs/msg/MHEOutput,407,1654798637,265251398,builtin_interfaces/msg/Time,,std_msgs/msg/Header,0.9954332709312439,0.2800607681274414,2.156876802444458,3.137403726577759,0.02800000086426735,-19.38910419897662,-0.29739871508518534,0.0,geometry_msgs/msg/Point,fpn_msgs/msg/MHEOutput
1654798637455069541,1654798637.455069542,1654798637456124096,/terrasentia/mhe_output,fpn_msgs/msg/MHEOutput,408,1654798637,455069541,builtin_interfaces/msg/Time,,std_msgs/msg/Header,0.9749423265457153,0.23702242970466614,2.167283296585083,3.1531119346618652,0.02800000086426735,-19.510710878198932,-0.30940615548362027,0.0,geometry_msgs/msg/Point,fpn_msgs/msg/MHEOutput
1654798637657774925,1654798637.657774925,1654798637660307200,/terrasentia/mhe_output,fpn_msgs/msg/MHEOutput,409,1654798637,657774925,builtin_interfaces/msg/Time,,std_msgs/msg/Header,0.9999391436576843,0.19817443192005157,2.1762681007385254,3.163522243499756,0.02800000086426735,-19.6830775526435,-0.31964402290377375,0.0,geometry_msgs/msg/Point,fpn_msgs/msg/MHEOutput
1654798637847536325,1654798637.847536325,1654798637849964352,/terrasentia/mhe_output,fpn_msgs/msg/MHEOutput,410,1654798637,847536325,builtin_interfaces/msg/Time,,std_msgs/msg/Header,0.9419447779655457,0.195699542760849,2.1848671436309814,3.1688482761383057,0.02800000086426735,-19.78886785778398,-0.3256105690753866,0.0,geometry_msgs/msg/Point,fpn_msgs/msg/MHEOutput
1654798638052950859,1654798638.052950859,1654798638056505088,/terrasentia/mhe_output,fpn_msgs/msg/MHEOutput,411,1654798638,52950859,builtin_interfaces/msg/Time,,std_msgs/msg/Header,0.9748396277427673,0.234755739569664,2.187551736831665,3.1657910346984863,0.02800000086426735,-19.968439506329908,-0.3280415829415113,0.0,geometry_msgs/msg/Point,fpn_msgs/msg/MHEOutput
1654798638251417875,1654798638.251417875,1654798638252788256,/terrasentia/mhe_output,fpn_msgs/msg/MHEOutput,412,1654798638,251417875,builtin_interfaces/msg/Time,,std_msgs/msg/Header,0.9995026588439941,0.23492027819156647,2.1874165534973145,3.163210868835449,0.02800000086426735,-20.107372086976845,-0.3285373805382182,0.0,geometry_msgs/msg/Point,fpn_msgs/msg/MHEOutput
1654798638454143285,1654798638.454143286,1654798638455635552,/terrasentia/mhe_output,fpn_msgs/msg/MHEOutput,413,1654798638,454143285,builtin_interfaces/msg/Time,,std_msgs/msg/Header,0.9804355502128601,0.2350846230983734,2.176884889602661,3.0723345279693604,0.02800000086426735,-20.23645376471845,-0.31075040740231896,0.0,geometry_msgs/msg/Point,fpn_msgs/msg/MHEOutput
1654798638659850835,1654798638.659850836,1654798638660491200,/terrasentia/mhe_output,fpn_msgs/msg/MHEOutput,414,1654798638,659850835,builtin_interfaces/msg/Time,,std_msgs/msg/Header,0.9845990538597107,0.002325356937944889,2.1628878116607666,3.1393320560455322,0.02800000086426735,-20.36542837469249,-0.30899505332442534,0.0,geometry_msgs/msg/Point,fpn_msgs/msg/MHEOutput
1654798638854658126,1654798638.854658127,1654798638857525024,/terrasentia/mhe_output,fpn_msgs/msg/MHEOutput,415,1654798638,854658126,builtin_interfaces/msg/Time,,std_msgs/msg/Header,0.9821045398712158,0.0007416267180815339,2.159677743911743,3.143260955810547,0.02800000086426735,-20.522908767181896,-0.31420208279493583,0.0,geometry_msgs/msg/Point,fpn_msgs/msg/MHEOutput
1654798639048472642,1654798639.048472643,1654798639051930528,/terrasentia/mhe_output,fpn_msgs/msg/MHEOutput,416,1654798639,48472642,builtin_interfaces/msg/Time,,std_msgs/msg/Header,0.8954232335090637,0.004038677085191011,2.16229510307312,3.149354934692383,0.02800000086426735,-20.60470450505573,-0.32143081826120745,0.0,geometry_msgs/msg/Point,fpn_msgs/msg/MHEOutput
1654798639249621868,1654798639.249621868,1654798639251482240,/terrasentia/mhe_output,fpn_msgs/msg/MHEOutput,417,1654798639,249621868,builtin_interfaces/msg/Time,,std_msgs/msg/Header,0.9280139803886414,0.015191406011581421,2.1670427322387695,3.144909143447876,0.02800000086426735,-20.75069201749564,-0.3187691324836926,0.0,geometry_msgs/msg/Point,fpn_msgs/msg/MHEOutput
1654798639445739746,1654798639.445739746,1654798639446973920,/terrasentia/mhe_output,fpn_msgs/msg/MHEOutput,418,1654798639,445739746,builtin_interfaces/msg/Time,,std_msgs/msg/Header,0.8950837850570679,0.018944330513477325,2.1645803451538086,3.1434483528137207,0.02800000086426735,-20.872363434988632,-0.3150484101822624,0.0,geometry_msgs/msg/Point,fpn_msgs/msg/MHEOutput
1654798639656418323,1654798639.656418324,1654798639659003712,/terrasentia/mhe_output,fpn_msgs/msg/MHEOutput,419,1654798639,656418323,builtin_interfaces/msg/Time,,std_msgs/msg/Header,0.9673646688461304,0.04562781751155853,2.164625883102417,3.140566825866699,0.02800000086426735,-21.044127896065344,-0.3130788407600527,0.0,geometry_msgs/msg/Point,fpn_msgs/msg/MHEOutput
1654798639852098703,1654798639.852098703,1654798639856053760,/terrasentia/mhe_output,fpn_msgs/msg/MHEOutput,420,1654798639,852098703,builtin_interfaces/msg/Time,,std_msgs/msg/Header,0.966187059879303,0.11077088862657547,2.161527156829834,3.1251397132873535,0.02800000086426735,-21.18454116198968,-0.29580980064875106,0.0,geometry_msgs/msg/Point,fpn_msgs/msg/MHEOutput
1654798640046155214,1654798640.046155214,1654798640048139808,/terrasentia/mhe_output,fpn_msgs/msg/MHEOutput,421,1654798640,46155214,builtin_interfaces/msg/Time,,std_msgs/msg/Header,0.9999854564666748,0.11451845616102219,2.1560213565826416,3.1116299629211426,0.02800000086426735,-21.365713476530853,-0.2806359764537338,0.0,geometry_msgs/msg/Point,fpn_msgs/msg/MHEOutput
1654798640260733604,1654798640.260733604,1654798640262281952,/terrasentia/mhe_output,fpn_msgs/msg/MHEOutput,422,1654798640,260733604,builtin_interfaces/msg/Time,,std_msgs/msg/Header,0.9998983144760132,0.1152762919664383,2.2010903358459473,3.038639783859253,0.02800000086426735,-21.508714958922,-0.21703314166816765,0.0,geometry_msgs/msg/Point,fpn_msgs/msg/MHEOutput
1654798640451574087,1654798640.451574087,1654798640453936928,/terrasentia/mhe_output,fpn_msgs/msg/MHEOutput,423,1654798640,451574087,builtin_interfaces/msg/Time,,std_msgs/msg/Header,0.9999920725822449,0.11622900515794754,2.2305984497070312,3.0474467277526855,0.02800000086426735,-21.640893671784184,-0.215375468416349,0.0,geometry_msgs/msg/Point,fpn_msgs/msg/MHEOutput
1654798640648742675,1654798640.648742676,1654798640650956352,/terrasentia/mhe_output,fpn_msgs/msg/MHEOutput,424,1654798640,648742675,builtin_interfaces/msg/Time,,std_msgs/msg/Header,0.9999942183494568,0.11677951365709305,2.257979154586792,3.068418264389038,0.027000000700354576,-21.805066603476952,-0.22597814013639725,0.0,geometry_msgs/msg/Point,fpn_msgs/msg/MHEOutput
1654798640854961872,1654798640.854961872,1654798640863195584,/terrasentia/mhe_output,fpn_msgs/msg/MHEOutput,425,1654798640,854961872,builtin_interfaces/msg/Time,,std_msgs/msg/Header,0.9998794198036194,0.11750287562608719,2.280003786087036,3.0849978923797607,0.027000000700354576,-21.947967889098035,-0.23520773136149012,0.0,geometry_msgs/msg/Point,fpn_msgs/msg/MHEOutput
1654798641063045263,1654798641.063045263,1654798641065852320,/terrasentia/mhe_output,fpn_msgs/msg/MHEOutput,426,1654798641,63045263,builtin_interfaces/msg/Time,,std_msgs/msg/Header,0.9814096093177795,0.11821427941322327,2.2962868213653564,3.0778536796569824,0.02800000086426735,-22.07911423287245,-0.2230176573886036,0.0,geometry_msgs/msg/Point,fpn_msgs/msg/MHEOutput
1654798641250573158,1654798641.250573158,1654798641252785728,/terrasentia/mhe_output,fpn_msgs/msg/MHEOutput,427,1654798641,250573158,builtin_interfaces/msg/Time,,std_msgs/msg/Header,0.9222095012664795,0.11902233213186264,2.3154313564300537,3.0979361534118652,0.02800000086426735,-22.18147703040948,-0.23669693776127568,0.0,geometry_msgs/msg/Point,fpn_msgs/msg/MHEOutput
1654798641450665235,1654798641.450665236,1654798641452286560,/terrasentia/mhe_output,fpn_msgs/msg/MHEOutput,428,1654798641,450665235,builtin_interfaces/msg/Time,,std_msgs/msg/Header,0.865688145160675,0.12299425154924393,2.3281166553497314,3.092824935913086,0.02800000086426735,-22.284651332624335,-0.22977658340223533,0.0,geometry_msgs/msg/Point,fpn_msgs/msg/MHEOutput
1654798641650362253,1654798641.650362253,1654798641652964352,/terrasentia/mhe_output,fpn_msgs/msg/MHEOutput,429,1654798641,650362253,builtin_interfaces/msg/Time,,std_msgs/msg/Header,0.9982205033302307,0.12331216037273407,2.340404748916626,3.1048943996429443,0.02800000086426735,-22.510248443255158,-0.2333391023160417,0.0,geometry_msgs/msg/Point,fpn_msgs/msg/MHEOutput
1654798641851257801,1654798641.851257801,1654798641852324800,/terrasentia/mhe_output,fpn_msgs/msg/MHEOutput,430,1654798641,851257801,builtin_interfaces/msg/Time,,std_msgs/msg/Header,0.9999825358390808,0.12394837290048599,2.3005082607269287,3.1559059619903564,0.029999999329447746,-22.665334383323703,-0.2716396860493174,0.0,geometry_msgs/msg/Point,fpn_msgs/msg/MHEOutput
1654798642055096387,1654798642.055096388,1654798642056538080,/terrasentia/mhe_output,fpn_msgs/msg/MHEOutput,431,1654798642,55096387,builtin_interfaces/msg/Time,,std_msgs/msg/Header,0.9758196473121643,0.12457515299320221,2.273322820663452,3.140165328979492,0.029999999329447746,-22.786308028043763,-0.2559599653028205,0.0,geometry_msgs/msg/Point,fpn_msgs/msg/MHEOutput
1654798642254543066,1654798642.254543066,1654798642255600288,/terrasentia/mhe_output,fpn_msgs/msg/MHEOutput,432,1654798642,254543066,builtin_interfaces/msg/Time,,std_msgs/msg/Header,0.9998390674591064,0.1251944750547409,2.262791395187378,3.1264231204986572,0.029999999329447746,-22.92803091026764,-0.23979436847725372,0.0,geometry_msgs/msg/Point,fpn_msgs/msg/MHEOutput
1654798642465318441,1654798642.465318441,1654798642467275744,/terrasentia/mhe_output,fpn_msgs/msg/MHEOutput,433,1654798642,465318441,builtin_interfaces/msg/Time,,std_msgs/msg/Header,0.986459493637085,0.12580718100070953,2.2574615478515625,3.1205124855041504,0.029999999329447746,-23.06420764946726,-0.22811158306111415,0.0,geometry_msgs/msg/Point,fpn_msgs/msg/MHEOutput
1654798642654329538,1654798642.654329538,1654798642656835392,/terrasentia/mhe_output,fpn_msgs/msg/MHEOutput,434,1654798642,654329538,builtin_interfaces/msg/Time,,std_msgs/msg/Header,0.9709600210189819,0.1264120638370514,2.2507002353668213,3.1182022094726562,0.029999999329447746,-23.197580637511425,-0.214812606657535,0.0,geometry_msgs/msg/Point,fpn_msgs/msg/MHEOutput
1654798642856985569,1654798642.856985569,1654798642860648576,/terrasentia/mhe_output,fpn_msgs/msg/MHEOutput,435,1654798642,856985569,builtin_interfaces/msg/Time,,std_msgs/msg/Header,0.9997703433036804,0.20846426486968994,2.2439193725585938,3.185652494430542,0.02800000086426735,-23.379285625963256,-0.2059743804866583,0.0,geometry_msgs/msg/Point,fpn_msgs/msg/MHEOutput
1654798643058878898,1654798643.058878899,1654798643061698752,/terrasentia/mhe_output,fpn_msgs/msg/MHEOutput,436,1654798643,58878898,builtin_interfaces/msg/Time,,std_msgs/msg/Header,0.9357896447181702,0.3106503188610077,2.2346606254577637,3.2153995037078857,0.02800000086426735,-23.48165395526622,-0.21343829421661062,0.0,geometry_msgs/msg/Point,fpn_msgs/msg/MHEOutput
1654798643252520799,1654798643.252520800,1654798643254520320,/terrasentia/mhe_output,fpn_msgs/msg/MHEOutput,437,1654798643,252520799,builtin_interfaces/msg/Time,,std_msgs/msg/Header,0.9535039663314819,0.3316933512687683,2.2242140769958496,3.202186107635498,0.02800000086426735,-23.618683095513553,-0.2019964687871972,0.0,geometry_msgs/msg/Point,fpn_msgs/msg/MHEOutput
1654798643456004619,1654798643.456004620,1654798643460512960,/terrasentia/mhe_output,fpn_msgs/msg/MHEOutput,438,1654798643,456004619,builtin_interfaces/msg/Time,,std_msgs/msg/Header,0.9993855357170105,0.35506170988082886,2.2155210971832275,3.200582265853882,0.027000000700354576,-23.779085142563854,-0.20676424360256063,0.0,geometry_msgs/msg/Point,fpn_msgs/msg/MHEOutput
1654798643649767160,1654798643.649767160,1654798643651035104,/terrasentia/mhe_output,fpn_msgs/msg/MHEOutput,439,1654798643,649767160,builtin_interfaces/msg/Time,,std_msgs/msg/Header,0.9762460589408875,0.3644314110279083,2.204177141189575,3.186253070831299,0.027000000700354576,-23.912266569085833,-0.19910777546965638,0.0,geometry_msgs/msg/Point,fpn_msgs/msg/MHEOutput
1654798643861819982,1654798643.861819983,1654798643862794528,/terrasentia/mhe_output,fpn_msgs/msg/MHEOutput,440,1654798643,861819982,builtin_interfaces/msg/Time,,std_msgs/msg/Header,0.9652429223060608,0.3298293650150299,2.1892173290252686,3.1784815788269043,0.027000000700354576,-24.052484787153357,-0.19972749018588204,0.0,geometry_msgs/msg/Point,fpn_msgs/msg/MHEOutput
1654798644062593460,1654798644.062593460,1654798644070154816,/terrasentia/mhe_output,fpn_msgs/msg/MHEOutput,441,1654798644,62593460,builtin_interfaces/msg/Time,,std_msgs/msg/Header,0.9439203143119812,0.3370889127254486,2.1805741786956787,3.180844306945801,0.027000000700354576,-24.180019516909393,-0.20724980896163325,0.0,geometry_msgs/msg/Point,fpn_msgs/msg/MHEOutput
1654798644250221490,1654798644.250221491,1654798644252048544,/terrasentia/mhe_output,fpn_msgs/msg/MHEOutput,442,1654798644,250221490,builtin_interfaces/msg/Time,,std_msgs/msg/Header,0.9388763904571533,0.2910423278808594,2.1714553833007812,3.169307231903076,0.026000000536441803,-24.32197069710623,-0.1977229479452903,0.0,geometry_msgs/msg/Point,fpn_msgs/msg/MHEOutput
1654798644459734201,1654798644.459734201,1654798644466780192,/terrasentia/mhe_output,fpn_msgs/msg/MHEOutput,443,1654798644,459734201,builtin_interfaces/msg/Time,,std_msgs/msg/Header,0.9998787641525269,0.2911343574523926,2.162825345993042,3.16508412361145,0.026000000536441803,-24.489739045065804,-0.19818739279779068,0.0,geometry_msgs/msg/Point,fpn_msgs/msg/MHEOutput
1654798644667096614,1654798644.667096615,1654798644671237536,/terrasentia/mhe_output,fpn_msgs/msg/MHEOutput,444,1654798644,667096614,builtin_interfaces/msg/Time,,std_msgs/msg/Header,0.9920556545257568,0.2912262976169586,2.1612281799316406,3.175750255584717,0.027000000700354576,-24.625326195916614,-0.20935678674768496,0.0,geometry_msgs/msg/Point,fpn_msgs/msg/MHEOutput
1654798644860301017,1654798644.860301018,1654798644860960704,/terrasentia/mhe_output,fpn_msgs/msg/MHEOutput,445,1654798644,860301017,builtin_interfaces/msg/Time,,std_msgs/msg/Header,0.9892736673355103,0.2913181781768799,2.1489975452423096,3.1592557430267334,0.027000000700354576,-24.774205829015212,-0.19773748541076772,0.0,geometry_msgs/msg/Point,fpn_msgs/msg/MHEOutput
1654798645054390668,1654798645.054390669,1654798645060708960,/terrasentia/mhe_output,fpn_msgs/msg/MHEOutput,446,1654798645,54390668,builtin_interfaces/msg/Time,,std_msgs/msg/Header,0.9797143340110779,0.2914239466190338,2.1452956199645996,3.1709368228912354,0.027000000700354576,-24.911243113345133,-0.21199190508265986,0.0,geometry_msgs/msg/Point,fpn_msgs/msg/MHEOutput
1654798645248494148,1654798645.248494148,1654798645250096192,/terrasentia/mhe_output,fpn_msgs/msg/MHEOutput,447,1654798645,248494148,builtin_interfaces/msg/Time,,std_msgs/msg/Header,0.9845827221870422,0.2915296256542206,2.137012243270874,3.161648988723755,0.027000000700354576,-25.058273181971398,-0.20664301651998196,0.0,geometry_msgs/msg/Point,fpn_msgs/msg/MHEOutput
1654798645452810525,1654798645.452810526,1654798645455352864,/terrasentia/mhe_output,fpn_msgs/msg/MHEOutput,448,1654798645,452810525,builtin_interfaces/msg/Time,,std_msgs/msg/Header,0.9825562238693237,0.2916352152824402,2.134307622909546,3.1686954498291016,0.027000000700354576,-25.195115448412498,-0.21712122925701527,0.0,geometry_msgs/msg/Point,fpn_msgs/msg/MHEOutput
1654798645652215719,1654798645.652215719,1654798645652792896,/terrasentia/mhe_output,fpn_msgs/msg/MHEOutput,449,1654798645,652215719,builtin_interfaces/msg/Time,,std_msgs/msg/Header,0.9731639623641968,0.2917407155036926,2.1343181133270264,3.1777939796447754,0.027000000700354576,-25.332224699595344,-0.2245340863722598,0.0,geometry_msgs/msg/Point,fpn_msgs/msg/MHEOutput
1654798645858177900,1654798645.858177900,1654798645859337888,/terrasentia/mhe_output,fpn_msgs/msg/MHEOutput,450,1654798645,858177900,builtin_interfaces/msg/Time,,std_msgs/msg/Header,0.9733515977859497,0.2918461263179779,2.13698673248291,3.191563844680786,0.027000000700354576,-25.4702350073088,-0.24736612277893566,0.0,geometry_msgs/msg/Point,fpn_msgs/msg/MHEOutput
1654798646049281120,1654798646.049281120,1654798646051277888,/terrasentia/mhe_output,fpn_msgs/msg/MHEOutput,451,1654798646,49281120,builtin_interfaces/msg/Time,,std_msgs/msg/Header,0.9680293202400208,0.29195329546928406,2.1399707794189453,3.1970250606536865,0.02800000086426735,-25.60651934751855,-0.2586705220515796,0.0,geometry_msgs/msg/Point,fpn_msgs/msg/MHEOutput
1654798646255846500,1654798646.255846500,1654798646259799712,/terrasentia/mhe_output,fpn_msgs/msg/MHEOutput,452,1654798646,255846500,builtin_interfaces/msg/Time,,std_msgs/msg/Header,0.9618126749992371,0.2920602262020111,2.1442549228668213,3.2147395610809326,0.02800000086426735,-25.7485662408503,-0.279904048502872,0.0,geometry_msgs/msg/Point,fpn_msgs/msg/MHEOutput
1654798646461390733,1654798646.461390734,1654798646464226368,/terrasentia/mhe_output,fpn_msgs/msg/MHEOutput,453,1654798646,461390733,builtin_interfaces/msg/Time,,std_msgs/msg/Header,0.9779056906700134,0.2921516001224518,2.140556812286377,3.2089805603027344,0.02800000086426735,-25.897887138705908,-0.2873926563941882,0.0,geometry_msgs/msg/Point,fpn_msgs/msg/MHEOutput
1654798646651520490,1654798646.651520491,1654798646655612096,/terrasentia/mhe_output,fpn_msgs/msg/MHEOutput,454,1654798646,651520490,builtin_interfaces/msg/Time,,std_msgs/msg/Header,0.9999640583992004,0.29232674837112427,2.136751413345337,3.127610445022583,0.02800000086426735,-26.07094624411346,-0.28922767365320085,0.0,geometry_msgs/msg/Point,fpn_msgs/msg/MHEOutput
1654798646854411602,1654798646.854411602,1654798646856642848,/terrasentia/mhe_output,fpn_msgs/msg/MHEOutput,455,1654798646,854411602,builtin_interfaces/msg/Time,,std_msgs/msg/Header,0.9999956488609314,0.1093485876917839,2.123685836791992,3.1637537479400635,0.02800000086426735,-26.22864622594339,-0.28339033656344975,0.0,geometry_msgs/msg/Point,fpn_msgs/msg/MHEOutput
1654798647050519466,1654798647.050519466,1654798647055178176,/terrasentia/mhe_output,fpn_msgs/msg/MHEOutput,456,1654798647,50519466,builtin_interfaces/msg/Time,,std_msgs/msg/Header,0.9999961853027344,0.038530346006155014,2.108642816543579,3.1693079471588135,0.027000000700354576,-26.387570591118838,-0.2764879392545661,0.0,geometry_msgs/msg/Point,fpn_msgs/msg/MHEOutput
1654798647255970954,1654798647.255970955,1654798647258047264,/terrasentia/mhe_output,fpn_msgs/msg/MHEOutput,457,1654798647,255970954,builtin_interfaces/msg/Time,,std_msgs/msg/Header,0.9999909996986389,0.0033587028738111258,2.08792781829834,3.155449867248535,0.027000000700354576,-26.527111390461968,-0.2644755596677854,0.0,geometry_msgs/msg/Point,fpn_msgs/msg/MHEOutput
1654798647461816310,1654798647.461816311,1654798647463554720,/terrasentia/mhe_output,fpn_msgs/msg/MHEOutput,458,1654798647,461816310,builtin_interfaces/msg/Time,,std_msgs/msg/Header,0.9984045624732971,0.00027108078938908875,2.0803987979888916,3.1683006286621094,0.02800000086426735,-26.671617333861917,-0.27974510615488957,0.0,geometry_msgs/msg/Point,fpn_msgs/msg/MHEOutput
1654798647659754514,1654798647.659754515,1654798647662969376,/terrasentia/mhe_output,fpn_msgs/msg/MHEOutput,459,1654798647,659754514,builtin_interfaces/msg/Time,,std_msgs/msg/Header,0.9417213797569275,0.0008746155654080212,2.0771901607513428,3.176687240600586,0.02800000086426735,-26.779581945854563,-0.2924738298985971,0.0,geometry_msgs/msg/Point,fpn_msgs/msg/MHEOutput
1654798647857498645,1654798647.857498646,1654798647860438144,/terrasentia/mhe_output,fpn_msgs/msg/MHEOutput,460,1654798647,857498645,builtin_interfaces/msg/Time,,std_msgs/msg/Header,0.9700060486793518,0.0003150259726680815,2.087681770324707,3.205209255218506,0.02800000086426735,-26.955265283005733,-0.32829820828790685,0.0,geometry_msgs/msg/Point,fpn_msgs/msg/MHEOutput
1654798648059059619,1654798648.059059620,1654798648060329792,/terrasentia/mhe_output,fpn_msgs/msg/MHEOutput,461,1654798648,59059619,builtin_interfaces/msg/Time,,std_msgs/msg/Header,0.9812286496162415,0.00019262927526142448,2.1096081733703613,3.2442221641540527,0.02800000086426735,-27.12125290423513,-0.3774718040115285,0.0,geometry_msgs/msg/Point,fpn_msgs/msg/MHEOutput
1654798648260659217,1654798648.260659218,1654798648262149088,/terrasentia/mhe_output,fpn_msgs/msg/MHEOutput,462,1654798648,260659217,builtin_interfaces/msg/Time,,std_msgs/msg/Header,0.9774632453918457,0.019306322559714317,2.1401360034942627,3.262749433517456,0.027000000700354576,-27.24447025279043,-0.4133633076518513,0.0,geometry_msgs/msg/Point,fpn_msgs/msg/MHEOutput
1654798648456177234,1654798648.456177235,1654798648459826336,/terrasentia/mhe_output,fpn_msgs/msg/MHEOutput,463,1654798648,456177234,builtin_interfaces/msg/Time,,std_msgs/msg/Header,0.9934452176094055,0.15859787166118622,2.1688427925109863,3.248004198074341,0.027000000700354576,-27.380645402967456,-0.448858006524489,0.0,geometry_msgs/msg/Point,fpn_msgs/msg/MHEOutput
1654798648655448913,1654798648.655448914,1654798648657395552,/terrasentia/mhe_output,fpn_msgs/msg/MHEOutput,464,1654798648,655448913,builtin_interfaces/msg/Time,,std_msgs/msg/Header,0.9997298717498779,0.1872876137495041,2.189800500869751,3.259019613265991,0.027000000700354576,-27.514967800469705,-0.4837596818107534,0.0,geometry_msgs/msg/Point,fpn_msgs/msg/MHEOutput
1654798648858592271,1654798648.858592272,1654798648860973920,/terrasentia/mhe_output,fpn_msgs/msg/MHEOutput,465,1654798648,858592271,builtin_interfaces/msg/Time,,std_msgs/msg/Header,0.9999686479568481,0.16555377840995789,2.2102155685424805,3.279320001602173,0.027000000700354576,-27.680162119208656,-0.5261124135482381,0.0,geometry_msgs/msg/Point,fpn_msgs/msg/MHEOutput
1654798649057368993,1654798649.057368994,1654798649059596576,/terrasentia/mhe_output,fpn_msgs/msg/MHEOutput,466,1654798649,57368993,builtin_interfaces/msg/Time,,std_msgs/msg/Header,0.999981164932251,0.1583162099123001,2.2311739921569824,3.3008532524108887,0.027000000700354576,-27.837523568160343,-0.5686334539904723,0.0,geometry_msgs/msg/Point,fpn_msgs/msg/MHEOutput
1654798649262158870,1654798649.262158871,1654798649263515776,/terrasentia/mhe_output,fpn_msgs/msg/MHEOutput,467,1654798649,262158870,builtin_interfaces/msg/Time,,std_msgs/msg/Header,0.9379397034645081,0.15036079287528992,2.249197006225586,3.2601282596588135,0.027000000700354576,-27.938390399483392,-0.5899951726156721,0.0,geometry_msgs/msg/Point,fpn_msgs/msg/MHEOutput
1654798649453773260,1654798649.453773260,1654798649458717408,/terrasentia/mhe_output,fpn_msgs/msg/MHEOutput,468,1654798649,453773260,builtin_interfaces/msg/Time,,std_msgs/msg/Header,0.9282878041267395,0.04897511005401611,2.2572922706604004,3.3020520210266113,0.02800000086426735,-28.057362411229583,-0.6141024610844756,0.0,geometry_msgs/msg/Point,fpn_msgs/msg/MHEOutput
1654798649653451919,1654798649.653451920,1654798649656002816,/terrasentia/mhe_output,fpn_msgs/msg/MHEOutput,469,1654798649,653451919,builtin_interfaces/msg/Time,,std_msgs/msg/Header,0.9999294281005859,0.038048096001148224,2.2568013668060303,3.275132417678833,0.02800000086426735,-28.24973518422476,-0.6134386693126871,0.0,geometry_msgs/msg/Point,fpn_msgs/msg/MHEOutput
1654798649863636016,1654798649.863636017,1654798649865973696,/terrasentia/mhe_output,fpn_msgs/msg/MHEOutput,470,1654798649,863636016,builtin_interfaces/msg/Time,,std_msgs/msg/Header,0.9999837279319763,0.08838764578104019,2.243462324142456,3.236330270767212,0.02800000086426735,-28.41107943886781,-0.6049736153119903,0.0,geometry_msgs/msg/Point,fpn_msgs/msg/MHEOutput
1654798650063551664,1654798650.063551664,1654798650064094944,/terrasentia/mhe_output,fpn_msgs/msg/MHEOutput,471,1654798650,63551664,builtin_interfaces/msg/Time,,std_msgs/msg/Header,0.9999513626098633,0.13555443286895752,2.223726749420166,3.1900057792663574,0.02800000086426735,-28.572258654949334,-0.580012440083535,0.0,geometry_msgs/msg/Point,fpn_msgs/msg/MHEOutput
1654798650248159885,1654798650.248159885,1654798650250077216,/terrasentia/mhe_output,fpn_msgs/msg/MHEOutput,472,1654798650,248159885,builtin_interfaces/msg/Time,,std_msgs/msg/Header,0.9190540313720703,0.1350860744714737,2.206145763397217,3.160872459411621,0.02800000086426735,-28.660371498547473,-0.55918188961881,0.0,geometry_msgs/msg/Point,fpn_msgs/msg/MHEOutput
1654798650456033229,1654798650.456033230,1654798650457893056,/terrasentia/mhe_output,fpn_msgs/msg/MHEOutput,473,1654798650,456033229,builtin_interfaces/msg/Time,,std_msgs/msg/Header,0.927424430847168,0.1716112494468689,2.192199945449829,3.076651096343994,0.02800000086426735,-28.794323448083304,-0.5305058777666027,0.0,geometry_msgs/msg/Point,fpn_msgs/msg/MHEOutput
1654798650658772230,1654798650.658772230,1654798650660246176,/terrasentia/mhe_output,fpn_msgs/msg/MHEOutput,474,1654798650,658772230,builtin_interfaces/msg/Time,,std_msgs/msg/Header,0.9479446411132812,0.25555160641670227,2.1865875720977783,3.034909963607788,0.02800000086426735,-28.937050592930657,-0.5014497715901205,0.0,geometry_msgs/msg/Point,fpn_msgs/msg/MHEOutput
1654798650858039379,1654798650.858039379,1654798650859214752,/terrasentia/mhe_output,fpn_msgs/msg/MHEOutput,475,1654798650,858039379,builtin_interfaces/msg/Time,,std_msgs/msg/Header,0.9427312016487122,0.3992902636528015,2.1802618503570557,2.984846830368042,0.02800000086426735,-29.089873271955025,-0.46297667053669905,0.0,geometry_msgs/msg/Point,fpn_msgs/msg/MHEOutput
1654798651052997827,1654798651.052997828,1654798651055092160,/terrasentia/mhe_output,fpn_msgs/msg/MHEOutput,476,1654798651,52997827,builtin_interfaces/msg/Time,,std_msgs/msg/Header,0.8381715416908264,0.42125260829925537,2.179408311843872,2.962008237838745,0.02800000086426735,-29.15700636689489,-0.43570018851368375,0.0,geometry_msgs/msg/Point,fpn_msgs/msg/MHEOutput
1654798651253600835,1654798651.253600836,1654798651256117344,/terrasentia/mhe_output,fpn_msgs/msg/MHEOutput,477,1654798651,253600835,builtin_interfaces/msg/Time,,std_msgs/msg/Header,0.8346726298332214,0.4210233688354492,2.1739115715026855,2.9440653324127197,0.02800000086426735,-29.27471273661131,-0.3983122799775907,0.0,geometry_msgs/msg/Point,fpn_msgs/msg/MHEOutput
1654798651448613882,1654798651.448613882,1654798651450709152,/terrasentia/mhe_output,fpn_msgs/msg/MHEOutput,478,1654798651,448613882,builtin_interfaces/msg/Time,,std_msgs/msg/Header,0.8732566833496094,0.411800742149353,2.172274351119995,3.0793497562408447,0.02800000086426735,-29.42685066028822,-0.37641593572273224,0.0,geometry_msgs/msg/Point,fpn_msgs/msg/MHEOutput
1654798651660578250,1654798651.660578251,1654798651663047520,/terrasentia/mhe_output,fpn_msgs/msg/MHEOutput,479,1654798651,660578250,builtin_interfaces/msg/Time,,std_msgs/msg/Header,0.9356302618980408,0.4173268675804138,2.171478748321533,3.0768373012542725,0.02800000086426735,-29.595544455773286,-0.35732452737604725,0.0,geometry_msgs/msg/Point,fpn_msgs/msg/MHEOutput
1654798651847527503,1654798651.847527504,1654798651851555744,/terrasentia/mhe_output,fpn_msgs/msg/MHEOutput,480,1654798651,847527503,builtin_interfaces/msg/Time,,std_msgs/msg/Header,0.9219515919685364,0.41402867436408997,2.1683168411254883,3.067826747894287,0.027000000700354576,-29.72986556675849,-0.3404277082480138,0.0,geometry_msgs/msg/Point,fpn_msgs/msg/MHEOutput
1654798652065281391,1654798652.065281391,1654798652072281984,/terrasentia/mhe_output,fpn_msgs/msg/MHEOutput,481,1654798652,65281391,builtin_interfaces/msg/Time,,std_msgs/msg/Header,0.9227550625801086,0.3911742568016052,2.1590898036956787,3.0491654872894287,0.027000000700354576,-29.87033758228496,-0.31611885360999764,0.0,geometry_msgs/msg/Point,fpn_msgs/msg/MHEOutput
1654798652256096839,1654798652.256096840,1654798652258917472,/terrasentia/mhe_output,fpn_msgs/msg/MHEOutput,482,1654798652,256096839,builtin_interfaces/msg/Time,,std_msgs/msg/Header,0.9109337329864502,0.4063606560230255,2.1552298069000244,3.053346872329712,0.027000000700354576,-30.00257118659147,-0.3089133539073784,0.0,geometry_msgs/msg/Point,fpn_msgs/msg/MHEOutput
1654798652457584142,1654798652.457584143,1654798652460994368,/terrasentia/mhe_output,fpn_msgs/msg/MHEOutput,483,1654798652,457584142,builtin_interfaces/msg/Time,,std_msgs/msg/Header,0.9857783913612366,0.41081151366233826,2.1568398475646973,3.0573959350585938,0.02800000086426735,-30.184705286887425,-0.2968291814591421,0.0,geometry_msgs/msg/Point,fpn_msgs/msg/MHEOutput
1654798652661860466,1654798652.661860466,1654798652663457888,/terrasentia/mhe_output,fpn_msgs/msg/MHEOutput,484,1654798652,661860466,builtin_interfaces/msg/Time,,std_msgs/msg/Header,0.9993359446525574,0.3877318799495697,2.1628847122192383,3.06130051612854,0.027000000700354576,-30.347562256879144,-0.2861417763203539,0.0,geometry_msgs/msg/Point,fpn_msgs/msg/MHEOutput
1654798652848737716,1654798652.848737717,1654798652850083488,/terrasentia/mhe_output,fpn_msgs/msg/MHEOutput,485,1654798652,848737716,builtin_interfaces/msg/Time,,std_msgs/msg/Header,0.9999756217002869,0.38146471977233887,2.169914484024048,3.060817003250122,0.027000000700354576,-30.51428175674116,-0.27371914295140426,0.0,geometry_msgs/msg/Point,fpn_msgs/msg/MHEOutput
1654798653055015087,1654798653.055015087,1654798653061506432,/terrasentia/mhe_output,fpn_msgs/msg/MHEOutput,486,1654798653,55015087,builtin_interfaces/msg/Time,,std_msgs/msg/Header,0.9999958872795105,0.38154035806655884,2.1820766925811768,3.067965030670166,0.027000000700354576,-30.677595592147423,-0.2678091894617289,0.0,geometry_msgs/msg/Point,fpn_msgs/msg/MHEOutput
1654798653249071121,1654798653.249071121,1654798653252228928,/terrasentia/mhe_output,fpn_msgs/msg/MHEOutput,487,1654798653,249071121,builtin_interfaces/msg/Time,,std_msgs/msg/Header,0.9999843835830688,0.38161593675613403,2.201305866241455,3.0668609142303467,0.027000000700354576,-30.82235976535401,-0.25759275764240963,0.0,geometry_msgs/msg/Point,fpn_msgs/msg/MHEOutput
1654798653453778028,1654798653.453778028,1654798653457408224,/terrasentia/mhe_output,fpn_msgs/msg/MHEOutput,488,1654798653,453778028,builtin_interfaces/msg/Time,,std_msgs/msg/Header,0.999774158000946,0.3816662132740021,2.204019069671631,3.038651466369629,0.027000000700354576,-30.961294146462922,-0.21490978724696636,0.0,geometry_msgs/msg/Point,fpn_msgs/msg/MHEOutput
1654798653654169082,1654798653.654169083,1654798653657017120,/terrasentia/mhe_output,fpn_msgs/msg/MHEOutput,489,1654798653,654169082,builtin_interfaces/msg/Time,,std_msgs/msg/Header,0.9999727606773376,0.38174164295196533,2.1909217834472656,2.9994020462036133,0.027000000700354576,-30.975628491361338,-0.17931011842437955,0.0,geometry_msgs/msg/Point,fpn_msgs/msg/MHEOutput
1654798653851736307,1654798653.851736307,1654798653853909760,/terrasentia/mhe_output,fpn_msgs/msg/MHEOutput,490,1654798653,851736307,builtin_interfaces/msg/Time,,std_msgs/msg/Header,0.9999914765357971,0.3818170130252838,2.1734609603881836,2.9822583198547363,0.027000000700354576,-30.999359583015835,-0.1527928820912271,0.0,geometry_msgs/msg/Point,fpn_msgs/msg/MHEOutput
1654798654047346353,1654798654.047346354,1654798654050571840,/terrasentia/mhe_output,fpn_msgs/msg/MHEOutput,491,1654798654,47346353,builtin_interfaces/msg/Time,,std_msgs/msg/Header,0.9999890923500061,0.42356356978416443,2.1522581577301025,2.9562747478485107,0.027000000700354576,-31.017959958184463,-0.13419087163568444,0.0,geometry_msgs/msg/Point,fpn_msgs/msg/MHEOutput
1654798654248075962,1654798654.248075962,1654798654248677280,/terrasentia/mhe_output,fpn_msgs/msg/MHEOutput,492,1654798654,248075962,builtin_interfaces/msg/Time,,std_msgs/msg/Header,0.9999819993972778,0.5015015006065369,2.128214120864868,2.932616710662842,0.027000000700354576,-31.0327737414177,-0.12030690599309533,0.0,geometry_msgs/msg/Point,fpn_msgs/msg/MHEOutput
1654798654458295583,1654798654.458295584,1654798654460232640,/terrasentia/mhe_output,fpn_msgs/msg/MHEOutput,493,1654798654,458295583,builtin_interfaces/msg/Time,,std_msgs/msg/Header,0.999991774559021,0.6005848050117493,2.1070268154144287,2.9210853576660156,0.027000000700354576,-31.030436266496487,-0.1124403855752304,0.0,geometry_msgs/msg/Point,fpn_msgs/msg/MHEOutput
1654798654650983572,1654798654.650983572,1654798654654084768,/terrasentia/mhe_output,fpn_msgs/msg/MHEOutput,494,1654798654,650983572,builtin_interfaces/msg/Time,,std_msgs/msg/Header,0.9999927878379822,0.6919746994972229,2.09629225730896,2.930055856704712,0.027000000700354576,-31.029863306374818,-0.10715782545527863,0.0,geometry_msgs/msg/Point,fpn_msgs/msg/MHEOutput
1654798654849586009,1654798654.849586010,1654798654851904032,/terrasentia/mhe_output,fpn_msgs/msg/MHEOutput,495,1654798654,849586009,builtin_interfaces/msg/Time,,std_msgs/msg/Header,0.999982476234436,0.7511221170425415,2.092128038406372,2.975666046142578,0.027000000700354576,-31.050311643086744,-0.10470194214331566,0.0,geometry_msgs/msg/Point,fpn_msgs/msg/MHEOutput
1654798655050312042,1654798655.050312042,1654798655052068640,/terrasentia/mhe_output,fpn_msgs/msg/MHEOutput,496,1654798655,50312042,builtin_interfaces/msg/Time,,std_msgs/msg/Header,0.9867410659790039,0.7871837615966797,2.0911331176757812,2.984494209289551,0.027000000700354576,-31.071380275361857,-0.10110882865876501,0.0,geometry_msgs/msg/Point,fpn_msgs/msg/MHEOutput
1654798655267838954,1654798655.267838955,1654798655270393856,/terrasentia/mhe_output,fpn_msgs/msg/MHEOutput,497,1654798655,267838954,builtin_interfaces/msg/Time,,std_msgs/msg/Header,0.9791280031204224,0.8026925325393677,2.0906033515930176,2.9880688190460205,0.026000000536441803,-31.06834909087514,-0.10004592993723825,0.0,geometry_msgs/msg/Point,fpn_msgs/msg/MHEOutput
1654798655447691917,1654798655.447691917,1654798655450290496,/terrasentia/mhe_output,fpn_msgs/msg/MHEOutput,498,1654798655,447691917,builtin_interfaces/msg/Time,,std_msgs/msg/Header,0.9736303091049194,0.8025186061859131,2.090355396270752,2.9905917644500732,0.028999999165534973,-31.059735958644385,-0.10113254872212486,0.0,geometry_msgs/msg/Point,fpn_msgs/msg/MHEOutput
1654798655649408102,1654798655.649408102,1654798655650738592,/terrasentia/mhe_output,fpn_msgs/msg/MHEOutput,499,1654798655,649408102,builtin_interfaces/msg/Time,,std_msgs/msg/Header,0.9692978262901306,0.8023449182510376,2.0902907848358154,2.991312026977539,0.027000000700354576,-31.056148255073044,-0.10127960749846135,0.0,geometry_msgs/msg/Point,fpn_msgs/msg/MHEOutput
1654798655861841917,1654798655.861841917,1654798655864564320,/terrasentia/mhe_output,fpn_msgs/msg/MHEOutput,500,1654798655,861841917,builtin_interfaces/msg/Time,,std_msgs/msg/Header,0.9657048583030701,0.8021714091300964,2.0903663635253906,2.9903128147125244,0.029999999329447746,-31.050823322618093,-0.10338402286613489,0.0,geometry_msgs/msg/Point,fpn_msgs/msg/MHEOutput
1654798656055994272,1654798656.055994272,1654798656058764064,/terrasentia/mhe_output,fpn_msgs/msg/MHEOutput,501,1654798656,55994272,builtin_interfaces/msg/Time,,std_msgs/msg/Header,0.9626234769821167,0.8019981980323792,2.090373992919922,2.9902355670928955,0.029999999329447746,-31.050755398364704,-0.10339567821407529,0.0,geometry_msgs/msg/Point,fpn_msgs/msg/MHEOutput
1654798656258548974,1654798656.258548975,1654798656260240960,/terrasentia/mhe_output,fpn_msgs/msg/MHEOutput,502,1654798656,258548974,builtin_interfaces/msg/Time,,std_msgs/msg/Header,0.9599173665046692,0.8018251061439514,2.0888466835021973,3.0045673847198486,0.029999999329447746,-31.0511410068648,-0.1083452542762543,0.0,geometry_msgs/msg/Point,fpn_msgs/msg/MHEOutput
1654798656453991174,1654798656.453991175,1654798656456380288,/terrasentia/mhe_output,fpn_msgs/msg/MHEOutput,503,1654798656,453991174,builtin_interfaces/msg/Time,,std_msgs/msg/Header,0.95749831199646,0.8016523122787476,2.0901710987091064,2.9918172359466553,0.029999999329447746,-31.03693165865605,-0.10786749530681193,0.0,geometry_msgs/msg/Point,fpn_msgs/msg/MHEOutput
1654798656658414363,1654798656.658414364,1654798656659075872,/terrasentia/mhe_output,fpn_msgs/msg/MHEOutput,504,1654798656,658414363,builtin_interfaces/msg/Time,,std_msgs/msg/Header,0.941095769405365,0.8012083768844604,2.0901079177856445,2.9907140731811523,0.03099999949336052,-31.017339341750755,-0.11290605304090832,0.0,geometry_msgs/msg/Point,fpn_msgs/msg/MHEOutput
1654798656849575519,1654798656.849575520,1654798656850333600,/terrasentia/mhe_output,fpn_msgs/msg/MHEOutput,505,1654798656,849575519,builtin_interfaces/msg/Time,,std_msgs/msg/Header,0.8938289880752563,0.8007673621177673,2.088196277618408,3.0055201053619385,0.03200000151991844,-30.992372538240733,-0.12072343280770403,0.0,geometry_msgs/msg/Point,fpn_msgs/msg/MHEOutput
1654798657059883594,1654798657.059883595,1654798657061355104,/terrasentia/mhe_output,fpn_msgs/msg/MHEOutput,506,1654798657,59883594,builtin_interfaces/msg/Time,,std_msgs/msg/Header,0.7673685550689697,0.8003292083740234,2.087433099746704,3.0085530281066895,0.032999999821186066,-30.970648901899896,-0.12591391429411755,0.0,geometry_msgs/msg/Point,fpn_msgs/msg/MHEOutput
1654798657249771356,1654798657.249771357,1654798657252518272,/terrasentia/mhe_output,fpn_msgs/msg/MHEOutput,507,1654798657,249771356,builtin_interfaces/msg/Time,,std_msgs/msg/Header,0.6229140758514404,0.7999246120452881,2.086862087249756,3.0121116638183594,0.032999999821186066,-30.984321195206036,-0.12571900780977943,0.0,geometry_msgs/msg/Point,fpn_msgs/msg/MHEOutput
1654798657458796501,1654798657.458796501,1654798657461031552,/terrasentia/mhe_output,fpn_msgs/msg/MHEOutput,508,1654798657,458796501,builtin_interfaces/msg/Time,,std_msgs/msg/Header,0.6695501208305359,0.799491822719574,2.08642840385437,3.015738010406494,0.03400000184774399,-30.977377892671427,-0.12556711727600503,0.0,geometry_msgs/msg/Point,fpn_msgs/msg/MHEOutput
1654798657645706892,1654798657.645706892,1654798657646996480,/terrasentia/mhe_output,fpn_msgs/msg/MHEOutput,509,1654798657,645706892,builtin_interfaces/msg/Time,,std_msgs/msg/Header,0.7459282875061035,0.7990617156028748,2.086440086364746,3.020195722579956,0.028999999165534973,-30.970087668998854,-0.12787404898213195,0.0,geometry_msgs/msg/Point,fpn_msgs/msg/MHEOutput
1654798657853060960,1654798657.853060961,1654798657856782816,/terrasentia/mhe_output,fpn_msgs/msg/MHEOutput,510,1654798657,853060960,builtin_interfaces/msg/Time,,std_msgs/msg/Header,0.8211252093315125,0.7986342906951904,2.0880227088928223,3.0098533630371094,0.028999999165534973,-30.964687068027718,-0.12546241969308713,0.0,geometry_msgs/msg/Point,fpn_msgs/msg/MHEOutput
1654798658054434537,1654798658.054434538,1654798658058056000,/terrasentia/mhe_output,fpn_msgs/msg/MHEOutput,511,1654798658,54434537,builtin_interfaces/msg/Time,,std_msgs/msg/Header,0.9013090133666992,0.798465371131897,2.088895082473755,3.013587713241577,0.028999999165534973,-30.961496038147654,-0.1271118471919077,0.0,geometry_msgs/msg/Point,fpn_msgs/msg/MHEOutput
1654798658260479450,1654798658.260479450,1654798658261964320,/terrasentia/mhe_output,fpn_msgs/msg/MHEOutput,512,1654798658,260479450,builtin_interfaces/msg/Time,,std_msgs/msg/Header,0.9736316800117493,0.7982966303825378,2.0893726348876953,3.016904592514038,0.028999999165534973,-30.95911508077295,-0.1264368635999359,0.0,geometry_msgs/msg/Point,fpn_msgs/msg/MHEOutput
1654798658451975345,1654798658.451975346,1654798658458104800,/terrasentia/mhe_output,fpn_msgs/msg/MHEOutput,513,1654798658,451975345,builtin_interfaces/msg/Time,,std_msgs/msg/Header,0.9979631900787354,0.798128068447113,2.0894505977630615,3.019261121749878,0.028999999165534973,-30.95757784580074,-0.12573552266810994,0.0,geometry_msgs/msg/Point,fpn_msgs/msg/MHEOutput
1654798658653602600,1654798658.653602600,1654798658655497568,/terrasentia/mhe_output,fpn_msgs/msg/MHEOutput,514,1654798658,653602600,builtin_interfaces/msg/Time,,std_msgs/msg/Header,0.9857441186904907,0.7979597449302673,2.0893235206604004,3.020683526992798,0.02800000086426735,-30.95408414304189,-0.12534796263666148,0.0,geometry_msgs/msg/Point,fpn_msgs/msg/MHEOutput
1654798658864314556,1654798658.864314556,1654798658866009216,/terrasentia/mhe_output,fpn_msgs/msg/MHEOutput,515,1654798658,864314556,builtin_interfaces/msg/Time,,std_msgs/msg/Header,0.9784449338912964,0.7977916598320007,2.089285135269165,3.021172523498535,0.02800000086426735,-30.948799570479515,-0.1254342374914757,0.0,geometry_msgs/msg/Point,fpn_msgs/msg/MHEOutput
1654798659062256336,1654798659.062256336,1654798659068248032,/terrasentia/mhe_output,fpn_msgs/msg/MHEOutput,516,1654798659,62256336,builtin_interfaces/msg/Time,,std_msgs/msg/Header,0.9731072187423706,0.7976236939430237,2.089242935180664,3.0215423107147217,0.028999999165534973,-30.950493480540803,-0.12550420333689885,0.0,geometry_msgs/msg/Point,fpn_msgs/msg/MHEOutput
1654798659251628398,1654798659.251628399,1654798659253679648,/terrasentia/mhe_output,fpn_msgs/msg/MHEOutput,517,1654798659,251628398,builtin_interfaces/msg/Time,,std_msgs/msg/Header,0.9688718318939209,0.7974559664726257,2.0891854763031006,3.0220208168029785,0.028999999165534973,-30.95402678377709,-0.1255942479910707,0.0,geometry_msgs/msg/Point,fpn_msgs/msg/MHEOutput
1654798659459863185,1654798659.459863186,1654798659460950528,/terrasentia/mhe_output,fpn_msgs/msg/MHEOutput,518,1654798659,459863185,builtin_interfaces/msg/Time,,std_msgs/msg/Header,0.9653440117835999,0.7972884774208069,2.0891261100769043,3.022515296936035,0.02800000086426735,-30.957583100355123,-0.1256874497106307,0.0,geometry_msgs/msg/Point,fpn_msgs/msg/MHEOutput
1654798659655102729,1654798659.655102730,1654798659657798656,/terrasentia/mhe_output,fpn_msgs/msg/MHEOutput,519,1654798659,655102729,builtin_interfaces/msg/Time,,std_msgs/msg/Header,0.9623094797134399,0.7971211671829224,2.089066743850708,3.0230112075805664,0.027000000700354576,-30.961139693667157,-0.12578101594457594,0.0,geometry_msgs/msg/Point,fpn_msgs/msg/MHEOutput
1654798659861116886,1654798659.861116886,1654798659865166912,/terrasentia/mhe_output,fpn_msgs/msg/MHEOutput,520,1654798659,861116886,builtin_interfaces/msg/Time,,std_msgs/msg/Header,0.9596385955810547,0.7969540357589722,2.0890190601348877,3.023394823074341,0.027000000700354576,-30.96469375762234,-0.12585363972187188,0.0,geometry_msgs/msg/Point,fpn_msgs/msg/MHEOutput
1654798660064464807,1654798660.064464808,1654798660067969568,/terrasentia/mhe_output,fpn_msgs/msg/MHEOutput,521,1654798660,64464807,builtin_interfaces/msg/Time,,std_msgs/msg/Header,0.9572470188140869,0.7967870831489563,2.0904650688171387,3.0093467235565186,0.027000000700354576,-30.967910046351918,-0.12323901802277831,0.0,geometry_msgs/msg/Point,fpn_msgs/msg/MHEOutput
1654798660252100944,1654798660.252100945,1654798660257728928,/terrasentia/mhe_output,fpn_msgs/msg/MHEOutput,522,1654798660,252100944,builtin_interfaces/msg/Time,,std_msgs/msg/Header,0.9550769329071045,0.7966203689575195,2.089094400405884,3.022510528564453,0.027000000700354576,-30.971761014099393,-0.12565751593751254,0.0,geometry_msgs/msg/Point,fpn_msgs/msg/MHEOutput
1654798660452080488,1654798660.452080488,1654798660453213792,/terrasentia/mhe_output,fpn_msgs/msg/MHEOutput,523,1654798660,452080488,builtin_interfaces/msg/Time,,std_msgs/msg/Header,0.9460050463676453,0.7962077260017395,2.08743953704834,3.038417100906372,0.027000000700354576,-30.957354653062225,-0.13054732137701053,0.0,geometry_msgs/msg/Point,fpn_msgs/msg/MHEOutput
1654798660650538444,1654798660.650538445,1654798660652271776,/terrasentia/mhe_output,fpn_msgs/msg/MHEOutput,524,1654798660,650538444,builtin_interfaces/msg/Time,,std_msgs/msg/Header,0.9129230976104736,0.7957975268363953,2.0872507095336914,3.0401997566223145,0.026000000536441803,-30.935270172436663,-0.1333175151305364,0.0,geometry_msgs/msg/Point,fpn_msgs/msg/MHEOutput
1654798660845675230,1654798660.845675230,1654798660848092096,/terrasentia/mhe_output,fpn_msgs/msg/MHEOutput,525,1654798660,845675230,builtin_interfaces/msg/Time,,std_msgs/msg/Header,0.8485015630722046,0.7953897714614868,2.086662769317627,3.040363073348999,0.026000000536441803,-30.906603245341227,-0.1381924006014487,0.0,geometry_msgs/msg/Point,fpn_msgs/msg/MHEOutput
1654798661059135437,1654798661.059135437,1654798661060718560,/terrasentia/mhe_output,fpn_msgs/msg/MHEOutput,526,1654798661,59135437,builtin_interfaces/msg/Time,,std_msgs/msg/Header,0.6520792245864868,0.7950190305709839,2.084195852279663,3.0538809299468994,0.026000000536441803,-30.89549496502629,-0.14280014401923866,0.0,geometry_msgs/msg/Point,fpn_msgs/msg/MHEOutput
1654798661248533725,1654798661.248533726,1654798661249737888,/terrasentia/mhe_output,fpn_msgs/msg/MHEOutput,527,1654798661,248533725,builtin_interfaces/msg/Time,,std_msgs/msg/Header,0.502906322479248,0.794651448726654,2.0828967094421387,3.0545966625213623,0.027000000700354576,-30.914114286841137,-0.14299127511966142,0.0,geometry_msgs/msg/Point,fpn_msgs/msg/MHEOutput
1654798661449481487,1654798661.449481487,1654798661450197824,/terrasentia/mhe_output,fpn_msgs/msg/MHEOutput,528,1654798661,449481487,builtin_interfaces/msg/Time,,std_msgs/msg/Header,0.6522032618522644,0.7942806482315063,2.081585168838501,3.053964376449585,0.027000000700354576,-30.89267317501719,-0.14556049116300057,0.0,geometry_msgs/msg/Point,fpn_msgs/msg/MHEOutput
1654798661645392894,1654798661.645392895,1654798661648912416,/terrasentia/mhe_output,fpn_msgs/msg/MHEOutput,529,1654798661,645392894,builtin_interfaces/msg/Time,,std_msgs/msg/Header,0.7713552117347717,0.7940604090690613,2.07938814163208,3.0691323280334473,0.027000000700354576,-30.88010067614891,-0.1473728525232544,0.0,geometry_msgs/msg/Point,fpn_msgs/msg/MHEOutput
1654798661847763538,1654798661.847763538,1654798661848930624,/terrasentia/mhe_output,fpn_msgs/msg/MHEOutput,530,1654798661,847763538,builtin_interfaces/msg/Time,,std_msgs/msg/Header,0.866077721118927,0.7938439846038818,2.0804407596588135,3.057164430618286,0.027000000700354576,-30.872455704110305,-0.1473583626832997,0.0,geometry_msgs/msg/Point,fpn_msgs/msg/MHEOutput
1654798662059683799,1654798662.059683800,1654798662062930560,/terrasentia/mhe_output,fpn_msgs/msg/MHEOutput,531,1654798662,59683799,builtin_interfaces/msg/Time,,std_msgs/msg/Header,0.9727407693862915,0.7936809062957764,2.082472085952759,3.109581708908081,0.027000000700354576,-30.867550745889286,-0.14653445017222705,0.0,geometry_msgs/msg/Point,fpn_msgs/msg/MHEOutput
1654798662257185935,1654798662.257185936,1654798662261026592,/terrasentia/mhe_output,fpn_msgs/msg/MHEOutput,532,1654798662,257185935,builtin_interfaces/msg/Time,,std_msgs/msg/Header,0.9994273781776428,0.7710364460945129,2.082832098007202,3.720614194869995,0.027000000700354576,-30.865405778762362,-0.14952395694108278,0.0,geometry_msgs/msg/Point,fpn_msgs/msg/MHEOutput
1654798662450268745,1654798662.450268745,1654798662452723904,/terrasentia/mhe_output,fpn_msgs/msg/MHEOutput,533,1654798662,450268745,builtin_interfaces/msg/Time,,std_msgs/msg/Header,0.9983189702033997,0.3296385109424591,2.080669403076172,3.3422060012817383,0.027000000700354576,-30.861711976867284,-0.15346729899692196,0.0,geometry_msgs/msg/Point,fpn_msgs/msg/MHEOutput
1654798662648658752,1654798662.648658752,1654798662650719872,/terrasentia/mhe_output,fpn_msgs/msg/MHEOutput,534,1654798662,648658752,builtin_interfaces/msg/Time,,std_msgs/msg/Header,0.9859237670898438,0.298857718706131,2.078047037124634,3.3078532218933105,0.026000000536441803,-30.84798788902082,-0.15247507660018442,0.0,geometry_msgs/msg/Point,fpn_msgs/msg/MHEOutput
1654798662850660800,1654798662.850660801,1654798662852722720,/terrasentia/mhe_output,fpn_msgs/msg/MHEOutput,535,1654798662,850660800,builtin_interfaces/msg/Time,,std_msgs/msg/Header,0.9785688519477844,0.3043288588523865,2.073671817779541,3.31406307220459,0.026000000536441803,-30.830034446088966,-0.1523137862854841,0.0,geometry_msgs/msg/Point,fpn_msgs/msg/MHEOutput
1654798663071006059,1654798663.071006060,1654798663072219104,/terrasentia/mhe_output,fpn_msgs/msg/MHEOutput,536,1654798663,71006059,builtin_interfaces/msg/Time,,std_msgs/msg/Header,0.9732024669647217,0.30205631256103516,2.0680301189422607,3.314976692199707,0.026000000536441803,-30.822572313466896,-0.1520159364017193,0.0,geometry_msgs/msg/Point,fpn_msgs/msg/MHEOutput
1654798663249617815,1654798663.249617815,1654798663252378784,/terrasentia/mhe_output,fpn_msgs/msg/MHEOutput,537,1654798663,249617815,builtin_interfaces/msg/Time,,std_msgs/msg/Header,0.9634426832199097,0.35821735858917236,2.0640265941619873,3.340200901031494,0.026000000536441803,-30.812775202087593,-0.15495139907469097,0.0,geometry_msgs/msg/Point,fpn_msgs/msg/MHEOutput
1654798663452586174,1654798663.452586174,1654798663455816224,/terrasentia/mhe_output,fpn_msgs/msg/MHEOutput,538,1654798663,452586174,builtin_interfaces/msg/Time,,std_msgs/msg/Header,0.9606418609619141,0.35766667127609253,2.058955192565918,3.338149070739746,0.026000000536441803,-30.84340642511161,-0.16528105925963738,0.0,geometry_msgs/msg/Point,fpn_msgs/msg/MHEOutput
1654798663653880596,1654798663.653880596,1654798663656257056,/terrasentia/mhe_output,fpn_msgs/msg/MHEOutput,539,1654798663,653880596,builtin_interfaces/msg/Time,,std_msgs/msg/Header,0.7585192322731018,0.34414607286453247,2.0546507835388184,3.3375802040100098,0.027000000700354576,-30.8615225801058,-0.1712745754298129,0.0,geometry_msgs/msg/Point,fpn_msgs/msg/MHEOutput
1654798663859962463,1654798663.859962463,1654798663861836928,/terrasentia/mhe_output,fpn_msgs/msg/MHEOutput,540,1654798663,859962463,builtin_interfaces/msg/Time,,std_msgs/msg/Header,0.42049291729927063,0.34421616792678833,2.0551095008850098,3.3387293815612793,0.02800000086426735,-30.84886187885053,-0.17461445957792107,0.0,geometry_msgs/msg/Point,fpn_msgs/msg/MHEOutput
1654798664052779197,1654798664.052779198,1654798664060348192,/terrasentia/mhe_output,fpn_msgs/msg/MHEOutput,541,1654798664,52779197,builtin_interfaces/msg/Time,,std_msgs/msg/Header,0.47361376881599426,0.34428727626800537,2.0559098720550537,3.333984375,0.02800000086426735,-30.887081797653515,-0.17760690476456015,0.0,geometry_msgs/msg/Point,fpn_msgs/msg/MHEOutput
1654798664254124641,1654798664.254124641,1654798664255434048,/terrasentia/mhe_output,fpn_msgs/msg/MHEOutput,542,1654798664,254124641,builtin_interfaces/msg/Time,,std_msgs/msg/Header,0.4653395712375641,0.3443949818611145,2.0546534061431885,3.3429348468780518,0.02800000086426735,-30.91618728207653,-0.1839502278756431,0.0,geometry_msgs/msg/Point,fpn_msgs/msg/MHEOutput
1654798664445309162,1654798664.445309162,1654798664446544192,/terrasentia/mhe_output,fpn_msgs/msg/MHEOutput,543,1654798664,445309162,builtin_interfaces/msg/Time,,std_msgs/msg/Header,0.5544458031654358,0.34447669982910156,2.056001663208008,3.336705446243286,0.02800000086426735,-30.98087442487105,-0.19716233101816563,0.0,geometry_msgs/msg/Point,fpn_msgs/msg/MHEOutput
1654798664646618843,1654798664.646618843,1654798664647944320,/terrasentia/mhe_output,fpn_msgs/msg/MHEOutput,544,1654798664,646618843,builtin_interfaces/msg/Time,,std_msgs/msg/Header,0.6301458477973938,0.3445586562156677,2.060926914215088,3.338602304458618,0.02800000086426735,-31.04838748164078,-0.21682348709094687,0.0,geometry_msgs/msg/Point,fpn_msgs/msg/MHEOutput
1654798664848741292,1654798664.848741293,1654798664851236864,/terrasentia/mhe_output,fpn_msgs/msg/MHEOutput,545,1654798664,848741292,builtin_interfaces/msg/Time,,std_msgs/msg/Header,0.6965035200119019,0.3446410000324249,2.0676217079162598,3.320981025695801,0.02800000086426735,-31.12064207602574,-0.22526910292149688,0.0,geometry_msgs/msg/Point,fpn_msgs/msg/MHEOutput
1654798665052345037,1654798665.052345037,1654798665053515040,/terrasentia/mhe_output,fpn_msgs/msg/MHEOutput,546,1654798665,52345037,builtin_interfaces/msg/Time,,std_msgs/msg/Header,0.8793289065361023,0.34471097588539124,2.078550338745117,3.326646327972412,0.02800000086426735,-31.244439467283286,-0.25377133346928965,0.0,geometry_msgs/msg/Point,fpn_msgs/msg/MHEOutput
1654798665260845422,1654798665.260845423,1654798665262987232,/terrasentia/mhe_output,fpn_msgs/msg/MHEOutput,547,1654798665,260845422,builtin_interfaces/msg/Time,,std_msgs/msg/Header,0.9288676381111145,0.34478136897087097,2.0899252891540527,3.3277459144592285,0.028999999165534973,-31.322081684786593,-0.2741121923815397,0.0,geometry_msgs/msg/Point,fpn_msgs/msg/MHEOutput
1654798665460326671,1654798665.460326672,1654798665462676384,/terrasentia/mhe_output,fpn_msgs/msg/MHEOutput,548,1654798665,460326671,builtin_interfaces/msg/Time,,std_msgs/msg/Header,0.9317128658294678,0.344851553440094,2.1002485752105713,3.330782651901245,0.028999999165534973,-31.386945227179602,-0.2852404971443584,0.0,geometry_msgs/msg/Point,fpn_msgs/msg/MHEOutput
1654798665657395362,1654798665.657395363,1654798665659968640,/terrasentia/mhe_output,fpn_msgs/msg/MHEOutput,549,1654798665,657395362,builtin_interfaces/msg/Time,,std_msgs/msg/Header,0.9825212955474854,0.34491395950317383,2.1036415100097656,3.340651035308838,0.02800000086426735,-31.477512769328506,-0.31187364514886107,0.0,geometry_msgs/msg/Point,fpn_msgs/msg/MHEOutput
1654798665854919672,1654798665.854919672,1654798665858291680,/terrasentia/mhe_output,fpn_msgs/msg/MHEOutput,550,1654798665,854919672,builtin_interfaces/msg/Time,,std_msgs/msg/Header,0.9769832491874695,0.3449763357639313,2.106559991836548,3.323949098587036,0.028999999165534973,-31.562442499674646,-0.3229175477627017,0.0,geometry_msgs/msg/Point,fpn_msgs/msg/MHEOutput
1654798666057728767,1654798666.057728767,1654798666058427264,/terrasentia/mhe_output,fpn_msgs/msg/MHEOutput,551,1654798666,57728767,builtin_interfaces/msg/Time,,std_msgs/msg/Header,0.9998206496238708,0.345046728849411,2.1040258407592773,3.3193211555480957,0.029999999329447746,-31.664133964218276,-0.3396104314260256,0.0,geometry_msgs/msg/Point,fpn_msgs/msg/MHEOutput
1654798666256589412,1654798666.256589413,1654798666258300928,/terrasentia/mhe_output,fpn_msgs/msg/MHEOutput,552,1654798666,256589412,builtin_interfaces/msg/Time,,std_msgs/msg/Header,0.9988957643508911,0.3451090455055237,2.099813938140869,3.3310675621032715,0.029999999329447746,-31.749295724855493,-0.3592977486116056,0.0,geometry_msgs/msg/Point,fpn_msgs/msg/MHEOutput
1654798666457269430,1654798666.457269430,1654798666459440544,/terrasentia/mhe_output,fpn_msgs/msg/MHEOutput,553,1654798666,457269430,builtin_interfaces/msg/Time,,std_msgs/msg/Header,0.9554668068885803,0.3451789319515228,2.094123125076294,3.325195074081421,0.029999999329447746,-31.821132094521836,-0.37059551499634347,0.0,geometry_msgs/msg/Point,fpn_msgs/msg/MHEOutput
1654798666654095411,1654798666.654095411,1654798666657447616,/terrasentia/mhe_output,fpn_msgs/msg/MHEOutput,554,1654798666,654095411,builtin_interfaces/msg/Time,,std_msgs/msg/Header,0.995774507522583,0.3452411890029907,2.088902711868286,3.251492977142334,0.02800000086426735,-31.915191417364497,-0.3770721233351091,0.0,geometry_msgs/msg/Point,fpn_msgs/msg/MHEOutput
1654798666847825765,1654798666.847825766,1654798666849718176,/terrasentia/mhe_output,fpn_msgs/msg/MHEOutput,555,1654798666,847825765,builtin_interfaces/msg/Time,,std_msgs/msg/Header,0.9999189972877502,0.41880202293395996,2.085604667663574,3.158217430114746,0.027000000700354576,-32.01638488040335,-0.38253337734007764,0.0,geometry_msgs/msg/Point,fpn_msgs/msg/MHEOutput
1654798667048700809,1654798667.048700809,1654798667050187840,/terrasentia/mhe_output,fpn_msgs/msg/MHEOutput,556,1654798667,48700809,builtin_interfaces/msg/Time,,std_msgs/msg/Header,0.9999405145645142,0.4412974715232849,2.0764999389648438,3.1380765438079834,0.027000000700354576,-32.11743361977009,-0.3767227715470277,0.0,geometry_msgs/msg/Point,fpn_msgs/msg/MHEOutput
1654798667253756761,1654798667.253756762,1654798667256460992,/terrasentia/mhe_output,fpn_msgs/msg/MHEOutput,557,1654798667,253756761,builtin_interfaces/msg/Time,,std_msgs/msg/Header,0.9977902770042419,0.4328981041908264,2.0739779472351074,3.130526304244995,0.027000000700354576,-32.20473762138886,-0.3699872039290172,0.0,geometry_msgs/msg/Point,fpn_msgs/msg/MHEOutput
1654798667451157569,1654798667.451157570,1654798667454004352,/terrasentia/mhe_output,fpn_msgs/msg/MHEOutput,558,1654798667,451157569,builtin_interfaces/msg/Time,,std_msgs/msg/Header,0.9645267724990845,0.44531381130218506,2.0748133659362793,3.132520914077759,0.028999999165534973,-32.279701089987014,-0.3724385595263303,0.0,geometry_msgs/msg/Point,fpn_msgs/msg/MHEOutput
1654798667652796983,1654798667.652796984,1654798667656136448,/terrasentia/mhe_output,fpn_msgs/msg/MHEOutput,559,1654798667,652796983,builtin_interfaces/msg/Time,,std_msgs/msg/Header,0.999886691570282,0.4570780098438263,2.0810248851776123,3.140807867050171,0.02800000086426735,-32.38023981364077,-0.38084331689468814,0.0,geometry_msgs/msg/Point,fpn_msgs/msg/MHEOutput
1654798667859443426,1654798667.859443426,1654798667861887072,/terrasentia/mhe_output,fpn_msgs/msg/MHEOutput,560,1654798667,859443426,builtin_interfaces/msg/Time,,std_msgs/msg/Header,0.9781286120414734,0.4560225307941437,2.098464250564575,3.1372666358947754,0.027000000700354576,-32.45742451474896,-0.3824110708956409,0.0,geometry_msgs/msg/Point,fpn_msgs/msg/MHEOutput
1654798668052514314,1654798668.052514315,1654798668060910112,/terrasentia/mhe_output,fpn_msgs/msg/MHEOutput,561,1654798668,52514314,builtin_interfaces/msg/Time,,std_msgs/msg/Header,0.9251977205276489,0.43710803985595703,2.1153807640075684,3.123342990875244,0.027000000700354576,-32.525085954403686,-0.3933225681369426,0.0,geometry_msgs/msg/Point,fpn_msgs/msg/MHEOutput
1654798668257723808,1654798668.257723808,1654798668259869376,/terrasentia/mhe_output,fpn_msgs/msg/MHEOutput,562,1654798668,257723808,builtin_interfaces/msg/Time,,std_msgs/msg/Header,0.8747962117195129,0.4752333164215088,2.129910945892334,3.0366556644439697,0.02800000086426735,-32.59540788964485,-0.3988311238248098,0.0,geometry_msgs/msg/Point,fpn_msgs/msg/MHEOutput
1654798668446499824,1654798668.446499825,1654798668447880736,/terrasentia/mhe_output,fpn_msgs/msg/MHEOutput,563,1654798668,446499824,builtin_interfaces/msg/Time,,std_msgs/msg/Header,0.9031832218170166,0.5721983909606934,2.147908926010132,3.037558078765869,0.02800000086426735,-32.68111853587857,-0.4062003371083455,0.0,geometry_msgs/msg/Point,fpn_msgs/msg/MHEOutput
1654798668647336483,1654798668.647336483,1654798668648645024,/terrasentia/mhe_output,fpn_msgs/msg/MHEOutput,564,1654798668,647336483,builtin_interfaces/msg/Time,,std_msgs/msg/Header,0.9430748820304871,0.6028154492378235,2.1688642501831055,3.0535027980804443,0.02800000086426735,-32.77298753589866,-0.41807334376677413,0.0,geometry_msgs/msg/Point,fpn_msgs/msg/MHEOutput
1654798668847437620,1654798668.847437620,1654798668850083968,/terrasentia/mhe_output,fpn_msgs/msg/MHEOutput,565,1654798668,847437620,builtin_interfaces/msg/Time,,std_msgs/msg/Header,0.9170181155204773,0.5805274844169617,2.187439441680908,3.069063425064087,0.02800000086426735,-32.850884524149315,-0.4249724906870347,0.0,geometry_msgs/msg/Point,fpn_msgs/msg/MHEOutput
1654798669059559583,1654798669.059559584,1654798669061744608,/terrasentia/mhe_output,fpn_msgs/msg/MHEOutput,566,1654798669,59559583,builtin_interfaces/msg/Time,,std_msgs/msg/Header,0.9979514479637146,0.5330296158790588,2.206737518310547,3.091266632080078,0.02800000086426735,-32.981542596584035,-0.4337256928691446,0.0,geometry_msgs/msg/Point,fpn_msgs/msg/MHEOutput
1654798669259825706,1654798669.259825706,1654798669263142496,/terrasentia/mhe_output,fpn_msgs/msg/MHEOutput,567,1654798669,259825706,builtin_interfaces/msg/Time,,std_msgs/msg/Header,0.9999734163284302,0.49482691287994385,2.224982261657715,3.10848069190979,0.02800000086426735,-33.06252185747483,-0.441431150909122,0.0,geometry_msgs/msg/Point,fpn_msgs/msg/MHEOutput
1654798669453203201,1654798669.453203201,1654798669455890240,/terrasentia/mhe_output,fpn_msgs/msg/MHEOutput,568,1654798669,453203201,builtin_interfaces/msg/Time,,std_msgs/msg/Header,0.9993522763252258,0.564662754535675,2.2298083305358887,3.104987621307373,0.02800000086426735,-33.15258299334171,-0.4365057451134091,0.0,geometry_msgs/msg/Point,fpn_msgs/msg/MHEOutput
1654798669652940034,1654798669.652940035,1654798669659197824,/terrasentia/mhe_output,fpn_msgs/msg/MHEOutput,569,1654798669,652940034,builtin_interfaces/msg/Time,,std_msgs/msg/Header,0.998918354511261,0.636570930480957,2.2288734912872314,3.0746819972991943,0.027000000700354576,-33.24038564933328,-0.4134316934621641,0.0,geometry_msgs/msg/Point,fpn_msgs/msg/MHEOutput
1654798669850592851,1654798669.850592852,1654798669852775104,/terrasentia/mhe_output,fpn_msgs/msg/MHEOutput,570,1654798669,850592851,builtin_interfaces/msg/Time,,std_msgs/msg/Header,0.9999802708625793,0.6364924907684326,2.2185943126678467,3.1776092052459717,0.027000000700354576,-33.33926395096112,-0.39882166594365914,0.0,geometry_msgs/msg/Point,fpn_msgs/msg/MHEOutput
1654798670049760341,1654798670.049760342,1654798670052555296,/terrasentia/mhe_output,fpn_msgs/msg/MHEOutput,571,1654798670,49760341,builtin_interfaces/msg/Time,,std_msgs/msg/Header,0.9998946785926819,0.536768913269043,2.210207223892212,3.239180564880371,0.027000000700354576,-33.43075834380965,-0.39093579119743216,0.0,geometry_msgs/msg/Point,fpn_msgs/msg/MHEOutput
1654798670263891696,1654798670.263891697,1654798670266523072,/terrasentia/mhe_output,fpn_msgs/msg/MHEOutput,572,1654798670,263891696,builtin_interfaces/msg/Time,,std_msgs/msg/Header,0.9956945776939392,0.5114664435386658,2.2061398029327393,3.226917266845703,0.027000000700354576,-33.51959918844053,-0.39712821189688347,0.0,geometry_msgs/msg/Point,fpn_msgs/msg/MHEOutput
1654798670451728105,1654798670.451728106,1654798670453342848,/terrasentia/mhe_output,fpn_msgs/msg/MHEOutput,573,1654798670,451728105,builtin_interfaces/msg/Time,,std_msgs/msg/Header,0.9067283868789673,0.45995068550109863,2.204798460006714,3.200450897216797,0.027000000700354576,-33.569144055012764,-0.3967105656218134,0.0,geometry_msgs/msg/Point,fpn_msgs/msg/MHEOutput
1654798670659417152,1654798670.659417152,1654798670661758080,/terrasentia/mhe_output,fpn_msgs/msg/MHEOutput,574,1654798670,659417152,builtin_interfaces/msg/Time,,std_msgs/msg/Header,0.999901533126831,0.4154879152774811,2.2018251419067383,3.1750826835632324,0.027000000700354576,-33.69445749574554,-0.38513987786221054,0.0,geometry_msgs/msg/Point,fpn_msgs/msg/MHEOutput
1654798670855381011,1654798670.855381012,1654798670856424064,/terrasentia/mhe_output,fpn_msgs/msg/MHEOutput,575,1654798670,855381011,builtin_interfaces/msg/Time,,std_msgs/msg/Header,0.9747040271759033,0.40075692534446716,2.198834180831909,3.166313886642456,0.027000000700354576,-33.77135361491031,-0.37795824509014864,0.0,geometry_msgs/msg/Point,fpn_msgs/msg/MHEOutput
1654798671045435667,1654798671.045435667,1654798671051797696,/terrasentia/mhe_output,fpn_msgs/msg/MHEOutput,576,1654798671,45435667,builtin_interfaces/msg/Time,,std_msgs/msg/Header,0.891416072845459,0.43260711431503296,2.200960159301758,3.173212766647339,0.027000000700354576,-33.82127026692895,-0.3842557564138062,0.0,geometry_msgs/msg/Point,fpn_msgs/msg/MHEOutput
1654798671252725839,1654798671.252725840,1654798671256080864,/terrasentia/mhe_output,fpn_msgs/msg/MHEOutput,577,1654798671,252725839,builtin_interfaces/msg/Time,,std_msgs/msg/Header,0.8123900890350342,0.41513851284980774,2.1978204250335693,3.182161331176758,0.027000000700354576,-33.86950035453283,-0.39333137131469836,0.0,geometry_msgs/msg/Point,fpn_msgs/msg/MHEOutput
1654798671449145317,1654798671.449145317,1654798671453209024,/terrasentia/mhe_output,fpn_msgs/msg/MHEOutput,578,1654798671,449145317,builtin_interfaces/msg/Time,,std_msgs/msg/Header,0.8939360976219177,0.4465327858924866,2.190706253051758,3.1746723651885986,0.028999999165534973,-33.97898329281865,-0.3934012347006477,0.0,geometry_msgs/msg/Point,fpn_msgs/msg/MHEOutput
1654798671660985231,1654798671.660985231,1654798671663184832,/terrasentia/mhe_output,fpn_msgs/msg/MHEOutput,579,1654798671,660985231,builtin_interfaces/msg/Time,,std_msgs/msg/Header,0.9119881391525269,0.4465542137622833,2.1830475330352783,3.176381826400757,0.02800000086426735,-34.074371703950234,-0.39726100298153577,0.0,geometry_msgs/msg/Point,fpn_msgs/msg/MHEOutput
1654798671845599412,1654798671.845599413,1654798671850425312,/terrasentia/mhe_output,fpn_msgs/msg/MHEOutput,580,1654798671,845599412,builtin_interfaces/msg/Time,,std_msgs/msg/Header,0.9234071969985962,0.4465756416320801,2.1855034828186035,3.169814348220825,0.02800000086426735,-34.17683288459617,-0.39401229561969686,0.0,geometry_msgs/msg/Point,fpn_msgs/msg/MHEOutput
1654798672059885978,1654798672.059885979,1654798672060644224,/terrasentia/mhe_output,fpn_msgs/msg/MHEOutput,581,1654798672,59885978,builtin_interfaces/msg/Time,,std_msgs/msg/Header,0.9921126961708069,0.44659528136253357,2.1866607666015625,3.1744871139526367,0.028999999165534973,-34.33424753632267,-0.39619194526953594,0.0,geometry_msgs/msg/Point,fpn_msgs/msg/MHEOutput
1654798672250722408,1654798672.250722408,1654798672252731456,/terrasentia/mhe_output,fpn_msgs/msg/MHEOutput,582,1654798672,250722408,builtin_interfaces/msg/Time,,std_msgs/msg/Header,0.9999635219573975,0.44661667943000793,2.1819865703582764,3.1618287563323975,0.028999999165534973,-34.44257097295737,-0.3909793354480472,0.0,geometry_msgs/msg/Point,fpn_msgs/msg/MHEOutput
1654798672456394910,1654798672.456394911,1654798672459989504,/terrasentia/mhe_output,fpn_msgs/msg/MHEOutput,583,1654798672,456394910,builtin_interfaces/msg/Time,,std_msgs/msg/Header,0.9998466968536377,0.4466380774974823,2.168607473373413,3.1495132446289062,0.029999999329447746,-34.56418204860824,-0.385350426031989,0.0,geometry_msgs/msg/Point,fpn_msgs/msg/MHEOutput
1654798672660978794,1654798672.660978794,1654798672662398464,/terrasentia/mhe_output,fpn_msgs/msg/MHEOutput,584,1654798672,660978794,builtin_interfaces/msg/Time,,std_msgs/msg/Header,0.9649072289466858,0.44665947556495667,2.161496162414551,3.149959087371826,0.02800000086426735,-34.66998247539836,-0.3857489168686994,0.0,geometry_msgs/msg/Point,fpn_msgs/msg/MHEOutput
1654798672857148408,1654798672.857148409,1654798672861364288,/terrasentia/mhe_output,fpn_msgs/msg/MHEOutput,585,1654798672,857148408,builtin_interfaces/msg/Time,,std_msgs/msg/Header,0.9906614422798157,0.44668084383010864,2.1527180671691895,3.1274309158325195,0.02800000086426735,-34.825834852308866,-0.3626580587709639,0.0,geometry_msgs/msg/Point,fpn_msgs/msg/MHEOutput
1654798673059021472,1654798673.059021473,1654798673059589120,/terrasentia/mhe_output,fpn_msgs/msg/MHEOutput,586,1654798673,59021472,builtin_interfaces/msg/Time,,std_msgs/msg/Header,0.9995852708816528,0.4467022120952606,2.1412084102630615,3.1036174297332764,0.02800000086426735,-34.97083678208922,-0.33953162524888253,0.0,geometry_msgs/msg/Point,fpn_msgs/msg/MHEOutput
1654798673265164852,1654798673.265164852,1654798673267412736,/terrasentia/mhe_output,fpn_msgs/msg/MHEOutput,587,1654798673,265164852,builtin_interfaces/msg/Time,,std_msgs/msg/Header,0.9310305118560791,0.4467235803604126,2.1351492404937744,3.086177110671997,0.02800000086426735,-35.05820189649596,-0.3205053852119955,0.0,geometry_msgs/msg/Point,fpn_msgs/msg/MHEOutput
1654798673450060367,1654798673.450060368,1654798673452527200,/terrasentia/mhe_output,fpn_msgs/msg/MHEOutput,588,1654798673,450060367,builtin_interfaces/msg/Time,,std_msgs/msg/Header,0.8726214170455933,0.4467507302761078,2.1315104961395264,3.107508897781372,0.028999999165534973,-35.15081624054931,-0.3346648571263684,0.0,geometry_msgs/msg/Point,fpn_msgs/msg/MHEOutput
1654798673660704612,1654798673.660704613,1654798673662257984,/terrasentia/mhe_output,fpn_msgs/msg/MHEOutput,589,1654798673,660704612,builtin_interfaces/msg/Time,,std_msgs/msg/Header,0.9991638660430908,0.4467703104019165,2.131598472595215,3.1043381690979004,0.02800000086426735,-35.363768886777116,-0.3245018087404098,0.0,geometry_msgs/msg/Point,fpn_msgs/msg/MHEOutput
1654798673858269453,1654798673.858269453,1654798673860188576,/terrasentia/mhe_output,fpn_msgs/msg/MHEOutput,590,1654798673,858269453,builtin_interfaces/msg/Time,,std_msgs/msg/Header,0.9696213603019714,0.44678986072540283,2.1303703784942627,3.1049368381500244,0.02800000086426735,-35.47777321912714,-0.320790322293698,0.0,geometry_msgs/msg/Point,fpn_msgs/msg/MHEOutput
1654798674051893711,1654798674.051893711,1654798674053117120,/terrasentia/mhe_output,fpn_msgs/msg/MHEOutput,591,1654798674,51893711,builtin_interfaces/msg/Time,,std_msgs/msg/Header,0.9280402660369873,0.4468111991882324,2.1382856369018555,3.109142541885376,0.028999999165534973,-35.583873520567145,-0.3224873512816014,0.0,geometry_msgs/msg/Point,fpn_msgs/msg/MHEOutput
1654798674247572898,1654798674.247572899,1654798674251014624,/terrasentia/mhe_output,fpn_msgs/msg/MHEOutput,592,1654798674,247572898,builtin_interfaces/msg/Time,,std_msgs/msg/Header,0.8792821764945984,0.44683828949928284,2.1451539993286133,3.1099801063537598,0.028999999165534973,-35.68970826321249,-0.31251504684195053,0.0,geometry_msgs/msg/Point,fpn_msgs/msg/MHEOutput
1654798674457828760,1654798674.457828760,1654798674459986624,/terrasentia/mhe_output,fpn_msgs/msg/MHEOutput,593,1654798674,457828760,builtin_interfaces/msg/Time,,std_msgs/msg/Header,0.9248756170272827,0.44685959815979004,2.1522324085235596,3.109543800354004,0.028999999165534973,-35.845441899073315,-0.31097921904748355,0.0,geometry_msgs/msg/Point,fpn_msgs/msg/MHEOutput
1654798674652209758,1654798674.652209759,1654798674653432736,/terrasentia/mhe_output,fpn_msgs/msg/MHEOutput,594,1654798674,652209758,builtin_interfaces/msg/Time,,std_msgs/msg/Header,0.9478841423988342,0.44688090682029724,2.163806438446045,3.1127092838287354,0.03099999949336052,-35.982637578660906,-0.3152033613499087,0.0,geometry_msgs/msg/Point,fpn_msgs/msg/MHEOutput
1654798674857654571,1654798674.857654572,1654798674859671232,/terrasentia/mhe_output,fpn_msgs/msg/MHEOutput,595,1654798674,857654571,builtin_interfaces/msg/Time,,std_msgs/msg/Header,0.997378408908844,0.4469004273414612,2.1665186882019043,3.238464832305908,0.03099999949336052,-36.17421723940088,-0.30851368934258744,0.0,geometry_msgs/msg/Point,fpn_msgs/msg/MHEOutput
1654798675052410125,1654798675.052410126,1654798675054723680,/terrasentia/mhe_output,fpn_msgs/msg/MHEOutput,596,1654798675,52410125,builtin_interfaces/msg/Time,,std_msgs/msg/Header,0.94204181432724,0.27732279896736145,2.1775386333465576,3.269563913345337,0.03099999949336052,-36.28050324183146,-0.31352044637993753,0.0,geometry_msgs/msg/Point,fpn_msgs/msg/MHEOutput
1654798675252384185,1654798675.252384186,1654798675253583072,/terrasentia/mhe_output,fpn_msgs/msg/MHEOutput,597,1654798675,252384185,builtin_interfaces/msg/Time,,std_msgs/msg/Header,0.981826901435852,0.2184106558561325,2.180643081665039,3.2942426204681396,0.03099999949336052,-36.42504732584523,-0.3201509310663837,0.0,geometry_msgs/msg/Point,fpn_msgs/msg/MHEOutput
1654798675448612689,1654798675.448612690,1654798675450509440,/terrasentia/mhe_output,fpn_msgs/msg/MHEOutput,598,1654798675,448612689,builtin_interfaces/msg/Time,,std_msgs/msg/Header,0.9571320414543152,0.2490043193101883,2.1729660034179688,3.2897145748138428,0.03099999949336052,-36.54279733475021,-0.31691385847815207,0.0,geometry_msgs/msg/Point,fpn_msgs/msg/MHEOutput
1654798675648111104,1654798675.648111105,1654798675650365472,/terrasentia/mhe_output,fpn_msgs/msg/MHEOutput,599,1654798675,648111104,builtin_interfaces/msg/Time,,std_msgs/msg/Header,0.9213353991508484,0.26750925183296204,2.159510612487793,3.277435779571533,0.027000000700354576,-36.65425389621045,-0.3113371540379469,0.0,geometry_msgs/msg/Point,fpn_msgs/msg/MHEOutput
1654798675854223251,1654798675.854223251,1654798675858383040,/terrasentia/mhe_output,fpn_msgs/msg/MHEOutput,600,1654798675,854223251,builtin_interfaces/msg/Time,,std_msgs/msg/Header,0.8913484811782837,0.35758137702941895,2.1342575550079346,3.3021554946899414,0.027000000700354576,-36.76495300459831,-0.326889672209133,0.0,geometry_msgs/msg/Point,fpn_msgs/msg/MHEOutput
1654798676050782203,1654798676.050782204,1654798676052719008,/terrasentia/mhe_output,fpn_msgs/msg/MHEOutput,601,1654798676,50782203,builtin_interfaces/msg/Time,,std_msgs/msg/Header,0.8908761739730835,0.37474197149276733,2.102595567703247,3.270221471786499,0.026000000536441803,-36.89920112075088,-0.31525690252985644,0.0,geometry_msgs/msg/Point,fpn_msgs/msg/MHEOutput
1654798676247053146,1654798676.247053146,1654798676248477344,/terrasentia/mhe_output,fpn_msgs/msg/MHEOutput,602,1654798676,247053146,builtin_interfaces/msg/Time,,std_msgs/msg/Header,0.8342023491859436,0.3785376250743866,2.0725743770599365,3.2442514896392822,0.027000000700354576,-36.999057819846236,-0.3006598624265146,0.0,geometry_msgs/msg/Point,fpn_msgs/msg/MHEOutput
1654798676447556018,1654798676.447556019,1654798676449980800,/terrasentia/mhe_output,fpn_msgs/msg/MHEOutput,603,1654798676,447556018,builtin_interfaces/msg/Time,,std_msgs/msg/Header,0.9143417477607727,0.42458629608154297,2.0478527545928955,3.189948797225952,0.027000000700354576,-37.1686727588345,-0.30307235579315334,0.0,geometry_msgs/msg/Point,fpn_msgs/msg/MHEOutput
1654798676655286788,1654798676.655286789,1654798676658334336,/terrasentia/mhe_output,fpn_msgs/msg/MHEOutput,604,1654798676,655286788,builtin_interfaces/msg/Time,,std_msgs/msg/Header,0.9999753832817078,0.5484781265258789,2.0371408462524414,3.012892961502075,0.027000000700354576,-37.37831898676986,-0.3064645340006503,0.0,geometry_msgs/msg/Point,fpn_msgs/msg/MHEOutput
1654798676847133874,1654798676.847133875,1654798676848656416,/terrasentia/mhe_output,fpn_msgs/msg/MHEOutput,605,1654798676,847133874,builtin_interfaces/msg/Time,,std_msgs/msg/Header,0.9999872446060181,0.47206738591194153,2.037142276763916,3.064831256866455,0.027000000700354576,-37.5334808784923,-0.31453288177048333,0.0,geometry_msgs/msg/Point,fpn_msgs/msg/MHEOutput
1654798677062378168,1654798677.062378168,1654798677067534016,/terrasentia/mhe_output,fpn_msgs/msg/MHEOutput,606,1654798677,62378168,builtin_interfaces/msg/Time,,std_msgs/msg/Header,0.9999962449073792,0.37411630153656006,2.038738965988159,3.120337724685669,0.02800000086426735,-37.693350888355376,-0.33370609835736953,0.0,geometry_msgs/msg/Point,fpn_msgs/msg/MHEOutput
1654798677249834537,1654798677.249834538,1654798677251288832,/terrasentia/mhe_output,fpn_msgs/msg/MHEOutput,607,1654798677,249834537,builtin_interfaces/msg/Time,,std_msgs/msg/Header,0.9999866485595703,0.35393744707107544,2.042478084564209,3.141362428665161,0.02800000086426735,-37.836988605910776,-0.3470281621196689,0.0,geometry_msgs/msg/Point,fpn_msgs/msg/MHEOutput
1654798677455174207,1654798677.455174208,1654798677460564480,/terrasentia/mhe_output,fpn_msgs/msg/MHEOutput,608,1654798677,455174207,builtin_interfaces/msg/Time,,std_msgs/msg/Header,0.9999309778213501,0.280235230922699,2.0617783069610596,3.183637857437134,0.02800000086426735,-37.97935019712904,-0.3805030212738235,0.0,geometry_msgs/msg/Point,fpn_msgs/msg/MHEOutput
1654798677658064365,1654798677.658064365,1654798677659317568,/terrasentia/mhe_output,fpn_msgs/msg/MHEOutput,609,1654798677,658064365,builtin_interfaces/msg/Time,,std_msgs/msg/Header,0.9508713483810425,0.2297256737947464,2.077562093734741,3.2083401679992676,0.026000000536441803,-38.086522299918755,-0.40544203949147223,0.0,geometry_msgs/msg/Point,fpn_msgs/msg/MHEOutput
1654798677853773355,1654798677.853773355,1654798677856881664,/terrasentia/mhe_output,fpn_msgs/msg/MHEOutput,610,1654798677,853773355,builtin_interfaces/msg/Time,,std_msgs/msg/Header,0.8706917762756348,0.20723679661750793,2.0803732872009277,3.1347219944000244,0.026000000536441803,-38.18080969337914,-0.40162334755179213,0.0,geometry_msgs/msg/Point,fpn_msgs/msg/MHEOutput
1654798678047138929,1654798678.047138929,1654798678050113344,/terrasentia/mhe_output,fpn_msgs/msg/MHEOutput,611,1654798678,47138929,builtin_interfaces/msg/Time,,std_msgs/msg/Header,0.7988147735595703,0.3220268189907074,2.0802195072174072,3.076171875,0.026000000536441803,-38.277878871144054,-0.38096470475112,0.0,geometry_msgs/msg/Point,fpn_msgs/msg/MHEOutput
1654798678254111528,1654798678.254111528,1654798678260248352,/terrasentia/mhe_output,fpn_msgs/msg/MHEOutput,612,1654798678,254111528,builtin_interfaces/msg/Time,,std_msgs/msg/Header,0.8356640338897705,0.4235328435897827,2.0824077129364014,3.0708260536193848,0.026000000536441803,-38.42699235778464,-0.38885071096401946,0.0,geometry_msgs/msg/Point,fpn_msgs/msg/MHEOutput
1654798678450256347,1654798678.450256348,1654798678451266976,/terrasentia/mhe_output,fpn_msgs/msg/MHEOutput,613,1654798678,450256347,builtin_interfaces/msg/Time,,std_msgs/msg/Header,0.8827627301216125,0.42145243287086487,2.092947006225586,3.1003003120422363,0.026000000536441803,-38.5860338557485,-0.40534672998777166,0.0,geometry_msgs/msg/Point,fpn_msgs/msg/MHEOutput
1654798678646727323,1654798678.646727324,1654798678647615616,/terrasentia/mhe_output,fpn_msgs/msg/MHEOutput,614,1654798678,646727323,builtin_interfaces/msg/Time,,std_msgs/msg/Header,0.9731132984161377,0.37219852209091187,2.1059839725494385,3.128875732421875,0.026000000536441803,-38.772936756185786,-0.4232707523479335,0.0,geometry_msgs/msg/Point,fpn_msgs/msg/MHEOutput
1654798678852422237,1654798678.852422237,1654798678853596704,/terrasentia/mhe_output,fpn_msgs/msg/MHEOutput,615,1654798678,852422237,builtin_interfaces/msg/Time,,std_msgs/msg/Header,0.9945038557052612,0.3106713593006134,2.1225736141204834,3.1634624004364014,0.026000000536441803,-38.93212364948938,-0.4555921939937373,0.0,geometry_msgs/msg/Point,fpn_msgs/msg/MHEOutput
1654798679057707309,1654798679.057707310,1654798679059159328,/terrasentia/mhe_output,fpn_msgs/msg/MHEOutput,616,1654798679,57707309,builtin_interfaces/msg/Time,,std_msgs/msg/Header,0.9845459461212158,0.3088034987449646,2.14235258102417,3.1899631023406982,0.026000000536441803,-39.06840420678148,-0.4825050786318528,0.0,geometry_msgs/msg/Point,fpn_msgs/msg/MHEOutput
1654798679251700401,1654798679.251700401,1654798679256286560,/terrasentia/mhe_output,fpn_msgs/msg/MHEOutput,617,1654798679,251700401,builtin_interfaces/msg/Time,,std_msgs/msg/Header,0.9632975459098816,0.3280084431171417,2.164776086807251,3.2118775844573975,0.026000000536441803,-39.19528429554258,-0.5090479571987124,0.0,geometry_msgs/msg/Point,fpn_msgs/msg/MHEOutput
1654798679448744773,1654798679.448744774,1654798679451316672,/terrasentia/mhe_output,fpn_msgs/msg/MHEOutput,618,1654798679,448744773,builtin_interfaces/msg/Time,,std_msgs/msg/Header,0.9635497331619263,0.3280888497829437,2.1801085472106934,3.2132925987243652,0.026000000536441803,-39.33944322988705,-0.5229564535406075,0.0,geometry_msgs/msg/Point,fpn_msgs/msg/MHEOutput
1654798679650191068,1654798679.650191069,1654798679652372480,/terrasentia/mhe_output,fpn_msgs/msg/MHEOutput,619,1654798679,650191068,builtin_interfaces/msg/Time,,std_msgs/msg/Header,0.9708974361419678,0.32816919684410095,2.1906399726867676,3.200183868408203,0.026000000536441803,-39.49044456887089,-0.5238943050639376,0.0,geometry_msgs/msg/Point,fpn_msgs/msg/MHEOutput
1654798679850115537,1654798679.850115538,1654798679852457120,/terrasentia/mhe_output,fpn_msgs/msg/MHEOutput,620,1654798679,850115537,builtin_interfaces/msg/Time,,std_msgs/msg/Header,0.9530621767044067,0.328249454498291,2.214343309402466,3.1981303691864014,0.026000000536441803,-39.61862274351569,-0.5330971231141375,0.0,geometry_msgs/msg/Point,fpn_msgs/msg/MHEOutput
1654798680057020425,1654798680.057020426,1654798680058538432,/terrasentia/mhe_output,fpn_msgs/msg/MHEOutput,621,1654798680,57020425,builtin_interfaces/msg/Time,,std_msgs/msg/Header,0.9341681599617004,0.32832953333854675,2.2331411838531494,3.1726016998291016,0.026000000536441803,-39.74695148608731,-0.5162694202257394,0.0,geometry_msgs/msg/Point,fpn_msgs/msg/MHEOutput
1654798680247858524,1654798680.247858524,1654798680249354752,/terrasentia/mhe_output,fpn_msgs/msg/MHEOutput,622,1654798680,247858524,builtin_interfaces/msg/Time,,std_msgs/msg/Header,0.8818323016166687,0.3284788727760315,2.236985921859741,3.1187267303466797,0.026000000536441803,-39.839753717708255,-0.47088881794987314,0.0,geometry_msgs/msg/Point,fpn_msgs/msg/MHEOutput
1654798680449852943,1654798680.449852943,1654798680451308000,/terrasentia/mhe_output,fpn_msgs/msg/MHEOutput,623,1654798680,449852943,builtin_interfaces/msg/Time,,std_msgs/msg/Header,0.882303774356842,0.3286327123641968,2.2368178367614746,3.489987373352051,0.026000000536441803,-39.83945963290614,-0.439942685961199,0.0,geometry_msgs/msg/Point,fpn_msgs/msg/MHEOutput
1654798680659193277,1654798680.659193277,1654798680661646560,/terrasentia/mhe_output,fpn_msgs/msg/MHEOutput,624,1654798680,659193277,builtin_interfaces/msg/Time,,std_msgs/msg/Header,0.939751148223877,0.02640366740524769,2.2356932163238525,3.069977045059204,0.026000000536441803,-39.880538843912795,-0.41507552586490276,0.0,geometry_msgs/msg/Point,fpn_msgs/msg/MHEOutput
1654798680856471538,1654798680.856471539,1654798680857646688,/terrasentia/mhe_output,fpn_msgs/msg/MHEOutput,625,1654798680,856471538,builtin_interfaces/msg/Time,,std_msgs/msg/Header,0.9993767142295837,0.019788948819041252,2.2343413829803467,3.0254600048065186,0.027000000700354576,-39.918669219006006,-0.39397327783099556,0.0,geometry_msgs/msg/Point,fpn_msgs/msg/MHEOutput
1654798681067042350,1654798681.067042351,1654798681071701280,/terrasentia/mhe_output,fpn_msgs/msg/MHEOutput,626,1654798681,67042350,builtin_interfaces/msg/Time,,std_msgs/msg/Header,0.9999842643737793,0.03573411703109741,2.2363815307617188,3.0133767127990723,0.027000000700354576,-39.93165799083175,-0.38318404372887316,0.0,geometry_msgs/msg/Point,fpn_msgs/msg/MHEOutput
1654798681247414112,1654798681.247414112,1654798681251612064,/terrasentia/mhe_output,fpn_msgs/msg/MHEOutput,627,1654798681,247414112,builtin_interfaces/msg/Time,,std_msgs/msg/Header,0.999992847442627,0.0446564182639122,2.2350807189941406,3.010948657989502,0.027000000700354576,-39.94512796337944,-0.38017814097776004,0.0,geometry_msgs/msg/Point,fpn_msgs/msg/MHEOutput
1654798681456615924,1654798681.456615925,1654798681459095552,/terrasentia/mhe_output,fpn_msgs/msg/MHEOutput,628,1654798681,456615924,builtin_interfaces/msg/Time,,std_msgs/msg/Header,0.9999904632568359,0.028421619907021523,2.236729383468628,3.026721715927124,0.027000000700354576,-39.96553048158597,-0.3758907194982715,0.0,geometry_msgs/msg/Point,fpn_msgs/msg/MHEOutput
1654798681659349441,1654798681.659349442,1654798681660793344,/terrasentia/mhe_output,fpn_msgs/msg/MHEOutput,629,1654798681,659349441,builtin_interfaces/msg/Time,,std_msgs/msg/Header,0.9999833703041077,0.017503727227449417,2.239794969558716,3.042498826980591,0.02800000086426735,-39.986164217291936,-0.37366090279092246,0.0,geometry_msgs/msg/Point,fpn_msgs/msg/MHEOutput
1654798681854556322,1654798681.854556322,1654798681857351200,/terrasentia/mhe_output,fpn_msgs/msg/MHEOutput,630,1654798681,854556322,builtin_interfaces/msg/Time,,std_msgs/msg/Header,0.9832118153572083,0.058448147028684616,2.2451415061950684,3.1849262714385986,0.02800000086426735,-40.01798847016589,-0.37909609802579647,0.0,geometry_msgs/msg/Point,fpn_msgs/msg/MHEOutput
1654798682044716596,1654798682.044716597,1654798682047000608,/terrasentia/mhe_output,fpn_msgs/msg/MHEOutput,631,1654798682,44716596,builtin_interfaces/msg/Time,,std_msgs/msg/Header,0.9723434448242188,0.0898287445306778,2.246613025665283,3.2429747581481934,0.02800000086426735,-40.04115496535467,-0.37515188610041406,0.0,geometry_msgs/msg/Point,fpn_msgs/msg/MHEOutput
1654798682252426147,1654798682.252426147,1654798682255071328,/terrasentia/mhe_output,fpn_msgs/msg/MHEOutput,632,1654798682,252426147,builtin_interfaces/msg/Time,,std_msgs/msg/Header,0.968245804309845,0.10855228453874588,2.2451822757720947,3.283282995223999,0.02800000086426735,-40.046437287896715,-0.3754261861055536,0.0,geometry_msgs/msg/Point,fpn_msgs/msg/MHEOutput
1654798682455771684,1654798682.455771685,1654798682458020512,/terrasentia/mhe_output,fpn_msgs/msg/MHEOutput,633,1654798682,455771684,builtin_interfaces/msg/Time,,std_msgs/msg/Header,0.9648115634918213,0.1042018011212349,2.243635416030884,3.2707531452178955,0.02800000086426735,-40.044776017725766,-0.3755325746181055,0.0,geometry_msgs/msg/Point,fpn_msgs/msg/MHEOutput
1654798682649086475,1654798682.649086475,1654798682649955264,/terrasentia/mhe_output,fpn_msgs/msg/MHEOutput,634,1654798682,649086475,builtin_interfaces/msg/Time,,std_msgs/msg/Header,0.9618446230888367,0.10228685289621353,2.242302417755127,3.26369309425354,0.02800000086426735,-40.043039988348205,-0.375753475545892,0.0,geometry_msgs/msg/Point,fpn_msgs/msg/MHEOutput
1654798682849674701,1654798682.849674702,1654798682851147936,/terrasentia/mhe_output,fpn_msgs/msg/MHEOutput,635,1654798682,849674701,builtin_interfaces/msg/Time,,std_msgs/msg/Header,0.9592249393463135,0.10224931687116623,2.2412753105163574,3.2593801021575928,0.02800000086426735,-40.047158151056,-0.37695369123883243,0.0,geometry_msgs/msg/Point,fpn_msgs/msg/MHEOutput
1654798683048546552,1654798683.048546553,1654798683051196768,/terrasentia/mhe_output,fpn_msgs/msg/MHEOutput,636,1654798683,48546552,builtin_interfaces/msg/Time,,std_msgs/msg/Header,0.9396512508392334,0.10185928642749786,2.2410776615142822,3.25117564201355,0.02800000086426735,-40.073700090663024,-0.3820660602405017,0.0,geometry_msgs/msg/Point,fpn_msgs/msg/MHEOutput
1654798683255225658,1654798683.255225658,1654798683257719968,/terrasentia/mhe_output,fpn_msgs/msg/MHEOutput,637,1654798683,255225658,builtin_interfaces/msg/Time,,std_msgs/msg/Header,0.7935311198234558,0.08166944980621338,2.2400074005126953,3.2440998554229736,0.02800000086426735,-40.09906771932591,-0.38590211713614525,0.0,geometry_msgs/msg/Point,fpn_msgs/msg/MHEOutput
1654798683456976413,1654798683.456976414,1654798683458605696,/terrasentia/mhe_output,fpn_msgs/msg/MHEOutput,638,1654798683,456976413,builtin_interfaces/msg/Time,,std_msgs/msg/Header,0.43434426188468933,0.08284267783164978,2.2413218021392822,3.2383720874786377,0.02800000086426735,-40.08422342045054,-0.3827978629343554,0.0,geometry_msgs/msg/Point,fpn_msgs/msg/MHEOutput
1654798683644444942,1654798683.644444942,1654798683648867008,/terrasentia/mhe_output,fpn_msgs/msg/MHEOutput,639,1654798683,644444942,builtin_interfaces/msg/Time,,std_msgs/msg/Header,0.1611044853925705,0.08399751782417297,2.2416510581970215,3.236081123352051,0.027000000700354576,-40.05759942515034,-0.37953374737195666,0.0,geometry_msgs/msg/Point,fpn_msgs/msg/MHEOutput
1654798683850793123,1654798683.850793123,1654798683851850624,/terrasentia/mhe_output,fpn_msgs/msg/MHEOutput,640,1654798683,850793123,builtin_interfaces/msg/Time,,std_msgs/msg/Header,0.05469479039311409,0.0846019983291626,2.243161678314209,3.220041036605835,0.027000000700354576,-40.04376807950069,-0.3725612474080151,0.0,geometry_msgs/msg/Point,fpn_msgs/msg/MHEOutput
1654798684051505565,1654798684.051505566,1654798684054550496,/terrasentia/mhe_output,fpn_msgs/msg/MHEOutput,641,1654798684,51505565,builtin_interfaces/msg/Time,,std_msgs/msg/Header,0.07087935507297516,0.08830167353153229,2.2432620525360107,3.2139339447021484,0.027000000700354576,-40.050913916653016,-0.3693821091657337,0.0,geometry_msgs/msg/Point,fpn_msgs/msg/MHEOutput
1654798684248013734,1654798684.248013735,1654798684249585504,/terrasentia/mhe_output,fpn_msgs/msg/MHEOutput,642,1654798684,248013734,builtin_interfaces/msg/Time,,std_msgs/msg/Header,0.09013039618730545,0.09171149134635925,2.2430620193481445,3.2053029537200928,0.027000000700354576,-40.05923054301605,-0.36570476035376825,0.0,geometry_msgs/msg/Point,fpn_msgs/msg/MHEOutput
1654798684451244115,1654798684.451244116,1654798684454880992,/terrasentia/mhe_output,fpn_msgs/msg/MHEOutput,643,1654798684,451244115,builtin_interfaces/msg/Time,,std_msgs/msg/Header,0.17000266909599304,0.09351296722888947,2.241590738296509,3.197798013687134,0.027000000700354576,-40.09263034692369,-0.3653617637570843,0.0,geometry_msgs/msg/Point,fpn_msgs/msg/MHEOutput
1654798684654623031,1654798684.654623032,1654798684655837024,/terrasentia/mhe_output,fpn_msgs/msg/MHEOutput,644,1654798684,654623031,builtin_interfaces/msg/Time,,std_msgs/msg/Header,0.3133385181427002,0.09501930326223373,2.2402029037475586,3.2027645111083984,0.02800000086426735,-40.15294833579994,-0.3713009565981322,0.0,geometry_msgs/msg/Point,fpn_msgs/msg/MHEOutput
1654798684849650859,1654798684.849650860,1654798684852500160,/terrasentia/mhe_output,fpn_msgs/msg/MHEOutput,645,1654798684,849650859,builtin_interfaces/msg/Time,,std_msgs/msg/Header,0.4512992799282074,0.09658059477806091,2.23918080329895,3.222060441970825,0.02800000086426735,-40.218267296717244,-0.37992905299347407,0.0,geometry_msgs/msg/Point,fpn_msgs/msg/MHEOutput
1654798685056545734,1654798685.056545734,1654798685060723904,/terrasentia/mhe_output,fpn_msgs/msg/MHEOutput,646,1654798685,56545734,builtin_interfaces/msg/Time,,std_msgs/msg/Header,0.6403009295463562,0.09805954247713089,2.240731954574585,3.2403006553649902,0.02800000086426735,-40.311024644078245,-0.39127169160290615,0.0,geometry_msgs/msg/Point,fpn_msgs/msg/MHEOutput
1654798685249743461,1654798685.249743462,1654798685251335008,/terrasentia/mhe_output,fpn_msgs/msg/MHEOutput,647,1654798685,249743461,builtin_interfaces/msg/Time,,std_msgs/msg/Header,0.7728771567344666,0.09979403764009476,2.239380121231079,3.2530977725982666,0.02800000086426735,-40.38979536567296,-0.4005577745552058,0.0,geometry_msgs/msg/Point,fpn_msgs/msg/MHEOutput
1654798685449793815,1654798685.449793816,1654798685452033472,/terrasentia/mhe_output,fpn_msgs/msg/MHEOutput,648,1654798685,449793815,builtin_interfaces/msg/Time,,std_msgs/msg/Header,0.8392797708511353,0.10216742753982544,2.231471061706543,3.242131233215332,0.02800000086426735,-40.45556455516616,-0.39818252219014233,0.0,geometry_msgs/msg/Point,fpn_msgs/msg/MHEOutput
1654798685656776905,1654798685.656776905,1654798685659205184,/terrasentia/mhe_output,fpn_msgs/msg/MHEOutput,649,1654798685,656776905,builtin_interfaces/msg/Time,,std_msgs/msg/Header,0.9953333735466003,0.10256113857030869,2.2180211544036865,3.232449531555176,0.027000000700354576,-40.56592968251421,-0.4029419460979456,0.0,geometry_msgs/msg/Point,fpn_msgs/msg/MHEOutput
1654798685863552093,1654798685.863552094,1654798685865739712,/terrasentia/mhe_output,fpn_msgs/msg/MHEOutput,650,1654798685,863552093,builtin_interfaces/msg/Time,,std_msgs/msg/Header,0.9904356598854065,0.10295947641134262,2.2007975578308105,3.226064443588257,0.02800000086426735,-40.6282139438307,-0.40448821435213217,0.0,geometry_msgs/msg/Point,fpn_msgs/msg/MHEOutput
1654798686056186437,1654798686.056186438,1654798686061103872,/terrasentia/mhe_output,fpn_msgs/msg/MHEOutput,651,1654798686,56186437,builtin_interfaces/msg/Time,,std_msgs/msg/Header,0.9995452165603638,0.1043124720454216,2.182480812072754,3.2170755863189697,0.02800000086426735,-40.70332564836168,-0.40279665336676806,0.0,geometry_msgs/msg/Point,fpn_msgs/msg/MHEOutput
1654798686255010604,1654798686.255010605,1654798686258520032,/terrasentia/mhe_output,fpn_msgs/msg/MHEOutput,652,1654798686,255010604,builtin_interfaces/msg/Time,,std_msgs/msg/Header,0.999771773815155,0.10470334440469742,2.1703171730041504,3.2206592559814453,0.02800000086426735,-40.76626483886351,-0.4023499163697117,0.0,geometry_msgs/msg/Point,fpn_msgs/msg/MHEOutput
1654798686454078674,1654798686.454078674,1654798686456964768,/terrasentia/mhe_output,fpn_msgs/msg/MHEOutput,653,1654798686,454078674,builtin_interfaces/msg/Time,,std_msgs/msg/Header,0.983278751373291,0.1050914078950882,2.164383888244629,3.2152912616729736,0.02800000086426735,-40.827551495423464,-0.3993782103739697,0.0,geometry_msgs/msg/Point,fpn_msgs/msg/MHEOutput
1654798686660803079,1654798686.660803080,1654798686662608736,/terrasentia/mhe_output,fpn_msgs/msg/MHEOutput,654,1654798686,660803079,builtin_interfaces/msg/Time,,std_msgs/msg/Header,0.9939604997634888,0.1054781973361969,2.1600122451782227,3.219538450241089,0.026000000536441803,-40.893099297479495,-0.4017090272108535,0.0,geometry_msgs/msg/Point,fpn_msgs/msg/MHEOutput
1654798686857288599,1654798686.857288599,1654798686864616512,/terrasentia/mhe_output,fpn_msgs/msg/MHEOutput,655,1654798686,857288599,builtin_interfaces/msg/Time,,std_msgs/msg/Header,0.9534114599227905,0.10659840703010559,2.1506073474884033,3.2055084705352783,0.02800000086426735,-40.94807365777028,-0.3918878778847272,0.0,geometry_msgs/msg/Point,fpn_msgs/msg/MHEOutput
1654798687053251743,1654798687.053251743,1654798687057385856,/terrasentia/mhe_output,fpn_msgs/msg/MHEOutput,656,1654798687,53251743,builtin_interfaces/msg/Time,,std_msgs/msg/Header,0.8792215585708618,0.10715098679065704,2.134643077850342,3.195512056350708,0.02800000086426735,-40.99593854584138,-0.38822562995797416,0.0,geometry_msgs/msg/Point,fpn_msgs/msg/MHEOutput
1654798687259783029,1654798687.259783030,1654798687261539392,/terrasentia/mhe_output,fpn_msgs/msg/MHEOutput,657,1654798687,259783029,builtin_interfaces/msg/Time,,std_msgs/msg/Header,0.9676589369773865,0.1075296700000763,2.1141018867492676,3.1810553073883057,0.02800000086426735,-41.08709559362577,-0.3782371714010679,0.0,geometry_msgs/msg/Point,fpn_msgs/msg/MHEOutput
1654798687452214241,1654798687.452214241,1654798687453704896,/terrasentia/mhe_output,fpn_msgs/msg/MHEOutput,658,1654798687,452214241,builtin_interfaces/msg/Time,,std_msgs/msg/Header,0.9966301321983337,0.10790599882602692,2.094787359237671,3.174940586090088,0.02800000086426735,-41.16992426591977,-0.37326771073754783,0.0,geometry_msgs/msg/Point,fpn_msgs/msg/MHEOutput
1654798687651463270,1654798687.651463270,1654798687652912928,/terrasentia/mhe_output,fpn_msgs/msg/MHEOutput,659,1654798687,651463270,builtin_interfaces/msg/Time,,std_msgs/msg/Header,0.9998977780342102,0.10913882404565811,2.0772273540496826,3.1752681732177734,0.027000000700354576,-41.23428071101886,-0.37118386946433707,0.0,geometry_msgs/msg/Point,fpn_msgs/msg/MHEOutput
1654798687855487346,1654798687.855487347,1654798687858018304,/terrasentia/mhe_output,fpn_msgs/msg/MHEOutput,660,1654798687,855487346,builtin_interfaces/msg/Time,,std_msgs/msg/Header,0.9998492002487183,0.11033165454864502,2.0629959106445312,3.1786694526672363,0.02800000086426735,-41.30698727247534,-0.3706275036589633,0.0,geometry_msgs/msg/Point,fpn_msgs/msg/MHEOutput
1654798688054126262,1654798688.054126263,1654798688056771776,/terrasentia/mhe_output,fpn_msgs/msg/MHEOutput,661,1654798688,54126262,builtin_interfaces/msg/Time,,std_msgs/msg/Header,0.9999366402626038,0.11069650202989578,2.050039529800415,3.179807424545288,0.02800000086426735,-41.38380059134241,-0.3668840804231746,0.0,geometry_msgs/msg/Point,fpn_msgs/msg/MHEOutput
1654798688261797189,1654798688.261797190,1654798688264223520,/terrasentia/mhe_output,fpn_msgs/msg/MHEOutput,662,1654798688,261797189,builtin_interfaces/msg/Time,,std_msgs/msg/Header,0.9991947412490845,0.11105949431657791,2.0461654663085938,3.192563533782959,0.02800000086426735,-41.46480703478285,-0.3738962583001606,0.0,geometry_msgs/msg/Point,fpn_msgs/msg/MHEOutput
1654798688449004173,1654798688.449004173,1654798688450649056,/terrasentia/mhe_output,fpn_msgs/msg/MHEOutput,663,1654798688,449004173,builtin_interfaces/msg/Time,,std_msgs/msg/Header,0.9598900079727173,0.11206835508346558,2.0480895042419434,3.183263063430786,0.02800000086426735,-41.53401340444459,-0.37358088242660653,0.0,geometry_msgs/msg/Point,fpn_msgs/msg/MHEOutput
1654798688650632143,1654798688.650632143,1654798688651647936,/terrasentia/mhe_output,fpn_msgs/msg/MHEOutput,664,1654798688,650632143,builtin_interfaces/msg/Time,,std_msgs/msg/Header,0.901195228099823,0.11257751286029816,2.0514228343963623,3.1676297187805176,0.02800000086426735,-41.59477370625658,-0.3783399120191521,0.0,geometry_msgs/msg/Point,fpn_msgs/msg/MHEOutput
1654798688849314928,1654798688.849314928,1654798688850771296,/terrasentia/mhe_output,fpn_msgs/msg/MHEOutput,665,1654798688,849314928,builtin_interfaces/msg/Time,,std_msgs/msg/Header,0.8914653658866882,0.12537835538387299,2.052618980407715,3.139285087585449,0.029999999329447746,-41.67025462754243,-0.3785294233485098,0.0,geometry_msgs/msg/Point,fpn_msgs/msg/MHEOutput
1654798689053180932,1654798689.053180933,1654798689055356288,/terrasentia/mhe_output,fpn_msgs/msg/MHEOutput,666,1654798689,53180932,builtin_interfaces/msg/Time,,std_msgs/msg/Header,0.999793291091919,0.20336998999118805,2.0566914081573486,3.0802736282348633,0.029999999329447746,-41.799506827647114,-0.3798926511278815,0.0,geometry_msgs/msg/Point,fpn_msgs/msg/MHEOutput
1654798689256121873,1654798689.256121874,1654798689258286464,/terrasentia/mhe_output,fpn_msgs/msg/MHEOutput,667,1654798689,256121873,builtin_interfaces/msg/Time,,std_msgs/msg/Header,0.9997709393501282,0.22964030504226685,2.063150644302368,3.0744452476501465,0.03200000151991844,-41.88169820819826,-0.37800588057912493,0.0,geometry_msgs/msg/Point,fpn_msgs/msg/MHEOutput
1654798689458693742,1654798689.458693743,1654798689459956736,/terrasentia/mhe_output,fpn_msgs/msg/MHEOutput,668,1654798689,458693742,builtin_interfaces/msg/Time,,std_msgs/msg/Header,0.9820970296859741,0.20827418565750122,2.075213670730591,3.1018731594085693,0.03200000151991844,-41.95202634061138,-0.389268593646127,0.0,geometry_msgs/msg/Point,fpn_msgs/msg/MHEOutput
1654798689649812698,1654798689.649812698,1654798689652064768,/terrasentia/mhe_output,fpn_msgs/msg/MHEOutput,669,1654798689,649812698,builtin_interfaces/msg/Time,,std_msgs/msg/Header,0.9469162225723267,0.17826113104820251,2.0908148288726807,3.1252076625823975,0.027000000700354576,-42.01718567017419,-0.40489036694867425,0.0,geometry_msgs/msg/Point,fpn_msgs/msg/MHEOutput
1654798689850484848,1654798689.850484848,1654798689852532512,/terrasentia/mhe_output,fpn_msgs/msg/MHEOutput,670,1654798689,850484848,builtin_interfaces/msg/Time,,std_msgs/msg/Header,0.8944400548934937,0.1583821028470993,2.108137845993042,3.141956329345703,0.027000000700354576,-42.07261501522158,-0.4136791326051849,0.0,geometry_msgs/msg/Point,fpn_msgs/msg/MHEOutput
1654798690053856372,1654798690.053856373,1654798690060651360,/terrasentia/mhe_output,fpn_msgs/msg/MHEOutput,671,1654798690,53856372,builtin_interfaces/msg/Time,,std_msgs/msg/Header,0.8507877588272095,0.20874497294425964,2.1200757026672363,3.1544699668884277,0.02800000086426735,-42.13242726195234,-0.4269841132904475,0.0,geometry_msgs/msg/Point,fpn_msgs/msg/MHEOutput
1654798690247243165,1654798690.247243166,1654798690248891168,/terrasentia/mhe_output,fpn_msgs/msg/MHEOutput,672,1654798690,247243165,builtin_interfaces/msg/Time,,std_msgs/msg/Header,0.8352177739143372,0.24369847774505615,2.1293389797210693,3.1608409881591797,0.02800000086426735,-42.20831375660092,-0.4333221209035207,0.0,geometry_msgs/msg/Point,fpn_msgs/msg/MHEOutput
1654798690447812318,1654798690.447812319,1654798690448911008,/terrasentia/mhe_output,fpn_msgs/msg/MHEOutput,673,1654798690,447812318,builtin_interfaces/msg/Time,,std_msgs/msg/Header,0.8280034065246582,0.2592989206314087,2.1301205158233643,3.104867458343506,0.02800000086426735,-42.28734101167776,-0.4292424584345247,0.0,geometry_msgs/msg/Point,fpn_msgs/msg/MHEOutput
1654798690650023698,1654798690.650023699,1654798690652432160,/terrasentia/mhe_output,fpn_msgs/msg/MHEOutput,674,1654798690,650023698,builtin_interfaces/msg/Time,,std_msgs/msg/Header,0.9472370743751526,0.0876685157418251,2.1277413368225098,3.1467058658599854,0.02800000086426735,-42.402916256973576,-0.4380880373732556,0.0,geometry_msgs/msg/Point,fpn_msgs/msg/MHEOutput
1654798690859704732,1654798690.859704733,1654798690861777024,/terrasentia/mhe_output,fpn_msgs/msg/MHEOutput,675,1654798690,859704732,builtin_interfaces/msg/Time,,std_msgs/msg/Header,0.999643087387085,0.04515853896737099,2.128826141357422,3.1541976928710938,0.02800000086426735,-42.50259174939119,-0.44547965175733895,0.0,geometry_msgs/msg/Point,fpn_msgs/msg/MHEOutput
1654798691062114953,1654798691.062114954,1654798691064359136,/terrasentia/mhe_output,fpn_msgs/msg/MHEOutput,676,1654798691,62114953,builtin_interfaces/msg/Time,,std_msgs/msg/Header,0.9999867677688599,0.059958767145872116,2.1334571838378906,3.153012275695801,0.02800000086426735,-42.59812134370309,-0.449464432602611,0.0,geometry_msgs/msg/Point,fpn_msgs/msg/MHEOutput
1654798691254458665,1654798691.254458666,1654798691259324544,/terrasentia/mhe_output,fpn_msgs/msg/MHEOutput,677,1654798691,254458665,builtin_interfaces/msg/Time,,std_msgs/msg/Header,0.9999691247940063,0.1207006424665451,2.1419053077697754,3.1552021503448486,0.02800000086426735,-42.683263996279976,-0.4543114805300201,0.0,geometry_msgs/msg/Point,fpn_msgs/msg/MHEOutput
1654798691453823804,1654798691.453823805,1654798691456365728,/terrasentia/mhe_output,fpn_msgs/msg/MHEOutput,678,1654798691,453823804,builtin_interfaces/msg/Time,,std_msgs/msg/Header,0.9997791647911072,0.16858789324760437,2.149890422821045,3.156940460205078,0.02800000086426735,-42.771754452460826,-0.4596078202839602,0.0,geometry_msgs/msg/Point,fpn_msgs/msg/MHEOutput
1654798691656353235,1654798691.656353235,1654798691658039264,/terrasentia/mhe_output,fpn_msgs/msg/MHEOutput,679,1654798691,656353235,builtin_interfaces/msg/Time,,std_msgs/msg/Header,0.9826086759567261,0.26539182662963867,2.1569669246673584,3.1538312435150146,0.02800000086426735,-42.8502425431072,-0.4574399011674393,0.0,geometry_msgs/msg/Point,fpn_msgs/msg/MHEOutput
1654798691849679946,1654798691.849679947,1654798691851410944,/terrasentia/mhe_output,fpn_msgs/msg/MHEOutput,680,1654798691,849679946,builtin_interfaces/msg/Time,,std_msgs/msg/Header,0.9399331212043762,0.336031436920166,2.161771059036255,3.1448726654052734,0.026000000536441803,-42.915414764897946,-0.4530021020721272,0.0,geometry_msgs/msg/Point,fpn_msgs/msg/MHEOutput
1654798692056374788,1654798692.056374788,1654798692057958080,/terrasentia/mhe_output,fpn_msgs/msg/MHEOutput,681,1654798692,56374788,builtin_interfaces/msg/Time,,std_msgs/msg/Header,0.904087483882904,0.3361872434616089,2.1581270694732666,3.1223132610321045,0.026000000536441803,-42.980091779944686,-0.4413988367360032,0.0,geometry_msgs/msg/Point,fpn_msgs/msg/MHEOutput
1654798692259919643,1654798692.259919643,1654798692261766208,/terrasentia/mhe_output,fpn_msgs/msg/MHEOutput,682,1654798692,259919643,builtin_interfaces/msg/Time,,std_msgs/msg/Header,0.8798865675926208,0.3363422751426697,2.161350965499878,3.082732677459717,0.026000000536441803,-42.9769385850534,-0.4251763101870562,0.0,geometry_msgs/msg/Point,fpn_msgs/msg/MHEOutput
1654798692460347652,1654798692.460347652,1654798692463215936,/terrasentia/mhe_output,fpn_msgs/msg/MHEOutput,683,1654798692,460347652,builtin_interfaces/msg/Time,,std_msgs/msg/Header,0.8800278306007385,0.33651307225227356,2.164639949798584,3.0705478191375732,0.026000000536441803,-42.98761912082583,-0.4220457272882625,0.0,geometry_msgs/msg/Point,fpn_msgs/msg/MHEOutput
1654798692660378932,1654798692.660378933,1654798692661007008,/terrasentia/mhe_output,fpn_msgs/msg/MHEOutput,684,1654798692,660378932,builtin_interfaces/msg/Time,,std_msgs/msg/Header,0.9957489967346191,0.3365796208381653,2.1723825931549072,3.0683014392852783,0.026000000536441803,-43.0224923347204,-0.42264175875948823,0.0,geometry_msgs/msg/Point,fpn_msgs/msg/MHEOutput
1654798692856291055,1654798692.856291056,1654798692857490400,/terrasentia/mhe_output,fpn_msgs/msg/MHEOutput,685,1654798692,856291055,builtin_interfaces/msg/Time,,std_msgs/msg/Header,0.9999035596847534,0.33664610981941223,2.180868625640869,3.062161684036255,0.026000000536441803,-43.08094256482818,-0.4178241309887191,0.0,geometry_msgs/msg/Point,fpn_msgs/msg/MHEOutput
1654798693049539804,1654798693.049539804,1654798693057892992,/terrasentia/mhe_output,fpn_msgs/msg/MHEOutput,686,1654798693,49539804,builtin_interfaces/msg/Time,,std_msgs/msg/Header,0.9995167851448059,0.3367125689983368,2.1906285285949707,3.0547635555267334,0.026000000536441803,-43.15183377812825,-0.4104667144839736,0.0,geometry_msgs/msg/Point,fpn_msgs/msg/MHEOutput
1654798693253228187,1654798693.253228188,1654798693254523104,/terrasentia/mhe_output,fpn_msgs/msg/MHEOutput,687,1654798693,253228187,builtin_interfaces/msg/Time,,std_msgs/msg/Header,0.6654600501060486,0.33690908551216125,2.1957616806030273,3.0399467945098877,0.027000000700354576,-43.13921111811609,-0.40910754918299486,0.0,geometry_msgs/msg/Point,fpn_msgs/msg/MHEOutput
1654798693461864471,1654798693.461864471,1654798693462705856,/terrasentia/mhe_output,fpn_msgs/msg/MHEOutput,688,1654798693,461864471,builtin_interfaces/msg/Time,,std_msgs/msg/Header,0.3742685914039612,0.33701083064079285,2.2006261348724365,3.032808542251587,0.027000000700354576,-43.11901714002496,-0.41703813011061325,0.0,geometry_msgs/msg/Point,fpn_msgs/msg/MHEOutput
1654798693649032592,1654798693.649032593,1654798693650768032,/terrasentia/mhe_output,fpn_msgs/msg/MHEOutput,689,1654798693,649032592,builtin_interfaces/msg/Time,,std_msgs/msg/Header,0.4512891173362732,0.3370981514453888,2.2023634910583496,3.0200817584991455,0.027000000700354576,-43.199518486977915,-0.40592788828788506,0.0,geometry_msgs/msg/Point,fpn_msgs/msg/MHEOutput
1654798693846978664,1654798693.846978664,1654798693849393184,/terrasentia/mhe_output,fpn_msgs/msg/MHEOutput,690,1654798693,846978664,builtin_interfaces/msg/Time,,std_msgs/msg/Header,0.5395597219467163,0.33718425035476685,2.2024381160736084,3.040855884552002,0.027000000700354576,-43.28757526353031,-0.40762443951385025,0.0,geometry_msgs/msg/Point,fpn_msgs/msg/MHEOutput
1654798694057322502,1654798694.057322502,1654798694058600640,/terrasentia/mhe_output,fpn_msgs/msg/MHEOutput,691,1654798694,57322502,builtin_interfaces/msg/Time,,std_msgs/msg/Header,0.6407304406166077,0.33726972341537476,2.205460786819458,3.1269664764404297,0.027000000700354576,-43.38599243038193,-0.41115241505224837,0.0,geometry_msgs/msg/Point,fpn_msgs/msg/MHEOutput
1654798694250754117,1654798694.250754118,1654798694252751552,/terrasentia/mhe_output,fpn_msgs/msg/MHEOutput,692,1654798694,250754117,builtin_interfaces/msg/Time,,std_msgs/msg/Header,0.7937695384025574,0.45080825686454773,2.206183671951294,3.150334596633911,0.027000000700354576,-43.520746521408014,-0.4034657686459246,0.0,geometry_msgs/msg/Point,fpn_msgs/msg/MHEOutput
1654798694459140300,1654798694.459140301,1654798694460563040,/terrasentia/mhe_output,fpn_msgs/msg/MHEOutput,693,1654798694,459140300,builtin_interfaces/msg/Time,,std_msgs/msg/Header,0.9741457104682922,0.5673516988754272,2.207010269165039,3.1810922622680664,0.02800000086426735,-43.68108904037001,-0.41354573961863245,0.0,geometry_msgs/msg/Point,fpn_msgs/msg/MHEOutput
1654798694659456253,1654798694.659456253,1654798694661261664,/terrasentia/mhe_output,fpn_msgs/msg/MHEOutput,694,1654798694,659456253,builtin_interfaces/msg/Time,,std_msgs/msg/Header,0.9999725222587585,0.6596645712852478,2.2092607021331787,3.207507610321045,0.026000000536441803,-43.77986103448562,-0.43269128255882794,0.0,geometry_msgs/msg/Point,fpn_msgs/msg/MHEOutput
1654798694864808082,1654798694.864808083,1654798694868007968,/terrasentia/mhe_output,fpn_msgs/msg/MHEOutput,695,1654798694,864808082,builtin_interfaces/msg/Time,,std_msgs/msg/Header,0.9999390244483948,0.70062655210495,2.2032999992370605,3.2028205394744873,0.026000000536441803,-43.881574619602645,-0.43188479408815383,0.0,geometry_msgs/msg/Point,fpn_msgs/msg/MHEOutput
1654798695052408933,1654798695.052408934,1654798695059874912,/terrasentia/mhe_output,fpn_msgs/msg/MHEOutput,696,1654798695,52408933,builtin_interfaces/msg/Time,,std_msgs/msg/Header,0.9999700784683228,0.672624409198761,2.200472831726074,3.2068185806274414,0.026000000536441803,-43.98095174919063,-0.4355183315345278,0.0,geometry_msgs/msg/Point,fpn_msgs/msg/MHEOutput
1654798695250320911,1654798695.250320911,1654798695252604384,/terrasentia/mhe_output,fpn_msgs/msg/MHEOutput,697,1654798695,250320911,builtin_interfaces/msg/Time,,std_msgs/msg/Header,0.9997345209121704,0.6482007503509521,2.1898787021636963,3.1905128955841064,0.026000000536441803,-44.07182909899401,-0.43314178877751497,0.0,geometry_msgs/msg/Point,fpn_msgs/msg/MHEOutput
1654798695457143068,1654798695.457143068,1654798695459718208,/terrasentia/mhe_output,fpn_msgs/msg/MHEOutput,698,1654798695,457143068,builtin_interfaces/msg/Time,,std_msgs/msg/Header,0.998926043510437,0.6115319132804871,2.1789705753326416,3.1720783710479736,0.026000000536441803,-44.174632092815166,-0.42064676099520465,0.0,geometry_msgs/msg/Point,fpn_msgs/msg/MHEOutput
1654798695653862953,1654798695.653862953,1654798695656767552,/terrasentia/mhe_output,fpn_msgs/msg/MHEOutput,699,1654798695,653862953,builtin_interfaces/msg/Time,,std_msgs/msg/Header,0.942592203617096,0.6114848256111145,2.175163984298706,3.170118808746338,0.02500000037252903,-44.26207880728803,-0.41823840597196504,0.0,geometry_msgs/msg/Point,fpn_msgs/msg/MHEOutput
1654798695851068735,1654798695.851068735,1654798695852126432,/terrasentia/mhe_output,fpn_msgs/msg/MHEOutput,700,1654798695,851068735,builtin_interfaces/msg/Time,,std_msgs/msg/Header,0.9433488845825195,0.6114377975463867,2.165888786315918,3.159146547317505,0.026000000536441803,-44.37450530881586,-0.416312013086165,0.0,geometry_msgs/msg/Point,fpn_msgs/msg/MHEOutput
1654798696061947345,1654798696.061947346,1654798696063410272,/terrasentia/mhe_output,fpn_msgs/msg/MHEOutput,701,1654798696,61947345,builtin_interfaces/msg/Time,,std_msgs/msg/Header,0.9457088708877563,0.6113907694816589,2.1564414501190186,3.1467063426971436,0.026000000536441803,-44.477100830732475,-0.4063715068684702,0.0,geometry_msgs/msg/Point,fpn_msgs/msg/MHEOutput
1654798696257002592,1654798696.257002592,1654798696262162496,/terrasentia/mhe_output,fpn_msgs/msg/MHEOutput,702,1654798696,257002592,builtin_interfaces/msg/Time,,std_msgs/msg/Header,0.9674819707870483,0.6113437414169312,2.15217661857605,3.156003475189209,0.026000000536441803,-44.59572550187283,-0.41031417778577084,0.0,geometry_msgs/msg/Point,fpn_msgs/msg/MHEOutput
1654798696451154470,1654798696.451154470,1654798696452618048,/terrasentia/mhe_output,fpn_msgs/msg/MHEOutput,703,1654798696,451154470,builtin_interfaces/msg/Time,,std_msgs/msg/Header,0.9745153784751892,0.6113011837005615,2.148075580596924,3.13946795463562,0.026000000536441803,-44.70733580038364,-0.3993257058772975,0.0,geometry_msgs/msg/Point,fpn_msgs/msg/MHEOutput
1654798696654767274,1654798696.654767275,1654798696657219008,/terrasentia/mhe_output,fpn_msgs/msg/MHEOutput,704,1654798696,654767274,builtin_interfaces/msg/Time,,std_msgs/msg/Header,0.9783385396003723,0.6112586259841919,2.142233371734619,3.137421131134033,0.02800000086426735,-44.818876804332,-0.3956330249836575,0.0,geometry_msgs/msg/Point,fpn_msgs/msg/MHEOutput
1654798696870066881,1654798696.870066881,1654798696872262976,/terrasentia/mhe_output,fpn_msgs/msg/MHEOutput,705,1654798696,870066881,builtin_interfaces/msg/Time,,std_msgs/msg/Header,0.9999011754989624,0.6112117767333984,2.1372618675231934,3.148538827896118,0.02800000086426735,-44.95676122471298,-0.4033015945178117,0.0,geometry_msgs/msg/Point,fpn_msgs/msg/MHEOutput
1654798697058564662,1654798697.058564663,1654798697061820960,/terrasentia/mhe_output,fpn_msgs/msg/MHEOutput,706,1654798697,58564662,builtin_interfaces/msg/Time,,std_msgs/msg/Header,0.999678909778595,0.611164927482605,2.1286091804504395,3.1545896530151367,0.02800000086426735,-45.06340191757718,-0.4098518266322497,0.0,geometry_msgs/msg/Point,fpn_msgs/msg/MHEOutput
1654798697253345251,1654798697.253345251,1654798697257099168,/terrasentia/mhe_output,fpn_msgs/msg/MHEOutput,707,1654798697,253345251,builtin_interfaces/msg/Time,,std_msgs/msg/Header,0.9874163866043091,0.6111181974411011,2.114826202392578,3.150643825531006,0.02800000086426735,-45.168507514026146,-0.4024848399502739,0.0,geometry_msgs/msg/Point,fpn_msgs/msg/MHEOutput
1654798697454538822,1654798697.454538822,1654798697458867040,/terrasentia/mhe_output,fpn_msgs/msg/MHEOutput,708,1654798697,454538822,builtin_interfaces/msg/Time,,std_msgs/msg/Header,0.9800382256507874,0.6110756993293762,2.1039528846740723,3.1621580123901367,0.02800000086426735,-45.27025876325983,-0.4104022675743676,0.0,geometry_msgs/msg/Point,fpn_msgs/msg/MHEOutput
1654798697660857915,1654798697.660857916,1654798697665888864,/terrasentia/mhe_output,fpn_msgs/msg/MHEOutput,709,1654798697,660857915,builtin_interfaces/msg/Time,,std_msgs/msg/Header,0.9376940727233887,0.6110288500785828,2.0941426753997803,3.165620803833008,0.027000000700354576,-45.36052323193681,-0.41456981318565084,0.0,geometry_msgs/msg/Point,fpn_msgs/msg/MHEOutput
1654798697857357263,1654798697.857357264,1654798697858612768,/terrasentia/mhe_output,fpn_msgs/msg/MHEOutput,710,1654798697,857357263,builtin_interfaces/msg/Time,,std_msgs/msg/Header,0.9420849084854126,0.6109820008277893,2.0877747535705566,2.931722640991211,0.027000000700354576,-45.47430930061051,-0.40704841597818125,0.0,geometry_msgs/msg/Point,fpn_msgs/msg/MHEOutput
1654798698058441400,1654798698.058441401,1654798698062507680,/terrasentia/mhe_output,fpn_msgs/msg/MHEOutput,711,1654798698,58441400,builtin_interfaces/msg/Time,,std_msgs/msg/Header,0.9182748794555664,0.2885408103466034,2.0777502059936523,3.0804176330566406,0.027000000700354576,-45.572294051777014,-0.42057273341569024,0.0,geometry_msgs/msg/Point,fpn_msgs/msg/MHEOutput
1654798698261302709,1654798698.261302710,1654798698264103264,/terrasentia/mhe_output,fpn_msgs/msg/MHEOutput,712,1654798698,261302709,builtin_interfaces/msg/Time,,std_msgs/msg/Header,0.9205761551856995,0.15255135297775269,2.07450795173645,3.1430766582489014,0.027000000700354576,-45.68741825854767,-0.43619595138045,0.0,geometry_msgs/msg/Point,fpn_msgs/msg/MHEOutput
1654798698456560134,1654798698.456560135,1654798698458350624,/terrasentia/mhe_output,fpn_msgs/msg/MHEOutput,713,1654798698,456560134,builtin_interfaces/msg/Time,,std_msgs/msg/Header,0.9928093552589417,0.2040962129831314,2.0849363803863525,3.143723249435425,0.027000000700354576,-45.82242845458198,-0.44702060401393984,0.0,geometry_msgs/msg/Point,fpn_msgs/msg/MHEOutput
1654798698650119543,1654798698.650119543,1654798698651857472,/terrasentia/mhe_output,fpn_msgs/msg/MHEOutput,714,1654798698,650119543,builtin_interfaces/msg/Time,,std_msgs/msg/Header,0.9999815821647644,0.1812571883201599,2.1075124740600586,3.1895737648010254,0.027000000700354576,-45.95209765290493,-0.4842551903556014,0.0,geometry_msgs/msg/Point,fpn_msgs/msg/MHEOutput
1654798698858443260,1654798698.858443260,1654798698859303808,/terrasentia/mhe_output,fpn_msgs/msg/MHEOutput,715,1654798698,858443260,builtin_interfaces/msg/Time,,std_msgs/msg/Header,0.9999586939811707,0.14534057676792145,2.129115581512451,3.218982458114624,0.027000000700354576,-46.06480432979714,-0.5161796404546751,0.0,geometry_msgs/msg/Point,fpn_msgs/msg/MHEOutput
1654798699056638956,1654798699.056638956,1654798699060555808,/terrasentia/mhe_output,fpn_msgs/msg/MHEOutput,716,1654798699,56638956,builtin_interfaces/msg/Time,,std_msgs/msg/Header,0.9999534487724304,0.15162858366966248,2.1516244411468506,3.221764326095581,0.027000000700354576,-46.177574629932124,-0.5378743510626263,0.0,geometry_msgs/msg/Point,fpn_msgs/msg/MHEOutput
1654798699258339881,1654798699.258339882,1654798699260236960,/terrasentia/mhe_output,fpn_msgs/msg/MHEOutput,717,1654798699,258339881,builtin_interfaces/msg/Time,,std_msgs/msg/Header,0.9933589100837708,0.22150470316410065,2.170297622680664,3.2239997386932373,0.027000000700354576,-46.28747901296574,-0.554933671942608,0.0,geometry_msgs/msg/Point,fpn_msgs/msg/MHEOutput
1654798699451049327,1654798699.451049328,1654798699454865664,/terrasentia/mhe_output,fpn_msgs/msg/MHEOutput,718,1654798699,451049327,builtin_interfaces/msg/Time,,std_msgs/msg/Header,0.9848798513412476,0.3130754232406616,2.1835646629333496,3.21533465385437,0.027000000700354576,-46.39564485989936,-0.563004017452456,0.0,geometry_msgs/msg/Point,fpn_msgs/msg/MHEOutput
1654798699650416374,1654798699.650416374,1654798699651031584,/terrasentia/mhe_output,fpn_msgs/msg/MHEOutput,719,1654798699,650416374,builtin_interfaces/msg/Time,,std_msgs/msg/Header,0.9460501074790955,0.37813812494277954,2.1902124881744385,3.2032904624938965,0.026000000536441803,-46.489781662344754,-0.5636005190526787,0.0,geometry_msgs/msg/Point,fpn_msgs/msg/MHEOutput
1654798699860087633,1654798699.860087633,1654798699861886624,/terrasentia/mhe_output,fpn_msgs/msg/MHEOutput,720,1654798699,860087633,builtin_interfaces/msg/Time,,std_msgs/msg/Header,0.9297203421592712,0.3901933431625366,2.1878714561462402,3.183230400085449,0.026000000536441803,-46.59246422854315,-0.5584828722723608,0.0,geometry_msgs/msg/Point,fpn_msgs/msg/MHEOutput
1654798700047816276,1654798700.047816277,1654798700049426368,/terrasentia/mhe_output,fpn_msgs/msg/MHEOutput,721,1654798700,47816276,builtin_interfaces/msg/Time,,std_msgs/msg/Header,0.9068533182144165,0.41560330986976624,2.1770622730255127,3.175309419631958,0.026000000536441803,-46.69618965345297,-0.5575376033450802,0.0,geometry_msgs/msg/Point,fpn_msgs/msg/MHEOutput
1654798700259773254,1654798700.259773254,1654798700260319200,/terrasentia/mhe_output,fpn_msgs/msg/MHEOutput,722,1654798700,259773254,builtin_interfaces/msg/Time,,std_msgs/msg/Header,0.9945769309997559,0.4562021493911743,2.167102336883545,3.155952215194702,0.027000000700354576,-46.84171374969928,-0.5437910538580861,0.0,geometry_msgs/msg/Point,fpn_msgs/msg/MHEOutput
1654798700470601320,1654798700.470601320,1654798700472798720,/terrasentia/mhe_output,fpn_msgs/msg/MHEOutput,723,1654798700,470601320,builtin_interfaces/msg/Time,,std_msgs/msg/Header,0.9802197813987732,0.47543632984161377,2.1581497192382812,3.1350347995758057,0.027000000700354576,-46.94213964527351,-0.53220639608411,0.0,geometry_msgs/msg/Point,fpn_msgs/msg/MHEOutput
1654798700653558731,1654798700.653558731,1654798700656738304,/terrasentia/mhe_output,fpn_msgs/msg/MHEOutput,724,1654798700,653558731,builtin_interfaces/msg/Time,,std_msgs/msg/Header,0.9773750901222229,0.4727388024330139,2.148437738418579,3.1241767406463623,0.027000000700354576,-47.054074130855355,-0.5223151577968594,0.0,geometry_msgs/msg/Point,fpn_msgs/msg/MHEOutput
1654798700851955652,1654798700.851955652,1654798700853368032,/terrasentia/mhe_output,fpn_msgs/msg/MHEOutput,725,1654798700,851955652,builtin_interfaces/msg/Time,,std_msgs/msg/Header,0.999978244304657,0.4710036516189575,2.1408133506774902,3.118194580078125,0.027000000700354576,-47.19144272732878,-0.514748428802012,0.0,geometry_msgs/msg/Point,fpn_msgs/msg/MHEOutput
1654798701059341430,1654798701.059341431,1654798701060991392,/terrasentia/mhe_output,fpn_msgs/msg/MHEOutput,726,1654798701,59341430,builtin_interfaces/msg/Time,,std_msgs/msg/Header,0.9999890327453613,0.4727849066257477,2.136223316192627,3.115971565246582,0.027000000700354576,-47.31543146679252,-0.5100969581711163,0.0,geometry_msgs/msg/Point,fpn_msgs/msg/MHEOutput
1654798701268172740,1654798701.268172741,1654798701271191168,/terrasentia/mhe_output,fpn_msgs/msg/MHEOutput,727,1654798701,268172740,builtin_interfaces/msg/Time,,std_msgs/msg/Header,0.9999834895133972,0.4763016104698181,2.1355724334716797,3.1146445274353027,0.02800000086426735,-47.42722491871454,-0.5061830950368569,0.0,geometry_msgs/msg/Point,fpn_msgs/msg/MHEOutput
1654798701463386774,1654798701.463386774,1654798701465514272,/terrasentia/mhe_output,fpn_msgs/msg/MHEOutput,728,1654798701,463386774,builtin_interfaces/msg/Time,,std_msgs/msg/Header,0.9997211694717407,0.48034384846687317,2.1390082836151123,3.116628408432007,0.02800000086426735,-47.53879284234197,-0.5047119233161049,0.0,geometry_msgs/msg/Point,fpn_msgs/msg/MHEOutput
1654798701664097309,1654798701.664097309,1654798701666670336,/terrasentia/mhe_output,fpn_msgs/msg/MHEOutput,729,1654798701,664097309,builtin_interfaces/msg/Time,,std_msgs/msg/Header,0.9857563376426697,0.4845045208930969,2.1474878787994385,3.1213953495025635,0.02800000086426735,-47.64329212217448,-0.5054449179384831,0.0,geometry_msgs/msg/Point,fpn_msgs/msg/MHEOutput
1654798701851150512,1654798701.851150513,1654798701851910752,/terrasentia/mhe_output,fpn_msgs/msg/MHEOutput,730,1654798701,851150512,builtin_interfaces/msg/Time,,std_msgs/msg/Header,0.9572480916976929,0.4874381124973297,2.153824806213379,3.1263060569763184,0.027000000700354576,-47.73853118844702,-0.5087159011411814,0.0,geometry_msgs/msg/Point,fpn_msgs/msg/MHEOutput
1654798702051980257,1654798702.051980257,1654798702054014624,/terrasentia/mhe_output,fpn_msgs/msg/MHEOutput,731,1654798702,51980257,builtin_interfaces/msg/Time,,std_msgs/msg/Header,0.8959590196609497,0.48744431138038635,2.1579389572143555,3.1311280727386475,0.027000000700354576,-47.822025569536166,-0.5120989246082978,0.0,geometry_msgs/msg/Point,fpn_msgs/msg/MHEOutput
1654798702248168468,1654798702.248168468,1654798702249888096,/terrasentia/mhe_output,fpn_msgs/msg/MHEOutput,732,1654798702,248168468,builtin_interfaces/msg/Time,,std_msgs/msg/Header,0.8553858995437622,0.48745042085647583,2.159780740737915,3.1358237266540527,0.027000000700354576,-47.91293191577599,-0.5152747143027527,0.0,geometry_msgs/msg/Point,fpn_msgs/msg/MHEOutput
1654798702448343753,1654798702.448343754,1654798702450368512,/terrasentia/mhe_output,fpn_msgs/msg/MHEOutput,733,1654798702,448343753,builtin_interfaces/msg/Time,,std_msgs/msg/Header,0.9267557263374329,0.4874553978443146,2.15728497505188,3.132906198501587,0.02800000086426735,-48.053026457110285,-0.5108177473623896,0.0,geometry_msgs/msg/Point,fpn_msgs/msg/MHEOutput
1654798702650100708,1654798702.650100708,1654798702651203328,/terrasentia/mhe_output,fpn_msgs/msg/MHEOutput,734,1654798702,650100708,builtin_interfaces/msg/Time,,std_msgs/msg/Header,0.9999908208847046,0.48746034502983093,2.1544840335845947,3.1368069648742676,0.028999999165534973,-48.20587938093416,-0.5132195844020151,0.0,geometry_msgs/msg/Point,fpn_msgs/msg/MHEOutput
1654798702849789381,1654798702.849789381,1654798702852339232,/terrasentia/mhe_output,fpn_msgs/msg/MHEOutput,735,1654798702,849789381,builtin_interfaces/msg/Time,,std_msgs/msg/Header,0.9999496936798096,0.4874660074710846,2.152496337890625,3.139169692993164,0.028999999165534973,-48.322818097637324,-0.5148817624893344,0.0,geometry_msgs/msg/Point,fpn_msgs/msg/MHEOutput
1654798703061746120,1654798703.061746120,1654798703064074336,/terrasentia/mhe_output,fpn_msgs/msg/MHEOutput,736,1654798703,61746120,builtin_interfaces/msg/Time,,std_msgs/msg/Header,0.9999712705612183,0.48747098445892334,2.149765729904175,3.143704652786255,0.029999999329447746,-48.44774052188155,-0.5181128785780231,0.0,geometry_msgs/msg/Point,fpn_msgs/msg/MHEOutput
1654798703264255046,1654798703.264255047,1654798703266561376,/terrasentia/mhe_output,fpn_msgs/msg/MHEOutput,737,1654798703,264255046,builtin_interfaces/msg/Time,,std_msgs/msg/Header,0.9839963912963867,0.4874759316444397,2.1492011547088623,3.156125068664551,0.029999999329447746,-48.56453098847435,-0.5294422744823982,0.0,geometry_msgs/msg/Point,fpn_msgs/msg/MHEOutput
1654798703456268072,1654798703.456268072,1654798703460409344,/terrasentia/mhe_output,fpn_msgs/msg/MHEOutput,738,1654798703,456268072,builtin_interfaces/msg/Time,,std_msgs/msg/Header,0.9451623558998108,0.48748087882995605,2.1503336429595947,3.155351400375366,0.03099999949336052,-48.67737276345867,-0.5288621518344434,0.0,geometry_msgs/msg/Point,fpn_msgs/msg/MHEOutput
1654798703654490709,1654798703.654490709,1654798703657809920,/terrasentia/mhe_output,fpn_msgs/msg/MHEOutput,739,1654798703,654490709,builtin_interfaces/msg/Time,,std_msgs/msg/Header,0.983746349811554,0.48748543858528137,2.1496617794036865,3.1567294597625732,0.03200000151991844,-48.84911788875671,-0.5304788236065042,0.0,geometry_msgs/msg/Point,fpn_msgs/msg/MHEOutput
1654798703843384027,1654798703.843384027,1654798703845312864,/terrasentia/mhe_output,fpn_msgs/msg/MHEOutput,740,1654798703,843384027,builtin_interfaces/msg/Time,,std_msgs/msg/Header,0.9119541645050049,0.4874916076660156,2.149050235748291,3.157027006149292,0.03200000151991844,-48.93841210856815,-0.530274808295646,0.0,geometry_msgs/msg/Point,fpn_msgs/msg/MHEOutput
1654798704049942016,1654798704.049942017,1654798704051160960,/terrasentia/mhe_output,fpn_msgs/msg/MHEOutput,741,1654798704,49942016,builtin_interfaces/msg/Time,,std_msgs/msg/Header,0.8952687382698059,0.4874979555606842,2.144338846206665,3.148996114730835,0.03099999949336052,-49.0604392860705,-0.5266511239595054,0.0,geometry_msgs/msg/Point,fpn_msgs/msg/MHEOutput
1654798704257462978,1654798704.257462978,1654798704258716992,/terrasentia/mhe_output,fpn_msgs/msg/MHEOutput,742,1654798704,257462978,builtin_interfaces/msg/Time,,std_msgs/msg/Header,0.9533975124359131,0.48750290274620056,2.1422224044799805,3.1512341499328613,0.03099999949336052,-49.21619411437286,-0.5310708638321157,0.0,geometry_msgs/msg/Point,fpn_msgs/msg/MHEOutput
1654798704446477651,1654798704.446477652,1654798704448649888,/terrasentia/mhe_output,fpn_msgs/msg/MHEOutput,743,1654798704,446477651,builtin_interfaces/msg/Time,,std_msgs/msg/Header,0.957432210445404,0.48750782012939453,2.1369898319244385,3.1490511894226074,0.03099999949336052,-49.35262549895878,-0.5294502524318999,0.0,geometry_msgs/msg/Point,fpn_msgs/msg/MHEOutput
1654798704659238100,1654798704.659238100,1654798704661639232,/terrasentia/mhe_output,fpn_msgs/msg/MHEOutput,744,1654798704,659238100,builtin_interfaces/msg/Time,,std_msgs/msg/Header,0.9655196070671082,0.4875127673149109,2.1340553760528564,3.1503782272338867,0.029999999329447746,-49.49260927732471,-0.5328737885363605,0.0,geometry_msgs/msg/Point,fpn_msgs/msg/MHEOutput
1654798704849442005,1654798704.849442005,1654798704852189760,/terrasentia/mhe_output,fpn_msgs/msg/MHEOutput,745,1654798704,849442005,builtin_interfaces/msg/Time,,std_msgs/msg/Header,0.935466468334198,0.48751771450042725,2.1355226039886475,3.1599864959716797,0.029999999329447746,-49.6131485492737,-0.5402937785343597,0.0,geometry_msgs/msg/Point,fpn_msgs/msg/MHEOutput
1654798705057410717,1654798705.057410717,1654798705059047232,/terrasentia/mhe_output,fpn_msgs/msg/MHEOutput,746,1654798705,57410717,builtin_interfaces/msg/Time,,std_msgs/msg/Header,0.9308275580406189,0.4875226318836212,2.1389780044555664,3.181065797805786,0.028999999165534973,-49.748808585497606,-0.5636084883776998,0.0,geometry_msgs/msg/Point,fpn_msgs/msg/MHEOutput
1654798705252574205,1654798705.252574205,1654798705256145728,/terrasentia/mhe_output,fpn_msgs/msg/MHEOutput,747,1654798705,252574205,builtin_interfaces/msg/Time,,std_msgs/msg/Header,0.9996288418769836,0.48752719163894653,2.141587495803833,3.184701442718506,0.028999999165534973,-49.91910085022618,-0.5729945068564134,0.0,geometry_msgs/msg/Point,fpn_msgs/msg/MHEOutput
1654798705460630416,1654798705.460630417,1654798705461996192,/terrasentia/mhe_output,fpn_msgs/msg/MHEOutput,748,1654798705,460630416,builtin_interfaces/msg/Time,,std_msgs/msg/Header,0.9997819662094116,0.48753172159194946,2.147001028060913,3.198758363723755,0.028999999165534973,-50.063696111666914,-0.5938268726453353,0.0,geometry_msgs/msg/Point,fpn_msgs/msg/MHEOutput
1654798705656519412,1654798705.656519413,1654798705657776384,/terrasentia/mhe_output,fpn_msgs/msg/MHEOutput,749,1654798705,656519412,builtin_interfaces/msg/Time,,std_msgs/msg/Header,0.9996681213378906,0.48753663897514343,2.156984329223633,3.200565814971924,0.028999999165534973,-50.20376601729036,-0.6045621665296181,0.0,geometry_msgs/msg/Point,fpn_msgs/msg/MHEOutput
1654798705859692573,1654798705.859692574,1654798705860946848,/terrasentia/mhe_output,fpn_msgs/msg/MHEOutput,750,1654798705,859692573,builtin_interfaces/msg/Time,,std_msgs/msg/Header,0.9996994733810425,0.4875415861606598,2.1710593700408936,3.0545949935913086,0.028999999165534973,-50.34557803078656,-0.6032664552788594,0.0,geometry_msgs/msg/Point,fpn_msgs/msg/MHEOutput
1654798706063233852,1654798706.063233852,1654798706065940960,/terrasentia/mhe_output,fpn_msgs/msg/MHEOutput,751,1654798706,63233852,builtin_interfaces/msg/Time,,std_msgs/msg/Header,0.9997168183326721,0.3666641414165497,2.177166700363159,3.0897607803344727,0.028999999165534973,-50.48584465892097,-0.5985882181879273,0.0,geometry_msgs/msg/Point,fpn_msgs/msg/MHEOutput
1654798706254951953,1654798706.254951954,1654798706258369856,/terrasentia/mhe_output,fpn_msgs/msg/MHEOutput,752,1654798706,254951953,builtin_interfaces/msg/Time,,std_msgs/msg/Header,0.999878466129303,0.28995606303215027,2.18487548828125,3.1193161010742188,0.028999999165534973,-50.62796533948186,-0.6083232257750101,0.0,geometry_msgs/msg/Point,fpn_msgs/msg/MHEOutput
1654798706458994626,1654798706.458994627,1654798706459832064,/terrasentia/mhe_output,fpn_msgs/msg/MHEOutput,753,1654798706,458994626,builtin_interfaces/msg/Time,,std_msgs/msg/Header,0.9917572140693665,0.24358482658863068,2.1890506744384766,3.1270148754119873,0.028999999165534973,-50.764010097674436,-0.6084159769124659,0.0,geometry_msgs/msg/Point,fpn_msgs/msg/MHEOutput
1654798706660729169,1654798706.660729170,1654798706664979712,/terrasentia/mhe_output,fpn_msgs/msg/MHEOutput,754,1654798706,660729169,builtin_interfaces/msg/Time,,std_msgs/msg/Header,0.9860434532165527,0.21310582756996155,2.1954123973846436,3.136705160140991,0.028999999165534973,-50.8998030998202,-0.6112266509038593,0.0,geometry_msgs/msg/Point,fpn_msgs/msg/MHEOutput
1654798706870752096,1654798706.870752096,1654798706873083232,/terrasentia/mhe_output,fpn_msgs/msg/MHEOutput,755,1654798706,870752096,builtin_interfaces/msg/Time,,std_msgs/msg/Header,0.9905920028686523,0.09527140110731125,2.1951851844787598,3.153583526611328,0.028999999165534973,-51.04402714371297,-0.62102440152184,0.0,geometry_msgs/msg/Point,fpn_msgs/msg/MHEOutput
1654798707056953430,1654798707.056953430,1654798707057660640,/terrasentia/mhe_output,fpn_msgs/msg/MHEOutput,756,1654798707,56953430,builtin_interfaces/msg/Time,,std_msgs/msg/Header,0.9901535511016846,0.04492516070604324,2.192474842071533,3.1391258239746094,0.028999999165534973,-51.17984020513665,-0.6037355040393358,0.0,geometry_msgs/msg/Point,fpn_msgs/msg/MHEOutput
1654798707273071289,1654798707.273071289,1654798707275270752,/terrasentia/mhe_output,fpn_msgs/msg/MHEOutput,757,1654798707,273071289,builtin_interfaces/msg/Time,,std_msgs/msg/Header,0.978977382183075,0.021056098863482475,2.1771442890167236,3.1299474239349365,0.028999999165534973,-51.30868162751329,-0.5931038158635993,0.0,geometry_msgs/msg/Point,fpn_msgs/msg/MHEOutput
1654798707449685096,1654798707.449685097,1654798707451284320,/terrasentia/mhe_output,fpn_msgs/msg/MHEOutput,758,1654798707,449685096,builtin_interfaces/msg/Time,,std_msgs/msg/Header,0.9662569761276245,0.03221777454018593,2.1606295108795166,3.119004487991333,0.028999999165534973,-51.4348605540065,-0.5841968191900095,0.0,geometry_msgs/msg/Point,fpn_msgs/msg/MHEOutput
1654798707654508590,1654798707.654508591,1654798707656807296,/terrasentia/mhe_output,fpn_msgs/msg/MHEOutput,759,1654798707,654508590,builtin_interfaces/msg/Time,,std_msgs/msg/Header,0.9775813221931458,0.034495070576667786,2.1443827152252197,3.0987870693206787,0.028999999165534973,-51.583074244305806,-0.5608284997391944,0.0,geometry_msgs/msg/Point,fpn_msgs/msg/MHEOutput
1654798707855759143,1654798707.855759144,1654798707860187968,/terrasentia/mhe_output,fpn_msgs/msg/MHEOutput,760,1654798707,855759143,builtin_interfaces/msg/Time,,std_msgs/msg/Header,0.9888343214988708,0.04150621220469475,2.1371476650238037,3.0994834899902344,0.028999999165534973,-51.72839734264131,-0.5541856127698991,0.0,geometry_msgs/msg/Point,fpn_msgs/msg/MHEOutput
1654798708049080371,1654798708.049080372,1654798708050584576,/terrasentia/mhe_output,fpn_msgs/msg/MHEOutput,761,1654798708,49080371,builtin_interfaces/msg/Time,,std_msgs/msg/Header,0.9999893307685852,0.0471356138586998,2.1303768157958984,3.0906543731689453,0.028999999165534973,-51.886387457578174,-0.5374341193819134,0.0,geometry_msgs/msg/Point,fpn_msgs/msg/MHEOutput
1654798708252988576,1654798708.252988577,1654798708254732384,/terrasentia/mhe_output,fpn_msgs/msg/MHEOutput,762,1654798708,252988576,builtin_interfaces/msg/Time,,std_msgs/msg/Header,0.9998894929885864,0.05185385048389435,2.1205739974975586,3.091366767883301,0.028999999165534973,-52.020379912967144,-0.5288196852916509,0.0,geometry_msgs/msg/Point,fpn_msgs/msg/MHEOutput
1654798708467138290,1654798708.467138290,1654798708469804864,/terrasentia/mhe_output,fpn_msgs/msg/MHEOutput,763,1654798708,467138290,builtin_interfaces/msg/Time,,std_msgs/msg/Header,0.9998724460601807,0.05284479632973671,2.122225284576416,3.0896971225738525,0.028999999165534973,-52.152531364837614,-0.51822090506989,0.0,geometry_msgs/msg/Point,fpn_msgs/msg/MHEOutput
1654798708661244392,1654798708.661244392,1654798708662075456,/terrasentia/mhe_output,fpn_msgs/msg/MHEOutput,764,1654798708,661244392,builtin_interfaces/msg/Time,,std_msgs/msg/Header,0.9959180951118469,0.05380644649267197,2.11653733253479,3.1103129386901855,0.028999999165534973,-52.28784398959964,-0.5184457266565446,0.0,geometry_msgs/msg/Point,fpn_msgs/msg/MHEOutput
1654798708866076707,1654798708.866076708,1654798708868035648,/terrasentia/mhe_output,fpn_msgs/msg/MHEOutput,765,1654798708,866076707,builtin_interfaces/msg/Time,,std_msgs/msg/Header,0.9784066081047058,0.14370399713516235,2.11380672454834,3.1294281482696533,0.029999999329447746,-52.41531317517812,-0.514047796088596,0.0,geometry_msgs/msg/Point,fpn_msgs/msg/MHEOutput
1654798709052957773,1654798709.052957773,1654798709054781376,/terrasentia/mhe_output,fpn_msgs/msg/MHEOutput,766,1654798709,52957773,builtin_interfaces/msg/Time,,std_msgs/msg/Header,0.9983829259872437,0.17255431413650513,2.1148998737335205,3.146821975708008,0.03099999949336052,-52.579478655676326,-0.5204535867009383,0.0,geometry_msgs/msg/Point,fpn_msgs/msg/MHEOutput
1654798709265055656,1654798709.265055656,1654798709266047520,/terrasentia/mhe_output,fpn_msgs/msg/MHEOutput,767,1654798709,265055656,builtin_interfaces/msg/Time,,std_msgs/msg/Header,0.9586061239242554,0.1859726458787918,2.11138653755188,3.151087760925293,0.03099999949336052,-52.683183794541534,-0.5243211818666187,0.0,geometry_msgs/msg/Point,fpn_msgs/msg/MHEOutput
1654798709447755336,1654798709.447755337,1654798709450420960,/terrasentia/mhe_output,fpn_msgs/msg/MHEOutput,768,1654798709,447755336,builtin_interfaces/msg/Time,,std_msgs/msg/Header,0.9128170609474182,0.060980215668678284,2.1112332344055176,3.1264472007751465,0.03099999949336052,-52.78343298566325,-0.5126928197867707,0.0,geometry_msgs/msg/Point,fpn_msgs/msg/MHEOutput
1654798709656159639,1654798709.656159639,1654798709660271776,/terrasentia/mhe_output,fpn_msgs/msg/MHEOutput,769,1654798709,656159639,builtin_interfaces/msg/Time,,std_msgs/msg/Header,0.9646755456924438,0.008997788652777672,2.106863021850586,3.122682809829712,0.03099999949336052,-52.93467954742447,-0.5105267350715015,0.0,geometry_msgs/msg/Point,fpn_msgs/msg/MHEOutput
1654798709864116907,1654798709.864116907,1654798709867796896,/terrasentia/mhe_output,fpn_msgs/msg/MHEOutput,770,1654798709,864116907,builtin_interfaces/msg/Time,,std_msgs/msg/Header,0.9999227523803711,0.03820619732141495,2.1099298000335693,3.133847236633301,0.03099999949336052,-53.10837786206192,-0.5186181865609671,0.0,geometry_msgs/msg/Point,fpn_msgs/msg/MHEOutput
1654798710067273378,1654798710.067273378,1654798710070529920,/terrasentia/mhe_output,fpn_msgs/msg/MHEOutput,771,1654798710,67273378,builtin_interfaces/msg/Time,,std_msgs/msg/Header,0.9771338701248169,0.011688373982906342,2.112374782562256,3.144611358642578,0.03099999949336052,-53.22865236304368,-0.5281749129365289,0.0,geometry_msgs/msg/Point,fpn_msgs/msg/MHEOutput
1654798710250289916,1654798710.250289917,1654798710251058240,/terrasentia/mhe_output,fpn_msgs/msg/MHEOutput,772,1654798710,250289916,builtin_interfaces/msg/Time,,std_msgs/msg/Header,0.9530541300773621,0.02592654526233673,2.12721586227417,3.1667301654815674,0.032999999821186066,-53.34625160026398,-0.5501717287959837,0.0,geometry_msgs/msg/Point,fpn_msgs/msg/MHEOutput
1654798710445078372,1654798710.445078373,1654798710449328800,/terrasentia/mhe_output,fpn_msgs/msg/MHEOutput,773,1654798710,445078372,builtin_interfaces/msg/Time,,std_msgs/msg/Header,0.9493748545646667,0.03550044447183609,2.1452457904815674,3.189122200012207,0.032999999821186066,-53.47894603845081,-0.5790769161575996,0.0,geometry_msgs/msg/Point,fpn_msgs/msg/MHEOutput
1654798710657025098,1654798710.657025099,1654798710660308352,/terrasentia/mhe_output,fpn_msgs/msg/MHEOutput,774,1654798710,657025098,builtin_interfaces/msg/Time,,std_msgs/msg/Header,0.9983718395233154,0.03495034947991371,2.1589295864105225,3.189103364944458,0.029999999329447746,-53.63089057659424,-0.5949126397250054,0.0,geometry_msgs/msg/Point,fpn_msgs/msg/MHEOutput
1654798710859546661,1654798710.859546661,1654798710861046560,/terrasentia/mhe_output,fpn_msgs/msg/MHEOutput,775,1654798710,859546661,builtin_interfaces/msg/Time,,std_msgs/msg/Header,0.9999884963035583,0.08060505241155624,2.1723389625549316,3.183314561843872,0.03099999949336052,-53.78600072283727,-0.6097099285674408,0.0,geometry_msgs/msg/Point,fpn_msgs/msg/MHEOutput
1654798711060142993,1654798711.060142994,1654798711066456704,/terrasentia/mhe_output,fpn_msgs/msg/MHEOutput,776,1654798711,60142993,builtin_interfaces/msg/Time,,std_msgs/msg/Header,0.999991238117218,0.09482245147228241,2.1786670684814453,3.197662591934204,0.03200000151991844,-53.9400977918463,-0.6335299751908043,0.0,geometry_msgs/msg/Point,fpn_msgs/msg/MHEOutput
1654798711264648914,1654798711.264648914,1654798711265739904,/terrasentia/mhe_output,fpn_msgs/msg/MHEOutput,777,1654798711,264648914,builtin_interfaces/msg/Time,,std_msgs/msg/Header,0.9866334199905396,0.17763102054595947,2.1860737800598145,3.1733744144439697,0.03200000151991844,-54.06780738558346,-0.6330010890741408,0.0,geometry_msgs/msg/Point,fpn_msgs/msg/MHEOutput
1654798711456018924,1654798711.456018925,1654798711457050464,/terrasentia/mhe_output,fpn_msgs/msg/MHEOutput,778,1654798711,456018924,builtin_interfaces/msg/Time,,std_msgs/msg/Header,0.9995003342628479,0.15664532780647278,2.189295768737793,3.1810927391052246,0.03400000184774399,-54.19373525613923,-0.6444896841202926,0.0,geometry_msgs/msg/Point,fpn_msgs/msg/MHEOutput
1654798711649278402,1654798711.649278402,1654798711652380544,/terrasentia/mhe_output,fpn_msgs/msg/MHEOutput,779,1654798711,649278402,builtin_interfaces/msg/Time,,std_msgs/msg/Header,0.9999844431877136,0.14035040140151978,2.18669056892395,3.1351051330566406,0.032999999821186066,-54.348663078254326,-0.6438341943235117,0.0,geometry_msgs/msg/Point,fpn_msgs/msg/MHEOutput
1654798711855700731,1654798711.855700731,1654798711859617664,/terrasentia/mhe_output,fpn_msgs/msg/MHEOutput,780,1654798711,855700731,builtin_interfaces/msg/Time,,std_msgs/msg/Header,0.9999868273735046,0.1776765137910843,2.1825673580169678,3.1124322414398193,0.03200000151991844,-54.501899849781964,-0.6299967787003676,0.0,geometry_msgs/msg/Point,fpn_msgs/msg/MHEOutput
1654798712053746461,1654798712.053746462,1654798712063406336,/terrasentia/mhe_output,fpn_msgs/msg/MHEOutput,781,1654798712,53746461,builtin_interfaces/msg/Time,,std_msgs/msg/Header,0.9999880194664001,0.24307991564273834,2.1817855834960938,3.0882394313812256,0.03200000151991844,-54.65239586745907,-0.6139151073464215,0.0,geometry_msgs/msg/Point,fpn_msgs/msg/MHEOutput
1654798712252045392,1654798712.252045393,1654798712253795616,/terrasentia/mhe_output,fpn_msgs/msg/MHEOutput,782,1654798712,252045392,builtin_interfaces/msg/Time,,std_msgs/msg/Header,0.938848614692688,0.27494773268699646,2.178896427154541,3.075334310531616,0.03099999949336052,-54.74954102671934,-0.6034476736291551,0.0,geometry_msgs/msg/Point,fpn_msgs/msg/MHEOutput
1654798712466495752,1654798712.466495752,1654798712469720512,/terrasentia/mhe_output,fpn_msgs/msg/MHEOutput,783,1654798712,466495752,builtin_interfaces/msg/Time,,std_msgs/msg/Header,0.9309014081954956,0.2876119911670685,2.1712214946746826,3.057874917984009,0.03099999949336052,-54.86398426112324,-0.5803003116374893,0.0,geometry_msgs/msg/Point,fpn_msgs/msg/MHEOutput
1654798712653050899,1654798712.653050900,1654798712653729856,/terrasentia/mhe_output,fpn_msgs/msg/MHEOutput,784,1654798712,653050899,builtin_interfaces/msg/Time,,std_msgs/msg/Header,0.9375596046447754,0.299181193113327,2.1631996631622314,3.043962001800537,0.028999999165534973,-54.98686758654871,-0.5554407278096973,0.0,geometry_msgs/msg/Point,fpn_msgs/msg/MHEOutput
1654798712849277496,1654798712.849277496,1654798712853113664,/terrasentia/mhe_output,fpn_msgs/msg/MHEOutput,785,1654798712,849277496,builtin_interfaces/msg/Time,,std_msgs/msg/Header,0.8663952350616455,0.37614476680755615,2.1441633701324463,3.0214438438415527,0.028999999165534973,-55.07479416073434,-0.5272951523790302,0.0,geometry_msgs/msg/Point,fpn_msgs/msg/MHEOutput
1654798713050434589,1654798713.050434589,1654798713053992640,/terrasentia/mhe_output,fpn_msgs/msg/MHEOutput,786,1654798713,50434589,builtin_interfaces/msg/Time,,std_msgs/msg/Header,0.7998121976852417,0.3674124479293823,2.122025728225708,3.012068510055542,0.028999999165534973,-55.170266837186276,-0.5064098334968705,0.0,geometry_msgs/msg/Point,fpn_msgs/msg/MHEOutput
1654798713249786376,1654798713.249786377,1654798713250748096,/terrasentia/mhe_output,fpn_msgs/msg/MHEOutput,787,1654798713,249786376,builtin_interfaces/msg/Time,,std_msgs/msg/Header,0.8482462167739868,0.3675023317337036,2.1009140014648438,3.0136818885803223,0.029999999329447746,-55.32042707688412,-0.4862251938478652,0.0,geometry_msgs/msg/Point,fpn_msgs/msg/MHEOutput
1654798713449944734,1654798713.449944735,1654798713452895584,/terrasentia/mhe_output,fpn_msgs/msg/MHEOutput,788,1654798713,449944734,builtin_interfaces/msg/Time,,std_msgs/msg/Header,0.9098529815673828,0.3675597906112671,2.082710027694702,3.0191125869750977,0.03099999949336052,-55.48128215017522,-0.4715349476787085,0.0,geometry_msgs/msg/Point,fpn_msgs/msg/MHEOutput
1654798713649148464,1654798713.649148464,1654798713650968480,/terrasentia/mhe_output,fpn_msgs/msg/MHEOutput,789,1654798713,649148464,builtin_interfaces/msg/Time,,std_msgs/msg/Header,0.9883794188499451,0.3676115572452545,2.072246551513672,3.0281856060028076,0.028999999165534973,-55.651470038265344,-0.4567201567434175,0.0,geometry_msgs/msg/Point,fpn_msgs/msg/MHEOutput
1654798713849010229,1654798713.849010229,1654798713852821312,/terrasentia/mhe_output,fpn_msgs/msg/MHEOutput,790,1654798713,849010229,builtin_interfaces/msg/Time,,std_msgs/msg/Header,0.9835832715034485,0.36766886711120605,2.0699660778045654,3.04905104637146,0.028999999165534973,-55.785407987386805,-0.4578814424255649,0.0,geometry_msgs/msg/Point,fpn_msgs/msg/MHEOutput
1654798714056566476,1654798714.056566477,1654798714060314272,/terrasentia/mhe_output,fpn_msgs/msg/MHEOutput,791,1654798714,56566476,builtin_interfaces/msg/Time,,std_msgs/msg/Header,0.9774035811424255,0.3677261471748352,2.0674822330474854,3.055340528488159,0.028999999165534973,-55.91608835236305,-0.4471242061419814,0.0,geometry_msgs/msg/Point,fpn_msgs/msg/MHEOutput
1654798714251638889,1654798714.251638889,1654798714253099168,/terrasentia/mhe_output,fpn_msgs/msg/MHEOutput,792,1654798714,251638889,builtin_interfaces/msg/Time,,std_msgs/msg/Header,0.9686791300773621,0.3677836060523987,2.0696024894714355,3.071688175201416,0.028999999165534973,-56.04759456523075,-0.4491061508149355,0.0,geometry_msgs/msg/Point,fpn_msgs/msg/MHEOutput
1654798714449039459,1654798714.449039459,1654798714449714304,/terrasentia/mhe_output,fpn_msgs/msg/MHEOutput,793,1654798714,449039459,builtin_interfaces/msg/Time,,std_msgs/msg/Header,0.941240668296814,0.367840975522995,2.072096109390259,3.0815930366516113,0.028999999165534973,-56.165094664224874,-0.451089230056086,0.0,geometry_msgs/msg/Point,fpn_msgs/msg/MHEOutput
1654798714655708312,1654798714.655708313,1654798714659397024,/terrasentia/mhe_output,fpn_msgs/msg/MHEOutput,794,1654798714,655708312,builtin_interfaces/msg/Time,,std_msgs/msg/Header,0.9409384727478027,0.3678983151912689,2.078472137451172,3.084071636199951,0.028999999165534973,-56.30055783480246,-0.44831938908766333,0.0,geometry_msgs/msg/Point,fpn_msgs/msg/MHEOutput
1654798714850687026,1654798714.850687027,1654798714851370912,/terrasentia/mhe_output,fpn_msgs/msg/MHEOutput,795,1654798714,850687026,builtin_interfaces/msg/Time,,std_msgs/msg/Header,0.9999731779098511,0.3679499328136444,2.0985605716705322,3.1047730445861816,0.029999999329447746,-56.49016135172715,-0.4631270810703559,0.0,geometry_msgs/msg/Point,fpn_msgs/msg/MHEOutput
1654798715056189537,1654798715.056189537,1654798715057795936,/terrasentia/mhe_output,fpn_msgs/msg/MHEOutput,796,1654798715,56189537,builtin_interfaces/msg/Time,,std_msgs/msg/Header,0.9999394416809082,0.3680015504360199,2.126542806625366,3.1285948753356934,0.03099999949336052,-56.62429227688954,-0.48275712431206047,0.0,geometry_msgs/msg/Point,fpn_msgs/msg/MHEOutput
1654798715270102024,1654798715.270102024,1654798715271699840,/terrasentia/mhe_output,fpn_msgs/msg/MHEOutput,797,1654798715,270102024,builtin_interfaces/msg/Time,,std_msgs/msg/Header,0.9989283680915833,0.3680531084537506,2.1453142166137695,3.1394639015197754,0.03099999949336052,-56.75903863550281,-0.4894060942793284,0.0,geometry_msgs/msg/Point,fpn_msgs/msg/MHEOutput
1654798715454430103,1654798715.454430103,1654798715457873696,/terrasentia/mhe_output,fpn_msgs/msg/MHEOutput,798,1654798715,454430103,builtin_interfaces/msg/Time,,std_msgs/msg/Header,0.9820233583450317,0.36811020970344543,2.1565961837768555,3.1399948596954346,0.03099999949336052,-56.88344714851947,-0.4852357655392896,0.0,geometry_msgs/msg/Point,fpn_msgs/msg/MHEOutput
1654798715652116060,1654798715.652116060,1654798715654933792,/terrasentia/mhe_output,fpn_msgs/msg/MHEOutput,799,1654798715,652116060,builtin_interfaces/msg/Time,,std_msgs/msg/Header,0.9527820348739624,0.3681674301624298,2.1606814861297607,3.1396679878234863,0.028999999165534973,-56.999885365952984,-0.4895218799066613,0.0,geometry_msgs/msg/Point,fpn_msgs/msg/MHEOutput
1654798715851466655,1654798715.851466656,1654798715853156480,/terrasentia/mhe_output,fpn_msgs/msg/MHEOutput,800,1654798715,851466655,builtin_interfaces/msg/Time,,std_msgs/msg/Header,0.9998285174369812,0.36821892857551575,2.157931089401245,3.1360116004943848,0.028999999165534973,-57.18086286646239,-0.48649125172402163,0.0,geometry_msgs/msg/Point,fpn_msgs/msg/MHEOutput
1654798716059579372,1654798716.059579372,1654798716062939168,/terrasentia/mhe_output,fpn_msgs/msg/MHEOutput,801,1654798716,59579372,builtin_interfaces/msg/Time,,std_msgs/msg/Header,0.9999803900718689,0.3682759404182434,2.1509389877319336,3.1388566493988037,0.029999999329447746,-57.33682695405749,-0.49114324791248504,0.0,geometry_msgs/msg/Point,fpn_msgs/msg/MHEOutput
1654798716248745918,1654798716.248745918,1654798716250059104,/terrasentia/mhe_output,fpn_msgs/msg/MHEOutput,802,1654798716,248745918,builtin_interfaces/msg/Time,,std_msgs/msg/Header,0.9773723483085632,0.3683329224586487,2.1408145427703857,3.138427734375,0.029999999329447746,-57.459075603825084,-0.49314444183372314,0.0,geometry_msgs/msg/Point,fpn_msgs/msg/MHEOutput
1654798716458516836,1654798716.458516836,1654798716464767872,/terrasentia/mhe_output,fpn_msgs/msg/MHEOutput,803,1654798716,458516836,builtin_interfaces/msg/Time,,std_msgs/msg/Header,0.9998459815979004,0.3683898448944092,2.1362643241882324,3.159595012664795,0.03099999949336052,-57.59418798322159,-0.5106614653188044,0.0,geometry_msgs/msg/Point,fpn_msgs/msg/MHEOutput
1654798716662204504,1654798716.662204504,1654798716663113696,/terrasentia/mhe_output,fpn_msgs/msg/MHEOutput,804,1654798716,662204504,builtin_interfaces/msg/Time,,std_msgs/msg/Header,0.9772081971168518,0.3684467673301697,2.1376712322235107,3.1844208240509033,0.029999999329447746,-57.71430937446371,-0.5305129657719617,0.0,geometry_msgs/msg/Point,fpn_msgs/msg/MHEOutput
1654798716850919485,1654798716.850919485,1654798716852528800,/terrasentia/mhe_output,fpn_msgs/msg/MHEOutput,805,1654798716,850919485,builtin_interfaces/msg/Time,,std_msgs/msg/Header,0.9254108667373657,0.3685450553894043,2.1369471549987793,3.1951992511749268,0.028999999165534973,-57.81308110810307,-0.5419764377863635,0.0,geometry_msgs/msg/Point,fpn_msgs/msg/MHEOutput
1654798717051866054,1654798717.051866055,1654798717056603584,/terrasentia/mhe_output,fpn_msgs/msg/MHEOutput,806,1654798717,51866054,builtin_interfaces/msg/Time,,std_msgs/msg/Header,0.8814685344696045,0.36863458156585693,2.127768039703369,3.193507432937622,0.028999999165534973,-57.921133526026054,-0.5460809109128453,0.0,geometry_msgs/msg/Point,fpn_msgs/msg/MHEOutput
1654798717248818635,1654798717.248818636,1654798717251290240,/terrasentia/mhe_output,fpn_msgs/msg/MHEOutput,807,1654798717,248818635,builtin_interfaces/msg/Time,,std_msgs/msg/Header,0.8438082933425903,0.3687228858470917,2.121786594390869,3.09226655960083,0.029999999329447746,-58.03653276187497,-0.5504066316681594,0.0,geometry_msgs/msg/Point,fpn_msgs/msg/MHEOutput
1654798717451731204,1654798717.451731205,1654798717454709920,/terrasentia/mhe_output,fpn_msgs/msg/MHEOutput,808,1654798717,451731204,builtin_interfaces/msg/Time,,std_msgs/msg/Header,0.9006908535957336,0.36862602829933167,2.1153132915496826,3.0952670574188232,0.029999999329447746,-58.196753105091645,-0.5501282853018732,0.0,geometry_msgs/msg/Point,fpn_msgs/msg/MHEOutput
1654798717652347564,1654798717.652347565,1654798717657435392,/terrasentia/mhe_output,fpn_msgs/msg/MHEOutput,809,1654798717,652347564,builtin_interfaces/msg/Time,,std_msgs/msg/Header,0.999967634677887,0.3560509979724884,2.1239755153656006,3.12631893157959,0.029999999329447746,-58.395108258143466,-0.5788560672555837,0.0,geometry_msgs/msg/Point,fpn_msgs/msg/MHEOutput
1654798717848989963,1654798717.848989964,1654798717851066112,/terrasentia/mhe_output,fpn_msgs/msg/MHEOutput,810,1654798717,848989963,builtin_interfaces/msg/Time,,std_msgs/msg/Header,0.9999951124191284,0.3218623399734497,2.138164758682251,3.156663417816162,0.029999999329447746,-58.546481524934805,-0.603490974330716,0.0,geometry_msgs/msg/Point,fpn_msgs/msg/MHEOutput
1654798718048307180,1654798718.048307180,1654798718051209152,/terrasentia/mhe_output,fpn_msgs/msg/MHEOutput,811,1654798718,48307180,builtin_interfaces/msg/Time,,std_msgs/msg/Header,0.9999969601631165,0.31506672501564026,2.1544432640075684,3.178067207336426,0.029999999329447746,-58.70204633867766,-0.6244873318737966,0.0,geometry_msgs/msg/Point,fpn_msgs/msg/MHEOutput
1654798718251469850,1654798718.251469851,1654798718251997600,/terrasentia/mhe_output,fpn_msgs/msg/MHEOutput,812,1654798718,251469850,builtin_interfaces/msg/Time,,std_msgs/msg/Header,0.9999949932098389,0.34169963002204895,2.170105457305908,3.1904685497283936,0.029999999329447746,-58.842168558674516,-0.6416596022852876,0.0,geometry_msgs/msg/Point,fpn_msgs/msg/MHEOutput
1654798718457149744,1654798718.457149744,1654798718459645024,/terrasentia/mhe_output,fpn_msgs/msg/MHEOutput,813,1654798718,457149744,builtin_interfaces/msg/Time,,std_msgs/msg/Header,0.9998564720153809,0.39614343643188477,2.1820521354675293,3.1950523853302,0.029999999329447746,-58.98061895057178,-0.6536854336152871,0.0,geometry_msgs/msg/Point,fpn_msgs/msg/MHEOutput
1654798718655799865,1654798718.655799866,1654798718657628544,/terrasentia/mhe_output,fpn_msgs/msg/MHEOutput,814,1654798718,655799865,builtin_interfaces/msg/Time,,std_msgs/msg/Header,0.9400030970573425,0.41529417037963867,2.1896579265594482,3.1468968391418457,0.029999999329447746,-59.08151575881829,-0.6605198396090823,0.0,geometry_msgs/msg/Point,fpn_msgs/msg/MHEOutput
1654798718852414608,1654798718.852414608,1654798718857795200,/terrasentia/mhe_output,fpn_msgs/msg/MHEOutput,815,1654798718,852414608,builtin_interfaces/msg/Time,,std_msgs/msg/Header,0.9556803703308105,0.4370180666446686,2.191628932952881,3.0062332153320312,0.029999999329447746,-59.24713018854248,-0.6523542809055198,0.0,geometry_msgs/msg/Point,fpn_msgs/msg/MHEOutput
1654798719050136566,1654798719.050136566,1654798719053859008,/terrasentia/mhe_output,fpn_msgs/msg/MHEOutput,816,1654798719,50136566,builtin_interfaces/msg/Time,,std_msgs/msg/Header,0.9409776329994202,0.3567623794078827,2.184178113937378,3.0234932899475098,0.029999999329447746,-59.38876395934548,-0.6323623110987091,0.0,geometry_msgs/msg/Point,fpn_msgs/msg/MHEOutput
1654798719251346349,1654798719.251346350,1654798719252270208,/terrasentia/mhe_output,fpn_msgs/msg/MHEOutput,817,1654798719,251346349,builtin_interfaces/msg/Time,,std_msgs/msg/Header,0.9167347550392151,0.2870677411556244,2.184373378753662,3.065039873123169,0.029999999329447746,-59.49356219544608,-0.6363728692936809,0.0,geometry_msgs/msg/Point,fpn_msgs/msg/MHEOutput
1654798719450518131,1654798719.450518131,1654798719453194208,/terrasentia/mhe_output,fpn_msgs/msg/MHEOutput,818,1654798719,450518131,builtin_interfaces/msg/Time,,std_msgs/msg/Header,0.9048198461532593,0.27678182721138,2.181861639022827,3.065373182296753,0.029999999329447746,-59.60521909679205,-0.6224321209511967,0.0,geometry_msgs/msg/Point,fpn_msgs/msg/MHEOutput
1654798719655243635,1654798719.655243635,1654798719656996448,/terrasentia/mhe_output,fpn_msgs/msg/MHEOutput,819,1654798719,655243635,builtin_interfaces/msg/Time,,std_msgs/msg/Header,0.944829523563385,0.29206582903862,2.170606851577759,3.0460329055786133,0.028999999165534973,-59.745462992645706,-0.5918362539913756,0.0,geometry_msgs/msg/Point,fpn_msgs/msg/MHEOutput
1654798719850743532,1654798719.850743532,1654798719853414784,/terrasentia/mhe_output,fpn_msgs/msg/MHEOutput,820,1654798719,850743532,builtin_interfaces/msg/Time,,std_msgs/msg/Header,0.9430948495864868,0.28556588292121887,2.1568682193756104,3.0373735427856445,0.02800000086426735,-59.881623288724946,-0.570493842538242,0.0,geometry_msgs/msg/Point,fpn_msgs/msg/MHEOutput
1654798720057309865,1654798720.057309866,1654798720058052480,/terrasentia/mhe_output,fpn_msgs/msg/MHEOutput,821,1654798720,57309865,builtin_interfaces/msg/Time,,std_msgs/msg/Header,0.9085868000984192,0.2904027998447418,2.134068489074707,3.0076167583465576,0.029999999329447746,-59.99791111660856,-0.5313001764508694,0.0,geometry_msgs/msg/Point,fpn_msgs/msg/MHEOutput
1654798720248728990,1654798720.248728991,1654798720249924672,/terrasentia/mhe_output,fpn_msgs/msg/MHEOutput,822,1654798720,248728990,builtin_interfaces/msg/Time,,std_msgs/msg/Header,0.888634443283081,0.22330939769744873,2.1158769130706787,3.0022573471069336,0.029999999329447746,-60.12556805058954,-0.5115200212826166,0.0,geometry_msgs/msg/Point,fpn_msgs/msg/MHEOutput
1654798720453023195,1654798720.453023195,1654798720454160256,/terrasentia/mhe_output,fpn_msgs/msg/MHEOutput,823,1654798720,453023195,builtin_interfaces/msg/Time,,std_msgs/msg/Header,0.9702926278114319,0.22349585592746735,2.1039390563964844,3.004563093185425,0.029999999329447746,-60.30094095784923,-0.4878872864227193,0.0,geometry_msgs/msg/Point,fpn_msgs/msg/MHEOutput
1654798720650910615,1654798720.650910616,1654798720659123808,/terrasentia/mhe_output,fpn_msgs/msg/MHEOutput,824,1654798720,650910615,builtin_interfaces/msg/Time,,std_msgs/msg/Header,0.9999012351036072,0.22395294904708862,2.100339889526367,3.018887519836426,0.029999999329447746,-60.44431870508554,-0.48091384527447717,0.0,geometry_msgs/msg/Point,fpn_msgs/msg/MHEOutput
1654798720854914665,1654798720.854914665,1654798720858935616,/terrasentia/mhe_output,fpn_msgs/msg/MHEOutput,825,1654798720,854914665,builtin_interfaces/msg/Time,,std_msgs/msg/Header,0.9999867081642151,0.22474732995033264,2.1096181869506836,3.053428888320923,0.029999999329447746,-60.59960740791281,-0.4954446191581459,0.0,geometry_msgs/msg/Point,fpn_msgs/msg/MHEOutput
1654798721050143957,1654798721.050143957,1654798721051253280,/terrasentia/mhe_output,fpn_msgs/msg/MHEOutput,826,1654798721,50143957,builtin_interfaces/msg/Time,,std_msgs/msg/Header,0.9999942779541016,0.22553084790706635,2.1169233322143555,3.075906753540039,0.029999999329447746,-60.75750699420533,-0.5000196007844376,0.0,geometry_msgs/msg/Point,fpn_msgs/msg/MHEOutput
1654798721253682136,1654798721.253682137,1654798721254739456,/terrasentia/mhe_output,fpn_msgs/msg/MHEOutput,827,1654798721,253682136,builtin_interfaces/msg/Time,,std_msgs/msg/Header,0.9999805092811584,0.22570885717868805,2.1199281215667725,3.0865917205810547,0.029999999329447746,-60.89729241026614,-0.49947901853920734,0.0,geometry_msgs/msg/Point,fpn_msgs/msg/MHEOutput
1654798721459631204,1654798721.459631205,1654798721461225152,/terrasentia/mhe_output,fpn_msgs/msg/MHEOutput,828,1654798721,459631204,builtin_interfaces/msg/Time,,std_msgs/msg/Header,0.972362756729126,0.2258864939212799,2.1200807094573975,3.0974843502044678,0.029999999329447746,-61.009062239586434,-0.497643602834696,0.0,geometry_msgs/msg/Point,fpn_msgs/msg/MHEOutput
1654798721657751798,1654798721.657751799,1654798721658798528,/terrasentia/mhe_output,fpn_msgs/msg/MHEOutput,829,1654798721,657751798,builtin_interfaces/msg/Time,,std_msgs/msg/Header,0.9999814629554749,0.22606384754180908,2.114501714706421,3.1033523082733154,0.028999999165534973,-61.183767314430135,-0.49924646478622137,0.0,geometry_msgs/msg/Point,fpn_msgs/msg/MHEOutput
1654798721856908321,1654798721.856908321,1654798721858003232,/terrasentia/mhe_output,fpn_msgs/msg/MHEOutput,830,1654798721,856908321,builtin_interfaces/msg/Time,,std_msgs/msg/Header,0.9997315406799316,0.22620604932308197,2.109283924102783,3.1135857105255127,0.028999999165534973,-61.32091275368422,-0.5030656129137238,0.0,geometry_msgs/msg/Point,fpn_msgs/msg/MHEOutput
1654798722050206184,1654798722.050206184,1654798722052315392,/terrasentia/mhe_output,fpn_msgs/msg/MHEOutput,831,1654798722,50206184,builtin_interfaces/msg/Time,,std_msgs/msg/Header,0.9652724266052246,0.22639431059360504,2.1052942276000977,3.126964569091797,0.028999999165534973,-61.43308889120137,-0.5142732697607286,0.0,geometry_msgs/msg/Point,fpn_msgs/msg/MHEOutput
1654798722248727321,1654798722.248727322,1654798722249339712,/terrasentia/mhe_output,fpn_msgs/msg/MHEOutput,832,1654798722,248727321,builtin_interfaces/msg/Time,,std_msgs/msg/Header,0.9038128852844238,0.2270715981721878,2.1067328453063965,3.146855115890503,0.02800000086426735,-61.530275256057664,-0.5321537416031149,0.0,geometry_msgs/msg/Point,fpn_msgs/msg/MHEOutput
1654798722448400974,1654798722.448400974,1654798722449030144,/terrasentia/mhe_output,fpn_msgs/msg/MHEOutput,833,1654798722,448400974,builtin_interfaces/msg/Time,,std_msgs/msg/Header,0.9057972431182861,0.22781161963939667,2.12553334236145,3.1738860607147217,0.028999999165534973,-61.65157622806559,-0.5548976718441121,0.0,geometry_msgs/msg/Point,fpn_msgs/msg/MHEOutput
1654798722654134750,1654798722.654134750,1654798722657887360,/terrasentia/mhe_output,fpn_msgs/msg/MHEOutput,834,1654798722,654134750,builtin_interfaces/msg/Time,,std_msgs/msg/Header,0.9582693576812744,0.2279926985502243,2.1468982696533203,3.19657301902771,0.028999999165534973,-61.80366698677222,-0.5857448128680809,0.0,geometry_msgs/msg/Point,fpn_msgs/msg/MHEOutput
1654798722851292371,1654798722.851292372,1654798722853203872,/terrasentia/mhe_output,fpn_msgs/msg/MHEOutput,835,1654798722,851292371,builtin_interfaces/msg/Time,,std_msgs/msg/Header,0.9355995059013367,0.23525689542293549,2.168210983276367,3.143976926803589,0.026000000536441803,-61.92823174240512,-0.6035589753535906,0.0,geometry_msgs/msg/Point,fpn_msgs/msg/MHEOutput
1654798723054197072,1654798723.054197073,1654798723056219520,/terrasentia/mhe_output,fpn_msgs/msg/MHEOutput,836,1654798723,54197072,builtin_interfaces/msg/Time,,std_msgs/msg/Header,0.887056827545166,0.31682848930358887,2.1812167167663574,3.1151516437530518,0.026000000536441803,-62.04505086997801,-0.5951441930140889,0.0,geometry_msgs/msg/Point,fpn_msgs/msg/MHEOutput
1654798723249918460,1654798723.249918461,1654798723251943776,/terrasentia/mhe_output,fpn_msgs/msg/MHEOutput,837,1654798723,249918460,builtin_interfaces/msg/Time,,std_msgs/msg/Header,0.9898218512535095,0.36877164244651794,2.197205066680908,3.1115729808807373,0.026000000536441803,-62.23044030934541,-0.6048881793236648,0.0,geometry_msgs/msg/Point,fpn_msgs/msg/MHEOutput
1654798723462538003,1654798723.462538004,1654798723466951200,/terrasentia/mhe_output,fpn_msgs/msg/MHEOutput,838,1654798723,462538003,builtin_interfaces/msg/Time,,std_msgs/msg/Header,0.9996672868728638,0.37279555201530457,2.2106213569641113,3.1144728660583496,0.026000000536441803,-62.3706586697272,-0.6077833713301743,0.0,geometry_msgs/msg/Point,fpn_msgs/msg/MHEOutput
1654798723657037496,1654798723.657037497,1654798723659254368,/terrasentia/mhe_output,fpn_msgs/msg/MHEOutput,839,1654798723,657037496,builtin_interfaces/msg/Time,,std_msgs/msg/Header,0.9998294711112976,0.37270763516426086,2.220757484436035,3.1107051372528076,0.02800000086426735,-62.50862696126022,-0.6019532169513977,0.0,geometry_msgs/msg/Point,fpn_msgs/msg/MHEOutput
1654798723860509157,1654798723.860509157,1654798723862720416,/terrasentia/mhe_output,fpn_msgs/msg/MHEOutput,840,1654798723,860509157,builtin_interfaces/msg/Time,,std_msgs/msg/Header,0.9899498820304871,0.37211155891418457,2.2253496646881104,3.103477954864502,0.02800000086426735,-62.636943358535824,-0.5908862605692522,0.0,geometry_msgs/msg/Point,fpn_msgs/msg/MHEOutput
1654798724057026863,1654798724.057026863,1654798724063604736,/terrasentia/mhe_output,fpn_msgs/msg/MHEOutput,841,1654798724,57026863,builtin_interfaces/msg/Time,,std_msgs/msg/Header,0.9545819759368896,0.4260973632335663,2.2257463932037354,3.1045830249786377,0.02800000086426735,-62.7506258644824,-0.5906658622630535,0.0,geometry_msgs/msg/Point,fpn_msgs/msg/MHEOutput
1654798724259358644,1654798724.259358644,1654798724259955744,/terrasentia/mhe_output,fpn_msgs/msg/MHEOutput,842,1654798724,259358644,builtin_interfaces/msg/Time,,std_msgs/msg/Header,0.936952531337738,0.4915206730365753,2.2327399253845215,3.086324691772461,0.02800000086426735,-62.87333005827414,-0.568696576965674,0.0,geometry_msgs/msg/Point,fpn_msgs/msg/MHEOutput
1654798724447985649,1654798724.447985649,1654798724449532224,/terrasentia/mhe_output,fpn_msgs/msg/MHEOutput,843,1654798724,447985649,builtin_interfaces/msg/Time,,std_msgs/msg/Header,0.9296780824661255,0.4915240406990051,2.247206687927246,3.0916695594787598,0.02800000086426735,-63.003139856850396,-0.5706357562476928,0.0,geometry_msgs/msg/Point,fpn_msgs/msg/MHEOutput
1654798724649429321,1654798724.649429321,1654798724651329408,/terrasentia/mhe_output,fpn_msgs/msg/MHEOutput,844,1654798724,649429321,builtin_interfaces/msg/Time,,std_msgs/msg/Header,0.9123430848121643,0.49152836203575134,2.250603675842285,3.0735907554626465,0.026000000536441803,-63.11683652586092,-0.5550767505648909,0.0,geometry_msgs/msg/Point,fpn_msgs/msg/MHEOutput
1654798724850659370,1654798724.850659370,1654798724852990560,/terrasentia/mhe_output,fpn_msgs/msg/MHEOutput,845,1654798724,850659370,builtin_interfaces/msg/Time,,std_msgs/msg/Header,0.9135440587997437,0.49153169989585876,2.2573421001434326,3.0788116455078125,0.026000000536441803,-63.2424924857751,-0.5499395824464494,0.0,geometry_msgs/msg/Point,fpn_msgs/msg/MHEOutput
1654798725053505182,1654798725.053505182,1654798725060053568,/terrasentia/mhe_output,fpn_msgs/msg/MHEOutput,846,1654798725,53505182,builtin_interfaces/msg/Time,,std_msgs/msg/Header,0.9999499320983887,0.4915347993373871,2.259535312652588,3.0712954998016357,0.02800000086426735,-63.44572976093819,-0.5266094944693567,0.0,geometry_msgs/msg/Point,fpn_msgs/msg/MHEOutput
1654798725245119810,1654798725.245119810,1654798725248406080,/terrasentia/mhe_output,fpn_msgs/msg/MHEOutput,847,1654798725,245119810,builtin_interfaces/msg/Time,,std_msgs/msg/Header,0.9999954104423523,0.4915388822555542,2.251833200454712,3.0460851192474365,0.02800000086426735,-63.59697726592068,-0.487711455502288,0.0,geometry_msgs/msg/Point,fpn_msgs/msg/MHEOutput
1654798725450385570,1654798725.450385571,1654798725452458592,/terrasentia/mhe_output,fpn_msgs/msg/MHEOutput,848,1654798725,450385570,builtin_interfaces/msg/Time,,std_msgs/msg/Header,0.9999970197677612,0.4915429949760437,2.242420196533203,3.0275895595550537,0.028999999165534973,-63.749003071556196,-0.45885001161402356,0.0,geometry_msgs/msg/Point,fpn_msgs/msg/MHEOutput
1654798725646555662,1654798725.646555662,1654798725648833696,/terrasentia/mhe_output,fpn_msgs/msg/MHEOutput,849,1654798725,646555662,builtin_interfaces/msg/Time,,std_msgs/msg/Header,0.999995231628418,0.4915470778942108,2.2365691661834717,3.020357131958008,0.027000000700354576,-63.88628678897485,-0.43689555890428455,0.0,geometry_msgs/msg/Point,fpn_msgs/msg/MHEOutput
1654798725859270572,1654798725.859270573,1654798725860455840,/terrasentia/mhe_output,fpn_msgs/msg/MHEOutput,850,1654798725,859270572,builtin_interfaces/msg/Time,,std_msgs/msg/Header,0.9999891519546509,0.4915504455566406,2.215216875076294,3.146899938583374,0.026000000536441803,-64.01948258883891,-0.4105485209025091,0.0,geometry_msgs/msg/Point,fpn_msgs/msg/MHEOutput
1654798726058951377,1654798726.058951378,1654798726062944704,/terrasentia/mhe_output,fpn_msgs/msg/MHEOutput,851,1654798726,58951377,builtin_interfaces/msg/Time,,std_msgs/msg/Header,0.9763410091400146,0.6812482476234436,2.195986747741699,3.208357810974121,0.026000000536441803,-64.13894744837174,-0.42522770214363137,0.0,geometry_msgs/msg/Point,fpn_msgs/msg/MHEOutput
1654798726259463310,1654798726.259463310,1654798726260999584,/terrasentia/mhe_output,fpn_msgs/msg/MHEOutput,852,1654798726,259463310,builtin_interfaces/msg/Time,,std_msgs/msg/Header,0.8452552556991577,0.8337348699569702,2.1835358142852783,3.246556043624878,0.026000000536441803,-64.1896142063445,-0.4435501742762118,0.0,geometry_msgs/msg/Point,fpn_msgs/msg/MHEOutput
1654798726453252315,1654798726.453252316,1654798726460561856,/terrasentia/mhe_output,fpn_msgs/msg/MHEOutput,853,1654798726,453252315,builtin_interfaces/msg/Time,,std_msgs/msg/Header,0.7214817404747009,0.7756156921386719,2.1771669387817383,3.2203845977783203,0.026000000536441803,-64.24670374574957,-0.43343086313758544,0.0,geometry_msgs/msg/Point,fpn_msgs/msg/MHEOutput
1654798726659282922,1654798726.659282923,1654798726660915968,/terrasentia/mhe_output,fpn_msgs/msg/MHEOutput,854,1654798726,659282922,builtin_interfaces/msg/Time,,std_msgs/msg/Header,0.7370556592941284,0.6716039776802063,2.1678953170776367,3.1746156215667725,0.026000000536441803,-64.26801269957835,-0.4068215094480875,0.0,geometry_msgs/msg/Point,fpn_msgs/msg/MHEOutput
1654798726856980323,1654798726.856980324,1654798726859502592,/terrasentia/mhe_output,fpn_msgs/msg/MHEOutput,855,1654798726,856980323,builtin_interfaces/msg/Time,,std_msgs/msg/Header,0.8568291664123535,0.6291284561157227,2.152395486831665,3.137345314025879,0.026000000536441803,-64.32773919701276,-0.38857688465364,0.0,geometry_msgs/msg/Point,fpn_msgs/msg/MHEOutput
1654798727068196296,1654798727.068196297,1654798727070049472,/terrasentia/mhe_output,fpn_msgs/msg/MHEOutput,856,1654798727,68196296,builtin_interfaces/msg/Time,,std_msgs/msg/Header,0.9997087121009827,0.5893121361732483,2.1394968032836914,3.116990566253662,0.027000000700354576,-64.36713419924882,-0.37733227549533715,0.0,geometry_msgs/msg/Point,fpn_msgs/msg/MHEOutput
1654798727253946542,1654798727.253946543,1654798727257741952,/terrasentia/mhe_output,fpn_msgs/msg/MHEOutput,857,1654798727,253946542,builtin_interfaces/msg/Time,,std_msgs/msg/Header,0.9999721050262451,0.5127561688423157,2.1323206424713135,3.1088547706604004,0.02800000086426735,-64.37078385337547,-0.3722742998047461,0.0,geometry_msgs/msg/Point,fpn_msgs/msg/MHEOutput
1654798727463918685,1654798727.463918686,1654798727467560960,/terrasentia/mhe_output,fpn_msgs/msg/MHEOutput,858,1654798727,463918685,builtin_interfaces/msg/Time,,std_msgs/msg/Header,0.9999876022338867,0.5127511620521545,2.125109910964966,3.0958096981048584,0.02800000086426735,-64.37934523413338,-0.3687336079012531,0.0,geometry_msgs/msg/Point,fpn_msgs/msg/MHEOutput
1654798727659626722,1654798727.659626722,1654798727660869056,/terrasentia/mhe_output,fpn_msgs/msg/MHEOutput,859,1654798727,659626722,builtin_interfaces/msg/Time,,std_msgs/msg/Header,0.9999850392341614,0.5127460956573486,2.122929573059082,3.081305980682373,0.02800000086426735,-64.38721961702446,-0.3630306057051689,0.0,geometry_msgs/msg/Point,fpn_msgs/msg/MHEOutput
1654798727847365140,1654798727.847365141,1654798727849217920,/terrasentia/mhe_output,fpn_msgs/msg/MHEOutput,860,1654798727,847365140,builtin_interfaces/msg/Time,,std_msgs/msg/Header,0.9999597072601318,0.5127405524253845,2.124340295791626,3.066511392593384,0.02800000086426735,-64.40185913837854,-0.3574542417050181,0.0,geometry_msgs/msg/Point,fpn_msgs/msg/MHEOutput
1654798728049677371,1654798728.049677372,1654798728051141952,/terrasentia/mhe_output,fpn_msgs/msg/MHEOutput,861,1654798728,49677371,builtin_interfaces/msg/Time,,std_msgs/msg/Header,0.98673015832901,0.512735903263092,2.12461519241333,3.0638389587402344,0.029999999329447746,-64.41639625250917,-0.35591071923605216,0.0,geometry_msgs/msg/Point,fpn_msgs/msg/MHEOutput
1654798728245735645,1654798728.245735645,1654798728247040160,/terrasentia/mhe_output,fpn_msgs/msg/MHEOutput,862,1654798728,245735645,builtin_interfaces/msg/Time,,std_msgs/msg/Header,0.9791206121444702,0.5127313137054443,2.1245808601379395,3.0639731884002686,0.029999999329447746,-64.43058429710293,-0.3559167875964044,0.0,geometry_msgs/msg/Point,fpn_msgs/msg/MHEOutput
1654798728450981378,1654798728.450981379,1654798728452199520,/terrasentia/mhe_output,fpn_msgs/msg/MHEOutput,863,1654798728,450981378,builtin_interfaces/msg/Time,,std_msgs/msg/Header,0.9736246466636658,0.5127266645431519,2.124565362930298,3.064120292663574,0.029999999329447746,-64.43076159630941,-0.35594438007927315,0.0,geometry_msgs/msg/Point,fpn_msgs/msg/MHEOutput
1654798728650285482,1654798728.650285482,1654798728652929056,/terrasentia/mhe_output,fpn_msgs/msg/MHEOutput,864,1654798728,650285482,builtin_interfaces/msg/Time,,std_msgs/msg/Header,0.9692932367324829,0.5127220153808594,2.124552011489868,3.064248561859131,0.029999999329447746,-64.43076564730335,-0.3559687284409871,0.0,geometry_msgs/msg/Point,fpn_msgs/msg/MHEOutput
1654798728858896970,1654798728.858896971,1654798728862324224,/terrasentia/mhe_output,fpn_msgs/msg/MHEOutput,865,1654798728,858896970,builtin_interfaces/msg/Time,,std_msgs/msg/Header,0.9657009840011597,0.5127174258232117,2.1245369911193848,3.0643699169158936,0.028999999165534973,-64.43251828402553,-0.35599174632976777,0.0,geometry_msgs/msg/Point,fpn_msgs/msg/MHEOutput
1654798729058924436,1654798729.058924437,1654798729059906752,/terrasentia/mhe_output,fpn_msgs/msg/MHEOutput,866,1654798729,58924436,builtin_interfaces/msg/Time,,std_msgs/msg/Header,0.9626200795173645,0.5127127766609192,2.123042106628418,3.078803300857544,0.03099999949336052,-64.43272937447567,-0.35869384840824736,0.0,geometry_msgs/msg/Point,fpn_msgs/msg/MHEOutput
1654798729248898983,1654798729.248898983,1654798729250398304,/terrasentia/mhe_output,fpn_msgs/msg/MHEOutput,867,1654798729,248898983,builtin_interfaces/msg/Time,,std_msgs/msg/Header,0.9599143266677856,0.5127081274986267,2.1213901042938232,3.0947327613830566,0.03099999949336052,-64.43464660706877,-0.36171191089138083,0.0,geometry_msgs/msg/Point,fpn_msgs/msg/MHEOutput
1654798729452075958,1654798729.452075958,1654798729453412032,/terrasentia/mhe_output,fpn_msgs/msg/MHEOutput,868,1654798729,452075958,builtin_interfaces/msg/Time,,std_msgs/msg/Header,0.9574955701828003,0.512703537940979,2.121216058731079,3.0964062213897705,0.03400000184774399,-64.43468472329116,-0.36206284930258226,0.0,geometry_msgs/msg/Point,fpn_msgs/msg/MHEOutput
1654798729652397155,1654798729.652397156,1654798729654710848,/terrasentia/mhe_output,fpn_msgs/msg/MHEOutput,869,1654798729,652397155,builtin_interfaces/msg/Time,,std_msgs/msg/Header,0.9553036689758301,0.5126988887786865,2.1211977005004883,3.0965824127197266,0.03400000184774399,-64.43468668514629,-0.3621002268101911,0.0,geometry_msgs/msg/Point,fpn_msgs/msg/MHEOutput
1654798729861135244,1654798729.861135244,1654798729862763456,/terrasentia/mhe_output,fpn_msgs/msg/MHEOutput,870,1654798729,861135244,builtin_interfaces/msg/Time,,std_msgs/msg/Header,0.9461845755577087,0.5126934051513672,2.12119460105896,3.0965981483459473,0.03200000151991844,-64.43643767066581,-0.36210365856729426,0.0,geometry_msgs/msg/Point,fpn_msgs/msg/MHEOutput
1654798730053547620,1654798730.053547621,1654798730056330464,/terrasentia/mhe_output,fpn_msgs/msg/MHEOutput,871,1654798730,53547620,builtin_interfaces/msg/Time,,std_msgs/msg/Header,0.9387748837471008,0.5126878619194031,2.121194362640381,3.0966014862060547,0.03400000184774399,-64.43645931439276,-0.3621042922247023,0.0,geometry_msgs/msg/Point,fpn_msgs/msg/MHEOutput
1654798730244045972,1654798730.244045973,1654798730246254688,/terrasentia/mhe_output,fpn_msgs/msg/MHEOutput,872,1654798730,244045972,builtin_interfaces/msg/Time,,std_msgs/msg/Header,0.9325156807899475,0.5126823782920837,2.121194362640381,3.096601724624634,0.03400000184774399,-64.43645958455335,-0.36210436566263504,0.0,geometry_msgs/msg/Point,fpn_msgs/msg/MHEOutput
1654798730453112602,1654798730.453112602,1654798730453798976,/terrasentia/mhe_output,fpn_msgs/msg/MHEOutput,873,1654798730,453112602,builtin_interfaces/msg/Time,,std_msgs/msg/Header,0.9309380054473877,0.512677788734436,2.134739398956299,2.9658005237579346,0.03400000184774399,-64.43375740944406,-0.33772574521707804,0.0,geometry_msgs/msg/Point,fpn_msgs/msg/MHEOutput
1654798730652125358,1654798730.652125359,1654798730652776160,/terrasentia/mhe_output,fpn_msgs/msg/MHEOutput,874,1654798730,652125358,builtin_interfaces/msg/Time,,std_msgs/msg/Header,0.9256983399391174,0.5126722455024719,2.1376538276672363,2.9376490116119385,0.03200000151991844,-64.43447789874065,-0.3322371213350278,0.0,geometry_msgs/msg/Point,fpn_msgs/msg/MHEOutput
1654798730848820924,1654798730.848820925,1654798730850352320,/terrasentia/mhe_output,fpn_msgs/msg/MHEOutput,875,1654798730,848820924,builtin_interfaces/msg/Time,,std_msgs/msg/Header,0.9210426211357117,0.5126667618751526,2.1394481658935547,2.9202651977539062,0.03200000151991844,-64.43554919848644,-0.32898073172689357,0.0,geometry_msgs/msg/Point,fpn_msgs/msg/MHEOutput
1654798731065807342,1654798731.065807343,1654798731069961280,/terrasentia/mhe_output,fpn_msgs/msg/MHEOutput,876,1654798731,65807342,builtin_interfaces/msg/Time,,std_msgs/msg/Header,0.9168481826782227,0.5126612782478333,2.1396372318267822,2.918447494506836,0.03200000151991844,-64.43548724147516,-0.3286078155076264,0.0,geometry_msgs/msg/Point,fpn_msgs/msg/MHEOutput
1654798731246264934,1654798731.246264935,1654798731247747840,/terrasentia/mhe_output,fpn_msgs/msg/MHEOutput,877,1654798731,246264934,builtin_interfaces/msg/Time,,std_msgs/msg/Header,0.9130277037620544,0.5126557350158691,2.1396570205688477,2.9182560443878174,0.03200000151991844,-64.43547852560027,-0.3285681891178666,0.0,geometry_msgs/msg/Point,fpn_msgs/msg/MHEOutput
1654798731452760457,1654798731.452760458,1654798731455049632,/terrasentia/mhe_output,fpn_msgs/msg/MHEOutput,878,1654798731,452760457,builtin_interfaces/msg/Time,,std_msgs/msg/Header,0.9095166325569153,0.5126502513885498,2.139665126800537,2.9182493686676025,0.03200000151991844,-64.43372731112397,-0.32856647005202794,0.0,geometry_msgs/msg/Point,fpn_msgs/msg/MHEOutput
1654798731648588180,1654798731.648588181,1654798731650402144,/terrasentia/mhe_output,fpn_msgs/msg/MHEOutput,879,1654798731,648588180,builtin_interfaces/msg/Time,,std_msgs/msg/Header,0.9062660932540894,0.5126447677612305,2.138167142868042,2.9326467514038086,0.03200000151991844,-64.43603594272253,-0.3312052960864544,0.0,geometry_msgs/msg/Point,fpn_msgs/msg/MHEOutput
1654798731851059913,1654798731.851059914,1654798731852917312,/terrasentia/mhe_output,fpn_msgs/msg/MHEOutput,880,1654798731,851059913,builtin_interfaces/msg/Time,,std_msgs/msg/Header,0.9032379984855652,0.5126392841339111,2.1380038261413574,2.9341514110565186,0.032999999821186066,-64.43787363436746,-0.3315141402558886,0.0,geometry_msgs/msg/Point,fpn_msgs/msg/MHEOutput
1654798732059770107,1654798732.059770107,1654798732060518496,/terrasentia/mhe_output,fpn_msgs/msg/MHEOutput,881,1654798732,59770107,builtin_interfaces/msg/Time,,std_msgs/msg/Header,0.9025474190711975,0.5126346945762634,2.124441385269165,3.0651183128356934,0.032999999821186066,-64.44137095350148,-0.3558298261841027,0.0,geometry_msgs/msg/Point,fpn_msgs/msg/MHEOutput
1654798732261743068,1654798732.261743069,1654798732263164608,/terrasentia/mhe_output,fpn_msgs/msg/MHEOutput,882,1654798732,261743068,builtin_interfaces/msg/Time,,std_msgs/msg/Header,0.8997533917427063,0.5126292109489441,2.1230127811431885,3.078856945037842,0.03200000151991844,-64.4415934342605,-0.3587018763699515,0.0,geometry_msgs/msg/Point,fpn_msgs/msg/MHEOutput
1654798732446914672,1654798732.446914673,1654798732448489472,/terrasentia/mhe_output,fpn_msgs/msg/MHEOutput,883,1654798732,446914672,builtin_interfaces/msg/Time,,std_msgs/msg/Header,0.8971219658851624,0.5126237273216248,2.1228623390197754,3.080303907394409,0.03200000151991844,-64.44161300904798,-0.3590083533860084,0.0,geometry_msgs/msg/Point,fpn_msgs/msg/MHEOutput
1654798732647246599,1654798732.647246599,1654798732648906880,/terrasentia/mhe_output,fpn_msgs/msg/MHEOutput,884,1654798732,647246599,builtin_interfaces/msg/Time,,std_msgs/msg/Header,0.8946341872215271,0.5126182436943054,2.122844696044922,3.0804526805877686,0.032999999821186066,-64.4433657861275,-0.35904000214805953,0.0,geometry_msgs/msg/Point,fpn_msgs/msg/MHEOutput
1654798732845908164,1654798732.845908165,1654798732848658752,/terrasentia/mhe_output,fpn_msgs/msg/MHEOutput,885,1654798732,845908164,builtin_interfaces/msg/Time,,std_msgs/msg/Header,0.8922740817070007,0.5126127600669861,2.1228413581848145,3.0804667472839355,0.03400000184774399,-64.46141045942466,-0.35804712708203235,0.0,geometry_msgs/msg/Point,fpn_msgs/msg/MHEOutput
1654798733050734281,1654798733.050734282,1654798733053246976,/terrasentia/mhe_output,fpn_msgs/msg/MHEOutput,886,1654798733,50734281,builtin_interfaces/msg/Time,,std_msgs/msg/Header,0.8642882704734802,0.5126072764396667,2.123023271560669,3.0807418823242188,0.03500000014901161,-64.50014813534942,-0.3581392526164158,0.0,geometry_msgs/msg/Point,fpn_msgs/msg/MHEOutput
1654798733263271331,1654798733.263271332,1654798733266628032,/terrasentia/mhe_output,fpn_msgs/msg/MHEOutput,887,1654798733,263271331,builtin_interfaces/msg/Time,,std_msgs/msg/Header,0.6352900266647339,0.512601375579834,2.1246211528778076,3.066192626953125,0.03500000014901161,-64.51479343461351,-0.3535470344714967,0.0,geometry_msgs/msg/Point,fpn_msgs/msg/MHEOutput
1654798733453540563,1654798733.453540564,1654798733455580416,/terrasentia/mhe_output,fpn_msgs/msg/MHEOutput,888,1654798733,453540563,builtin_interfaces/msg/Time,,std_msgs/msg/Header,0.49881190061569214,0.5125958919525146,2.1248586177825928,3.0651462078094482,0.03400000184774399,-64.52655355630338,-0.3528809756687971,0.0,geometry_msgs/msg/Point,fpn_msgs/msg/MHEOutput
1654798733651089191,1654798733.651089191,1654798733652102144,/terrasentia/mhe_output,fpn_msgs/msg/MHEOutput,889,1654798733,651089191,builtin_interfaces/msg/Time,,std_msgs/msg/Header,0.8756197094917297,0.5125909447669983,2.127610683441162,3.071319580078125,0.03200000151991844,-64.63642460038254,-0.35090123548948726,0.0,geometry_msgs/msg/Point,fpn_msgs/msg/MHEOutput
1654798733857996225,1654798733.857996225,1654798733858975200,/terrasentia/mhe_output,fpn_msgs/msg/MHEOutput,890,1654798733,857996225,builtin_interfaces/msg/Time,,std_msgs/msg/Header,0.999912440776825,0.5125863552093506,2.1354944705963135,3.110666036605835,0.03099999949336052,-64.71636112106759,-0.3591973089975573,0.0,geometry_msgs/msg/Point,fpn_msgs/msg/MHEOutput
1654798734049514293,1654798734.049514294,1654798734051151072,/terrasentia/mhe_output,fpn_msgs/msg/MHEOutput,891,1654798734,49514293,builtin_interfaces/msg/Time,,std_msgs/msg/Header,0.9999634027481079,0.5224925875663757,2.1428322792053223,3.183607578277588,0.03099999949336052,-64.77437060780582,-0.3665368566566855,0.0,geometry_msgs/msg/Point,fpn_msgs/msg/MHEOutput
1654798734244371891,1654798734.244371891,1654798734248991072,/terrasentia/mhe_output,fpn_msgs/msg/MHEOutput,892,1654798734,244371891,builtin_interfaces/msg/Time,,std_msgs/msg/Header,0.9999702572822571,0.4864475429058075,2.1517419815063477,3.248011827468872,0.03200000151991844,-64.82904827212,-0.3810495728985427,0.0,geometry_msgs/msg/Point,fpn_msgs/msg/MHEOutput
1654798734443461656,1654798734.443461657,1654798734443953472,/terrasentia/mhe_output,fpn_msgs/msg/MHEOutput,893,1654798734,443461656,builtin_interfaces/msg/Time,,std_msgs/msg/Header,0.999908983707428,0.4109213948249817,2.1596593856811523,3.2865231037139893,0.03200000151991844,-64.87668251180364,-0.39570850415819725,0.0,geometry_msgs/msg/Point,fpn_msgs/msg/MHEOutput
1654798734647744178,1654798734.647744179,1654798734649621056,/terrasentia/mhe_output,fpn_msgs/msg/MHEOutput,894,1654798734,647744178,builtin_interfaces/msg/Time,,std_msgs/msg/Header,0.9999410510063171,0.3569081425666809,2.1678850650787354,3.3318355083465576,0.03099999949336052,-64.94433890657393,-0.4128093969917179,0.0,geometry_msgs/msg/Point,fpn_msgs/msg/MHEOutput
1654798734847610473,1654798734.847610474,1654798734851449024,/terrasentia/mhe_output,fpn_msgs/msg/MHEOutput,895,1654798734,847610473,builtin_interfaces/msg/Time,,std_msgs/msg/Header,0.9731210470199585,0.4606401026248932,2.174654006958008,3.468522310256958,0.032999999821186066,-65.00942667803052,-0.4483462280948963,0.0,geometry_msgs/msg/Point,fpn_msgs/msg/MHEOutput
1654798735054712057,1654798735.054712057,1654798735056576640,/terrasentia/mhe_output,fpn_msgs/msg/MHEOutput,896,1654798735,54712057,builtin_interfaces/msg/Time,,std_msgs/msg/Header,0.8127166628837585,0.5276451706886292,2.180239200592041,3.5987231731414795,0.032999999821186066,-65.03248384058877,-0.47677489560048053,0.0,geometry_msgs/msg/Point,fpn_msgs/msg/MHEOutput
1654798735252782106,1654798735.252782106,1654798735254216928,/terrasentia/mhe_output,fpn_msgs/msg/MHEOutput,897,1654798735,252782106,builtin_interfaces/msg/Time,,std_msgs/msg/Header,0.7164432406425476,0.45474568009376526,2.182455062866211,3.621645212173462,0.032999999821186066,-65.0538620017508,-0.4880395749414321,0.0,geometry_msgs/msg/Point,fpn_msgs/msg/MHEOutput
1654798735460209846,1654798735.460209846,1654798735463980544,/terrasentia/mhe_output,fpn_msgs/msg/MHEOutput,898,1654798735,460209846,builtin_interfaces/msg/Time,,std_msgs/msg/Header,0.7898467779159546,0.3762005865573883,2.181727647781372,3.5635733604431152,0.032999999821186066,-65.1375729282496,-0.5096888645745117,0.0,geometry_msgs/msg/Point,fpn_msgs/msg/MHEOutput
1654798735650456905,1654798735.650456905,1654798735653506624,/terrasentia/mhe_output,fpn_msgs/msg/MHEOutput,899,1654798735,650456905,builtin_interfaces/msg/Time,,std_msgs/msg/Header,0.788711667060852,0.34926438331604004,2.1760120391845703,3.5332162380218506,0.032999999821186066,-65.19302148971089,-0.5243470480786151,0.0,geometry_msgs/msg/Point,fpn_msgs/msg/MHEOutput
1654798735851668834,1654798735.851668835,1654798735853967648,/terrasentia/mhe_output,fpn_msgs/msg/MHEOutput,900,1654798735,851668834,builtin_interfaces/msg/Time,,std_msgs/msg/Header,0.8564555048942566,0.3200990557670593,2.1626007556915283,3.5226800441741943,0.029999999329447746,-65.28517186280382,-0.5419661360440073,0.0,geometry_msgs/msg/Point,fpn_msgs/msg/MHEOutput
1654798736052001476,1654798736.052001476,1654798736055364864,/terrasentia/mhe_output,fpn_msgs/msg/MHEOutput,901,1654798736,52001476,builtin_interfaces/msg/Time,,std_msgs/msg/Header,0.8987400531768799,0.29177752137184143,2.145688772201538,3.5552995204925537,0.03099999949336052,-65.37801000855396,-0.5654427952421371,0.0,geometry_msgs/msg/Point,fpn_msgs/msg/MHEOutput
1654798736245943784,1654798736.245943785,1654798736247118400,/terrasentia/mhe_output,fpn_msgs/msg/MHEOutput,902,1654798736,245943784,builtin_interfaces/msg/Time,,std_msgs/msg/Header,0.9107590317726135,0.3558526933193207,2.128096580505371,3.653656482696533,0.032999999821186066,-65.43669062587946,-0.6028815968965876,0.0,geometry_msgs/msg/Point,fpn_msgs/msg/MHEOutput
1654798736449834346,1654798736.449834347,1654798736455151744,/terrasentia/mhe_output,fpn_msgs/msg/MHEOutput,903,1654798736,449834346,builtin_interfaces/msg/Time,,std_msgs/msg/Header,0.9284080266952515,0.4346926808357239,2.114640712738037,3.741304636001587,0.032999999821186066,-65.50643417897626,-0.630155240545057,0.0,geometry_msgs/msg/Point,fpn_msgs/msg/MHEOutput
1654798736651551246,1654798736.651551247,1654798736654333632,/terrasentia/mhe_output,fpn_msgs/msg/MHEOutput,904,1654798736,651551246,builtin_interfaces/msg/Time,,std_msgs/msg/Header,0.9768142104148865,0.5216590166091919,2.1084749698638916,3.85520076751709,0.03099999949336052,-65.58360290069612,-0.677131562548039,0.0,geometry_msgs/msg/Point,fpn_msgs/msg/MHEOutput
1654798736851308584,1654798736.851308584,1654798736853748992,/terrasentia/mhe_output,fpn_msgs/msg/MHEOutput,905,1654798736,851308584,builtin_interfaces/msg/Time,,std_msgs/msg/Header,0.9433221220970154,0.5278156399726868,2.106052875518799,3.948989152908325,0.03099999949336052,-65.63644606175691,-0.7241743540263897,0.0,geometry_msgs/msg/Point,fpn_msgs/msg/MHEOutput
1654798737049989461,1654798737.049989462,1654798737052064224,/terrasentia/mhe_output,fpn_msgs/msg/MHEOutput,906,1654798737,49989461,builtin_interfaces/msg/Time,,std_msgs/msg/Header,0.9584145545959473,0.49032145738601685,2.101806402206421,4.00514030456543,0.03099999949336052,-65.69132939519304,-0.7755534357347981,0.0,geometry_msgs/msg/Point,fpn_msgs/msg/MHEOutput
1654798737252915859,1654798737.252915859,1654798737256989600,/terrasentia/mhe_output,fpn_msgs/msg/MHEOutput,907,1654798737,252915859,builtin_interfaces/msg/Time,,std_msgs/msg/Header,0.8289092183113098,0.4287364184856415,2.097547769546509,4.034109115600586,0.03099999949336052,-65.70413693004781,-0.7918902225187386,0.0,geometry_msgs/msg/Point,fpn_msgs/msg/MHEOutput
1654798737450689554,1654798737.450689554,1654798737453508992,/terrasentia/mhe_output,fpn_msgs/msg/MHEOutput,908,1654798737,450689554,builtin_interfaces/msg/Time,,std_msgs/msg/Header,0.7485731840133667,0.4064164161682129,2.093385934829712,4.094137191772461,0.03099999949336052,-65.71765090498035,-0.8219515424330743,0.0,geometry_msgs/msg/Point,fpn_msgs/msg/MHEOutput
1654798737650998115,1654798737.650998116,1654798737651980192,/terrasentia/mhe_output,fpn_msgs/msg/MHEOutput,909,1654798737,650998115,builtin_interfaces/msg/Time,,std_msgs/msg/Header,0.7416231632232666,0.45794224739074707,2.0905747413635254,4.229345798492432,0.02800000086426735,-65.73526995483921,-0.8762130368100429,0.0,geometry_msgs/msg/Point,fpn_msgs/msg/MHEOutput
1654798737847523212,1654798737.847523212,1654798737849521952,/terrasentia/mhe_output,fpn_msgs/msg/MHEOutput,910,1654798737,847523212,builtin_interfaces/msg/Time,,std_msgs/msg/Header,0.7897675037384033,0.4708430767059326,2.0963375568389893,4.229766368865967,0.02800000086426735,-65.78903884944529,-0.9488403257546023,0.0,geometry_msgs/msg/Point,fpn_msgs/msg/MHEOutput
1654798738047393321,1654798738.047393322,1654798738050456448,/terrasentia/mhe_output,fpn_msgs/msg/MHEOutput,911,1654798738,47393321,builtin_interfaces/msg/Time,,std_msgs/msg/Header,0.867125928401947,0.46524953842163086,2.099118709564209,4.223225116729736,0.03200000151991844,-65.81222672728349,-0.9792934250089802,0.0,geometry_msgs/msg/Point,fpn_msgs/msg/MHEOutput
1654798738251917600,1654798738.251917601,1654798738253915232,/terrasentia/mhe_output,fpn_msgs/msg/MHEOutput,912,1654798738,251917600,builtin_interfaces/msg/Time,,std_msgs/msg/Header,0.973678708076477,0.44909733533859253,2.0987181663513184,4.211940288543701,0.03400000184774399,-65.82816841038452,-1.0020931242384656,0.0,geometry_msgs/msg/Point,fpn_msgs/msg/MHEOutput
1654798738447293043,1654798738.447293043,1654798738448897600,/terrasentia/mhe_output,fpn_msgs/msg/MHEOutput,913,1654798738,447293043,builtin_interfaces/msg/Time,,std_msgs/msg/Header,0.9999793767929077,0.5001464486122131,2.0989160537719727,4.236329555511475,0.03500000014901161,-65.8242287204222,-1.0096078594661446,0.0,geometry_msgs/msg/Point,fpn_msgs/msg/MHEOutput
1654798738649221897,1654798738.649221897,1654798738650404864,/terrasentia/mhe_output,fpn_msgs/msg/MHEOutput,914,1654798738,649221897,builtin_interfaces/msg/Time,,std_msgs/msg/Header,0.9999887943267822,0.5764920115470886,2.098097801208496,4.25512170791626,0.03400000184774399,-65.82230934736502,-1.0123168139657293,0.0,geometry_msgs/msg/Point,fpn_msgs/msg/MHEOutput
1654798738857391357,1654798738.857391357,1654798738858771584,/terrasentia/mhe_output,fpn_msgs/msg/MHEOutput,915,1654798738,857391357,builtin_interfaces/msg/Time,,std_msgs/msg/Header,0.999985933303833,0.5468184947967529,2.095731496810913,4.244021415710449,0.03400000184774399,-65.83100980296518,-1.0214251392384275,0.0,geometry_msgs/msg/Point,fpn_msgs/msg/MHEOutput
1654798739051318168,1654798739.051318169,1654798739052612480,/terrasentia/mhe_output,fpn_msgs/msg/MHEOutput,916,1654798739,51318168,builtin_interfaces/msg/Time,,std_msgs/msg/Header,0.9999731183052063,0.4062453508377075,2.0938241481781006,4.232930660247803,0.03400000184774399,-65.8421714595448,-1.032267731294947,0.0,geometry_msgs/msg/Point,fpn_msgs/msg/MHEOutput
1654798739253485202,1654798739.253485203,1654798739256009632,/terrasentia/mhe_output,fpn_msgs/msg/MHEOutput,917,1654798739,253485202,builtin_interfaces/msg/Time,,std_msgs/msg/Header,0.9992997050285339,0.406289279460907,2.0958824157714844,4.218168258666992,0.03400000184774399,-65.85342495490126,-1.0444442131600697,0.0,geometry_msgs/msg/Point,fpn_msgs/msg/MHEOutput
1654798739456936597,1654798739.456936598,1654798739460491008,/terrasentia/mhe_output,fpn_msgs/msg/MHEOutput,918,1654798739,456936597,builtin_interfaces/msg/Time,,std_msgs/msg/Header,0.9864100813865662,0.406324565410614,2.0959999561309814,4.216692924499512,0.035999998450279236,-65.85445555753003,-1.049675546655307,0.0,geometry_msgs/msg/Point,fpn_msgs/msg/MHEOutput
1654798739647384405,1654798739.647384405,1654798739651856480,/terrasentia/mhe_output,fpn_msgs/msg/MHEOutput,919,1654798739,647384405,builtin_interfaces/msg/Time,,std_msgs/msg/Header,0.9789025187492371,0.40635985136032104,2.0960185527801514,4.216310501098633,0.035999998450279236,-65.85453146882843,-1.0519939149070285,0.0,geometry_msgs/msg/Point,fpn_msgs/msg/MHEOutput
1654798739850351095,1654798739.850351095,1654798739853603008,/terrasentia/mhe_output,fpn_msgs/msg/MHEOutput,920,1654798739,850351095,builtin_interfaces/msg/Time,,std_msgs/msg/Header,0.9734581708908081,0.4063951373100281,2.095991849899292,4.216365814208984,0.03500000014901161,-65.85452323989756,-1.0543154641714598,0.0,geometry_msgs/msg/Point,fpn_msgs/msg/MHEOutput
1654798740053281307,1654798740.053281307,1654798740061472000,/terrasentia/mhe_output,fpn_msgs/msg/MHEOutput,921,1654798740,53281307,builtin_interfaces/msg/Time,,std_msgs/msg/Header,0.969157874584198,0.4064303934574127,2.0974466800689697,4.202033996582031,0.03400000184774399,-65.85512835702288,-1.053047238715563,0.0,geometry_msgs/msg/Point,fpn_msgs/msg/MHEOutput
1654798740250560045,1654798740.250560045,1654798740252544896,/terrasentia/mhe_output,fpn_msgs/msg/MHEOutput,922,1654798740,250560045,builtin_interfaces/msg/Time,,std_msgs/msg/Header,0.9655864834785461,0.40646564960479736,2.0990402698516846,4.186161994934082,0.03400000184774399,-65.855972303908,-1.053844023055743,0.0,geometry_msgs/msg/Point,fpn_msgs/msg/MHEOutput
1654798740450481176,1654798740.450481176,1654798740451258272,/terrasentia/mhe_output,fpn_msgs/msg/MHEOutput,923,1654798740,450481176,builtin_interfaces/msg/Time,,std_msgs/msg/Header,0.9625205397605896,0.4065008759498596,2.0991780757904053,4.184619426727295,0.03400000184774399,-65.85623293306811,-1.0559962318479055,0.0,geometry_msgs/msg/Point,fpn_msgs/msg/MHEOutput
1654798740671202898,1654798740.671202898,1654798740672460160,/terrasentia/mhe_output,fpn_msgs/msg/MHEOutput,924,1654798740,671202898,builtin_interfaces/msg/Time,,std_msgs/msg/Header,0.9598259925842285,0.4065360724925995,2.0991809368133545,4.184591770172119,0.032999999821186066,-65.8562406218088,-1.0560201959304465,0.0,geometry_msgs/msg/Point,fpn_msgs/msg/MHEOutput
