t,source_time_s,edge_arrival_time_s,seq,twin_x,twin_y,twin_theta,gps_x,gps_y,gps_valid,gps_speed_mps,gps_course_deg,gps_heading_rad,twin_global_theta,gps_age_s,aoi_s,clock_offset_s,arrival_jitter_ms,gps_agreement_m,gps_heading_agreement_deg,firmware_yaw_deg,encoder_v,encoder_omega,imu_omega,omega,yaw_disagreement,slip_indicator,condition,latency_ms,payload_bytes,bytes_per_s,packet_gap,stale,queue_depth,enc_left,enc_right,motor_l,motor_r,voltage,satellites,hdop,contract_reference_valid,contracts,resource_mode,requested_update_rate_hz,evaluation_ms
0.0,1090.21,1789572365.1278548,836,0.0,0.0,0.0,0.0,0.0,True,0.149188888,333.06,,,0.176,0.0,1789571274.9178548,0.0,0.0,,-105.0128,0.0,0.0,0.006457718232379019,0.001291543646475804,0.006457718232379019,0.018450623521082912,low-motion,637.7520561218262,615,615.0,0,True,0,37251,34480,0.0,0.0,12.29672,11,0.9,False,"[{""service_id"":""local_1s_tight"",""label"":""Immediate motion"",""family"":""local_relative_motion"",""horizon_s"":1.0,""position_tolerance_m"":0.1,""heading_tolerance_deg"":2.0,""maximum_aoi_s"":0.6,""position_error_m"":null,""heading_error_deg"":null,""aoi_s"":0.0,""position_margin_m"":null,""heading_margin_deg"":null,""freshness_margin_s"":null,""normalized_margin"":null,""observable"":false,""raw_pass"":false,""reason"":""GPS course unobservable at low speed"",""status"":""unobservable"",""observed_evaluations"":0,""satisfaction_fraction"":null},{""service_id"":""local_5s_moderate"",""label"":""Short prediction"",""family"":""local_relative_motion"",""horizon_s"":5.0,""position_tolerance_m"":0.2,""heading_tolerance_deg"":5.0,""maximum_aoi_s"":1.0,""position_error_m"":null,""heading_error_deg"":null,""aoi_s"":0.0,""position_margin_m"":null,""heading_margin_deg"":null,""freshness_margin_s"":null,""normalized_margin"":null,""observable"":false,""raw_pass"":false,""reason"":""GPS course unobservable at low speed"",""status"":""unobservable"",""observed_evaluations"":0,""satisfaction_fraction"":null},{""service_id"":""local_10s_preview"",""label"":""Planning support"",""family"":""local_relative_motion"",""horizon_s"":10.0,""position_tolerance_m"":0.5,""heading_tolerance_deg"":10.0,""maximum_aoi_s"":1.5,""position_error_m"":null,""heading_error_deg"":null,""aoi_s"":0.0,""position_margin_m"":null,""heading_margin_deg"":null,""freshness_margin_s"":null,""normalized_margin"":null,""observable"":false,""raw_pass"":false,""reason"":""GPS course unobservable at low speed"",""status"":""unobservable"",""observed_evaluations"":0,""satisfaction_fraction"":null},{""service_id"":""global_state_tracking"",""label"":""Global asset tracking"",""family"":""global_synchronization"",""horizon_s"":0.0,""position_tolerance_m"":1.0,""heading_tolerance_deg"":5.0,""maximum_aoi_s"":1.0,""position_error_m"":0.0,""heading_error_deg"":null,""aoi_s"":0.0,""position_margin_m"":1.0,""heading_margin_deg"":null,""freshness_margin_s"":1.0,""normalized_margin"":null,""observable"":false,""raw_pass"":false,""reason"":""GPS course unobservable at low speed"",""status"":""unobservable"",""observed_evaluations"":0,""satisfaction_fraction"":null}]",normal,5.0,0.1210999907925725
0.6119999999998527,1090.822,1789572365.8361583,837,0.0,0.0,-1.0681415022251173e-05,0.0,0.0,True,0.267511109,333.06,,,0.067,0.09630346298217773,1789571274.9178548,96.30345153823328,0.0,,-104.9737,-0.0,0.0,-8.726646259971648e-05,-1.7453292519943296e-05,8.726646259971648e-05,0.00024933275028490425,low-motion,705.9175968170166,616,1231.0,0,False,0,37251,34480,0.0,0.0,12.29672,11,0.9,False,"[{""service_id"":""local_1s_tight"",""label"":""Immediate motion"",""family"":""local_relative_motion"",""horizon_s"":1.0,""position_tolerance_m"":0.1,""heading_tolerance_deg"":2.0,""maximum_aoi_s"":0.6,""position_error_m"":null,""heading_error_deg"":null,""aoi_s"":0.09630346298217773,""position_margin_m"":null,""heading_margin_deg"":null,""freshness_margin_s"":null,""normalized_margin"":null,""observable"":false,""raw_pass"":false,""reason"":""GPS course unobservable at low speed"",""status"":""unobservable"",""observed_evaluations"":0,""satisfaction_fraction"":null},{""service_id"":""local_5s_moderate"",""label"":""Short prediction"",""family"":""local_relative_motion"",""horizon_s"":5.0,""position_tolerance_m"":0.2,""heading_tolerance_deg"":5.0,""maximum_aoi_s"":1.0,""position_error_m"":null,""heading_error_deg"":null,""aoi_s"":0.09630346298217773,""position_margin_m"":null,""heading_margin_deg"":null,""freshness_margin_s"":null,""normalized_margin"":null,""observable"":false,""raw_pass"":false,""reason"":""GPS course unobservable at low speed"",""status"":""unobservable"",""observed_evaluations"":0,""satisfaction_fraction"":null},{""service_id"":""local_10s_preview"",""label"":""Planning support"",""family"":""local_relative_motion"",""horizon_s"":10.0,""position_tolerance_m"":0.5,""heading_tolerance_deg"":10.0,""maximum_aoi_s"":1.5,""position_error_m"":null,""heading_error_deg"":null,""aoi_s"":0.09630346298217773,""position_margin_m"":null,""heading_margin_deg"":null,""freshness_margin_s"":null,""normalized_margin"":null,""observable"":false,""raw_pass"":false,""reason"":""GPS course unobservable at low speed"",""status"":""unobservable"",""observed_evaluations"":0,""satisfaction_fraction"":null},{""service_id"":""global_state_tracking"",""label"":""Global asset tracking"",""family"":""global_synchronization"",""horizon_s"":0.0,""position_tolerance_m"":1.0,""heading_tolerance_deg"":5.0,""maximum_aoi_s"":1.0,""position_error_m"":0.0,""heading_error_deg"":null,""aoi_s"":0.09630346298217773,""position_margin_m"":1.0,""heading_margin_deg"":null,""freshness_margin_s"":0.9036965370178223,""normalized_margin"":null,""observable"":false,""raw_pass"":false,""reason"":""GPS course unobservable at low speed"",""status"":""unobservable"",""observed_evaluations"":0,""satisfaction_fraction"":null}]",normal,5.0,0.40389993228018284
1.321999999999889,1091.532,1789572366.4028814,838,0.0,0.0,0.00013182471840300636,0.14709863385749994,0.0,True,0.267511109,333.06,,,0.028,0.0,1789571274.8708813,143.2768917084104,0.14709863385749994,,-104.7953,-0.0,0.0,0.0010035643198967395,0.00020071286397934792,0.0010035643198967395,0.0028673266282763987,low-motion,562.1874332427979,615,1447.812977516755,0,False,0,37251,34480,0.0,0.0,12.29672,11,0.9,False,"[{""service_id"":""local_1s_tight"",""label"":""Immediate motion"",""family"":""local_relative_motion"",""horizon_s"":1.0,""position_tolerance_m"":0.1,""heading_tolerance_deg"":2.0,""maximum_aoi_s"":0.6,""position_error_m"":null,""heading_error_deg"":null,""aoi_s"":0.0,""position_margin_m"":null,""heading_margin_deg"":null,""freshness_margin_s"":null,""normalized_margin"":null,""observable"":false,""raw_pass"":false,""reason"":""GPS course unobservable at low speed"",""status"":""unobservable"",""observed_evaluations"":0,""satisfaction_fraction"":null},{""service_id"":""local_5s_moderate"",""label"":""Short prediction"",""family"":""local_relative_motion"",""horizon_s"":5.0,""position_tolerance_m"":0.2,""heading_tolerance_deg"":5.0,""maximum_aoi_s"":1.0,""position_error_m"":null,""heading_error_deg"":null,""aoi_s"":0.0,""position_margin_m"":null,""heading_margin_deg"":null,""freshness_margin_s"":null,""normalized_margin"":null,""observable"":false,""raw_pass"":false,""reason"":""GPS course unobservable at low speed"",""status"":""unobservable"",""observed_evaluations"":0,""satisfaction_fraction"":null},{""service_id"":""local_10s_preview"",""label"":""Planning support"",""family"":""local_relative_motion"",""horizon_s"":10.0,""position_tolerance_m"":0.5,""heading_tolerance_deg"":10.0,""maximum_aoi_s"":1.5,""position_error_m"":null,""heading_error_deg"":null,""aoi_s"":0.0,""position_margin_m"":null,""heading_margin_deg"":null,""freshness_margin_s"":null,""normalized_margin"":null,""observable"":false,""raw_pass"":false,""reason"":""GPS course unobservable at low speed"",""status"":""unobservable"",""observed_evaluations"":0,""satisfaction_fraction"":null},{""service_id"":""global_state_tracking"",""label"":""Global asset tracking"",""family"":""global_synchronization"",""horizon_s"":0.0,""position_tolerance_m"":1.0,""heading_tolerance_deg"":5.0,""maximum_aoi_s"":1.0,""position_error_m"":0.14709863385749994,""heading_error_deg"":null,""aoi_s"":0.0,""position_margin_m"":0.8529013661425,""heading_margin_deg"":null,""freshness_margin_s"":1.0,""normalized_margin"":null,""observable"":false,""raw_pass"":false,""reason"":""GPS course unobservable at low speed"",""status"":""unobservable"",""observed_evaluations"":0,""satisfaction_fraction"":null}]",normal,5.0,0.3106000367552042
1.8830000000000382,1092.093,1789572367.1024983,839,0.0,0.0,0.00012203342129923911,0.0,0.0,True,0.236644442,333.06,,,0.011,0.13861703872680664,1789571274.8708813,138.61690902695045,0.0,,-104.6694,-0.0,0.0,-8.726646259971648e-05,-1.7453292519943296e-05,8.726646259971648e-05,0.00024933275028490425,low-motion,695.1744556427002,614,1245.794513692225,0,False,0,37251,34480,0.0,0.0,12.29672,11,0.9,False,"[{""service_id"":""local_1s_tight"",""label"":""Immediate motion"",""family"":""local_relative_motion"",""horizon_s"":1.0,""position_tolerance_m"":0.1,""heading_tolerance_deg"":2.0,""maximum_aoi_s"":0.6,""position_error_m"":null,""heading_error_deg"":null,""aoi_s"":0.13861703872680664,""position_margin_m"":null,""heading_margin_deg"":null,""freshness_margin_s"":null,""normalized_margin"":null,""observable"":false,""raw_pass"":false,""reason"":""GPS course unobservable at low speed"",""status"":""unobservable"",""observed_evaluations"":0,""satisfaction_fraction"":null},{""service_id"":""local_5s_moderate"",""label"":""Short prediction"",""family"":""local_relative_motion"",""horizon_s"":5.0,""position_tolerance_m"":0.2,""heading_tolerance_deg"":5.0,""maximum_aoi_s"":1.0,""position_error_m"":null,""heading_error_deg"":null,""aoi_s"":0.13861703872680664,""position_margin_m"":null,""heading_margin_deg"":null,""freshness_margin_s"":null,""normalized_margin"":null,""observable"":false,""raw_pass"":false,""reason"":""GPS course unobservable at low speed"",""status"":""unobservable"",""observed_evaluations"":0,""satisfaction_fraction"":null},{""service_id"":""local_10s_preview"",""label"":""Planning support"",""family"":""local_relative_motion"",""horizon_s"":10.0,""position_tolerance_m"":0.5,""heading_tolerance_deg"":10.0,""maximum_aoi_s"":1.5,""position_error_m"":null,""heading_error_deg"":null,""aoi_s"":0.13861703872680664,""position_margin_m"":null,""heading_margin_deg"":null,""freshness_margin_s"":null,""normalized_margin"":null,""observable"":false,""raw_pass"":false,""reason"":""GPS course unobservable at low speed"",""status"":""unobservable"",""observed_evaluations"":0,""satisfaction_fraction"":null},{""service_id"":""global_state_tracking"",""label"":""Global asset tracking"",""family"":""global_synchronization"",""horizon_s"":0.0,""position_tolerance_m"":1.0,""heading_tolerance_deg"":5.0,""maximum_aoi_s"":1.0,""position_error_m"":0.0,""heading_error_deg"":null,""aoi_s"":0.13861703872680664,""position_margin_m"":1.0,""heading_margin_deg"":null,""freshness_margin_s"":0.8613829612731934,""normalized_margin"":null,""observable"":false,""raw_pass"":false,""reason"":""GPS course unobservable at low speed"",""status"":""unobservable"",""observed_evaluations"":0,""satisfaction_fraction"":null}]",normal,5.0,0.28090004343539476
2.5989999999999327,1092.809,1789572367.6814477,840,0.0,0.0,0.00042195079996210083,0.0,0.0,True,0.144044443,333.06,,,0.033,0.0015664100646972656,1789571274.8708813,137.0505485533613,0.0,,-104.7412,-0.0,0.0,0.0020943951023931952,0.00041887902047863906,0.0020943951023931952,0.005983986006837701,low-motion,575.8404731750488,613,1203.4024591652433,0,False,0,37251,34480,0.0,0.0,12.29672,11,0.9,False,"[{""service_id"":""local_1s_tight"",""label"":""Immediate motion"",""family"":""local_relative_motion"",""horizon_s"":1.0,""position_tolerance_m"":0.1,""heading_tolerance_deg"":2.0,""maximum_aoi_s"":0.6,""position_error_m"":null,""heading_error_deg"":null,""aoi_s"":0.0015664100646972656,""position_margin_m"":null,""heading_margin_deg"":null,""freshness_margin_s"":null,""normalized_margin"":null,""observable"":false,""raw_pass"":false,""reason"":""GPS course unobservable at low speed"",""status"":""unobservable"",""observed_evaluations"":0,""satisfaction_fraction"":null},{""service_id"":""local_5s_moderate"",""label"":""Short prediction"",""family"":""local_relative_motion"",""horizon_s"":5.0,""position_tolerance_m"":0.2,""heading_tolerance_deg"":5.0,""maximum_aoi_s"":1.0,""position_error_m"":null,""heading_error_deg"":null,""aoi_s"":0.0015664100646972656,""position_margin_m"":null,""heading_margin_deg"":null,""freshness_margin_s"":null,""normalized_margin"":null,""observable"":false,""raw_pass"":false,""reason"":""GPS course unobservable at low speed"",""status"":""unobservable"",""observed_evaluations"":0,""satisfaction_fraction"":null},{""service_id"":""local_10s_preview"",""label"":""Planning support"",""family"":""local_relative_motion"",""horizon_s"":10.0,""position_tolerance_m"":0.5,""heading_tolerance_deg"":10.0,""maximum_aoi_s"":1.5,""position_error_m"":null,""heading_error_deg"":null,""aoi_s"":0.0015664100646972656,""position_margin_m"":null,""heading_margin_deg"":null,""freshness_margin_s"":null,""normalized_margin"":null,""observable"":false,""raw_pass"":false,""reason"":""GPS course unobservable at low speed"",""status"":""unobservable"",""observed_evaluations"":0,""satisfaction_fraction"":null},{""service_id"":""global_state_tracking"",""label"":""Global asset tracking"",""family"":""global_synchronization"",""horizon_s"":0.0,""position_tolerance_m"":1.0,""heading_tolerance_deg"":5.0,""maximum_aoi_s"":1.0,""position_error_m"":0.0,""heading_error_deg"":null,""aoi_s"":0.0015664100646972656,""position_margin_m"":1.0,""heading_margin_deg"":null,""freshness_margin_s"":0.9984335899353027,""normalized_margin"":null,""observable"":false,""raw_pass"":false,""reason"":""GPS course unobservable at low speed"",""status"":""unobservable"",""observed_evaluations"":0,""satisfaction_fraction"":null}]",normal,5.0,0.3621000796556473
3.175999999999931,1093.386,1789572368.398657,841,0.0,0.0,0.0012930533562789392,0.0,-0.3718070991650614,True,0.231499998,333.06,,,0.025,0.14177584648132324,1789571274.8708813,140.20933914184752,0.3718070991650614,,-104.7531,-0.0,0.0,0.007548549014875475,0.001509709802975095,0.007548549014875475,0.021567282899644217,low-motion,712.6550674438477,613,1126.9406425765517,0,False,0,37251,34480,0.0,0.0,12.29672,11,0.9,False,"[{""service_id"":""local_1s_tight"",""label"":""Immediate motion"",""family"":""local_relative_motion"",""horizon_s"":1.0,""position_tolerance_m"":0.1,""heading_tolerance_deg"":2.0,""maximum_aoi_s"":0.6,""position_error_m"":null,""heading_error_deg"":null,""aoi_s"":0.14177584648132324,""position_margin_m"":null,""heading_margin_deg"":null,""freshness_margin_s"":null,""normalized_margin"":null,""observable"":false,""raw_pass"":false,""reason"":""GPS course unobservable at low speed"",""status"":""unobservable"",""observed_evaluations"":0,""satisfaction_fraction"":null},{""service_id"":""local_5s_moderate"",""label"":""Short prediction"",""family"":""local_relative_motion"",""horizon_s"":5.0,""position_tolerance_m"":0.2,""heading_tolerance_deg"":5.0,""maximum_aoi_s"":1.0,""position_error_m"":null,""heading_error_deg"":null,""aoi_s"":0.14177584648132324,""position_margin_m"":null,""heading_margin_deg"":null,""freshness_margin_s"":null,""normalized_margin"":null,""observable"":false,""raw_pass"":false,""reason"":""GPS course unobservable at low speed"",""status"":""unobservable"",""observed_evaluations"":0,""satisfaction_fraction"":null},{""service_id"":""local_10s_preview"",""label"":""Planning support"",""family"":""local_relative_motion"",""horizon_s"":10.0,""position_tolerance_m"":0.5,""heading_tolerance_deg"":10.0,""maximum_aoi_s"":1.5,""position_error_m"":null,""heading_error_deg"":null,""aoi_s"":0.14177584648132324,""position_margin_m"":null,""heading_margin_deg"":null,""freshness_margin_s"":null,""normalized_margin"":null,""observable"":false,""raw_pass"":false,""reason"":""GPS course unobservable at low speed"",""status"":""unobservable"",""observed_evaluations"":0,""satisfaction_fraction"":null},{""service_id"":""global_state_tracking"",""label"":""Global asset tracking"",""family"":""global_synchronization"",""horizon_s"":0.0,""position_tolerance_m"":1.0,""heading_tolerance_deg"":5.0,""maximum_aoi_s"":1.0,""position_error_m"":0.3718070991650614,""heading_error_deg"":null,""aoi_s"":0.14177584648132324,""position_margin_m"":0.6281929008349386,""heading_margin_deg"":null,""freshness_margin_s"":0.8582241535186768,""normalized_margin"":null,""observable"":false,""raw_pass"":false,""reason"":""GPS course unobservable at low speed"",""status"":""unobservable"",""observed_evaluations"":0,""satisfaction_fraction"":null}]",normal,5.0,0.4859999753534794
3.8899999999998727,1094.1,1789572368.9703226,842,0.0,0.0,0.0019036742483815594,-0.14798476964467533,-0.3718070991650614,True,0.231499998,333.06,,,0.033,0.0,1789571274.8703227,142.33447456354043,0.40017497552486386,,-104.7815,-0.0,0.0,0.004276056667386108,0.0008552113334772216,0.004276056667386108,0.012217304763960308,low-motion,565.3285980224609,609,1117.771245057388,0,False,0,37251,34480,0.0,0.0,12.29672,11,0.9,False,"[{""service_id"":""local_1s_tight"",""label"":""Immediate motion"",""family"":""local_relative_motion"",""horizon_s"":1.0,""position_tolerance_m"":0.1,""heading_tolerance_deg"":2.0,""maximum_aoi_s"":0.6,""position_error_m"":null,""heading_error_deg"":null,""aoi_s"":0.0,""position_margin_m"":null,""heading_margin_deg"":null,""freshness_margin_s"":null,""normalized_margin"":null,""observable"":false,""raw_pass"":false,""reason"":""GPS course unobservable at low speed"",""status"":""unobservable"",""observed_evaluations"":0,""satisfaction_fraction"":null},{""service_id"":""local_5s_moderate"",""label"":""Short prediction"",""family"":""local_relative_motion"",""horizon_s"":5.0,""position_tolerance_m"":0.2,""heading_tolerance_deg"":5.0,""maximum_aoi_s"":1.0,""position_error_m"":null,""heading_error_deg"":null,""aoi_s"":0.0,""position_margin_m"":null,""heading_margin_deg"":null,""freshness_margin_s"":null,""normalized_margin"":null,""observable"":false,""raw_pass"":false,""reason"":""GPS course unobservable at low speed"",""status"":""unobservable"",""observed_evaluations"":0,""satisfaction_fraction"":null},{""service_id"":""local_10s_preview"",""label"":""Planning support"",""family"":""local_relative_motion"",""horizon_s"":10.0,""position_tolerance_m"":0.5,""heading_tolerance_deg"":10.0,""maximum_aoi_s"":1.5,""position_error_m"":null,""heading_error_deg"":null,""aoi_s"":0.0,""position_margin_m"":null,""heading_margin_deg"":null,""freshness_margin_s"":null,""normalized_margin"":null,""observable"":false,""raw_pass"":false,""reason"":""GPS course unobservable at low speed"",""status"":""unobservable"",""observed_evaluations"":0,""satisfaction_fraction"":null},{""service_id"":""global_state_tracking"",""label"":""Global asset tracking"",""family"":""global_synchronization"",""horizon_s"":0.0,""position_tolerance_m"":1.0,""heading_tolerance_deg"":5.0,""maximum_aoi_s"":1.0,""position_error_m"":0.40017497552486386,""heading_error_deg"":null,""aoi_s"":0.0,""position_margin_m"":0.5998250244751362,""heading_margin_deg"":null,""freshness_margin_s"":1.0,""normalized_margin"":null,""observable"":false,""raw_pass"":false,""reason"":""GPS course unobservable at low speed"",""status"":""unobservable"",""observed_evaluations"":0,""satisfaction_fraction"":null}]",normal,5.0,0.42940001003444195
4.45699999999988,1094.667,1789572369.6768916,843,0.0,0.0,0.002512279285198371,-0.14798476964467533,-0.3718070991650614,True,0.123466666,333.06,,,0.019,0.13956880569458008,1789571274.8703227,139.5689563751148,0.40017497552486386,,-104.7778,-0.0,0.0,0.005366887449882563,0.0010733774899765126,0.005366887449882563,0.015333964142521611,low-motion,700.1233100891113,613,1078.9097295011338,0,False,0,37251,34480,0.0,0.0,12.29672,11,0.9,False,"[{""service_id"":""local_1s_tight"",""label"":""Immediate motion"",""family"":""local_relative_motion"",""horizon_s"":1.0,""position_tolerance_m"":0.1,""heading_tolerance_deg"":2.0,""maximum_aoi_s"":0.6,""position_error_m"":null,""heading_error_deg"":null,""aoi_s"":0.13956880569458008,""position_margin_m"":null,""heading_margin_deg"":null,""freshness_margin_s"":null,""normalized_margin"":null,""observable"":false,""raw_pass"":false,""reason"":""GPS course unobservable at low speed"",""status"":""unobservable"",""observed_evaluations"":0,""satisfaction_fraction"":null},{""service_id"":""local_5s_moderate"",""label"":""Short prediction"",""family"":""local_relative_motion"",""horizon_s"":5.0,""position_tolerance_m"":0.2,""heading_tolerance_deg"":5.0,""maximum_aoi_s"":1.0,""position_error_m"":null,""heading_error_deg"":null,""aoi_s"":0.13956880569458008,""position_margin_m"":null,""heading_margin_deg"":null,""freshness_margin_s"":null,""normalized_margin"":null,""observable"":false,""raw_pass"":false,""reason"":""GPS course unobservable at low speed"",""status"":""unobservable"",""observed_evaluations"":0,""satisfaction_fraction"":null},{""service_id"":""local_10s_preview"",""label"":""Planning support"",""family"":""local_relative_motion"",""horizon_s"":10.0,""position_tolerance_m"":0.5,""heading_tolerance_deg"":10.0,""maximum_aoi_s"":1.5,""position_error_m"":null,""heading_error_deg"":null,""aoi_s"":0.13956880569458008,""position_margin_m"":null,""heading_margin_deg"":null,""freshness_margin_s"":null,""normalized_margin"":null,""observable"":false,""raw_pass"":false,""reason"":""GPS course unobservable at low speed"",""status"":""unobservable"",""observed_evaluations"":0,""satisfaction_fraction"":null},{""service_id"":""global_state_tracking"",""label"":""Global asset tracking"",""family"":""global_synchronization"",""horizon_s"":0.0,""position_tolerance_m"":1.0,""heading_tolerance_deg"":5.0,""maximum_aoi_s"":1.0,""position_error_m"":0.40017497552486386,""heading_error_deg"":null,""aoi_s"":0.13956880569458008,""position_margin_m"":0.5998250244751362,""heading_margin_deg"":null,""freshness_margin_s"":0.8604311943054199,""normalized_margin"":null,""observable"":false,""raw_pass"":false,""reason"":""GPS course unobservable at low speed"",""status"":""unobservable"",""observed_evaluations"":0,""satisfaction_fraction"":null}]",normal,5.0,0.4784999182447791
5.153999999999996,1095.364,1789572370.2416017,844,0.0,0.0,0.0029562997735519403,-0.29596953803007514,-0.3718070991650614,True,0.08231111,333.06,,,0.011,0.007278919219970703,1789571274.8703227,132.28985977184493,0.47522466942623454,,-104.4406,-0.0,0.0,0.0031852258848896514,0.0006370451769779303,0.0031852258848896514,0.009100645385399005,low-motion,559.7114562988281,616,1114.3032655078653,0,False,0,37251,34480,0.0,0.0,12.29672,12,0.85,False,"[{""service_id"":""local_1s_tight"",""label"":""Immediate motion"",""family"":""local_relative_motion"",""horizon_s"":1.0,""position_tolerance_m"":0.1,""heading_tolerance_deg"":2.0,""maximum_aoi_s"":0.6,""position_error_m"":null,""heading_error_deg"":null,""aoi_s"":0.007278919219970703,""position_margin_m"":null,""heading_margin_deg"":null,""freshness_margin_s"":null,""normalized_margin"":null,""observable"":false,""raw_pass"":false,""reason"":""GPS course unobservable at low speed"",""status"":""unobservable"",""observed_evaluations"":0,""satisfaction_fraction"":null},{""service_id"":""local_5s_moderate"",""label"":""Short prediction"",""family"":""local_relative_motion"",""horizon_s"":5.0,""position_tolerance_m"":0.2,""heading_tolerance_deg"":5.0,""maximum_aoi_s"":1.0,""position_error_m"":null,""heading_error_deg"":null,""aoi_s"":0.007278919219970703,""position_margin_m"":null,""heading_margin_deg"":null,""freshness_margin_s"":null,""normalized_margin"":null,""observable"":false,""raw_pass"":false,""reason"":""GPS course unobservable at low speed"",""status"":""unobservable"",""observed_evaluations"":0,""satisfaction_fraction"":null},{""service_id"":""local_10s_preview"",""label"":""Planning support"",""family"":""local_relative_motion"",""horizon_s"":10.0,""position_tolerance_m"":0.5,""heading_tolerance_deg"":10.0,""maximum_aoi_s"":1.5,""position_error_m"":null,""heading_error_deg"":null,""aoi_s"":0.007278919219970703,""position_margin_m"":null,""heading_margin_deg"":null,""freshness_margin_s"":null,""normalized_margin"":null,""observable"":false,""raw_pass"":false,""reason"":""GPS course unobservable at low speed"",""status"":""unobservable"",""observed_evaluations"":0,""satisfaction_fraction"":null},{""service_id"":""global_state_tracking"",""label"":""Global asset tracking"",""family"":""global_synchronization"",""horizon_s"":0.0,""position_tolerance_m"":1.0,""heading_tolerance_deg"":5.0,""maximum_aoi_s"":1.0,""position_error_m"":0.47522466942623454,""heading_error_deg"":null,""aoi_s"":0.007278919219970703,""position_margin_m"":0.5247753305737655,""heading_margin_deg"":null,""freshness_margin_s"":0.9927210807800293,""normalized_margin"":null,""observable"":false,""raw_pass"":false,""reason"":""GPS course unobservable at low speed"",""status"":""unobservable"",""observed_evaluations"":0,""satisfaction_fraction"":null}]",normal,5.0,0.48269995022565126
5.718000000000075,1095.928,1789572370.9439132,845,0.0,0.0,0.003069501828836252,-0.29596953803007514,-0.3718070991650614,True,0.08231111,333.06,,,0.575,0.14559054374694824,1789571274.8703227,138.31151580802725,0.47522466942623454,,-104.2275,-0.0,0.0,0.0010035643198967395,0.00020071286397934792,0.0010035643198967395,0.0028673266282763987,low-motion,697.8552341461182,616,1081.0318393940545,0,False,0,37251,34480,0.0,0.0,12.29672,12,0.85,False,"[{""service_id"":""local_1s_tight"",""label"":""Immediate motion"",""family"":""local_relative_motion"",""horizon_s"":1.0,""position_tolerance_m"":0.1,""heading_tolerance_deg"":2.0,""maximum_aoi_s"":0.6,""position_error_m"":null,""heading_error_deg"":null,""aoi_s"":0.14559054374694824,""position_margin_m"":null,""heading_margin_deg"":null,""freshness_margin_s"":null,""normalized_margin"":null,""observable"":false,""raw_pass"":false,""reason"":""GPS course unobservable at low speed"",""status"":""unobservable"",""observed_evaluations"":0,""satisfaction_fraction"":null},{""service_id"":""local_5s_moderate"",""label"":""Short prediction"",""family"":""local_relative_motion"",""horizon_s"":5.0,""position_tolerance_m"":0.2,""heading_tolerance_deg"":5.0,""maximum_aoi_s"":1.0,""position_error_m"":null,""heading_error_deg"":null,""aoi_s"":0.14559054374694824,""position_margin_m"":null,""heading_margin_deg"":null,""freshness_margin_s"":null,""normalized_margin"":null,""observable"":false,""raw_pass"":false,""reason"":""GPS course unobservable at low speed"",""status"":""unobservable"",""observed_evaluations"":0,""satisfaction_fraction"":null},{""service_id"":""local_10s_preview"",""label"":""Planning support"",""family"":""local_relative_motion"",""horizon_s"":10.0,""position_tolerance_m"":0.5,""heading_tolerance_deg"":10.0,""maximum_aoi_s"":1.5,""position_error_m"":null,""heading_error_deg"":null,""aoi_s"":0.14559054374694824,""position_margin_m"":null,""heading_margin_deg"":null,""freshness_margin_s"":null,""normalized_margin"":null,""observable"":false,""raw_pass"":false,""reason"":""GPS course unobservable at low speed"",""status"":""unobservable"",""observed_evaluations"":0,""satisfaction_fraction"":null},{""service_id"":""global_state_tracking"",""label"":""Global asset tracking"",""family"":""global_synchronization"",""horizon_s"":0.0,""position_tolerance_m"":1.0,""heading_tolerance_deg"":5.0,""maximum_aoi_s"":1.0,""position_error_m"":0.47522466942623454,""heading_error_deg"":null,""aoi_s"":0.14559054374694824,""position_margin_m"":0.5247753305737655,""heading_margin_deg"":null,""freshness_margin_s"":0.8544094562530518,""normalized_margin"":null,""observable"":false,""raw_pass"":false,""reason"":""GPS course unobservable at low speed"",""status"":""unobservable"",""observed_evaluations"":0,""satisfaction_fraction"":null}]",normal,5.0,0.33389998134225607
6.4529999999999745,1096.663,1789572371.5418124,846,0.0,0.0,0.003698082158941851,-0.29596953803007514,-0.3718070991650614,True,0.072022222,333.06,,,0.04,0.008489608764648438,1789571274.8703227,137.10080146779546,0.47522466942623454,,-105.2128,-0.0,0.0,0.004276056667386108,0.0008552113334772216,0.004276056667386108,0.012217304763960308,low-motion,591.6426181793213,615,1105.8014503137595,0,False,0,37251,34480,0.0,0.0,12.29672,12,0.85,False,"[{""service_id"":""local_1s_tight"",""label"":""Immediate motion"",""family"":""local_relative_motion"",""horizon_s"":1.0,""position_tolerance_m"":0.1,""heading_tolerance_deg"":2.0,""maximum_aoi_s"":0.6,""position_error_m"":null,""heading_error_deg"":null,""aoi_s"":0.008489608764648438,""position_margin_m"":null,""heading_margin_deg"":null,""freshness_margin_s"":null,""normalized_margin"":null,""observable"":false,""raw_pass"":false,""reason"":""GPS course unobservable at low speed"",""status"":""unobservable"",""observed_evaluations"":0,""satisfaction_fraction"":null},{""service_id"":""local_5s_moderate"",""label"":""Short prediction"",""family"":""local_relative_motion"",""horizon_s"":5.0,""position_tolerance_m"":0.2,""heading_tolerance_deg"":5.0,""maximum_aoi_s"":1.0,""position_error_m"":null,""heading_error_deg"":null,""aoi_s"":0.008489608764648438,""position_margin_m"":null,""heading_margin_deg"":null,""freshness_margin_s"":null,""normalized_margin"":null,""observable"":false,""raw_pass"":false,""reason"":""GPS course unobservable at low speed"",""status"":""unobservable"",""observed_evaluations"":0,""satisfaction_fraction"":null},{""service_id"":""local_10s_preview"",""label"":""Planning support"",""family"":""local_relative_motion"",""horizon_s"":10.0,""position_tolerance_m"":0.5,""heading_tolerance_deg"":10.0,""maximum_aoi_s"":1.5,""position_error_m"":null,""heading_error_deg"":null,""aoi_s"":0.008489608764648438,""position_margin_m"":null,""heading_margin_deg"":null,""freshness_margin_s"":null,""normalized_margin"":null,""observable"":false,""raw_pass"":false,""reason"":""GPS course unobservable at low speed"",""status"":""unobservable"",""observed_evaluations"":0,""satisfaction_fraction"":null},{""service_id"":""global_state_tracking"",""label"":""Global asset tracking"",""family"":""global_synchronization"",""horizon_s"":0.0,""position_tolerance_m"":1.0,""heading_tolerance_deg"":5.0,""maximum_aoi_s"":1.0,""position_error_m"":0.47522466942623454,""heading_error_deg"":null,""aoi_s"":0.008489608764648438,""position_margin_m"":0.5247753305737655,""heading_margin_deg"":null,""freshness_margin_s"":0.9915103912353516,""normalized_margin"":null,""observable"":false,""raw_pass"":false,""reason"":""GPS course unobservable at low speed"",""status"":""unobservable"",""observed_evaluations"":0,""satisfaction_fraction"":null}]",normal,5.0,0.48180005978792906
7.023999999999887,1097.234,1789572372.2410069,847,0.0,0.0,0.00443555358107961,-0.29596953803007514,-0.3718070991650614,True,0.072022222,333.06,,,0.007,0.13668417930603027,1789571274.8703227,128.19443130501895,0.47522466942623454,,-104.8484,-0.0,0.0,0.006457718232379019,0.001291543646475804,0.006457718232379019,0.018450623521082912,low-motion,690.6726360321045,614,1076.6391848391697,0,False,0,37251,34480,0.0,0.0,12.2811,12,0.85,False,"[{""service_id"":""local_1s_tight"",""label"":""Immediate motion"",""family"":""local_relative_motion"",""horizon_s"":1.0,""position_tolerance_m"":0.1,""heading_tolerance_deg"":2.0,""maximum_aoi_s"":0.6,""position_error_m"":null,""heading_error_deg"":null,""aoi_s"":0.13668417930603027,""position_margin_m"":null,""heading_margin_deg"":null,""freshness_margin_s"":null,""normalized_margin"":null,""observable"":false,""raw_pass"":false,""reason"":""GPS course unobservable at low speed"",""status"":""unobservable"",""observed_evaluations"":0,""satisfaction_fraction"":null},{""service_id"":""local_5s_moderate"",""label"":""Short prediction"",""family"":""local_relative_motion"",""horizon_s"":5.0,""position_tolerance_m"":0.2,""heading_tolerance_deg"":5.0,""maximum_aoi_s"":1.0,""position_error_m"":null,""heading_error_deg"":null,""aoi_s"":0.13668417930603027,""position_margin_m"":null,""heading_margin_deg"":null,""freshness_margin_s"":null,""normalized_margin"":null,""observable"":false,""raw_pass"":false,""reason"":""GPS course unobservable at low speed"",""status"":""unobservable"",""observed_evaluations"":0,""satisfaction_fraction"":null},{""service_id"":""local_10s_preview"",""label"":""Planning support"",""family"":""local_relative_motion"",""horizon_s"":10.0,""position_tolerance_m"":0.5,""heading_tolerance_deg"":10.0,""maximum_aoi_s"":1.5,""position_error_m"":null,""heading_error_deg"":null,""aoi_s"":0.13668417930603027,""position_margin_m"":null,""heading_margin_deg"":null,""freshness_margin_s"":null,""normalized_margin"":null,""observable"":false,""raw_pass"":false,""reason"":""GPS course unobservable at low speed"",""status"":""unobservable"",""observed_evaluations"":0,""satisfaction_fraction"":null},{""service_id"":""global_state_tracking"",""label"":""Global asset tracking"",""family"":""global_synchronization"",""horizon_s"":0.0,""position_tolerance_m"":1.0,""heading_tolerance_deg"":5.0,""maximum_aoi_s"":1.0,""position_error_m"":0.47522466942623454,""heading_error_deg"":null,""aoi_s"":0.13668417930603027,""position_margin_m"":0.5247753305737655,""heading_margin_deg"":null,""freshness_margin_s"":0.8633158206939697,""normalized_margin"":null,""observable"":false,""raw_pass"":false,""reason"":""GPS course unobservable at low speed"",""status"":""unobservable"",""observed_evaluations"":0,""satisfaction_fraction"":null}]",normal,5.0,0.29720005113631487
7.722999999999956,1097.933,1789572372.810912,848,0.0,0.0,0.0035083648692499914,-0.29596953803007514,-0.3718070991650614,True,0.08231111,333.06,,,0.019,0.007589101791381836,1789571274.8703227,129.0949573517537,0.47522466942623454,,-104.9597,-0.0,0.0,-0.0066322511575784525,-0.0013264502315156906,0.0066322511575784525,0.018949289021652722,low-motion,564.9073123931885,616,1113.2629938997115,0,False,0,37251,34480,0.0,0.0,12.2811,12,0.85,False,"[{""service_id"":""local_1s_tight"",""label"":""Immediate motion"",""family"":""local_relative_motion"",""horizon_s"":1.0,""position_tolerance_m"":0.1,""heading_tolerance_deg"":2.0,""maximum_aoi_s"":0.6,""position_error_m"":null,""heading_error_deg"":null,""aoi_s"":0.007589101791381836,""position_margin_m"":null,""heading_margin_deg"":null,""freshness_margin_s"":null,""normalized_margin"":null,""observable"":false,""raw_pass"":false,""reason"":""GPS course unobservable at low speed"",""status"":""unobservable"",""observed_evaluations"":0,""satisfaction_fraction"":null},{""service_id"":""local_5s_moderate"",""label"":""Short prediction"",""family"":""local_relative_motion"",""horizon_s"":5.0,""position_tolerance_m"":0.2,""heading_tolerance_deg"":5.0,""maximum_aoi_s"":1.0,""position_error_m"":null,""heading_error_deg"":null,""aoi_s"":0.007589101791381836,""position_margin_m"":null,""heading_margin_deg"":null,""freshness_margin_s"":null,""normalized_margin"":null,""observable"":false,""raw_pass"":false,""reason"":""GPS course unobservable at low speed"",""status"":""unobservable"",""observed_evaluations"":0,""satisfaction_fraction"":null},{""service_id"":""local_10s_preview"",""label"":""Planning support"",""family"":""local_relative_motion"",""horizon_s"":10.0,""position_tolerance_m"":0.5,""heading_tolerance_deg"":10.0,""maximum_aoi_s"":1.5,""position_error_m"":null,""heading_error_deg"":null,""aoi_s"":0.007589101791381836,""position_margin_m"":null,""heading_margin_deg"":null,""freshness_margin_s"":null,""normalized_margin"":null,""observable"":false,""raw_pass"":false,""reason"":""GPS course unobservable at low speed"",""status"":""unobservable"",""observed_evaluations"":0,""satisfaction_fraction"":null},{""service_id"":""global_state_tracking"",""label"":""Global asset tracking"",""family"":""global_synchronization"",""horizon_s"":0.0,""position_tolerance_m"":1.0,""heading_tolerance_deg"":5.0,""maximum_aoi_s"":1.0,""position_error_m"":0.47522466942623454,""heading_error_deg"":null,""aoi_s"":0.007589101791381836,""position_margin_m"":0.5247753305737655,""heading_margin_deg"":null,""freshness_margin_s"":0.9924108982086182,""normalized_margin"":null,""observable"":false,""raw_pass"":false,""reason"":""GPS course unobservable at low speed"",""status"":""unobservable"",""observed_evaluations"":0,""satisfaction_fraction"":null}]",normal,5.0,0.28899998869746923
8.287000000000035,1098.497,1789572373.5202684,849,0.0,0.0,0.0037446126368001487,-0.44306817188757514,-0.5565974541430395,True,0.12861111,333.06,,,0.011,0.15294575691223145,1789571274.8703227,145.35654640189932,0.7114141767622506,,-104.9573,-0.0,0.0,0.0020943951023931952,0.00041887902047863906,0.0020943951023931952,0.005983986006837701,low-motion,707.3409557342529,612,1079.3535092698248,0,False,0,37251,34480,0.0,0.0,12.2811,12,0.85,False,"[{""service_id"":""local_1s_tight"",""label"":""Immediate motion"",""family"":""local_relative_motion"",""horizon_s"":1.0,""position_tolerance_m"":0.1,""heading_tolerance_deg"":2.0,""maximum_aoi_s"":0.6,""position_error_m"":null,""heading_error_deg"":null,""aoi_s"":0.15294575691223145,""position_margin_m"":null,""heading_margin_deg"":null,""freshness_margin_s"":null,""normalized_margin"":null,""observable"":false,""raw_pass"":false,""reason"":""GPS course unobservable at low speed"",""status"":""unobservable"",""observed_evaluations"":0,""satisfaction_fraction"":null},{""service_id"":""local_5s_moderate"",""label"":""Short prediction"",""family"":""local_relative_motion"",""horizon_s"":5.0,""position_tolerance_m"":0.2,""heading_tolerance_deg"":5.0,""maximum_aoi_s"":1.0,""position_error_m"":null,""heading_error_deg"":null,""aoi_s"":0.15294575691223145,""position_margin_m"":null,""heading_margin_deg"":null,""freshness_margin_s"":null,""normalized_margin"":null,""observable"":false,""raw_pass"":false,""reason"":""GPS course unobservable at low speed"",""status"":""unobservable"",""observed_evaluations"":0,""satisfaction_fraction"":null},{""service_id"":""local_10s_preview"",""label"":""Planning support"",""family"":""local_relative_motion"",""horizon_s"":10.0,""position_tolerance_m"":0.5,""heading_tolerance_deg"":10.0,""maximum_aoi_s"":1.5,""position_error_m"":null,""heading_error_deg"":null,""aoi_s"":0.15294575691223145,""position_margin_m"":null,""heading_margin_deg"":null,""freshness_margin_s"":null,""normalized_margin"":null,""observable"":false,""raw_pass"":false,""reason"":""GPS course unobservable at low speed"",""status"":""unobservable"",""observed_evaluations"":0,""satisfaction_fraction"":null},{""service_id"":""global_state_tracking"",""label"":""Global asset tracking"",""family"":""global_synchronization"",""horizon_s"":0.0,""position_tolerance_m"":1.0,""heading_tolerance_deg"":5.0,""maximum_aoi_s"":1.0,""position_error_m"":0.7114141767622506,""heading_error_deg"":null,""aoi_s"":0.15294575691223145,""position_margin_m"":0.2885858232377494,""heading_margin_deg"":null,""freshness_margin_s"":0.8470542430877686,""normalized_margin"":null,""observable"":false,""raw_pass"":false,""reason"":""GPS course unobservable at low speed"",""status"":""unobservable"",""observed_evaluations"":0,""satisfaction_fraction"":null}]",normal,5.0,0.42529997881501913
8.998000000000047,1099.208,1789572374.080666,850,0.0,0.0,0.0040424356203603296,-0.44306817188757514,-0.5565974541430395,True,0.12861111,333.06,,,0.03,0.002343416213989258,1789571274.8703227,150.6023750305303,0.7114141767622506,,-104.6116,-0.0,0.0,0.0020943951023931952,0.00041887902047863906,0.0020943951023931952,0.005983986006837701,low-motion,556.3931465148926,613,1116.0880286034653,0,False,0,37251,34480,0.0,0.0,12.2811,12,0.85,False,"[{""service_id"":""local_1s_tight"",""label"":""Immediate motion"",""family"":""local_relative_motion"",""horizon_s"":1.0,""position_tolerance_m"":0.1,""heading_tolerance_deg"":2.0,""maximum_aoi_s"":0.6,""position_error_m"":null,""heading_error_deg"":null,""aoi_s"":0.002343416213989258,""position_margin_m"":null,""heading_margin_deg"":null,""freshness_margin_s"":null,""normalized_margin"":null,""observable"":false,""raw_pass"":false,""reason"":""GPS course unobservable at low speed"",""status"":""unobservable"",""observed_evaluations"":0,""satisfaction_fraction"":null},{""service_id"":""local_5s_moderate"",""label"":""Short prediction"",""family"":""local_relative_motion"",""horizon_s"":5.0,""position_tolerance_m"":0.2,""heading_tolerance_deg"":5.0,""maximum_aoi_s"":1.0,""position_error_m"":null,""heading_error_deg"":null,""aoi_s"":0.002343416213989258,""position_margin_m"":null,""heading_margin_deg"":null,""freshness_margin_s"":null,""normalized_margin"":null,""observable"":false,""raw_pass"":false,""reason"":""GPS course unobservable at low speed"",""status"":""unobservable"",""observed_evaluations"":0,""satisfaction_fraction"":null},{""service_id"":""local_10s_preview"",""label"":""Planning support"",""family"":""local_relative_motion"",""horizon_s"":10.0,""position_tolerance_m"":0.5,""heading_tolerance_deg"":10.0,""maximum_aoi_s"":1.5,""position_error_m"":null,""heading_error_deg"":null,""aoi_s"":0.002343416213989258,""position_margin_m"":null,""heading_margin_deg"":null,""freshness_margin_s"":null,""normalized_margin"":null,""observable"":false,""raw_pass"":false,""reason"":""GPS course unobservable at low speed"",""status"":""unobservable"",""observed_evaluations"":0,""satisfaction_fraction"":null},{""service_id"":""global_state_tracking"",""label"":""Global asset tracking"",""family"":""global_synchronization"",""horizon_s"":0.0,""position_tolerance_m"":1.0,""heading_tolerance_deg"":5.0,""maximum_aoi_s"":1.0,""position_error_m"":0.7114141767622506,""heading_error_deg"":null,""aoi_s"":0.002343416213989258,""position_margin_m"":0.2885858232377494,""heading_margin_deg"":null,""freshness_margin_s"":0.9976565837860107,""normalized_margin"":null,""observable"":false,""raw_pass"":false,""reason"":""GPS course unobservable at low speed"",""status"":""unobservable"",""observed_evaluations"":0,""satisfaction_fraction"":null}]",normal,5.0,0.5120000569149852
9.56399999999985,1099.774,1789572374.782614,851,0.0,0.0,0.0037855929676369193,-0.44306817188757514,-0.5565974541430395,True,0.08231111,333.06,,,0.019,0.1382913589477539,1789571274.8703227,135.94792747517204,0.7114141767622506,,-104.607,-0.0,0.0,-0.0022689280275926286,-0.00045378560551852573,0.0022689280275926286,0.006482651507407511,low-motion,695.3296661376953,613,1082.3577848312011,0,False,0,37251,34480,0.0,0.0,12.2811,12,0.85,False,"[{""service_id"":""local_1s_tight"",""label"":""Immediate motion"",""family"":""local_relative_motion"",""horizon_s"":1.0,""position_tolerance_m"":0.1,""heading_tolerance_deg"":2.0,""maximum_aoi_s"":0.6,""position_error_m"":null,""heading_error_deg"":null,""aoi_s"":0.1382913589477539,""position_margin_m"":null,""heading_margin_deg"":null,""freshness_margin_s"":null,""normalized_margin"":null,""observable"":false,""raw_pass"":false,""reason"":""GPS course unobservable at low speed"",""status"":""unobservable"",""observed_evaluations"":0,""satisfaction_fraction"":null},{""service_id"":""local_5s_moderate"",""label"":""Short prediction"",""family"":""local_relative_motion"",""horizon_s"":5.0,""position_tolerance_m"":0.2,""heading_tolerance_deg"":5.0,""maximum_aoi_s"":1.0,""position_error_m"":null,""heading_error_deg"":null,""aoi_s"":0.1382913589477539,""position_margin_m"":null,""heading_margin_deg"":null,""freshness_margin_s"":null,""normalized_margin"":null,""observable"":false,""raw_pass"":false,""reason"":""GPS course unobservable at low speed"",""status"":""unobservable"",""observed_evaluations"":0,""satisfaction_fraction"":null},{""service_id"":""local_10s_preview"",""label"":""Planning support"",""family"":""local_relative_motion"",""horizon_s"":10.0,""position_tolerance_m"":0.5,""heading_tolerance_deg"":10.0,""maximum_aoi_s"":1.5,""position_error_m"":null,""heading_error_deg"":null,""aoi_s"":0.1382913589477539,""position_margin_m"":null,""heading_margin_deg"":null,""freshness_margin_s"":null,""normalized_margin"":null,""observable"":false,""raw_pass"":false,""reason"":""GPS course unobservable at low speed"",""status"":""unobservable"",""observed_evaluations"":0,""satisfaction_fraction"":null},{""service_id"":""global_state_tracking"",""label"":""Global asset tracking"",""family"":""global_synchronization"",""horizon_s"":0.0,""position_tolerance_m"":1.0,""heading_tolerance_deg"":5.0,""maximum_aoi_s"":1.0,""position_error_m"":0.7114141767622506,""heading_error_deg"":null,""aoi_s"":0.1382913589477539,""position_margin_m"":0.2885858232377494,""heading_margin_deg"":null,""freshness_margin_s"":0.8617086410522461,""normalized_margin"":null,""observable"":false,""raw_pass"":false,""reason"":""GPS course unobservable at low speed"",""status"":""unobservable"",""observed_evaluations"":0,""satisfaction_fraction"":null}]",normal,5.0,0.2948000328615308
10.271999999999935,1100.482,1789572375.4880848,852,0.0,0.0,0.0034643127589295553,-0.29596953803007514,-0.5565974541430395,True,0.25722222,333.06,,,0.024,0.13576197624206543,1789571274.8703227,2.5291996003034,0.6303956641667589,,-104.4334,-0.0,0.0,-0.0022689280275926286,-0.00045378560551852573,0.0022689280275926286,0.006482651507407511,low-motion,701.9598484039307,614,1081.1651634288733,0,False,0,37251,34480,0.0,0.0,12.2811,12,0.85,False,"[{""service_id"":""local_1s_tight"",""label"":""Immediate motion"",""family"":""local_relative_motion"",""horizon_s"":1.0,""position_tolerance_m"":0.1,""heading_tolerance_deg"":2.0,""maximum_aoi_s"":0.6,""position_error_m"":null,""heading_error_deg"":null,""aoi_s"":0.13576197624206543,""position_margin_m"":null,""heading_margin_deg"":null,""freshness_margin_s"":null,""normalized_margin"":null,""observable"":false,""raw_pass"":false,""reason"":""GPS course unobservable at low speed"",""status"":""unobservable"",""observed_evaluations"":0,""satisfaction_fraction"":null},{""service_id"":""local_5s_moderate"",""label"":""Short prediction"",""family"":""local_relative_motion"",""horizon_s"":5.0,""position_tolerance_m"":0.2,""heading_tolerance_deg"":5.0,""maximum_aoi_s"":1.0,""position_error_m"":null,""heading_error_deg"":null,""aoi_s"":0.13576197624206543,""position_margin_m"":null,""heading_margin_deg"":null,""freshness_margin_s"":null,""normalized_margin"":null,""observable"":false,""raw_pass"":false,""reason"":""GPS course unobservable at low speed"",""status"":""unobservable"",""observed_evaluations"":0,""satisfaction_fraction"":null},{""service_id"":""local_10s_preview"",""label"":""Planning support"",""family"":""local_relative_motion"",""horizon_s"":10.0,""position_tolerance_m"":0.5,""heading_tolerance_deg"":10.0,""maximum_aoi_s"":1.5,""position_error_m"":null,""heading_error_deg"":null,""aoi_s"":0.13576197624206543,""position_margin_m"":null,""heading_margin_deg"":null,""freshness_margin_s"":null,""normalized_margin"":null,""observable"":false,""raw_pass"":false,""reason"":""GPS course unobservable at low speed"",""status"":""unobservable"",""observed_evaluations"":0,""satisfaction_fraction"":null},{""service_id"":""global_state_tracking"",""label"":""Global asset tracking"",""family"":""global_synchronization"",""horizon_s"":0.0,""position_tolerance_m"":1.0,""heading_tolerance_deg"":5.0,""maximum_aoi_s"":1.0,""position_error_m"":0.6303956641667589,""heading_error_deg"":null,""aoi_s"":0.13576197624206543,""position_margin_m"":0.36960433583324115,""heading_margin_deg"":null,""freshness_margin_s"":0.8642380237579346,""normalized_margin"":null,""observable"":false,""raw_pass"":false,""reason"":""GPS course unobservable at low speed"",""status"":""unobservable"",""observed_evaluations"":0,""satisfaction_fraction"":null}]",normal,5.0,0.49649993889033794
10.974999999999909,1101.185,1789572376.0574615,853,-0.00044010237857145727,9.805238428522008e-07,-0.007920195154680787,-0.44306817188757514,-0.1859035491870444,True,0.25722222,333.06,,,0.021,0.002138853073120117,1789571274.8703227,133.62329292294817,0.48008343242013,,-105.6531,-0.0006260362316453165,-0.0065855224893655905,-0.054628805587422516,-0.016194179108976976,0.04804328309805692,0.1372665231373055,low-motion,563.4963512420654,622,1089.322910738408,0,False,0,37251,34486,0.0,-0.037634499,12.2811,12,0.85,False,"[{""service_id"":""local_1s_tight"",""label"":""Immediate motion"",""family"":""local_relative_motion"",""horizon_s"":1.0,""position_tolerance_m"":0.1,""heading_tolerance_deg"":2.0,""maximum_aoi_s"":0.6,""position_error_m"":null,""heading_error_deg"":null,""aoi_s"":0.002138853073120117,""position_margin_m"":null,""heading_margin_deg"":null,""freshness_margin_s"":null,""normalized_margin"":null,""observable"":false,""raw_pass"":false,""reason"":""GPS course unobservable at low speed"",""status"":""unobservable"",""observed_evaluations"":0,""satisfaction_fraction"":null},{""service_id"":""local_5s_moderate"",""label"":""Short prediction"",""family"":""local_relative_motion"",""horizon_s"":5.0,""position_tolerance_m"":0.2,""heading_tolerance_deg"":5.0,""maximum_aoi_s"":1.0,""position_error_m"":null,""heading_error_deg"":null,""aoi_s"":0.002138853073120117,""position_margin_m"":null,""heading_margin_deg"":null,""freshness_margin_s"":null,""normalized_margin"":null,""observable"":false,""raw_pass"":false,""reason"":""GPS course unobservable at low speed"",""status"":""unobservable"",""observed_evaluations"":0,""satisfaction_fraction"":null},{""service_id"":""local_10s_preview"",""label"":""Planning support"",""family"":""local_relative_motion"",""horizon_s"":10.0,""position_tolerance_m"":0.5,""heading_tolerance_deg"":10.0,""maximum_aoi_s"":1.5,""position_error_m"":null,""heading_error_deg"":null,""aoi_s"":0.002138853073120117,""position_margin_m"":null,""heading_margin_deg"":null,""freshness_margin_s"":null,""normalized_margin"":null,""observable"":false,""raw_pass"":false,""reason"":""GPS course unobservable at low speed"",""status"":""unobservable"",""observed_evaluations"":0,""satisfaction_fraction"":null},{""service_id"":""global_state_tracking"",""label"":""Global asset tracking"",""family"":""global_synchronization"",""horizon_s"":0.0,""position_tolerance_m"":1.0,""heading_tolerance_deg"":5.0,""maximum_aoi_s"":1.0,""position_error_m"":0.48008343242013,""heading_error_deg"":null,""aoi_s"":0.002138853073120117,""position_margin_m"":0.51991656757987,""heading_margin_deg"":null,""freshness_margin_s"":0.9978611469268799,""normalized_margin"":null,""observable"":false,""raw_pass"":false,""reason"":""GPS course unobservable at low speed"",""status"":""unobservable"",""observed_evaluations"":0,""satisfaction_fraction"":null}]",normal,5.0,0.2941000275313854
11.54600000000005,1101.756,1789572376.7646196,854,-0.03110655491632054,0.005179670045051709,-0.32666608591465973,-0.44306817188757514,-0.1859035491870444,True,0.25722222,333.06,,,0.592,0.13829684257507324,1789571274.8703227,136.15808868394197,0.45412021594471214,,-109.5688,-0.05446697946261828,-0.5540411988059866,-0.5749550888382321,-0.5582239768124357,0.02091389003224553,0.05975397152070152,turning,702.1372318267822,637,1092.2685664203589,0,False,0,37258,34903,-0.037620384,-0.131720745,12.2811,12,0.85,False,"[{""service_id"":""local_1s_tight"",""label"":""Immediate motion"",""family"":""local_relative_motion"",""horizon_s"":1.0,""position_tolerance_m"":0.1,""heading_tolerance_deg"":2.0,""maximum_aoi_s"":0.6,""position_error_m"":null,""heading_error_deg"":null,""aoi_s"":0.13829684257507324,""position_margin_m"":null,""heading_margin_deg"":null,""freshness_margin_s"":null,""normalized_margin"":null,""observable"":false,""raw_pass"":false,""reason"":""GPS course unobservable at low speed"",""status"":""unobservable"",""observed_evaluations"":0,""satisfaction_fraction"":null},{""service_id"":""local_5s_moderate"",""label"":""Short prediction"",""family"":""local_relative_motion"",""horizon_s"":5.0,""position_tolerance_m"":0.2,""heading_tolerance_deg"":5.0,""maximum_aoi_s"":1.0,""position_error_m"":null,""heading_error_deg"":null,""aoi_s"":0.13829684257507324,""position_margin_m"":null,""heading_margin_deg"":null,""freshness_margin_s"":null,""normalized_margin"":null,""observable"":false,""raw_pass"":false,""reason"":""GPS course unobservable at low speed"",""status"":""unobservable"",""observed_evaluations"":0,""satisfaction_fraction"":null},{""service_id"":""local_10s_preview"",""label"":""Planning support"",""family"":""local_relative_motion"",""horizon_s"":10.0,""position_tolerance_m"":0.5,""heading_tolerance_deg"":10.0,""maximum_aoi_s"":1.5,""position_error_m"":null,""heading_error_deg"":null,""aoi_s"":0.13829684257507324,""position_margin_m"":null,""heading_margin_deg"":null,""freshness_margin_s"":null,""normalized_margin"":null,""observable"":false,""raw_pass"":false,""reason"":""GPS course unobservable at low speed"",""status"":""unobservable"",""observed_evaluations"":0,""satisfaction_fraction"":null},{""service_id"":""global_state_tracking"",""label"":""Global asset tracking"",""family"":""global_synchronization"",""horizon_s"":0.0,""position_tolerance_m"":1.0,""heading_tolerance_deg"":5.0,""maximum_aoi_s"":1.0,""position_error_m"":0.45412021594471214,""heading_error_deg"":null,""aoi_s"":0.13829684257507324,""position_margin_m"":0.5458797840552878,""heading_margin_deg"":null,""freshness_margin_s"":0.8617031574249268,""normalized_margin"":null,""observable"":false,""raw_pass"":false,""reason"":""GPS course unobservable at low speed"",""status"":""unobservable"",""observed_evaluations"":0,""satisfaction_fraction"":null}]",normal,5.0,0.2894999925047159
12.266000000000076,1102.476,1789572377.4822068,855,-0.11892187807907084,0.041006063968645735,-0.4480575234782598,-0.29596953803007514,-0.1859035491870444,True,0.149188888,333.06,,,0.035,0.13588404655456543,1789571274.8703227,2.412767410305605,0.28780869763888545,,-105.8616,-0.13172541384367728,-0.20254597606353542,-0.032812189937493394,-0.16859921883832701,0.169733786126042,0.48495367464583433,translation,713.5879993438721,633,1061.8040772157938,0,False,0,37810,35644,-0.131621979,-0.16924941,12.2811,12,0.85,False,"[{""service_id"":""local_1s_tight"",""label"":""Immediate motion"",""family"":""local_relative_motion"",""horizon_s"":1.0,""position_tolerance_m"":0.1,""heading_tolerance_deg"":2.0,""maximum_aoi_s"":0.6,""position_error_m"":null,""heading_error_deg"":null,""aoi_s"":0.13588404655456543,""position_margin_m"":null,""heading_margin_deg"":null,""freshness_margin_s"":null,""normalized_margin"":null,""observable"":false,""raw_pass"":false,""reason"":""GPS course unobservable at low speed"",""status"":""unobservable"",""observed_evaluations"":0,""satisfaction_fraction"":null},{""service_id"":""local_5s_moderate"",""label"":""Short prediction"",""family"":""local_relative_motion"",""horizon_s"":5.0,""position_tolerance_m"":0.2,""heading_tolerance_deg"":5.0,""maximum_aoi_s"":1.0,""position_error_m"":null,""heading_error_deg"":null,""aoi_s"":0.13588404655456543,""position_margin_m"":null,""heading_margin_deg"":null,""freshness_margin_s"":null,""normalized_margin"":null,""observable"":false,""raw_pass"":false,""reason"":""GPS course unobservable at low speed"",""status"":""unobservable"",""observed_evaluations"":0,""satisfaction_fraction"":null},{""service_id"":""local_10s_preview"",""label"":""Planning support"",""family"":""local_relative_motion"",""horizon_s"":10.0,""position_tolerance_m"":0.5,""heading_tolerance_deg"":10.0,""maximum_aoi_s"":1.5,""position_error_m"":null,""heading_error_deg"":null,""aoi_s"":0.13588404655456543,""position_margin_m"":null,""heading_margin_deg"":null,""freshness_margin_s"":null,""normalized_margin"":null,""observable"":false,""raw_pass"":false,""reason"":""GPS course unobservable at low speed"",""status"":""unobservable"",""observed_evaluations"":0,""satisfaction_fraction"":null},{""service_id"":""global_state_tracking"",""label"":""Global asset tracking"",""family"":""global_synchronization"",""horizon_s"":0.0,""position_tolerance_m"":1.0,""heading_tolerance_deg"":5.0,""maximum_aoi_s"":1.0,""position_error_m"":0.28780869763888545,""heading_error_deg"":null,""aoi_s"":0.13588404655456543,""position_margin_m"":0.7121913023611146,""heading_margin_deg"":null,""freshness_margin_s"":0.8641159534454346,""normalized_margin"":null,""observable"":false,""raw_pass"":false,""reason"":""GPS course unobservable at low speed"",""status"":""unobservable"",""observed_evaluations"":0,""satisfaction_fraction"":null}]",normal,5.0,0.2967000473290682
12.975999999999885,1103.186,1789572378.060022,856,-0.21643104918950762,0.09338313164853941,-0.5377908762686783,-0.29596953803007514,-0.1859035491870444,True,0.149188888,333.06,,,0.028,0.0036993026733398438,1789571274.8703227,132.18470573406194,0.2903918409652695,,-108.3239,-0.1558958069267044,-0.12932513025656933,-0.1146244986247276,-0.126385003930201,0.014700631631841737,0.04200180466240497,translation,572.2682476043701,632,1096.094712560567,0,False,0,38505,36458,-0.163880436,-0.184616841,12.2811,11,0.9,False,"[{""service_id"":""local_1s_tight"",""label"":""Immediate motion"",""family"":""local_relative_motion"",""horizon_s"":1.0,""position_tolerance_m"":0.1,""heading_tolerance_deg"":2.0,""maximum_aoi_s"":0.6,""position_error_m"":null,""heading_error_deg"":null,""aoi_s"":0.0036993026733398438,""position_margin_m"":null,""heading_margin_deg"":null,""freshness_margin_s"":null,""normalized_margin"":null,""observable"":false,""raw_pass"":false,""reason"":""GPS course unobservable at low speed"",""status"":""unobservable"",""observed_evaluations"":0,""satisfaction_fraction"":null},{""service_id"":""local_5s_moderate"",""label"":""Short prediction"",""family"":""local_relative_motion"",""horizon_s"":5.0,""position_tolerance_m"":0.2,""heading_tolerance_deg"":5.0,""maximum_aoi_s"":1.0,""position_error_m"":null,""heading_error_deg"":null,""aoi_s"":0.0036993026733398438,""position_margin_m"":null,""heading_margin_deg"":null,""freshness_margin_s"":null,""normalized_margin"":null,""observable"":false,""raw_pass"":false,""reason"":""GPS course unobservable at low speed"",""status"":""unobservable"",""observed_evaluations"":0,""satisfaction_fraction"":null},{""service_id"":""local_10s_preview"",""label"":""Planning support"",""family"":""local_relative_motion"",""horizon_s"":10.0,""position_tolerance_m"":0.5,""heading_tolerance_deg"":10.0,""maximum_aoi_s"":1.5,""position_error_m"":null,""heading_error_deg"":null,""aoi_s"":0.0036993026733398438,""position_margin_m"":null,""heading_margin_deg"":null,""freshness_margin_s"":null,""normalized_margin"":null,""observable"":false,""raw_pass"":false,""reason"":""GPS course unobservable at low speed"",""status"":""unobservable"",""observed_evaluations"":0,""satisfaction_fraction"":null},{""service_id"":""global_state_tracking"",""label"":""Global asset tracking"",""family"":""global_synchronization"",""horizon_s"":0.0,""position_tolerance_m"":1.0,""heading_tolerance_deg"":5.0,""maximum_aoi_s"":1.0,""position_error_m"":0.2903918409652695,""heading_error_deg"":null,""aoi_s"":0.0036993026733398438,""position_margin_m"":0.7096081590347305,""heading_margin_deg"":null,""freshness_margin_s"":0.9963006973266602,""normalized_margin"":null,""observable"":false,""raw_pass"":false,""reason"":""GPS course unobservable at low speed"",""status"":""unobservable"",""observed_evaluations"":0,""satisfaction_fraction"":null}]",normal,5.0,0.31589996069669724
13.54099999999994,1103.751,1789572378.7725327,857,-0.29534941149733307,0.14246306967159805,-0.5749542346596499,-0.29596953803007514,-0.1859035491870444,True,0.118322221,333.06,,,0.019,0.15121006965637207,1789571274.8703227,147.51058578485754,0.32836720441842787,,-107.7503,-0.16448704942850767,-0.07238052579092624,-0.03935717463247213,-0.06577585555923543,0.03302335115845411,0.09435243188129747,translation,708.4212303161621,632,1064.821399946085,0,False,0,39112,37118,-0.169312894,-0.169291727,12.2811,11,0.9,False,"[{""service_id"":""local_1s_tight"",""label"":""Immediate motion"",""family"":""local_relative_motion"",""horizon_s"":1.0,""position_tolerance_m"":0.1,""heading_tolerance_deg"":2.0,""maximum_aoi_s"":0.6,""position_error_m"":null,""heading_error_deg"":null,""aoi_s"":0.15121006965637207,""position_margin_m"":null,""heading_margin_deg"":null,""freshness_margin_s"":null,""normalized_margin"":null,""observable"":false,""raw_pass"":false,""reason"":""GPS course unobservable at low speed"",""status"":""unobservable"",""observed_evaluations"":0,""satisfaction_fraction"":null},{""service_id"":""local_5s_moderate"",""label"":""Short prediction"",""family"":""local_relative_motion"",""horizon_s"":5.0,""position_tolerance_m"":0.2,""heading_tolerance_deg"":5.0,""maximum_aoi_s"":1.0,""position_error_m"":null,""heading_error_deg"":null,""aoi_s"":0.15121006965637207,""position_margin_m"":null,""heading_margin_deg"":null,""freshness_margin_s"":null,""normalized_margin"":null,""observable"":false,""raw_pass"":false,""reason"":""GPS course unobservable at low speed"",""status"":""unobservable"",""observed_evaluations"":0,""satisfaction_fraction"":null},{""service_id"":""local_10s_preview"",""label"":""Planning support"",""family"":""local_relative_motion"",""horizon_s"":10.0,""position_tolerance_m"":0.5,""heading_tolerance_deg"":10.0,""maximum_aoi_s"":1.5,""position_error_m"":null,""heading_error_deg"":null,""aoi_s"":0.15121006965637207,""position_margin_m"":null,""heading_margin_deg"":null,""freshness_margin_s"":null,""normalized_margin"":null,""observable"":false,""raw_pass"":false,""reason"":""GPS course unobservable at low speed"",""status"":""unobservable"",""observed_evaluations"":0,""satisfaction_fraction"":null},{""service_id"":""global_state_tracking"",""label"":""Global asset tracking"",""family"":""global_synchronization"",""horizon_s"":0.0,""position_tolerance_m"":1.0,""heading_tolerance_deg"":5.0,""maximum_aoi_s"":1.0,""position_error_m"":0.32836720441842787,""heading_error_deg"":null,""aoi_s"":0.15121006965637207,""position_margin_m"":0.6716327955815722,""heading_margin_deg"":null,""freshness_margin_s"":0.8487899303436279,""normalized_margin"":null,""observable"":false,""raw_pass"":false,""reason"":""GPS course unobservable at low speed"",""status"":""unobservable"",""observed_evaluations"":0,""satisfaction_fraction"":null}]",normal,5.0,0.3649999853223562
14.273999999999887,1104.484,1789572379.4928725,858,-0.39947253223362433,0.2121348193682583,-0.60445582069128,-0.29596953803007514,-0.1859035491870444,True,0.324099997,163.64,-1.285260461168624,-1.2852604611686242,0.048,0.1385498046875,1789571274.8703227,12.66022491449803,0.4112753489467451,0.0,-110.6578,-0.1709178554356794,-0.042106614916090745,-0.032812189937493394,-0.040247729920371275,0.009294424978597352,0.026555499938849578,translation,714.0185832977295,630,1064.2728031060135,0,False,0,39946,37992,-0.12913408,-0.12913408,12.2811,11,0.9,True,"[{""service_id"":""local_1s_tight"",""label"":""Immediate motion"",""family"":""local_relative_motion"",""horizon_s"":1.0,""position_tolerance_m"":0.1,""heading_tolerance_deg"":2.0,""maximum_aoi_s"":0.6,""position_error_m"":null,""heading_error_deg"":null,""aoi_s"":0.1385498046875,""position_margin_m"":null,""heading_margin_deg"":null,""freshness_margin_s"":null,""normalized_margin"":null,""observable"":false,""raw_pass"":false,""reason"":""waiting for 1 s history"",""status"":""unobservable"",""observed_evaluations"":0,""satisfaction_fraction"":null},{""service_id"":""local_5s_moderate"",""label"":""Short prediction"",""family"":""local_relative_motion"",""horizon_s"":5.0,""position_tolerance_m"":0.2,""heading_tolerance_deg"":5.0,""maximum_aoi_s"":1.0,""position_error_m"":null,""heading_error_deg"":null,""aoi_s"":0.1385498046875,""position_margin_m"":null,""heading_margin_deg"":null,""freshness_margin_s"":null,""normalized_margin"":null,""observable"":false,""raw_pass"":false,""reason"":""waiting for 5 s history"",""status"":""unobservable"",""observed_evaluations"":0,""satisfaction_fraction"":null},{""service_id"":""local_10s_preview"",""label"":""Planning support"",""family"":""local_relative_motion"",""horizon_s"":10.0,""position_tolerance_m"":0.5,""heading_tolerance_deg"":10.0,""maximum_aoi_s"":1.5,""position_error_m"":null,""heading_error_deg"":null,""aoi_s"":0.1385498046875,""position_margin_m"":null,""heading_margin_deg"":null,""freshness_margin_s"":null,""normalized_margin"":null,""observable"":false,""raw_pass"":false,""reason"":""waiting for 10 s history"",""status"":""unobservable"",""observed_evaluations"":0,""satisfaction_fraction"":null},{""service_id"":""global_state_tracking"",""label"":""Global asset tracking"",""family"":""global_synchronization"",""horizon_s"":0.0,""position_tolerance_m"":1.0,""heading_tolerance_deg"":5.0,""maximum_aoi_s"":1.0,""position_error_m"":0.4112753489467451,""heading_error_deg"":0.0,""aoi_s"":0.1385498046875,""position_margin_m"":0.5887246510532549,""heading_margin_deg"":5.0,""freshness_margin_s"":0.8614501953125,""normalized_margin"":0.5887246510532549,""observable"":true,""raw_pass"":true,""reason"":""within contract"",""status"":""qualified"",""observed_evaluations"":1,""satisfaction_fraction"":1.0}]",normal,5.0,0.2327000256627798
14.9849999999999,1105.195,1789572380.07138,859,-0.44368801864818097,0.24311032159469403,-0.6177445862992847,-0.29596953803007514,-0.3718070991650614,True,0.324099997,163.64,-1.285260461168624,-1.298549226776629,0.029,0.006057262420654297,1789571274.8703227,132.49257659913383,0.6324114039689289,0.7613901842772708,-106.9206,-0.07592971273865971,-0.021704745944790202,-0.0066322511575784525,-0.018690246987347853,0.01507249478721175,0.043064270820605,low-motion,562.3023509979248,635,1098.554616837427,0,False,0,40304,38370,-0.056437631,-0.075259585,12.2811,10,0.9,True,"[{""service_id"":""local_1s_tight"",""label"":""Immediate motion"",""family"":""local_relative_motion"",""horizon_s"":1.0,""position_tolerance_m"":0.1,""heading_tolerance_deg"":2.0,""maximum_aoi_s"":0.6,""position_error_m"":0.2213403093066818,""heading_error_deg"":0.7613901842772708,""aoi_s"":0.006057262420654297,""position_margin_m"":-0.1213403093066818,""heading_margin_deg"":1.2386098157227292,""freshness_margin_s"":0.5939427375793457,""normalized_margin"":-1.2134030930668178,""observable"":true,""raw_pass"":false,""reason"":""position tolerance"",""status"":""withdrawn"",""observed_evaluations"":1,""satisfaction_fraction"":0.0},{""service_id"":""local_5s_moderate"",""label"":""Short prediction"",""family"":""local_relative_motion"",""horizon_s"":5.0,""position_tolerance_m"":0.2,""heading_tolerance_deg"":5.0,""maximum_aoi_s"":1.0,""position_error_m"":null,""heading_error_deg"":null,""aoi_s"":0.006057262420654297,""position_margin_m"":null,""heading_margin_deg"":null,""freshness_margin_s"":null,""normalized_margin"":null,""observable"":false,""raw_pass"":false,""reason"":""no synchronized 5 s window"",""status"":""unobservable"",""observed_evaluations"":0,""satisfaction_fraction"":null},{""service_id"":""local_10s_preview"",""label"":""Planning support"",""family"":""local_relative_motion"",""horizon_s"":10.0,""position_tolerance_m"":0.5,""heading_tolerance_deg"":10.0,""maximum_aoi_s"":1.5,""position_error_m"":null,""heading_error_deg"":null,""aoi_s"":0.006057262420654297,""position_margin_m"":null,""heading_margin_deg"":null,""freshness_margin_s"":null,""normalized_margin"":null,""observable"":false,""raw_pass"":false,""reason"":""no synchronized 10 s window"",""status"":""unobservable"",""observed_evaluations"":0,""satisfaction_fraction"":null},{""service_id"":""global_state_tracking"",""label"":""Global asset tracking"",""family"":""global_synchronization"",""horizon_s"":0.0,""position_tolerance_m"":1.0,""heading_tolerance_deg"":5.0,""maximum_aoi_s"":1.0,""position_error_m"":0.6324114039689289,""heading_error_deg"":0.7613901842772708,""aoi_s"":0.006057262420654297,""position_margin_m"":0.3675885960310711,""heading_margin_deg"":4.238609815722729,""freshness_margin_s"":0.9939427375793457,""normalized_margin"":0.3675885960310711,""observable"":true,""raw_pass"":true,""reason"":""within contract"",""status"":""qualified"",""observed_evaluations"":2,""satisfaction_fraction"":1.0}]",high,10.0,0.4712999798357487
15.557999999999993,1105.768,1789572380.8022242,860,-0.4604843549100726,0.2553081297804105,-0.6384681003797605,-0.29596953803007514,-0.3718070991650614,True,0.169766665,163.64,,,0.027,0.16390156745910645,1789571274.8703227,157.8442592619922,0.6483352800429657,,-104.1988,-0.036227249054560616,-0.02827867030555115,-0.06771877497737998,-0.03616669123991692,0.03944010467182883,0.11268601334808238,low-motion,725.2116203308105,624,1063.2776310429383,0,False,0,40435,38522,-0.018812544,0.0,12.2811,10,0.9,False,"[{""service_id"":""local_1s_tight"",""label"":""Immediate motion"",""family"":""local_relative_motion"",""horizon_s"":1.0,""position_tolerance_m"":0.1,""heading_tolerance_deg"":2.0,""maximum_aoi_s"":0.6,""position_error_m"":null,""heading_error_deg"":null,""aoi_s"":0.16390156745910645,""position_margin_m"":null,""heading_margin_deg"":null,""freshness_margin_s"":null,""normalized_margin"":null,""observable"":false,""raw_pass"":false,""reason"":""GPS course unobservable at low speed"",""status"":""unobservable"",""observed_evaluations"":1,""satisfaction_fraction"":0.0},{""service_id"":""local_5s_moderate"",""label"":""Short prediction"",""family"":""local_relative_motion"",""horizon_s"":5.0,""position_tolerance_m"":0.2,""heading_tolerance_deg"":5.0,""maximum_aoi_s"":1.0,""position_error_m"":null,""heading_error_deg"":null,""aoi_s"":0.16390156745910645,""position_margin_m"":null,""heading_margin_deg"":null,""freshness_margin_s"":null,""normalized_margin"":null,""observable"":false,""raw_pass"":false,""reason"":""GPS course unobservable at low speed"",""status"":""unobservable"",""observed_evaluations"":0,""satisfaction_fraction"":null},{""service_id"":""local_10s_preview"",""label"":""Planning support"",""family"":""local_relative_motion"",""horizon_s"":10.0,""position_tolerance_m"":0.5,""heading_tolerance_deg"":10.0,""maximum_aoi_s"":1.5,""position_error_m"":null,""heading_error_deg"":null,""aoi_s"":0.16390156745910645,""position_margin_m"":null,""heading_margin_deg"":null,""freshness_margin_s"":null,""normalized_margin"":null,""observable"":false,""raw_pass"":false,""reason"":""GPS course unobservable at low speed"",""status"":""unobservable"",""observed_evaluations"":0,""satisfaction_fraction"":null},{""service_id"":""global_state_tracking"",""label"":""Global asset tracking"",""family"":""global_synchronization"",""horizon_s"":0.0,""position_tolerance_m"":1.0,""heading_tolerance_deg"":5.0,""maximum_aoi_s"":1.0,""position_error_m"":0.6483352800429657,""heading_error_deg"":null,""aoi_s"":0.16390156745910645,""position_margin_m"":0.3516647199570343,""heading_margin_deg"":null,""freshness_margin_s"":0.8360984325408936,""normalized_margin"":null,""observable"":false,""raw_pass"":false,""reason"":""GPS course unobservable at low speed"",""status"":""unobservable"",""observed_evaluations"":2,""satisfaction_fraction"":1.0}]",high,10.0,0.5556000396609306
16.287000000000035,1106.497,1789572381.3734264,861,-0.4605432319252023,0.2553518768311906,-0.6395752361889415,-0.44306817188757514,-0.3718070991650614,True,0.169766665,163.64,,,0.049,0.0061037540435791016,1789571274.8703227,157.7977218628348,0.6274023899348694,,-101.9727,-0.00010061807746836221,-0.0010584413145915813,-0.0033597588100890844,-0.001518704813691082,0.002301317495497503,0.006575192844278581,low-motion,566.2028789520264,616,1093.3415449188512,0,False,0,40435,38523,0.0,0.0,12.2811,11,0.9,False,"[{""service_id"":""local_1s_tight"",""label"":""Immediate motion"",""family"":""local_relative_motion"",""horizon_s"":1.0,""position_tolerance_m"":0.1,""heading_tolerance_deg"":2.0,""maximum_aoi_s"":0.6,""position_error_m"":null,""heading_error_deg"":null,""aoi_s"":0.0061037540435791016,""position_margin_m"":null,""heading_margin_deg"":null,""freshness_margin_s"":null,""normalized_margin"":null,""observable"":false,""raw_pass"":false,""reason"":""GPS course unobservable at low speed"",""status"":""unobservable"",""observed_evaluations"":1,""satisfaction_fraction"":0.0},{""service_id"":""local_5s_moderate"",""label"":""Short prediction"",""family"":""local_relative_motion"",""horizon_s"":5.0,""position_tolerance_m"":0.2,""heading_tolerance_deg"":5.0,""maximum_aoi_s"":1.0,""position_error_m"":null,""heading_error_deg"":null,""aoi_s"":0.0061037540435791016,""position_margin_m"":null,""heading_margin_deg"":null,""freshness_margin_s"":null,""normalized_margin"":null,""observable"":false,""raw_pass"":false,""reason"":""GPS course unobservable at low speed"",""status"":""unobservable"",""observed_evaluations"":0,""satisfaction_fraction"":null},{""service_id"":""local_10s_preview"",""label"":""Planning support"",""family"":""local_relative_motion"",""horizon_s"":10.0,""position_tolerance_m"":0.5,""heading_tolerance_deg"":10.0,""maximum_aoi_s"":1.5,""position_error_m"":null,""heading_error_deg"":null,""aoi_s"":0.0061037540435791016,""position_margin_m"":null,""heading_margin_deg"":null,""freshness_margin_s"":null,""normalized_margin"":null,""observable"":false,""raw_pass"":false,""reason"":""GPS course unobservable at low speed"",""status"":""unobservable"",""observed_evaluations"":0,""satisfaction_fraction"":null},{""service_id"":""global_state_tracking"",""label"":""Global asset tracking"",""family"":""global_synchronization"",""horizon_s"":0.0,""position_tolerance_m"":1.0,""heading_tolerance_deg"":5.0,""maximum_aoi_s"":1.0,""position_error_m"":0.6274023899348694,""heading_error_deg"":null,""aoi_s"":0.0061037540435791016,""position_margin_m"":0.3725976100651306,""heading_margin_deg"":null,""freshness_margin_s"":0.9938962459564209,""normalized_margin"":null,""observable"":false,""raw_pass"":false,""reason"":""GPS course unobservable at low speed"",""status"":""unobservable"",""observed_evaluations"":2,""satisfaction_fraction"":1.0}]",high,10.0,0.332099967636168
16.84999999999991,1107.06,1789572382.066257,862,-0.4605432319252023,0.2553518768311906,-0.6401992001231758,-0.591052940272975,-0.5565974541430395,True,0.092599999,163.64,,,0.012,0.13593435287475586,1789571274.8703227,129.83056259167824,0.8223712665472453,,-101.6823,-0.0,0.0,-0.005541420375081997,-0.0011082840750163993,0.005541420375081997,0.01583262964309142,low-motion,685.7414245605469,607,1092.7018258793669,0,False,0,40435,38523,0.0,0.0,12.2811,11,0.9,False,"[{""service_id"":""local_1s_tight"",""label"":""Immediate motion"",""family"":""local_relative_motion"",""horizon_s"":1.0,""position_tolerance_m"":0.1,""heading_tolerance_deg"":2.0,""maximum_aoi_s"":0.6,""position_error_m"":null,""heading_error_deg"":null,""aoi_s"":0.13593435287475586,""position_margin_m"":null,""heading_margin_deg"":null,""freshness_margin_s"":null,""normalized_margin"":null,""observable"":false,""raw_pass"":false,""reason"":""GPS course unobservable at low speed"",""status"":""unobservable"",""observed_evaluations"":1,""satisfaction_fraction"":0.0},{""service_id"":""local_5s_moderate"",""label"":""Short prediction"",""family"":""local_relative_motion"",""horizon_s"":5.0,""position_tolerance_m"":0.2,""heading_tolerance_deg"":5.0,""maximum_aoi_s"":1.0,""position_error_m"":null,""heading_error_deg"":null,""aoi_s"":0.13593435287475586,""position_margin_m"":null,""heading_margin_deg"":null,""freshness_margin_s"":null,""normalized_margin"":null,""observable"":false,""raw_pass"":false,""reason"":""GPS course unobservable at low speed"",""status"":""unobservable"",""observed_evaluations"":0,""satisfaction_fraction"":null},{""service_id"":""local_10s_preview"",""label"":""Planning support"",""family"":""local_relative_motion"",""horizon_s"":10.0,""position_tolerance_m"":0.5,""heading_tolerance_deg"":10.0,""maximum_aoi_s"":1.5,""position_error_m"":null,""heading_error_deg"":null,""aoi_s"":0.13593435287475586,""position_margin_m"":null,""heading_margin_deg"":null,""freshness_margin_s"":null,""normalized_margin"":null,""observable"":false,""raw_pass"":false,""reason"":""GPS course unobservable at low speed"",""status"":""unobservable"",""observed_evaluations"":0,""satisfaction_fraction"":null},{""service_id"":""global_state_tracking"",""label"":""Global asset tracking"",""family"":""global_synchronization"",""horizon_s"":0.0,""position_tolerance_m"":1.0,""heading_tolerance_deg"":5.0,""maximum_aoi_s"":1.0,""position_error_m"":0.8223712665472453,""heading_error_deg"":null,""aoi_s"":0.13593435287475586,""position_margin_m"":0.17762873345275465,""heading_margin_deg"":null,""freshness_margin_s"":0.8640656471252441,""normalized_margin"":null,""observable"":false,""raw_pass"":false,""reason"":""GPS course unobservable at low speed"",""status"":""unobservable"",""observed_evaluations"":2,""satisfaction_fraction"":1.0}]",high,10.0,0.22679998073726892
17.552999999999884,1107.763,1789572382.6359315,863,-0.4605432319252023,0.2553518768311906,-0.6400580989797984,-0.591052940272975,-0.5565974541430395,True,0.133755554,163.64,,,0.004,0.002608776092529297,1789571274.8703227,133.32550811765032,0.8223712665472453,,-101.4116,-0.0,0.0,0.0010035643198967395,0.00020071286397934792,0.0010035643198967395,0.0028673266282763987,low-motion,566.3330554962158,606,1088.7453379152707,0,False,0,40435,38523,0.0,0.0,12.28151,11,0.9,False,"[{""service_id"":""local_1s_tight"",""label"":""Immediate motion"",""family"":""local_relative_motion"",""horizon_s"":1.0,""position_tolerance_m"":0.1,""heading_tolerance_deg"":2.0,""maximum_aoi_s"":0.6,""position_error_m"":null,""heading_error_deg"":null,""aoi_s"":0.002608776092529297,""position_margin_m"":null,""heading_margin_deg"":null,""freshness_margin_s"":null,""normalized_margin"":null,""observable"":false,""raw_pass"":false,""reason"":""GPS course unobservable at low speed"",""status"":""unobservable"",""observed_evaluations"":1,""satisfaction_fraction"":0.0},{""service_id"":""local_5s_moderate"",""label"":""Short prediction"",""family"":""local_relative_motion"",""horizon_s"":5.0,""position_tolerance_m"":0.2,""heading_tolerance_deg"":5.0,""maximum_aoi_s"":1.0,""position_error_m"":null,""heading_error_deg"":null,""aoi_s"":0.002608776092529297,""position_margin_m"":null,""heading_margin_deg"":null,""freshness_margin_s"":null,""normalized_margin"":null,""observable"":false,""raw_pass"":false,""reason"":""GPS course unobservable at low speed"",""status"":""unobservable"",""observed_evaluations"":0,""satisfaction_fraction"":null},{""service_id"":""local_10s_preview"",""label"":""Planning support"",""family"":""local_relative_motion"",""horizon_s"":10.0,""position_tolerance_m"":0.5,""heading_tolerance_deg"":10.0,""maximum_aoi_s"":1.5,""position_error_m"":null,""heading_error_deg"":null,""aoi_s"":0.002608776092529297,""position_margin_m"":null,""heading_margin_deg"":null,""freshness_margin_s"":null,""normalized_margin"":null,""observable"":false,""raw_pass"":false,""reason"":""GPS course unobservable at low speed"",""status"":""unobservable"",""observed_evaluations"":0,""satisfaction_fraction"":null},{""service_id"":""global_state_tracking"",""label"":""Global asset tracking"",""family"":""global_synchronization"",""horizon_s"":0.0,""position_tolerance_m"":1.0,""heading_tolerance_deg"":5.0,""maximum_aoi_s"":1.0,""position_error_m"":0.8223712665472453,""heading_error_deg"":null,""aoi_s"":0.002608776092529297,""position_margin_m"":0.17762873345275465,""heading_margin_deg"":null,""freshness_margin_s"":0.9973912239074707,""normalized_margin"":null,""observable"":false,""raw_pass"":false,""reason"":""GPS course unobservable at low speed"",""status"":""unobservable"",""observed_evaluations"":2,""satisfaction_fraction"":1.0}]",high,10.0,0.37400005385279655
18.116999999999962,1108.327,1789572383.3342454,864,-0.4605432319252023,0.2553518768311906,-0.639575759787717,-0.7390377099176503,-0.7425010033300838,True,0.164622221,163.64,,,0.011,0.13692283630371094,1789571274.8703227,134.31395149223135,1.0359872319282883,,-101.2494,-0.0,0.0,0.004276056667386108,0.0008552113334772216,0.004276056667386108,0.012217304763960308,low-motion,690.7634735107422,608,1086.8724710594825,0,False,0,40435,38523,0.0,0.0,12.28151,11,0.9,False,"[{""service_id"":""local_1s_tight"",""label"":""Immediate motion"",""family"":""local_relative_motion"",""horizon_s"":1.0,""position_tolerance_m"":0.1,""heading_tolerance_deg"":2.0,""maximum_aoi_s"":0.6,""position_error_m"":null,""heading_error_deg"":null,""aoi_s"":0.13692283630371094,""position_margin_m"":null,""heading_margin_deg"":null,""freshness_margin_s"":null,""normalized_margin"":null,""observable"":false,""raw_pass"":false,""reason"":""GPS course unobservable at low speed"",""status"":""unobservable"",""observed_evaluations"":1,""satisfaction_fraction"":0.0},{""service_id"":""local_5s_moderate"",""label"":""Short prediction"",""family"":""local_relative_motion"",""horizon_s"":5.0,""position_tolerance_m"":0.2,""heading_tolerance_deg"":5.0,""maximum_aoi_s"":1.0,""position_error_m"":null,""heading_error_deg"":null,""aoi_s"":0.13692283630371094,""position_margin_m"":null,""heading_margin_deg"":null,""freshness_margin_s"":null,""normalized_margin"":null,""observable"":false,""raw_pass"":false,""reason"":""GPS course unobservable at low speed"",""status"":""unobservable"",""observed_evaluations"":0,""satisfaction_fraction"":null},{""service_id"":""local_10s_preview"",""label"":""Planning support"",""family"":""local_relative_motion"",""horizon_s"":10.0,""position_tolerance_m"":0.5,""heading_tolerance_deg"":10.0,""maximum_aoi_s"":1.5,""position_error_m"":null,""heading_error_deg"":null,""aoi_s"":0.13692283630371094,""position_margin_m"":null,""heading_margin_deg"":null,""freshness_margin_s"":null,""normalized_margin"":null,""observable"":false,""raw_pass"":false,""reason"":""GPS course unobservable at low speed"",""status"":""unobservable"",""observed_evaluations"":0,""satisfaction_fraction"":null},{""service_id"":""global_state_tracking"",""label"":""Global asset tracking"",""family"":""global_synchronization"",""horizon_s"":0.0,""position_tolerance_m"":1.0,""heading_tolerance_deg"":5.0,""maximum_aoi_s"":1.0,""position_error_m"":1.0359872319282883,""heading_error_deg"":null,""aoi_s"":0.13692283630371094,""position_margin_m"":-0.035987231928288343,""heading_margin_deg"":null,""freshness_margin_s"":0.8630771636962891,""normalized_margin"":-0.035987231928288343,""observable"":true,""raw_pass"":false,""reason"":""position tolerance"",""status"":""withdrawn"",""observed_evaluations"":3,""satisfaction_fraction"":0.6666666666666666}]",high,10.0,0.5013999762013555
18.81600000000003,1109.026,1789572383.9032235,865,-0.4605432319252023,0.2553518768311906,-0.6392829633524024,-0.7390377099176503,-0.7425010033300838,True,0.164622221,163.64,,,0.71,0.006900787353515625,1789571274.8703227,130.02192878730057,1.0359872319282883,,-101.0983,-0.0,0.0,0.0020943951023931952,0.00041887902047863906,0.0020943951023931952,0.005983986006837701,low-motion,561.8693828582764,610,1119.1852887659782,0,False,0,40435,38523,0.0,0.0,12.28151,11,0.9,False,"[{""service_id"":""local_1s_tight"",""label"":""Immediate motion"",""family"":""local_relative_motion"",""horizon_s"":1.0,""position_tolerance_m"":0.1,""heading_tolerance_deg"":2.0,""maximum_aoi_s"":0.6,""position_error_m"":null,""heading_error_deg"":null,""aoi_s"":0.006900787353515625,""position_margin_m"":null,""heading_margin_deg"":null,""freshness_margin_s"":null,""normalized_margin"":null,""observable"":false,""raw_pass"":false,""reason"":""GPS course unobservable at low speed"",""status"":""unobservable"",""observed_evaluations"":1,""satisfaction_fraction"":0.0},{""service_id"":""local_5s_moderate"",""label"":""Short prediction"",""family"":""local_relative_motion"",""horizon_s"":5.0,""position_tolerance_m"":0.2,""heading_tolerance_deg"":5.0,""maximum_aoi_s"":1.0,""position_error_m"":null,""heading_error_deg"":null,""aoi_s"":0.006900787353515625,""position_margin_m"":null,""heading_margin_deg"":null,""freshness_margin_s"":null,""normalized_margin"":null,""observable"":false,""raw_pass"":false,""reason"":""GPS course unobservable at low speed"",""status"":""unobservable"",""observed_evaluations"":0,""satisfaction_fraction"":null},{""service_id"":""local_10s_preview"",""label"":""Planning support"",""family"":""local_relative_motion"",""horizon_s"":10.0,""position_tolerance_m"":0.5,""heading_tolerance_deg"":10.0,""maximum_aoi_s"":1.5,""position_error_m"":null,""heading_error_deg"":null,""aoi_s"":0.006900787353515625,""position_margin_m"":null,""heading_margin_deg"":null,""freshness_margin_s"":null,""normalized_margin"":null,""observable"":false,""raw_pass"":false,""reason"":""GPS course unobservable at low speed"",""status"":""unobservable"",""observed_evaluations"":0,""satisfaction_fraction"":null},{""service_id"":""global_state_tracking"",""label"":""Global asset tracking"",""family"":""global_synchronization"",""horizon_s"":0.0,""position_tolerance_m"":1.0,""heading_tolerance_deg"":5.0,""maximum_aoi_s"":1.0,""position_error_m"":1.0359872319282883,""heading_error_deg"":null,""aoi_s"":0.006900787353515625,""position_margin_m"":-0.035987231928288343,""heading_margin_deg"":null,""freshness_margin_s"":0.9930992126464844,""normalized_margin"":-0.035987231928288343,""observable"":true,""raw_pass"":false,""reason"":""position tolerance"",""status"":""withdrawn"",""observed_evaluations"":4,""satisfaction_fraction"":0.5}]",high,10.0,0.3795999800786376
19.37799999999993,1109.588,1789572384.6075175,866,-0.4605432319252023,0.2553518768311906,-0.6392927721027988,-0.8861363437751503,-0.1859035491870444,True,0.051444444,163.64,,,0.012,0.14919471740722656,1789571274.8703227,142.29396629343682,0.6130545227340357,,-100.9641,-0.0,0.0,-8.726646259971648e-05,-1.7453292519943296e-05,8.726646259971648e-05,0.00024933275028490425,low-motion,699.1915702819824,611,1083.9618314784973,0,False,0,40435,38523,0.0,0.0,12.28151,11,0.9,False,"[{""service_id"":""local_1s_tight"",""label"":""Immediate motion"",""family"":""local_relative_motion"",""horizon_s"":1.0,""position_tolerance_m"":0.1,""heading_tolerance_deg"":2.0,""maximum_aoi_s"":0.6,""position_error_m"":null,""heading_error_deg"":null,""aoi_s"":0.14919471740722656,""position_margin_m"":null,""heading_margin_deg"":null,""freshness_margin_s"":null,""normalized_margin"":null,""observable"":false,""raw_pass"":false,""reason"":""GPS course unobservable at low speed"",""status"":""unobservable"",""observed_evaluations"":1,""satisfaction_fraction"":0.0},{""service_id"":""local_5s_moderate"",""label"":""Short prediction"",""family"":""local_relative_motion"",""horizon_s"":5.0,""position_tolerance_m"":0.2,""heading_tolerance_deg"":5.0,""maximum_aoi_s"":1.0,""position_error_m"":null,""heading_error_deg"":null,""aoi_s"":0.14919471740722656,""position_margin_m"":null,""heading_margin_deg"":null,""freshness_margin_s"":null,""normalized_margin"":null,""observable"":false,""raw_pass"":false,""reason"":""GPS course unobservable at low speed"",""status"":""unobservable"",""observed_evaluations"":0,""satisfaction_fraction"":null},{""service_id"":""local_10s_preview"",""label"":""Planning support"",""family"":""local_relative_motion"",""horizon_s"":10.0,""position_tolerance_m"":0.5,""heading_tolerance_deg"":10.0,""maximum_aoi_s"":1.5,""position_error_m"":null,""heading_error_deg"":null,""aoi_s"":0.14919471740722656,""position_margin_m"":null,""heading_margin_deg"":null,""freshness_margin_s"":null,""normalized_margin"":null,""observable"":false,""raw_pass"":false,""reason"":""GPS course unobservable at low speed"",""status"":""unobservable"",""observed_evaluations"":0,""satisfaction_fraction"":null},{""service_id"":""global_state_tracking"",""label"":""Global asset tracking"",""family"":""global_synchronization"",""horizon_s"":0.0,""position_tolerance_m"":1.0,""heading_tolerance_deg"":5.0,""maximum_aoi_s"":1.0,""position_error_m"":0.6130545227340357,""heading_error_deg"":null,""aoi_s"":0.14919471740722656,""position_margin_m"":0.3869454772659643,""heading_margin_deg"":null,""freshness_margin_s"":0.8508052825927734,""normalized_margin"":null,""observable"":false,""raw_pass"":false,""reason"":""GPS course unobservable at low speed"",""status"":""unobservable"",""observed_evaluations"":4,""satisfaction_fraction"":0.5}]",high,10.0,0.27760001830756664
20.090999999999894,1110.301,1789572385.3079088,867,-0.4605432319252023,0.2553518768311906,-0.6391496638307816,-1.1821058818052252,0.18479035497797808,True,0.154333332,163.64,,,0.027,0.13658595085144043,1789571274.8703227,12.608707427943955,0.7250045421017182,,-101.0314,-0.0,0.0,0.0010035643198967395,0.00020071286397934792,0.0010035643198967395,0.0028673266282763987,low-motion,696.3872909545898,616,1087.0712043589735,0,False,0,40435,38523,0.0,0.0,12.28151,11,0.9,False,"[{""service_id"":""local_1s_tight"",""label"":""Immediate motion"",""family"":""local_relative_motion"",""horizon_s"":1.0,""position_tolerance_m"":0.1,""heading_tolerance_deg"":2.0,""maximum_aoi_s"":0.6,""position_error_m"":null,""heading_error_deg"":null,""aoi_s"":0.13658595085144043,""position_margin_m"":null,""heading_margin_deg"":null,""freshness_margin_s"":null,""normalized_margin"":null,""observable"":false,""raw_pass"":false,""reason"":""GPS course unobservable at low speed"",""status"":""unobservable"",""observed_evaluations"":1,""satisfaction_fraction"":0.0},{""service_id"":""local_5s_moderate"",""label"":""Short prediction"",""family"":""local_relative_motion"",""horizon_s"":5.0,""position_tolerance_m"":0.2,""heading_tolerance_deg"":5.0,""maximum_aoi_s"":1.0,""position_error_m"":null,""heading_error_deg"":null,""aoi_s"":0.13658595085144043,""position_margin_m"":null,""heading_margin_deg"":null,""freshness_margin_s"":null,""normalized_margin"":null,""observable"":false,""raw_pass"":false,""reason"":""GPS course unobservable at low speed"",""status"":""unobservable"",""observed_evaluations"":0,""satisfaction_fraction"":null},{""service_id"":""local_10s_preview"",""label"":""Planning support"",""family"":""local_relative_motion"",""horizon_s"":10.0,""position_tolerance_m"":0.5,""heading_tolerance_deg"":10.0,""maximum_aoi_s"":1.5,""position_error_m"":null,""heading_error_deg"":null,""aoi_s"":0.13658595085144043,""position_margin_m"":null,""heading_margin_deg"":null,""freshness_margin_s"":null,""normalized_margin"":null,""observable"":false,""raw_pass"":false,""reason"":""GPS course unobservable at low speed"",""status"":""unobservable"",""observed_evaluations"":0,""satisfaction_fraction"":null},{""service_id"":""global_state_tracking"",""label"":""Global asset tracking"",""family"":""global_synchronization"",""horizon_s"":0.0,""position_tolerance_m"":1.0,""heading_tolerance_deg"":5.0,""maximum_aoi_s"":1.0,""position_error_m"":0.7250045421017182,""heading_error_deg"":null,""aoi_s"":0.13658595085144043,""position_margin_m"":0.27499545789828184,""heading_margin_deg"":null,""freshness_margin_s"":0.8634140491485596,""normalized_margin"":null,""observable"":false,""raw_pass"":false,""reason"":""GPS course unobservable at low speed"",""status"":""unobservable"",""observed_evaluations"":4,""satisfaction_fraction"":0.5}]",high,10.0,0.40140002965927124
20.79600000000005,1111.006,1789572385.8783135,868,-0.4605432319252023,0.2553518768311906,-0.6387005469810121,-1.1821058818052252,0.18479035497797808,True,0.154333332,163.64,,,0.733,0.001990795135498047,1789571274.8703227,134.5952320100423,0.7250045421017182,,-100.9277,-0.0,0.0,0.0031852258848896514,0.0006370451769779303,0.0031852258848896514,0.009100645385399005,low-motion,563.335657119751,614,1085.0438395276262,0,False,0,40435,38523,0.0,0.0,12.28151,11,0.9,False,"[{""service_id"":""local_1s_tight"",""label"":""Immediate motion"",""family"":""local_relative_motion"",""horizon_s"":1.0,""position_tolerance_m"":0.1,""heading_tolerance_deg"":2.0,""maximum_aoi_s"":0.6,""position_error_m"":null,""heading_error_deg"":null,""aoi_s"":0.001990795135498047,""position_margin_m"":null,""heading_margin_deg"":null,""freshness_margin_s"":null,""normalized_margin"":null,""observable"":false,""raw_pass"":false,""reason"":""GPS course unobservable at low speed"",""status"":""unobservable"",""observed_evaluations"":1,""satisfaction_fraction"":0.0},{""service_id"":""local_5s_moderate"",""label"":""Short prediction"",""family"":""local_relative_motion"",""horizon_s"":5.0,""position_tolerance_m"":0.2,""heading_tolerance_deg"":5.0,""maximum_aoi_s"":1.0,""position_error_m"":null,""heading_error_deg"":null,""aoi_s"":0.001990795135498047,""position_margin_m"":null,""heading_margin_deg"":null,""freshness_margin_s"":null,""normalized_margin"":null,""observable"":false,""raw_pass"":false,""reason"":""GPS course unobservable at low speed"",""status"":""unobservable"",""observed_evaluations"":0,""satisfaction_fraction"":null},{""service_id"":""local_10s_preview"",""label"":""Planning support"",""family"":""local_relative_motion"",""horizon_s"":10.0,""position_tolerance_m"":0.5,""heading_tolerance_deg"":10.0,""maximum_aoi_s"":1.5,""position_error_m"":null,""heading_error_deg"":null,""aoi_s"":0.001990795135498047,""position_margin_m"":null,""heading_margin_deg"":null,""freshness_margin_s"":null,""normalized_margin"":null,""observable"":false,""raw_pass"":false,""reason"":""GPS course unobservable at low speed"",""status"":""unobservable"",""observed_evaluations"":0,""satisfaction_fraction"":null},{""service_id"":""global_state_tracking"",""label"":""Global asset tracking"",""family"":""global_synchronization"",""horizon_s"":0.0,""position_tolerance_m"":1.0,""heading_tolerance_deg"":5.0,""maximum_aoi_s"":1.0,""position_error_m"":0.7250045421017182,""heading_error_deg"":null,""aoi_s"":0.001990795135498047,""position_margin_m"":0.27499545789828184,""heading_margin_deg"":null,""freshness_margin_s"":0.998009204864502,""normalized_margin"":null,""observable"":false,""raw_pass"":false,""reason"":""GPS course unobservable at low speed"",""status"":""unobservable"",""observed_evaluations"":4,""satisfaction_fraction"":0.5}]",high,10.0,0.3571000415831804
21.37200000000007,1111.582,1789572386.59016,869,-0.4605432319252023,0.2553518768311906,-0.6382079452529292,-1.1821058818052252,0.18479035497797808,True,0.154333332,163.64,,,0.029,0.13783717155456543,1789571274.8703227,135.84635162351333,0.7250045421017182,,-100.613,-0.0,0.0,0.004276056667386108,0.0008552113334772216,0.004276056667386108,0.012217304763960308,low-motion,700.17409324646,613,1079.8198183004838,0,False,0,40435,38523,0.0,0.0,12.28151,11,0.9,False,"[{""service_id"":""local_1s_tight"",""label"":""Immediate motion"",""family"":""local_relative_motion"",""horizon_s"":1.0,""position_tolerance_m"":0.1,""heading_tolerance_deg"":2.0,""maximum_aoi_s"":0.6,""position_error_m"":null,""heading_error_deg"":null,""aoi_s"":0.13783717155456543,""position_margin_m"":null,""heading_margin_deg"":null,""freshness_margin_s"":null,""normalized_margin"":null,""observable"":false,""raw_pass"":false,""reason"":""GPS course unobservable at low speed"",""status"":""unobservable"",""observed_evaluations"":1,""satisfaction_fraction"":0.0},{""service_id"":""local_5s_moderate"",""label"":""Short prediction"",""family"":""local_relative_motion"",""horizon_s"":5.0,""position_tolerance_m"":0.2,""heading_tolerance_deg"":5.0,""maximum_aoi_s"":1.0,""position_error_m"":null,""heading_error_deg"":null,""aoi_s"":0.13783717155456543,""position_margin_m"":null,""heading_margin_deg"":null,""freshness_margin_s"":null,""normalized_margin"":null,""observable"":false,""raw_pass"":false,""reason"":""GPS course unobservable at low speed"",""status"":""unobservable"",""observed_evaluations"":0,""satisfaction_fraction"":null},{""service_id"":""local_10s_preview"",""label"":""Planning support"",""family"":""local_relative_motion"",""horizon_s"":10.0,""position_tolerance_m"":0.5,""heading_tolerance_deg"":10.0,""maximum_aoi_s"":1.5,""position_error_m"":null,""heading_error_deg"":null,""aoi_s"":0.13783717155456543,""position_margin_m"":null,""heading_margin_deg"":null,""freshness_margin_s"":null,""normalized_margin"":null,""observable"":false,""raw_pass"":false,""reason"":""GPS course unobservable at low speed"",""status"":""unobservable"",""observed_evaluations"":0,""satisfaction_fraction"":null},{""service_id"":""global_state_tracking"",""label"":""Global asset tracking"",""family"":""global_synchronization"",""horizon_s"":0.0,""position_tolerance_m"":1.0,""heading_tolerance_deg"":5.0,""maximum_aoi_s"":1.0,""position_error_m"":0.7250045421017182,""heading_error_deg"":null,""aoi_s"":0.13783717155456543,""position_margin_m"":0.27499545789828184,""heading_margin_deg"":null,""freshness_margin_s"":0.8621628284454346,""normalized_margin"":null,""observable"":false,""raw_pass"":false,""reason"":""GPS course unobservable at low speed"",""status"":""unobservable"",""observed_evaluations"":4,""satisfaction_fraction"":0.5}]",high,10.0,0.5455000791698694
22.077999999999975,1112.288,1789572387.1601357,870,-0.4605432319252023,0.2553518768311906,-0.6391444191163793,-1.3292045144034499,0.5565974541430395,True,0.077166666,163.64,,,0.019,0.0018129348754882812,1789571274.8703227,136.024147033595,0.9194135748001021,,-100.7958,-0.0,0.0,-0.0066322511575784525,-0.0013264502315156906,0.0066322511575784525,0.018949289021652722,low-motion,560.9245300292969,615,1081.5161573466285,0,False,0,40435,38523,0.0,0.0,12.28151,11,0.9,False,"[{""service_id"":""local_1s_tight"",""label"":""Immediate motion"",""family"":""local_relative_motion"",""horizon_s"":1.0,""position_tolerance_m"":0.1,""heading_tolerance_deg"":2.0,""maximum_aoi_s"":0.6,""position_error_m"":null,""heading_error_deg"":null,""aoi_s"":0.0018129348754882812,""position_margin_m"":null,""heading_margin_deg"":null,""freshness_margin_s"":null,""normalized_margin"":null,""observable"":false,""raw_pass"":false,""reason"":""GPS course unobservable at low speed"",""status"":""unobservable"",""observed_evaluations"":1,""satisfaction_fraction"":0.0},{""service_id"":""local_5s_moderate"",""label"":""Short prediction"",""family"":""local_relative_motion"",""horizon_s"":5.0,""position_tolerance_m"":0.2,""heading_tolerance_deg"":5.0,""maximum_aoi_s"":1.0,""position_error_m"":null,""heading_error_deg"":null,""aoi_s"":0.0018129348754882812,""position_margin_m"":null,""heading_margin_deg"":null,""freshness_margin_s"":null,""normalized_margin"":null,""observable"":false,""raw_pass"":false,""reason"":""GPS course unobservable at low speed"",""status"":""unobservable"",""observed_evaluations"":0,""satisfaction_fraction"":null},{""service_id"":""local_10s_preview"",""label"":""Planning support"",""family"":""local_relative_motion"",""horizon_s"":10.0,""position_tolerance_m"":0.5,""heading_tolerance_deg"":10.0,""maximum_aoi_s"":1.5,""position_error_m"":null,""heading_error_deg"":null,""aoi_s"":0.0018129348754882812,""position_margin_m"":null,""heading_margin_deg"":null,""freshness_margin_s"":null,""normalized_margin"":null,""observable"":false,""raw_pass"":false,""reason"":""GPS course unobservable at low speed"",""status"":""unobservable"",""observed_evaluations"":0,""satisfaction_fraction"":null},{""service_id"":""global_state_tracking"",""label"":""Global asset tracking"",""family"":""global_synchronization"",""horizon_s"":0.0,""position_tolerance_m"":1.0,""heading_tolerance_deg"":5.0,""maximum_aoi_s"":1.0,""position_error_m"":0.9194135748001021,""heading_error_deg"":null,""aoi_s"":0.0018129348754882812,""position_margin_m"":0.0805864251998979,""heading_margin_deg"":null,""freshness_margin_s"":0.9981870651245117,""normalized_margin"":null,""observable"":false,""raw_pass"":false,""reason"":""GPS course unobservable at low speed"",""status"":""unobservable"",""observed_evaluations"":4,""satisfaction_fraction"":0.5}]",high,10.0,0.42509997729212046
22.649999999999864,1112.86,1789572387.8667161,871,-0.4605432319252023,0.2553518768311906,-0.6391544023997007,-1.3292045144034499,0.5565974541430395,True,0.077166666,163.64,,,0.591,0.13639354705810547,1789571274.8703227,134.5804004670299,0.9194135748001021,,-100.6409,-0.0,0.0,-8.726646259971648e-05,-1.7453292519943296e-05,8.726646259971648e-05,0.00024933275028490425,low-motion,698.0071067810059,615,1081.529329383248,0,False,0,40435,38523,0.0,0.0,12.28151,11,0.9,False,"[{""service_id"":""local_1s_tight"",""label"":""Immediate motion"",""family"":""local_relative_motion"",""horizon_s"":1.0,""position_tolerance_m"":0.1,""heading_tolerance_deg"":2.0,""maximum_aoi_s"":0.6,""position_error_m"":null,""heading_error_deg"":null,""aoi_s"":0.13639354705810547,""position_margin_m"":null,""heading_margin_deg"":null,""freshness_margin_s"":null,""normalized_margin"":null,""observable"":false,""raw_pass"":false,""reason"":""GPS course unobservable at low speed"",""status"":""unobservable"",""observed_evaluations"":1,""satisfaction_fraction"":0.0},{""service_id"":""local_5s_moderate"",""label"":""Short prediction"",""family"":""local_relative_motion"",""horizon_s"":5.0,""position_tolerance_m"":0.2,""heading_tolerance_deg"":5.0,""maximum_aoi_s"":1.0,""position_error_m"":null,""heading_error_deg"":null,""aoi_s"":0.13639354705810547,""position_margin_m"":null,""heading_margin_deg"":null,""freshness_margin_s"":null,""normalized_margin"":null,""observable"":false,""raw_pass"":false,""reason"":""GPS course unobservable at low speed"",""status"":""unobservable"",""observed_evaluations"":0,""satisfaction_fraction"":null},{""service_id"":""local_10s_preview"",""label"":""Planning support"",""family"":""local_relative_motion"",""horizon_s"":10.0,""position_tolerance_m"":0.5,""heading_tolerance_deg"":10.0,""maximum_aoi_s"":1.5,""position_error_m"":null,""heading_error_deg"":null,""aoi_s"":0.13639354705810547,""position_margin_m"":null,""heading_margin_deg"":null,""freshness_margin_s"":null,""normalized_margin"":null,""observable"":false,""raw_pass"":false,""reason"":""GPS course unobservable at low speed"",""status"":""unobservable"",""observed_evaluations"":0,""satisfaction_fraction"":null},{""service_id"":""global_state_tracking"",""label"":""Global asset tracking"",""family"":""global_synchronization"",""horizon_s"":0.0,""position_tolerance_m"":1.0,""heading_tolerance_deg"":5.0,""maximum_aoi_s"":1.0,""position_error_m"":0.9194135748001021,""heading_error_deg"":null,""aoi_s"":0.13639354705810547,""position_margin_m"":0.0805864251998979,""heading_margin_deg"":null,""freshness_margin_s"":0.8636064529418945,""normalized_margin"":null,""observable"":false,""raw_pass"":false,""reason"":""GPS course unobservable at low speed"",""status"":""unobservable"",""observed_evaluations"":4,""satisfaction_fraction"":0.5}]",high,10.0,0.1512001035735011
23.338999999999942,1113.549,1789572388.4273875,872,-0.4605432319252023,0.2553518768311906,-0.6393167442000749,-1.477189284048125,0.927291358308062,True,0.123466666,163.64,,,0.004,0.008064746856689453,1789571274.8703227,128.3286705017872,1.2186352457009157,,-100.4968,-0.0,0.0,-0.0011780972450961724,-0.0002356194490192345,0.0011780972450961724,0.003365992128846207,low-motion,558.1655502319336,607,1083.2940719663902,0,False,0,40435,38523,0.0,0.0,12.28151,11,0.9,False,"[{""service_id"":""local_1s_tight"",""label"":""Immediate motion"",""family"":""local_relative_motion"",""horizon_s"":1.0,""position_tolerance_m"":0.1,""heading_tolerance_deg"":2.0,""maximum_aoi_s"":0.6,""position_error_m"":null,""heading_error_deg"":null,""aoi_s"":0.008064746856689453,""position_margin_m"":null,""heading_margin_deg"":null,""freshness_margin_s"":null,""normalized_margin"":null,""observable"":false,""raw_pass"":false,""reason"":""GPS course unobservable at low speed"",""status"":""unobservable"",""observed_evaluations"":1,""satisfaction_fraction"":0.0},{""service_id"":""local_5s_moderate"",""label"":""Short prediction"",""family"":""local_relative_motion"",""horizon_s"":5.0,""position_tolerance_m"":0.2,""heading_tolerance_deg"":5.0,""maximum_aoi_s"":1.0,""position_error_m"":null,""heading_error_deg"":null,""aoi_s"":0.008064746856689453,""position_margin_m"":null,""heading_margin_deg"":null,""freshness_margin_s"":null,""normalized_margin"":null,""observable"":false,""raw_pass"":false,""reason"":""GPS course unobservable at low speed"",""status"":""unobservable"",""observed_evaluations"":0,""satisfaction_fraction"":null},{""service_id"":""local_10s_preview"",""label"":""Planning support"",""family"":""local_relative_motion"",""horizon_s"":10.0,""position_tolerance_m"":0.5,""heading_tolerance_deg"":10.0,""maximum_aoi_s"":1.5,""position_error_m"":null,""heading_error_deg"":null,""aoi_s"":0.008064746856689453,""position_margin_m"":null,""heading_margin_deg"":null,""freshness_margin_s"":null,""normalized_margin"":null,""observable"":false,""raw_pass"":false,""reason"":""GPS course unobservable at low speed"",""status"":""unobservable"",""observed_evaluations"":0,""satisfaction_fraction"":null},{""service_id"":""global_state_tracking"",""label"":""Global asset tracking"",""family"":""global_synchronization"",""horizon_s"":0.0,""position_tolerance_m"":1.0,""heading_tolerance_deg"":5.0,""maximum_aoi_s"":1.0,""position_error_m"":1.2186352457009157,""heading_error_deg"":null,""aoi_s"":0.008064746856689453,""position_margin_m"":-0.21863524570091575,""heading_margin_deg"":null,""freshness_margin_s"":0.9919352531433105,""normalized_margin"":-0.21863524570091575,""observable"":true,""raw_pass"":false,""reason"":""position tolerance"",""status"":""withdrawn"",""observed_evaluations"":5,""satisfaction_fraction"":0.4}]",high,10.0,0.48400007653981447
23.914999999999964,1114.125,1789572389.1339898,873,-0.4605432319252023,0.2553518768311906,-0.6389498061781356,-1.477189284048125,0.927291358308062,True,0.123466666,163.64,,,0.028,0.13866710662841797,1789571274.8703227,130.60233497617446,1.2186352457009157,,-100.5506,-0.0,0.0,0.0031852258848896514,0.0006370451769779303,0.0031852258848896514,0.009100645385399005,low-motion,697.582483291626,607,1082.0788558535055,0,False,0,40435,38523,0.0,0.0,12.28151,11,0.9,False,"[{""service_id"":""local_1s_tight"",""label"":""Immediate motion"",""family"":""local_relative_motion"",""horizon_s"":1.0,""position_tolerance_m"":0.1,""heading_tolerance_deg"":2.0,""maximum_aoi_s"":0.6,""position_error_m"":null,""heading_error_deg"":null,""aoi_s"":0.13866710662841797,""position_margin_m"":null,""heading_margin_deg"":null,""freshness_margin_s"":null,""normalized_margin"":null,""observable"":false,""raw_pass"":false,""reason"":""GPS course unobservable at low speed"",""status"":""unobservable"",""observed_evaluations"":1,""satisfaction_fraction"":0.0},{""service_id"":""local_5s_moderate"",""label"":""Short prediction"",""family"":""local_relative_motion"",""horizon_s"":5.0,""position_tolerance_m"":0.2,""heading_tolerance_deg"":5.0,""maximum_aoi_s"":1.0,""position_error_m"":null,""heading_error_deg"":null,""aoi_s"":0.13866710662841797,""position_margin_m"":null,""heading_margin_deg"":null,""freshness_margin_s"":null,""normalized_margin"":null,""observable"":false,""raw_pass"":false,""reason"":""GPS course unobservable at low speed"",""status"":""unobservable"",""observed_evaluations"":0,""satisfaction_fraction"":null},{""service_id"":""local_10s_preview"",""label"":""Planning support"",""family"":""local_relative_motion"",""horizon_s"":10.0,""position_tolerance_m"":0.5,""heading_tolerance_deg"":10.0,""maximum_aoi_s"":1.5,""position_error_m"":null,""heading_error_deg"":null,""aoi_s"":0.13866710662841797,""position_margin_m"":null,""heading_margin_deg"":null,""freshness_margin_s"":null,""normalized_margin"":null,""observable"":false,""raw_pass"":false,""reason"":""GPS course unobservable at low speed"",""status"":""unobservable"",""observed_evaluations"":0,""satisfaction_fraction"":null},{""service_id"":""global_state_tracking"",""label"":""Global asset tracking"",""family"":""global_synchronization"",""horizon_s"":0.0,""position_tolerance_m"":1.0,""heading_tolerance_deg"":5.0,""maximum_aoi_s"":1.0,""position_error_m"":1.2186352457009157,""heading_error_deg"":null,""aoi_s"":0.13866710662841797,""position_margin_m"":-0.21863524570091575,""heading_margin_deg"":null,""freshness_margin_s"":0.861332893371582,""normalized_margin"":-0.21863524570091575,""observable"":true,""raw_pass"":false,""reason"":""position tolerance"",""status"":""withdrawn"",""observed_evaluations"":6,""satisfaction_fraction"":0.3333333333333333}]",high,10.0,0.19550009164959192
24.61500000000001,1114.825,1789572389.6978748,874,-0.4605432319252023,0.2553518768311906,-0.6389620234828994,-1.477189284048125,0.927291358308062,True,0.17491111,163.64,,,0.019,0.002552032470703125,1789571274.8703227,136.1150264740445,1.2186352457009157,,-100.6627,-0.0,0.0,-8.726646259971648e-05,-1.7453292519943296e-05,8.726646259971648e-05,0.00024933275028490425,low-motion,560.2419376373291,604,1114.1316328399316,0,False,0,40435,38523,0.0,0.0,12.28151,11,0.9,False,"[{""service_id"":""local_1s_tight"",""label"":""Immediate motion"",""family"":""local_relative_motion"",""horizon_s"":1.0,""position_tolerance_m"":0.1,""heading_tolerance_deg"":2.0,""maximum_aoi_s"":0.6,""position_error_m"":null,""heading_error_deg"":null,""aoi_s"":0.002552032470703125,""position_margin_m"":null,""heading_margin_deg"":null,""freshness_margin_s"":null,""normalized_margin"":null,""observable"":false,""raw_pass"":false,""reason"":""GPS course unobservable at low speed"",""status"":""unobservable"",""observed_evaluations"":1,""satisfaction_fraction"":0.0},{""service_id"":""local_5s_moderate"",""label"":""Short prediction"",""family"":""local_relative_motion"",""horizon_s"":5.0,""position_tolerance_m"":0.2,""heading_tolerance_deg"":5.0,""maximum_aoi_s"":1.0,""position_error_m"":null,""heading_error_deg"":null,""aoi_s"":0.002552032470703125,""position_margin_m"":null,""heading_margin_deg"":null,""freshness_margin_s"":null,""normalized_margin"":null,""observable"":false,""raw_pass"":false,""reason"":""GPS course unobservable at low speed"",""status"":""unobservable"",""observed_evaluations"":0,""satisfaction_fraction"":null},{""service_id"":""local_10s_preview"",""label"":""Planning support"",""family"":""local_relative_motion"",""horizon_s"":10.0,""position_tolerance_m"":0.5,""heading_tolerance_deg"":10.0,""maximum_aoi_s"":1.5,""position_error_m"":null,""heading_error_deg"":null,""aoi_s"":0.002552032470703125,""position_margin_m"":null,""heading_margin_deg"":null,""freshness_margin_s"":null,""normalized_margin"":null,""observable"":false,""raw_pass"":false,""reason"":""GPS course unobservable at low speed"",""status"":""unobservable"",""observed_evaluations"":0,""satisfaction_fraction"":null},{""service_id"":""global_state_tracking"",""label"":""Global asset tracking"",""family"":""global_synchronization"",""horizon_s"":0.0,""position_tolerance_m"":1.0,""heading_tolerance_deg"":5.0,""maximum_aoi_s"":1.0,""position_error_m"":1.2186352457009157,""heading_error_deg"":null,""aoi_s"":0.002552032470703125,""position_margin_m"":-0.21863524570091575,""heading_margin_deg"":null,""freshness_margin_s"":0.9974479675292969,""normalized_margin"":-0.21863524570091575,""observable"":true,""raw_pass"":false,""reason"":""position tolerance"",""status"":""withdrawn"",""observed_evaluations"":7,""satisfaction_fraction"":0.2857142857142857}]",high,10.0,0.17559994012117386
25.17899999999986,1115.389,1789572390.4050663,875,-0.4605432319252023,0.2553518768311906,-0.6387257757153497,-1.3292045144034499,1.113194908286079,True,0.21092222,163.64,,,0.011,0.14574360847473145,1789571274.8703227,143.1914672853054,1.2208468742198861,,-100.6845,-0.0,0.0,0.0020943951023931952,0.00041887902047863906,0.0020943951023931952,0.005983986006837701,low-motion,703.5753726959229,615,1080.2445622504783,0,False,0,40435,38523,0.0,0.0,12.28151,12,0.85,False,"[{""service_id"":""local_1s_tight"",""label"":""Immediate motion"",""family"":""local_relative_motion"",""horizon_s"":1.0,""position_tolerance_m"":0.1,""heading_tolerance_deg"":2.0,""maximum_aoi_s"":0.6,""position_error_m"":null,""heading_error_deg"":null,""aoi_s"":0.14574360847473145,""position_margin_m"":null,""heading_margin_deg"":null,""freshness_margin_s"":null,""normalized_margin"":null,""observable"":false,""raw_pass"":false,""reason"":""GPS course unobservable at low speed"",""status"":""unobservable"",""observed_evaluations"":1,""satisfaction_fraction"":0.0},{""service_id"":""local_5s_moderate"",""label"":""Short prediction"",""family"":""local_relative_motion"",""horizon_s"":5.0,""position_tolerance_m"":0.2,""heading_tolerance_deg"":5.0,""maximum_aoi_s"":1.0,""position_error_m"":null,""heading_error_deg"":null,""aoi_s"":0.14574360847473145,""position_margin_m"":null,""heading_margin_deg"":null,""freshness_margin_s"":null,""normalized_margin"":null,""observable"":false,""raw_pass"":false,""reason"":""GPS course unobservable at low speed"",""status"":""unobservable"",""observed_evaluations"":0,""satisfaction_fraction"":null},{""service_id"":""local_10s_preview"",""label"":""Planning support"",""family"":""local_relative_motion"",""horizon_s"":10.0,""position_tolerance_m"":0.5,""heading_tolerance_deg"":10.0,""maximum_aoi_s"":1.5,""position_error_m"":null,""heading_error_deg"":null,""aoi_s"":0.14574360847473145,""position_margin_m"":null,""heading_margin_deg"":null,""freshness_margin_s"":null,""normalized_margin"":null,""observable"":false,""raw_pass"":false,""reason"":""GPS course unobservable at low speed"",""status"":""unobservable"",""observed_evaluations"":0,""satisfaction_fraction"":null},{""service_id"":""global_state_tracking"",""label"":""Global asset tracking"",""family"":""global_synchronization"",""horizon_s"":0.0,""position_tolerance_m"":1.0,""heading_tolerance_deg"":5.0,""maximum_aoi_s"":1.0,""position_error_m"":1.2208468742198861,""heading_error_deg"":null,""aoi_s"":0.14574360847473145,""position_margin_m"":-0.22084687421988614,""heading_margin_deg"":null,""freshness_margin_s"":0.8542563915252686,""normalized_margin"":-0.22084687421988614,""observable"":true,""raw_pass"":false,""reason"":""position tolerance"",""status"":""withdrawn"",""observed_evaluations"":8,""satisfaction_fraction"":0.25}]",high,10.0,0.24910003412514925
25.892000000000053,1116.102,1789572390.977489,876,-0.4605432319252023,0.2553518768311906,-0.6392048773216685,-1.477189284048125,1.113194908286079,True,0.21092222,163.64,,,0.031,0.005166292190551758,1789571274.8703227,140.57725715656488,1.3302119612726526,,-100.3873,-0.0,0.0,-0.0033597588100890844,-0.000671951762017817,0.0033597588100890844,0.009599310885968814,low-motion,569.4236755371094,609,1113.4336829804402,0,False,0,40435,38523,0.0,0.0,12.28151,12,0.85,False,"[{""service_id"":""local_1s_tight"",""label"":""Immediate motion"",""family"":""local_relative_motion"",""horizon_s"":1.0,""position_tolerance_m"":0.1,""heading_tolerance_deg"":2.0,""maximum_aoi_s"":0.6,""position_error_m"":null,""heading_error_deg"":null,""aoi_s"":0.005166292190551758,""position_margin_m"":null,""heading_margin_deg"":null,""freshness_margin_s"":null,""normalized_margin"":null,""observable"":false,""raw_pass"":false,""reason"":""GPS course unobservable at low speed"",""status"":""unobservable"",""observed_evaluations"":1,""satisfaction_fraction"":0.0},{""service_id"":""local_5s_moderate"",""label"":""Short prediction"",""family"":""local_relative_motion"",""horizon_s"":5.0,""position_tolerance_m"":0.2,""heading_tolerance_deg"":5.0,""maximum_aoi_s"":1.0,""position_error_m"":null,""heading_error_deg"":null,""aoi_s"":0.005166292190551758,""position_margin_m"":null,""heading_margin_deg"":null,""freshness_margin_s"":null,""normalized_margin"":null,""observable"":false,""raw_pass"":false,""reason"":""GPS course unobservable at low speed"",""status"":""unobservable"",""observed_evaluations"":0,""satisfaction_fraction"":null},{""service_id"":""local_10s_preview"",""label"":""Planning support"",""family"":""local_relative_motion"",""horizon_s"":10.0,""position_tolerance_m"":0.5,""heading_tolerance_deg"":10.0,""maximum_aoi_s"":1.5,""position_error_m"":null,""heading_error_deg"":null,""aoi_s"":0.005166292190551758,""position_margin_m"":null,""heading_margin_deg"":null,""freshness_margin_s"":null,""normalized_margin"":null,""observable"":false,""raw_pass"":false,""reason"":""GPS course unobservable at low speed"",""status"":""unobservable"",""observed_evaluations"":0,""satisfaction_fraction"":null},{""service_id"":""global_state_tracking"",""label"":""Global asset tracking"",""family"":""global_synchronization"",""horizon_s"":0.0,""position_tolerance_m"":1.0,""heading_tolerance_deg"":5.0,""maximum_aoi_s"":1.0,""position_error_m"":1.3302119612726526,""heading_error_deg"":null,""aoi_s"":0.005166292190551758,""position_margin_m"":-0.3302119612726526,""heading_margin_deg"":null,""freshness_margin_s"":0.9948337078094482,""normalized_margin"":-0.3302119612726526,""observable"":true,""raw_pass"":false,""reason"":""position tolerance"",""status"":""withdrawn"",""observed_evaluations"":9,""satisfaction_fraction"":0.2222222222222222}]",high,10.0,0.40300004184246063
26.470000000000027,1116.68,1789572391.694957,877,-0.4605432319252023,0.2553518768311906,-0.6390888652862885,-1.477189284048125,1.113194908286079,True,0.21092222,163.64,,,0.609,0.14463424682617188,1789571274.8703227,139.46802330019636,1.3302119612726526,,-100.3872,-0.0,0.0,0.0010035643198967395,0.00020071286397934792,0.0010035643198967395,0.0028673266282763987,low-motion,711.3454341888428,612,1076.9994465421607,0,False,0,40435,38523,0.0,0.0,12.28151,12,0.85,False,"[{""service_id"":""local_1s_tight"",""label"":""Immediate motion"",""family"":""local_relative_motion"",""horizon_s"":1.0,""position_tolerance_m"":0.1,""heading_tolerance_deg"":2.0,""maximum_aoi_s"":0.6,""position_error_m"":null,""heading_error_deg"":null,""aoi_s"":0.14463424682617188,""position_margin_m"":null,""heading_margin_deg"":null,""freshness_margin_s"":null,""normalized_margin"":null,""observable"":false,""raw_pass"":false,""reason"":""GPS course unobservable at low speed"",""status"":""unobservable"",""observed_evaluations"":1,""satisfaction_fraction"":0.0},{""service_id"":""local_5s_moderate"",""label"":""Short prediction"",""family"":""local_relative_motion"",""horizon_s"":5.0,""position_tolerance_m"":0.2,""heading_tolerance_deg"":5.0,""maximum_aoi_s"":1.0,""position_error_m"":null,""heading_error_deg"":null,""aoi_s"":0.14463424682617188,""position_margin_m"":null,""heading_margin_deg"":null,""freshness_margin_s"":null,""normalized_margin"":null,""observable"":false,""raw_pass"":false,""reason"":""GPS course unobservable at low speed"",""status"":""unobservable"",""observed_evaluations"":0,""satisfaction_fraction"":null},{""service_id"":""local_10s_preview"",""label"":""Planning support"",""family"":""local_relative_motion"",""horizon_s"":10.0,""position_tolerance_m"":0.5,""heading_tolerance_deg"":10.0,""maximum_aoi_s"":1.5,""position_error_m"":null,""heading_error_deg"":null,""aoi_s"":0.14463424682617188,""position_margin_m"":null,""heading_margin_deg"":null,""freshness_margin_s"":null,""normalized_margin"":null,""observable"":false,""raw_pass"":false,""reason"":""GPS course unobservable at low speed"",""status"":""unobservable"",""observed_evaluations"":0,""satisfaction_fraction"":null},{""service_id"":""global_state_tracking"",""label"":""Global asset tracking"",""family"":""global_synchronization"",""horizon_s"":0.0,""position_tolerance_m"":1.0,""heading_tolerance_deg"":5.0,""maximum_aoi_s"":1.0,""position_error_m"":1.3302119612726526,""heading_error_deg"":null,""aoi_s"":0.14463424682617188,""position_margin_m"":-0.3302119612726526,""heading_margin_deg"":null,""freshness_margin_s"":0.8553657531738281,""normalized_margin"":-0.3302119612726526,""observable"":true,""raw_pass"":false,""reason"":""position tolerance"",""status"":""withdrawn"",""observed_evaluations"":10,""satisfaction_fraction"":0.2}]",high,10.0,0.5028999876230955
27.18100000000004,1117.391,1789572392.2631571,878,-0.459368339844623,0.25447338292454924,-0.6449956877935681,-1.3292045144034499,1.113194908286079,True,0.041155555,163.64,,,0.026,0.0018343925476074219,1789571274.8703227,142.79988861085258,1.2223001385463255,,-101.5724,0.0020633074113766228,0.0,-0.04153883619746504,-0.008307767239493008,0.04153883619746504,0.11868238913561441,low-motion,561.1140727996826,636,1115.6751606967675,0,False,0,40425,38513,0.040419805,0.040387257,12.28151,12,0.85,False,"[{""service_id"":""local_1s_tight"",""label"":""Immediate motion"",""family"":""local_relative_motion"",""horizon_s"":1.0,""position_tolerance_m"":0.1,""heading_tolerance_deg"":2.0,""maximum_aoi_s"":0.6,""position_error_m"":null,""heading_error_deg"":null,""aoi_s"":0.0018343925476074219,""position_margin_m"":null,""heading_margin_deg"":null,""freshness_margin_s"":null,""normalized_margin"":null,""observable"":false,""raw_pass"":false,""reason"":""GPS course unobservable at low speed"",""status"":""unobservable"",""observed_evaluations"":1,""satisfaction_fraction"":0.0},{""service_id"":""local_5s_moderate"",""label"":""Short prediction"",""family"":""local_relative_motion"",""horizon_s"":5.0,""position_tolerance_m"":0.2,""heading_tolerance_deg"":5.0,""maximum_aoi_s"":1.0,""position_error_m"":null,""heading_error_deg"":null,""aoi_s"":0.0018343925476074219,""position_margin_m"":null,""heading_margin_deg"":null,""freshness_margin_s"":null,""normalized_margin"":null,""observable"":false,""raw_pass"":false,""reason"":""GPS course unobservable at low speed"",""status"":""unobservable"",""observed_evaluations"":0,""satisfaction_fraction"":null},{""service_id"":""local_10s_preview"",""label"":""Planning support"",""family"":""local_relative_motion"",""horizon_s"":10.0,""position_tolerance_m"":0.5,""heading_tolerance_deg"":10.0,""maximum_aoi_s"":1.5,""position_error_m"":null,""heading_error_deg"":null,""aoi_s"":0.0018343925476074219,""position_margin_m"":null,""heading_margin_deg"":null,""freshness_margin_s"":null,""normalized_margin"":null,""observable"":false,""raw_pass"":false,""reason"":""GPS course unobservable at low speed"",""status"":""unobservable"",""observed_evaluations"":0,""satisfaction_fraction"":null},{""service_id"":""global_state_tracking"",""label"":""Global asset tracking"",""family"":""global_synchronization"",""horizon_s"":0.0,""position_tolerance_m"":1.0,""heading_tolerance_deg"":5.0,""maximum_aoi_s"":1.0,""position_error_m"":1.2223001385463255,""heading_error_deg"":null,""aoi_s"":0.0018343925476074219,""position_margin_m"":-0.22230013854632547,""heading_margin_deg"":null,""freshness_margin_s"":0.9981656074523926,""normalized_margin"":-0.22230013854632547,""observable"":true,""raw_pass"":false,""reason"":""position tolerance"",""status"":""withdrawn"",""observed_evaluations"":11,""satisfaction_fraction"":0.18181818181818182}]",high,10.0,0.31420006416738033
27.760999999999967,1117.971,1789572392.982392,879,-0.40928367645904606,0.21564163794114183,-0.6740268187171994,-1.3292045144034499,1.113194908286079,True,0.041155555,163.64,,,0.607,0.1410694122314453,1789571274.8703227,139.23494338996534,1.2852455878902,,-105.0093,0.10926706862400745,-0.03991053715538291,-0.09062622140980556,-0.050053674006267444,0.05071568425442265,0.14490195501263614,low-motion,710.350513458252,640,1082.3260208256718,0,False,0,39978,38096,0.131704274,0.113087354,12.24526,12,0.85,False,"[{""service_id"":""local_1s_tight"",""label"":""Immediate motion"",""family"":""local_relative_motion"",""horizon_s"":1.0,""position_tolerance_m"":0.1,""heading_tolerance_deg"":2.0,""maximum_aoi_s"":0.6,""position_error_m"":null,""heading_error_deg"":null,""aoi_s"":0.1410694122314453,""position_margin_m"":null,""heading_margin_deg"":null,""freshness_margin_s"":null,""normalized_margin"":null,""observable"":false,""raw_pass"":false,""reason"":""GPS course unobservable at low speed"",""status"":""unobservable"",""observed_evaluations"":1,""satisfaction_fraction"":0.0},{""service_id"":""local_5s_moderate"",""label"":""Short prediction"",""family"":""local_relative_motion"",""horizon_s"":5.0,""position_tolerance_m"":0.2,""heading_tolerance_deg"":5.0,""maximum_aoi_s"":1.0,""position_error_m"":null,""heading_error_deg"":null,""aoi_s"":0.1410694122314453,""position_margin_m"":null,""heading_margin_deg"":null,""freshness_margin_s"":null,""normalized_margin"":null,""observable"":false,""raw_pass"":false,""reason"":""GPS course unobservable at low speed"",""status"":""unobservable"",""observed_evaluations"":0,""satisfaction_fraction"":null},{""service_id"":""local_10s_preview"",""label"":""Planning support"",""family"":""local_relative_motion"",""horizon_s"":10.0,""position_tolerance_m"":0.5,""heading_tolerance_deg"":10.0,""maximum_aoi_s"":1.5,""position_error_m"":null,""heading_error_deg"":null,""aoi_s"":0.1410694122314453,""position_margin_m"":null,""heading_margin_deg"":null,""freshness_margin_s"":null,""normalized_margin"":null,""observable"":false,""raw_pass"":false,""reason"":""GPS course unobservable at low speed"",""status"":""unobservable"",""observed_evaluations"":0,""satisfaction_fraction"":null},{""service_id"":""global_state_tracking"",""label"":""Global asset tracking"",""family"":""global_synchronization"",""horizon_s"":0.0,""position_tolerance_m"":1.0,""heading_tolerance_deg"":5.0,""maximum_aoi_s"":1.0,""position_error_m"":1.2852455878902,""heading_error_deg"":null,""aoi_s"":0.1410694122314453,""position_margin_m"":-0.28524558789020005,""heading_margin_deg"":null,""freshness_margin_s"":0.8589305877685547,""normalized_margin"":-0.28524558789020005,""observable"":true,""raw_pass"":false,""reason"":""position tolerance"",""status"":""withdrawn"",""observed_evaluations"":12,""satisfaction_fraction"":0.16666666666666666}]",high,10.0,0.2992999507114291
28.464999999999918,1118.675,1789572393.6971707,880,-0.3287047528303819,0.15092333258750334,-0.6793108912825541,-1.3292045144034499,1.113194908286079,True,0.17491111,163.64,,,0.019,0.15184807777404785,1789571274.8703227,10.778661727954386,1.3881521380256507,,-105.3232,0.14680534811149648,-0.01863247615303283,0.03700098014227979,-0.007505784893970309,0.05563345629531262,0.1589527322723218,translation,704.1928768157959,632,1085.865338918192,0,False,0,39265,37400,0.169291727,0.169418807,12.24526,12,0.85,False,"[{""service_id"":""local_1s_tight"",""label"":""Immediate motion"",""family"":""local_relative_motion"",""horizon_s"":1.0,""position_tolerance_m"":0.1,""heading_tolerance_deg"":2.0,""maximum_aoi_s"":0.6,""position_error_m"":null,""heading_error_deg"":null,""aoi_s"":0.15184807777404785,""position_margin_m"":null,""heading_margin_deg"":null,""freshness_margin_s"":null,""normalized_margin"":null,""observable"":false,""raw_pass"":false,""reason"":""GPS course unobservable at low speed"",""status"":""unobservable"",""observed_evaluations"":1,""satisfaction_fraction"":0.0},{""service_id"":""local_5s_moderate"",""label"":""Short prediction"",""family"":""local_relative_motion"",""horizon_s"":5.0,""position_tolerance_m"":0.2,""heading_tolerance_deg"":5.0,""maximum_aoi_s"":1.0,""position_error_m"":null,""heading_error_deg"":null,""aoi_s"":0.15184807777404785,""position_margin_m"":null,""heading_margin_deg"":null,""freshness_margin_s"":null,""normalized_margin"":null,""observable"":false,""raw_pass"":false,""reason"":""GPS course unobservable at low speed"",""status"":""unobservable"",""observed_evaluations"":0,""satisfaction_fraction"":null},{""service_id"":""local_10s_preview"",""label"":""Planning support"",""family"":""local_relative_motion"",""horizon_s"":10.0,""position_tolerance_m"":0.5,""heading_tolerance_deg"":10.0,""maximum_aoi_s"":1.5,""position_error_m"":null,""heading_error_deg"":null,""aoi_s"":0.15184807777404785,""position_margin_m"":null,""heading_margin_deg"":null,""freshness_margin_s"":null,""normalized_margin"":null,""observable"":false,""raw_pass"":false,""reason"":""GPS course unobservable at low speed"",""status"":""unobservable"",""observed_evaluations"":0,""satisfaction_fraction"":null},{""service_id"":""global_state_tracking"",""label"":""Global asset tracking"",""family"":""global_synchronization"",""horizon_s"":0.0,""position_tolerance_m"":1.0,""heading_tolerance_deg"":5.0,""maximum_aoi_s"":1.0,""position_error_m"":1.3881521380256507,""heading_error_deg"":null,""aoi_s"":0.15184807777404785,""position_margin_m"":-0.38815213802565074,""heading_margin_deg"":null,""freshness_margin_s"":0.8481519222259521,""normalized_margin"":-0.38815213802565074,""observable"":true,""raw_pass"":false,""reason"":""position tolerance"",""status"":""withdrawn"",""observed_evaluations"":13,""satisfaction_fraction"":0.15384615384615385}]",high,10.0,0.2109999768435955
29.176999999999907,1119.387,1789572394.2644095,881,-0.24013343942636917,0.07882390689487866,-0.6871602284817877,-1.3292045144034499,1.113194908286079,True,0.349822219,175.39,-1.4903366482779579,-1.367964868959132,0.027,0.007086753845214844,1789571274.8703227,144.76119232176643,1.501998393764377,7.011386486475005,-107.6713,0.16040288017514778,-0.02275797483860065,0.03591014935978333,-0.011024349998923856,0.05866812419838398,0.1676232119953828,translation,559.1452121734619,638,1091.856356000895,0,False,0,38476,36632,0.188078406,0.169143708,12.24526,12,0.85,True,"[{""service_id"":""local_1s_tight"",""label"":""Immediate motion"",""family"":""local_relative_motion"",""horizon_s"":1.0,""position_tolerance_m"":0.1,""heading_tolerance_deg"":2.0,""maximum_aoi_s"":0.6,""position_error_m"":null,""heading_error_deg"":null,""aoi_s"":0.007086753845214844,""position_margin_m"":null,""heading_margin_deg"":null,""freshness_margin_s"":null,""normalized_margin"":null,""observable"":false,""raw_pass"":false,""reason"":""no synchronized 1 s window"",""status"":""unobservable"",""observed_evaluations"":1,""satisfaction_fraction"":0.0},{""service_id"":""local_5s_moderate"",""label"":""Short prediction"",""family"":""local_relative_motion"",""horizon_s"":5.0,""position_tolerance_m"":0.2,""heading_tolerance_deg"":5.0,""maximum_aoi_s"":1.0,""position_error_m"":null,""heading_error_deg"":null,""aoi_s"":0.007086753845214844,""position_margin_m"":null,""heading_margin_deg"":null,""freshness_margin_s"":null,""normalized_margin"":null,""observable"":false,""raw_pass"":false,""reason"":""no synchronized 5 s window"",""status"":""unobservable"",""observed_evaluations"":0,""satisfaction_fraction"":null},{""service_id"":""local_10s_preview"",""label"":""Planning support"",""family"":""local_relative_motion"",""horizon_s"":10.0,""position_tolerance_m"":0.5,""heading_tolerance_deg"":10.0,""maximum_aoi_s"":1.5,""position_error_m"":null,""heading_error_deg"":null,""aoi_s"":0.007086753845214844,""position_margin_m"":null,""heading_margin_deg"":null,""freshness_margin_s"":null,""normalized_margin"":null,""observable"":false,""raw_pass"":false,""reason"":""no synchronized 10 s window"",""status"":""unobservable"",""observed_evaluations"":0,""satisfaction_fraction"":null},{""service_id"":""global_state_tracking"",""label"":""Global asset tracking"",""family"":""global_synchronization"",""horizon_s"":0.0,""position_tolerance_m"":1.0,""heading_tolerance_deg"":5.0,""maximum_aoi_s"":1.0,""position_error_m"":1.501998393764377,""heading_error_deg"":7.011386486475005,""aoi_s"":0.007086753845214844,""position_margin_m"":-0.501998393764377,""heading_margin_deg"":-2.011386486475005,""freshness_margin_s"":0.9929132461547852,""normalized_margin"":-0.501998393764377,""observable"":true,""raw_pass"":false,""reason"":""position tolerance, heading tolerance"",""status"":""withdrawn"",""observed_evaluations"":14,""satisfaction_fraction"":0.14285714285714285}]",high,10.0,0.6929000373929739
29.755999999999858,1119.966,1789572394.9707246,882,-0.16356063620993322,0.016733257940394076,-0.6755085891995138,-1.3292045144034499,1.113194908286079,True,0.349822219,175.39,-1.4903366482779579,-1.356313229676858,0.605,0.13440179824829102,1789571274.8703227,127.31504058842802,1.6002980351949463,7.678976241758137,-102.9691,0.1702645552152955,0.007995893454273257,0.06863507283467701,0.020123729330354008,0.06063917938040376,0.17325479822972503,translation,696.2544918060303,636,1099.074796293781,0,False,0,37807,35957,0.140769724,0.140244884,12.24526,12,0.85,True,"[{""service_id"":""local_1s_tight"",""label"":""Immediate motion"",""family"":""local_relative_motion"",""horizon_s"":1.0,""position_tolerance_m"":0.1,""heading_tolerance_deg"":2.0,""maximum_aoi_s"":0.6,""position_error_m"":null,""heading_error_deg"":null,""aoi_s"":0.13440179824829102,""position_margin_m"":null,""heading_margin_deg"":null,""freshness_margin_s"":null,""normalized_margin"":null,""observable"":false,""raw_pass"":false,""reason"":""no synchronized 1 s window"",""status"":""unobservable"",""observed_evaluations"":1,""satisfaction_fraction"":0.0},{""service_id"":""local_5s_moderate"",""label"":""Short prediction"",""family"":""local_relative_motion"",""horizon_s"":5.0,""position_tolerance_m"":0.2,""heading_tolerance_deg"":5.0,""maximum_aoi_s"":1.0,""position_error_m"":null,""heading_error_deg"":null,""aoi_s"":0.13440179824829102,""position_margin_m"":null,""heading_margin_deg"":null,""freshness_margin_s"":null,""normalized_margin"":null,""observable"":false,""raw_pass"":false,""reason"":""no synchronized 5 s window"",""status"":""unobservable"",""observed_evaluations"":0,""satisfaction_fraction"":null},{""service_id"":""local_10s_preview"",""label"":""Planning support"",""family"":""local_relative_motion"",""horizon_s"":10.0,""position_tolerance_m"":0.5,""heading_tolerance_deg"":10.0,""maximum_aoi_s"":1.5,""position_error_m"":null,""heading_error_deg"":null,""aoi_s"":0.13440179824829102,""position_margin_m"":null,""heading_margin_deg"":null,""freshness_margin_s"":null,""normalized_margin"":null,""observable"":false,""raw_pass"":false,""reason"":""no synchronized 10 s window"",""status"":""unobservable"",""observed_evaluations"":0,""satisfaction_fraction"":null},{""service_id"":""global_state_tracking"",""label"":""Global asset tracking"",""family"":""global_synchronization"",""horizon_s"":0.0,""position_tolerance_m"":1.0,""heading_tolerance_deg"":5.0,""maximum_aoi_s"":1.0,""position_error_m"":1.6002980351949463,""heading_error_deg"":7.678976241758137,""aoi_s"":0.13440179824829102,""position_margin_m"":-0.6002980351949463,""heading_margin_deg"":-2.6789762417581366,""freshness_margin_s"":0.865598201751709,""normalized_margin"":-0.6002980351949463,""observable"":true,""raw_pass"":false,""reason"":""position tolerance, heading tolerance"",""status"":""withdrawn"",""observed_evaluations"":15,""satisfaction_fraction"":0.13333333333333333}]",high,10.0,0.26629993226379156
30.451000000000022,1120.661,1789572395.6712248,883,-0.12237743603662257,-0.016445777354993786,-0.6808383920542633,-1.3292045144034499,0.7413878091210176,True,0.380688886,170.22,-1.400103125949851,-1.3616430325316076,0.011,0.13990211486816406,1789571274.8703227,5.500249862507189,1.4250415228583715,2.2036010325442295,-106.0335,0.07609462889217118,-0.0011102211774634849,-0.03390302071998985,-0.0076687810859687585,0.03279279954252637,0.09369371297864677,low-motion,694.9043273925781,638,1073.9845986339685,0,False,0,37446,35597,0.071140768,0.071556429,12.24526,12,0.85,True,"[{""service_id"":""local_1s_tight"",""label"":""Immediate motion"",""family"":""local_relative_motion"",""horizon_s"":1.0,""position_tolerance_m"":0.1,""heading_tolerance_deg"":2.0,""maximum_aoi_s"":0.6,""position_error_m"":0.2831614901401039,""heading_error_deg"":4.807785453930775,""aoi_s"":0.13990211486816406,""position_margin_m"":-0.18316149014010388,""heading_margin_deg"":-2.8077854539307747,""freshness_margin_s"":0.4600978851318359,""normalized_margin"":-1.8316149014010388,""observable"":true,""raw_pass"":false,""reason"":""position tolerance, heading tolerance"",""status"":""withdrawn"",""observed_evaluations"":2,""satisfaction_fraction"":0.0},{""service_id"":""local_5s_moderate"",""label"":""Short prediction"",""family"":""local_relative_motion"",""horizon_s"":5.0,""position_tolerance_m"":0.2,""heading_tolerance_deg"":5.0,""maximum_aoi_s"":1.0,""position_error_m"":null,""heading_error_deg"":null,""aoi_s"":0.13990211486816406,""position_margin_m"":null,""heading_margin_deg"":null,""freshness_margin_s"":null,""normalized_margin"":null,""observable"":false,""raw_pass"":false,""reason"":""no synchronized 5 s window"",""status"":""unobservable"",""observed_evaluations"":0,""satisfaction_fraction"":null},{""service_id"":""local_10s_preview"",""label"":""Planning support"",""family"":""local_relative_motion"",""horizon_s"":10.0,""position_tolerance_m"":0.5,""heading_tolerance_deg"":10.0,""maximum_aoi_s"":1.5,""position_error_m"":null,""heading_error_deg"":null,""aoi_s"":0.13990211486816406,""position_margin_m"":null,""heading_margin_deg"":null,""freshness_margin_s"":null,""normalized_margin"":null,""observable"":false,""raw_pass"":false,""reason"":""no synchronized 10 s window"",""status"":""unobservable"",""observed_evaluations"":0,""satisfaction_fraction"":null},{""service_id"":""global_state_tracking"",""label"":""Global asset tracking"",""family"":""global_synchronization"",""horizon_s"":0.0,""position_tolerance_m"":1.0,""heading_tolerance_deg"":5.0,""maximum_aoi_s"":1.0,""position_error_m"":1.4250415228583715,""heading_error_deg"":2.2036010325442295,""aoi_s"":0.13990211486816406,""position_margin_m"":-0.4250415228583715,""heading_margin_deg"":2.7963989674557705,""freshness_margin_s"":0.8600978851318359,""normalized_margin"":-0.4250415228583715,""observable"":true,""raw_pass"":false,""reason"":""position tolerance"",""status"":""withdrawn"",""observed_evaluations"":16,""satisfaction_fraction"":0.125}]",high,10.0,0.4626000300049782
31.148999999999887,1121.359,1789572396.3634436,884,-0.1042664708438242,-0.031145135895904237,-0.6827432387050716,-1.477189284048125,0.927291358308062,True,0.380688886,170.22,-1.400103125949851,-1.3635478791824158,0.017,0.13412094116210938,1789571274.8703227,5.78121948228727,1.6743707965796588,2.0944613588332865,-108.13,0.03341759878922135,-0.008843595625644208,0.021729349187329404,-0.002729006663049485,0.03057294481297361,0.08735127089421033,low-motion,685.5800151824951,624,1083.0062156006736,0,False,0,37283,35442,0.027776025,0.027942811,12.24526,12,0.85,True,"[{""service_id"":""local_1s_tight"",""label"":""Immediate motion"",""family"":""local_relative_motion"",""horizon_s"":1.0,""position_tolerance_m"":0.1,""heading_tolerance_deg"":2.0,""maximum_aoi_s"":0.6,""position_error_m"":0.26060113311185873,""heading_error_deg"":0.10913967371094316,""aoi_s"":0.13412094116210938,""position_margin_m"":-0.16060113311185872,""heading_margin_deg"":1.8908603262890569,""freshness_margin_s"":0.4658790588378906,""normalized_margin"":-1.606011331118587,""observable"":true,""raw_pass"":false,""reason"":""position tolerance"",""status"":""withdrawn"",""observed_evaluations"":3,""satisfaction_fraction"":0.0},{""service_id"":""local_5s_moderate"",""label"":""Short prediction"",""family"":""local_relative_motion"",""horizon_s"":5.0,""position_tolerance_m"":0.2,""heading_tolerance_deg"":5.0,""maximum_aoi_s"":1.0,""position_error_m"":null,""heading_error_deg"":null,""aoi_s"":0.13412094116210938,""position_margin_m"":null,""heading_margin_deg"":null,""freshness_margin_s"":null,""normalized_margin"":null,""observable"":false,""raw_pass"":false,""reason"":""no synchronized 5 s window"",""status"":""unobservable"",""observed_evaluations"":0,""satisfaction_fraction"":null},{""service_id"":""local_10s_preview"",""label"":""Planning support"",""family"":""local_relative_motion"",""horizon_s"":10.0,""position_tolerance_m"":0.5,""heading_tolerance_deg"":10.0,""maximum_aoi_s"":1.5,""position_error_m"":null,""heading_error_deg"":null,""aoi_s"":0.13412094116210938,""position_margin_m"":null,""heading_margin_deg"":null,""freshness_margin_s"":null,""normalized_margin"":null,""observable"":false,""raw_pass"":false,""reason"":""no synchronized 10 s window"",""status"":""unobservable"",""observed_evaluations"":0,""satisfaction_fraction"":null},{""service_id"":""global_state_tracking"",""label"":""Global asset tracking"",""family"":""global_synchronization"",""horizon_s"":0.0,""position_tolerance_m"":1.0,""heading_tolerance_deg"":5.0,""maximum_aoi_s"":1.0,""position_error_m"":1.6743707965796588,""heading_error_deg"":2.0944613588332865,""aoi_s"":0.13412094116210938,""position_margin_m"":-0.6743707965796588,""heading_margin_deg"":2.9055386411667135,""freshness_margin_s"":0.8658790588378906,""normalized_margin"":-0.6743707965796588,""observable"":true,""raw_pass"":false,""reason"":""position tolerance"",""status"":""withdrawn"",""observed_evaluations"":17,""satisfaction_fraction"":0.11764705882352941}]",high,10.0,0.51099993288517
31.863000000000056,1122.073,1789572396.9426522,885,-0.10420957648028947,-0.031191432102665836,-0.6833613841940163,-1.3292045144034499,0.7413878091210176,True,0.159477776,170.22,,,0.026,0.0,1789571274.8696523,134.79138755815256,1.448271825972987,,-110.6396,0.00010273190262524213,-0.003242032429987917,0.008639379797371931,-0.0008657499845159474,0.011881412227359849,0.033946892078171,low-motion,568.143367767334,616,1081.3132391359452,0,False,0,37281,35443,0.0,0.0,12.24526,12,0.85,False,"[{""service_id"":""local_1s_tight"",""label"":""Immediate motion"",""family"":""local_relative_motion"",""horizon_s"":1.0,""position_tolerance_m"":0.1,""heading_tolerance_deg"":2.0,""maximum_aoi_s"":0.6,""position_error_m"":null,""heading_error_deg"":null,""aoi_s"":0.0,""position_margin_m"":null,""heading_margin_deg"":null,""freshness_margin_s"":null,""normalized_margin"":null,""observable"":false,""raw_pass"":false,""reason"":""GPS course unobservable at low speed"",""status"":""unobservable"",""observed_evaluations"":3,""satisfaction_fraction"":0.0},{""service_id"":""local_5s_moderate"",""label"":""Short prediction"",""family"":""local_relative_motion"",""horizon_s"":5.0,""position_tolerance_m"":0.2,""heading_tolerance_deg"":5.0,""maximum_aoi_s"":1.0,""position_error_m"":null,""heading_error_deg"":null,""aoi_s"":0.0,""position_margin_m"":null,""heading_margin_deg"":null,""freshness_margin_s"":null,""normalized_margin"":null,""observable"":false,""raw_pass"":false,""reason"":""GPS course unobservable at low speed"",""status"":""unobservable"",""observed_evaluations"":0,""satisfaction_fraction"":null},{""service_id"":""local_10s_preview"",""label"":""Planning support"",""family"":""local_relative_motion"",""horizon_s"":10.0,""position_tolerance_m"":0.5,""heading_tolerance_deg"":10.0,""maximum_aoi_s"":1.5,""position_error_m"":null,""heading_error_deg"":null,""aoi_s"":0.0,""position_margin_m"":null,""heading_margin_deg"":null,""freshness_margin_s"":null,""normalized_margin"":null,""observable"":false,""raw_pass"":false,""reason"":""GPS course unobservable at low speed"",""status"":""unobservable"",""observed_evaluations"":0,""satisfaction_fraction"":null},{""service_id"":""global_state_tracking"",""label"":""Global asset tracking"",""family"":""global_synchronization"",""horizon_s"":0.0,""position_tolerance_m"":1.0,""heading_tolerance_deg"":5.0,""maximum_aoi_s"":1.0,""position_error_m"":1.448271825972987,""heading_error_deg"":null,""aoi_s"":0.0,""position_margin_m"":-0.448271825972987,""heading_margin_deg"":null,""freshness_margin_s"":1.0,""normalized_margin"":-0.448271825972987,""observable"":true,""raw_pass"":false,""reason"":""position tolerance"",""status"":""withdrawn"",""observed_evaluations"":18,""satisfaction_fraction"":0.1111111111111111}]",high,10.0,0.3077000146731734
32.444999999999936,1122.655,1789572397.6626933,886,-0.10420957648028947,-0.031191432102665836,-0.683879432822593,-1.3292045144034499,0.7413878091210176,True,0.133755554,170.22,,,0.033,0.13804101943969727,1789571274.8696523,138.04103660595501,1.448271825972987,,-112.0451,-0.0,0.0,-0.00445058959258554,-0.000890117918517108,0.00445058959258554,0.012715970264530115,low-motion,710.4763984680176,619,1077.4947585418402,0,False,0,37281,35443,0.0,0.0,12.24526,12,0.85,False,"[{""service_id"":""local_1s_tight"",""label"":""Immediate motion"",""family"":""local_relative_motion"",""horizon_s"":1.0,""position_tolerance_m"":0.1,""heading_tolerance_deg"":2.0,""maximum_aoi_s"":0.6,""position_error_m"":null,""heading_error_deg"":null,""aoi_s"":0.13804101943969727,""position_margin_m"":null,""heading_margin_deg"":null,""freshness_margin_s"":null,""normalized_margin"":null,""observable"":false,""raw_pass"":false,""reason"":""GPS course unobservable at low speed"",""status"":""unobservable"",""observed_evaluations"":3,""satisfaction_fraction"":0.0},{""service_id"":""local_5s_moderate"",""label"":""Short prediction"",""family"":""local_relative_motion"",""horizon_s"":5.0,""position_tolerance_m"":0.2,""heading_tolerance_deg"":5.0,""maximum_aoi_s"":1.0,""position_error_m"":null,""heading_error_deg"":null,""aoi_s"":0.13804101943969727,""position_margin_m"":null,""heading_margin_deg"":null,""freshness_margin_s"":null,""normalized_margin"":null,""observable"":false,""raw_pass"":false,""reason"":""GPS course unobservable at low speed"",""status"":""unobservable"",""observed_evaluations"":0,""satisfaction_fraction"":null},{""service_id"":""local_10s_preview"",""label"":""Planning support"",""family"":""local_relative_motion"",""horizon_s"":10.0,""position_tolerance_m"":0.5,""heading_tolerance_deg"":10.0,""maximum_aoi_s"":1.5,""position_error_m"":null,""heading_error_deg"":null,""aoi_s"":0.13804101943969727,""position_margin_m"":null,""heading_margin_deg"":null,""freshness_margin_s"":null,""normalized_margin"":null,""observable"":false,""raw_pass"":false,""reason"":""GPS course unobservable at low speed"",""status"":""unobservable"",""observed_evaluations"":0,""satisfaction_fraction"":null},{""service_id"":""global_state_tracking"",""label"":""Global asset tracking"",""family"":""global_synchronization"",""horizon_s"":0.0,""position_tolerance_m"":1.0,""heading_tolerance_deg"":5.0,""maximum_aoi_s"":1.0,""position_error_m"":1.448271825972987,""heading_error_deg"":null,""aoi_s"":0.13804101943969727,""position_margin_m"":-0.448271825972987,""heading_margin_deg"":null,""freshness_margin_s"":0.8619589805603027,""normalized_margin"":-0.448271825972987,""observable"":true,""raw_pass"":false,""reason"":""position tolerance"",""status"":""withdrawn"",""observed_evaluations"":19,""satisfaction_fraction"":0.10526315789473684}]",high,10.0,0.3491999814286828
33.17100000000005,1123.381,1789572398.250846,887,-0.10420957648028947,-0.031191432102665836,-0.684050492542581,-1.3292045144034499,0.7413878091210176,True,0.144044443,170.22,,,0.041,0.00019359588623046875,1789571274.8696523,137.84735298168016,1.448271825972987,,-112.8823,-0.0,0.0,-0.0011780972450961724,-0.0002356194490192345,0.0011780972450961724,0.003365992128846207,low-motion,580.7664394378662,619,1102.84546159276,0,False,0,37281,35443,0.0,0.0,12.24526,12,0.85,False,"[{""service_id"":""local_1s_tight"",""label"":""Immediate motion"",""family"":""local_relative_motion"",""horizon_s"":1.0,""position_tolerance_m"":0.1,""heading_tolerance_deg"":2.0,""maximum_aoi_s"":0.6,""position_error_m"":null,""heading_error_deg"":null,""aoi_s"":0.00019359588623046875,""position_margin_m"":null,""heading_margin_deg"":null,""freshness_margin_s"":null,""normalized_margin"":null,""observable"":false,""raw_pass"":false,""reason"":""GPS course unobservable at low speed"",""status"":""unobservable"",""observed_evaluations"":3,""satisfaction_fraction"":0.0},{""service_id"":""local_5s_moderate"",""label"":""Short prediction"",""family"":""local_relative_motion"",""horizon_s"":5.0,""position_tolerance_m"":0.2,""heading_tolerance_deg"":5.0,""maximum_aoi_s"":1.0,""position_error_m"":null,""heading_error_deg"":null,""aoi_s"":0.00019359588623046875,""position_margin_m"":null,""heading_margin_deg"":null,""freshness_margin_s"":null,""normalized_margin"":null,""observable"":false,""raw_pass"":false,""reason"":""GPS course unobservable at low speed"",""status"":""unobservable"",""observed_evaluations"":0,""satisfaction_fraction"":null},{""service_id"":""local_10s_preview"",""label"":""Planning support"",""family"":""local_relative_motion"",""horizon_s"":10.0,""position_tolerance_m"":0.5,""heading_tolerance_deg"":10.0,""maximum_aoi_s"":1.5,""position_error_m"":null,""heading_error_deg"":null,""aoi_s"":0.00019359588623046875,""position_margin_m"":null,""heading_margin_deg"":null,""freshness_margin_s"":null,""normalized_margin"":null,""observable"":false,""raw_pass"":false,""reason"":""GPS course unobservable at low speed"",""status"":""unobservable"",""observed_evaluations"":0,""satisfaction_fraction"":null},{""service_id"":""global_state_tracking"",""label"":""Global asset tracking"",""family"":""global_synchronization"",""horizon_s"":0.0,""position_tolerance_m"":1.0,""heading_tolerance_deg"":5.0,""maximum_aoi_s"":1.0,""position_error_m"":1.448271825972987,""heading_error_deg"":null,""aoi_s"":0.00019359588623046875,""position_margin_m"":-0.448271825972987,""heading_margin_deg"":null,""freshness_margin_s"":0.9998064041137695,""normalized_margin"":-0.448271825972987,""observable"":true,""raw_pass"":false,""reason"":""position tolerance"",""status"":""withdrawn"",""observed_evaluations"":20,""satisfaction_fraction"":0.1}]",high,10.0,0.23450003936886787
33.73299999999995,1123.943,1789572398.948029,888,-0.10420957648028947,-0.031191432102665836,-0.6845507388127876,-1.3292045144034499,0.7413878091210176,True,0.144044443,170.22,,,0.604,0.1353766918182373,1789571274.8696523,135.18313217173272,1.448271825972987,,-112.7436,-0.0,0.0,-0.00445058959258554,-0.000890117918517108,0.00445058959258554,0.012715970264530115,low-motion,691.939115524292,619,1069.4720185635447,0,False,0,37281,35443,0.0,0.0,12.24526,12,0.85,False,"[{""service_id"":""local_1s_tight"",""label"":""Immediate motion"",""family"":""local_relative_motion"",""horizon_s"":1.0,""position_tolerance_m"":0.1,""heading_tolerance_deg"":2.0,""maximum_aoi_s"":0.6,""position_error_m"":null,""heading_error_deg"":null,""aoi_s"":0.1353766918182373,""position_margin_m"":null,""heading_margin_deg"":null,""freshness_margin_s"":null,""normalized_margin"":null,""observable"":false,""raw_pass"":false,""reason"":""GPS course unobservable at low speed"",""status"":""unobservable"",""observed_evaluations"":3,""satisfaction_fraction"":0.0},{""service_id"":""local_5s_moderate"",""label"":""Short prediction"",""family"":""local_relative_motion"",""horizon_s"":5.0,""position_tolerance_m"":0.2,""heading_tolerance_deg"":5.0,""maximum_aoi_s"":1.0,""position_error_m"":null,""heading_error_deg"":null,""aoi_s"":0.1353766918182373,""position_margin_m"":null,""heading_margin_deg"":null,""freshness_margin_s"":null,""normalized_margin"":null,""observable"":false,""raw_pass"":false,""reason"":""GPS course unobservable at low speed"",""status"":""unobservable"",""observed_evaluations"":0,""satisfaction_fraction"":null},{""service_id"":""local_10s_preview"",""label"":""Planning support"",""family"":""local_relative_motion"",""horizon_s"":10.0,""position_tolerance_m"":0.5,""heading_tolerance_deg"":10.0,""maximum_aoi_s"":1.5,""position_error_m"":null,""heading_error_deg"":null,""aoi_s"":0.1353766918182373,""position_margin_m"":null,""heading_margin_deg"":null,""freshness_margin_s"":null,""normalized_margin"":null,""observable"":false,""raw_pass"":false,""reason"":""GPS course unobservable at low speed"",""status"":""unobservable"",""observed_evaluations"":0,""satisfaction_fraction"":null},{""service_id"":""global_state_tracking"",""label"":""Global asset tracking"",""family"":""global_synchronization"",""horizon_s"":0.0,""position_tolerance_m"":1.0,""heading_tolerance_deg"":5.0,""maximum_aoi_s"":1.0,""position_error_m"":1.448271825972987,""heading_error_deg"":null,""aoi_s"":0.1353766918182373,""position_margin_m"":-0.448271825972987,""heading_margin_deg"":null,""freshness_margin_s"":0.8646233081817627,""normalized_margin"":-0.448271825972987,""observable"":true,""raw_pass"":false,""reason"":""position tolerance"",""status"":""withdrawn"",""observed_evaluations"":21,""satisfaction_fraction"":0.09523809523809523}]",high,10.0,0.18370000179857016
34.442999999999984,1124.653,1789572399.5252695,889,-0.10420957648028947,-0.031191432102665836,-0.684872926592706,-1.3292045144034499,0.5565974541430395,True,0.216066665,170.22,,,0.024,0.0026171207427978516,1789571274.8696523,132.75953292850318,1.3587157071040779,,-113.1122,-0.0,0.0,-0.0022689280275926286,-0.00045378560551852573,0.0022689280275926286,0.006482651507407511,low-motion,574.0728378295898,616,1094.9502269416776,0,False,0,37281,35443,0.0,0.0,12.24526,12,0.85,False,"[{""service_id"":""local_1s_tight"",""label"":""Immediate motion"",""family"":""local_relative_motion"",""horizon_s"":1.0,""position_tolerance_m"":0.1,""heading_tolerance_deg"":2.0,""maximum_aoi_s"":0.6,""position_error_m"":null,""heading_error_deg"":null,""aoi_s"":0.0026171207427978516,""position_margin_m"":null,""heading_margin_deg"":null,""freshness_margin_s"":null,""normalized_margin"":null,""observable"":false,""raw_pass"":false,""reason"":""GPS course unobservable at low speed"",""status"":""unobservable"",""observed_evaluations"":3,""satisfaction_fraction"":0.0},{""service_id"":""local_5s_moderate"",""label"":""Short prediction"",""family"":""local_relative_motion"",""horizon_s"":5.0,""position_tolerance_m"":0.2,""heading_tolerance_deg"":5.0,""maximum_aoi_s"":1.0,""position_error_m"":null,""heading_error_deg"":null,""aoi_s"":0.0026171207427978516,""position_margin_m"":null,""heading_margin_deg"":null,""freshness_margin_s"":null,""normalized_margin"":null,""observable"":false,""raw_pass"":false,""reason"":""GPS course unobservable at low speed"",""status"":""unobservable"",""observed_evaluations"":0,""satisfaction_fraction"":null},{""service_id"":""local_10s_preview"",""label"":""Planning support"",""family"":""local_relative_motion"",""horizon_s"":10.0,""position_tolerance_m"":0.5,""heading_tolerance_deg"":10.0,""maximum_aoi_s"":1.5,""position_error_m"":null,""heading_error_deg"":null,""aoi_s"":0.0026171207427978516,""position_margin_m"":null,""heading_margin_deg"":null,""freshness_margin_s"":null,""normalized_margin"":null,""observable"":false,""raw_pass"":false,""reason"":""GPS course unobservable at low speed"",""status"":""unobservable"",""observed_evaluations"":0,""satisfaction_fraction"":null},{""service_id"":""global_state_tracking"",""label"":""Global asset tracking"",""family"":""global_synchronization"",""horizon_s"":0.0,""position_tolerance_m"":1.0,""heading_tolerance_deg"":5.0,""maximum_aoi_s"":1.0,""position_error_m"":1.3587157071040779,""heading_error_deg"":null,""aoi_s"":0.0026171207427978516,""position_margin_m"":-0.35871570710407785,""heading_margin_deg"":null,""freshness_margin_s"":0.9973828792572021,""normalized_margin"":-0.35871570710407785,""observable"":true,""raw_pass"":false,""reason"":""position tolerance"",""status"":""withdrawn"",""observed_evaluations"":22,""satisfaction_fraction"":0.09090909090909091}]",high,10.0,0.3992000129073858
35.034999999999854,1125.245,1789572400.256645,890,-0.10420957648028947,-0.031191432102665836,-0.6844957958479352,-1.1821058818052252,0.5565974541430395,True,0.149188888,170.22,,,0.009,0.14199280738830566,1789571274.8696523,139.3754558564524,1.2277443625719133,,-113.5264,-0.0,0.0,0.0031852258848896514,0.0006370451769779303,0.0031852258848896514,0.009100645385399005,low-motion,723.9484786987305,618,1083.6520661795573,0,False,0,37281,35443,0.0,0.0,12.24526,12,0.85,False,"[{""service_id"":""local_1s_tight"",""label"":""Immediate motion"",""family"":""local_relative_motion"",""horizon_s"":1.0,""position_tolerance_m"":0.1,""heading_tolerance_deg"":2.0,""maximum_aoi_s"":0.6,""position_error_m"":null,""heading_error_deg"":null,""aoi_s"":0.14199280738830566,""position_margin_m"":null,""heading_margin_deg"":null,""freshness_margin_s"":null,""normalized_margin"":null,""observable"":false,""raw_pass"":false,""reason"":""GPS course unobservable at low speed"",""status"":""unobservable"",""observed_evaluations"":3,""satisfaction_fraction"":0.0},{""service_id"":""local_5s_moderate"",""label"":""Short prediction"",""family"":""local_relative_motion"",""horizon_s"":5.0,""position_tolerance_m"":0.2,""heading_tolerance_deg"":5.0,""maximum_aoi_s"":1.0,""position_error_m"":null,""heading_error_deg"":null,""aoi_s"":0.14199280738830566,""position_margin_m"":null,""heading_margin_deg"":null,""freshness_margin_s"":null,""normalized_margin"":null,""observable"":false,""raw_pass"":false,""reason"":""GPS course unobservable at low speed"",""status"":""unobservable"",""observed_evaluations"":0,""satisfaction_fraction"":null},{""service_id"":""local_10s_preview"",""label"":""Planning support"",""family"":""local_relative_motion"",""horizon_s"":10.0,""position_tolerance_m"":0.5,""heading_tolerance_deg"":10.0,""maximum_aoi_s"":1.5,""position_error_m"":null,""heading_error_deg"":null,""aoi_s"":0.14199280738830566,""position_margin_m"":null,""heading_margin_deg"":null,""freshness_margin_s"":null,""normalized_margin"":null,""observable"":false,""raw_pass"":false,""reason"":""GPS course unobservable at low speed"",""status"":""unobservable"",""observed_evaluations"":0,""satisfaction_fraction"":null},{""service_id"":""global_state_tracking"",""label"":""Global asset tracking"",""family"":""global_synchronization"",""horizon_s"":0.0,""position_tolerance_m"":1.0,""heading_tolerance_deg"":5.0,""maximum_aoi_s"":1.0,""position_error_m"":1.2277443625719133,""heading_error_deg"":null,""aoi_s"":0.14199280738830566,""position_margin_m"":-0.22774436257191333,""heading_margin_deg"":null,""freshness_margin_s"":0.8580071926116943,""normalized_margin"":-0.22774436257191333,""observable"":true,""raw_pass"":false,""reason"":""position tolerance"",""status"":""withdrawn"",""observed_evaluations"":23,""satisfaction_fraction"":0.08695652173913043}]",high,10.0,0.32510003075003624
35.74700000000007,1125.957,1789572400.8324633,891,-0.10420957648028947,-0.031191432102665836,-0.6849742255024918,-1.1821058818052252,0.5565974541430395,True,0.149188888,170.22,,,0.721,0.005810976028442383,1789571274.8696523,136.18169975302408,1.2277443625719133,,-113.6553,-0.0,0.0,-0.0033597588100890844,-0.000671951762017817,0.0033597588100890844,0.009599310885968814,low-motion,567.5878524780273,620,1107.8492345484874,0,False,0,37281,35443,0.0,0.0,12.24526,12,0.85,False,"[{""service_id"":""local_1s_tight"",""label"":""Immediate motion"",""family"":""local_relative_motion"",""horizon_s"":1.0,""position_tolerance_m"":0.1,""heading_tolerance_deg"":2.0,""maximum_aoi_s"":0.6,""position_error_m"":null,""heading_error_deg"":null,""aoi_s"":0.005810976028442383,""position_margin_m"":null,""heading_margin_deg"":null,""freshness_margin_s"":null,""normalized_margin"":null,""observable"":false,""raw_pass"":false,""reason"":""GPS course unobservable at low speed"",""status"":""unobservable"",""observed_evaluations"":3,""satisfaction_fraction"":0.0},{""service_id"":""local_5s_moderate"",""label"":""Short prediction"",""family"":""local_relative_motion"",""horizon_s"":5.0,""position_tolerance_m"":0.2,""heading_tolerance_deg"":5.0,""maximum_aoi_s"":1.0,""position_error_m"":null,""heading_error_deg"":null,""aoi_s"":0.005810976028442383,""position_margin_m"":null,""heading_margin_deg"":null,""freshness_margin_s"":null,""normalized_margin"":null,""observable"":false,""raw_pass"":false,""reason"":""GPS course unobservable at low speed"",""status"":""unobservable"",""observed_evaluations"":0,""satisfaction_fraction"":null},{""service_id"":""local_10s_preview"",""label"":""Planning support"",""family"":""local_relative_motion"",""horizon_s"":10.0,""position_tolerance_m"":0.5,""heading_tolerance_deg"":10.0,""maximum_aoi_s"":1.5,""position_error_m"":null,""heading_error_deg"":null,""aoi_s"":0.005810976028442383,""position_margin_m"":null,""heading_margin_deg"":null,""freshness_margin_s"":null,""normalized_margin"":null,""observable"":false,""raw_pass"":false,""reason"":""GPS course unobservable at low speed"",""status"":""unobservable"",""observed_evaluations"":0,""satisfaction_fraction"":null},{""service_id"":""global_state_tracking"",""label"":""Global asset tracking"",""family"":""global_synchronization"",""horizon_s"":0.0,""position_tolerance_m"":1.0,""heading_tolerance_deg"":5.0,""maximum_aoi_s"":1.0,""position_error_m"":1.2277443625719133,""heading_error_deg"":null,""aoi_s"":0.005810976028442383,""position_margin_m"":-0.22774436257191333,""heading_margin_deg"":null,""freshness_margin_s"":0.9941890239715576,""normalized_margin"":-0.22774436257191333,""observable"":true,""raw_pass"":false,""reason"":""position tolerance"",""status"":""withdrawn"",""observed_evaluations"":24,""satisfaction_fraction"":0.08333333333333333}]",high,10.0,0.4878999898210168
36.335000000000036,1126.545,1789572401.5498555,892,-0.10420957648028947,-0.031191432102665836,-0.6857541782386232,-1.1821058818052252,0.3706939041650225,True,0.149188888,170.22,,,0.041,0.13520312309265137,1789571274.8696523,129.39220619205116,1.1503791846778784,,-114.1027,-0.0,0.0,-0.0066322511575784525,-0.0013264502315156906,0.0066322511575784525,0.018949289021652722,low-motion,704.0755748748779,609,1071.365802058382,0,False,0,37281,35443,0.0,0.0,12.24526,12,0.85,False,"[{""service_id"":""local_1s_tight"",""label"":""Immediate motion"",""family"":""local_relative_motion"",""horizon_s"":1.0,""position_tolerance_m"":0.1,""heading_tolerance_deg"":2.0,""maximum_aoi_s"":0.6,""position_error_m"":null,""heading_error_deg"":null,""aoi_s"":0.13520312309265137,""position_margin_m"":null,""heading_margin_deg"":null,""freshness_margin_s"":null,""normalized_margin"":null,""observable"":false,""raw_pass"":false,""reason"":""GPS course unobservable at low speed"",""status"":""unobservable"",""observed_evaluations"":3,""satisfaction_fraction"":0.0},{""service_id"":""local_5s_moderate"",""label"":""Short prediction"",""family"":""local_relative_motion"",""horizon_s"":5.0,""position_tolerance_m"":0.2,""heading_tolerance_deg"":5.0,""maximum_aoi_s"":1.0,""position_error_m"":null,""heading_error_deg"":null,""aoi_s"":0.13520312309265137,""position_margin_m"":null,""heading_margin_deg"":null,""freshness_margin_s"":null,""normalized_margin"":null,""observable"":false,""raw_pass"":false,""reason"":""GPS course unobservable at low speed"",""status"":""unobservable"",""observed_evaluations"":0,""satisfaction_fraction"":null},{""service_id"":""local_10s_preview"",""label"":""Planning support"",""family"":""local_relative_motion"",""horizon_s"":10.0,""position_tolerance_m"":0.5,""heading_tolerance_deg"":10.0,""maximum_aoi_s"":1.5,""position_error_m"":null,""heading_error_deg"":null,""aoi_s"":0.13520312309265137,""position_margin_m"":null,""heading_margin_deg"":null,""freshness_margin_s"":null,""normalized_margin"":null,""observable"":false,""raw_pass"":false,""reason"":""GPS course unobservable at low speed"",""status"":""unobservable"",""observed_evaluations"":0,""satisfaction_fraction"":null},{""service_id"":""global_state_tracking"",""label"":""Global asset tracking"",""family"":""global_synchronization"",""horizon_s"":0.0,""position_tolerance_m"":1.0,""heading_tolerance_deg"":5.0,""maximum_aoi_s"":1.0,""position_error_m"":1.1503791846778784,""heading_error_deg"":null,""aoi_s"":0.13520312309265137,""position_margin_m"":-0.15037918467787836,""heading_margin_deg"":null,""freshness_margin_s"":0.8647968769073486,""normalized_margin"":-0.15037918467787836,""observable"":true,""raw_pass"":false,""reason"":""position tolerance"",""status"":""withdrawn"",""observed_evaluations"":25,""satisfaction_fraction"":0.08}]",high,10.0,0.33840001560747623
37.03899999999999,1127.249,1789572402.1251001,893,-0.10420957648028947,-0.031191432102665836,-0.6854592874082064,-1.1821058818052252,0.18479035497797808,True,0.118322221,170.22,,,0.002,0.006447792053222656,1789571274.8696523,128.75533485407686,1.0993218716025328,,-113.8903,-0.0,0.0,0.0020943951023931952,0.00041887902047863906,0.0020943951023931952,0.005983986006837701,low-motion,567.0421123504639,614,1105.6813373688758,0,False,0,37281,35443,0.0,0.0,12.24526,12,0.85,False,"[{""service_id"":""local_1s_tight"",""label"":""Immediate motion"",""family"":""local_relative_motion"",""horizon_s"":1.0,""position_tolerance_m"":0.1,""heading_tolerance_deg"":2.0,""maximum_aoi_s"":0.6,""position_error_m"":null,""heading_error_deg"":null,""aoi_s"":0.006447792053222656,""position_margin_m"":null,""heading_margin_deg"":null,""freshness_margin_s"":null,""normalized_margin"":null,""observable"":false,""raw_pass"":false,""reason"":""GPS course unobservable at low speed"",""status"":""unobservable"",""observed_evaluations"":3,""satisfaction_fraction"":0.0},{""service_id"":""local_5s_moderate"",""label"":""Short prediction"",""family"":""local_relative_motion"",""horizon_s"":5.0,""position_tolerance_m"":0.2,""heading_tolerance_deg"":5.0,""maximum_aoi_s"":1.0,""position_error_m"":null,""heading_error_deg"":null,""aoi_s"":0.006447792053222656,""position_margin_m"":null,""heading_margin_deg"":null,""freshness_margin_s"":null,""normalized_margin"":null,""observable"":false,""raw_pass"":false,""reason"":""GPS course unobservable at low speed"",""status"":""unobservable"",""observed_evaluations"":0,""satisfaction_fraction"":null},{""service_id"":""local_10s_preview"",""label"":""Planning support"",""family"":""local_relative_motion"",""horizon_s"":10.0,""position_tolerance_m"":0.5,""heading_tolerance_deg"":10.0,""maximum_aoi_s"":1.5,""position_error_m"":null,""heading_error_deg"":null,""aoi_s"":0.006447792053222656,""position_margin_m"":null,""heading_margin_deg"":null,""freshness_margin_s"":null,""normalized_margin"":null,""observable"":false,""raw_pass"":false,""reason"":""GPS course unobservable at low speed"",""status"":""unobservable"",""observed_evaluations"":0,""satisfaction_fraction"":null},{""service_id"":""global_state_tracking"",""label"":""Global asset tracking"",""family"":""global_synchronization"",""horizon_s"":0.0,""position_tolerance_m"":1.0,""heading_tolerance_deg"":5.0,""maximum_aoi_s"":1.0,""position_error_m"":1.0993218716025328,""heading_error_deg"":null,""aoi_s"":0.006447792053222656,""position_margin_m"":-0.09932187160253281,""heading_margin_deg"":null,""freshness_margin_s"":0.9935522079467773,""normalized_margin"":-0.09932187160253281,""observable"":true,""raw_pass"":false,""reason"":""position tolerance"",""status"":""withdrawn"",""observed_evaluations"":26,""satisfaction_fraction"":0.07692307692307693}]",high,10.0,0.5339999916031957
37.6099999999999,1127.82,1789572402.8285892,894,-0.10420957648028947,-0.031191432102665836,-0.6854692532382352,-1.1821058818052252,0.18479035497797808,True,0.118322221,170.22,,,0.574,0.13893699645996094,1789571274.8696523,132.4890651703754,1.0993218716025328,,-113.8005,-0.0,0.0,-8.726646259971648e-05,-1.7453292519943296e-05,8.726646259971648e-05,0.00024933275028490425,low-motion,692.5439834594727,619,1077.8236535847316,0,False,0,37281,35443,0.0,0.0,12.24526,12,0.85,False,"[{""service_id"":""local_1s_tight"",""label"":""Immediate motion"",""family"":""local_relative_motion"",""horizon_s"":1.0,""position_tolerance_m"":0.1,""heading_tolerance_deg"":2.0,""maximum_aoi_s"":0.6,""position_error_m"":null,""heading_error_deg"":null,""aoi_s"":0.13893699645996094,""position_margin_m"":null,""heading_margin_deg"":null,""freshness_margin_s"":null,""normalized_margin"":null,""observable"":false,""raw_pass"":false,""reason"":""GPS course unobservable at low speed"",""status"":""unobservable"",""observed_evaluations"":3,""satisfaction_fraction"":0.0},{""service_id"":""local_5s_moderate"",""label"":""Short prediction"",""family"":""local_relative_motion"",""horizon_s"":5.0,""position_tolerance_m"":0.2,""heading_tolerance_deg"":5.0,""maximum_aoi_s"":1.0,""position_error_m"":null,""heading_error_deg"":null,""aoi_s"":0.13893699645996094,""position_margin_m"":null,""heading_margin_deg"":null,""freshness_margin_s"":null,""normalized_margin"":null,""observable"":false,""raw_pass"":false,""reason"":""GPS course unobservable at low speed"",""status"":""unobservable"",""observed_evaluations"":0,""satisfaction_fraction"":null},{""service_id"":""local_10s_preview"",""label"":""Planning support"",""family"":""local_relative_motion"",""horizon_s"":10.0,""position_tolerance_m"":0.5,""heading_tolerance_deg"":10.0,""maximum_aoi_s"":1.5,""position_error_m"":null,""heading_error_deg"":null,""aoi_s"":0.13893699645996094,""position_margin_m"":null,""heading_margin_deg"":null,""freshness_margin_s"":null,""normalized_margin"":null,""observable"":false,""raw_pass"":false,""reason"":""GPS course unobservable at low speed"",""status"":""unobservable"",""observed_evaluations"":0,""satisfaction_fraction"":null},{""service_id"":""global_state_tracking"",""label"":""Global asset tracking"",""family"":""global_synchronization"",""horizon_s"":0.0,""position_tolerance_m"":1.0,""heading_tolerance_deg"":5.0,""maximum_aoi_s"":1.0,""position_error_m"":1.0993218716025328,""heading_error_deg"":null,""aoi_s"":0.13893699645996094,""position_margin_m"":-0.09932187160253281,""heading_margin_deg"":null,""freshness_margin_s"":0.8610630035400391,""normalized_margin"":-0.09932187160253281,""observable"":true,""raw_pass"":false,""reason"":""position tolerance"",""status"":""withdrawn"",""observed_evaluations"":27,""satisfaction_fraction"":0.07407407407407407}]",high,10.0,0.2539000706747174
38.37699999999995,1128.587,1789572403.460356,895,-0.10420957648028947,-0.031191432102665836,-0.684813306145458,-1.1821058818052252,0.18479035497797808,True,0.041155555,170.22,,,0.063,0.0037038326263427734,1789571274.8696523,135.2332038879922,1.0993218716025328,,-113.6767,-0.0,0.0,0.004276056667386108,0.0008552113334772216,0.004276056667386108,0.012217304763960308,low-motion,623.3980655670166,615,1092.5626729393543,0,False,0,37281,35443,0.0,0.0,12.28505,12,0.85,False,"[{""service_id"":""local_1s_tight"",""label"":""Immediate motion"",""family"":""local_relative_motion"",""horizon_s"":1.0,""position_tolerance_m"":0.1,""heading_tolerance_deg"":2.0,""maximum_aoi_s"":0.6,""position_error_m"":null,""heading_error_deg"":null,""aoi_s"":0.0037038326263427734,""position_margin_m"":null,""heading_margin_deg"":null,""freshness_margin_s"":null,""normalized_margin"":null,""observable"":false,""raw_pass"":false,""reason"":""GPS course unobservable at low speed"",""status"":""unobservable"",""observed_evaluations"":3,""satisfaction_fraction"":0.0},{""service_id"":""local_5s_moderate"",""label"":""Short prediction"",""family"":""local_relative_motion"",""horizon_s"":5.0,""position_tolerance_m"":0.2,""heading_tolerance_deg"":5.0,""maximum_aoi_s"":1.0,""position_error_m"":null,""heading_error_deg"":null,""aoi_s"":0.0037038326263427734,""position_margin_m"":null,""heading_margin_deg"":null,""freshness_margin_s"":null,""normalized_margin"":null,""observable"":false,""raw_pass"":false,""reason"":""GPS course unobservable at low speed"",""status"":""unobservable"",""observed_evaluations"":0,""satisfaction_fraction"":null},{""service_id"":""local_10s_preview"",""label"":""Planning support"",""family"":""local_relative_motion"",""horizon_s"":10.0,""position_tolerance_m"":0.5,""heading_tolerance_deg"":10.0,""maximum_aoi_s"":1.5,""position_error_m"":null,""heading_error_deg"":null,""aoi_s"":0.0037038326263427734,""position_margin_m"":null,""heading_margin_deg"":null,""freshness_margin_s"":null,""normalized_margin"":null,""observable"":false,""raw_pass"":false,""reason"":""GPS course unobservable at low speed"",""status"":""unobservable"",""observed_evaluations"":0,""satisfaction_fraction"":null},{""service_id"":""global_state_tracking"",""label"":""Global asset tracking"",""family"":""global_synchronization"",""horizon_s"":0.0,""position_tolerance_m"":1.0,""heading_tolerance_deg"":5.0,""maximum_aoi_s"":1.0,""position_error_m"":1.0993218716025328,""heading_error_deg"":null,""aoi_s"":0.0037038326263427734,""position_margin_m"":-0.09932187160253281,""heading_margin_deg"":null,""freshness_margin_s"":0.9962961673736572,""normalized_margin"":-0.09932187160253281,""observable"":true,""raw_pass"":false,""reason"":""position tolerance"",""status"":""withdrawn"",""observed_evaluations"":28,""satisfaction_fraction"":0.07142857142857142}]",high,10.0,0.355200027115643
38.965999999999894,1129.176,1789572404.1852012,896,-0.10420957648028947,-0.031191432102665836,-0.6853375855994646,-1.1821058818052252,0.18479035497797808,True,0.041155555,170.22,,,0.042,0.13954877853393555,1789571274.8696523,135.84517097478965,1.0993218716025328,,-113.2346,-0.0,0.0,-0.00445058959258554,-0.000890117918517108,0.00445058959258554,0.012715970264530115,low-motion,716.4051532745361,617,1057.5262385540775,0,False,0,37281,35443,0.0,0.0,12.28505,12,0.85,False,"[{""service_id"":""local_1s_tight"",""label"":""Immediate motion"",""family"":""local_relative_motion"",""horizon_s"":1.0,""position_tolerance_m"":0.1,""heading_tolerance_deg"":2.0,""maximum_aoi_s"":0.6,""position_error_m"":null,""heading_error_deg"":null,""aoi_s"":0.13954877853393555,""position_margin_m"":null,""heading_margin_deg"":null,""freshness_margin_s"":null,""normalized_margin"":null,""observable"":false,""raw_pass"":false,""reason"":""GPS course unobservable at low speed"",""status"":""unobservable"",""observed_evaluations"":3,""satisfaction_fraction"":0.0},{""service_id"":""local_5s_moderate"",""label"":""Short prediction"",""family"":""local_relative_motion"",""horizon_s"":5.0,""position_tolerance_m"":0.2,""heading_tolerance_deg"":5.0,""maximum_aoi_s"":1.0,""position_error_m"":null,""heading_error_deg"":null,""aoi_s"":0.13954877853393555,""position_margin_m"":null,""heading_margin_deg"":null,""freshness_margin_s"":null,""normalized_margin"":null,""observable"":false,""raw_pass"":false,""reason"":""GPS course unobservable at low speed"",""status"":""unobservable"",""observed_evaluations"":0,""satisfaction_fraction"":null},{""service_id"":""local_10s_preview"",""label"":""Planning support"",""family"":""local_relative_motion"",""horizon_s"":10.0,""position_tolerance_m"":0.5,""heading_tolerance_deg"":10.0,""maximum_aoi_s"":1.5,""position_error_m"":null,""heading_error_deg"":null,""aoi_s"":0.13954877853393555,""position_margin_m"":null,""heading_margin_deg"":null,""freshness_margin_s"":null,""normalized_margin"":null,""observable"":false,""raw_pass"":false,""reason"":""GPS course unobservable at low speed"",""status"":""unobservable"",""observed_evaluations"":0,""satisfaction_fraction"":null},{""service_id"":""global_state_tracking"",""label"":""Global asset tracking"",""family"":""global_synchronization"",""horizon_s"":0.0,""position_tolerance_m"":1.0,""heading_tolerance_deg"":5.0,""maximum_aoi_s"":1.0,""position_error_m"":1.0993218716025328,""heading_error_deg"":null,""aoi_s"":0.13954877853393555,""position_margin_m"":-0.09932187160253281,""heading_margin_deg"":null,""freshness_margin_s"":0.8604512214660645,""normalized_margin"":-0.09932187160253281,""observable"":true,""raw_pass"":false,""reason"":""position tolerance"",""status"":""withdrawn"",""observed_evaluations"":29,""satisfaction_fraction"":0.06896551724137931}]",high,10.0,0.2506999298930168
39.66599999999994,1129.876,1789572404.746514,897,-0.10420957648028947,-0.031191432102665836,-0.6850443702851297,-1.1821058818052252,0.18479035497797808,True,0.051444444,170.22,,,0.019,0.0008618831634521484,1789571274.8696523,138.68708610539215,1.0993218716025328,,-113.436,-0.0,0.0,0.0020943951023931952,0.00041887902047863906,0.0020943951023931952,0.005983986006837701,low-motion,552.2880554199219,615,1097.3593819330586,0,False,0,37281,35443,0.0,0.0,12.28505,12,0.85,False,"[{""service_id"":""local_1s_tight"",""label"":""Immediate motion"",""family"":""local_relative_motion"",""horizon_s"":1.0,""position_tolerance_m"":0.1,""heading_tolerance_deg"":2.0,""maximum_aoi_s"":0.6,""position_error_m"":null,""heading_error_deg"":null,""aoi_s"":0.0008618831634521484,""position_margin_m"":null,""heading_margin_deg"":null,""freshness_margin_s"":null,""normalized_margin"":null,""observable"":false,""raw_pass"":false,""reason"":""GPS course unobservable at low speed"",""status"":""unobservable"",""observed_evaluations"":3,""satisfaction_fraction"":0.0},{""service_id"":""local_5s_moderate"",""label"":""Short prediction"",""family"":""local_relative_motion"",""horizon_s"":5.0,""position_tolerance_m"":0.2,""heading_tolerance_deg"":5.0,""maximum_aoi_s"":1.0,""position_error_m"":null,""heading_error_deg"":null,""aoi_s"":0.0008618831634521484,""position_margin_m"":null,""heading_margin_deg"":null,""freshness_margin_s"":null,""normalized_margin"":null,""observable"":false,""raw_pass"":false,""reason"":""GPS course unobservable at low speed"",""status"":""unobservable"",""observed_evaluations"":0,""satisfaction_fraction"":null},{""service_id"":""local_10s_preview"",""label"":""Planning support"",""family"":""local_relative_motion"",""horizon_s"":10.0,""position_tolerance_m"":0.5,""heading_tolerance_deg"":10.0,""maximum_aoi_s"":1.5,""position_error_m"":null,""heading_error_deg"":null,""aoi_s"":0.0008618831634521484,""position_margin_m"":null,""heading_margin_deg"":null,""freshness_margin_s"":null,""normalized_margin"":null,""observable"":false,""raw_pass"":false,""reason"":""GPS course unobservable at low speed"",""status"":""unobservable"",""observed_evaluations"":0,""satisfaction_fraction"":null},{""service_id"":""global_state_tracking"",""label"":""Global asset tracking"",""family"":""global_synchronization"",""horizon_s"":0.0,""position_tolerance_m"":1.0,""heading_tolerance_deg"":5.0,""maximum_aoi_s"":1.0,""position_error_m"":1.0993218716025328,""heading_error_deg"":null,""aoi_s"":0.0008618831634521484,""position_margin_m"":-0.09932187160253281,""heading_margin_deg"":null,""freshness_margin_s"":0.9991381168365479,""normalized_margin"":-0.09932187160253281,""observable"":true,""raw_pass"":false,""reason"":""position tolerance"",""status"":""withdrawn"",""observed_evaluations"":30,""satisfaction_fraction"":0.06666666666666667}]",high,10.0,0.4504000535234809
40.22699999999986,1130.437,1789572405.44411,898,-0.10420957648028947,-0.031191432102665836,-0.684809379154641,-1.1821058818052252,-0.1859035491870444,True,0.17491111,170.22,,,0.011,0.13745760917663574,1789571274.8696523,136.59583473213388,1.0889427368809976,,-113.4693,-0.0,0.0,0.0020943951023931952,0.00041887902047863906,0.0020943951023931952,0.005983986006837701,low-motion,688.0147457122803,610,1066.6472023892488,0,False,0,37281,35443,0.0,0.0,12.28505,12,0.85,False,"[{""service_id"":""local_1s_tight"",""label"":""Immediate motion"",""family"":""local_relative_motion"",""horizon_s"":1.0,""position_tolerance_m"":0.1,""heading_tolerance_deg"":2.0,""maximum_aoi_s"":0.6,""position_error_m"":null,""heading_error_deg"":null,""aoi_s"":0.13745760917663574,""position_margin_m"":null,""heading_margin_deg"":null,""freshness_margin_s"":null,""normalized_margin"":null,""observable"":false,""raw_pass"":false,""reason"":""GPS course unobservable at low speed"",""status"":""unobservable"",""observed_evaluations"":3,""satisfaction_fraction"":0.0},{""service_id"":""local_5s_moderate"",""label"":""Short prediction"",""family"":""local_relative_motion"",""horizon_s"":5.0,""position_tolerance_m"":0.2,""heading_tolerance_deg"":5.0,""maximum_aoi_s"":1.0,""position_error_m"":null,""heading_error_deg"":null,""aoi_s"":0.13745760917663574,""position_margin_m"":null,""heading_margin_deg"":null,""freshness_margin_s"":null,""normalized_margin"":null,""observable"":false,""raw_pass"":false,""reason"":""GPS course unobservable at low speed"",""status"":""unobservable"",""observed_evaluations"":0,""satisfaction_fraction"":null},{""service_id"":""local_10s_preview"",""label"":""Planning support"",""family"":""local_relative_motion"",""horizon_s"":10.0,""position_tolerance_m"":0.5,""heading_tolerance_deg"":10.0,""maximum_aoi_s"":1.5,""position_error_m"":null,""heading_error_deg"":null,""aoi_s"":0.13745760917663574,""position_margin_m"":null,""heading_margin_deg"":null,""freshness_margin_s"":null,""normalized_margin"":null,""observable"":false,""raw_pass"":false,""reason"":""GPS course unobservable at low speed"",""status"":""unobservable"",""observed_evaluations"":0,""satisfaction_fraction"":null},{""service_id"":""global_state_tracking"",""label"":""Global asset tracking"",""family"":""global_synchronization"",""horizon_s"":0.0,""position_tolerance_m"":1.0,""heading_tolerance_deg"":5.0,""maximum_aoi_s"":1.0,""position_error_m"":1.0889427368809976,""heading_error_deg"":null,""aoi_s"":0.13745760917663574,""position_margin_m"":-0.08894273688099763,""heading_margin_deg"":null,""freshness_margin_s"":0.8625423908233643,""normalized_margin"":-0.08894273688099763,""observable"":true,""raw_pass"":false,""reason"":""position tolerance"",""status"":""withdrawn"",""observed_evaluations"":31,""satisfaction_fraction"":0.06451612903225806}]",high,10.0,0.38300000596791506
40.94399999999996,1131.154,1789572406.033622,899,-0.10420957648028947,-0.031191432102665836,-0.6843526177627477,-1.1821058818052252,0.0,True,0.17491111,170.22,,,0.034,0.009969711303710938,1789571274.8696523,127.4878902436285,1.078347509140612,,-113.321,-0.0,0.0,0.0031852258848896514,0.0006370451769779303,0.0031852258848896514,0.009100645385399005,low-motion,579.8914432525635,616,1096.1766048362567,0,False,0,37281,35443,0.0,0.0,12.28505,12,0.85,False,"[{""service_id"":""local_1s_tight"",""label"":""Immediate motion"",""family"":""local_relative_motion"",""horizon_s"":1.0,""position_tolerance_m"":0.1,""heading_tolerance_deg"":2.0,""maximum_aoi_s"":0.6,""position_error_m"":null,""heading_error_deg"":null,""aoi_s"":0.009969711303710938,""position_margin_m"":null,""heading_margin_deg"":null,""freshness_margin_s"":null,""normalized_margin"":null,""observable"":false,""raw_pass"":false,""reason"":""GPS course unobservable at low speed"",""status"":""unobservable"",""observed_evaluations"":3,""satisfaction_fraction"":0.0},{""service_id"":""local_5s_moderate"",""label"":""Short prediction"",""family"":""local_relative_motion"",""horizon_s"":5.0,""position_tolerance_m"":0.2,""heading_tolerance_deg"":5.0,""maximum_aoi_s"":1.0,""position_error_m"":null,""heading_error_deg"":null,""aoi_s"":0.009969711303710938,""position_margin_m"":null,""heading_margin_deg"":null,""freshness_margin_s"":null,""normalized_margin"":null,""observable"":false,""raw_pass"":false,""reason"":""GPS course unobservable at low speed"",""status"":""unobservable"",""observed_evaluations"":0,""satisfaction_fraction"":null},{""service_id"":""local_10s_preview"",""label"":""Planning support"",""family"":""local_relative_motion"",""horizon_s"":10.0,""position_tolerance_m"":0.5,""heading_tolerance_deg"":10.0,""maximum_aoi_s"":1.5,""position_error_m"":null,""heading_error_deg"":null,""aoi_s"":0.009969711303710938,""position_margin_m"":null,""heading_margin_deg"":null,""freshness_margin_s"":null,""normalized_margin"":null,""observable"":false,""raw_pass"":false,""reason"":""GPS course unobservable at low speed"",""status"":""unobservable"",""observed_evaluations"":0,""satisfaction_fraction"":null},{""service_id"":""global_state_tracking"",""label"":""Global asset tracking"",""family"":""global_synchronization"",""horizon_s"":0.0,""position_tolerance_m"":1.0,""heading_tolerance_deg"":5.0,""maximum_aoi_s"":1.0,""position_error_m"":1.078347509140612,""heading_error_deg"":null,""aoi_s"":0.009969711303710938,""position_margin_m"":-0.07834750914061206,""heading_margin_deg"":null,""freshness_margin_s"":0.9900302886962891,""normalized_margin"":-0.07834750914061206,""observable"":true,""raw_pass"":false,""reason"":""position tolerance"",""status"":""withdrawn"",""observed_evaluations"":32,""satisfaction_fraction"":0.0625}]",high,10.0,0.39490009658038616
41.51299999999992,1131.723,1789572406.7333024,900,-0.10420957648028947,-0.031191432102665836,-0.6838660025139993,-1.1821058818052252,0.0,True,0.17491111,170.22,,,0.603,0.14065003395080566,1789571274.8696523,130.68032836918064,1.078347509140612,,-113.5952,-0.0,0.0,0.004276056667386108,0.0008552113334772216,0.004276056667386108,0.012217304763960308,low-motion,690.8199787139893,616,1068.0954884523396,0,False,0,37281,35443,0.0,0.0,12.28505,12,0.85,False,"[{""service_id"":""local_1s_tight"",""label"":""Immediate motion"",""family"":""local_relative_motion"",""horizon_s"":1.0,""position_tolerance_m"":0.1,""heading_tolerance_deg"":2.0,""maximum_aoi_s"":0.6,""position_error_m"":null,""heading_error_deg"":null,""aoi_s"":0.14065003395080566,""position_margin_m"":null,""heading_margin_deg"":null,""freshness_margin_s"":null,""normalized_margin"":null,""observable"":false,""raw_pass"":false,""reason"":""GPS course unobservable at low speed"",""status"":""unobservable"",""observed_evaluations"":3,""satisfaction_fraction"":0.0},{""service_id"":""local_5s_moderate"",""label"":""Short prediction"",""family"":""local_relative_motion"",""horizon_s"":5.0,""position_tolerance_m"":0.2,""heading_tolerance_deg"":5.0,""maximum_aoi_s"":1.0,""position_error_m"":null,""heading_error_deg"":null,""aoi_s"":0.14065003395080566,""position_margin_m"":null,""heading_margin_deg"":null,""freshness_margin_s"":null,""normalized_margin"":null,""observable"":false,""raw_pass"":false,""reason"":""GPS course unobservable at low speed"",""status"":""unobservable"",""observed_evaluations"":0,""satisfaction_fraction"":null},{""service_id"":""local_10s_preview"",""label"":""Planning support"",""family"":""local_relative_motion"",""horizon_s"":10.0,""position_tolerance_m"":0.5,""heading_tolerance_deg"":10.0,""maximum_aoi_s"":1.5,""position_error_m"":null,""heading_error_deg"":null,""aoi_s"":0.14065003395080566,""position_margin_m"":null,""heading_margin_deg"":null,""freshness_margin_s"":null,""normalized_margin"":null,""observable"":false,""raw_pass"":false,""reason"":""GPS course unobservable at low speed"",""status"":""unobservable"",""observed_evaluations"":0,""satisfaction_fraction"":null},{""service_id"":""global_state_tracking"",""label"":""Global asset tracking"",""family"":""global_synchronization"",""horizon_s"":0.0,""position_tolerance_m"":1.0,""heading_tolerance_deg"":5.0,""maximum_aoi_s"":1.0,""position_error_m"":1.078347509140612,""heading_error_deg"":null,""aoi_s"":0.14065003395080566,""position_margin_m"":-0.07834750914061206,""heading_margin_deg"":null,""freshness_margin_s"":0.8593499660491943,""normalized_margin"":-0.07834750914061206,""observable"":true,""raw_pass"":false,""reason"":""position tolerance"",""status"":""withdrawn"",""observed_evaluations"":33,""satisfaction_fraction"":0.06060606060606061}]",high,10.0,0.3485999768599868
42.218000000000075,1132.428,1789572407.3094249,901,-0.10420957648028947,-0.031191432102665836,-0.6840321142255581,-1.1821058818052252,-0.1859035491870444,True,0.102888888,170.22,,,0.02,0.011772632598876953,1789571274.8696523,128.87747764602864,1.0889427368809976,,-113.3017,-0.0,0.0,-0.0011780972450961724,-0.0002356194490192345,0.0011780972450961724,0.003365992128846207,low-motion,563.98606300354,613,1098.2326413229935,0,False,0,37281,35443,0.0,0.0,12.28505,12,0.85,False,"[{""service_id"":""local_1s_tight"",""label"":""Immediate motion"",""family"":""local_relative_motion"",""horizon_s"":1.0,""position_tolerance_m"":0.1,""heading_tolerance_deg"":2.0,""maximum_aoi_s"":0.6,""position_error_m"":null,""heading_error_deg"":null,""aoi_s"":0.011772632598876953,""position_margin_m"":null,""heading_margin_deg"":null,""freshness_margin_s"":null,""normalized_margin"":null,""observable"":false,""raw_pass"":false,""reason"":""GPS course unobservable at low speed"",""status"":""unobservable"",""observed_evaluations"":3,""satisfaction_fraction"":0.0},{""service_id"":""local_5s_moderate"",""label"":""Short prediction"",""family"":""local_relative_motion"",""horizon_s"":5.0,""position_tolerance_m"":0.2,""heading_tolerance_deg"":5.0,""maximum_aoi_s"":1.0,""position_error_m"":null,""heading_error_deg"":null,""aoi_s"":0.011772632598876953,""position_margin_m"":null,""heading_margin_deg"":null,""freshness_margin_s"":null,""normalized_margin"":null,""observable"":false,""raw_pass"":false,""reason"":""GPS course unobservable at low speed"",""status"":""unobservable"",""observed_evaluations"":0,""satisfaction_fraction"":null},{""service_id"":""local_10s_preview"",""label"":""Planning support"",""family"":""local_relative_motion"",""horizon_s"":10.0,""position_tolerance_m"":0.5,""heading_tolerance_deg"":10.0,""maximum_aoi_s"":1.5,""position_error_m"":null,""heading_error_deg"":null,""aoi_s"":0.011772632598876953,""position_margin_m"":null,""heading_margin_deg"":null,""freshness_margin_s"":null,""normalized_margin"":null,""observable"":false,""raw_pass"":false,""reason"":""GPS course unobservable at low speed"",""status"":""unobservable"",""observed_evaluations"":0,""satisfaction_fraction"":null},{""service_id"":""global_state_tracking"",""label"":""Global asset tracking"",""family"":""global_synchronization"",""horizon_s"":0.0,""position_tolerance_m"":1.0,""heading_tolerance_deg"":5.0,""maximum_aoi_s"":1.0,""position_error_m"":1.0889427368809976,""heading_error_deg"":null,""aoi_s"":0.011772632598876953,""position_margin_m"":-0.08894273688099763,""heading_margin_deg"":null,""freshness_margin_s"":0.988227367401123,""normalized_margin"":-0.08894273688099763,""observable"":true,""raw_pass"":false,""reason"":""position tolerance"",""status"":""withdrawn"",""observed_evaluations"":34,""satisfaction_fraction"":0.058823529411764705}]",high,10.0,0.2747999969869852
42.80600000000004,1133.016,1789572408.0246506,902,-0.10500197745313065,-0.03053825453010442,-0.6947368456072827,-1.1821058818052252,-0.1859035491870444,True,0.102888888,170.22,,,0.608,0.13899827003479004,1789571274.8696523,127.22569656375526,1.0882514394910598,,-113.8262,-0.0017464423446296325,-0.018371517103270295,-0.01754055898254301,-0.01820532547912484,0.0008309581207272855,0.002374166059220816,low-motion,707.3817253112793,624,1079.2467307447503,0,False,0,37281,35457,0.0,-0.075053111,12.28505,12,0.85,False,"[{""service_id"":""local_1s_tight"",""label"":""Immediate motion"",""family"":""local_relative_motion"",""horizon_s"":1.0,""position_tolerance_m"":0.1,""heading_tolerance_deg"":2.0,""maximum_aoi_s"":0.6,""position_error_m"":null,""heading_error_deg"":null,""aoi_s"":0.13899827003479004,""position_margin_m"":null,""heading_margin_deg"":null,""freshness_margin_s"":null,""normalized_margin"":null,""observable"":false,""raw_pass"":false,""reason"":""GPS course unobservable at low speed"",""status"":""unobservable"",""observed_evaluations"":3,""satisfaction_fraction"":0.0},{""service_id"":""local_5s_moderate"",""label"":""Short prediction"",""family"":""local_relative_motion"",""horizon_s"":5.0,""position_tolerance_m"":0.2,""heading_tolerance_deg"":5.0,""maximum_aoi_s"":1.0,""position_error_m"":null,""heading_error_deg"":null,""aoi_s"":0.13899827003479004,""position_margin_m"":null,""heading_margin_deg"":null,""freshness_margin_s"":null,""normalized_margin"":null,""observable"":false,""raw_pass"":false,""reason"":""GPS course unobservable at low speed"",""status"":""unobservable"",""observed_evaluations"":0,""satisfaction_fraction"":null},{""service_id"":""local_10s_preview"",""label"":""Planning support"",""family"":""local_relative_motion"",""horizon_s"":10.0,""position_tolerance_m"":0.5,""heading_tolerance_deg"":10.0,""maximum_aoi_s"":1.5,""position_error_m"":null,""heading_error_deg"":null,""aoi_s"":0.13899827003479004,""position_margin_m"":null,""heading_margin_deg"":null,""freshness_margin_s"":null,""normalized_margin"":null,""observable"":false,""raw_pass"":false,""reason"":""GPS course unobservable at low speed"",""status"":""unobservable"",""observed_evaluations"":0,""satisfaction_fraction"":null},{""service_id"":""global_state_tracking"",""label"":""Global asset tracking"",""family"":""global_synchronization"",""horizon_s"":0.0,""position_tolerance_m"":1.0,""heading_tolerance_deg"":5.0,""maximum_aoi_s"":1.0,""position_error_m"":1.0882514394910598,""heading_error_deg"":null,""aoi_s"":0.13899827003479004,""position_margin_m"":-0.08825143949105985,""heading_margin_deg"":null,""freshness_margin_s"":0.86100172996521,""normalized_margin"":-0.08825143949105985,""observable"":true,""raw_pass"":false,""reason"":""position tolerance"",""status"":""withdrawn"",""observed_evaluations"":35,""satisfaction_fraction"":0.05714285714285714}]",high,10.0,0.32350001856684685
43.52399999999989,1133.734,1789572408.6102216,903,-0.12677707466695864,-0.004285595602055353,-1.0619793304087857,-1.1821058818052252,-0.1859035491870444,True,0.066877777,170.22,,,0.033,0.006569385528564453,1789571274.8696523,132.4289493559263,1.0708426458823332,,-121.9016,-0.04750420472231473,-0.48252098820825157,-0.627314966398062,-0.5114797838462136,0.14479397818981038,0.4136970805423154,low-motion,576.6623020172119,633,1117.2829705104252,0,False,0,37289,35914,-0.02131502,-0.128198857,12.28505,12,0.85,False,"[{""service_id"":""local_1s_tight"",""label"":""Immediate motion"",""family"":""local_relative_motion"",""horizon_s"":1.0,""position_tolerance_m"":0.1,""heading_tolerance_deg"":2.0,""maximum_aoi_s"":0.6,""position_error_m"":null,""heading_error_deg"":null,""aoi_s"":0.006569385528564453,""position_margin_m"":null,""heading_margin_deg"":null,""freshness_margin_s"":null,""normalized_margin"":null,""observable"":false,""raw_pass"":false,""reason"":""GPS course unobservable at low speed"",""status"":""unobservable"",""observed_evaluations"":3,""satisfaction_fraction"":0.0},{""service_id"":""local_5s_moderate"",""label"":""Short prediction"",""family"":""local_relative_motion"",""horizon_s"":5.0,""position_tolerance_m"":0.2,""heading_tolerance_deg"":5.0,""maximum_aoi_s"":1.0,""position_error_m"":null,""heading_error_deg"":null,""aoi_s"":0.006569385528564453,""position_margin_m"":null,""heading_margin_deg"":null,""freshness_margin_s"":null,""normalized_margin"":null,""observable"":false,""raw_pass"":false,""reason"":""GPS course unobservable at low speed"",""status"":""unobservable"",""observed_evaluations"":0,""satisfaction_fraction"":null},{""service_id"":""local_10s_preview"",""label"":""Planning support"",""family"":""local_relative_motion"",""horizon_s"":10.0,""position_tolerance_m"":0.5,""heading_tolerance_deg"":10.0,""maximum_aoi_s"":1.5,""position_error_m"":null,""heading_error_deg"":null,""aoi_s"":0.006569385528564453,""position_margin_m"":null,""heading_margin_deg"":null,""freshness_margin_s"":null,""normalized_margin"":null,""observable"":false,""raw_pass"":false,""reason"":""GPS course unobservable at low speed"",""status"":""unobservable"",""observed_evaluations"":0,""satisfaction_fraction"":null},{""service_id"":""global_state_tracking"",""label"":""Global asset tracking"",""family"":""global_synchronization"",""horizon_s"":0.0,""position_tolerance_m"":1.0,""heading_tolerance_deg"":5.0,""maximum_aoi_s"":1.0,""position_error_m"":1.0708426458823332,""heading_error_deg"":null,""aoi_s"":0.006569385528564453,""position_margin_m"":-0.07084264588233324,""heading_margin_deg"":null,""freshness_margin_s"":0.9934306144714355,""normalized_margin"":-0.07084264588233324,""observable"":true,""raw_pass"":false,""reason"":""position tolerance"",""status"":""withdrawn"",""observed_evaluations"":36,""satisfaction_fraction"":0.05555555555555555}]",high,10.0,0.32350001856684685
44.108999999999924,1134.319,1789572409.3234227,904,-0.15165926931955964,0.05439893964761142,-1.277568050985344,-1.03412111216055,-0.1859035491870444,True,0.12861111,170.22,,,0.033,0.13477039337158203,1789571274.8696523,128.20104598995385,0.9145950963188282,,-126.5669,-0.10896009007570022,-0.3864613495261828,-0.2967932393016357,-0.3685277274812734,0.08966811022454707,0.2561946006415631,low-motion,702.4779319763184,630,1083.0454452494682,0,False,0,37577,36495,-0.063692419,-0.170303028,12.28505,12,0.85,False,"[{""service_id"":""local_1s_tight"",""label"":""Immediate motion"",""family"":""local_relative_motion"",""horizon_s"":1.0,""position_tolerance_m"":0.1,""heading_tolerance_deg"":2.0,""maximum_aoi_s"":0.6,""position_error_m"":null,""heading_error_deg"":null,""aoi_s"":0.13477039337158203,""position_margin_m"":null,""heading_margin_deg"":null,""freshness_margin_s"":null,""normalized_margin"":null,""observable"":false,""raw_pass"":false,""reason"":""GPS course unobservable at low speed"",""status"":""unobservable"",""observed_evaluations"":3,""satisfaction_fraction"":0.0},{""service_id"":""local_5s_moderate"",""label"":""Short prediction"",""family"":""local_relative_motion"",""horizon_s"":5.0,""position_tolerance_m"":0.2,""heading_tolerance_deg"":5.0,""maximum_aoi_s"":1.0,""position_error_m"":null,""heading_error_deg"":null,""aoi_s"":0.13477039337158203,""position_margin_m"":null,""heading_margin_deg"":null,""freshness_margin_s"":null,""normalized_margin"":null,""observable"":false,""raw_pass"":false,""reason"":""GPS course unobservable at low speed"",""status"":""unobservable"",""observed_evaluations"":0,""satisfaction_fraction"":null},{""service_id"":""local_10s_preview"",""label"":""Planning support"",""family"":""local_relative_motion"",""horizon_s"":10.0,""position_tolerance_m"":0.5,""heading_tolerance_deg"":10.0,""maximum_aoi_s"":1.5,""position_error_m"":null,""heading_error_deg"":null,""aoi_s"":0.13477039337158203,""position_margin_m"":null,""heading_margin_deg"":null,""freshness_margin_s"":null,""normalized_margin"":null,""observable"":false,""raw_pass"":false,""reason"":""GPS course unobservable at low speed"",""status"":""unobservable"",""observed_evaluations"":0,""satisfaction_fraction"":null},{""service_id"":""global_state_tracking"",""label"":""Global asset tracking"",""family"":""global_synchronization"",""horizon_s"":0.0,""position_tolerance_m"":1.0,""heading_tolerance_deg"":5.0,""maximum_aoi_s"":1.0,""position_error_m"":0.9145950963188282,""heading_error_deg"":null,""aoi_s"":0.13477039337158203,""position_margin_m"":0.08540490368117182,""heading_margin_deg"":null,""freshness_margin_s"":0.865229606628418,""normalized_margin"":null,""observable"":false,""raw_pass"":false,""reason"":""GPS course unobservable at low speed"",""status"":""unobservable"",""observed_evaluations"":36,""satisfaction_fraction"":0.05555555555555555}]",high,10.0,0.3677000058814883
44.82199999999989,1135.032,1789572410.0397835,905,-0.16391741845352722,0.13904270454726642,-1.5763834501360379,-1.03412111216055,-0.1859035491870444,True,0.12861111,170.22,,,0.746,0.13813114166259766,1789571274.8696523,3.360807418857803,0.9288942546691249,,-126.2044,-0.11995340042244247,-0.37876760367190826,-0.5804092427507144,-0.4190959314876695,0.2016416390788061,0.576118968796589,low-motion,704.9062252044678,632,1082.322304635921,0,False,0,37985,37253,-0.081155731,-0.162662405,12.28505,12,0.85,False,"[{""service_id"":""local_1s_tight"",""label"":""Immediate motion"",""family"":""local_relative_motion"",""horizon_s"":1.0,""position_tolerance_m"":0.1,""heading_tolerance_deg"":2.0,""maximum_aoi_s"":0.6,""position_error_m"":null,""heading_error_deg"":null,""aoi_s"":0.13813114166259766,""position_margin_m"":null,""heading_margin_deg"":null,""freshness_margin_s"":null,""normalized_margin"":null,""observable"":false,""raw_pass"":false,""reason"":""GPS course unobservable at low speed"",""status"":""unobservable"",""observed_evaluations"":3,""satisfaction_fraction"":0.0},{""service_id"":""local_5s_moderate"",""label"":""Short prediction"",""family"":""local_relative_motion"",""horizon_s"":5.0,""position_tolerance_m"":0.2,""heading_tolerance_deg"":5.0,""maximum_aoi_s"":1.0,""position_error_m"":null,""heading_error_deg"":null,""aoi_s"":0.13813114166259766,""position_margin_m"":null,""heading_margin_deg"":null,""freshness_margin_s"":null,""normalized_margin"":null,""observable"":false,""raw_pass"":false,""reason"":""GPS course unobservable at low speed"",""status"":""unobservable"",""observed_evaluations"":0,""satisfaction_fraction"":null},{""service_id"":""local_10s_preview"",""label"":""Planning support"",""family"":""local_relative_motion"",""horizon_s"":10.0,""position_tolerance_m"":0.5,""heading_tolerance_deg"":10.0,""maximum_aoi_s"":1.5,""position_error_m"":null,""heading_error_deg"":null,""aoi_s"":0.13813114166259766,""position_margin_m"":null,""heading_margin_deg"":null,""freshness_margin_s"":null,""normalized_margin"":null,""observable"":false,""raw_pass"":false,""reason"":""GPS course unobservable at low speed"",""status"":""unobservable"",""observed_evaluations"":0,""satisfaction_fraction"":null},{""service_id"":""global_state_tracking"",""label"":""Global asset tracking"",""family"":""global_synchronization"",""horizon_s"":0.0,""position_tolerance_m"":1.0,""heading_tolerance_deg"":5.0,""maximum_aoi_s"":1.0,""position_error_m"":0.9288942546691249,""heading_error_deg"":null,""aoi_s"":0.13813114166259766,""position_margin_m"":0.0711057453308751,""heading_margin_deg"":null,""freshness_margin_s"":0.8618688583374023,""normalized_margin"":null,""observable"":false,""raw_pass"":false,""reason"":""GPS course unobservable at low speed"",""status"":""unobservable"",""observed_evaluations"":36,""satisfaction_fraction"":0.05555555555555555}]",high,10.0,0.37340004928410053
45.56899999999996,1135.779,1789572410.801383,906,-0.14749236417512285,0.22902405796818184,-1.926310411405835,-1.3292045144034499,0.0,True,0.329244442,295.33,2.6995007540596294,-2.607115051883179,0.062,0.15273070335388184,1789571274.8696523,14.599540710378278,1.2037008038235537,55.9533108220632,-140.5673,-0.12244735121501783,-0.46172270695681866,-0.4953244417159907,-0.4684430539086531,0.03360173475917205,0.0960049564547773,translation,747.6966381072998,640,1049.5492555821772,0,False,0,38385,38100,-0.021500818,-0.107504091,12.28505,12,0.85,True,"[{""service_id"":""local_1s_tight"",""label"":""Immediate motion"",""family"":""local_relative_motion"",""horizon_s"":1.0,""position_tolerance_m"":0.1,""heading_tolerance_deg"":2.0,""maximum_aoi_s"":0.6,""position_error_m"":null,""heading_error_deg"":null,""aoi_s"":0.15273070335388184,""position_margin_m"":null,""heading_margin_deg"":null,""freshness_margin_s"":null,""normalized_margin"":null,""observable"":false,""raw_pass"":false,""reason"":""no synchronized 1 s window"",""status"":""unobservable"",""observed_evaluations"":3,""satisfaction_fraction"":0.0},{""service_id"":""local_5s_moderate"",""label"":""Short prediction"",""family"":""local_relative_motion"",""horizon_s"":5.0,""position_tolerance_m"":0.2,""heading_tolerance_deg"":5.0,""maximum_aoi_s"":1.0,""position_error_m"":null,""heading_error_deg"":null,""aoi_s"":0.15273070335388184,""position_margin_m"":null,""heading_margin_deg"":null,""freshness_margin_s"":null,""normalized_margin"":null,""observable"":false,""raw_pass"":false,""reason"":""no synchronized 5 s window"",""status"":""unobservable"",""observed_evaluations"":0,""satisfaction_fraction"":null},{""service_id"":""local_10s_preview"",""label"":""Planning support"",""family"":""local_relative_motion"",""horizon_s"":10.0,""position_tolerance_m"":0.5,""heading_tolerance_deg"":10.0,""maximum_aoi_s"":1.5,""position_error_m"":null,""heading_error_deg"":null,""aoi_s"":0.15273070335388184,""position_margin_m"":null,""heading_margin_deg"":null,""freshness_margin_s"":null,""normalized_margin"":null,""observable"":false,""raw_pass"":false,""reason"":""no synchronized 10 s window"",""status"":""unobservable"",""observed_evaluations"":0,""satisfaction_fraction"":null},{""service_id"":""global_state_tracking"",""label"":""Global asset tracking"",""family"":""global_synchronization"",""horizon_s"":0.0,""position_tolerance_m"":1.0,""heading_tolerance_deg"":5.0,""maximum_aoi_s"":1.0,""position_error_m"":1.2037008038235537,""heading_error_deg"":55.9533108220632,""aoi_s"":0.15273070335388184,""position_margin_m"":-0.2037008038235537,""heading_margin_deg"":-50.9533108220632,""freshness_margin_s"":0.8472692966461182,""normalized_margin"":-10.19066216441264,""observable"":true,""raw_pass"":false,""reason"":""position tolerance, heading tolerance"",""status"":""withdrawn"",""observed_evaluations"":37,""satisfaction_fraction"":0.05405405405405406}]",high,10.0,0.5766999674960971
46.30399999999986,1136.514,1789572411.4020226,907,-0.13432272251235453,0.2539222334219022,-2.188343635408465,-1.477189284048125,-0.1859035491870444,True,0.329244442,295.33,2.6995007540596294,-2.8691482758858093,0.056,0.018370389938354492,1789571274.8696523,134.3604183196021,1.4130595603648404,40.93991299450638,-143.4454,-0.03832193487644747,-0.39052596356669017,-0.22043508452688385,-0.35650778775872893,0.17009087903980633,0.4859739401137324,low-motion,585.3919982910156,631,1075.0269316279332,0,False,0,38391,38478,-0.019216185,-0.057530994,12.28505,12,0.85,True,"[{""service_id"":""local_1s_tight"",""label"":""Immediate motion"",""family"":""local_relative_motion"",""horizon_s"":1.0,""position_tolerance_m"":0.1,""heading_tolerance_deg"":2.0,""maximum_aoi_s"":0.6,""position_error_m"":0.258199183244268,""heading_error_deg"":15.013397827556823,""aoi_s"":0.018370389938354492,""position_margin_m"":-0.158199183244268,""heading_margin_deg"":-13.013397827556823,""freshness_margin_s"":0.5816296100616455,""normalized_margin"":-6.506698913778411,""observable"":true,""raw_pass"":false,""reason"":""position tolerance, heading tolerance"",""status"":""withdrawn"",""observed_evaluations"":4,""satisfaction_fraction"":0.0},{""service_id"":""local_5s_moderate"",""label"":""Short prediction"",""family"":""local_relative_motion"",""horizon_s"":5.0,""position_tolerance_m"":0.2,""heading_tolerance_deg"":5.0,""maximum_aoi_s"":1.0,""position_error_m"":null,""heading_error_deg"":null,""aoi_s"":0.018370389938354492,""position_margin_m"":null,""heading_margin_deg"":null,""freshness_margin_s"":null,""normalized_margin"":null,""observable"":false,""raw_pass"":false,""reason"":""no synchronized 5 s window"",""status"":""unobservable"",""observed_evaluations"":0,""satisfaction_fraction"":null},{""service_id"":""local_10s_preview"",""label"":""Planning support"",""family"":""local_relative_motion"",""horizon_s"":10.0,""position_tolerance_m"":0.5,""heading_tolerance_deg"":10.0,""maximum_aoi_s"":1.5,""position_error_m"":null,""heading_error_deg"":null,""aoi_s"":0.018370389938354492,""position_margin_m"":null,""heading_margin_deg"":null,""freshness_margin_s"":null,""normalized_margin"":null,""observable"":false,""raw_pass"":false,""reason"":""no synchronized 10 s window"",""status"":""unobservable"",""observed_evaluations"":0,""satisfaction_fraction"":null},{""service_id"":""global_state_tracking"",""label"":""Global asset tracking"",""family"":""global_synchronization"",""horizon_s"":0.0,""position_tolerance_m"":1.0,""heading_tolerance_deg"":5.0,""maximum_aoi_s"":1.0,""position_error_m"":1.4130595603648404,""heading_error_deg"":40.93991299450638,""aoi_s"":0.018370389938354492,""position_margin_m"":-0.4130595603648404,""heading_margin_deg"":-35.93991299450638,""freshness_margin_s"":0.9816296100616455,""normalized_margin"":-7.187982598901276,""observable"":true,""raw_pass"":false,""reason"":""position tolerance, heading tolerance"",""status"":""withdrawn"",""observed_evaluations"":38,""satisfaction_fraction"":0.05263157894736842}]",high,10.0,0.28840010054409504
46.88999999999987,1137.1,1789572412.107777,908,-0.12356407552629661,0.26868150006404673,-2.2130232381608024,-1.477189284048125,0.3706939041650225,True,0.159477776,295.33,,,0.035,0.13812494277954102,1789571274.8696523,119.7545185088984,1.3574637143350186,,-142.5137,-0.031167737269855337,-0.053985925685714836,0.005366887449882563,-0.04211536305859536,0.0593528131355974,0.16957946610170688,low-motion,698.756217956543,617,1046.1924734424779,0,False,0,38495,38623,0.0,-0.018807841,12.28505,12,0.85,False,"[{""service_id"":""local_1s_tight"",""label"":""Immediate motion"",""family"":""local_relative_motion"",""horizon_s"":1.0,""position_tolerance_m"":0.1,""heading_tolerance_deg"":2.0,""maximum_aoi_s"":0.6,""position_error_m"":null,""heading_error_deg"":null,""aoi_s"":0.13812494277954102,""position_margin_m"":null,""heading_margin_deg"":null,""freshness_margin_s"":null,""normalized_margin"":null,""observable"":false,""raw_pass"":false,""reason"":""GPS course unobservable at low speed"",""status"":""unobservable"",""observed_evaluations"":4,""satisfaction_fraction"":0.0},{""service_id"":""local_5s_moderate"",""label"":""Short prediction"",""family"":""local_relative_motion"",""horizon_s"":5.0,""position_tolerance_m"":0.2,""heading_tolerance_deg"":5.0,""maximum_aoi_s"":1.0,""position_error_m"":null,""heading_error_deg"":null,""aoi_s"":0.13812494277954102,""position_margin_m"":null,""heading_margin_deg"":null,""freshness_margin_s"":null,""normalized_margin"":null,""observable"":false,""raw_pass"":false,""reason"":""GPS course unobservable at low speed"",""status"":""unobservable"",""observed_evaluations"":0,""satisfaction_fraction"":null},{""service_id"":""local_10s_preview"",""label"":""Planning support"",""family"":""local_relative_motion"",""horizon_s"":10.0,""position_tolerance_m"":0.5,""heading_tolerance_deg"":10.0,""maximum_aoi_s"":1.5,""position_error_m"":null,""heading_error_deg"":null,""aoi_s"":0.13812494277954102,""position_margin_m"":null,""heading_margin_deg"":null,""freshness_margin_s"":null,""normalized_margin"":null,""observable"":false,""raw_pass"":false,""reason"":""GPS course unobservable at low speed"",""status"":""unobservable"",""observed_evaluations"":0,""satisfaction_fraction"":null},{""service_id"":""global_state_tracking"",""label"":""Global asset tracking"",""family"":""global_synchronization"",""horizon_s"":0.0,""position_tolerance_m"":1.0,""heading_tolerance_deg"":5.0,""maximum_aoi_s"":1.0,""position_error_m"":1.3574637143350186,""heading_error_deg"":null,""aoi_s"":0.13812494277954102,""position_margin_m"":-0.35746371433501856,""heading_margin_deg"":null,""freshness_margin_s"":0.861875057220459,""normalized_margin"":-0.35746371433501856,""observable"":true,""raw_pass"":false,""reason"":""position tolerance"",""status"":""withdrawn"",""observed_evaluations"":39,""satisfaction_fraction"":0.05128205128205128}]",high,10.0,0.5547000328078866
47.62200000000007,1137.832,1789572412.7445097,909,-0.12347617808265575,0.2687989533264601,-2.213472091787479,-1.477189284048125,0.3706939041650225,True,0.216066665,295.33,,,0.049,0.04285740852355957,1789571274.8696523,95.26742172261038,1.3575425423422542,,-141.748,-0.00020041141659677702,-0.0021082068807024537,0.005366887449882563,-0.0006131880145854504,0.0074750943305850175,0.02135741237310005,low-motion,625.0836849212646,604,1061.6842302214268,0,False,0,38495,38625,0.0,0.0,12.28505,12,0.85,False,"[{""service_id"":""local_1s_tight"",""label"":""Immediate motion"",""family"":""local_relative_motion"",""horizon_s"":1.0,""position_tolerance_m"":0.1,""heading_tolerance_deg"":2.0,""maximum_aoi_s"":0.6,""position_error_m"":null,""heading_error_deg"":null,""aoi_s"":0.04285740852355957,""position_margin_m"":null,""heading_margin_deg"":null,""freshness_margin_s"":null,""normalized_margin"":null,""observable"":false,""raw_pass"":false,""reason"":""GPS course unobservable at low speed"",""status"":""unobservable"",""observed_evaluations"":4,""satisfaction_fraction"":0.0},{""service_id"":""local_5s_moderate"",""label"":""Short prediction"",""family"":""local_relative_motion"",""horizon_s"":5.0,""position_tolerance_m"":0.2,""heading_tolerance_deg"":5.0,""maximum_aoi_s"":1.0,""position_error_m"":null,""heading_error_deg"":null,""aoi_s"":0.04285740852355957,""position_margin_m"":null,""heading_margin_deg"":null,""freshness_margin_s"":null,""normalized_margin"":null,""observable"":false,""raw_pass"":false,""reason"":""GPS course unobservable at low speed"",""status"":""unobservable"",""observed_evaluations"":0,""satisfaction_fraction"":null},{""service_id"":""local_10s_preview"",""label"":""Planning support"",""family"":""local_relative_motion"",""horizon_s"":10.0,""position_tolerance_m"":0.5,""heading_tolerance_deg"":10.0,""maximum_aoi_s"":1.5,""position_error_m"":null,""heading_error_deg"":null,""aoi_s"":0.04285740852355957,""position_margin_m"":null,""heading_margin_deg"":null,""freshness_margin_s"":null,""normalized_margin"":null,""observable"":false,""raw_pass"":false,""reason"":""GPS course unobservable at low speed"",""status"":""unobservable"",""observed_evaluations"":0,""satisfaction_fraction"":null},{""service_id"":""global_state_tracking"",""label"":""Global asset tracking"",""family"":""global_synchronization"",""horizon_s"":0.0,""position_tolerance_m"":1.0,""heading_tolerance_deg"":5.0,""maximum_aoi_s"":1.0,""position_error_m"":1.3575425423422542,""heading_error_deg"":null,""aoi_s"":0.04285740852355957,""position_margin_m"":-0.35754254234225424,""heading_margin_deg"":null,""freshness_margin_s"":0.9571425914764404,""normalized_margin"":-0.35754254234225424,""observable"":true,""raw_pass"":false,""reason"":""position tolerance"",""status"":""withdrawn"",""observed_evaluations"":40,""satisfaction_fraction"":0.05}]",high,10.0,0.4132000030949712
48.23199999999997,1138.442,1789572413.3165927,910,-0.12347617808265575,0.2687989533264601,-2.214015063717774,-1.477189284048125,0.3706939041650225,True,0.169766665,295.33,,,0.059,0.004940509796142578,1789571274.8696523,37.91700363149175,1.3575425423422542,,-141.7976,-0.0,0.0,-0.00445058959258554,-0.000890117918517108,0.00445058959258554,0.012715970264530115,low-motion,562.6113414764404,606,1060.902323009819,0,False,0,38495,38625,0.0,0.0,12.28505,12,0.85,False,"[{""service_id"":""local_1s_tight"",""label"":""Immediate motion"",""family"":""local_relative_motion"",""horizon_s"":1.0,""position_tolerance_m"":0.1,""heading_tolerance_deg"":2.0,""maximum_aoi_s"":0.6,""position_error_m"":null,""heading_error_deg"":null,""aoi_s"":0.004940509796142578,""position_margin_m"":null,""heading_margin_deg"":null,""freshness_margin_s"":null,""normalized_margin"":null,""observable"":false,""raw_pass"":false,""reason"":""GPS course unobservable at low speed"",""status"":""unobservable"",""observed_evaluations"":4,""satisfaction_fraction"":0.0},{""service_id"":""local_5s_moderate"",""label"":""Short prediction"",""family"":""local_relative_motion"",""horizon_s"":5.0,""position_tolerance_m"":0.2,""heading_tolerance_deg"":5.0,""maximum_aoi_s"":1.0,""position_error_m"":null,""heading_error_deg"":null,""aoi_s"":0.004940509796142578,""position_margin_m"":null,""heading_margin_deg"":null,""freshness_margin_s"":null,""normalized_margin"":null,""observable"":false,""raw_pass"":false,""reason"":""GPS course unobservable at low speed"",""status"":""unobservable"",""observed_evaluations"":0,""satisfaction_fraction"":null},{""service_id"":""local_10s_preview"",""label"":""Planning support"",""family"":""local_relative_motion"",""horizon_s"":10.0,""position_tolerance_m"":0.5,""heading_tolerance_deg"":10.0,""maximum_aoi_s"":1.5,""position_error_m"":null,""heading_error_deg"":null,""aoi_s"":0.004940509796142578,""position_margin_m"":null,""heading_margin_deg"":null,""freshness_margin_s"":null,""normalized_margin"":null,""observable"":false,""raw_pass"":false,""reason"":""GPS course unobservable at low speed"",""status"":""unobservable"",""observed_evaluations"":0,""satisfaction_fraction"":null},{""service_id"":""global_state_tracking"",""label"":""Global asset tracking"",""family"":""global_synchronization"",""horizon_s"":0.0,""position_tolerance_m"":1.0,""heading_tolerance_deg"":5.0,""maximum_aoi_s"":1.0,""position_error_m"":1.3575425423422542,""heading_error_deg"":null,""aoi_s"":0.004940509796142578,""position_margin_m"":-0.35754254234225424,""heading_margin_deg"":null,""freshness_margin_s"":0.9950594902038574,""normalized_margin"":-0.35754254234225424,""observable"":true,""raw_pass"":false,""reason"":""position tolerance"",""status"":""withdrawn"",""observed_evaluations"":41,""satisfaction_fraction"":0.04878048780487805}]",high,10.0,0.4914000164717436
48.79899999999998,1139.009,1789572414.0145187,911,-0.12343215864544892,0.26885762697054777,-2.214889643130773,-1.477189284048125,0.3706939041650225,True,0.169766665,295.33,,,0.626,0.13586640357971191,1789571274.8696523,130.92604446410405,1.3575820350650443,,-141.7814,-0.00012936609960218575,-0.0013608531187606651,-0.0022689280275926286,-0.0015424681005270578,0.0009080749088319635,0.002594499739519896,low-motion,683.0358505249023,612,1059.8802344982435,0,False,0,38495,38626,0.0,0.00027435,12.27305,12,0.85,False,"[{""service_id"":""local_1s_tight"",""label"":""Immediate motion"",""family"":""local_relative_motion"",""horizon_s"":1.0,""position_tolerance_m"":0.1,""heading_tolerance_deg"":2.0,""maximum_aoi_s"":0.6,""position_error_m"":null,""heading_error_deg"":null,""aoi_s"":0.13586640357971191,""position_margin_m"":null,""heading_margin_deg"":null,""freshness_margin_s"":null,""normalized_margin"":null,""observable"":false,""raw_pass"":false,""reason"":""GPS course unobservable at low speed"",""status"":""unobservable"",""observed_evaluations"":4,""satisfaction_fraction"":0.0},{""service_id"":""local_5s_moderate"",""label"":""Short prediction"",""family"":""local_relative_motion"",""horizon_s"":5.0,""position_tolerance_m"":0.2,""heading_tolerance_deg"":5.0,""maximum_aoi_s"":1.0,""position_error_m"":null,""heading_error_deg"":null,""aoi_s"":0.13586640357971191,""position_margin_m"":null,""heading_margin_deg"":null,""freshness_margin_s"":null,""normalized_margin"":null,""observable"":false,""raw_pass"":false,""reason"":""GPS course unobservable at low speed"",""status"":""unobservable"",""observed_evaluations"":0,""satisfaction_fraction"":null},{""service_id"":""local_10s_preview"",""label"":""Planning support"",""family"":""local_relative_motion"",""horizon_s"":10.0,""position_tolerance_m"":0.5,""heading_tolerance_deg"":10.0,""maximum_aoi_s"":1.5,""position_error_m"":null,""heading_error_deg"":null,""aoi_s"":0.13586640357971191,""position_margin_m"":null,""heading_margin_deg"":null,""freshness_margin_s"":null,""normalized_margin"":null,""observable"":false,""raw_pass"":false,""reason"":""GPS course unobservable at low speed"",""status"":""unobservable"",""observed_evaluations"":0,""satisfaction_fraction"":null},{""service_id"":""global_state_tracking"",""label"":""Global asset tracking"",""family"":""global_synchronization"",""horizon_s"":0.0,""position_tolerance_m"":1.0,""heading_tolerance_deg"":5.0,""maximum_aoi_s"":1.0,""position_error_m"":1.3575820350650443,""heading_error_deg"":null,""aoi_s"":0.13586640357971191,""position_margin_m"":-0.35758203506504427,""heading_margin_deg"":null,""freshness_margin_s"":0.8641335964202881,""normalized_margin"":-0.35758203506504427,""observable"":true,""raw_pass"":false,""reason"":""position tolerance"",""status"":""withdrawn"",""observed_evaluations"":42,""satisfaction_fraction"":0.047619047619047616}]",high,10.0,0.35230000503361225
49.51700000000005,1139.727,1789572414.600729,912,-0.12312330737822964,0.26926780492644165,-2.2175000791134596,-1.477189284048125,0.5565974541430395,True,0.123466666,295.33,,,0.033,0.004076719284057617,1789571274.8696523,131.7897491455824,1.3842156611214638,,-141.4577,-0.0007151170603356943,-0.0075225989252933,0.011911872144861299,-0.0036357047112623797,0.0194344710701546,0.055527060200441715,low-motion,576.2133598327637,611,1085.9590381428284,0,False,0,38495,38633,0.0,0.0,12.27305,12,0.85,False,"[{""service_id"":""local_1s_tight"",""label"":""Immediate motion"",""family"":""local_relative_motion"",""horizon_s"":1.0,""position_tolerance_m"":0.1,""heading_tolerance_deg"":2.0,""maximum_aoi_s"":0.6,""position_error_m"":null,""heading_error_deg"":null,""aoi_s"":0.004076719284057617,""position_margin_m"":null,""heading_margin_deg"":null,""freshness_margin_s"":null,""normalized_margin"":null,""observable"":false,""raw_pass"":false,""reason"":""GPS course unobservable at low speed"",""status"":""unobservable"",""observed_evaluations"":4,""satisfaction_fraction"":0.0},{""service_id"":""local_5s_moderate"",""label"":""Short prediction"",""family"":""local_relative_motion"",""horizon_s"":5.0,""position_tolerance_m"":0.2,""heading_tolerance_deg"":5.0,""maximum_aoi_s"":1.0,""position_error_m"":null,""heading_error_deg"":null,""aoi_s"":0.004076719284057617,""position_margin_m"":null,""heading_margin_deg"":null,""freshness_margin_s"":null,""normalized_margin"":null,""observable"":false,""raw_pass"":false,""reason"":""GPS course unobservable at low speed"",""status"":""unobservable"",""observed_evaluations"":0,""satisfaction_fraction"":null},{""service_id"":""local_10s_preview"",""label"":""Planning support"",""family"":""local_relative_motion"",""horizon_s"":10.0,""position_tolerance_m"":0.5,""heading_tolerance_deg"":10.0,""maximum_aoi_s"":1.5,""position_error_m"":null,""heading_error_deg"":null,""aoi_s"":0.004076719284057617,""position_margin_m"":null,""heading_margin_deg"":null,""freshness_margin_s"":null,""normalized_margin"":null,""observable"":false,""raw_pass"":false,""reason"":""GPS course unobservable at low speed"",""status"":""unobservable"",""observed_evaluations"":0,""satisfaction_fraction"":null},{""service_id"":""global_state_tracking"",""label"":""Global asset tracking"",""family"":""global_synchronization"",""horizon_s"":0.0,""position_tolerance_m"":1.0,""heading_tolerance_deg"":5.0,""maximum_aoi_s"":1.0,""position_error_m"":1.3842156611214638,""heading_error_deg"":null,""aoi_s"":0.004076719284057617,""position_margin_m"":-0.38421566112146377,""heading_margin_deg"":null,""freshness_margin_s"":0.9959232807159424,""normalized_margin"":-0.38421566112146377,""observable"":true,""raw_pass"":false,""reason"":""position tolerance"",""status"":""withdrawn"",""observed_evaluations"":43,""satisfaction_fraction"":0.046511627906976744}]",high,10.0,0.5293000722303987
50.093000000000075,1140.303,1789572415.3097498,913,-0.12312330737822964,0.26926780492644165,-2.2180127870345254,-1.6251740536928005,0.5565974541430395,True,0.236644442,295.33,,,0.024,0.13709759712219238,1789571274.8696523,133.0208530425807,1.5292857064077636,,-141.2413,-0.0,0.0,-0.00445058959258554,-0.000890117918517108,0.00445058959258554,0.012715970264530115,low-motion,697.7624893188477,616,1095.0750446033337,0,False,0,38495,38633,0.0,0.0,12.27305,12,0.85,False,"[{""service_id"":""local_1s_tight"",""label"":""Immediate motion"",""family"":""local_relative_motion"",""horizon_s"":1.0,""position_tolerance_m"":0.1,""heading_tolerance_deg"":2.0,""maximum_aoi_s"":0.6,""position_error_m"":null,""heading_error_deg"":null,""aoi_s"":0.13709759712219238,""position_margin_m"":null,""heading_margin_deg"":null,""freshness_margin_s"":null,""normalized_margin"":null,""observable"":false,""raw_pass"":false,""reason"":""GPS course unobservable at low speed"",""status"":""unobservable"",""observed_evaluations"":4,""satisfaction_fraction"":0.0},{""service_id"":""local_5s_moderate"",""label"":""Short prediction"",""family"":""local_relative_motion"",""horizon_s"":5.0,""position_tolerance_m"":0.2,""heading_tolerance_deg"":5.0,""maximum_aoi_s"":1.0,""position_error_m"":null,""heading_error_deg"":null,""aoi_s"":0.13709759712219238,""position_margin_m"":null,""heading_margin_deg"":null,""freshness_margin_s"":null,""normalized_margin"":null,""observable"":false,""raw_pass"":false,""reason"":""GPS course unobservable at low speed"",""status"":""unobservable"",""observed_evaluations"":0,""satisfaction_fraction"":null},{""service_id"":""local_10s_preview"",""label"":""Planning support"",""family"":""local_relative_motion"",""horizon_s"":10.0,""position_tolerance_m"":0.5,""heading_tolerance_deg"":10.0,""maximum_aoi_s"":1.5,""position_error_m"":null,""heading_error_deg"":null,""aoi_s"":0.13709759712219238,""position_margin_m"":null,""heading_margin_deg"":null,""freshness_margin_s"":null,""normalized_margin"":null,""observable"":false,""raw_pass"":false,""reason"":""GPS course unobservable at low speed"",""status"":""unobservable"",""observed_evaluations"":0,""satisfaction_fraction"":null},{""service_id"":""global_state_tracking"",""label"":""Global asset tracking"",""family"":""global_synchronization"",""horizon_s"":0.0,""position_tolerance_m"":1.0,""heading_tolerance_deg"":5.0,""maximum_aoi_s"":1.0,""position_error_m"":1.5292857064077636,""heading_error_deg"":null,""aoi_s"":0.13709759712219238,""position_margin_m"":-0.5292857064077636,""heading_margin_deg"":null,""freshness_margin_s"":0.8629024028778076,""normalized_margin"":-0.5292857064077636,""observable"":true,""raw_pass"":false,""reason"":""position tolerance"",""status"":""withdrawn"",""observed_evaluations"":44,""satisfaction_fraction"":0.045454545454545456}]",high,10.0,0.34250004682689905
50.798,1141.008,1789572415.8970537,914,-0.12312330737822964,0.26926780492644165,-2.217717477325088,-1.6251740536928005,0.5565974541430395,True,0.236644442,295.33,,,0.729,0.01940155029296875,1789571274.8696523,117.69612312309619,1.5292857064077636,,-140.9221,-0.0,0.0,0.0020943951023931952,0.00041887902047863906,0.0020943951023931952,0.005983986006837701,low-motion,575.2673149108887,616,1092.9846469575693,0,False,0,38495,38633,0.0,0.0,12.27305,12,0.85,False,"[{""service_id"":""local_1s_tight"",""label"":""Immediate motion"",""family"":""local_relative_motion"",""horizon_s"":1.0,""position_tolerance_m"":0.1,""heading_tolerance_deg"":2.0,""maximum_aoi_s"":0.6,""position_error_m"":null,""heading_error_deg"":null,""aoi_s"":0.01940155029296875,""position_margin_m"":null,""heading_margin_deg"":null,""freshness_margin_s"":null,""normalized_margin"":null,""observable"":false,""raw_pass"":false,""reason"":""GPS course unobservable at low speed"",""status"":""unobservable"",""observed_evaluations"":4,""satisfaction_fraction"":0.0},{""service_id"":""local_5s_moderate"",""label"":""Short prediction"",""family"":""local_relative_motion"",""horizon_s"":5.0,""position_tolerance_m"":0.2,""heading_tolerance_deg"":5.0,""maximum_aoi_s"":1.0,""position_error_m"":null,""heading_error_deg"":null,""aoi_s"":0.01940155029296875,""position_margin_m"":null,""heading_margin_deg"":null,""freshness_margin_s"":null,""normalized_margin"":null,""observable"":false,""raw_pass"":false,""reason"":""GPS course unobservable at low speed"",""status"":""unobservable"",""observed_evaluations"":0,""satisfaction_fraction"":null},{""service_id"":""local_10s_preview"",""label"":""Planning support"",""family"":""local_relative_motion"",""horizon_s"":10.0,""position_tolerance_m"":0.5,""heading_tolerance_deg"":10.0,""maximum_aoi_s"":1.5,""position_error_m"":null,""heading_error_deg"":null,""aoi_s"":0.01940155029296875,""position_margin_m"":null,""heading_margin_deg"":null,""freshness_margin_s"":null,""normalized_margin"":null,""observable"":false,""raw_pass"":false,""reason"":""GPS course unobservable at low speed"",""status"":""unobservable"",""observed_evaluations"":0,""satisfaction_fraction"":null},{""service_id"":""global_state_tracking"",""label"":""Global asset tracking"",""family"":""global_synchronization"",""horizon_s"":0.0,""position_tolerance_m"":1.0,""heading_tolerance_deg"":5.0,""maximum_aoi_s"":1.0,""position_error_m"":1.5292857064077636,""heading_error_deg"":null,""aoi_s"":0.01940155029296875,""position_margin_m"":-0.5292857064077636,""heading_margin_deg"":null,""freshness_margin_s"":0.9805984497070312,""normalized_margin"":-0.5292857064077636,""observable"":true,""raw_pass"":false,""reason"":""position tolerance"",""status"":""withdrawn"",""observed_evaluations"":45,""satisfaction_fraction"":0.044444444444444446}]",high,10.0,0.33219996839761734
51.37699999999995,1141.587,1789572416.593178,915,-0.12312330737822964,0.26926780492644165,-2.2183591738045223,-1.772272686291025,0.5565974541430395,True,0.236644442,295.33,,,0.032,0.13652586936950684,1789571274.8696523,117.12431526188993,1.6739928319103974,,-141.027,-0.0,0.0,-0.005541420375081997,-0.0011082840750163993,0.005541420375081997,0.01583262964309142,low-motion,685.6460571289062,615,1091.7641683855454,0,False,0,38495,38633,0.0,0.0,12.27305,12,0.85,False,"[{""service_id"":""local_1s_tight"",""label"":""Immediate motion"",""family"":""local_relative_motion"",""horizon_s"":1.0,""position_tolerance_m"":0.1,""heading_tolerance_deg"":2.0,""maximum_aoi_s"":0.6,""position_error_m"":null,""heading_error_deg"":null,""aoi_s"":0.13652586936950684,""position_margin_m"":null,""heading_margin_deg"":null,""freshness_margin_s"":null,""normalized_margin"":null,""observable"":false,""raw_pass"":false,""reason"":""GPS course unobservable at low speed"",""status"":""unobservable"",""observed_evaluations"":4,""satisfaction_fraction"":0.0},{""service_id"":""local_5s_moderate"",""label"":""Short prediction"",""family"":""local_relative_motion"",""horizon_s"":5.0,""position_tolerance_m"":0.2,""heading_tolerance_deg"":5.0,""maximum_aoi_s"":1.0,""position_error_m"":null,""heading_error_deg"":null,""aoi_s"":0.13652586936950684,""position_margin_m"":null,""heading_margin_deg"":null,""freshness_margin_s"":null,""normalized_margin"":null,""observable"":false,""raw_pass"":false,""reason"":""GPS course unobservable at low speed"",""status"":""unobservable"",""observed_evaluations"":0,""satisfaction_fraction"":null},{""service_id"":""local_10s_preview"",""label"":""Planning support"",""family"":""local_relative_motion"",""horizon_s"":10.0,""position_tolerance_m"":0.5,""heading_tolerance_deg"":10.0,""maximum_aoi_s"":1.5,""position_error_m"":null,""heading_error_deg"":null,""aoi_s"":0.13652586936950684,""position_margin_m"":null,""heading_margin_deg"":null,""freshness_margin_s"":null,""normalized_margin"":null,""observable"":false,""raw_pass"":false,""reason"":""GPS course unobservable at low speed"",""status"":""unobservable"",""observed_evaluations"":0,""satisfaction_fraction"":null},{""service_id"":""global_state_tracking"",""label"":""Global asset tracking"",""family"":""global_synchronization"",""horizon_s"":0.0,""position_tolerance_m"":1.0,""heading_tolerance_deg"":5.0,""maximum_aoi_s"":1.0,""position_error_m"":1.6739928319103974,""heading_error_deg"":null,""aoi_s"":0.13652586936950684,""position_margin_m"":-0.6739928319103974,""heading_margin_deg"":null,""freshness_margin_s"":0.8634741306304932,""normalized_margin"":-0.6739928319103974,""observable"":true,""raw_pass"":false,""reason"":""position tolerance"",""status"":""withdrawn"",""observed_evaluations"":46,""satisfaction_fraction"":0.043478260869565216}]",high,10.0,0.3205999964848161
52.097999999999956,1142.308,1789572417.1898131,916,-0.12312330737822964,0.26926780492644165,-2.218371757628429,-1.6251740536928005,0.5565974541430395,True,0.133755554,295.33,,,0.034,0.012160778045654297,1789571274.8696523,124.36489677429563,1.5292857064077636,,-141.203,-0.0,0.0,-8.726646259971648e-05,-1.7453292519943296e-05,8.726646259971648e-05,0.00024933275028490425,low-motion,581.9582939147949,617,1101.6120870021991,0,False,0,38495,38633,0.0,0.0,12.27305,12,0.85,False,"[{""service_id"":""local_1s_tight"",""label"":""Immediate motion"",""family"":""local_relative_motion"",""horizon_s"":1.0,""position_tolerance_m"":0.1,""heading_tolerance_deg"":2.0,""maximum_aoi_s"":0.6,""position_error_m"":null,""heading_error_deg"":null,""aoi_s"":0.012160778045654297,""position_margin_m"":null,""heading_margin_deg"":null,""freshness_margin_s"":null,""normalized_margin"":null,""observable"":false,""raw_pass"":false,""reason"":""GPS course unobservable at low speed"",""status"":""unobservable"",""observed_evaluations"":4,""satisfaction_fraction"":0.0},{""service_id"":""local_5s_moderate"",""label"":""Short prediction"",""family"":""local_relative_motion"",""horizon_s"":5.0,""position_tolerance_m"":0.2,""heading_tolerance_deg"":5.0,""maximum_aoi_s"":1.0,""position_error_m"":null,""heading_error_deg"":null,""aoi_s"":0.012160778045654297,""position_margin_m"":null,""heading_margin_deg"":null,""freshness_margin_s"":null,""normalized_margin"":null,""observable"":false,""raw_pass"":false,""reason"":""GPS course unobservable at low speed"",""status"":""unobservable"",""observed_evaluations"":0,""satisfaction_fraction"":null},{""service_id"":""local_10s_preview"",""label"":""Planning support"",""family"":""local_relative_motion"",""horizon_s"":10.0,""position_tolerance_m"":0.5,""heading_tolerance_deg"":10.0,""maximum_aoi_s"":1.5,""position_error_m"":null,""heading_error_deg"":null,""aoi_s"":0.012160778045654297,""position_margin_m"":null,""heading_margin_deg"":null,""freshness_margin_s"":null,""normalized_margin"":null,""observable"":false,""raw_pass"":false,""reason"":""GPS course unobservable at low speed"",""status"":""unobservable"",""observed_evaluations"":0,""satisfaction_fraction"":null},{""service_id"":""global_state_tracking"",""label"":""Global asset tracking"",""family"":""global_synchronization"",""horizon_s"":0.0,""position_tolerance_m"":1.0,""heading_tolerance_deg"":5.0,""maximum_aoi_s"":1.0,""position_error_m"":1.5292857064077636,""heading_error_deg"":null,""aoi_s"":0.012160778045654297,""position_margin_m"":-0.5292857064077636,""heading_margin_deg"":null,""freshness_margin_s"":0.9878392219543457,""normalized_margin"":-0.5292857064077636,""observable"":true,""raw_pass"":false,""reason"":""position tolerance"",""status"":""withdrawn"",""observed_evaluations"":47,""satisfaction_fraction"":0.0425531914893617}]",high,10.0,0.5386000266298652
52.70699999999988,1142.917,1789572417.9241285,917,-0.12312330737822964,0.26926780492644165,-2.2181166603049576,-1.6251740536928005,0.5565974541430395,True,0.133755554,295.33,,,0.642,0.13747620582580566,1789571274.8696523,125.315395355301,1.5292857064077636,,-140.8708,-0.0,0.0,0.0020943951023931952,0.00041887902047863906,0.0020943951023931952,0.005983986006837701,low-motion,716.3090705871582,614,1064.9944289915566,0,False,0,38495,38633,0.0,0.0,12.27305,12,0.85,False,"[{""service_id"":""local_1s_tight"",""label"":""Immediate motion"",""family"":""local_relative_motion"",""horizon_s"":1.0,""position_tolerance_m"":0.1,""heading_tolerance_deg"":2.0,""maximum_aoi_s"":0.6,""position_error_m"":null,""heading_error_deg"":null,""aoi_s"":0.13747620582580566,""position_margin_m"":null,""heading_margin_deg"":null,""freshness_margin_s"":null,""normalized_margin"":null,""observable"":false,""raw_pass"":false,""reason"":""GPS course unobservable at low speed"",""status"":""unobservable"",""observed_evaluations"":4,""satisfaction_fraction"":0.0},{""service_id"":""local_5s_moderate"",""label"":""Short prediction"",""family"":""local_relative_motion"",""horizon_s"":5.0,""position_tolerance_m"":0.2,""heading_tolerance_deg"":5.0,""maximum_aoi_s"":1.0,""position_error_m"":null,""heading_error_deg"":null,""aoi_s"":0.13747620582580566,""position_margin_m"":null,""heading_margin_deg"":null,""freshness_margin_s"":null,""normalized_margin"":null,""observable"":false,""raw_pass"":false,""reason"":""GPS course unobservable at low speed"",""status"":""unobservable"",""observed_evaluations"":0,""satisfaction_fraction"":null},{""service_id"":""local_10s_preview"",""label"":""Planning support"",""family"":""local_relative_motion"",""horizon_s"":10.0,""position_tolerance_m"":0.5,""heading_tolerance_deg"":10.0,""maximum_aoi_s"":1.5,""position_error_m"":null,""heading_error_deg"":null,""aoi_s"":0.13747620582580566,""position_margin_m"":null,""heading_margin_deg"":null,""freshness_margin_s"":null,""normalized_margin"":null,""observable"":false,""raw_pass"":false,""reason"":""GPS course unobservable at low speed"",""status"":""unobservable"",""observed_evaluations"":0,""satisfaction_fraction"":null},{""service_id"":""global_state_tracking"",""label"":""Global asset tracking"",""family"":""global_synchronization"",""horizon_s"":0.0,""position_tolerance_m"":1.0,""heading_tolerance_deg"":5.0,""maximum_aoi_s"":1.0,""position_error_m"":1.5292857064077636,""heading_error_deg"":null,""aoi_s"":0.13747620582580566,""position_margin_m"":-0.5292857064077636,""heading_margin_deg"":null,""freshness_margin_s"":0.8625237941741943,""normalized_margin"":-0.5292857064077636,""observable"":true,""raw_pass"":false,""reason"":""position tolerance"",""status"":""withdrawn"",""observed_evaluations"":48,""satisfaction_fraction"":0.041666666666666664}]",high,10.0,0.4851999692618847
53.47000000000003,1143.68,1789572418.549785,918,-0.12307907914006713,0.2693263213370593,-2.2179149562547753,-1.477189284048125,0.927291358308062,True,0.092599999,295.33,,,0.078,0.00013256072998046875,1789571274.8696523,137.34363365188074,1.5055007263074953,,-141.41,-9.61344409887629e-05,-0.0010112761708219635,0.005366887449882563,0.00026435655331894176,0.006378163620704527,0.018223324630584365,low-motion,613.0509376525879,604,1081.5241765119174,0,False,0,38495,38634,0.0,0.0,12.27305,12,0.85,False,"[{""service_id"":""local_1s_tight"",""label"":""Immediate motion"",""family"":""local_relative_motion"",""horizon_s"":1.0,""position_tolerance_m"":0.1,""heading_tolerance_deg"":2.0,""maximum_aoi_s"":0.6,""position_error_m"":null,""heading_error_deg"":null,""aoi_s"":0.00013256072998046875,""position_margin_m"":null,""heading_margin_deg"":null,""freshness_margin_s"":null,""normalized_margin"":null,""observable"":false,""raw_pass"":false,""reason"":""GPS course unobservable at low speed"",""status"":""unobservable"",""observed_evaluations"":4,""satisfaction_fraction"":0.0},{""service_id"":""local_5s_moderate"",""label"":""Short prediction"",""family"":""local_relative_motion"",""horizon_s"":5.0,""position_tolerance_m"":0.2,""heading_tolerance_deg"":5.0,""maximum_aoi_s"":1.0,""position_error_m"":null,""heading_error_deg"":null,""aoi_s"":0.00013256072998046875,""position_margin_m"":null,""heading_margin_deg"":null,""freshness_margin_s"":null,""normalized_margin"":null,""observable"":false,""raw_pass"":false,""reason"":""GPS course unobservable at low speed"",""status"":""unobservable"",""observed_evaluations"":0,""satisfaction_fraction"":null},{""service_id"":""local_10s_preview"",""label"":""Planning support"",""family"":""local_relative_motion"",""horizon_s"":10.0,""position_tolerance_m"":0.5,""heading_tolerance_deg"":10.0,""maximum_aoi_s"":1.5,""position_error_m"":null,""heading_error_deg"":null,""aoi_s"":0.00013256072998046875,""position_margin_m"":null,""heading_margin_deg"":null,""freshness_margin_s"":null,""normalized_margin"":null,""observable"":false,""raw_pass"":false,""reason"":""GPS course unobservable at low speed"",""status"":""unobservable"",""observed_evaluations"":0,""satisfaction_fraction"":null},{""service_id"":""global_state_tracking"",""label"":""Global asset tracking"",""family"":""global_synchronization"",""horizon_s"":0.0,""position_tolerance_m"":1.0,""heading_tolerance_deg"":5.0,""maximum_aoi_s"":1.0,""position_error_m"":1.5055007263074953,""heading_error_deg"":null,""aoi_s"":0.00013256072998046875,""position_margin_m"":-0.5055007263074953,""heading_margin_deg"":null,""freshness_margin_s"":0.9998674392700195,""normalized_margin"":-0.5055007263074953,""observable"":true,""raw_pass"":false,""reason"":""position tolerance"",""status"":""withdrawn"",""observed_evaluations"":49,""satisfaction_fraction"":0.04081632653061224}]",high,10.0,0.6385000888258219
54.048,1144.258,1789572419.264399,919,-0.12250592599624006,0.27008840231568926,-2.2133518633582496,-1.6251740536928005,0.927291358308062,True,0.061733333,295.33,,,0.027,0.13674688339233398,1789571274.8696523,136.61415290835066,1.6400997614048358,,-139.4384,-0.0016497534950999403,0.009344681709967799,0.0020943951023931952,0.007894624388452879,0.007250286607574603,0.020715104593070296,low-motion,697.7593898773193,633,1056.249677493565,0,False,0,38505,38637,-0.037615681,-0.01880314,12.27305,12,0.85,False,"[{""service_id"":""local_1s_tight"",""label"":""Immediate motion"",""family"":""local_relative_motion"",""horizon_s"":1.0,""position_tolerance_m"":0.1,""heading_tolerance_deg"":2.0,""maximum_aoi_s"":0.6,""position_error_m"":null,""heading_error_deg"":null,""aoi_s"":0.13674688339233398,""position_margin_m"":null,""heading_margin_deg"":null,""freshness_margin_s"":null,""normalized_margin"":null,""observable"":false,""raw_pass"":false,""reason"":""GPS course unobservable at low speed"",""status"":""unobservable"",""observed_evaluations"":4,""satisfaction_fraction"":0.0},{""service_id"":""local_5s_moderate"",""label"":""Short prediction"",""family"":""local_relative_motion"",""horizon_s"":5.0,""position_tolerance_m"":0.2,""heading_tolerance_deg"":5.0,""maximum_aoi_s"":1.0,""position_error_m"":null,""heading_error_deg"":null,""aoi_s"":0.13674688339233398,""position_margin_m"":null,""heading_margin_deg"":null,""freshness_margin_s"":null,""normalized_margin"":null,""observable"":false,""raw_pass"":false,""reason"":""GPS course unobservable at low speed"",""status"":""unobservable"",""observed_evaluations"":0,""satisfaction_fraction"":null},{""service_id"":""local_10s_preview"",""label"":""Planning support"",""family"":""local_relative_motion"",""horizon_s"":10.0,""position_tolerance_m"":0.5,""heading_tolerance_deg"":10.0,""maximum_aoi_s"":1.5,""position_error_m"":null,""heading_error_deg"":null,""aoi_s"":0.13674688339233398,""position_margin_m"":null,""heading_margin_deg"":null,""freshness_margin_s"":null,""normalized_margin"":null,""observable"":false,""raw_pass"":false,""reason"":""GPS course unobservable at low speed"",""status"":""unobservable"",""observed_evaluations"":0,""satisfaction_fraction"":null},{""service_id"":""global_state_tracking"",""label"":""Global asset tracking"",""family"":""global_synchronization"",""horizon_s"":0.0,""position_tolerance_m"":1.0,""heading_tolerance_deg"":5.0,""maximum_aoi_s"":1.0,""position_error_m"":1.6400997614048358,""heading_error_deg"":null,""aoi_s"":0.13674688339233398,""position_margin_m"":-0.6400997614048358,""heading_margin_deg"":null,""freshness_margin_s"":0.863253116607666,""normalized_margin"":-0.6400997614048358,""observable"":true,""raw_pass"":false,""reason"":""position tolerance"",""status"":""withdrawn"",""observed_evaluations"":50,""satisfaction_fraction"":0.04}]",high,10.0,0.45469996985048056
54.774999999999864,1144.985,1789572419.859774,920,-0.0854419020090616,0.3257776875761609,-2.1026995488229003,-1.6251740536928005,0.927291358308062,True,0.061733333,295.33,,,0.755,0.005121946334838867,1789571274.8696523,131.6249389647055,1.653055895910965,,-135.4962,-0.09201613145626167,0.14009861185769443,0.20062559751674816,0.15220400898950517,0.060526985659053734,0.17293424474015354,low-motion,580.0178050994873,635,1087.9062847064206,0,False,0,39027,39027,-0.124280885,-0.082876742,12.27305,12,0.85,False,"[{""service_id"":""local_1s_tight"",""label"":""Immediate motion"",""family"":""local_relative_motion"",""horizon_s"":1.0,""position_tolerance_m"":0.1,""heading_tolerance_deg"":2.0,""maximum_aoi_s"":0.6,""position_error_m"":null,""heading_error_deg"":null,""aoi_s"":0.005121946334838867,""position_margin_m"":null,""heading_margin_deg"":null,""freshness_margin_s"":null,""normalized_margin"":null,""observable"":false,""raw_pass"":false,""reason"":""GPS course unobservable at low speed"",""status"":""unobservable"",""observed_evaluations"":4,""satisfaction_fraction"":0.0},{""service_id"":""local_5s_moderate"",""label"":""Short prediction"",""family"":""local_relative_motion"",""horizon_s"":5.0,""position_tolerance_m"":0.2,""heading_tolerance_deg"":5.0,""maximum_aoi_s"":1.0,""position_error_m"":null,""heading_error_deg"":null,""aoi_s"":0.005121946334838867,""position_margin_m"":null,""heading_margin_deg"":null,""freshness_margin_s"":null,""normalized_margin"":null,""observable"":false,""raw_pass"":false,""reason"":""GPS course unobservable at low speed"",""status"":""unobservable"",""observed_evaluations"":0,""satisfaction_fraction"":null},{""service_id"":""local_10s_preview"",""label"":""Planning support"",""family"":""local_relative_motion"",""horizon_s"":10.0,""position_tolerance_m"":0.5,""heading_tolerance_deg"":10.0,""maximum_aoi_s"":1.5,""position_error_m"":null,""heading_error_deg"":null,""aoi_s"":0.005121946334838867,""position_margin_m"":null,""heading_margin_deg"":null,""freshness_margin_s"":null,""normalized_margin"":null,""observable"":false,""raw_pass"":false,""reason"":""GPS course unobservable at low speed"",""status"":""unobservable"",""observed_evaluations"":0,""satisfaction_fraction"":null},{""service_id"":""global_state_tracking"",""label"":""Global asset tracking"",""family"":""global_synchronization"",""horizon_s"":0.0,""position_tolerance_m"":1.0,""heading_tolerance_deg"":5.0,""maximum_aoi_s"":1.0,""position_error_m"":1.653055895910965,""heading_error_deg"":null,""aoi_s"":0.005121946334838867,""position_margin_m"":-0.6530558959109649,""heading_margin_deg"":null,""freshness_margin_s"":0.9948780536651611,""normalized_margin"":-0.6530558959109649,""observable"":true,""raw_pass"":false,""reason"":""position tolerance"",""status"":""withdrawn"",""observed_evaluations"":51,""satisfaction_fraction"":0.0392156862745098}]",high,10.0,0.49100001342594624
55.35199999999986,1145.562,1789572420.5805132,921,-0.05530612136350099,0.38582944774405137,-1.9691143343377182,-1.477189284048125,0.7413878091210176,True,0.066877777,295.33,,,0.027,0.14886093139648438,1789571274.8696523,143.73912620544615,1.4656648582370742,,-131.5309,-0.11644563237883446,0.24605733825661177,0.17335482795433677,0.2315168361961568,0.07270251030227501,0.20772145800650005,low-motion,706.9830894470215,633,1060.5408199705016,0,False,0,39577,39393,-0.150368745,-0.093968727,12.27305,12,0.85,False,"[{""service_id"":""local_1s_tight"",""label"":""Immediate motion"",""family"":""local_relative_motion"",""horizon_s"":1.0,""position_tolerance_m"":0.1,""heading_tolerance_deg"":2.0,""maximum_aoi_s"":0.6,""position_error_m"":null,""heading_error_deg"":null,""aoi_s"":0.14886093139648438,""position_margin_m"":null,""heading_margin_deg"":null,""freshness_margin_s"":null,""normalized_margin"":null,""observable"":false,""raw_pass"":false,""reason"":""GPS course unobservable at low speed"",""status"":""unobservable"",""observed_evaluations"":4,""satisfaction_fraction"":0.0},{""service_id"":""local_5s_moderate"",""label"":""Short prediction"",""family"":""local_relative_motion"",""horizon_s"":5.0,""position_tolerance_m"":0.2,""heading_tolerance_deg"":5.0,""maximum_aoi_s"":1.0,""position_error_m"":null,""heading_error_deg"":null,""aoi_s"":0.14886093139648438,""position_margin_m"":null,""heading_margin_deg"":null,""freshness_margin_s"":null,""normalized_margin"":null,""observable"":false,""raw_pass"":false,""reason"":""GPS course unobservable at low speed"",""status"":""unobservable"",""observed_evaluations"":0,""satisfaction_fraction"":null},{""service_id"":""local_10s_preview"",""label"":""Planning support"",""family"":""local_relative_motion"",""horizon_s"":10.0,""position_tolerance_m"":0.5,""heading_tolerance_deg"":10.0,""maximum_aoi_s"":1.5,""position_error_m"":null,""heading_error_deg"":null,""aoi_s"":0.14886093139648438,""position_margin_m"":null,""heading_margin_deg"":null,""freshness_margin_s"":null,""normalized_margin"":null,""observable"":false,""raw_pass"":false,""reason"":""GPS course unobservable at low speed"",""status"":""unobservable"",""observed_evaluations"":0,""satisfaction_fraction"":null},{""service_id"":""global_state_tracking"",""label"":""Global asset tracking"",""family"":""global_synchronization"",""horizon_s"":0.0,""position_tolerance_m"":1.0,""heading_tolerance_deg"":5.0,""maximum_aoi_s"":1.0,""position_error_m"":1.4656648582370742,""heading_error_deg"":null,""aoi_s"":0.14886093139648438,""position_margin_m"":-0.46566485823707415,""heading_margin_deg"":null,""freshness_margin_s"":0.8511390686035156,""normalized_margin"":-0.46566485823707415,""observable"":true,""raw_pass"":false,""reason"":""position tolerance"",""status"":""withdrawn"",""observed_evaluations"":52,""satisfaction_fraction"":0.038461538461538464}]",high,10.0,0.3819999983534217
56.07999999999993,1146.29,1789572421.303208,922,-0.03125453931047369,0.4747628495468079,-1.7007311754639094,-1.477189284048125,0.7413878091210176,True,0.066877777,295.33,,,0.046,0.1435558795928955,1789571274.8696523,5.3051261902510305,1.470311584361453,,-120.5997,-0.12654989912622072,0.356124793078725,0.4187917540160394,0.3686581852661879,0.06266696093731439,0.17904845982089826,translation,707.7100276947021,630,1057.5304014143446,0,False,0,40373,39853,-0.169312894,-0.09405096,12.27305,11,0.87,False,"[{""service_id"":""local_1s_tight"",""label"":""Immediate motion"",""family"":""local_relative_motion"",""horizon_s"":1.0,""position_tolerance_m"":0.1,""heading_tolerance_deg"":2.0,""maximum_aoi_s"":0.6,""position_error_m"":null,""heading_error_deg"":null,""aoi_s"":0.1435558795928955,""position_margin_m"":null,""heading_margin_deg"":null,""freshness_margin_s"":null,""normalized_margin"":null,""observable"":false,""raw_pass"":false,""reason"":""GPS course unobservable at low speed"",""status"":""unobservable"",""observed_evaluations"":4,""satisfaction_fraction"":0.0},{""service_id"":""local_5s_moderate"",""label"":""Short prediction"",""family"":""local_relative_motion"",""horizon_s"":5.0,""position_tolerance_m"":0.2,""heading_tolerance_deg"":5.0,""maximum_aoi_s"":1.0,""position_error_m"":null,""heading_error_deg"":null,""aoi_s"":0.1435558795928955,""position_margin_m"":null,""heading_margin_deg"":null,""freshness_margin_s"":null,""normalized_margin"":null,""observable"":false,""raw_pass"":false,""reason"":""GPS course unobservable at low speed"",""status"":""unobservable"",""observed_evaluations"":0,""satisfaction_fraction"":null},{""service_id"":""local_10s_preview"",""label"":""Planning support"",""family"":""local_relative_motion"",""horizon_s"":10.0,""position_tolerance_m"":0.5,""heading_tolerance_deg"":10.0,""maximum_aoi_s"":1.5,""position_error_m"":null,""heading_error_deg"":null,""aoi_s"":0.1435558795928955,""position_margin_m"":null,""heading_margin_deg"":null,""freshness_margin_s"":null,""normalized_margin"":null,""observable"":false,""raw_pass"":false,""reason"":""GPS course unobservable at low speed"",""status"":""unobservable"",""observed_evaluations"":0,""satisfaction_fraction"":null},{""service_id"":""global_state_tracking"",""label"":""Global asset tracking"",""family"":""global_synchronization"",""horizon_s"":0.0,""position_tolerance_m"":1.0,""heading_tolerance_deg"":5.0,""maximum_aoi_s"":1.0,""position_error_m"":1.470311584361453,""heading_error_deg"":null,""aoi_s"":0.1435558795928955,""position_margin_m"":-0.47031158436145293,""heading_margin_deg"":null,""freshness_margin_s"":0.8564441204071045,""normalized_margin"":-0.47031158436145293,""observable"":true,""raw_pass"":false,""reason"":""position tolerance"",""status"":""withdrawn"",""observed_evaluations"":53,""satisfaction_fraction"":0.03773584905660377}]",high,10.0,0.3192999865859747
56.80799999999999,1147.018,1789572421.895861,923,-0.03346173047810507,0.5673783332541079,-1.393206952963114,-1.477189284048125,0.7413878091210176,True,0.087455555,295.33,,,0.042,0.008208751678466797,1789571274.8696523,135.34720230109087,1.4541762433174157,,-117.8394,-0.12725519315001335,0.4080596587360392,0.4798782778358409,0.4224233825559996,0.0718186190998017,0.20519605457086199,translation,581.3822746276855,632,1062.0376674226306,0,False,0,41197,40292,-0.164081489,-0.082040744,12.27305,11,0.87,False,"[{""service_id"":""local_1s_tight"",""label"":""Immediate motion"",""family"":""local_relative_motion"",""horizon_s"":1.0,""position_tolerance_m"":0.1,""heading_tolerance_deg"":2.0,""maximum_aoi_s"":0.6,""position_error_m"":null,""heading_error_deg"":null,""aoi_s"":0.008208751678466797,""position_margin_m"":null,""heading_margin_deg"":null,""freshness_margin_s"":null,""normalized_margin"":null,""observable"":false,""raw_pass"":false,""reason"":""GPS course unobservable at low speed"",""status"":""unobservable"",""observed_evaluations"":4,""satisfaction_fraction"":0.0},{""service_id"":""local_5s_moderate"",""label"":""Short prediction"",""family"":""local_relative_motion"",""horizon_s"":5.0,""position_tolerance_m"":0.2,""heading_tolerance_deg"":5.0,""maximum_aoi_s"":1.0,""position_error_m"":null,""heading_error_deg"":null,""aoi_s"":0.008208751678466797,""position_margin_m"":null,""heading_margin_deg"":null,""freshness_margin_s"":null,""normalized_margin"":null,""observable"":false,""raw_pass"":false,""reason"":""GPS course unobservable at low speed"",""status"":""unobservable"",""observed_evaluations"":0,""satisfaction_fraction"":null},{""service_id"":""local_10s_preview"",""label"":""Planning support"",""family"":""local_relative_motion"",""horizon_s"":10.0,""position_tolerance_m"":0.5,""heading_tolerance_deg"":10.0,""maximum_aoi_s"":1.5,""position_error_m"":null,""heading_error_deg"":null,""aoi_s"":0.008208751678466797,""position_margin_m"":null,""heading_margin_deg"":null,""freshness_margin_s"":null,""normalized_margin"":null,""observable"":false,""raw_pass"":false,""reason"":""GPS course unobservable at low speed"",""status"":""unobservable"",""observed_evaluations"":0,""satisfaction_fraction"":null},{""service_id"":""global_state_tracking"",""label"":""Global asset tracking"",""family"":""global_synchronization"",""horizon_s"":0.0,""position_tolerance_m"":1.0,""heading_tolerance_deg"":5.0,""maximum_aoi_s"":1.0,""position_error_m"":1.4541762433174157,""heading_error_deg"":null,""aoi_s"":0.008208751678466797,""position_margin_m"":-0.4541762433174157,""heading_margin_deg"":null,""freshness_margin_s"":0.9917912483215332,""normalized_margin"":-0.4541762433174157,""observable"":true,""raw_pass"":false,""reason"":""position tolerance"",""status"":""withdrawn"",""observed_evaluations"":54,""satisfaction_fraction"":0.037037037037037035}]",high,10.0,0.31320005655288696
57.39300000000003,1147.603,1789572422.609373,924,-0.05614896809775969,0.6401343916513335,-1.1438440963756302,-1.477189284048125,0.5565974541430395,True,0.066877777,295.33,,,0.034,0.13672089576721191,1789571274.8696523,128.5121822356814,1.4234935895481158,,-111.9709,-0.130275642794767,0.436582616700227,0.38497599975864927,0.42626129331191154,0.051606616941577754,0.14744747697593644,translation,701.4279365539551,635,1070.5951280676024,0,False,0,41882,40646,-0.143103135,-0.04078686,12.27305,12,0.85,False,"[{""service_id"":""local_1s_tight"",""label"":""Immediate motion"",""family"":""local_relative_motion"",""horizon_s"":1.0,""position_tolerance_m"":0.1,""heading_tolerance_deg"":2.0,""maximum_aoi_s"":0.6,""position_error_m"":null,""heading_error_deg"":null,""aoi_s"":0.13672089576721191,""position_margin_m"":null,""heading_margin_deg"":null,""freshness_margin_s"":null,""normalized_margin"":null,""observable"":false,""raw_pass"":false,""reason"":""GPS course unobservable at low speed"",""status"":""unobservable"",""observed_evaluations"":4,""satisfaction_fraction"":0.0},{""service_id"":""local_5s_moderate"",""label"":""Short prediction"",""family"":""local_relative_motion"",""horizon_s"":5.0,""position_tolerance_m"":0.2,""heading_tolerance_deg"":5.0,""maximum_aoi_s"":1.0,""position_error_m"":null,""heading_error_deg"":null,""aoi_s"":0.13672089576721191,""position_margin_m"":null,""heading_margin_deg"":null,""freshness_margin_s"":null,""normalized_margin"":null,""observable"":false,""raw_pass"":false,""reason"":""GPS course unobservable at low speed"",""status"":""unobservable"",""observed_evaluations"":0,""satisfaction_fraction"":null},{""service_id"":""local_10s_preview"",""label"":""Planning support"",""family"":""local_relative_motion"",""horizon_s"":10.0,""position_tolerance_m"":0.5,""heading_tolerance_deg"":10.0,""maximum_aoi_s"":1.5,""position_error_m"":null,""heading_error_deg"":null,""aoi_s"":0.13672089576721191,""position_margin_m"":null,""heading_margin_deg"":null,""freshness_margin_s"":null,""normalized_margin"":null,""observable"":false,""raw_pass"":false,""reason"":""GPS course unobservable at low speed"",""status"":""unobservable"",""observed_evaluations"":0,""satisfaction_fraction"":null},{""service_id"":""global_state_tracking"",""label"":""Global asset tracking"",""family"":""global_synchronization"",""horizon_s"":0.0,""position_tolerance_m"":1.0,""heading_tolerance_deg"":5.0,""maximum_aoi_s"":1.0,""position_error_m"":1.4234935895481158,""heading_error_deg"":null,""aoi_s"":0.13672089576721191,""position_margin_m"":-0.4234935895481158,""heading_margin_deg"":null,""freshness_margin_s"":0.8632791042327881,""normalized_margin"":-0.4234935895481158,""observable"":true,""raw_pass"":false,""reason"":""position tolerance"",""status"":""withdrawn"",""observed_evaluations"":55,""satisfaction_fraction"":0.03636363636363636}]",high,10.0,0.5149999633431435
58.09699999999998,1148.307,1789572423.3122258,925,-0.0707123336598739,0.6633827089269165,-0.8784994274928501,-1.6251740536928005,0.5565974541430395,True,0.077166666,295.33,,,0.019,0.1355736255645752,1789571274.8696523,1.1472740172848717,1.5581252612312602,,-111.0092,-0.03896749481454911,0.3858018591686804,0.341342768458791,0.37691004102670256,0.044459090709889404,0.12702597345682687,low-motion,690.8888816833496,630,1056.601033935958,0,False,0,42245,40657,-0.056423522,0.0,12.27305,12,0.85,False,"[{""service_id"":""local_1s_tight"",""label"":""Immediate motion"",""family"":""local_relative_motion"",""horizon_s"":1.0,""position_tolerance_m"":0.1,""heading_tolerance_deg"":2.0,""maximum_aoi_s"":0.6,""position_error_m"":null,""heading_error_deg"":null,""aoi_s"":0.1355736255645752,""position_margin_m"":null,""heading_margin_deg"":null,""freshness_margin_s"":null,""normalized_margin"":null,""observable"":false,""raw_pass"":false,""reason"":""GPS course unobservable at low speed"",""status"":""unobservable"",""observed_evaluations"":4,""satisfaction_fraction"":0.0},{""service_id"":""local_5s_moderate"",""label"":""Short prediction"",""family"":""local_relative_motion"",""horizon_s"":5.0,""position_tolerance_m"":0.2,""heading_tolerance_deg"":5.0,""maximum_aoi_s"":1.0,""position_error_m"":null,""heading_error_deg"":null,""aoi_s"":0.1355736255645752,""position_margin_m"":null,""heading_margin_deg"":null,""freshness_margin_s"":null,""normalized_margin"":null,""observable"":false,""raw_pass"":false,""reason"":""GPS course unobservable at low speed"",""status"":""unobservable"",""observed_evaluations"":0,""satisfaction_fraction"":null},{""service_id"":""local_10s_preview"",""label"":""Planning support"",""family"":""local_relative_motion"",""horizon_s"":10.0,""position_tolerance_m"":0.5,""heading_tolerance_deg"":10.0,""maximum_aoi_s"":1.5,""position_error_m"":null,""heading_error_deg"":null,""aoi_s"":0.1355736255645752,""position_margin_m"":null,""heading_margin_deg"":null,""freshness_margin_s"":null,""normalized_margin"":null,""observable"":false,""raw_pass"":false,""reason"":""GPS course unobservable at low speed"",""status"":""unobservable"",""observed_evaluations"":0,""satisfaction_fraction"":null},{""service_id"":""global_state_tracking"",""label"":""Global asset tracking"",""family"":""global_synchronization"",""horizon_s"":0.0,""position_tolerance_m"":1.0,""heading_tolerance_deg"":5.0,""maximum_aoi_s"":1.0,""position_error_m"":1.5581252612312602,""heading_error_deg"":null,""aoi_s"":0.1355736255645752,""position_margin_m"":-0.5581252612312602,""heading_margin_deg"":null,""freshness_margin_s"":0.8644263744354248,""normalized_margin"":-0.5581252612312602,""observable"":true,""raw_pass"":false,""reason"":""position tolerance"",""status"":""withdrawn"",""observed_evaluations"":56,""satisfaction_fraction"":0.03571428571428571}]",high,10.0,0.20199990831315517
58.80399999999986,1149.014,1789572423.8894172,926,-0.07824461325100325,0.6715031247003986,-0.7674097949686982,-1.6251740536928005,0.5565974541430395,True,0.077166666,295.33,,,0.726,0.005764961242675781,1789571274.8696523,129.80864715564167,1.5511911574115578,,-110.0887,-0.01566610657658042,0.16479796530262114,0.1264491043069892,0.15712819310349474,0.03834886099563195,0.10956817427323415,low-motion,569.1306591033936,628,1093.1849063124332,0,False,0,42396,40657,-0.037119212,0.0,12.26501,12,0.85,False,"[{""service_id"":""local_1s_tight"",""label"":""Immediate motion"",""family"":""local_relative_motion"",""horizon_s"":1.0,""position_tolerance_m"":0.1,""heading_tolerance_deg"":2.0,""maximum_aoi_s"":0.6,""position_error_m"":null,""heading_error_deg"":null,""aoi_s"":0.005764961242675781,""position_margin_m"":null,""heading_margin_deg"":null,""freshness_margin_s"":null,""normalized_margin"":null,""observable"":false,""raw_pass"":false,""reason"":""GPS course unobservable at low speed"",""status"":""unobservable"",""observed_evaluations"":4,""satisfaction_fraction"":0.0},{""service_id"":""local_5s_moderate"",""label"":""Short prediction"",""family"":""local_relative_motion"",""horizon_s"":5.0,""position_tolerance_m"":0.2,""heading_tolerance_deg"":5.0,""maximum_aoi_s"":1.0,""position_error_m"":null,""heading_error_deg"":null,""aoi_s"":0.005764961242675781,""position_margin_m"":null,""heading_margin_deg"":null,""freshness_margin_s"":null,""normalized_margin"":null,""observable"":false,""raw_pass"":false,""reason"":""GPS course unobservable at low speed"",""status"":""unobservable"",""observed_evaluations"":0,""satisfaction_fraction"":null},{""service_id"":""local_10s_preview"",""label"":""Planning support"",""family"":""local_relative_motion"",""horizon_s"":10.0,""position_tolerance_m"":0.5,""heading_tolerance_deg"":10.0,""maximum_aoi_s"":1.5,""position_error_m"":null,""heading_error_deg"":null,""aoi_s"":0.005764961242675781,""position_margin_m"":null,""heading_margin_deg"":null,""freshness_margin_s"":null,""normalized_margin"":null,""observable"":false,""raw_pass"":false,""reason"":""GPS course unobservable at low speed"",""status"":""unobservable"",""observed_evaluations"":0,""satisfaction_fraction"":null},{""service_id"":""global_state_tracking"",""label"":""Global asset tracking"",""family"":""global_synchronization"",""horizon_s"":0.0,""position_tolerance_m"":1.0,""heading_tolerance_deg"":5.0,""maximum_aoi_s"":1.0,""position_error_m"":1.5511911574115578,""heading_error_deg"":null,""aoi_s"":0.005764961242675781,""position_margin_m"":-0.5511911574115578,""heading_margin_deg"":null,""freshness_margin_s"":0.9942350387573242,""normalized_margin"":-0.5511911574115578,""observable"":true,""raw_pass"":false,""reason"":""position tolerance"",""status"":""withdrawn"",""observed_evaluations"":57,""satisfaction_fraction"":0.03508771929824561}]",high,10.0,0.5649999948218465
59.41399999999999,1149.624,1789572424.630954,927,-0.081139861746995,0.6742061808255299,-0.7347525676222868,-1.772272686291025,0.3706939041650225,True,0.138899999,295.33,,,0.06,0.13730168342590332,1789571274.8696523,131.5368556975045,1.7181530584711926,,-110.7515,-0.006493329897735978,0.06830590293476375,-0.005541420375081997,0.05353643827279461,0.07384732330984575,0.21099235231384503,low-motion,705.1005363464355,610,1054.8753327727634,0,False,0,42450,40657,0.0,0.0,12.26501,12,0.85,False,"[{""service_id"":""local_1s_tight"",""label"":""Immediate motion"",""family"":""local_relative_motion"",""horizon_s"":1.0,""position_tolerance_m"":0.1,""heading_tolerance_deg"":2.0,""maximum_aoi_s"":0.6,""position_error_m"":null,""heading_error_deg"":null,""aoi_s"":0.13730168342590332,""position_margin_m"":null,""heading_margin_deg"":null,""freshness_margin_s"":null,""normalized_margin"":null,""observable"":false,""raw_pass"":false,""reason"":""GPS course unobservable at low speed"",""status"":""unobservable"",""observed_evaluations"":4,""satisfaction_fraction"":0.0},{""service_id"":""local_5s_moderate"",""label"":""Short prediction"",""family"":""local_relative_motion"",""horizon_s"":5.0,""position_tolerance_m"":0.2,""heading_tolerance_deg"":5.0,""maximum_aoi_s"":1.0,""position_error_m"":null,""heading_error_deg"":null,""aoi_s"":0.13730168342590332,""position_margin_m"":null,""heading_margin_deg"":null,""freshness_margin_s"":null,""normalized_margin"":null,""observable"":false,""raw_pass"":false,""reason"":""GPS course unobservable at low speed"",""status"":""unobservable"",""observed_evaluations"":0,""satisfaction_fraction"":null},{""service_id"":""local_10s_preview"",""label"":""Planning support"",""family"":""local_relative_motion"",""horizon_s"":10.0,""position_tolerance_m"":0.5,""heading_tolerance_deg"":10.0,""maximum_aoi_s"":1.5,""position_error_m"":null,""heading_error_deg"":null,""aoi_s"":0.13730168342590332,""position_margin_m"":null,""heading_margin_deg"":null,""freshness_margin_s"":null,""normalized_margin"":null,""observable"":false,""raw_pass"":false,""reason"":""GPS course unobservable at low speed"",""status"":""unobservable"",""observed_evaluations"":0,""satisfaction_fraction"":null},{""service_id"":""global_state_tracking"",""label"":""Global asset tracking"",""family"":""global_synchronization"",""horizon_s"":0.0,""position_tolerance_m"":1.0,""heading_tolerance_deg"":5.0,""maximum_aoi_s"":1.0,""position_error_m"":1.7181530584711926,""heading_error_deg"":null,""aoi_s"":0.13730168342590332,""position_margin_m"":-0.7181530584711926,""heading_margin_deg"":null,""freshness_margin_s"":0.8626983165740967,""normalized_margin"":-0.7181530584711926,""observable"":true,""raw_pass"":false,""reason"":""position tolerance"",""status"":""withdrawn"",""observed_evaluations"":58,""satisfaction_fraction"":0.034482758620689655}]",high,10.0,0.30910002533346415
60.12699999999995,1150.337,1789572425.207459,928,-0.081139861746995,0.6742061808255299,-0.7355427741677736,-1.6251740536928005,0.3706939041650225,True,0.138899999,295.33,,,0.027,0.0008068084716796875,1789571274.8696523,136.49505424496056,1.5735823105199744,,-111.178,-0.0,0.0,-0.005541420375081997,-0.0011082840750163993,0.005541420375081997,0.01583262964309142,low-motion,558.0458641052246,612,1082.7877152652081,0,False,0,42450,40657,0.0,0.0,12.26501,12,0.85,False,"[{""service_id"":""local_1s_tight"",""label"":""Immediate motion"",""family"":""local_relative_motion"",""horizon_s"":1.0,""position_tolerance_m"":0.1,""heading_tolerance_deg"":2.0,""maximum_aoi_s"":0.6,""position_error_m"":null,""heading_error_deg"":null,""aoi_s"":0.0008068084716796875,""position_margin_m"":null,""heading_margin_deg"":null,""freshness_margin_s"":null,""normalized_margin"":null,""observable"":false,""raw_pass"":false,""reason"":""GPS course unobservable at low speed"",""status"":""unobservable"",""observed_evaluations"":4,""satisfaction_fraction"":0.0},{""service_id"":""local_5s_moderate"",""label"":""Short prediction"",""family"":""local_relative_motion"",""horizon_s"":5.0,""position_tolerance_m"":0.2,""heading_tolerance_deg"":5.0,""maximum_aoi_s"":1.0,""position_error_m"":null,""heading_error_deg"":null,""aoi_s"":0.0008068084716796875,""position_margin_m"":null,""heading_margin_deg"":null,""freshness_margin_s"":null,""normalized_margin"":null,""observable"":false,""raw_pass"":false,""reason"":""GPS course unobservable at low speed"",""status"":""unobservable"",""observed_evaluations"":0,""satisfaction_fraction"":null},{""service_id"":""local_10s_preview"",""label"":""Planning support"",""family"":""local_relative_motion"",""horizon_s"":10.0,""position_tolerance_m"":0.5,""heading_tolerance_deg"":10.0,""maximum_aoi_s"":1.5,""position_error_m"":null,""heading_error_deg"":null,""aoi_s"":0.0008068084716796875,""position_margin_m"":null,""heading_margin_deg"":null,""freshness_margin_s"":null,""normalized_margin"":null,""observable"":false,""raw_pass"":false,""reason"":""GPS course unobservable at low speed"",""status"":""unobservable"",""observed_evaluations"":0,""satisfaction_fraction"":null},{""service_id"":""global_state_tracking"",""label"":""Global asset tracking"",""family"":""global_synchronization"",""horizon_s"":0.0,""position_tolerance_m"":1.0,""heading_tolerance_deg"":5.0,""maximum_aoi_s"":1.0,""position_error_m"":1.5735823105199744,""heading_error_deg"":null,""aoi_s"":0.0008068084716796875,""position_margin_m"":-0.5735823105199744,""heading_margin_deg"":null,""freshness_margin_s"":0.9991931915283203,""normalized_margin"":-0.5735823105199744,""observable"":true,""raw_pass"":false,""reason"":""position tolerance"",""status"":""withdrawn"",""observed_evaluations"":59,""satisfaction_fraction"":0.03389830508474576}]",high,10.0,0.38920005317777395
60.697999999999865,1150.908,1789572425.9280946,929,-0.081139861746995,0.6742061808255299,-0.7356773128731637,-1.6251740536928005,0.3706939041650225,True,0.138899999,295.33,,,0.598,0.15044236183166504,1789571274.8696523,149.63565254220157,1.5735823105199744,,-111.8253,-0.0,0.0,-0.0011780972450961724,-0.0002356194490192345,0.0011780972450961724,0.003365992128846207,low-motion,708.5840702056885,611,1078.5129508026012,0,False,0,42450,40657,0.0,0.0,12.26501,12,0.85,False,"[{""service_id"":""local_1s_tight"",""label"":""Immediate motion"",""family"":""local_relative_motion"",""horizon_s"":1.0,""position_tolerance_m"":0.1,""heading_tolerance_deg"":2.0,""maximum_aoi_s"":0.6,""position_error_m"":null,""heading_error_deg"":null,""aoi_s"":0.15044236183166504,""position_margin_m"":null,""heading_margin_deg"":null,""freshness_margin_s"":null,""normalized_margin"":null,""observable"":false,""raw_pass"":false,""reason"":""GPS course unobservable at low speed"",""status"":""unobservable"",""observed_evaluations"":4,""satisfaction_fraction"":0.0},{""service_id"":""local_5s_moderate"",""label"":""Short prediction"",""family"":""local_relative_motion"",""horizon_s"":5.0,""position_tolerance_m"":0.2,""heading_tolerance_deg"":5.0,""maximum_aoi_s"":1.0,""position_error_m"":null,""heading_error_deg"":null,""aoi_s"":0.15044236183166504,""position_margin_m"":null,""heading_margin_deg"":null,""freshness_margin_s"":null,""normalized_margin"":null,""observable"":false,""raw_pass"":false,""reason"":""GPS course unobservable at low speed"",""status"":""unobservable"",""observed_evaluations"":0,""satisfaction_fraction"":null},{""service_id"":""local_10s_preview"",""label"":""Planning support"",""family"":""local_relative_motion"",""horizon_s"":10.0,""position_tolerance_m"":0.5,""heading_tolerance_deg"":10.0,""maximum_aoi_s"":1.5,""position_error_m"":null,""heading_error_deg"":null,""aoi_s"":0.15044236183166504,""position_margin_m"":null,""heading_margin_deg"":null,""freshness_margin_s"":null,""normalized_margin"":null,""observable"":false,""raw_pass"":false,""reason"":""GPS course unobservable at low speed"",""status"":""unobservable"",""observed_evaluations"":0,""satisfaction_fraction"":null},{""service_id"":""global_state_tracking"",""label"":""Global asset tracking"",""family"":""global_synchronization"",""horizon_s"":0.0,""position_tolerance_m"":1.0,""heading_tolerance_deg"":5.0,""maximum_aoi_s"":1.0,""position_error_m"":1.5735823105199744,""heading_error_deg"":null,""aoi_s"":0.15044236183166504,""position_margin_m"":-0.5735823105199744,""heading_margin_deg"":null,""freshness_margin_s"":0.849557638168335,""normalized_margin"":-0.5735823105199744,""observable"":true,""raw_pass"":false,""reason"":""position tolerance"",""status"":""withdrawn"",""observed_evaluations"":60,""satisfaction_fraction"":0.03333333333333333}]",high,10.0,0.39430009201169014
61.42699999999991,1151.637,1789572426.5073195,930,-0.081139861746995,0.6742061808255299,-0.7340996050425308,-1.772272686291025,0.3706939041650225,True,0.267511109,295.33,,,0.018,0.0006670951843261719,1789571274.8696523,149.77517509464633,1.7181530584711926,,-111.7101,-0.0,0.0,0.010821041362364843,0.0021642082724729686,0.010821041362364843,0.030917261035328124,low-motion,561.3703727722168,610,1077.3164188612893,0,False,0,42450,40657,0.0,0.0,12.26501,12,0.85,False,"[{""service_id"":""local_1s_tight"",""label"":""Immediate motion"",""family"":""local_relative_motion"",""horizon_s"":1.0,""position_tolerance_m"":0.1,""heading_tolerance_deg"":2.0,""maximum_aoi_s"":0.6,""position_error_m"":null,""heading_error_deg"":null,""aoi_s"":0.0006670951843261719,""position_margin_m"":null,""heading_margin_deg"":null,""freshness_margin_s"":null,""normalized_margin"":null,""observable"":false,""raw_pass"":false,""reason"":""GPS course unobservable at low speed"",""status"":""unobservable"",""observed_evaluations"":4,""satisfaction_fraction"":0.0},{""service_id"":""local_5s_moderate"",""label"":""Short prediction"",""family"":""local_relative_motion"",""horizon_s"":5.0,""position_tolerance_m"":0.2,""heading_tolerance_deg"":5.0,""maximum_aoi_s"":1.0,""position_error_m"":null,""heading_error_deg"":null,""aoi_s"":0.0006670951843261719,""position_margin_m"":null,""heading_margin_deg"":null,""freshness_margin_s"":null,""normalized_margin"":null,""observable"":false,""raw_pass"":false,""reason"":""GPS course unobservable at low speed"",""status"":""unobservable"",""observed_evaluations"":0,""satisfaction_fraction"":null},{""service_id"":""local_10s_preview"",""label"":""Planning support"",""family"":""local_relative_motion"",""horizon_s"":10.0,""position_tolerance_m"":0.5,""heading_tolerance_deg"":10.0,""maximum_aoi_s"":1.5,""position_error_m"":null,""heading_error_deg"":null,""aoi_s"":0.0006670951843261719,""position_margin_m"":null,""heading_margin_deg"":null,""freshness_margin_s"":null,""normalized_margin"":null,""observable"":false,""raw_pass"":false,""reason"":""GPS course unobservable at low speed"",""status"":""unobservable"",""observed_evaluations"":0,""satisfaction_fraction"":null},{""service_id"":""global_state_tracking"",""label"":""Global asset tracking"",""family"":""global_synchronization"",""horizon_s"":0.0,""position_tolerance_m"":1.0,""heading_tolerance_deg"":5.0,""maximum_aoi_s"":1.0,""position_error_m"":1.7181530584711926,""heading_error_deg"":null,""aoi_s"":0.0006670951843261719,""position_margin_m"":-0.7181530584711926,""heading_margin_deg"":null,""freshness_margin_s"":0.9993329048156738,""normalized_margin"":-0.7181530584711926,""observable"":true,""raw_pass"":false,""reason"":""position tolerance"",""status"":""withdrawn"",""observed_evaluations"":61,""satisfaction_fraction"":0.03278688524590164}]",high,10.0,0.358699937351048
61.99299999999994,1152.203,1789572427.2116697,931,-0.081139861746995,0.6742061808255299,-0.7342329656506754,-1.6251740536928005,0.18479035497797808,True,0.267511109,295.33,,,0.019,0.13901734352111816,1789571274.8696523,138.350233077972,1.6197436329517638,,-112.1846,-0.0,0.0,-0.0011780972450961724,-0.0002356194490192345,0.0011780972450961724,0.003365992128846207,low-motion,691.3511753082275,617,1076.2018271259653,0,False,0,42450,40657,0.0,0.0,12.26501,12,0.85,False,"[{""service_id"":""local_1s_tight"",""label"":""Immediate motion"",""family"":""local_relative_motion"",""horizon_s"":1.0,""position_tolerance_m"":0.1,""heading_tolerance_deg"":2.0,""maximum_aoi_s"":0.6,""position_error_m"":null,""heading_error_deg"":null,""aoi_s"":0.13901734352111816,""position_margin_m"":null,""heading_margin_deg"":null,""freshness_margin_s"":null,""normalized_margin"":null,""observable"":false,""raw_pass"":false,""reason"":""GPS course unobservable at low speed"",""status"":""unobservable"",""observed_evaluations"":4,""satisfaction_fraction"":0.0},{""service_id"":""local_5s_moderate"",""label"":""Short prediction"",""family"":""local_relative_motion"",""horizon_s"":5.0,""position_tolerance_m"":0.2,""heading_tolerance_deg"":5.0,""maximum_aoi_s"":1.0,""position_error_m"":null,""heading_error_deg"":null,""aoi_s"":0.13901734352111816,""position_margin_m"":null,""heading_margin_deg"":null,""freshness_margin_s"":null,""normalized_margin"":null,""observable"":false,""raw_pass"":false,""reason"":""GPS course unobservable at low speed"",""status"":""unobservable"",""observed_evaluations"":0,""satisfaction_fraction"":null},{""service_id"":""local_10s_preview"",""label"":""Planning support"",""family"":""local_relative_motion"",""horizon_s"":10.0,""position_tolerance_m"":0.5,""heading_tolerance_deg"":10.0,""maximum_aoi_s"":1.5,""position_error_m"":null,""heading_error_deg"":null,""aoi_s"":0.13901734352111816,""position_margin_m"":null,""heading_margin_deg"":null,""freshness_margin_s"":null,""normalized_margin"":null,""observable"":false,""raw_pass"":false,""reason"":""GPS course unobservable at low speed"",""status"":""unobservable"",""observed_evaluations"":0,""satisfaction_fraction"":null},{""service_id"":""global_state_tracking"",""label"":""Global asset tracking"",""family"":""global_synchronization"",""horizon_s"":0.0,""position_tolerance_m"":1.0,""heading_tolerance_deg"":5.0,""maximum_aoi_s"":1.0,""position_error_m"":1.6197436329517638,""heading_error_deg"":null,""aoi_s"":0.13901734352111816,""position_margin_m"":-0.6197436329517638,""heading_margin_deg"":null,""freshness_margin_s"":0.8609826564788818,""normalized_margin"":-0.6197436329517638,""observable"":true,""raw_pass"":false,""reason"":""position tolerance"",""status"":""withdrawn"",""observed_evaluations"":62,""satisfaction_fraction"":0.03225806451612903}]",high,10.0,0.3744000568985939
62.71499999999992,1152.925,1789572427.799681,932,-0.081139861746995,0.6742061808255299,-0.7334579871029123,-1.6251740536928005,0.18479035497797808,True,0.118322221,295.33,,,0.041,0.005028724670410156,1789571274.8696523,133.9887351989546,1.6197436329517638,,-112.4841,-0.0,0.0,0.005366887449882563,0.0010733774899765126,0.005366887449882563,0.015333964142521611,low-motion,574.321985244751,618,1099.9552881132047,0,False,0,42450,40657,0.0,0.0,12.26501,12,0.85,False,"[{""service_id"":""local_1s_tight"",""label"":""Immediate motion"",""family"":""local_relative_motion"",""horizon_s"":1.0,""position_tolerance_m"":0.1,""heading_tolerance_deg"":2.0,""maximum_aoi_s"":0.6,""position_error_m"":null,""heading_error_deg"":null,""aoi_s"":0.005028724670410156,""position_margin_m"":null,""heading_margin_deg"":null,""freshness_margin_s"":null,""normalized_margin"":null,""observable"":false,""raw_pass"":false,""reason"":""GPS course unobservable at low speed"",""status"":""unobservable"",""observed_evaluations"":4,""satisfaction_fraction"":0.0},{""service_id"":""local_5s_moderate"",""label"":""Short prediction"",""family"":""local_relative_motion"",""horizon_s"":5.0,""position_tolerance_m"":0.2,""heading_tolerance_deg"":5.0,""maximum_aoi_s"":1.0,""position_error_m"":null,""heading_error_deg"":null,""aoi_s"":0.005028724670410156,""position_margin_m"":null,""heading_margin_deg"":null,""freshness_margin_s"":null,""normalized_margin"":null,""observable"":false,""raw_pass"":false,""reason"":""GPS course unobservable at low speed"",""status"":""unobservable"",""observed_evaluations"":0,""satisfaction_fraction"":null},{""service_id"":""local_10s_preview"",""label"":""Planning support"",""family"":""local_relative_motion"",""horizon_s"":10.0,""position_tolerance_m"":0.5,""heading_tolerance_deg"":10.0,""maximum_aoi_s"":1.5,""position_error_m"":null,""heading_error_deg"":null,""aoi_s"":0.005028724670410156,""position_margin_m"":null,""heading_margin_deg"":null,""freshness_margin_s"":null,""normalized_margin"":null,""observable"":false,""raw_pass"":false,""reason"":""GPS course unobservable at low speed"",""status"":""unobservable"",""observed_evaluations"":0,""satisfaction_fraction"":null},{""service_id"":""global_state_tracking"",""label"":""Global asset tracking"",""family"":""global_synchronization"",""horizon_s"":0.0,""position_tolerance_m"":1.0,""heading_tolerance_deg"":5.0,""maximum_aoi_s"":1.0,""position_error_m"":1.6197436329517638,""heading_error_deg"":null,""aoi_s"":0.005028724670410156,""position_margin_m"":-0.6197436329517638,""heading_margin_deg"":null,""freshness_margin_s"":0.9949712753295898,""normalized_margin"":-0.6197436329517638,""observable"":true,""raw_pass"":false,""reason"":""position tolerance"",""status"":""withdrawn"",""observed_evaluations"":63,""satisfaction_fraction"":0.031746031746031744}]",high,10.0,0.28719997499138117
63.29299999999989,1153.503,1789572428.5075953,933,-0.081139861746995,0.6742061808255299,-0.7335941751444457,-1.772272686291025,0.0,True,0.087455555,295.33,,,0.027,0.13494300842285156,1789571274.8696523,129.91435241701765,1.820572493616669,,-112.4536,-0.0,0.0,-0.0011780972450961724,-0.0002356194490192345,0.0011780972450961724,0.003365992128846207,low-motion,693.7823295593262,619,1066.437859740425,0,False,0,42450,40657,0.0,0.0,12.26501,12,0.85,False,"[{""service_id"":""local_1s_tight"",""label"":""Immediate motion"",""family"":""local_relative_motion"",""horizon_s"":1.0,""position_tolerance_m"":0.1,""heading_tolerance_deg"":2.0,""maximum_aoi_s"":0.6,""position_error_m"":null,""heading_error_deg"":null,""aoi_s"":0.13494300842285156,""position_margin_m"":null,""heading_margin_deg"":null,""freshness_margin_s"":null,""normalized_margin"":null,""observable"":false,""raw_pass"":false,""reason"":""GPS course unobservable at low speed"",""status"":""unobservable"",""observed_evaluations"":4,""satisfaction_fraction"":0.0},{""service_id"":""local_5s_moderate"",""label"":""Short prediction"",""family"":""local_relative_motion"",""horizon_s"":5.0,""position_tolerance_m"":0.2,""heading_tolerance_deg"":5.0,""maximum_aoi_s"":1.0,""position_error_m"":null,""heading_error_deg"":null,""aoi_s"":0.13494300842285156,""position_margin_m"":null,""heading_margin_deg"":null,""freshness_margin_s"":null,""normalized_margin"":null,""observable"":false,""raw_pass"":false,""reason"":""GPS course unobservable at low speed"",""status"":""unobservable"",""observed_evaluations"":0,""satisfaction_fraction"":null},{""service_id"":""local_10s_preview"",""label"":""Planning support"",""family"":""local_relative_motion"",""horizon_s"":10.0,""position_tolerance_m"":0.5,""heading_tolerance_deg"":10.0,""maximum_aoi_s"":1.5,""position_error_m"":null,""heading_error_deg"":null,""aoi_s"":0.13494300842285156,""position_margin_m"":null,""heading_margin_deg"":null,""freshness_margin_s"":null,""normalized_margin"":null,""observable"":false,""raw_pass"":false,""reason"":""GPS course unobservable at low speed"",""status"":""unobservable"",""observed_evaluations"":0,""satisfaction_fraction"":null},{""service_id"":""global_state_tracking"",""label"":""Global asset tracking"",""family"":""global_synchronization"",""horizon_s"":0.0,""position_tolerance_m"":1.0,""heading_tolerance_deg"":5.0,""maximum_aoi_s"":1.0,""position_error_m"":1.820572493616669,""heading_error_deg"":null,""aoi_s"":0.13494300842285156,""position_margin_m"":-0.820572493616669,""heading_margin_deg"":null,""freshness_margin_s"":0.8650569915771484,""normalized_margin"":-0.820572493616669,""observable"":true,""raw_pass"":false,""reason"":""position tolerance"",""status"":""withdrawn"",""observed_evaluations"":64,""satisfaction_fraction"":0.03125}]",high,10.0,0.29630004428327084
64.01099999999997,1154.221,1789572429.0924366,934,-0.081139861746995,0.6742061808255299,-0.7343899231103075,-1.772272686291025,0.0,True,0.087455555,295.33,,,0.037,0.0017843246459960938,1789571274.8696523,133.15874862678356,1.820572493616669,,-112.1414,-0.0,0.0,-0.005541420375081997,-0.0011082840750163993,0.005541420375081997,0.01583262964309142,low-motion,570.9133148193359,617,1101.4276022836543,0,False,0,42450,40657,0.0,0.0,12.26501,12,0.85,False,"[{""service_id"":""local_1s_tight"",""label"":""Immediate motion"",""family"":""local_relative_motion"",""horizon_s"":1.0,""position_tolerance_m"":0.1,""heading_tolerance_deg"":2.0,""maximum_aoi_s"":0.6,""position_error_m"":null,""heading_error_deg"":null,""aoi_s"":0.0017843246459960938,""position_margin_m"":null,""heading_margin_deg"":null,""freshness_margin_s"":null,""normalized_margin"":null,""observable"":false,""raw_pass"":false,""reason"":""GPS course unobservable at low speed"",""status"":""unobservable"",""observed_evaluations"":4,""satisfaction_fraction"":0.0},{""service_id"":""local_5s_moderate"",""label"":""Short prediction"",""family"":""local_relative_motion"",""horizon_s"":5.0,""position_tolerance_m"":0.2,""heading_tolerance_deg"":5.0,""maximum_aoi_s"":1.0,""position_error_m"":null,""heading_error_deg"":null,""aoi_s"":0.0017843246459960938,""position_margin_m"":null,""heading_margin_deg"":null,""freshness_margin_s"":null,""normalized_margin"":null,""observable"":false,""raw_pass"":false,""reason"":""GPS course unobservable at low speed"",""status"":""unobservable"",""observed_evaluations"":0,""satisfaction_fraction"":null},{""service_id"":""local_10s_preview"",""label"":""Planning support"",""family"":""local_relative_motion"",""horizon_s"":10.0,""position_tolerance_m"":0.5,""heading_tolerance_deg"":10.0,""maximum_aoi_s"":1.5,""position_error_m"":null,""heading_error_deg"":null,""aoi_s"":0.0017843246459960938,""position_margin_m"":null,""heading_margin_deg"":null,""freshness_margin_s"":null,""normalized_margin"":null,""observable"":false,""raw_pass"":false,""reason"":""GPS course unobservable at low speed"",""status"":""unobservable"",""observed_evaluations"":0,""satisfaction_fraction"":null},{""service_id"":""global_state_tracking"",""label"":""Global asset tracking"",""family"":""global_synchronization"",""horizon_s"":0.0,""position_tolerance_m"":1.0,""heading_tolerance_deg"":5.0,""maximum_aoi_s"":1.0,""position_error_m"":1.820572493616669,""heading_error_deg"":null,""aoi_s"":0.0017843246459960938,""position_margin_m"":-0.820572493616669,""heading_margin_deg"":null,""freshness_margin_s"":0.9982156753540039,""normalized_margin"":-0.820572493616669,""observable"":true,""raw_pass"":false,""reason"":""position tolerance"",""status"":""withdrawn"",""observed_evaluations"":65,""satisfaction_fraction"":0.03076923076923077}]",high,10.0,0.363500090315938
64.58299999999986,1154.793,1789572429.8570983,935,-0.081139861746995,0.6742061808255299,-0.7339007422275587,-1.772272686291025,0.0,True,0.133755554,295.33,,,0.028,0.19444608688354492,1789571274.8696523,192.66178894054065,1.820572493616669,,-111.5078,-0.0,0.0,0.004276056667386108,0.0008552113334772216,0.004276056667386108,0.012217304763960308,low-motion,748.8608360290527,617,1058.3616514018229,0,False,0,42450,40657,0.0,0.0,12.26501,12,0.85,False,"[{""service_id"":""local_1s_tight"",""label"":""Immediate motion"",""family"":""local_relative_motion"",""horizon_s"":1.0,""position_tolerance_m"":0.1,""heading_tolerance_deg"":2.0,""maximum_aoi_s"":0.6,""position_error_m"":null,""heading_error_deg"":null,""aoi_s"":0.19444608688354492,""position_margin_m"":null,""heading_margin_deg"":null,""freshness_margin_s"":null,""normalized_margin"":null,""observable"":false,""raw_pass"":false,""reason"":""GPS course unobservable at low speed"",""status"":""unobservable"",""observed_evaluations"":4,""satisfaction_fraction"":0.0},{""service_id"":""local_5s_moderate"",""label"":""Short prediction"",""family"":""local_relative_motion"",""horizon_s"":5.0,""position_tolerance_m"":0.2,""heading_tolerance_deg"":5.0,""maximum_aoi_s"":1.0,""position_error_m"":null,""heading_error_deg"":null,""aoi_s"":0.19444608688354492,""position_margin_m"":null,""heading_margin_deg"":null,""freshness_margin_s"":null,""normalized_margin"":null,""observable"":false,""raw_pass"":false,""reason"":""GPS course unobservable at low speed"",""status"":""unobservable"",""observed_evaluations"":0,""satisfaction_fraction"":null},{""service_id"":""local_10s_preview"",""label"":""Planning support"",""family"":""local_relative_motion"",""horizon_s"":10.0,""position_tolerance_m"":0.5,""heading_tolerance_deg"":10.0,""maximum_aoi_s"":1.5,""position_error_m"":null,""heading_error_deg"":null,""aoi_s"":0.19444608688354492,""position_margin_m"":null,""heading_margin_deg"":null,""freshness_margin_s"":null,""normalized_margin"":null,""observable"":false,""raw_pass"":false,""reason"":""GPS course unobservable at low speed"",""status"":""unobservable"",""observed_evaluations"":0,""satisfaction_fraction"":null},{""service_id"":""global_state_tracking"",""label"":""Global asset tracking"",""family"":""global_synchronization"",""horizon_s"":0.0,""position_tolerance_m"":1.0,""heading_tolerance_deg"":5.0,""maximum_aoi_s"":1.0,""position_error_m"":1.820572493616669,""heading_error_deg"":null,""aoi_s"":0.19444608688354492,""position_margin_m"":-0.820572493616669,""heading_margin_deg"":null,""freshness_margin_s"":0.8055539131164551,""normalized_margin"":-0.820572493616669,""observable"":true,""raw_pass"":false,""reason"":""position tolerance"",""status"":""withdrawn"",""observed_evaluations"":66,""satisfaction_fraction"":0.030303030303030304}]",high,10.0,0.41360000614076853
65.37999999999988,1155.59,1789572430.4638388,936,-0.081139861746995,0.6742061808255299,-0.7344362877818869,-1.772272686291025,0.0,True,0.231499998,295.33,,,0.111,0.0041866302490234375,1789571274.8696523,190.25952529909773,1.820572493616669,,-112.4713,-0.0,0.0,-0.0033597588100890844,-0.000671951762017817,0.0033597588100890844,0.009599310885968814,low-motion,590.7223224639893,617,1086.040083703518,0,False,0,42450,40657,0.0,0.0,12.26501,12,0.85,False,"[{""service_id"":""local_1s_tight"",""label"":""Immediate motion"",""family"":""local_relative_motion"",""horizon_s"":1.0,""position_tolerance_m"":0.1,""heading_tolerance_deg"":2.0,""maximum_aoi_s"":0.6,""position_error_m"":null,""heading_error_deg"":null,""aoi_s"":0.0041866302490234375,""position_margin_m"":null,""heading_margin_deg"":null,""freshness_margin_s"":null,""normalized_margin"":null,""observable"":false,""raw_pass"":false,""reason"":""GPS course unobservable at low speed"",""status"":""unobservable"",""observed_evaluations"":4,""satisfaction_fraction"":0.0},{""service_id"":""local_5s_moderate"",""label"":""Short prediction"",""family"":""local_relative_motion"",""horizon_s"":5.0,""position_tolerance_m"":0.2,""heading_tolerance_deg"":5.0,""maximum_aoi_s"":1.0,""position_error_m"":null,""heading_error_deg"":null,""aoi_s"":0.0041866302490234375,""position_margin_m"":null,""heading_margin_deg"":null,""freshness_margin_s"":null,""normalized_margin"":null,""observable"":false,""raw_pass"":false,""reason"":""GPS course unobservable at low speed"",""status"":""unobservable"",""observed_evaluations"":0,""satisfaction_fraction"":null},{""service_id"":""local_10s_preview"",""label"":""Planning support"",""family"":""local_relative_motion"",""horizon_s"":10.0,""position_tolerance_m"":0.5,""heading_tolerance_deg"":10.0,""maximum_aoi_s"":1.5,""position_error_m"":null,""heading_error_deg"":null,""aoi_s"":0.0041866302490234375,""position_margin_m"":null,""heading_margin_deg"":null,""freshness_margin_s"":null,""normalized_margin"":null,""observable"":false,""raw_pass"":false,""reason"":""GPS course unobservable at low speed"",""status"":""unobservable"",""observed_evaluations"":0,""satisfaction_fraction"":null},{""service_id"":""global_state_tracking"",""label"":""Global asset tracking"",""family"":""global_synchronization"",""horizon_s"":0.0,""position_tolerance_m"":1.0,""heading_tolerance_deg"":5.0,""maximum_aoi_s"":1.0,""position_error_m"":1.820572493616669,""heading_error_deg"":null,""aoi_s"":0.0041866302490234375,""position_margin_m"":-0.820572493616669,""heading_margin_deg"":null,""freshness_margin_s"":0.9958133697509766,""normalized_margin"":-0.820572493616669,""observable"":true,""raw_pass"":false,""reason"":""position tolerance"",""status"":""withdrawn"",""observed_evaluations"":67,""satisfaction_fraction"":0.029850746268656716}]",high,10.0,0.2999999560415745
65.971,1156.181,1789572431.188155,937,-0.081139861746995,0.6742061808255299,-0.7347044750747482,-1.772272686291025,-0.1859035491870444,True,0.231499998,295.33,,,0.044,0.13750267028808594,1789571274.8696523,133.3161201475832,1.8972925388333166,,-112.5785,-0.0,0.0,-0.0022689280275926286,-0.00045378560551852573,0.0022689280275926286,0.006482651507407511,low-motion,708.2531452178955,614,1053.017140916954,0,False,0,42450,40657,0.0,0.0,12.26501,12,0.85,False,"[{""service_id"":""local_1s_tight"",""label"":""Immediate motion"",""family"":""local_relative_motion"",""horizon_s"":1.0,""position_tolerance_m"":0.1,""heading_tolerance_deg"":2.0,""maximum_aoi_s"":0.6,""position_error_m"":null,""heading_error_deg"":null,""aoi_s"":0.13750267028808594,""position_margin_m"":null,""heading_margin_deg"":null,""freshness_margin_s"":null,""normalized_margin"":null,""observable"":false,""raw_pass"":false,""reason"":""GPS course unobservable at low speed"",""status"":""unobservable"",""observed_evaluations"":4,""satisfaction_fraction"":0.0},{""service_id"":""local_5s_moderate"",""label"":""Short prediction"",""family"":""local_relative_motion"",""horizon_s"":5.0,""position_tolerance_m"":0.2,""heading_tolerance_deg"":5.0,""maximum_aoi_s"":1.0,""position_error_m"":null,""heading_error_deg"":null,""aoi_s"":0.13750267028808594,""position_margin_m"":null,""heading_margin_deg"":null,""freshness_margin_s"":null,""normalized_margin"":null,""observable"":false,""raw_pass"":false,""reason"":""GPS course unobservable at low speed"",""status"":""unobservable"",""observed_evaluations"":0,""satisfaction_fraction"":null},{""service_id"":""local_10s_preview"",""label"":""Planning support"",""family"":""local_relative_motion"",""horizon_s"":10.0,""position_tolerance_m"":0.5,""heading_tolerance_deg"":10.0,""maximum_aoi_s"":1.5,""position_error_m"":null,""heading_error_deg"":null,""aoi_s"":0.13750267028808594,""position_margin_m"":null,""heading_margin_deg"":null,""freshness_margin_s"":null,""normalized_margin"":null,""observable"":false,""raw_pass"":false,""reason"":""GPS course unobservable at low speed"",""status"":""unobservable"",""observed_evaluations"":0,""satisfaction_fraction"":null},{""service_id"":""global_state_tracking"",""label"":""Global asset tracking"",""family"":""global_synchronization"",""horizon_s"":0.0,""position_tolerance_m"":1.0,""heading_tolerance_deg"":5.0,""maximum_aoi_s"":1.0,""position_error_m"":1.8972925388333166,""heading_error_deg"":null,""aoi_s"":0.13750267028808594,""position_margin_m"":-0.8972925388333166,""heading_margin_deg"":null,""freshness_margin_s"":0.8624973297119141,""normalized_margin"":-0.8972925388333166,""observable"":true,""raw_pass"":false,""reason"":""position tolerance"",""status"":""withdrawn"",""observed_evaluations"":68,""satisfaction_fraction"":0.029411764705882353}]",high,10.0,0.30259997583925724
66.67399999999998,1156.884,1789572431.7594955,938,-0.081139861746995,0.6742061808255299,-0.7350234863554279,-1.772272686291025,-0.1859035491870444,True,0.231499998,295.33,,,0.747,0.005843162536621094,1789571274.8696523,131.6594390868886,1.8972925388333166,,-112.9537,-0.0,0.0,-0.0022689280275926286,-0.00045378560551852573,0.0022689280275926286,0.006482651507407511,low-motion,562.7655982971191,614,1084.6941379286482,0,False,0,42450,40657,0.0,0.0,12.26501,12,0.85,False,"[{""service_id"":""local_1s_tight"",""label"":""Immediate motion"",""family"":""local_relative_motion"",""horizon_s"":1.0,""position_tolerance_m"":0.1,""heading_tolerance_deg"":2.0,""maximum_aoi_s"":0.6,""position_error_m"":null,""heading_error_deg"":null,""aoi_s"":0.005843162536621094,""position_margin_m"":null,""heading_margin_deg"":null,""freshness_margin_s"":null,""normalized_margin"":null,""observable"":false,""raw_pass"":false,""reason"":""GPS course unobservable at low speed"",""status"":""unobservable"",""observed_evaluations"":4,""satisfaction_fraction"":0.0},{""service_id"":""local_5s_moderate"",""label"":""Short prediction"",""family"":""local_relative_motion"",""horizon_s"":5.0,""position_tolerance_m"":0.2,""heading_tolerance_deg"":5.0,""maximum_aoi_s"":1.0,""position_error_m"":null,""heading_error_deg"":null,""aoi_s"":0.005843162536621094,""position_margin_m"":null,""heading_margin_deg"":null,""freshness_margin_s"":null,""normalized_margin"":null,""observable"":false,""raw_pass"":false,""reason"":""GPS course unobservable at low speed"",""status"":""unobservable"",""observed_evaluations"":0,""satisfaction_fraction"":null},{""service_id"":""local_10s_preview"",""label"":""Planning support"",""family"":""local_relative_motion"",""horizon_s"":10.0,""position_tolerance_m"":0.5,""heading_tolerance_deg"":10.0,""maximum_aoi_s"":1.5,""position_error_m"":null,""heading_error_deg"":null,""aoi_s"":0.005843162536621094,""position_margin_m"":null,""heading_margin_deg"":null,""freshness_margin_s"":null,""normalized_margin"":null,""observable"":false,""raw_pass"":false,""reason"":""GPS course unobservable at low speed"",""status"":""unobservable"",""observed_evaluations"":0,""satisfaction_fraction"":null},{""service_id"":""global_state_tracking"",""label"":""Global asset tracking"",""family"":""global_synchronization"",""horizon_s"":0.0,""position_tolerance_m"":1.0,""heading_tolerance_deg"":5.0,""maximum_aoi_s"":1.0,""position_error_m"":1.8972925388333166,""heading_error_deg"":null,""aoi_s"":0.005843162536621094,""position_margin_m"":-0.8972925388333166,""heading_margin_deg"":null,""freshness_margin_s"":0.9941568374633789,""normalized_margin"":-0.8972925388333166,""observable"":true,""raw_pass"":false,""reason"":""position tolerance"",""status"":""withdrawn"",""observed_evaluations"":69,""satisfaction_fraction"":0.028985507246376812}]",high,10.0,0.3581000491976738
67.25900000000001,1157.469,1789572432.4764724,939,-0.08158164611635169,0.6745924012835514,-0.7017621939896284,-1.6251740536928005,-0.3718070991650614,True,0.205777776,295.33,,,0.034,0.13782000541687012,1789571274.8696523,131.9768810271853,1.8648403243352403,,-109.3045,-0.0010030848338384367,0.010551845720851407,0.2420771672516135,0.056856910027003826,0.23152532153076208,0.6615009186593203,low-motion,702.2683620452881,625,1056.4935542801154,0,False,0,42458,40657,-0.04062717,0.0,12.26501,12,0.85,False,"[{""service_id"":""local_1s_tight"",""label"":""Immediate motion"",""family"":""local_relative_motion"",""horizon_s"":1.0,""position_tolerance_m"":0.1,""heading_tolerance_deg"":2.0,""maximum_aoi_s"":0.6,""position_error_m"":null,""heading_error_deg"":null,""aoi_s"":0.13782000541687012,""position_margin_m"":null,""heading_margin_deg"":null,""freshness_margin_s"":null,""normalized_margin"":null,""observable"":false,""raw_pass"":false,""reason"":""GPS course unobservable at low speed"",""status"":""unobservable"",""observed_evaluations"":4,""satisfaction_fraction"":0.0},{""service_id"":""local_5s_moderate"",""label"":""Short prediction"",""family"":""local_relative_motion"",""horizon_s"":5.0,""position_tolerance_m"":0.2,""heading_tolerance_deg"":5.0,""maximum_aoi_s"":1.0,""position_error_m"":null,""heading_error_deg"":null,""aoi_s"":0.13782000541687012,""position_margin_m"":null,""heading_margin_deg"":null,""freshness_margin_s"":null,""normalized_margin"":null,""observable"":false,""raw_pass"":false,""reason"":""GPS course unobservable at low speed"",""status"":""unobservable"",""observed_evaluations"":0,""satisfaction_fraction"":null},{""service_id"":""local_10s_preview"",""label"":""Planning support"",""family"":""local_relative_motion"",""horizon_s"":10.0,""position_tolerance_m"":0.5,""heading_tolerance_deg"":10.0,""maximum_aoi_s"":1.5,""position_error_m"":null,""heading_error_deg"":null,""aoi_s"":0.13782000541687012,""position_margin_m"":null,""heading_margin_deg"":null,""freshness_margin_s"":null,""normalized_margin"":null,""observable"":false,""raw_pass"":false,""reason"":""GPS course unobservable at low speed"",""status"":""unobservable"",""observed_evaluations"":0,""satisfaction_fraction"":null},{""service_id"":""global_state_tracking"",""label"":""Global asset tracking"",""family"":""global_synchronization"",""horizon_s"":0.0,""position_tolerance_m"":1.0,""heading_tolerance_deg"":5.0,""maximum_aoi_s"":1.0,""position_error_m"":1.8648403243352403,""heading_error_deg"":null,""aoi_s"":0.13782000541687012,""position_margin_m"":-0.8648403243352403,""heading_margin_deg"":null,""freshness_margin_s"":0.8621799945831299,""normalized_margin"":-0.8648403243352403,""observable"":true,""raw_pass"":false,""reason"":""position tolerance"",""status"":""withdrawn"",""observed_evaluations"":70,""satisfaction_fraction"":0.02857142857142857}]",high,10.0,0.33400009851902723
67.96900000000005,1158.179,1789572433.1828208,940,-0.10886485053414516,0.690271173684642,-0.3414066127946098,-1.6251740536928005,-0.3718070991650614,True,0.205777776,295.33,,,0.028,0.1341686248779297,1789571274.8696523,3.651580810583255,1.851270876247732,,-100.5948,-0.04432027910638487,0.4749166548075858,0.638048741297827,0.5075430721056341,0.16313208649024113,0.46609167568640325,low-motion,693.1719779968262,639,1061.3391811657693,0,False,0,42891,40653,-0.094062719,0.018810192,12.26501,12,0.85,False,"[{""service_id"":""local_1s_tight"",""label"":""Immediate motion"",""family"":""local_relative_motion"",""horizon_s"":1.0,""position_tolerance_m"":0.1,""heading_tolerance_deg"":2.0,""maximum_aoi_s"":0.6,""position_error_m"":null,""heading_error_deg"":null,""aoi_s"":0.1341686248779297,""position_margin_m"":null,""heading_margin_deg"":null,""freshness_margin_s"":null,""normalized_margin"":null,""observable"":false,""raw_pass"":false,""reason"":""GPS course unobservable at low speed"",""status"":""unobservable"",""observed_evaluations"":4,""satisfaction_fraction"":0.0},{""service_id"":""local_5s_moderate"",""label"":""Short prediction"",""family"":""local_relative_motion"",""horizon_s"":5.0,""position_tolerance_m"":0.2,""heading_tolerance_deg"":5.0,""maximum_aoi_s"":1.0,""position_error_m"":null,""heading_error_deg"":null,""aoi_s"":0.1341686248779297,""position_margin_m"":null,""heading_margin_deg"":null,""freshness_margin_s"":null,""normalized_margin"":null,""observable"":false,""raw_pass"":false,""reason"":""GPS course unobservable at low speed"",""status"":""unobservable"",""observed_evaluations"":0,""satisfaction_fraction"":null},{""service_id"":""local_10s_preview"",""label"":""Planning support"",""family"":""local_relative_motion"",""horizon_s"":10.0,""position_tolerance_m"":0.5,""heading_tolerance_deg"":10.0,""maximum_aoi_s"":1.5,""position_error_m"":null,""heading_error_deg"":null,""aoi_s"":0.1341686248779297,""position_margin_m"":null,""heading_margin_deg"":null,""freshness_margin_s"":null,""normalized_margin"":null,""observable"":false,""raw_pass"":false,""reason"":""GPS course unobservable at low speed"",""status"":""unobservable"",""observed_evaluations"":0,""satisfaction_fraction"":null},{""service_id"":""global_state_tracking"",""label"":""Global asset tracking"",""family"":""global_synchronization"",""horizon_s"":0.0,""position_tolerance_m"":1.0,""heading_tolerance_deg"":5.0,""maximum_aoi_s"":1.0,""position_error_m"":1.851270876247732,""heading_error_deg"":null,""aoi_s"":0.1341686248779297,""position_margin_m"":-0.8512708762477319,""heading_margin_deg"":null,""freshness_margin_s"":0.8658313751220703,""normalized_margin"":-0.8512708762477319,""observable"":true,""raw_pass"":false,""reason"":""position tolerance"",""status"":""withdrawn"",""observed_evaluations"":71,""satisfaction_fraction"":0.028169014084507043}]",high,10.0,0.21150009706616402
68.70699999999988,1158.917,1789572433.7887714,941,-0.1319682026270074,0.690581206135807,0.3145694818220215,-1.6251740536928005,-0.3718070991650614,True,0.061733333,295.33,,,0.058,0.0021190643310546875,1789571274.8696523,132.04940605146476,1.832575407697367,,-81.30082,-0.031308173739097604,0.8604740653004753,1.0023862226516433,0.888856496770709,0.14191215735116802,0.40546330671762293,turning,592.8177833557129,638,1060.6143239142373,0,False,0,43460,40399,-0.1222115,0.081276286,12.26501,12,0.85,False,"[{""service_id"":""local_1s_tight"",""label"":""Immediate motion"",""family"":""local_relative_motion"",""horizon_s"":1.0,""position_tolerance_m"":0.1,""heading_tolerance_deg"":2.0,""maximum_aoi_s"":0.6,""position_error_m"":null,""heading_error_deg"":null,""aoi_s"":0.0021190643310546875,""position_margin_m"":null,""heading_margin_deg"":null,""freshness_margin_s"":null,""normalized_margin"":null,""observable"":false,""raw_pass"":false,""reason"":""GPS course unobservable at low speed"",""status"":""unobservable"",""observed_evaluations"":4,""satisfaction_fraction"":0.0},{""service_id"":""local_5s_moderate"",""label"":""Short prediction"",""family"":""local_relative_motion"",""horizon_s"":5.0,""position_tolerance_m"":0.2,""heading_tolerance_deg"":5.0,""maximum_aoi_s"":1.0,""position_error_m"":null,""heading_error_deg"":null,""aoi_s"":0.0021190643310546875,""position_margin_m"":null,""heading_margin_deg"":null,""freshness_margin_s"":null,""normalized_margin"":null,""observable"":false,""raw_pass"":false,""reason"":""GPS course unobservable at low speed"",""status"":""unobservable"",""observed_evaluations"":0,""satisfaction_fraction"":null},{""service_id"":""local_10s_preview"",""label"":""Planning support"",""family"":""local_relative_motion"",""horizon_s"":10.0,""position_tolerance_m"":0.5,""heading_tolerance_deg"":10.0,""maximum_aoi_s"":1.5,""position_error_m"":null,""heading_error_deg"":null,""aoi_s"":0.0021190643310546875,""position_margin_m"":null,""heading_margin_deg"":null,""freshness_margin_s"":null,""normalized_margin"":null,""observable"":false,""raw_pass"":false,""reason"":""GPS course unobservable at low speed"",""status"":""unobservable"",""observed_evaluations"":0,""satisfaction_fraction"":null},{""service_id"":""global_state_tracking"",""label"":""Global asset tracking"",""family"":""global_synchronization"",""horizon_s"":0.0,""position_tolerance_m"":1.0,""heading_tolerance_deg"":5.0,""maximum_aoi_s"":1.0,""position_error_m"":1.832575407697367,""heading_error_deg"":null,""aoi_s"":0.0021190643310546875,""position_margin_m"":-0.832575407697367,""heading_margin_deg"":null,""freshness_margin_s"":0.9978809356689453,""normalized_margin"":-0.832575407697367,""observable"":true,""raw_pass"":false,""reason"":""position tolerance"",""status"":""withdrawn"",""observed_evaluations"":72,""satisfaction_fraction"":0.027777777777777776}]",high,10.0,0.38430001586675644
69.33400000000006,1159.544,1789572434.5486267,942,-0.13869697710121645,0.6849066999814586,1.086636182255857,-1.6251740536928005,-0.3718070991650614,True,0.17491111,295.33,,,0.059,0.13497447967529297,1789571274.8696523,132.8552703855621,1.8238032110233093,,-52.10313,-0.014038388224769228,1.193709101733609,1.3819953349604102,1.2313663483789692,0.18828623322680116,0.537960666362289,turning,745.232343673706,636,1065.7507870840163,0,False,0,44005,39974,-0.131786671,0.113002422,12.24101,12,0.85,False,"[{""service_id"":""local_1s_tight"",""label"":""Immediate motion"",""family"":""local_relative_motion"",""horizon_s"":1.0,""position_tolerance_m"":0.1,""heading_tolerance_deg"":2.0,""maximum_aoi_s"":0.6,""position_error_m"":null,""heading_error_deg"":null,""aoi_s"":0.13497447967529297,""position_margin_m"":null,""heading_margin_deg"":null,""freshness_margin_s"":null,""normalized_margin"":null,""observable"":false,""raw_pass"":false,""reason"":""GPS course unobservable at low speed"",""status"":""unobservable"",""observed_evaluations"":4,""satisfaction_fraction"":0.0},{""service_id"":""local_5s_moderate"",""label"":""Short prediction"",""family"":""local_relative_motion"",""horizon_s"":5.0,""position_tolerance_m"":0.2,""heading_tolerance_deg"":5.0,""maximum_aoi_s"":1.0,""position_error_m"":null,""heading_error_deg"":null,""aoi_s"":0.13497447967529297,""position_margin_m"":null,""heading_margin_deg"":null,""freshness_margin_s"":null,""normalized_margin"":null,""observable"":false,""raw_pass"":false,""reason"":""GPS course unobservable at low speed"",""status"":""unobservable"",""observed_evaluations"":0,""satisfaction_fraction"":null},{""service_id"":""local_10s_preview"",""label"":""Planning support"",""family"":""local_relative_motion"",""horizon_s"":10.0,""position_tolerance_m"":0.5,""heading_tolerance_deg"":10.0,""maximum_aoi_s"":1.5,""position_error_m"":null,""heading_error_deg"":null,""aoi_s"":0.13497447967529297,""position_margin_m"":null,""heading_margin_deg"":null,""freshness_margin_s"":null,""normalized_margin"":null,""observable"":false,""raw_pass"":false,""reason"":""GPS course unobservable at low speed"",""status"":""unobservable"",""observed_evaluations"":0,""satisfaction_fraction"":null},{""service_id"":""global_state_tracking"",""label"":""Global asset tracking"",""family"":""global_synchronization"",""horizon_s"":0.0,""position_tolerance_m"":1.0,""heading_tolerance_deg"":5.0,""maximum_aoi_s"":1.0,""position_error_m"":1.8238032110233093,""heading_error_deg"":null,""aoi_s"":0.13497447967529297,""position_margin_m"":-0.8238032110233093,""heading_margin_deg"":null,""freshness_margin_s"":0.865025520324707,""normalized_margin"":-0.8238032110233093,""observable"":true,""raw_pass"":false,""reason"":""position tolerance"",""status"":""withdrawn"",""observed_evaluations"":73,""satisfaction_fraction"":0.0273972602739726}]",high,10.0,0.2098000841215253
70.05899999999997,1160.269,1789572435.1400144,943,-0.1386333335961505,0.6798459102350561,2.0801067555707373,-1.6251740536928005,-0.3718070991650614,True,0.159477776,295.33,,,0.018,0.0013620853424072266,1789571274.8696523,133.61225128164733,1.8209276110504202,,-40.65633,-0.006980951606533813,1.3654725112095025,1.3896311504378853,1.3703042390551792,0.024158639228382794,0.06902468350966513,turning,575.314998626709,637,1073.5268380612301,0,False,0,44681,39367,-0.142850817,0.122743216,12.24101,12,0.85,False,"[{""service_id"":""local_1s_tight"",""label"":""Immediate motion"",""family"":""local_relative_motion"",""horizon_s"":1.0,""position_tolerance_m"":0.1,""heading_tolerance_deg"":2.0,""maximum_aoi_s"":0.6,""position_error_m"":null,""heading_error_deg"":null,""aoi_s"":0.0013620853424072266,""position_margin_m"":null,""heading_margin_deg"":null,""freshness_margin_s"":null,""normalized_margin"":null,""observable"":false,""raw_pass"":false,""reason"":""GPS course unobservable at low speed"",""status"":""unobservable"",""observed_evaluations"":4,""satisfaction_fraction"":0.0},{""service_id"":""local_5s_moderate"",""label"":""Short prediction"",""family"":""local_relative_motion"",""horizon_s"":5.0,""position_tolerance_m"":0.2,""heading_tolerance_deg"":5.0,""maximum_aoi_s"":1.0,""position_error_m"":null,""heading_error_deg"":null,""aoi_s"":0.0013620853424072266,""position_margin_m"":null,""heading_margin_deg"":null,""freshness_margin_s"":null,""normalized_margin"":null,""observable"":false,""raw_pass"":false,""reason"":""GPS course unobservable at low speed"",""status"":""unobservable"",""observed_evaluations"":0,""satisfaction_fraction"":null},{""service_id"":""local_10s_preview"",""label"":""Planning support"",""family"":""local_relative_motion"",""horizon_s"":10.0,""position_tolerance_m"":0.5,""heading_tolerance_deg"":10.0,""maximum_aoi_s"":1.5,""position_error_m"":null,""heading_error_deg"":null,""aoi_s"":0.0013620853424072266,""position_margin_m"":null,""heading_margin_deg"":null,""freshness_margin_s"":null,""normalized_margin"":null,""observable"":false,""raw_pass"":false,""reason"":""GPS course unobservable at low speed"",""status"":""unobservable"",""observed_evaluations"":0,""satisfaction_fraction"":null},{""service_id"":""global_state_tracking"",""label"":""Global asset tracking"",""family"":""global_synchronization"",""horizon_s"":0.0,""position_tolerance_m"":1.0,""heading_tolerance_deg"":5.0,""maximum_aoi_s"":1.0,""position_error_m"":1.8209276110504202,""heading_error_deg"":null,""aoi_s"":0.0013620853424072266,""position_margin_m"":-0.8209276110504202,""heading_margin_deg"":null,""freshness_margin_s"":0.9986379146575928,""normalized_margin"":-0.8209276110504202,""observable"":true,""raw_pass"":false,""reason"":""position tolerance"",""status"":""withdrawn"",""observed_evaluations"":74,""satisfaction_fraction"":0.02702702702702703}]",high,10.0,0.3171999705955386
70.6389999999999,1160.849,1789572435.853089,944,-0.13537595416318024,0.6772248230845518,2.847925073258561,-1.6251740536928005,-0.3718070991650614,True,0.159477776,295.33,,,0.597,0.13443684577941895,1789571274.8696523,133.07468414313917,1.8220774822330654,,-29.27593,-0.0072085913328338354,1.3769135318607122,1.1114693009012888,1.3238246856688276,0.2654442309594234,0.7584120884554955,turning,694.5571899414062,640,1081.0441967332156,0,False,0,45227,38878,-0.112776558,0.112579667,12.24101,12,0.85,False,"[{""service_id"":""local_1s_tight"",""label"":""Immediate motion"",""family"":""local_relative_motion"",""horizon_s"":1.0,""position_tolerance_m"":0.1,""heading_tolerance_deg"":2.0,""maximum_aoi_s"":0.6,""position_error_m"":null,""heading_error_deg"":null,""aoi_s"":0.13443684577941895,""position_margin_m"":null,""heading_margin_deg"":null,""freshness_margin_s"":null,""normalized_margin"":null,""observable"":false,""raw_pass"":false,""reason"":""GPS course unobservable at low speed"",""status"":""unobservable"",""observed_evaluations"":4,""satisfaction_fraction"":0.0},{""service_id"":""local_5s_moderate"",""label"":""Short prediction"",""family"":""local_relative_motion"",""horizon_s"":5.0,""position_tolerance_m"":0.2,""heading_tolerance_deg"":5.0,""maximum_aoi_s"":1.0,""position_error_m"":null,""heading_error_deg"":null,""aoi_s"":0.13443684577941895,""position_margin_m"":null,""heading_margin_deg"":null,""freshness_margin_s"":null,""normalized_margin"":null,""observable"":false,""raw_pass"":false,""reason"":""GPS course unobservable at low speed"",""status"":""unobservable"",""observed_evaluations"":0,""satisfaction_fraction"":null},{""service_id"":""local_10s_preview"",""label"":""Planning support"",""family"":""local_relative_motion"",""horizon_s"":10.0,""position_tolerance_m"":0.5,""heading_tolerance_deg"":10.0,""maximum_aoi_s"":1.5,""position_error_m"":null,""heading_error_deg"":null,""aoi_s"":0.13443684577941895,""position_margin_m"":null,""heading_margin_deg"":null,""freshness_margin_s"":null,""normalized_margin"":null,""observable"":false,""raw_pass"":false,""reason"":""GPS course unobservable at low speed"",""status"":""unobservable"",""observed_evaluations"":0,""satisfaction_fraction"":null},{""service_id"":""global_state_tracking"",""label"":""Global asset tracking"",""family"":""global_synchronization"",""horizon_s"":0.0,""position_tolerance_m"":1.0,""heading_tolerance_deg"":5.0,""maximum_aoi_s"":1.0,""position_error_m"":1.8220774822330654,""heading_error_deg"":null,""aoi_s"":0.13443684577941895,""position_margin_m"":-0.8220774822330654,""heading_margin_deg"":null,""freshness_margin_s"":0.865563154220581,""normalized_margin"":-0.8220774822330654,""observable"":true,""raw_pass"":false,""reason"":""position tolerance"",""status"":""withdrawn"",""observed_evaluations"":75,""satisfaction_fraction"":0.02666666666666667}]",high,10.0,0.4624000284820795
71.35899999999992,1161.569,1789572436.57716,945,-0.1336237457629988,0.6770550504037292,-3.04110345205076,-1.6251740536928005,-0.3718070991650614,True,0.159477776,295.33,,,0.039,0.13850760459899902,1789571274.8696523,4.0707874297822855,1.8234127700231646,,-28.51501,-0.0024450192824812477,0.5894195070631983,0.379521845846167,0.5474399748197921,0.20989766121703135,0.5997076034772325,low-motion,704.9262523651123,634,1050.924181420772,0,False,0,45514,38615,-0.038969885,0.038879257,12.24101,12,0.85,False,"[{""service_id"":""local_1s_tight"",""label"":""Immediate motion"",""family"":""local_relative_motion"",""horizon_s"":1.0,""position_tolerance_m"":0.1,""heading_tolerance_deg"":2.0,""maximum_aoi_s"":0.6,""position_error_m"":null,""heading_error_deg"":null,""aoi_s"":0.13850760459899902,""position_margin_m"":null,""heading_margin_deg"":null,""freshness_margin_s"":null,""normalized_margin"":null,""observable"":false,""raw_pass"":false,""reason"":""GPS course unobservable at low speed"",""status"":""unobservable"",""observed_evaluations"":4,""satisfaction_fraction"":0.0},{""service_id"":""local_5s_moderate"",""label"":""Short prediction"",""family"":""local_relative_motion"",""horizon_s"":5.0,""position_tolerance_m"":0.2,""heading_tolerance_deg"":5.0,""maximum_aoi_s"":1.0,""position_error_m"":null,""heading_error_deg"":null,""aoi_s"":0.13850760459899902,""position_margin_m"":null,""heading_margin_deg"":null,""freshness_margin_s"":null,""normalized_margin"":null,""observable"":false,""raw_pass"":false,""reason"":""GPS course unobservable at low speed"",""status"":""unobservable"",""observed_evaluations"":0,""satisfaction_fraction"":null},{""service_id"":""local_10s_preview"",""label"":""Planning support"",""family"":""local_relative_motion"",""horizon_s"":10.0,""position_tolerance_m"":0.5,""heading_tolerance_deg"":10.0,""maximum_aoi_s"":1.5,""position_error_m"":null,""heading_error_deg"":null,""aoi_s"":0.13850760459899902,""position_margin_m"":null,""heading_margin_deg"":null,""freshness_margin_s"":null,""normalized_margin"":null,""observable"":false,""raw_pass"":false,""reason"":""GPS course unobservable at low speed"",""status"":""unobservable"",""observed_evaluations"":0,""satisfaction_fraction"":null},{""service_id"":""global_state_tracking"",""label"":""Global asset tracking"",""family"":""global_synchronization"",""horizon_s"":0.0,""position_tolerance_m"":1.0,""heading_tolerance_deg"":5.0,""maximum_aoi_s"":1.0,""position_error_m"":1.8234127700231646,""heading_error_deg"":null,""aoi_s"":0.13850760459899902,""position_margin_m"":-0.8234127700231646,""heading_margin_deg"":null,""freshness_margin_s"":0.861492395401001,""normalized_margin"":-0.8234127700231646,""observable"":true,""raw_pass"":false,""reason"":""position tolerance"",""status"":""withdrawn"",""observed_evaluations"":76,""satisfaction_fraction"":0.02631578947368421}]",high,10.0,0.47480000648647547
72.08799999999997,1162.298,1789572437.1715426,946,-0.13311926637557944,0.6771506307805499,-2.8675938833524737,-1.6251740536928005,-0.5565974541430395,True,0.133755554,295.33,,,0.04,0.0038902759552001953,1789571274.8696523,134.6172370911063,1.936068652039194,,-35.12059,-0.0007043265422785347,0.24026617841228895,0.22898719786165603,0.23801038230216237,0.011278980550632922,0.03222565871609406,low-motion,573.4798908233643,636,1083.050883399978,0,False,0,45631,38505,-0.021230806,0.021287878,12.24101,12,0.85,False,"[{""service_id"":""local_1s_tight"",""label"":""Immediate motion"",""family"":""local_relative_motion"",""horizon_s"":1.0,""position_tolerance_m"":0.1,""heading_tolerance_deg"":2.0,""maximum_aoi_s"":0.6,""position_error_m"":null,""heading_error_deg"":null,""aoi_s"":0.0038902759552001953,""position_margin_m"":null,""heading_margin_deg"":null,""freshness_margin_s"":null,""normalized_margin"":null,""observable"":false,""raw_pass"":false,""reason"":""GPS course unobservable at low speed"",""status"":""unobservable"",""observed_evaluations"":4,""satisfaction_fraction"":0.0},{""service_id"":""local_5s_moderate"",""label"":""Short prediction"",""family"":""local_relative_motion"",""horizon_s"":5.0,""position_tolerance_m"":0.2,""heading_tolerance_deg"":5.0,""maximum_aoi_s"":1.0,""position_error_m"":null,""heading_error_deg"":null,""aoi_s"":0.0038902759552001953,""position_margin_m"":null,""heading_margin_deg"":null,""freshness_margin_s"":null,""normalized_margin"":null,""observable"":false,""raw_pass"":false,""reason"":""GPS course unobservable at low speed"",""status"":""unobservable"",""observed_evaluations"":0,""satisfaction_fraction"":null},{""service_id"":""local_10s_preview"",""label"":""Planning support"",""family"":""local_relative_motion"",""horizon_s"":10.0,""position_tolerance_m"":0.5,""heading_tolerance_deg"":10.0,""maximum_aoi_s"":1.5,""position_error_m"":null,""heading_error_deg"":null,""aoi_s"":0.0038902759552001953,""position_margin_m"":null,""heading_margin_deg"":null,""freshness_margin_s"":null,""normalized_margin"":null,""observable"":false,""raw_pass"":false,""reason"":""GPS course unobservable at low speed"",""status"":""unobservable"",""observed_evaluations"":0,""satisfaction_fraction"":null},{""service_id"":""global_state_tracking"",""label"":""Global asset tracking"",""family"":""global_synchronization"",""horizon_s"":0.0,""position_tolerance_m"":1.0,""heading_tolerance_deg"":5.0,""maximum_aoi_s"":1.0,""position_error_m"":1.936068652039194,""heading_error_deg"":null,""aoi_s"":0.0038902759552001953,""position_margin_m"":-0.9360686520391941,""heading_margin_deg"":null,""freshness_margin_s"":0.9961097240447998,""normalized_margin"":-0.9360686520391941,""observable"":true,""raw_pass"":false,""reason"":""position tolerance"",""status"":""withdrawn"",""observed_evaluations"":77,""satisfaction_fraction"":0.025974025974025976}]",high,10.0,0.3431999357417226
72.68000000000006,1162.89,1789572437.895837,947,-0.13269927172208987,0.677282143350639,-2.808675535530147,-1.6251740536928005,-0.5565974541430395,True,0.133755554,295.33,,,0.633,0.1361846923828125,1789571274.8696523,132.2944240569086,1.9364761387452423,,-50.29281,-0.0007434180250786634,0.12251815797921427,0.007548549014875475,0.09952423618634652,0.11496960896433879,0.328484597040968,low-motion,708.2417011260986,619,1077.6538223758882,0,False,0,45681,38461,0.0,0.0,12.24101,12,0.85,False,"[{""service_id"":""local_1s_tight"",""label"":""Immediate motion"",""family"":""local_relative_motion"",""horizon_s"":1.0,""position_tolerance_m"":0.1,""heading_tolerance_deg"":2.0,""maximum_aoi_s"":0.6,""position_error_m"":null,""heading_error_deg"":null,""aoi_s"":0.1361846923828125,""position_margin_m"":null,""heading_margin_deg"":null,""freshness_margin_s"":null,""normalized_margin"":null,""observable"":false,""raw_pass"":false,""reason"":""GPS course unobservable at low speed"",""status"":""unobservable"",""observed_evaluations"":4,""satisfaction_fraction"":0.0},{""service_id"":""local_5s_moderate"",""label"":""Short prediction"",""family"":""local_relative_motion"",""horizon_s"":5.0,""position_tolerance_m"":0.2,""heading_tolerance_deg"":5.0,""maximum_aoi_s"":1.0,""position_error_m"":null,""heading_error_deg"":null,""aoi_s"":0.1361846923828125,""position_margin_m"":null,""heading_margin_deg"":null,""freshness_margin_s"":null,""normalized_margin"":null,""observable"":false,""raw_pass"":false,""reason"":""GPS course unobservable at low speed"",""status"":""unobservable"",""observed_evaluations"":0,""satisfaction_fraction"":null},{""service_id"":""local_10s_preview"",""label"":""Planning support"",""family"":""local_relative_motion"",""horizon_s"":10.0,""position_tolerance_m"":0.5,""heading_tolerance_deg"":10.0,""maximum_aoi_s"":1.5,""position_error_m"":null,""heading_error_deg"":null,""aoi_s"":0.1361846923828125,""position_margin_m"":null,""heading_margin_deg"":null,""freshness_margin_s"":null,""normalized_margin"":null,""observable"":false,""raw_pass"":false,""reason"":""GPS course unobservable at low speed"",""status"":""unobservable"",""observed_evaluations"":0,""satisfaction_fraction"":null},{""service_id"":""global_state_tracking"",""label"":""Global asset tracking"",""family"":""global_synchronization"",""horizon_s"":0.0,""position_tolerance_m"":1.0,""heading_tolerance_deg"":5.0,""maximum_aoi_s"":1.0,""position_error_m"":1.9364761387452423,""heading_error_deg"":null,""aoi_s"":0.1361846923828125,""position_margin_m"":-0.9364761387452423,""heading_margin_deg"":null,""freshness_margin_s"":0.8638153076171875,""normalized_margin"":-0.9364761387452423,""observable"":true,""raw_pass"":false,""reason"":""position tolerance"",""status"":""withdrawn"",""observed_evaluations"":78,""satisfaction_fraction"":0.02564102564102564}]",high,10.0,0.3104000352323055
73.4079999999999,1163.618,1789572438.4881682,948,-0.1325605842099857,0.6773299659753735,-2.8103992823622357,-1.6251740536928005,-0.5565974541430395,True,0.056588888,295.33,,,0.042,0.0005159378051757812,1789571274.8696523,135.6688289640715,1.9366134997468152,,-66.86093,-0.000201512578226529,-0.002119790434993073,-0.0033597588100890844,-0.0023677841100122757,0.0012399683750960113,0.0035427667859886038,low-motion,566.7450428009033,616,1075.8827489578123,0,False,0,45681,38463,0.0,0.0,12.24101,12,0.85,False,"[{""service_id"":""local_1s_tight"",""label"":""Immediate motion"",""family"":""local_relative_motion"",""horizon_s"":1.0,""position_tolerance_m"":0.1,""heading_tolerance_deg"":2.0,""maximum_aoi_s"":0.6,""position_error_m"":null,""heading_error_deg"":null,""aoi_s"":0.0005159378051757812,""position_margin_m"":null,""heading_margin_deg"":null,""freshness_margin_s"":null,""normalized_margin"":null,""observable"":false,""raw_pass"":false,""reason"":""GPS course unobservable at low speed"",""status"":""unobservable"",""observed_evaluations"":4,""satisfaction_fraction"":0.0},{""service_id"":""local_5s_moderate"",""label"":""Short prediction"",""family"":""local_relative_motion"",""horizon_s"":5.0,""position_tolerance_m"":0.2,""heading_tolerance_deg"":5.0,""maximum_aoi_s"":1.0,""position_error_m"":null,""heading_error_deg"":null,""aoi_s"":0.0005159378051757812,""position_margin_m"":null,""heading_margin_deg"":null,""freshness_margin_s"":null,""normalized_margin"":null,""observable"":false,""raw_pass"":false,""reason"":""GPS course unobservable at low speed"",""status"":""unobservable"",""observed_evaluations"":0,""satisfaction_fraction"":null},{""service_id"":""local_10s_preview"",""label"":""Planning support"",""family"":""local_relative_motion"",""horizon_s"":10.0,""position_tolerance_m"":0.5,""heading_tolerance_deg"":10.0,""maximum_aoi_s"":1.5,""position_error_m"":null,""heading_error_deg"":null,""aoi_s"":0.0005159378051757812,""position_margin_m"":null,""heading_margin_deg"":null,""freshness_margin_s"":null,""normalized_margin"":null,""observable"":false,""raw_pass"":false,""reason"":""GPS course unobservable at low speed"",""status"":""unobservable"",""observed_evaluations"":0,""satisfaction_fraction"":null},{""service_id"":""global_state_tracking"",""label"":""Global asset tracking"",""family"":""global_synchronization"",""horizon_s"":0.0,""position_tolerance_m"":1.0,""heading_tolerance_deg"":5.0,""maximum_aoi_s"":1.0,""position_error_m"":1.9366134997468152,""heading_error_deg"":null,""aoi_s"":0.0005159378051757812,""position_margin_m"":-0.9366134997468152,""heading_margin_deg"":null,""freshness_margin_s"":0.9994840621948242,""normalized_margin"":-0.9366134997468152,""observable"":true,""raw_pass"":false,""reason"":""position tolerance"",""status"":""withdrawn"",""observed_evaluations"":79,""satisfaction_fraction"":0.02531645569620253}]",high,10.0,0.49430003855377436
74.01499999999987,1164.225,1789572439.2311351,949,-0.1325605842099857,0.6773299659753735,-2.8101450227968052,-1.6251740536928005,-0.5565974541430395,True,0.056588888,295.33,,,0.061,0.13648295402526855,1789571274.8696523,135.9668903351121,1.9366134997468152,,-88.34948,-0.0,0.0,0.0020943951023931952,0.00041887902047863906,0.0020943951023931952,0.005983986006837701,low-motion,704.4777870178223,614,1074.6376720327594,0,False,0,45681,38463,0.0,0.0,12.24101,12,0.85,False,"[{""service_id"":""local_1s_tight"",""label"":""Immediate motion"",""family"":""local_relative_motion"",""horizon_s"":1.0,""position_tolerance_m"":0.1,""heading_tolerance_deg"":2.0,""maximum_aoi_s"":0.6,""position_error_m"":null,""heading_error_deg"":null,""aoi_s"":0.13648295402526855,""position_margin_m"":null,""heading_margin_deg"":null,""freshness_margin_s"":null,""normalized_margin"":null,""observable"":false,""raw_pass"":false,""reason"":""GPS course unobservable at low speed"",""status"":""unobservable"",""observed_evaluations"":4,""satisfaction_fraction"":0.0},{""service_id"":""local_5s_moderate"",""label"":""Short prediction"",""family"":""local_relative_motion"",""horizon_s"":5.0,""position_tolerance_m"":0.2,""heading_tolerance_deg"":5.0,""maximum_aoi_s"":1.0,""position_error_m"":null,""heading_error_deg"":null,""aoi_s"":0.13648295402526855,""position_margin_m"":null,""heading_margin_deg"":null,""freshness_margin_s"":null,""normalized_margin"":null,""observable"":false,""raw_pass"":false,""reason"":""GPS course unobservable at low speed"",""status"":""unobservable"",""observed_evaluations"":0,""satisfaction_fraction"":null},{""service_id"":""local_10s_preview"",""label"":""Planning support"",""family"":""local_relative_motion"",""horizon_s"":10.0,""position_tolerance_m"":0.5,""heading_tolerance_deg"":10.0,""maximum_aoi_s"":1.5,""position_error_m"":null,""heading_error_deg"":null,""aoi_s"":0.13648295402526855,""position_margin_m"":null,""heading_margin_deg"":null,""freshness_margin_s"":null,""normalized_margin"":null,""observable"":false,""raw_pass"":false,""reason"":""GPS course unobservable at low speed"",""status"":""unobservable"",""observed_evaluations"":0,""satisfaction_fraction"":null},{""service_id"":""global_state_tracking"",""label"":""Global asset tracking"",""family"":""global_synchronization"",""horizon_s"":0.0,""position_tolerance_m"":1.0,""heading_tolerance_deg"":5.0,""maximum_aoi_s"":1.0,""position_error_m"":1.9366134997468152,""heading_error_deg"":null,""aoi_s"":0.13648295402526855,""position_margin_m"":-0.9366134997468152,""heading_margin_deg"":null,""freshness_margin_s"":0.8635170459747314,""normalized_margin"":-0.9366134997468152,""observable"":true,""raw_pass"":false,""reason"":""position tolerance"",""status"":""withdrawn"",""observed_evaluations"":80,""satisfaction_fraction"":0.025}]",high,10.0,0.5415000487118959
74.73000000000002,1164.94,1789572439.8516865,950,-0.1325605842099857,0.6773299659753735,-2.8093775578914717,-1.6251740536928005,-0.5565974541430395,True,0.365255552,322.89,2.218488012209993,2.7930031088107707,0.035,0.042034149169921875,1789571274.8696523,94.44865226760157,1.9366134997468152,32.91729030177537,-100.2578,-0.0,0.0,0.005366887449882563,0.0010733774899765126,0.005366887449882563,0.015333964142521611,low-motion,598.5538959503174,617,1063.9535027123773,0,False,0,45681,38463,0.0,0.0,12.24101,12,0.85,True,"[{""service_id"":""local_1s_tight"",""label"":""Immediate motion"",""family"":""local_relative_motion"",""horizon_s"":1.0,""position_tolerance_m"":0.1,""heading_tolerance_deg"":2.0,""maximum_aoi_s"":0.6,""position_error_m"":null,""heading_error_deg"":null,""aoi_s"":0.042034149169921875,""position_margin_m"":null,""heading_margin_deg"":null,""freshness_margin_s"":null,""normalized_margin"":null,""observable"":false,""raw_pass"":false,""reason"":""no synchronized 1 s window"",""status"":""unobservable"",""observed_evaluations"":4,""satisfaction_fraction"":0.0},{""service_id"":""local_5s_moderate"",""label"":""Short prediction"",""family"":""local_relative_motion"",""horizon_s"":5.0,""position_tolerance_m"":0.2,""heading_tolerance_deg"":5.0,""maximum_aoi_s"":1.0,""position_error_m"":null,""heading_error_deg"":null,""aoi_s"":0.042034149169921875,""position_margin_m"":null,""heading_margin_deg"":null,""freshness_margin_s"":null,""normalized_margin"":null,""observable"":false,""raw_pass"":false,""reason"":""no synchronized 5 s window"",""status"":""unobservable"",""observed_evaluations"":0,""satisfaction_fraction"":null},{""service_id"":""local_10s_preview"",""label"":""Planning support"",""family"":""local_relative_motion"",""horizon_s"":10.0,""position_tolerance_m"":0.5,""heading_tolerance_deg"":10.0,""maximum_aoi_s"":1.5,""position_error_m"":null,""heading_error_deg"":null,""aoi_s"":0.042034149169921875,""position_margin_m"":null,""heading_margin_deg"":null,""freshness_margin_s"":null,""normalized_margin"":null,""observable"":false,""raw_pass"":false,""reason"":""no synchronized 10 s window"",""status"":""unobservable"",""observed_evaluations"":0,""satisfaction_fraction"":null},{""service_id"":""global_state_tracking"",""label"":""Global asset tracking"",""family"":""global_synchronization"",""horizon_s"":0.0,""position_tolerance_m"":1.0,""heading_tolerance_deg"":5.0,""maximum_aoi_s"":1.0,""position_error_m"":1.9366134997468152,""heading_error_deg"":32.91729030177537,""aoi_s"":0.042034149169921875,""position_margin_m"":-0.9366134997468152,""heading_margin_deg"":-27.917290301775367,""freshness_margin_s"":0.9579658508300781,""normalized_margin"":-5.583458060355073,""observable"":true,""raw_pass"":false,""reason"":""position tolerance, heading tolerance"",""status"":""withdrawn"",""observed_evaluations"":81,""satisfaction_fraction"":0.024691358024691357}]",high,10.0,0.2383999526500702
75.35500000000002,1165.565,1789572440.4400687,951,-0.1325605842099857,0.6773299659753735,-2.809661173894921,-1.6251740536928005,-0.5565974541430395,True,0.401266663,333.2,2.038544566329377,2.792719492807321,0.073,0.005416393280029297,1789571274.8696523,36.61775588989258,1.9366134997468152,43.211040301775355,-117.5801,-0.0,0.0,-0.0022689280275926286,-0.00045378560551852573,0.0022689280275926286,0.006482651507407511,low-motion,582.0627212524414,617,1088.5158438347732,0,False,0,45681,38463,0.0,0.0,12.24101,12,0.85,True,"[{""service_id"":""local_1s_tight"",""label"":""Immediate motion"",""family"":""local_relative_motion"",""horizon_s"":1.0,""position_tolerance_m"":0.1,""heading_tolerance_deg"":2.0,""maximum_aoi_s"":0.6,""position_error_m"":null,""heading_error_deg"":null,""aoi_s"":0.005416393280029297,""position_margin_m"":null,""heading_margin_deg"":null,""freshness_margin_s"":null,""normalized_margin"":null,""observable"":false,""raw_pass"":false,""reason"":""no synchronized 1 s window"",""status"":""unobservable"",""observed_evaluations"":4,""satisfaction_fraction"":0.0},{""service_id"":""local_5s_moderate"",""label"":""Short prediction"",""family"":""local_relative_motion"",""horizon_s"":5.0,""position_tolerance_m"":0.2,""heading_tolerance_deg"":5.0,""maximum_aoi_s"":1.0,""position_error_m"":null,""heading_error_deg"":null,""aoi_s"":0.005416393280029297,""position_margin_m"":null,""heading_margin_deg"":null,""freshness_margin_s"":null,""normalized_margin"":null,""observable"":false,""raw_pass"":false,""reason"":""no synchronized 5 s window"",""status"":""unobservable"",""observed_evaluations"":0,""satisfaction_fraction"":null},{""service_id"":""local_10s_preview"",""label"":""Planning support"",""family"":""local_relative_motion"",""horizon_s"":10.0,""position_tolerance_m"":0.5,""heading_tolerance_deg"":10.0,""maximum_aoi_s"":1.5,""position_error_m"":null,""heading_error_deg"":null,""aoi_s"":0.005416393280029297,""position_margin_m"":null,""heading_margin_deg"":null,""freshness_margin_s"":null,""normalized_margin"":null,""observable"":false,""raw_pass"":false,""reason"":""no synchronized 10 s window"",""status"":""unobservable"",""observed_evaluations"":0,""satisfaction_fraction"":null},{""service_id"":""global_state_tracking"",""label"":""Global asset tracking"",""family"":""global_synchronization"",""horizon_s"":0.0,""position_tolerance_m"":1.0,""heading_tolerance_deg"":5.0,""maximum_aoi_s"":1.0,""position_error_m"":1.9366134997468152,""heading_error_deg"":43.211040301775355,""aoi_s"":0.005416393280029297,""position_margin_m"":-0.9366134997468152,""heading_margin_deg"":-38.211040301775355,""freshness_margin_s"":0.9945836067199707,""normalized_margin"":-7.642208060355071,""observable"":true,""raw_pass"":false,""reason"":""position tolerance, heading tolerance"",""status"":""withdrawn"",""observed_evaluations"":82,""satisfaction_fraction"":0.024390243902439025}]",high,10.0,0.587899936363101
75.93100000000004,1166.141,1789572441.1464343,952,-0.1325605842099857,0.6773299659753735,-2.8102995455221302,-1.772272686291025,-0.3718070991650614,True,0.401266663,333.2,2.038544566329377,2.7920811211801118,0.027,0.13578200340270996,1789571274.8696523,130.3655853271266,1.9466238360717012,43.17446430177536,-121.7872,-0.0,0.0,-0.005541420375081997,-0.0011082840750163993,0.005541420375081997,0.01583262964309142,low-motion,690.8900737762451,619,1088.1377516406794,0,False,0,45681,38463,0.0,0.0,12.24101,12,0.85,True,"[{""service_id"":""local_1s_tight"",""label"":""Immediate motion"",""family"":""local_relative_motion"",""horizon_s"":1.0,""position_tolerance_m"":0.1,""heading_tolerance_deg"":2.0,""maximum_aoi_s"":0.6,""position_error_m"":0.23618950655174029,""heading_error_deg"":10.257173999999994,""aoi_s"":0.13578200340270996,""position_margin_m"":-0.13618950655174028,""heading_margin_deg"":-8.257173999999994,""freshness_margin_s"":0.46421799659729,""normalized_margin"":-4.128586999999997,""observable"":true,""raw_pass"":false,""reason"":""position tolerance, heading tolerance"",""status"":""withdrawn"",""observed_evaluations"":5,""satisfaction_fraction"":0.0},{""service_id"":""local_5s_moderate"",""label"":""Short prediction"",""family"":""local_relative_motion"",""horizon_s"":5.0,""position_tolerance_m"":0.2,""heading_tolerance_deg"":5.0,""maximum_aoi_s"":1.0,""position_error_m"":null,""heading_error_deg"":null,""aoi_s"":0.13578200340270996,""position_margin_m"":null,""heading_margin_deg"":null,""freshness_margin_s"":null,""normalized_margin"":null,""observable"":false,""raw_pass"":false,""reason"":""no synchronized 5 s window"",""status"":""unobservable"",""observed_evaluations"":0,""satisfaction_fraction"":null},{""service_id"":""local_10s_preview"",""label"":""Planning support"",""family"":""local_relative_motion"",""horizon_s"":10.0,""position_tolerance_m"":0.5,""heading_tolerance_deg"":10.0,""maximum_aoi_s"":1.5,""position_error_m"":null,""heading_error_deg"":null,""aoi_s"":0.13578200340270996,""position_margin_m"":null,""heading_margin_deg"":null,""freshness_margin_s"":null,""normalized_margin"":null,""observable"":false,""raw_pass"":false,""reason"":""no synchronized 10 s window"",""status"":""unobservable"",""observed_evaluations"":0,""satisfaction_fraction"":null},{""service_id"":""global_state_tracking"",""label"":""Global asset tracking"",""family"":""global_synchronization"",""horizon_s"":0.0,""position_tolerance_m"":1.0,""heading_tolerance_deg"":5.0,""maximum_aoi_s"":1.0,""position_error_m"":1.9466238360717012,""heading_error_deg"":43.17446430177536,""aoi_s"":0.13578200340270996,""position_margin_m"":-0.9466238360717012,""heading_margin_deg"":-38.17446430177536,""freshness_margin_s"":0.86421799659729,""normalized_margin"":-7.634892860355071,""observable"":true,""raw_pass"":false,""reason"":""position tolerance, heading tolerance"",""status"":""withdrawn"",""observed_evaluations"":83,""satisfaction_fraction"":0.024096385542168676}]",high,10.0,0.5419000517576933
76.63799999999992,1166.848,1789572441.8587933,953,-0.1325605842099857,0.6773299659753735,-2.810928858890522,-1.772272686291025,-0.3718070991650614,True,0.154333332,333.2,,,0.019,0.14114093780517578,1789571274.8696523,5.358951568723569,1.9466238360717012,,-124.5111,-0.0,0.0,-0.00445058959258554,-0.000890117918517108,0.00445058959258554,0.012715970264530115,low-motion,695.5585479736328,618,1057.3362527323586,0,False,0,45681,38463,0.0,0.0,12.24101,12,0.85,False,"[{""service_id"":""local_1s_tight"",""label"":""Immediate motion"",""family"":""local_relative_motion"",""horizon_s"":1.0,""position_tolerance_m"":0.1,""heading_tolerance_deg"":2.0,""maximum_aoi_s"":0.6,""position_error_m"":null,""heading_error_deg"":null,""aoi_s"":0.14114093780517578,""position_margin_m"":null,""heading_margin_deg"":null,""freshness_margin_s"":null,""normalized_margin"":null,""observable"":false,""raw_pass"":false,""reason"":""GPS course unobservable at low speed"",""status"":""unobservable"",""observed_evaluations"":5,""satisfaction_fraction"":0.0},{""service_id"":""local_5s_moderate"",""label"":""Short prediction"",""family"":""local_relative_motion"",""horizon_s"":5.0,""position_tolerance_m"":0.2,""heading_tolerance_deg"":5.0,""maximum_aoi_s"":1.0,""position_error_m"":null,""heading_error_deg"":null,""aoi_s"":0.14114093780517578,""position_margin_m"":null,""heading_margin_deg"":null,""freshness_margin_s"":null,""normalized_margin"":null,""observable"":false,""raw_pass"":false,""reason"":""GPS course unobservable at low speed"",""status"":""unobservable"",""observed_evaluations"":0,""satisfaction_fraction"":null},{""service_id"":""local_10s_preview"",""label"":""Planning support"",""family"":""local_relative_motion"",""horizon_s"":10.0,""position_tolerance_m"":0.5,""heading_tolerance_deg"":10.0,""maximum_aoi_s"":1.5,""position_error_m"":null,""heading_error_deg"":null,""aoi_s"":0.14114093780517578,""position_margin_m"":null,""heading_margin_deg"":null,""freshness_margin_s"":null,""normalized_margin"":null,""observable"":false,""raw_pass"":false,""reason"":""GPS course unobservable at low speed"",""status"":""unobservable"",""observed_evaluations"":0,""satisfaction_fraction"":null},{""service_id"":""global_state_tracking"",""label"":""Global asset tracking"",""family"":""global_synchronization"",""horizon_s"":0.0,""position_tolerance_m"":1.0,""heading_tolerance_deg"":5.0,""maximum_aoi_s"":1.0,""position_error_m"":1.9466238360717012,""heading_error_deg"":null,""aoi_s"":0.14114093780517578,""position_margin_m"":-0.9466238360717012,""heading_margin_deg"":null,""freshness_margin_s"":0.8588590621948242,""normalized_margin"":-0.9466238360717012,""observable"":true,""raw_pass"":false,""reason"":""position tolerance"",""status"":""withdrawn"",""observed_evaluations"":84,""satisfaction_fraction"":0.023809523809523808}]",high,10.0,0.2204999327659607
77.36899999999991,1167.579,1789572442.4527752,954,-0.1325605842099857,0.6773299659753735,-2.810782137786953,-1.9202574559357004,-0.1859035491870444,True,0.159477776,333.2,,,0.045,0.00412297248840332,1789571274.8696523,137.01801872252872,1.9852033162569447,,-128.2818,-0.0,0.0,0.0010035643198967395,0.00020071286397934792,0.0010035643198967395,0.0028673266282763987,low-motion,580.9767246246338,609,1081.6473286711414,0,False,0,45681,38463,0.0,0.0,12.24101,12,0.85,False,"[{""service_id"":""local_1s_tight"",""label"":""Immediate motion"",""family"":""local_relative_motion"",""horizon_s"":1.0,""position_tolerance_m"":0.1,""heading_tolerance_deg"":2.0,""maximum_aoi_s"":0.6,""position_error_m"":null,""heading_error_deg"":null,""aoi_s"":0.00412297248840332,""position_margin_m"":null,""heading_margin_deg"":null,""freshness_margin_s"":null,""normalized_margin"":null,""observable"":false,""raw_pass"":false,""reason"":""GPS course unobservable at low speed"",""status"":""unobservable"",""observed_evaluations"":5,""satisfaction_fraction"":0.0},{""service_id"":""local_5s_moderate"",""label"":""Short prediction"",""family"":""local_relative_motion"",""horizon_s"":5.0,""position_tolerance_m"":0.2,""heading_tolerance_deg"":5.0,""maximum_aoi_s"":1.0,""position_error_m"":null,""heading_error_deg"":null,""aoi_s"":0.00412297248840332,""position_margin_m"":null,""heading_margin_deg"":null,""freshness_margin_s"":null,""normalized_margin"":null,""observable"":false,""raw_pass"":false,""reason"":""GPS course unobservable at low speed"",""status"":""unobservable"",""observed_evaluations"":0,""satisfaction_fraction"":null},{""service_id"":""local_10s_preview"",""label"":""Planning support"",""family"":""local_relative_motion"",""horizon_s"":10.0,""position_tolerance_m"":0.5,""heading_tolerance_deg"":10.0,""maximum_aoi_s"":1.5,""position_error_m"":null,""heading_error_deg"":null,""aoi_s"":0.00412297248840332,""position_margin_m"":null,""heading_margin_deg"":null,""freshness_margin_s"":null,""normalized_margin"":null,""observable"":false,""raw_pass"":false,""reason"":""GPS course unobservable at low speed"",""status"":""unobservable"",""observed_evaluations"":0,""satisfaction_fraction"":null},{""service_id"":""global_state_tracking"",""label"":""Global asset tracking"",""family"":""global_synchronization"",""horizon_s"":0.0,""position_tolerance_m"":1.0,""heading_tolerance_deg"":5.0,""maximum_aoi_s"":1.0,""position_error_m"":1.9852033162569447,""heading_error_deg"":null,""aoi_s"":0.00412297248840332,""position_margin_m"":-0.9852033162569447,""heading_margin_deg"":null,""freshness_margin_s"":0.9958770275115967,""normalized_margin"":-0.9852033162569447,""observable"":true,""raw_pass"":false,""reason"":""position tolerance"",""status"":""withdrawn"",""observed_evaluations"":85,""satisfaction_fraction"":0.023529411764705882}]",high,10.0,0.1759999431669712
77.94399999999996,1168.154,1789572443.1642199,955,-0.1325605842099857,0.6773299659753735,-2.8110430645101263,-1.9202574559357004,-0.3718070991650614,True,0.159477776,333.2,,,0.028,0.14056754112243652,1789571274.8696523,136.44461631770355,2.072811782731223,,-129.8692,-0.0,0.0,-0.0022689280275926286,-0.00045378560551852573,0.0022689280275926286,0.006482651507407511,low-motion,699.3029117584229,613,1052.8113039751322,0,False,0,45681,38463,0.0,0.0,12.24101,12,0.85,False,"[{""service_id"":""local_1s_tight"",""label"":""Immediate motion"",""family"":""local_relative_motion"",""horizon_s"":1.0,""position_tolerance_m"":0.1,""heading_tolerance_deg"":2.0,""maximum_aoi_s"":0.6,""position_error_m"":null,""heading_error_deg"":null,""aoi_s"":0.14056754112243652,""position_margin_m"":null,""heading_margin_deg"":null,""freshness_margin_s"":null,""normalized_margin"":null,""observable"":false,""raw_pass"":false,""reason"":""GPS course unobservable at low speed"",""status"":""unobservable"",""observed_evaluations"":5,""satisfaction_fraction"":0.0},{""service_id"":""local_5s_moderate"",""label"":""Short prediction"",""family"":""local_relative_motion"",""horizon_s"":5.0,""position_tolerance_m"":0.2,""heading_tolerance_deg"":5.0,""maximum_aoi_s"":1.0,""position_error_m"":null,""heading_error_deg"":null,""aoi_s"":0.14056754112243652,""position_margin_m"":null,""heading_margin_deg"":null,""freshness_margin_s"":null,""normalized_margin"":null,""observable"":false,""raw_pass"":false,""reason"":""GPS course unobservable at low speed"",""status"":""unobservable"",""observed_evaluations"":0,""satisfaction_fraction"":null},{""service_id"":""local_10s_preview"",""label"":""Planning support"",""family"":""local_relative_motion"",""horizon_s"":10.0,""position_tolerance_m"":0.5,""heading_tolerance_deg"":10.0,""maximum_aoi_s"":1.5,""position_error_m"":null,""heading_error_deg"":null,""aoi_s"":0.14056754112243652,""position_margin_m"":null,""heading_margin_deg"":null,""freshness_margin_s"":null,""normalized_margin"":null,""observable"":false,""raw_pass"":false,""reason"":""GPS course unobservable at low speed"",""status"":""unobservable"",""observed_evaluations"":0,""satisfaction_fraction"":null},{""service_id"":""global_state_tracking"",""label"":""Global asset tracking"",""family"":""global_synchronization"",""horizon_s"":0.0,""position_tolerance_m"":1.0,""heading_tolerance_deg"":5.0,""maximum_aoi_s"":1.0,""position_error_m"":2.072811782731223,""heading_error_deg"":null,""aoi_s"":0.14056754112243652,""position_margin_m"":-1.0728117827312231,""heading_margin_deg"":null,""freshness_margin_s"":0.8594324588775635,""normalized_margin"":-1.0728117827312231,""observable"":true,""raw_pass"":false,""reason"":""position tolerance"",""status"":""withdrawn"",""observed_evaluations"":86,""satisfaction_fraction"":0.023255813953488372}]",high,10.0,0.332699972204864
78.68200000000002,1168.892,1789572443.7788136,956,-0.13249087003922125,0.6773527747841359,-2.8397445950796962,-1.9202574559357004,-0.3718070991650614,True,0.102888888,333.2,,,0.057,0.01716136932373047,1789571274.8696523,123.40625572210229,2.0728834522840516,,-134.0164,-9.939102774313625e-05,-0.030320471316775337,-0.07317292888986227,-0.03889096283139273,0.04285245757308693,0.12243559306596266,low-motion,590.4891490936279,636,1086.928205664299,0,False,0,45667,38478,0.042515605,-0.063908845,12.24101,12,0.85,False,"[{""service_id"":""local_1s_tight"",""label"":""Immediate motion"",""family"":""local_relative_motion"",""horizon_s"":1.0,""position_tolerance_m"":0.1,""heading_tolerance_deg"":2.0,""maximum_aoi_s"":0.6,""position_error_m"":null,""heading_error_deg"":null,""aoi_s"":0.01716136932373047,""position_margin_m"":null,""heading_margin_deg"":null,""freshness_margin_s"":null,""normalized_margin"":null,""observable"":false,""raw_pass"":false,""reason"":""GPS course unobservable at low speed"",""status"":""unobservable"",""observed_evaluations"":5,""satisfaction_fraction"":0.0},{""service_id"":""local_5s_moderate"",""label"":""Short prediction"",""family"":""local_relative_motion"",""horizon_s"":5.0,""position_tolerance_m"":0.2,""heading_tolerance_deg"":5.0,""maximum_aoi_s"":1.0,""position_error_m"":null,""heading_error_deg"":null,""aoi_s"":0.01716136932373047,""position_margin_m"":null,""heading_margin_deg"":null,""freshness_margin_s"":null,""normalized_margin"":null,""observable"":false,""raw_pass"":false,""reason"":""GPS course unobservable at low speed"",""status"":""unobservable"",""observed_evaluations"":0,""satisfaction_fraction"":null},{""service_id"":""local_10s_preview"",""label"":""Planning support"",""family"":""local_relative_motion"",""horizon_s"":10.0,""position_tolerance_m"":0.5,""heading_tolerance_deg"":10.0,""maximum_aoi_s"":1.5,""position_error_m"":null,""heading_error_deg"":null,""aoi_s"":0.01716136932373047,""position_margin_m"":null,""heading_margin_deg"":null,""freshness_margin_s"":null,""normalized_margin"":null,""observable"":false,""raw_pass"":false,""reason"":""GPS course unobservable at low speed"",""status"":""unobservable"",""observed_evaluations"":0,""satisfaction_fraction"":null},{""service_id"":""global_state_tracking"",""label"":""Global asset tracking"",""family"":""global_synchronization"",""horizon_s"":0.0,""position_tolerance_m"":1.0,""heading_tolerance_deg"":5.0,""maximum_aoi_s"":1.0,""position_error_m"":2.0728834522840516,""heading_error_deg"":null,""aoi_s"":0.01716136932373047,""position_margin_m"":-1.0728834522840516,""heading_margin_deg"":null,""freshness_margin_s"":0.9828386306762695,""normalized_margin"":-1.0728834522840516,""observable"":true,""raw_pass"":false,""reason"":""position tolerance"",""status"":""withdrawn"",""observed_evaluations"":87,""satisfaction_fraction"":0.022988505747126436}]",high,10.0,0.5135999526828527
79.3309999999999,1169.541,1789572444.5484521,957,-0.13431788220267704,0.6771955531057039,3.011429607613504,-1.9202574559357004,-0.3718070991650614,True,0.0463,333.2,,,0.098,0.13779997825622559,1789571274.8696523,120.63853836070848,2.071228313223048,,-155.1902,0.002825523053715445,-0.6051560749364523,-0.9076584774996511,-0.6656565554490921,0.3025024025631988,0.8642925787519967,turning,746.065616607666,632,1056.2587869650358,0,False,0,45400,38720,0.106198987,-0.085115387,12.21689,12,0.85,False,"[{""service_id"":""local_1s_tight"",""label"":""Immediate motion"",""family"":""local_relative_motion"",""horizon_s"":1.0,""position_tolerance_m"":0.1,""heading_tolerance_deg"":2.0,""maximum_aoi_s"":0.6,""position_error_m"":null,""heading_error_deg"":null,""aoi_s"":0.13779997825622559,""position_margin_m"":null,""heading_margin_deg"":null,""freshness_margin_s"":null,""normalized_margin"":null,""observable"":false,""raw_pass"":false,""reason"":""GPS course unobservable at low speed"",""status"":""unobservable"",""observed_evaluations"":5,""satisfaction_fraction"":0.0},{""service_id"":""local_5s_moderate"",""label"":""Short prediction"",""family"":""local_relative_motion"",""horizon_s"":5.0,""position_tolerance_m"":0.2,""heading_tolerance_deg"":5.0,""maximum_aoi_s"":1.0,""position_error_m"":null,""heading_error_deg"":null,""aoi_s"":0.13779997825622559,""position_margin_m"":null,""heading_margin_deg"":null,""freshness_margin_s"":null,""normalized_margin"":null,""observable"":false,""raw_pass"":false,""reason"":""GPS course unobservable at low speed"",""status"":""unobservable"",""observed_evaluations"":0,""satisfaction_fraction"":null},{""service_id"":""local_10s_preview"",""label"":""Planning support"",""family"":""local_relative_motion"",""horizon_s"":10.0,""position_tolerance_m"":0.5,""heading_tolerance_deg"":10.0,""maximum_aoi_s"":1.5,""position_error_m"":null,""heading_error_deg"":null,""aoi_s"":0.13779997825622559,""position_margin_m"":null,""heading_margin_deg"":null,""freshness_margin_s"":null,""normalized_margin"":null,""observable"":false,""raw_pass"":false,""reason"":""GPS course unobservable at low speed"",""status"":""unobservable"",""observed_evaluations"":0,""satisfaction_fraction"":null},{""service_id"":""global_state_tracking"",""label"":""Global asset tracking"",""family"":""global_synchronization"",""horizon_s"":0.0,""position_tolerance_m"":1.0,""heading_tolerance_deg"":5.0,""maximum_aoi_s"":1.0,""position_error_m"":2.071228313223048,""heading_error_deg"":null,""aoi_s"":0.13779997825622559,""position_margin_m"":-1.071228313223048,""heading_margin_deg"":null,""freshness_margin_s"":0.8622000217437744,""normalized_margin"":-1.071228313223048,""observable"":true,""raw_pass"":false,""reason"":""position tolerance"",""status"":""withdrawn"",""observed_evaluations"":88,""satisfaction_fraction"":0.022727272727272728}]",high,10.0,0.4773000255227089
80.06600000000003,1170.276,1789572445.1461277,958,-0.13206507891241373,0.6756821073304317,2.088651968274913,-1.9202574559357004,-0.3718070991650614,True,0.061733333,333.2,,,0.041,0.0004754066467285156,1789571274.8696523,137.3244380952201,2.0724057553888304,,-171.5913,-0.0036924781000732218,-1.237715352271466,-1.32653749797829,-1.2554797814128307,0.08882214570682412,0.2537775591623546,turning,578.6268711090088,634,1057.7852980970017,0,False,0,44829,39328,0.122343997,-0.143064259,12.21689,12,0.85,False,"[{""service_id"":""local_1s_tight"",""label"":""Immediate motion"",""family"":""local_relative_motion"",""horizon_s"":1.0,""position_tolerance_m"":0.1,""heading_tolerance_deg"":2.0,""maximum_aoi_s"":0.6,""position_error_m"":null,""heading_error_deg"":null,""aoi_s"":0.0004754066467285156,""position_margin_m"":null,""heading_margin_deg"":null,""freshness_margin_s"":null,""normalized_margin"":null,""observable"":false,""raw_pass"":false,""reason"":""GPS course unobservable at low speed"",""status"":""unobservable"",""observed_evaluations"":5,""satisfaction_fraction"":0.0},{""service_id"":""local_5s_moderate"",""label"":""Short prediction"",""family"":""local_relative_motion"",""horizon_s"":5.0,""position_tolerance_m"":0.2,""heading_tolerance_deg"":5.0,""maximum_aoi_s"":1.0,""position_error_m"":null,""heading_error_deg"":null,""aoi_s"":0.0004754066467285156,""position_margin_m"":null,""heading_margin_deg"":null,""freshness_margin_s"":null,""normalized_margin"":null,""observable"":false,""raw_pass"":false,""reason"":""GPS course unobservable at low speed"",""status"":""unobservable"",""observed_evaluations"":0,""satisfaction_fraction"":null},{""service_id"":""local_10s_preview"",""label"":""Planning support"",""family"":""local_relative_motion"",""horizon_s"":10.0,""position_tolerance_m"":0.5,""heading_tolerance_deg"":10.0,""maximum_aoi_s"":1.5,""position_error_m"":null,""heading_error_deg"":null,""aoi_s"":0.0004754066467285156,""position_margin_m"":null,""heading_margin_deg"":null,""freshness_margin_s"":null,""normalized_margin"":null,""observable"":false,""raw_pass"":false,""reason"":""GPS course unobservable at low speed"",""status"":""unobservable"",""observed_evaluations"":0,""satisfaction_fraction"":null},{""service_id"":""global_state_tracking"",""label"":""Global asset tracking"",""family"":""global_synchronization"",""horizon_s"":0.0,""position_tolerance_m"":1.0,""heading_tolerance_deg"":5.0,""maximum_aoi_s"":1.0,""position_error_m"":2.0724057553888304,""heading_error_deg"":null,""aoi_s"":0.0004754066467285156,""position_margin_m"":-1.0724057553888304,""heading_margin_deg"":null,""freshness_margin_s"":0.9995245933532715,""normalized_margin"":-1.0724057553888304,""observable"":true,""raw_pass"":false,""reason"":""position tolerance"",""status"":""withdrawn"",""observed_evaluations"":89,""satisfaction_fraction"":0.02247191011235955}]",high,10.0,0.3405000315979123
80.66599999999994,1170.876,1789572445.8833687,959,-0.13189579193719808,0.6738561735907777,1.2378372298341223,-1.9202574559357004,-0.3718070991650614,True,0.061733333,333.2,,,0.641,0.13771653175354004,1789571274.8696523,137.24102973947083,2.0716295810906793,,171.0495,-0.003056274103102133,-1.3901726992045922,-1.5294320235226309,-1.4180245640682,0.13925932431803867,0.3978837837658248,turning,714.6217823028564,631,1053.846127843956,0,False,0,44301,39881,0.129097147,-0.129097147,12.21689,12,0.85,False,"[{""service_id"":""local_1s_tight"",""label"":""Immediate motion"",""family"":""local_relative_motion"",""horizon_s"":1.0,""position_tolerance_m"":0.1,""heading_tolerance_deg"":2.0,""maximum_aoi_s"":0.6,""position_error_m"":null,""heading_error_deg"":null,""aoi_s"":0.13771653175354004,""position_margin_m"":null,""heading_margin_deg"":null,""freshness_margin_s"":null,""normalized_margin"":null,""observable"":false,""raw_pass"":false,""reason"":""GPS course unobservable at low speed"",""status"":""unobservable"",""observed_evaluations"":5,""satisfaction_fraction"":0.0},{""service_id"":""local_5s_moderate"",""label"":""Short prediction"",""family"":""local_relative_motion"",""horizon_s"":5.0,""position_tolerance_m"":0.2,""heading_tolerance_deg"":5.0,""maximum_aoi_s"":1.0,""position_error_m"":null,""heading_error_deg"":null,""aoi_s"":0.13771653175354004,""position_margin_m"":null,""heading_margin_deg"":null,""freshness_margin_s"":null,""normalized_margin"":null,""observable"":false,""raw_pass"":false,""reason"":""GPS course unobservable at low speed"",""status"":""unobservable"",""observed_evaluations"":0,""satisfaction_fraction"":null},{""service_id"":""local_10s_preview"",""label"":""Planning support"",""family"":""local_relative_motion"",""horizon_s"":10.0,""position_tolerance_m"":0.5,""heading_tolerance_deg"":10.0,""maximum_aoi_s"":1.5,""position_error_m"":null,""heading_error_deg"":null,""aoi_s"":0.13771653175354004,""position_margin_m"":null,""heading_margin_deg"":null,""freshness_margin_s"":null,""normalized_margin"":null,""observable"":false,""raw_pass"":false,""reason"":""GPS course unobservable at low speed"",""status"":""unobservable"",""observed_evaluations"":0,""satisfaction_fraction"":null},{""service_id"":""global_state_tracking"",""label"":""Global asset tracking"",""family"":""global_synchronization"",""horizon_s"":0.0,""position_tolerance_m"":1.0,""heading_tolerance_deg"":5.0,""maximum_aoi_s"":1.0,""position_error_m"":2.0716295810906793,""heading_error_deg"":null,""aoi_s"":0.13771653175354004,""position_margin_m"":-1.0716295810906793,""heading_margin_deg"":null,""freshness_margin_s"":0.86228346824646,""normalized_margin"":-1.0716295810906793,""observable"":true,""raw_pass"":false,""reason"":""position tolerance"",""status"":""withdrawn"",""observed_evaluations"":90,""satisfaction_fraction"":0.022222222222222223}]",high,10.0,0.2120999852195382
81.36999999999989,1171.58,1789572446.588925,960,-0.13108280594519342,0.6745975391776338,0.24086952816969998,-1.9202574559357004,-0.3718070991650614,True,0.061733333,333.2,,,0.023,0.13927268981933594,1789571274.8696523,1.5561542511477455,2.072705621962212,,165.5202,0.0015628674390862018,-1.441276831837542,-1.3156291901533255,-1.4161473035006988,0.1256476416842165,0.3589932619549043,turning,693.0046081542969,633,1058.3215004730437,0,False,0,43636,40531,0.131490521,-0.131506939,12.21689,12,0.85,False,"[{""service_id"":""local_1s_tight"",""label"":""Immediate motion"",""family"":""local_relative_motion"",""horizon_s"":1.0,""position_tolerance_m"":0.1,""heading_tolerance_deg"":2.0,""maximum_aoi_s"":0.6,""position_error_m"":null,""heading_error_deg"":null,""aoi_s"":0.13927268981933594,""position_margin_m"":null,""heading_margin_deg"":null,""freshness_margin_s"":null,""normalized_margin"":null,""observable"":false,""raw_pass"":false,""reason"":""GPS course unobservable at low speed"",""status"":""unobservable"",""observed_evaluations"":5,""satisfaction_fraction"":0.0},{""service_id"":""local_5s_moderate"",""label"":""Short prediction"",""family"":""local_relative_motion"",""horizon_s"":5.0,""position_tolerance_m"":0.2,""heading_tolerance_deg"":5.0,""maximum_aoi_s"":1.0,""position_error_m"":null,""heading_error_deg"":null,""aoi_s"":0.13927268981933594,""position_margin_m"":null,""heading_margin_deg"":null,""freshness_margin_s"":null,""normalized_margin"":null,""observable"":false,""raw_pass"":false,""reason"":""GPS course unobservable at low speed"",""status"":""unobservable"",""observed_evaluations"":0,""satisfaction_fraction"":null},{""service_id"":""local_10s_preview"",""label"":""Planning support"",""family"":""local_relative_motion"",""horizon_s"":10.0,""position_tolerance_m"":0.5,""heading_tolerance_deg"":10.0,""maximum_aoi_s"":1.5,""position_error_m"":null,""heading_error_deg"":null,""aoi_s"":0.13927268981933594,""position_margin_m"":null,""heading_margin_deg"":null,""freshness_margin_s"":null,""normalized_margin"":null,""observable"":false,""raw_pass"":false,""reason"":""GPS course unobservable at low speed"",""status"":""unobservable"",""observed_evaluations"":0,""satisfaction_fraction"":null},{""service_id"":""global_state_tracking"",""label"":""Global asset tracking"",""family"":""global_synchronization"",""horizon_s"":0.0,""position_tolerance_m"":1.0,""heading_tolerance_deg"":5.0,""maximum_aoi_s"":1.0,""position_error_m"":2.072705621962212,""heading_error_deg"":null,""aoi_s"":0.13927268981933594,""position_margin_m"":-1.072705621962212,""heading_margin_deg"":null,""freshness_margin_s"":0.8607273101806641,""normalized_margin"":-1.072705621962212,""observable"":true,""raw_pass"":false,""reason"":""position tolerance"",""status"":""withdrawn"",""observed_evaluations"":91,""satisfaction_fraction"":0.02197802197802198}]",high,10.0,0.3092000260949135
82.08400000000006,1172.294,1789572447.1645882,961,-0.1321093605250809,0.6745705959490058,-0.18838903673284602,-1.9202574559357004,-0.1859035491870444,True,0.221211109,333.2,,,0.027,0.0009360313415527344,1789571274.8696523,138.3366718293928,1.984411591774308,,170.9613,-0.001438246636753393,-0.6203088716043548,-0.524776872843395,-0.6012024718521628,0.09553199876095975,0.27294856788845645,turning,562.6564025878906,627,1064.3461505610346,0,False,0,43356,40825,0.038486437,-0.038353996,12.21689,12,0.85,False,"[{""service_id"":""local_1s_tight"",""label"":""Immediate motion"",""family"":""local_relative_motion"",""horizon_s"":1.0,""position_tolerance_m"":0.1,""heading_tolerance_deg"":2.0,""maximum_aoi_s"":0.6,""position_error_m"":null,""heading_error_deg"":null,""aoi_s"":0.0009360313415527344,""position_margin_m"":null,""heading_margin_deg"":null,""freshness_margin_s"":null,""normalized_margin"":null,""observable"":false,""raw_pass"":false,""reason"":""GPS course unobservable at low speed"",""status"":""unobservable"",""observed_evaluations"":5,""satisfaction_fraction"":0.0},{""service_id"":""local_5s_moderate"",""label"":""Short prediction"",""family"":""local_relative_motion"",""horizon_s"":5.0,""position_tolerance_m"":0.2,""heading_tolerance_deg"":5.0,""maximum_aoi_s"":1.0,""position_error_m"":null,""heading_error_deg"":null,""aoi_s"":0.0009360313415527344,""position_margin_m"":null,""heading_margin_deg"":null,""freshness_margin_s"":null,""normalized_margin"":null,""observable"":false,""raw_pass"":false,""reason"":""GPS course unobservable at low speed"",""status"":""unobservable"",""observed_evaluations"":0,""satisfaction_fraction"":null},{""service_id"":""local_10s_preview"",""label"":""Planning support"",""family"":""local_relative_motion"",""horizon_s"":10.0,""position_tolerance_m"":0.5,""heading_tolerance_deg"":10.0,""maximum_aoi_s"":1.5,""position_error_m"":null,""heading_error_deg"":null,""aoi_s"":0.0009360313415527344,""position_margin_m"":null,""heading_margin_deg"":null,""freshness_margin_s"":null,""normalized_margin"":null,""observable"":false,""raw_pass"":false,""reason"":""GPS course unobservable at low speed"",""status"":""unobservable"",""observed_evaluations"":0,""satisfaction_fraction"":null},{""service_id"":""global_state_tracking"",""label"":""Global asset tracking"",""family"":""global_synchronization"",""horizon_s"":0.0,""position_tolerance_m"":1.0,""heading_tolerance_deg"":5.0,""maximum_aoi_s"":1.0,""position_error_m"":1.984411591774308,""heading_error_deg"":null,""aoi_s"":0.0009360313415527344,""position_margin_m"":-0.9844115917743079,""heading_margin_deg"":null,""freshness_margin_s"":0.9990639686584473,""normalized_margin"":-0.9844115917743079,""observable"":true,""raw_pass"":false,""reason"":""position tolerance"",""status"":""withdrawn"",""observed_evaluations"":92,""satisfaction_fraction"":0.021739130434782608}]",high,10.0,0.3512999974191189
82.65599999999995,1172.866,1789572447.8726954,962,-0.13331419265347513,0.6748919810298071,-0.33296531766535997,-1.9202574559357004,-0.1859035491870444,True,0.221211109,333.2,,,0.598,0.13704323768615723,1789571274.8696523,136.1072330475963,1.9834654448795015,,178.6252,-0.0021799997099051153,-0.26574463725957864,-0.20080013044194764,-0.2527557358960525,0.064944506817631,0.18555573376466003,low-motion,688.7314319610596,626,1068.7110730598115,0,False,0,43266,40932,0.018796093,-0.018767959,12.21689,12,0.85,False,"[{""service_id"":""local_1s_tight"",""label"":""Immediate motion"",""family"":""local_relative_motion"",""horizon_s"":1.0,""position_tolerance_m"":0.1,""heading_tolerance_deg"":2.0,""maximum_aoi_s"":0.6,""position_error_m"":null,""heading_error_deg"":null,""aoi_s"":0.13704323768615723,""position_margin_m"":null,""heading_margin_deg"":null,""freshness_margin_s"":null,""normalized_margin"":null,""observable"":false,""raw_pass"":false,""reason"":""GPS course unobservable at low speed"",""status"":""unobservable"",""observed_evaluations"":5,""satisfaction_fraction"":0.0},{""service_id"":""local_5s_moderate"",""label"":""Short prediction"",""family"":""local_relative_motion"",""horizon_s"":5.0,""position_tolerance_m"":0.2,""heading_tolerance_deg"":5.0,""maximum_aoi_s"":1.0,""position_error_m"":null,""heading_error_deg"":null,""aoi_s"":0.13704323768615723,""position_margin_m"":null,""heading_margin_deg"":null,""freshness_margin_s"":null,""normalized_margin"":null,""observable"":false,""raw_pass"":false,""reason"":""GPS course unobservable at low speed"",""status"":""unobservable"",""observed_evaluations"":0,""satisfaction_fraction"":null},{""service_id"":""local_10s_preview"",""label"":""Planning support"",""family"":""local_relative_motion"",""horizon_s"":10.0,""position_tolerance_m"":0.5,""heading_tolerance_deg"":10.0,""maximum_aoi_s"":1.5,""position_error_m"":null,""heading_error_deg"":null,""aoi_s"":0.13704323768615723,""position_margin_m"":null,""heading_margin_deg"":null,""freshness_margin_s"":null,""normalized_margin"":null,""observable"":false,""raw_pass"":false,""reason"":""GPS course unobservable at low speed"",""status"":""unobservable"",""observed_evaluations"":0,""satisfaction_fraction"":null},{""service_id"":""global_state_tracking"",""label"":""Global asset tracking"",""family"":""global_synchronization"",""horizon_s"":0.0,""position_tolerance_m"":1.0,""heading_tolerance_deg"":5.0,""maximum_aoi_s"":1.0,""position_error_m"":1.9834654448795015,""heading_error_deg"":null,""aoi_s"":0.13704323768615723,""position_margin_m"":-0.9834654448795015,""heading_margin_deg"":null,""freshness_margin_s"":0.8629567623138428,""normalized_margin"":-0.9834654448795015,""observable"":true,""raw_pass"":false,""reason"":""position tolerance"",""status"":""withdrawn"",""observed_evaluations"":93,""satisfaction_fraction"":0.021505376344086023}]",high,10.0,0.45409996528178453
83.3889999999999,1173.599,1789572448.4730227,963,-0.1345590164408225,0.6753320188962635,-0.3466030967638858,-1.9202574559357004,-0.1859035491870444,True,0.12861111,333.2,,,0.048,0.004370450973510742,1789571274.8696523,132.67274665827244,1.982535149889207,,-165.2016,-0.0018012420362073934,-0.021053307458045366,-0.008813912722571364,-0.018605428510950563,0.012239394735474002,0.034969699244211436,low-motion,561.1839294433594,617,1072.8111794743647,0,False,0,43265,40951,0.0,-0.018810192,12.21689,12,0.85,False,"[{""service_id"":""local_1s_tight"",""label"":""Immediate motion"",""family"":""local_relative_motion"",""horizon_s"":1.0,""position_tolerance_m"":0.1,""heading_tolerance_deg"":2.0,""maximum_aoi_s"":0.6,""position_error_m"":null,""heading_error_deg"":null,""aoi_s"":0.004370450973510742,""position_margin_m"":null,""heading_margin_deg"":null,""freshness_margin_s"":null,""normalized_margin"":null,""observable"":false,""raw_pass"":false,""reason"":""GPS course unobservable at low speed"",""status"":""unobservable"",""observed_evaluations"":5,""satisfaction_fraction"":0.0},{""service_id"":""local_5s_moderate"",""label"":""Short prediction"",""family"":""local_relative_motion"",""horizon_s"":5.0,""position_tolerance_m"":0.2,""heading_tolerance_deg"":5.0,""maximum_aoi_s"":1.0,""position_error_m"":null,""heading_error_deg"":null,""aoi_s"":0.004370450973510742,""position_margin_m"":null,""heading_margin_deg"":null,""freshness_margin_s"":null,""normalized_margin"":null,""observable"":false,""raw_pass"":false,""reason"":""GPS course unobservable at low speed"",""status"":""unobservable"",""observed_evaluations"":0,""satisfaction_fraction"":null},{""service_id"":""local_10s_preview"",""label"":""Planning support"",""family"":""local_relative_motion"",""horizon_s"":10.0,""position_tolerance_m"":0.5,""heading_tolerance_deg"":10.0,""maximum_aoi_s"":1.5,""position_error_m"":null,""heading_error_deg"":null,""aoi_s"":0.004370450973510742,""position_margin_m"":null,""heading_margin_deg"":null,""freshness_margin_s"":null,""normalized_margin"":null,""observable"":false,""raw_pass"":false,""reason"":""GPS course unobservable at low speed"",""status"":""unobservable"",""observed_evaluations"":0,""satisfaction_fraction"":null},{""service_id"":""global_state_tracking"",""label"":""Global asset tracking"",""family"":""global_synchronization"",""horizon_s"":0.0,""position_tolerance_m"":1.0,""heading_tolerance_deg"":5.0,""maximum_aoi_s"":1.0,""position_error_m"":1.982535149889207,""heading_error_deg"":null,""aoi_s"":0.004370450973510742,""position_margin_m"":-0.982535149889207,""heading_margin_deg"":null,""freshness_margin_s"":0.9956295490264893,""normalized_margin"":-0.982535149889207,""observable"":true,""raw_pass"":false,""reason"":""position tolerance"",""status"":""withdrawn"",""observed_evaluations"":94,""satisfaction_fraction"":0.02127659574468085}]",high,10.0,0.3192999865859747
83.99499999999989,1174.205,1789572449.2120006,964,-0.1345590164408225,0.6753320188962635,-0.3459526300049598,-1.9202574559357004,-0.1859035491870444,True,0.12861111,333.2,,,0.058,0.13734841346740723,1789571274.8696523,132.97790908814022,1.982535149889207,,-143.2482,-0.0,0.0,0.005366887449882563,0.0010733774899765126,0.005366887449882563,0.015333964142521611,low-motion,715.5003547668457,607,1073.6459656631735,0,False,0,43265,40951,0.0,0.0,12.21689,12,0.85,False,"[{""service_id"":""local_1s_tight"",""label"":""Immediate motion"",""family"":""local_relative_motion"",""horizon_s"":1.0,""position_tolerance_m"":0.1,""heading_tolerance_deg"":2.0,""maximum_aoi_s"":0.6,""position_error_m"":null,""heading_error_deg"":null,""aoi_s"":0.13734841346740723,""position_margin_m"":null,""heading_margin_deg"":null,""freshness_margin_s"":null,""normalized_margin"":null,""observable"":false,""raw_pass"":false,""reason"":""GPS course unobservable at low speed"",""status"":""unobservable"",""observed_evaluations"":5,""satisfaction_fraction"":0.0},{""service_id"":""local_5s_moderate"",""label"":""Short prediction"",""family"":""local_relative_motion"",""horizon_s"":5.0,""position_tolerance_m"":0.2,""heading_tolerance_deg"":5.0,""maximum_aoi_s"":1.0,""position_error_m"":null,""heading_error_deg"":null,""aoi_s"":0.13734841346740723,""position_margin_m"":null,""heading_margin_deg"":null,""freshness_margin_s"":null,""normalized_margin"":null,""observable"":false,""raw_pass"":false,""reason"":""GPS course unobservable at low speed"",""status"":""unobservable"",""observed_evaluations"":0,""satisfaction_fraction"":null},{""service_id"":""local_10s_preview"",""label"":""Planning support"",""family"":""local_relative_motion"",""horizon_s"":10.0,""position_tolerance_m"":0.5,""heading_tolerance_deg"":10.0,""maximum_aoi_s"":1.5,""position_error_m"":null,""heading_error_deg"":null,""aoi_s"":0.13734841346740723,""position_margin_m"":null,""heading_margin_deg"":null,""freshness_margin_s"":null,""normalized_margin"":null,""observable"":false,""raw_pass"":false,""reason"":""GPS course unobservable at low speed"",""status"":""unobservable"",""observed_evaluations"":0,""satisfaction_fraction"":null},{""service_id"":""global_state_tracking"",""label"":""Global asset tracking"",""family"":""global_synchronization"",""horizon_s"":0.0,""position_tolerance_m"":1.0,""heading_tolerance_deg"":5.0,""maximum_aoi_s"":1.0,""position_error_m"":1.982535149889207,""heading_error_deg"":null,""aoi_s"":0.13734841346740723,""position_margin_m"":-0.982535149889207,""heading_margin_deg"":null,""freshness_margin_s"":0.8626515865325928,""normalized_margin"":-0.982535149889207,""observable"":true,""raw_pass"":false,""reason"":""position tolerance"",""status"":""withdrawn"",""observed_evaluations"":95,""satisfaction_fraction"":0.021052631578947368}]",high,10.0,0.43830007780343294
84.72499999999991,1174.935,1789572449.8667424,965,-0.1345590164408225,0.6753320188962635,-0.3459653709084991,-1.9202574559357004,-0.1859035491870444,True,0.025722222,333.2,,,0.049,0.062090158462524414,1789571274.8696523,75.25823593141467,1.982535149889207,,-126.3983,-0.0,0.0,-8.726646259971648e-05,-1.7453292519943296e-05,8.726646259971648e-05,0.00024933275028490425,low-motion,631.9746971130371,606,1055.159199892645,0,False,0,43265,40951,0.0,0.0,12.21689,12,0.85,False,"[{""service_id"":""local_1s_tight"",""label"":""Immediate motion"",""family"":""local_relative_motion"",""horizon_s"":1.0,""position_tolerance_m"":0.1,""heading_tolerance_deg"":2.0,""maximum_aoi_s"":0.6,""position_error_m"":null,""heading_error_deg"":null,""aoi_s"":0.062090158462524414,""position_margin_m"":null,""heading_margin_deg"":null,""freshness_margin_s"":null,""normalized_margin"":null,""observable"":false,""raw_pass"":false,""reason"":""GPS course unobservable at low speed"",""status"":""unobservable"",""observed_evaluations"":5,""satisfaction_fraction"":0.0},{""service_id"":""local_5s_moderate"",""label"":""Short prediction"",""family"":""local_relative_motion"",""horizon_s"":5.0,""position_tolerance_m"":0.2,""heading_tolerance_deg"":5.0,""maximum_aoi_s"":1.0,""position_error_m"":null,""heading_error_deg"":null,""aoi_s"":0.062090158462524414,""position_margin_m"":null,""heading_margin_deg"":null,""freshness_margin_s"":null,""normalized_margin"":null,""observable"":false,""raw_pass"":false,""reason"":""GPS course unobservable at low speed"",""status"":""unobservable"",""observed_evaluations"":0,""satisfaction_fraction"":null},{""service_id"":""local_10s_preview"",""label"":""Planning support"",""family"":""local_relative_motion"",""horizon_s"":10.0,""position_tolerance_m"":0.5,""heading_tolerance_deg"":10.0,""maximum_aoi_s"":1.5,""position_error_m"":null,""heading_error_deg"":null,""aoi_s"":0.062090158462524414,""position_margin_m"":null,""heading_margin_deg"":null,""freshness_margin_s"":null,""normalized_margin"":null,""observable"":false,""raw_pass"":false,""reason"":""GPS course unobservable at low speed"",""status"":""unobservable"",""observed_evaluations"":0,""satisfaction_fraction"":null},{""service_id"":""global_state_tracking"",""label"":""Global asset tracking"",""family"":""global_synchronization"",""horizon_s"":0.0,""position_tolerance_m"":1.0,""heading_tolerance_deg"":5.0,""maximum_aoi_s"":1.0,""position_error_m"":1.982535149889207,""heading_error_deg"":null,""aoi_s"":0.062090158462524414,""position_margin_m"":-0.982535149889207,""heading_margin_deg"":null,""freshness_margin_s"":0.9379098415374756,""normalized_margin"":-0.982535149889207,""observable"":true,""raw_pass"":false,""reason"":""position tolerance"",""status"":""withdrawn"",""observed_evaluations"":96,""satisfaction_fraction"":0.020833333333333332}]",high,10.0,0.3560000332072377
85.36699999999996,1175.577,1789572450.46347,966,-0.1345590164408225,0.6753320188962635,-0.3463967639397145,-1.772272686291025,-0.1859035491870444,True,0.066877777,333.2,,,0.091,0.016817808151245117,1789571274.8696523,45.27239036565334,1.8503601725464143,,-108.8631,-0.0,0.0,-0.0033597588100890844,-0.000671951762017817,0.0033597588100890844,0.009599310885968814,low-motion,577.6557922363281,614,1083.1638270583176,0,False,0,43265,40951,0.0,0.0,12.21689,12,0.85,False,"[{""service_id"":""local_1s_tight"",""label"":""Immediate motion"",""family"":""local_relative_motion"",""horizon_s"":1.0,""position_tolerance_m"":0.1,""heading_tolerance_deg"":2.0,""maximum_aoi_s"":0.6,""position_error_m"":null,""heading_error_deg"":null,""aoi_s"":0.016817808151245117,""position_margin_m"":null,""heading_margin_deg"":null,""freshness_margin_s"":null,""normalized_margin"":null,""observable"":false,""raw_pass"":false,""reason"":""GPS course unobservable at low speed"",""status"":""unobservable"",""observed_evaluations"":5,""satisfaction_fraction"":0.0},{""service_id"":""local_5s_moderate"",""label"":""Short prediction"",""family"":""local_relative_motion"",""horizon_s"":5.0,""position_tolerance_m"":0.2,""heading_tolerance_deg"":5.0,""maximum_aoi_s"":1.0,""position_error_m"":null,""heading_error_deg"":null,""aoi_s"":0.016817808151245117,""position_margin_m"":null,""heading_margin_deg"":null,""freshness_margin_s"":null,""normalized_margin"":null,""observable"":false,""raw_pass"":false,""reason"":""GPS course unobservable at low speed"",""status"":""unobservable"",""observed_evaluations"":0,""satisfaction_fraction"":null},{""service_id"":""local_10s_preview"",""label"":""Planning support"",""family"":""local_relative_motion"",""horizon_s"":10.0,""position_tolerance_m"":0.5,""heading_tolerance_deg"":10.0,""maximum_aoi_s"":1.5,""position_error_m"":null,""heading_error_deg"":null,""aoi_s"":0.016817808151245117,""position_margin_m"":null,""heading_margin_deg"":null,""freshness_margin_s"":null,""normalized_margin"":null,""observable"":false,""raw_pass"":false,""reason"":""GPS course unobservable at low speed"",""status"":""unobservable"",""observed_evaluations"":0,""satisfaction_fraction"":null},{""service_id"":""global_state_tracking"",""label"":""Global asset tracking"",""family"":""global_synchronization"",""horizon_s"":0.0,""position_tolerance_m"":1.0,""heading_tolerance_deg"":5.0,""maximum_aoi_s"":1.0,""position_error_m"":1.8503601725464143,""heading_error_deg"":null,""aoi_s"":0.016817808151245117,""position_margin_m"":-0.8503601725464143,""heading_margin_deg"":null,""freshness_margin_s"":0.9831821918487549,""normalized_margin"":-0.8503601725464143,""observable"":true,""raw_pass"":false,""reason"":""position tolerance"",""status"":""withdrawn"",""observed_evaluations"":97,""satisfaction_fraction"":0.020618556701030927}]",high,10.0,0.33279997296631336
85.98800000000006,1176.198,1789572451.0867078,967,-0.1345590164408225,0.6753320188962635,-0.3460011588848113,-1.772272686291025,-0.3718070991650614,True,0.066877777,333.2,,,0.074,0.019055604934692383,1789571274.8696523,2.237848281765764,1.9438637804610863,,-101.9603,-0.0,0.0,0.0031852258848896514,0.0006370451769779303,0.0031852258848896514,0.009100645385399005,low-motion,599.2937088012695,616,1099.6528867188347,0,False,0,43265,40951,0.0,0.0,12.21689,12,0.85,False,"[{""service_id"":""local_1s_tight"",""label"":""Immediate motion"",""family"":""local_relative_motion"",""horizon_s"":1.0,""position_tolerance_m"":0.1,""heading_tolerance_deg"":2.0,""maximum_aoi_s"":0.6,""position_error_m"":null,""heading_error_deg"":null,""aoi_s"":0.019055604934692383,""position_margin_m"":null,""heading_margin_deg"":null,""freshness_margin_s"":null,""normalized_margin"":null,""observable"":false,""raw_pass"":false,""reason"":""GPS course unobservable at low speed"",""status"":""unobservable"",""observed_evaluations"":5,""satisfaction_fraction"":0.0},{""service_id"":""local_5s_moderate"",""label"":""Short prediction"",""family"":""local_relative_motion"",""horizon_s"":5.0,""position_tolerance_m"":0.2,""heading_tolerance_deg"":5.0,""maximum_aoi_s"":1.0,""position_error_m"":null,""heading_error_deg"":null,""aoi_s"":0.019055604934692383,""position_margin_m"":null,""heading_margin_deg"":null,""freshness_margin_s"":null,""normalized_margin"":null,""observable"":false,""raw_pass"":false,""reason"":""GPS course unobservable at low speed"",""status"":""unobservable"",""observed_evaluations"":0,""satisfaction_fraction"":null},{""service_id"":""local_10s_preview"",""label"":""Planning support"",""family"":""local_relative_motion"",""horizon_s"":10.0,""position_tolerance_m"":0.5,""heading_tolerance_deg"":10.0,""maximum_aoi_s"":1.5,""position_error_m"":null,""heading_error_deg"":null,""aoi_s"":0.019055604934692383,""position_margin_m"":null,""heading_margin_deg"":null,""freshness_margin_s"":null,""normalized_margin"":null,""observable"":false,""raw_pass"":false,""reason"":""GPS course unobservable at low speed"",""status"":""unobservable"",""observed_evaluations"":0,""satisfaction_fraction"":null},{""service_id"":""global_state_tracking"",""label"":""Global asset tracking"",""family"":""global_synchronization"",""horizon_s"":0.0,""position_tolerance_m"":1.0,""heading_tolerance_deg"":5.0,""maximum_aoi_s"":1.0,""position_error_m"":1.9438637804610863,""heading_error_deg"":null,""aoi_s"":0.019055604934692383,""position_margin_m"":-0.9438637804610863,""heading_margin_deg"":null,""freshness_margin_s"":0.9809443950653076,""normalized_margin"":-0.9438637804610863,""observable"":true,""raw_pass"":false,""reason"":""position tolerance"",""status"":""withdrawn"",""observed_evaluations"":98,""satisfaction_fraction"":0.02040816326530612}]",high,10.0,0.3928999649360776
