t,source_time_s,edge_arrival_time_s,seq,twin_x,twin_y,twin_theta,gps_x,gps_y,gps_valid,gps_speed_mps,gps_course_deg,gps_heading_rad,twin_global_theta,gps_age_s,aoi_s,clock_offset_s,arrival_jitter_ms,gps_agreement_m,gps_heading_agreement_deg,firmware_yaw_deg,encoder_v,encoder_omega,imu_omega,omega,yaw_disagreement,slip_indicator,condition,latency_ms,payload_bytes,bytes_per_s,packet_gap,stale,queue_depth,enc_left,enc_right,motor_l,motor_r,voltage,satellites,hdop,contract_reference_valid,contracts,resource_mode,requested_update_rate_hz,evaluation_ms
0.0,5727.204,1789517341.1001468,3653,0.0,0.0,0.0,0.0,0.0,True,0.072022222,203.44,,,0.08,0.0,1789511613.8961468,0.0,0.0,,-99.99536,0.0,0.0,0.0031634092692397224,0.0006326818538479446,0.0031634092692397224,0.009038312197827778,low-motion,621.4683055877686,618,618.0,0,True,0,143611,132784,0.0,0.0,11.4291,10,0.97,False,"[{""service_id"":""local_1s_tight"",""label"":""Immediate motion"",""family"":""local_relative_motion"",""horizon_s"":1.0,""position_tolerance_m"":0.1,""heading_tolerance_deg"":2.0,""maximum_aoi_s"":0.6,""position_error_m"":null,""heading_error_deg"":null,""aoi_s"":0.0,""position_margin_m"":null,""heading_margin_deg"":null,""freshness_margin_s"":null,""normalized_margin"":null,""observable"":false,""raw_pass"":false,""reason"":""GPS course unobservable at low speed"",""status"":""unobservable"",""observed_evaluations"":0,""satisfaction_fraction"":null},{""service_id"":""local_5s_moderate"",""label"":""Short prediction"",""family"":""local_relative_motion"",""horizon_s"":5.0,""position_tolerance_m"":0.2,""heading_tolerance_deg"":5.0,""maximum_aoi_s"":1.0,""position_error_m"":null,""heading_error_deg"":null,""aoi_s"":0.0,""position_margin_m"":null,""heading_margin_deg"":null,""freshness_margin_s"":null,""normalized_margin"":null,""observable"":false,""raw_pass"":false,""reason"":""GPS course unobservable at low speed"",""status"":""unobservable"",""observed_evaluations"":0,""satisfaction_fraction"":null},{""service_id"":""local_10s_preview"",""label"":""Planning support"",""family"":""local_relative_motion"",""horizon_s"":10.0,""position_tolerance_m"":0.5,""heading_tolerance_deg"":10.0,""maximum_aoi_s"":1.5,""position_error_m"":null,""heading_error_deg"":null,""aoi_s"":0.0,""position_margin_m"":null,""heading_margin_deg"":null,""freshness_margin_s"":null,""normalized_margin"":null,""observable"":false,""raw_pass"":false,""reason"":""GPS course unobservable at low speed"",""status"":""unobservable"",""observed_evaluations"":0,""satisfaction_fraction"":null},{""service_id"":""global_state_tracking"",""label"":""Global asset tracking"",""family"":""global_synchronization"",""horizon_s"":0.0,""position_tolerance_m"":1.0,""heading_tolerance_deg"":5.0,""maximum_aoi_s"":1.0,""position_error_m"":0.0,""heading_error_deg"":null,""aoi_s"":0.0,""position_margin_m"":1.0,""heading_margin_deg"":null,""freshness_margin_s"":1.0,""normalized_margin"":null,""observable"":false,""raw_pass"":false,""reason"":""GPS course unobservable at low speed"",""status"":""unobservable"",""observed_evaluations"":0,""satisfaction_fraction"":null}]",high,10.0,0.1943999668583274
0.568000000000211,5727.772,1789517341.7988505,3654,0.0,0.0,0.000607200046768952,0.0,0.0,True,0.0463,203.44,,,0.02,0.13070368766784668,1789511613.8961468,130.70376586892962,0.0,,-99.45698,-0.0,0.0,0.005345070834232635,0.001069014166846527,0.005345070834232635,0.015271630954950386,low-motion,695.9488391876221,613,1231.0,0,False,0,143611,132784,0.0,0.0,11.4291,10,0.97,False,"[{""service_id"":""local_1s_tight"",""label"":""Immediate motion"",""family"":""local_relative_motion"",""horizon_s"":1.0,""position_tolerance_m"":0.1,""heading_tolerance_deg"":2.0,""maximum_aoi_s"":0.6,""position_error_m"":null,""heading_error_deg"":null,""aoi_s"":0.13070368766784668,""position_margin_m"":null,""heading_margin_deg"":null,""freshness_margin_s"":null,""normalized_margin"":null,""observable"":false,""raw_pass"":false,""reason"":""GPS course unobservable at low speed"",""status"":""unobservable"",""observed_evaluations"":0,""satisfaction_fraction"":null},{""service_id"":""local_5s_moderate"",""label"":""Short prediction"",""family"":""local_relative_motion"",""horizon_s"":5.0,""position_tolerance_m"":0.2,""heading_tolerance_deg"":5.0,""maximum_aoi_s"":1.0,""position_error_m"":null,""heading_error_deg"":null,""aoi_s"":0.13070368766784668,""position_margin_m"":null,""heading_margin_deg"":null,""freshness_margin_s"":null,""normalized_margin"":null,""observable"":false,""raw_pass"":false,""reason"":""GPS course unobservable at low speed"",""status"":""unobservable"",""observed_evaluations"":0,""satisfaction_fraction"":null},{""service_id"":""local_10s_preview"",""label"":""Planning support"",""family"":""local_relative_motion"",""horizon_s"":10.0,""position_tolerance_m"":0.5,""heading_tolerance_deg"":10.0,""maximum_aoi_s"":1.5,""position_error_m"":null,""heading_error_deg"":null,""aoi_s"":0.13070368766784668,""position_margin_m"":null,""heading_margin_deg"":null,""freshness_margin_s"":null,""normalized_margin"":null,""observable"":false,""raw_pass"":false,""reason"":""GPS course unobservable at low speed"",""status"":""unobservable"",""observed_evaluations"":0,""satisfaction_fraction"":null},{""service_id"":""global_state_tracking"",""label"":""Global asset tracking"",""family"":""global_synchronization"",""horizon_s"":0.0,""position_tolerance_m"":1.0,""heading_tolerance_deg"":5.0,""maximum_aoi_s"":1.0,""position_error_m"":0.0,""heading_error_deg"":null,""aoi_s"":0.13070368766784668,""position_margin_m"":1.0,""heading_margin_deg"":null,""freshness_margin_s"":0.8692963123321533,""normalized_margin"":null,""observable"":false,""raw_pass"":false,""reason"":""GPS course unobservable at low speed"",""status"":""unobservable"",""observed_evaluations"":0,""satisfaction_fraction"":null}]",high,10.0,0.29579998226836324
1.2770000000000437,5728.481,1789517342.3770156,3655,0.0,0.0,0.0019838503108946526,0.0,0.0,True,0.036011111,203.44,,,0.024,0.0,1789511613.8960156,130.8349456785436,0.0,,-99.53755,-0.0,0.0,0.009708393964218458,0.0019416787928436916,0.009708393964218458,0.027738268469195596,low-motion,573.2734203338623,620,1449.6399087605143,0,False,0,143611,132784,0.0,0.0,11.4291,10,0.97,False,"[{""service_id"":""local_1s_tight"",""label"":""Immediate motion"",""family"":""local_relative_motion"",""horizon_s"":1.0,""position_tolerance_m"":0.1,""heading_tolerance_deg"":2.0,""maximum_aoi_s"":0.6,""position_error_m"":null,""heading_error_deg"":null,""aoi_s"":0.0,""position_margin_m"":null,""heading_margin_deg"":null,""freshness_margin_s"":null,""normalized_margin"":null,""observable"":false,""raw_pass"":false,""reason"":""GPS course unobservable at low speed"",""status"":""unobservable"",""observed_evaluations"":0,""satisfaction_fraction"":null},{""service_id"":""local_5s_moderate"",""label"":""Short prediction"",""family"":""local_relative_motion"",""horizon_s"":5.0,""position_tolerance_m"":0.2,""heading_tolerance_deg"":5.0,""maximum_aoi_s"":1.0,""position_error_m"":null,""heading_error_deg"":null,""aoi_s"":0.0,""position_margin_m"":null,""heading_margin_deg"":null,""freshness_margin_s"":null,""normalized_margin"":null,""observable"":false,""raw_pass"":false,""reason"":""GPS course unobservable at low speed"",""status"":""unobservable"",""observed_evaluations"":0,""satisfaction_fraction"":null},{""service_id"":""local_10s_preview"",""label"":""Planning support"",""family"":""local_relative_motion"",""horizon_s"":10.0,""position_tolerance_m"":0.5,""heading_tolerance_deg"":10.0,""maximum_aoi_s"":1.5,""position_error_m"":null,""heading_error_deg"":null,""aoi_s"":0.0,""position_margin_m"":null,""heading_margin_deg"":null,""freshness_margin_s"":null,""normalized_margin"":null,""observable"":false,""raw_pass"":false,""reason"":""GPS course unobservable at low speed"",""status"":""unobservable"",""observed_evaluations"":0,""satisfaction_fraction"":null},{""service_id"":""global_state_tracking"",""label"":""Global asset tracking"",""family"":""global_synchronization"",""horizon_s"":0.0,""position_tolerance_m"":1.0,""heading_tolerance_deg"":5.0,""maximum_aoi_s"":1.0,""position_error_m"":0.0,""heading_error_deg"":null,""aoi_s"":0.0,""position_margin_m"":1.0,""heading_margin_deg"":null,""freshness_margin_s"":1.0,""normalized_margin"":null,""observable"":false,""raw_pass"":false,""reason"":""GPS course unobservable at low speed"",""status"":""unobservable"",""observed_evaluations"":0,""satisfaction_fraction"":null}]",high,10.0,0.271500030066818
1.8500000000003638,5729.054,1789517343.082158,3656,0.0,0.0,0.003346450674543089,0.0,0.0,True,0.036011111,203.44,,,0.597,0.1321425437927246,1789511613.8960156,132.14249801603728,0.0,,-99.43523,-0.0,0.0,0.011890055529211371,0.0023780111058422744,0.011890055529211371,0.033971587226318205,low-motion,702.8186321258545,617,1245.1997510452707,0,False,0,143611,132784,0.0,0.0,11.4291,10,0.97,False,"[{""service_id"":""local_1s_tight"",""label"":""Immediate motion"",""family"":""local_relative_motion"",""horizon_s"":1.0,""position_tolerance_m"":0.1,""heading_tolerance_deg"":2.0,""maximum_aoi_s"":0.6,""position_error_m"":null,""heading_error_deg"":null,""aoi_s"":0.1321425437927246,""position_margin_m"":null,""heading_margin_deg"":null,""freshness_margin_s"":null,""normalized_margin"":null,""observable"":false,""raw_pass"":false,""reason"":""GPS course unobservable at low speed"",""status"":""unobservable"",""observed_evaluations"":0,""satisfaction_fraction"":null},{""service_id"":""local_5s_moderate"",""label"":""Short prediction"",""family"":""local_relative_motion"",""horizon_s"":5.0,""position_tolerance_m"":0.2,""heading_tolerance_deg"":5.0,""maximum_aoi_s"":1.0,""position_error_m"":null,""heading_error_deg"":null,""aoi_s"":0.1321425437927246,""position_margin_m"":null,""heading_margin_deg"":null,""freshness_margin_s"":null,""normalized_margin"":null,""observable"":false,""raw_pass"":false,""reason"":""GPS course unobservable at low speed"",""status"":""unobservable"",""observed_evaluations"":0,""satisfaction_fraction"":null},{""service_id"":""local_10s_preview"",""label"":""Planning support"",""family"":""local_relative_motion"",""horizon_s"":10.0,""position_tolerance_m"":0.5,""heading_tolerance_deg"":10.0,""maximum_aoi_s"":1.5,""position_error_m"":null,""heading_error_deg"":null,""aoi_s"":0.1321425437927246,""position_margin_m"":null,""heading_margin_deg"":null,""freshness_margin_s"":null,""normalized_margin"":null,""observable"":false,""raw_pass"":false,""reason"":""GPS course unobservable at low speed"",""status"":""unobservable"",""observed_evaluations"":0,""satisfaction_fraction"":null},{""service_id"":""global_state_tracking"",""label"":""Global asset tracking"",""family"":""global_synchronization"",""horizon_s"":0.0,""position_tolerance_m"":1.0,""heading_tolerance_deg"":5.0,""maximum_aoi_s"":1.0,""position_error_m"":0.0,""heading_error_deg"":null,""aoi_s"":0.1321425437927246,""position_margin_m"":1.0,""heading_margin_deg"":null,""freshness_margin_s"":0.8678574562072754,""normalized_margin"":null,""observable"":false,""raw_pass"":false,""reason"":""GPS course unobservable at low speed"",""status"":""unobservable"",""observed_evaluations"":0,""satisfaction_fraction"":null}]",high,10.0,0.44000003254041076
2.5460000000002765,5729.75,1789517343.781887,3657,0.0,0.0,0.003331266310050651,0.0,0.0,True,0.036011111,203.44,,,0.011,0.13587141036987305,1789511613.8960156,3.7289657593646552,0.0,,-99.54243,-0.0,0.0,-0.0001090830782496456,-2.181661564992912e-05,0.0001090830782496456,0.0003116659378561303,low-motion,694.6957111358643,620,1151.4910740845912,0,False,0,143611,132784,0.0,0.0,11.4291,10,0.97,False,"[{""service_id"":""local_1s_tight"",""label"":""Immediate motion"",""family"":""local_relative_motion"",""horizon_s"":1.0,""position_tolerance_m"":0.1,""heading_tolerance_deg"":2.0,""maximum_aoi_s"":0.6,""position_error_m"":null,""heading_error_deg"":null,""aoi_s"":0.13587141036987305,""position_margin_m"":null,""heading_margin_deg"":null,""freshness_margin_s"":null,""normalized_margin"":null,""observable"":false,""raw_pass"":false,""reason"":""GPS course unobservable at low speed"",""status"":""unobservable"",""observed_evaluations"":0,""satisfaction_fraction"":null},{""service_id"":""local_5s_moderate"",""label"":""Short prediction"",""family"":""local_relative_motion"",""horizon_s"":5.0,""position_tolerance_m"":0.2,""heading_tolerance_deg"":5.0,""maximum_aoi_s"":1.0,""position_error_m"":null,""heading_error_deg"":null,""aoi_s"":0.13587141036987305,""position_margin_m"":null,""heading_margin_deg"":null,""freshness_margin_s"":null,""normalized_margin"":null,""observable"":false,""raw_pass"":false,""reason"":""GPS course unobservable at low speed"",""status"":""unobservable"",""observed_evaluations"":0,""satisfaction_fraction"":null},{""service_id"":""local_10s_preview"",""label"":""Planning support"",""family"":""local_relative_motion"",""horizon_s"":10.0,""position_tolerance_m"":0.5,""heading_tolerance_deg"":10.0,""maximum_aoi_s"":1.5,""position_error_m"":null,""heading_error_deg"":null,""aoi_s"":0.13587141036987305,""position_margin_m"":null,""heading_margin_deg"":null,""freshness_margin_s"":null,""normalized_margin"":null,""observable"":false,""raw_pass"":false,""reason"":""GPS course unobservable at low speed"",""status"":""unobservable"",""observed_evaluations"":0,""satisfaction_fraction"":null},{""service_id"":""global_state_tracking"",""label"":""Global asset tracking"",""family"":""global_synchronization"",""horizon_s"":0.0,""position_tolerance_m"":1.0,""heading_tolerance_deg"":5.0,""maximum_aoi_s"":1.0,""position_error_m"":0.0,""heading_error_deg"":null,""aoi_s"":0.13587141036987305,""position_margin_m"":1.0,""heading_margin_deg"":null,""freshness_margin_s"":0.864128589630127,""normalized_margin"":null,""observable"":false,""raw_pass"":false,""reason"":""GPS course unobservable at low speed"",""status"":""unobservable"",""observed_evaluations"":0,""satisfaction_fraction"":null}]",high,10.0,0.3127999952994287
3.253000000000611,5730.457,1789517344.3591044,3658,0.0,0.0,0.0034700854354312582,-0.14798468783123905,0.0,True,0.036011111,203.44,,,0.025,0.006088733673095703,1789511613.8960156,129.78265953097434,0.14798468783123905,,-99.63201,-0.0,0.0,0.0009817477042468104,0.0001963495408493621,0.0009817477042468104,0.002804993440705173,low-motion,571.169376373291,622,1138.40081018013,0,False,0,143611,132784,0.0,0.0,11.4291,10,0.97,False,"[{""service_id"":""local_1s_tight"",""label"":""Immediate motion"",""family"":""local_relative_motion"",""horizon_s"":1.0,""position_tolerance_m"":0.1,""heading_tolerance_deg"":2.0,""maximum_aoi_s"":0.6,""position_error_m"":null,""heading_error_deg"":null,""aoi_s"":0.006088733673095703,""position_margin_m"":null,""heading_margin_deg"":null,""freshness_margin_s"":null,""normalized_margin"":null,""observable"":false,""raw_pass"":false,""reason"":""GPS course unobservable at low speed"",""status"":""unobservable"",""observed_evaluations"":0,""satisfaction_fraction"":null},{""service_id"":""local_5s_moderate"",""label"":""Short prediction"",""family"":""local_relative_motion"",""horizon_s"":5.0,""position_tolerance_m"":0.2,""heading_tolerance_deg"":5.0,""maximum_aoi_s"":1.0,""position_error_m"":null,""heading_error_deg"":null,""aoi_s"":0.006088733673095703,""position_margin_m"":null,""heading_margin_deg"":null,""freshness_margin_s"":null,""normalized_margin"":null,""observable"":false,""raw_pass"":false,""reason"":""GPS course unobservable at low speed"",""status"":""unobservable"",""observed_evaluations"":0,""satisfaction_fraction"":null},{""service_id"":""local_10s_preview"",""label"":""Planning support"",""family"":""local_relative_motion"",""horizon_s"":10.0,""position_tolerance_m"":0.5,""heading_tolerance_deg"":10.0,""maximum_aoi_s"":1.5,""position_error_m"":null,""heading_error_deg"":null,""aoi_s"":0.006088733673095703,""position_margin_m"":null,""heading_margin_deg"":null,""freshness_margin_s"":null,""normalized_margin"":null,""observable"":false,""raw_pass"":false,""reason"":""GPS course unobservable at low speed"",""status"":""unobservable"",""observed_evaluations"":0,""satisfaction_fraction"":null},{""service_id"":""global_state_tracking"",""label"":""Global asset tracking"",""family"":""global_synchronization"",""horizon_s"":0.0,""position_tolerance_m"":1.0,""heading_tolerance_deg"":5.0,""maximum_aoi_s"":1.0,""position_error_m"":0.14798468783123905,""heading_error_deg"":null,""aoi_s"":0.006088733673095703,""position_margin_m"":0.8520153121687609,""heading_margin_deg"":null,""freshness_margin_s"":0.9939112663269043,""normalized_margin"":null,""observable"":false,""raw_pass"":false,""reason"":""GPS course unobservable at low speed"",""status"":""unobservable"",""observed_evaluations"":0,""satisfaction_fraction"":null}]",high,10.0,0.3370000049471855
3.8220000000001164,5731.026,1789517345.0575838,3659,0.0,0.0,0.0033335352380783334,-0.14798468783123905,0.0,True,0.113177777,203.44,,,0.019,0.13556814193725586,1789511613.8960156,129.47941398670082,0.14798468783123905,,-99.61288,-0.0,0.0,-0.0011999138607461017,-0.00023998277214922034,0.0011999138607461017,0.0034283253164174338,low-motion,693.7170028686523,624,1095.153241333324,0,False,0,143611,132784,0.0,0.0,11.4291,10,0.97,False,"[{""service_id"":""local_1s_tight"",""label"":""Immediate motion"",""family"":""local_relative_motion"",""horizon_s"":1.0,""position_tolerance_m"":0.1,""heading_tolerance_deg"":2.0,""maximum_aoi_s"":0.6,""position_error_m"":null,""heading_error_deg"":null,""aoi_s"":0.13556814193725586,""position_margin_m"":null,""heading_margin_deg"":null,""freshness_margin_s"":null,""normalized_margin"":null,""observable"":false,""raw_pass"":false,""reason"":""GPS course unobservable at low speed"",""status"":""unobservable"",""observed_evaluations"":0,""satisfaction_fraction"":null},{""service_id"":""local_5s_moderate"",""label"":""Short prediction"",""family"":""local_relative_motion"",""horizon_s"":5.0,""position_tolerance_m"":0.2,""heading_tolerance_deg"":5.0,""maximum_aoi_s"":1.0,""position_error_m"":null,""heading_error_deg"":null,""aoi_s"":0.13556814193725586,""position_margin_m"":null,""heading_margin_deg"":null,""freshness_margin_s"":null,""normalized_margin"":null,""observable"":false,""raw_pass"":false,""reason"":""GPS course unobservable at low speed"",""status"":""unobservable"",""observed_evaluations"":0,""satisfaction_fraction"":null},{""service_id"":""local_10s_preview"",""label"":""Planning support"",""family"":""local_relative_motion"",""horizon_s"":10.0,""position_tolerance_m"":0.5,""heading_tolerance_deg"":10.0,""maximum_aoi_s"":1.5,""position_error_m"":null,""heading_error_deg"":null,""aoi_s"":0.13556814193725586,""position_margin_m"":null,""heading_margin_deg"":null,""freshness_margin_s"":null,""normalized_margin"":null,""observable"":false,""raw_pass"":false,""reason"":""GPS course unobservable at low speed"",""status"":""unobservable"",""observed_evaluations"":0,""satisfaction_fraction"":null},{""service_id"":""global_state_tracking"",""label"":""Global asset tracking"",""family"":""global_synchronization"",""horizon_s"":0.0,""position_tolerance_m"":1.0,""heading_tolerance_deg"":5.0,""maximum_aoi_s"":1.0,""position_error_m"":0.14798468783123905,""heading_error_deg"":null,""aoi_s"":0.13556814193725586,""position_margin_m"":0.8520153121687609,""heading_margin_deg"":null,""freshness_margin_s"":0.8644318580627441,""normalized_margin"":null,""observable"":false,""raw_pass"":false,""reason"":""GPS course unobservable at low speed"",""status"":""unobservable"",""observed_evaluations"":0,""satisfaction_fraction"":null}]",high,10.0,0.18849998014047742
4.52599999999984,5731.73,1789517345.7629244,3660,0.0,0.0,0.004546888134064453,-0.14798468783123905,0.0,True,0.087455555,203.44,,,0.019,0.13690876960754395,1789511613.8960156,1.3406238558673067,0.14798468783123905,,-99.74071,-0.0,0.0,0.008617563181722002,0.0017235126363444005,0.008617563181722002,0.024621609090634294,low-motion,702.3417949676514,624,1063.3146933235064,0,False,0,143611,132784,0.0,0.0,11.4291,10,0.97,False,"[{""service_id"":""local_1s_tight"",""label"":""Immediate motion"",""family"":""local_relative_motion"",""horizon_s"":1.0,""position_tolerance_m"":0.1,""heading_tolerance_deg"":2.0,""maximum_aoi_s"":0.6,""position_error_m"":null,""heading_error_deg"":null,""aoi_s"":0.13690876960754395,""position_margin_m"":null,""heading_margin_deg"":null,""freshness_margin_s"":null,""normalized_margin"":null,""observable"":false,""raw_pass"":false,""reason"":""GPS course unobservable at low speed"",""status"":""unobservable"",""observed_evaluations"":0,""satisfaction_fraction"":null},{""service_id"":""local_5s_moderate"",""label"":""Short prediction"",""family"":""local_relative_motion"",""horizon_s"":5.0,""position_tolerance_m"":0.2,""heading_tolerance_deg"":5.0,""maximum_aoi_s"":1.0,""position_error_m"":null,""heading_error_deg"":null,""aoi_s"":0.13690876960754395,""position_margin_m"":null,""heading_margin_deg"":null,""freshness_margin_s"":null,""normalized_margin"":null,""observable"":false,""raw_pass"":false,""reason"":""GPS course unobservable at low speed"",""status"":""unobservable"",""observed_evaluations"":0,""satisfaction_fraction"":null},{""service_id"":""local_10s_preview"",""label"":""Planning support"",""family"":""local_relative_motion"",""horizon_s"":10.0,""position_tolerance_m"":0.5,""heading_tolerance_deg"":10.0,""maximum_aoi_s"":1.5,""position_error_m"":null,""heading_error_deg"":null,""aoi_s"":0.13690876960754395,""position_margin_m"":null,""heading_margin_deg"":null,""freshness_margin_s"":null,""normalized_margin"":null,""observable"":false,""raw_pass"":false,""reason"":""GPS course unobservable at low speed"",""status"":""unobservable"",""observed_evaluations"":0,""satisfaction_fraction"":null},{""service_id"":""global_state_tracking"",""label"":""Global asset tracking"",""family"":""global_synchronization"",""horizon_s"":0.0,""position_tolerance_m"":1.0,""heading_tolerance_deg"":5.0,""maximum_aoi_s"":1.0,""position_error_m"":0.14798468783123905,""heading_error_deg"":null,""aoi_s"":0.13690876960754395,""position_margin_m"":0.8520153121687609,""heading_margin_deg"":null,""freshness_margin_s"":0.863091230392456,""normalized_margin"":null,""observable"":false,""raw_pass"":false,""reason"":""GPS course unobservable at low speed"",""status"":""unobservable"",""observed_evaluations"":0,""satisfaction_fraction"":null}]",high,10.0,0.4726999904960394
5.230000000000473,5732.434,1789517346.3280966,3661,0.0,0.0,0.004992296159173737,-0.14798468783123905,0.0,True,0.246933331,203.44,,,0.019,0.0,1789511613.8940966,138.8278045660627,0.14798468783123905,,-99.74912,-0.0,0.0,0.0031634092692397224,0.0006326818538479446,0.0031634092692397224,0.009038312197827778,low-motion,559.0612888336182,624,1095.9881400439594,0,False,0,143611,132784,0.0,0.0,11.4291,10,0.97,False,"[{""service_id"":""local_1s_tight"",""label"":""Immediate motion"",""family"":""local_relative_motion"",""horizon_s"":1.0,""position_tolerance_m"":0.1,""heading_tolerance_deg"":2.0,""maximum_aoi_s"":0.6,""position_error_m"":null,""heading_error_deg"":null,""aoi_s"":0.0,""position_margin_m"":null,""heading_margin_deg"":null,""freshness_margin_s"":null,""normalized_margin"":null,""observable"":false,""raw_pass"":false,""reason"":""GPS course unobservable at low speed"",""status"":""unobservable"",""observed_evaluations"":0,""satisfaction_fraction"":null},{""service_id"":""local_5s_moderate"",""label"":""Short prediction"",""family"":""local_relative_motion"",""horizon_s"":5.0,""position_tolerance_m"":0.2,""heading_tolerance_deg"":5.0,""maximum_aoi_s"":1.0,""position_error_m"":null,""heading_error_deg"":null,""aoi_s"":0.0,""position_margin_m"":null,""heading_margin_deg"":null,""freshness_margin_s"":null,""normalized_margin"":null,""observable"":false,""raw_pass"":false,""reason"":""GPS course unobservable at low speed"",""status"":""unobservable"",""observed_evaluations"":0,""satisfaction_fraction"":null},{""service_id"":""local_10s_preview"",""label"":""Planning support"",""family"":""local_relative_motion"",""horizon_s"":10.0,""position_tolerance_m"":0.5,""heading_tolerance_deg"":10.0,""maximum_aoi_s"":1.5,""position_error_m"":null,""heading_error_deg"":null,""aoi_s"":0.0,""position_margin_m"":null,""heading_margin_deg"":null,""freshness_margin_s"":null,""normalized_margin"":null,""observable"":false,""raw_pass"":false,""reason"":""GPS course unobservable at low speed"",""status"":""unobservable"",""observed_evaluations"":0,""satisfaction_fraction"":null},{""service_id"":""global_state_tracking"",""label"":""Global asset tracking"",""family"":""global_synchronization"",""horizon_s"":0.0,""position_tolerance_m"":1.0,""heading_tolerance_deg"":5.0,""maximum_aoi_s"":1.0,""position_error_m"":0.14798468783123905,""heading_error_deg"":null,""aoi_s"":0.0,""position_margin_m"":0.8520153121687609,""heading_margin_deg"":null,""freshness_margin_s"":1.0,""normalized_margin"":null,""observable"":false,""raw_pass"":false,""reason"":""GPS course unobservable at low speed"",""status"":""unobservable"",""observed_evaluations"":0,""satisfaction_fraction"":null}]",high,10.0,0.935399963054806
5.793999999999869,5732.998,1789517347.0417566,3662,0.0,0.0,0.004364763026619922,-0.14798468783123905,0.0,True,0.246933331,203.44,,,0.583,0.1496601104736328,1789511613.8940966,149.66000175536465,0.14798468783123905,,-99.87854,-0.0,0.0,-0.005563236990731925,-0.001112647398146385,0.005563236990731925,0.015894962830662645,low-motion,703.5515308380127,625,1066.7258821236042,0,False,0,143611,132784,0.0,0.0,11.4291,10,0.97,False,"[{""service_id"":""local_1s_tight"",""label"":""Immediate motion"",""family"":""local_relative_motion"",""horizon_s"":1.0,""position_tolerance_m"":0.1,""heading_tolerance_deg"":2.0,""maximum_aoi_s"":0.6,""position_error_m"":null,""heading_error_deg"":null,""aoi_s"":0.1496601104736328,""position_margin_m"":null,""heading_margin_deg"":null,""freshness_margin_s"":null,""normalized_margin"":null,""observable"":false,""raw_pass"":false,""reason"":""GPS course unobservable at low speed"",""status"":""unobservable"",""observed_evaluations"":0,""satisfaction_fraction"":null},{""service_id"":""local_5s_moderate"",""label"":""Short prediction"",""family"":""local_relative_motion"",""horizon_s"":5.0,""position_tolerance_m"":0.2,""heading_tolerance_deg"":5.0,""maximum_aoi_s"":1.0,""position_error_m"":null,""heading_error_deg"":null,""aoi_s"":0.1496601104736328,""position_margin_m"":null,""heading_margin_deg"":null,""freshness_margin_s"":null,""normalized_margin"":null,""observable"":false,""raw_pass"":false,""reason"":""GPS course unobservable at low speed"",""status"":""unobservable"",""observed_evaluations"":0,""satisfaction_fraction"":null},{""service_id"":""local_10s_preview"",""label"":""Planning support"",""family"":""local_relative_motion"",""horizon_s"":10.0,""position_tolerance_m"":0.5,""heading_tolerance_deg"":10.0,""maximum_aoi_s"":1.5,""position_error_m"":null,""heading_error_deg"":null,""aoi_s"":0.1496601104736328,""position_margin_m"":null,""heading_margin_deg"":null,""freshness_margin_s"":null,""normalized_margin"":null,""observable"":false,""raw_pass"":false,""reason"":""GPS course unobservable at low speed"",""status"":""unobservable"",""observed_evaluations"":0,""satisfaction_fraction"":null},{""service_id"":""global_state_tracking"",""label"":""Global asset tracking"",""family"":""global_synchronization"",""horizon_s"":0.0,""position_tolerance_m"":1.0,""heading_tolerance_deg"":5.0,""maximum_aoi_s"":1.0,""position_error_m"":0.14798468783123905,""heading_error_deg"":null,""aoi_s"":0.1496601104736328,""position_margin_m"":0.8520153121687609,""heading_margin_deg"":null,""freshness_margin_s"":0.8503398895263672,""normalized_margin"":null,""observable"":false,""raw_pass"":false,""reason"":""GPS course unobservable at low speed"",""status"":""unobservable"",""observed_evaluations"":0,""satisfaction_fraction"":null}]",high,10.0,0.30990003142505884
6.536000000000058,5733.74,1789517347.6362624,3663,0.0,0.0,0.004348575097807839,-0.29508323910592843,-0.18479035497797808,True,0.25722222,203.44,,,0.057,0.0021657943725585938,1789511613.8940966,147.49421310443722,0.34816891488777924,,-99.73167,-0.0,0.0,-0.0001090830782496456,-2.181661564992912e-05,0.0001090830782496456,0.0003116659378561303,low-motion,590.9748077392578,621,1092.8603390198928,0,False,0,143611,132784,0.0,0.0,11.4291,10,0.97,False,"[{""service_id"":""local_1s_tight"",""label"":""Immediate motion"",""family"":""local_relative_motion"",""horizon_s"":1.0,""position_tolerance_m"":0.1,""heading_tolerance_deg"":2.0,""maximum_aoi_s"":0.6,""position_error_m"":null,""heading_error_deg"":null,""aoi_s"":0.0021657943725585938,""position_margin_m"":null,""heading_margin_deg"":null,""freshness_margin_s"":null,""normalized_margin"":null,""observable"":false,""raw_pass"":false,""reason"":""GPS course unobservable at low speed"",""status"":""unobservable"",""observed_evaluations"":0,""satisfaction_fraction"":null},{""service_id"":""local_5s_moderate"",""label"":""Short prediction"",""family"":""local_relative_motion"",""horizon_s"":5.0,""position_tolerance_m"":0.2,""heading_tolerance_deg"":5.0,""maximum_aoi_s"":1.0,""position_error_m"":null,""heading_error_deg"":null,""aoi_s"":0.0021657943725585938,""position_margin_m"":null,""heading_margin_deg"":null,""freshness_margin_s"":null,""normalized_margin"":null,""observable"":false,""raw_pass"":false,""reason"":""GPS course unobservable at low speed"",""status"":""unobservable"",""observed_evaluations"":0,""satisfaction_fraction"":null},{""service_id"":""local_10s_preview"",""label"":""Planning support"",""family"":""local_relative_motion"",""horizon_s"":10.0,""position_tolerance_m"":0.5,""heading_tolerance_deg"":10.0,""maximum_aoi_s"":1.5,""position_error_m"":null,""heading_error_deg"":null,""aoi_s"":0.0021657943725585938,""position_margin_m"":null,""heading_margin_deg"":null,""freshness_margin_s"":null,""normalized_margin"":null,""observable"":false,""raw_pass"":false,""reason"":""GPS course unobservable at low speed"",""status"":""unobservable"",""observed_evaluations"":0,""satisfaction_fraction"":null},{""service_id"":""global_state_tracking"",""label"":""Global asset tracking"",""family"":""global_synchronization"",""horizon_s"":0.0,""position_tolerance_m"":1.0,""heading_tolerance_deg"":5.0,""maximum_aoi_s"":1.0,""position_error_m"":0.34816891488777924,""heading_error_deg"":null,""aoi_s"":0.0021657943725585938,""position_margin_m"":0.6518310851122208,""heading_margin_deg"":null,""freshness_margin_s"":0.9978342056274414,""normalized_margin"":null,""observable"":false,""raw_pass"":false,""reason"":""GPS course unobservable at low speed"",""status"":""unobservable"",""observed_evaluations"":0,""satisfaction_fraction"":null}]",high,10.0,0.3208999987691641
7.097000000000662,5734.301,1789517348.3377461,3664,0.0,0.0,0.004581118404020756,-0.29508323910592843,-0.3706939041650225,True,0.25722222,203.44,,,0.015,0.14264941215515137,1789511613.8940966,140.48372650086094,0.4738017397460181,,-99.64741,-0.0,0.0,0.002072578486743266,0.0004145156973486533,0.002072578486743266,0.005921652819266475,low-motion,696.9349384307861,619,1092.878401821834,0,False,0,143611,132784,0.0,0.0,11.4291,10,0.97,False,"[{""service_id"":""local_1s_tight"",""label"":""Immediate motion"",""family"":""local_relative_motion"",""horizon_s"":1.0,""position_tolerance_m"":0.1,""heading_tolerance_deg"":2.0,""maximum_aoi_s"":0.6,""position_error_m"":null,""heading_error_deg"":null,""aoi_s"":0.14264941215515137,""position_margin_m"":null,""heading_margin_deg"":null,""freshness_margin_s"":null,""normalized_margin"":null,""observable"":false,""raw_pass"":false,""reason"":""GPS course unobservable at low speed"",""status"":""unobservable"",""observed_evaluations"":0,""satisfaction_fraction"":null},{""service_id"":""local_5s_moderate"",""label"":""Short prediction"",""family"":""local_relative_motion"",""horizon_s"":5.0,""position_tolerance_m"":0.2,""heading_tolerance_deg"":5.0,""maximum_aoi_s"":1.0,""position_error_m"":null,""heading_error_deg"":null,""aoi_s"":0.14264941215515137,""position_margin_m"":null,""heading_margin_deg"":null,""freshness_margin_s"":null,""normalized_margin"":null,""observable"":false,""raw_pass"":false,""reason"":""GPS course unobservable at low speed"",""status"":""unobservable"",""observed_evaluations"":0,""satisfaction_fraction"":null},{""service_id"":""local_10s_preview"",""label"":""Planning support"",""family"":""local_relative_motion"",""horizon_s"":10.0,""position_tolerance_m"":0.5,""heading_tolerance_deg"":10.0,""maximum_aoi_s"":1.5,""position_error_m"":null,""heading_error_deg"":null,""aoi_s"":0.14264941215515137,""position_margin_m"":null,""heading_margin_deg"":null,""freshness_margin_s"":null,""normalized_margin"":null,""observable"":false,""raw_pass"":false,""reason"":""GPS course unobservable at low speed"",""status"":""unobservable"",""observed_evaluations"":0,""satisfaction_fraction"":null},{""service_id"":""global_state_tracking"",""label"":""Global asset tracking"",""family"":""global_synchronization"",""horizon_s"":0.0,""position_tolerance_m"":1.0,""heading_tolerance_deg"":5.0,""maximum_aoi_s"":1.0,""position_error_m"":0.4738017397460181,""heading_error_deg"":null,""aoi_s"":0.14264941215515137,""position_margin_m"":0.5261982602539819,""heading_margin_deg"":null,""freshness_margin_s"":0.8573505878448486,""normalized_margin"":null,""observable"":false,""raw_pass"":false,""reason"":""GPS course unobservable at low speed"",""status"":""unobservable"",""observed_evaluations"":0,""satisfaction_fraction"":null}]",high,10.0,0.47199998516589403
7.811999999999898,5735.016,1789517348.9094694,3665,0.0,0.0,0.003941564316243706,-0.29508323910592843,-0.3706939041650225,True,0.231499998,203.44,,,0.035,0.0,1789511613.8934693,143.27677726669208,0.4738017397460181,,-99.80312,-0.0,0.0,-0.004472406208235469,-0.0008944812416470937,0.004472406208235469,0.01277830345210134,low-motion,565.1626586914062,620,1094.1979449023752,0,False,0,143611,132784,0.0,0.0,11.4291,10,0.97,False,"[{""service_id"":""local_1s_tight"",""label"":""Immediate motion"",""family"":""local_relative_motion"",""horizon_s"":1.0,""position_tolerance_m"":0.1,""heading_tolerance_deg"":2.0,""maximum_aoi_s"":0.6,""position_error_m"":null,""heading_error_deg"":null,""aoi_s"":0.0,""position_margin_m"":null,""heading_margin_deg"":null,""freshness_margin_s"":null,""normalized_margin"":null,""observable"":false,""raw_pass"":false,""reason"":""GPS course unobservable at low speed"",""status"":""unobservable"",""observed_evaluations"":0,""satisfaction_fraction"":null},{""service_id"":""local_5s_moderate"",""label"":""Short prediction"",""family"":""local_relative_motion"",""horizon_s"":5.0,""position_tolerance_m"":0.2,""heading_tolerance_deg"":5.0,""maximum_aoi_s"":1.0,""position_error_m"":null,""heading_error_deg"":null,""aoi_s"":0.0,""position_margin_m"":null,""heading_margin_deg"":null,""freshness_margin_s"":null,""normalized_margin"":null,""observable"":false,""raw_pass"":false,""reason"":""GPS course unobservable at low speed"",""status"":""unobservable"",""observed_evaluations"":0,""satisfaction_fraction"":null},{""service_id"":""local_10s_preview"",""label"":""Planning support"",""family"":""local_relative_motion"",""horizon_s"":10.0,""position_tolerance_m"":0.5,""heading_tolerance_deg"":10.0,""maximum_aoi_s"":1.5,""position_error_m"":null,""heading_error_deg"":null,""aoi_s"":0.0,""position_margin_m"":null,""heading_margin_deg"":null,""freshness_margin_s"":null,""normalized_margin"":null,""observable"":false,""raw_pass"":false,""reason"":""GPS course unobservable at low speed"",""status"":""unobservable"",""observed_evaluations"":0,""satisfaction_fraction"":null},{""service_id"":""global_state_tracking"",""label"":""Global asset tracking"",""family"":""global_synchronization"",""horizon_s"":0.0,""position_tolerance_m"":1.0,""heading_tolerance_deg"":5.0,""maximum_aoi_s"":1.0,""position_error_m"":0.4738017397460181,""heading_error_deg"":null,""aoi_s"":0.0,""position_margin_m"":0.5261982602539819,""heading_margin_deg"":null,""freshness_margin_s"":1.0,""normalized_margin"":null,""observable"":false,""raw_pass"":false,""reason"":""GPS course unobservable at low speed"",""status"":""unobservable"",""observed_evaluations"":0,""satisfaction_fraction"":null}]",high,10.0,0.33300003269687295
8.377000000000407,5735.581,1789517349.6076987,3666,0.0,0.0,0.004299029563668011,-0.29508323910592843,-0.5565974541430395,True,0.231499998,203.44,,,0.018,0.13322925567626953,1789511613.8934693,133.2293128962192,0.6299800345723343,,-99.87363,-0.0,0.0,0.0031634092692397224,0.0006326818538479446,0.0031634092692397224,0.009038312197827778,low-motion,693.2332515716553,623,1094.4778631318031,0,False,0,143611,132784,0.0,0.0,11.4291,10,0.97,False,"[{""service_id"":""local_1s_tight"",""label"":""Immediate motion"",""family"":""local_relative_motion"",""horizon_s"":1.0,""position_tolerance_m"":0.1,""heading_tolerance_deg"":2.0,""maximum_aoi_s"":0.6,""position_error_m"":null,""heading_error_deg"":null,""aoi_s"":0.13322925567626953,""position_margin_m"":null,""heading_margin_deg"":null,""freshness_margin_s"":null,""normalized_margin"":null,""observable"":false,""raw_pass"":false,""reason"":""GPS course unobservable at low speed"",""status"":""unobservable"",""observed_evaluations"":0,""satisfaction_fraction"":null},{""service_id"":""local_5s_moderate"",""label"":""Short prediction"",""family"":""local_relative_motion"",""horizon_s"":5.0,""position_tolerance_m"":0.2,""heading_tolerance_deg"":5.0,""maximum_aoi_s"":1.0,""position_error_m"":null,""heading_error_deg"":null,""aoi_s"":0.13322925567626953,""position_margin_m"":null,""heading_margin_deg"":null,""freshness_margin_s"":null,""normalized_margin"":null,""observable"":false,""raw_pass"":false,""reason"":""GPS course unobservable at low speed"",""status"":""unobservable"",""observed_evaluations"":0,""satisfaction_fraction"":null},{""service_id"":""local_10s_preview"",""label"":""Planning support"",""family"":""local_relative_motion"",""horizon_s"":10.0,""position_tolerance_m"":0.5,""heading_tolerance_deg"":10.0,""maximum_aoi_s"":1.5,""position_error_m"":null,""heading_error_deg"":null,""aoi_s"":0.13322925567626953,""position_margin_m"":null,""heading_margin_deg"":null,""freshness_margin_s"":null,""normalized_margin"":null,""observable"":false,""raw_pass"":false,""reason"":""GPS course unobservable at low speed"",""status"":""unobservable"",""observed_evaluations"":0,""satisfaction_fraction"":null},{""service_id"":""global_state_tracking"",""label"":""Global asset tracking"",""family"":""global_synchronization"",""horizon_s"":0.0,""position_tolerance_m"":1.0,""heading_tolerance_deg"":5.0,""maximum_aoi_s"":1.0,""position_error_m"":0.6299800345723343,""heading_error_deg"":null,""aoi_s"":0.13322925567626953,""position_margin_m"":0.3700199654276657,""heading_margin_deg"":null,""freshness_margin_s"":0.8667707443237305,""normalized_margin"":null,""observable"":false,""raw_pass"":false,""reason"":""GPS course unobservable at low speed"",""status"":""unobservable"",""observed_evaluations"":0,""satisfaction_fraction"":null}]",high,10.0,0.4162999684922397
9.067000000000007,5736.271,1789517350.3006945,3667,0.0,0.0,0.003681837506932073,-0.4430679269371675,-0.5565974541430395,True,0.159477776,203.44,,,0.006,0.13622522354125977,1789511613.8934693,2.995786667270295,0.7114140242073614,,-99.88348,-0.0,0.0,-0.004472406208235469,-0.0008944812416470937,0.004472406208235469,0.01277830345210134,low-motion,687.9584789276123,617,1095.9127421538421,0,False,0,143611,132784,0.0,0.0,11.4291,10,0.97,False,"[{""service_id"":""local_1s_tight"",""label"":""Immediate motion"",""family"":""local_relative_motion"",""horizon_s"":1.0,""position_tolerance_m"":0.1,""heading_tolerance_deg"":2.0,""maximum_aoi_s"":0.6,""position_error_m"":null,""heading_error_deg"":null,""aoi_s"":0.13622522354125977,""position_margin_m"":null,""heading_margin_deg"":null,""freshness_margin_s"":null,""normalized_margin"":null,""observable"":false,""raw_pass"":false,""reason"":""GPS course unobservable at low speed"",""status"":""unobservable"",""observed_evaluations"":0,""satisfaction_fraction"":null},{""service_id"":""local_5s_moderate"",""label"":""Short prediction"",""family"":""local_relative_motion"",""horizon_s"":5.0,""position_tolerance_m"":0.2,""heading_tolerance_deg"":5.0,""maximum_aoi_s"":1.0,""position_error_m"":null,""heading_error_deg"":null,""aoi_s"":0.13622522354125977,""position_margin_m"":null,""heading_margin_deg"":null,""freshness_margin_s"":null,""normalized_margin"":null,""observable"":false,""raw_pass"":false,""reason"":""GPS course unobservable at low speed"",""status"":""unobservable"",""observed_evaluations"":0,""satisfaction_fraction"":null},{""service_id"":""local_10s_preview"",""label"":""Planning support"",""family"":""local_relative_motion"",""horizon_s"":10.0,""position_tolerance_m"":0.5,""heading_tolerance_deg"":10.0,""maximum_aoi_s"":1.5,""position_error_m"":null,""heading_error_deg"":null,""aoi_s"":0.13622522354125977,""position_margin_m"":null,""heading_margin_deg"":null,""freshness_margin_s"":null,""normalized_margin"":null,""observable"":false,""raw_pass"":false,""reason"":""GPS course unobservable at low speed"",""status"":""unobservable"",""observed_evaluations"":0,""satisfaction_fraction"":null},{""service_id"":""global_state_tracking"",""label"":""Global asset tracking"",""family"":""global_synchronization"",""horizon_s"":0.0,""position_tolerance_m"":1.0,""heading_tolerance_deg"":5.0,""maximum_aoi_s"":1.0,""position_error_m"":0.7114140242073614,""heading_error_deg"":null,""aoi_s"":0.13622522354125977,""position_margin_m"":0.28858597579263856,""heading_margin_deg"":null,""freshness_margin_s"":0.8637747764587402,""normalized_margin"":null,""observable"":false,""raw_pass"":false,""reason"":""GPS course unobservable at low speed"",""status"":""unobservable"",""observed_evaluations"":0,""satisfaction_fraction"":null}]",high,10.0,0.46660000225529075
9.780999999999949,5736.985,1789517350.87772,3668,0.0,0.0,0.003977801714838858,-0.4430679269371675,-0.5565974541430395,True,0.154333332,203.44,,,0.017,0.0,1789511613.8927202,136.9743480681791,0.7114140242073614,,-100.049,-0.0,0.0,0.002072578486743266,0.0004145156973486533,0.002072578486743266,0.005921652819266475,low-motion,571.6423988342285,617,1091.5188941660906,0,False,0,143611,132784,0.0,0.0,11.43689,10,0.97,False,"[{""service_id"":""local_1s_tight"",""label"":""Immediate motion"",""family"":""local_relative_motion"",""horizon_s"":1.0,""position_tolerance_m"":0.1,""heading_tolerance_deg"":2.0,""maximum_aoi_s"":0.6,""position_error_m"":null,""heading_error_deg"":null,""aoi_s"":0.0,""position_margin_m"":null,""heading_margin_deg"":null,""freshness_margin_s"":null,""normalized_margin"":null,""observable"":false,""raw_pass"":false,""reason"":""GPS course unobservable at low speed"",""status"":""unobservable"",""observed_evaluations"":0,""satisfaction_fraction"":null},{""service_id"":""local_5s_moderate"",""label"":""Short prediction"",""family"":""local_relative_motion"",""horizon_s"":5.0,""position_tolerance_m"":0.2,""heading_tolerance_deg"":5.0,""maximum_aoi_s"":1.0,""position_error_m"":null,""heading_error_deg"":null,""aoi_s"":0.0,""position_margin_m"":null,""heading_margin_deg"":null,""freshness_margin_s"":null,""normalized_margin"":null,""observable"":false,""raw_pass"":false,""reason"":""GPS course unobservable at low speed"",""status"":""unobservable"",""observed_evaluations"":0,""satisfaction_fraction"":null},{""service_id"":""local_10s_preview"",""label"":""Planning support"",""family"":""local_relative_motion"",""horizon_s"":10.0,""position_tolerance_m"":0.5,""heading_tolerance_deg"":10.0,""maximum_aoi_s"":1.5,""position_error_m"":null,""heading_error_deg"":null,""aoi_s"":0.0,""position_margin_m"":null,""heading_margin_deg"":null,""freshness_margin_s"":null,""normalized_margin"":null,""observable"":false,""raw_pass"":false,""reason"":""GPS course unobservable at low speed"",""status"":""unobservable"",""observed_evaluations"":0,""satisfaction_fraction"":null},{""service_id"":""global_state_tracking"",""label"":""Global asset tracking"",""family"":""global_synchronization"",""horizon_s"":0.0,""position_tolerance_m"":1.0,""heading_tolerance_deg"":5.0,""maximum_aoi_s"":1.0,""position_error_m"":0.7114140242073614,""heading_error_deg"":null,""aoi_s"":0.0,""position_margin_m"":0.28858597579263856,""heading_margin_deg"":null,""freshness_margin_s"":1.0,""normalized_margin"":null,""observable"":false,""raw_pass"":false,""reason"":""GPS course unobservable at low speed"",""status"":""unobservable"",""observed_evaluations"":0,""satisfaction_fraction"":null}]",high,10.0,0.20429998403415084
10.344000000000051,5737.548,1789517351.5766191,3669,-0.005498950345014988,0.00016054288311547502,-0.062351594155797496,-0.4430679269371675,-0.741387808330045,True,0.097744444,203.44,,,0.011,0.13589882850646973,1789511613.8927202,135.89903068532294,0.861022976733409,,-101.2379,-0.009771391448635921,-0.10278912766480917,-0.17791450062517197,-0.11781420225688174,0.0751253729603628,0.2146439227438937,low-motion,695.3845024108887,628,1095.953842025527,0,False,0,143611,132859,0.0,-0.030455986,11.43689,10,0.97,False,"[{""service_id"":""local_1s_tight"",""label"":""Immediate motion"",""family"":""local_relative_motion"",""horizon_s"":1.0,""position_tolerance_m"":0.1,""heading_tolerance_deg"":2.0,""maximum_aoi_s"":0.6,""position_error_m"":null,""heading_error_deg"":null,""aoi_s"":0.13589882850646973,""position_margin_m"":null,""heading_margin_deg"":null,""freshness_margin_s"":null,""normalized_margin"":null,""observable"":false,""raw_pass"":false,""reason"":""GPS course unobservable at low speed"",""status"":""unobservable"",""observed_evaluations"":0,""satisfaction_fraction"":null},{""service_id"":""local_5s_moderate"",""label"":""Short prediction"",""family"":""local_relative_motion"",""horizon_s"":5.0,""position_tolerance_m"":0.2,""heading_tolerance_deg"":5.0,""maximum_aoi_s"":1.0,""position_error_m"":null,""heading_error_deg"":null,""aoi_s"":0.13589882850646973,""position_margin_m"":null,""heading_margin_deg"":null,""freshness_margin_s"":null,""normalized_margin"":null,""observable"":false,""raw_pass"":false,""reason"":""GPS course unobservable at low speed"",""status"":""unobservable"",""observed_evaluations"":0,""satisfaction_fraction"":null},{""service_id"":""local_10s_preview"",""label"":""Planning support"",""family"":""local_relative_motion"",""horizon_s"":10.0,""position_tolerance_m"":0.5,""heading_tolerance_deg"":10.0,""maximum_aoi_s"":1.5,""position_error_m"":null,""heading_error_deg"":null,""aoi_s"":0.13589882850646973,""position_margin_m"":null,""heading_margin_deg"":null,""freshness_margin_s"":null,""normalized_margin"":null,""observable"":false,""raw_pass"":false,""reason"":""GPS course unobservable at low speed"",""status"":""unobservable"",""observed_evaluations"":0,""satisfaction_fraction"":null},{""service_id"":""global_state_tracking"",""label"":""Global asset tracking"",""family"":""global_synchronization"",""horizon_s"":0.0,""position_tolerance_m"":1.0,""heading_tolerance_deg"":5.0,""maximum_aoi_s"":1.0,""position_error_m"":0.861022976733409,""heading_error_deg"":null,""aoi_s"":0.13589882850646973,""position_margin_m"":0.138977023266591,""heading_margin_deg"":null,""freshness_margin_s"":0.8641011714935303,""normalized_margin"":null,""observable"":false,""raw_pass"":false,""reason"":""GPS course unobservable at low speed"",""status"":""unobservable"",""observed_evaluations"":0,""satisfaction_fraction"":null}]",high,10.0,0.44490001164376736
11.046000000000276,5738.25,1789517352.278362,3670,-0.041352850048059844,0.009754825136521211,-0.46058400261562094,-0.4430679269371675,-0.741387808330045,True,0.097744444,203.44,,,0.022,0.13564181327819824,1789511613.8927202,0.2571125032773125,0.8518158596851259,,-107.6821,-0.05287092978355391,-0.5451786955771815,-0.6556983833586197,-0.5672826331334692,0.11051968778143828,0.3157705365183951,turning,694.4942474365234,641,1074.082938609766,0,False,0,143616,133360,-0.018807841,-0.112847044,11.43689,10,0.97,False,"[{""service_id"":""local_1s_tight"",""label"":""Immediate motion"",""family"":""local_relative_motion"",""horizon_s"":1.0,""position_tolerance_m"":0.1,""heading_tolerance_deg"":2.0,""maximum_aoi_s"":0.6,""position_error_m"":null,""heading_error_deg"":null,""aoi_s"":0.13564181327819824,""position_margin_m"":null,""heading_margin_deg"":null,""freshness_margin_s"":null,""normalized_margin"":null,""observable"":false,""raw_pass"":false,""reason"":""GPS course unobservable at low speed"",""status"":""unobservable"",""observed_evaluations"":0,""satisfaction_fraction"":null},{""service_id"":""local_5s_moderate"",""label"":""Short prediction"",""family"":""local_relative_motion"",""horizon_s"":5.0,""position_tolerance_m"":0.2,""heading_tolerance_deg"":5.0,""maximum_aoi_s"":1.0,""position_error_m"":null,""heading_error_deg"":null,""aoi_s"":0.13564181327819824,""position_margin_m"":null,""heading_margin_deg"":null,""freshness_margin_s"":null,""normalized_margin"":null,""observable"":false,""raw_pass"":false,""reason"":""GPS course unobservable at low speed"",""status"":""unobservable"",""observed_evaluations"":0,""satisfaction_fraction"":null},{""service_id"":""local_10s_preview"",""label"":""Planning support"",""family"":""local_relative_motion"",""horizon_s"":10.0,""position_tolerance_m"":0.5,""heading_tolerance_deg"":10.0,""maximum_aoi_s"":1.5,""position_error_m"":null,""heading_error_deg"":null,""aoi_s"":0.13564181327819824,""position_margin_m"":null,""heading_margin_deg"":null,""freshness_margin_s"":null,""normalized_margin"":null,""observable"":false,""raw_pass"":false,""reason"":""GPS course unobservable at low speed"",""status"":""unobservable"",""observed_evaluations"":0,""satisfaction_fraction"":null},{""service_id"":""global_state_tracking"",""label"":""Global asset tracking"",""family"":""global_synchronization"",""horizon_s"":0.0,""position_tolerance_m"":1.0,""heading_tolerance_deg"":5.0,""maximum_aoi_s"":1.0,""position_error_m"":0.8518158596851259,""heading_error_deg"":null,""aoi_s"":0.13564181327819824,""position_margin_m"":0.14818414031487415,""heading_margin_deg"":null,""freshness_margin_s"":0.8643581867218018,""normalized_margin"":null,""observable"":false,""raw_pass"":false,""reason"":""GPS course unobservable at low speed"",""status"":""unobservable"",""observed_evaluations"":0,""satisfaction_fraction"":null}]",high,10.0,0.31430000672116876
11.747000000000298,5738.951,1789517352.9915938,3671,-0.11359749525472303,0.05244104276443932,-0.606754406727823,-0.4430679269371675,-0.741387808330045,True,0.087455555,203.44,,,0.019,0.1478736400604248,1789511613.8927202,12.231801986672508,0.859485317025838,,-110.5241,-0.11970479568438948,-0.20253221708139818,-0.23245603974999476,-0.2085169816151175,0.029923822668596584,0.08549663619599024,low-motion,707.3972225189209,641,1075.6690654116169,0,False,0,144096,134024,-0.112861151,-0.150537994,11.43689,10,0.97,False,"[{""service_id"":""local_1s_tight"",""label"":""Immediate motion"",""family"":""local_relative_motion"",""horizon_s"":1.0,""position_tolerance_m"":0.1,""heading_tolerance_deg"":2.0,""maximum_aoi_s"":0.6,""position_error_m"":null,""heading_error_deg"":null,""aoi_s"":0.1478736400604248,""position_margin_m"":null,""heading_margin_deg"":null,""freshness_margin_s"":null,""normalized_margin"":null,""observable"":false,""raw_pass"":false,""reason"":""GPS course unobservable at low speed"",""status"":""unobservable"",""observed_evaluations"":0,""satisfaction_fraction"":null},{""service_id"":""local_5s_moderate"",""label"":""Short prediction"",""family"":""local_relative_motion"",""horizon_s"":5.0,""position_tolerance_m"":0.2,""heading_tolerance_deg"":5.0,""maximum_aoi_s"":1.0,""position_error_m"":null,""heading_error_deg"":null,""aoi_s"":0.1478736400604248,""position_margin_m"":null,""heading_margin_deg"":null,""freshness_margin_s"":null,""normalized_margin"":null,""observable"":false,""raw_pass"":false,""reason"":""GPS course unobservable at low speed"",""status"":""unobservable"",""observed_evaluations"":0,""satisfaction_fraction"":null},{""service_id"":""local_10s_preview"",""label"":""Planning support"",""family"":""local_relative_motion"",""horizon_s"":10.0,""position_tolerance_m"":0.5,""heading_tolerance_deg"":10.0,""maximum_aoi_s"":1.5,""position_error_m"":null,""heading_error_deg"":null,""aoi_s"":0.1478736400604248,""position_margin_m"":null,""heading_margin_deg"":null,""freshness_margin_s"":null,""normalized_margin"":null,""observable"":false,""raw_pass"":false,""reason"":""GPS course unobservable at low speed"",""status"":""unobservable"",""observed_evaluations"":0,""satisfaction_fraction"":null},{""service_id"":""global_state_tracking"",""label"":""Global asset tracking"",""family"":""global_synchronization"",""horizon_s"":0.0,""position_tolerance_m"":1.0,""heading_tolerance_deg"":5.0,""maximum_aoi_s"":1.0,""position_error_m"":0.859485317025838,""heading_error_deg"":null,""aoi_s"":0.1478736400604248,""position_margin_m"":0.14051468297416203,""heading_margin_deg"":null,""freshness_margin_s"":0.8521263599395752,""normalized_margin"":null,""observable"":false,""raw_pass"":false,""reason"":""GPS course unobservable at low speed"",""status"":""unobservable"",""observed_evaluations"":0,""satisfaction_fraction"":null}]",high,10.0,0.471399980597198
12.475000000000364,5739.679,1789517353.5709724,3672,-0.20031977284938002,0.11919548154920787,-0.7052886003443661,-0.4430679269371675,-0.927291358308062,True,0.144044443,203.44,,,0.043,0.0,1789511613.8919725,148.62139511114947,1.0742724851300451,,-115.8752,-0.1503283833569437,-0.11870826435957511,-0.20191277784009398,-0.1353491670556789,0.08320451348051887,0.23772718137291107,translation,572.3769664764404,634,1077.1203874679115,0,False,0,144786,134826,-0.15044392,-0.169185973,11.43689,10,0.97,False,"[{""service_id"":""local_1s_tight"",""label"":""Immediate motion"",""family"":""local_relative_motion"",""horizon_s"":1.0,""position_tolerance_m"":0.1,""heading_tolerance_deg"":2.0,""maximum_aoi_s"":0.6,""position_error_m"":null,""heading_error_deg"":null,""aoi_s"":0.0,""position_margin_m"":null,""heading_margin_deg"":null,""freshness_margin_s"":null,""normalized_margin"":null,""observable"":false,""raw_pass"":false,""reason"":""GPS course unobservable at low speed"",""status"":""unobservable"",""observed_evaluations"":0,""satisfaction_fraction"":null},{""service_id"":""local_5s_moderate"",""label"":""Short prediction"",""family"":""local_relative_motion"",""horizon_s"":5.0,""position_tolerance_m"":0.2,""heading_tolerance_deg"":5.0,""maximum_aoi_s"":1.0,""position_error_m"":null,""heading_error_deg"":null,""aoi_s"":0.0,""position_margin_m"":null,""heading_margin_deg"":null,""freshness_margin_s"":null,""normalized_margin"":null,""observable"":false,""raw_pass"":false,""reason"":""GPS course unobservable at low speed"",""status"":""unobservable"",""observed_evaluations"":0,""satisfaction_fraction"":null},{""service_id"":""local_10s_preview"",""label"":""Planning support"",""family"":""local_relative_motion"",""horizon_s"":10.0,""position_tolerance_m"":0.5,""heading_tolerance_deg"":10.0,""maximum_aoi_s"":1.5,""position_error_m"":null,""heading_error_deg"":null,""aoi_s"":0.0,""position_margin_m"":null,""heading_margin_deg"":null,""freshness_margin_s"":null,""normalized_margin"":null,""observable"":false,""raw_pass"":false,""reason"":""GPS course unobservable at low speed"",""status"":""unobservable"",""observed_evaluations"":0,""satisfaction_fraction"":null},{""service_id"":""global_state_tracking"",""label"":""Global asset tracking"",""family"":""global_synchronization"",""horizon_s"":0.0,""position_tolerance_m"":1.0,""heading_tolerance_deg"":5.0,""maximum_aoi_s"":1.0,""position_error_m"":1.0742724851300451,""heading_error_deg"":null,""aoi_s"":0.0,""position_margin_m"":-0.07427248513004514,""heading_margin_deg"":null,""freshness_margin_s"":1.0,""normalized_margin"":-0.07427248513004514,""observable"":true,""raw_pass"":false,""reason"":""position tolerance"",""status"":""withdrawn"",""observed_evaluations"":1,""satisfaction_fraction"":0.0}]",high,10.0,0.18480001017451286
13.043999999999869,5740.248,1789517354.2744248,3673,-0.26921043276897105,0.18113558560975074,-0.7593548980981462,-0.4430679269371675,-0.927291358308062,True,0.144044443,203.44,,,0.022,0.13445234298706055,1789511613.8919725,134.4523487096012,1.1219789295175853,,-115.8937,-0.16281508016396942,-0.07729597881417354,-0.16591536201771095,-0.09501985545488102,0.08861938320353742,0.25319823772439265,translation,701.3511657714844,634,1078.9148278186797,0,False,0,145389,135486,-0.150462725,-0.169334066,11.43689,10,0.96,False,"[{""service_id"":""local_1s_tight"",""label"":""Immediate motion"",""family"":""local_relative_motion"",""horizon_s"":1.0,""position_tolerance_m"":0.1,""heading_tolerance_deg"":2.0,""maximum_aoi_s"":0.6,""position_error_m"":null,""heading_error_deg"":null,""aoi_s"":0.13445234298706055,""position_margin_m"":null,""heading_margin_deg"":null,""freshness_margin_s"":null,""normalized_margin"":null,""observable"":false,""raw_pass"":false,""reason"":""GPS course unobservable at low speed"",""status"":""unobservable"",""observed_evaluations"":0,""satisfaction_fraction"":null},{""service_id"":""local_5s_moderate"",""label"":""Short prediction"",""family"":""local_relative_motion"",""horizon_s"":5.0,""position_tolerance_m"":0.2,""heading_tolerance_deg"":5.0,""maximum_aoi_s"":1.0,""position_error_m"":null,""heading_error_deg"":null,""aoi_s"":0.13445234298706055,""position_margin_m"":null,""heading_margin_deg"":null,""freshness_margin_s"":null,""normalized_margin"":null,""observable"":false,""raw_pass"":false,""reason"":""GPS course unobservable at low speed"",""status"":""unobservable"",""observed_evaluations"":0,""satisfaction_fraction"":null},{""service_id"":""local_10s_preview"",""label"":""Planning support"",""family"":""local_relative_motion"",""horizon_s"":10.0,""position_tolerance_m"":0.5,""heading_tolerance_deg"":10.0,""maximum_aoi_s"":1.5,""position_error_m"":null,""heading_error_deg"":null,""aoi_s"":0.13445234298706055,""position_margin_m"":null,""heading_margin_deg"":null,""freshness_margin_s"":null,""normalized_margin"":null,""observable"":false,""raw_pass"":false,""reason"":""GPS course unobservable at low speed"",""status"":""unobservable"",""observed_evaluations"":0,""satisfaction_fraction"":null},{""service_id"":""global_state_tracking"",""label"":""Global asset tracking"",""family"":""global_synchronization"",""horizon_s"":0.0,""position_tolerance_m"":1.0,""heading_tolerance_deg"":5.0,""maximum_aoi_s"":1.0,""position_error_m"":1.1219789295175853,""heading_error_deg"":null,""aoi_s"":0.13445234298706055,""position_margin_m"":-0.12197892951758527,""heading_margin_deg"":null,""freshness_margin_s"":0.8655476570129395,""normalized_margin"":-0.12197892951758527,""observable"":true,""raw_pass"":false,""reason"":""position tolerance"",""status"":""withdrawn"",""observed_evaluations"":2,""satisfaction_fraction"":0.0}]",high,10.0,0.28760003624483943
13.740999999999985,5740.945,1789517354.9731152,3674,-0.35313913910715017,0.26348398252150573,-0.7924338586057997,-0.4430679269371675,-0.927291358308062,True,0.144044443,203.44,,,0.719,0.13614273071289062,1789511613.8919725,1.6904144285945222,1.1941662778727045,,-115.8367,-0.16869580673530574,-0.045388454019834074,-0.0557414529855689,-0.04745905381298104,0.010352998965734828,0.029579997044956653,translation,693.6924457550049,630,1079.0980265750525,0,False,0,146170,136308,-0.159072526,-0.170048287,11.43689,10,0.96,False,"[{""service_id"":""local_1s_tight"",""label"":""Immediate motion"",""family"":""local_relative_motion"",""horizon_s"":1.0,""position_tolerance_m"":0.1,""heading_tolerance_deg"":2.0,""maximum_aoi_s"":0.6,""position_error_m"":null,""heading_error_deg"":null,""aoi_s"":0.13614273071289062,""position_margin_m"":null,""heading_margin_deg"":null,""freshness_margin_s"":null,""normalized_margin"":null,""observable"":false,""raw_pass"":false,""reason"":""GPS course unobservable at low speed"",""status"":""unobservable"",""observed_evaluations"":0,""satisfaction_fraction"":null},{""service_id"":""local_5s_moderate"",""label"":""Short prediction"",""family"":""local_relative_motion"",""horizon_s"":5.0,""position_tolerance_m"":0.2,""heading_tolerance_deg"":5.0,""maximum_aoi_s"":1.0,""position_error_m"":null,""heading_error_deg"":null,""aoi_s"":0.13614273071289062,""position_margin_m"":null,""heading_margin_deg"":null,""freshness_margin_s"":null,""normalized_margin"":null,""observable"":false,""raw_pass"":false,""reason"":""GPS course unobservable at low speed"",""status"":""unobservable"",""observed_evaluations"":0,""satisfaction_fraction"":null},{""service_id"":""local_10s_preview"",""label"":""Planning support"",""family"":""local_relative_motion"",""horizon_s"":10.0,""position_tolerance_m"":0.5,""heading_tolerance_deg"":10.0,""maximum_aoi_s"":1.5,""position_error_m"":null,""heading_error_deg"":null,""aoi_s"":0.13614273071289062,""position_margin_m"":null,""heading_margin_deg"":null,""freshness_margin_s"":null,""normalized_margin"":null,""observable"":false,""raw_pass"":false,""reason"":""GPS course unobservable at low speed"",""status"":""unobservable"",""observed_evaluations"":0,""satisfaction_fraction"":null},{""service_id"":""global_state_tracking"",""label"":""Global asset tracking"",""family"":""global_synchronization"",""horizon_s"":0.0,""position_tolerance_m"":1.0,""heading_tolerance_deg"":5.0,""maximum_aoi_s"":1.0,""position_error_m"":1.1941662778727045,""heading_error_deg"":null,""aoi_s"":0.13614273071289062,""position_margin_m"":-0.19416627787270446,""heading_margin_deg"":null,""freshness_margin_s"":0.8638572692871094,""normalized_margin"":-0.19416627787270446,""observable"":true,""raw_pass"":false,""reason"":""position tolerance"",""status"":""withdrawn"",""observed_evaluations"":3,""satisfaction_fraction"":0.0}]",high,10.0,0.324999971780926
14.438000000000102,5741.642,1789517355.671882,3675,-0.39501166777222824,0.30717223084777323,-0.820798902969972,-0.5910526147684065,-0.927291358308062,True,0.123466666,203.44,,,0.011,0.1379094123840332,1789511613.8919725,1.7667083739070222,1.2499329605425504,,-115.5512,-0.08682098599914363,-0.04538845401983402,-0.021925698728178768,-0.04069590296150297,0.02346275529165525,0.06703644369044358,low-motion,693.7167644500732,637,1055.8675770229138,0,False,0,146562,136741,-0.069024122,-0.079389381,11.43689,11,0.94,False,"[{""service_id"":""local_1s_tight"",""label"":""Immediate motion"",""family"":""local_relative_motion"",""horizon_s"":1.0,""position_tolerance_m"":0.1,""heading_tolerance_deg"":2.0,""maximum_aoi_s"":0.6,""position_error_m"":null,""heading_error_deg"":null,""aoi_s"":0.1379094123840332,""position_margin_m"":null,""heading_margin_deg"":null,""freshness_margin_s"":null,""normalized_margin"":null,""observable"":false,""raw_pass"":false,""reason"":""GPS course unobservable at low speed"",""status"":""unobservable"",""observed_evaluations"":0,""satisfaction_fraction"":null},{""service_id"":""local_5s_moderate"",""label"":""Short prediction"",""family"":""local_relative_motion"",""horizon_s"":5.0,""position_tolerance_m"":0.2,""heading_tolerance_deg"":5.0,""maximum_aoi_s"":1.0,""position_error_m"":null,""heading_error_deg"":null,""aoi_s"":0.1379094123840332,""position_margin_m"":null,""heading_margin_deg"":null,""freshness_margin_s"":null,""normalized_margin"":null,""observable"":false,""raw_pass"":false,""reason"":""GPS course unobservable at low speed"",""status"":""unobservable"",""observed_evaluations"":0,""satisfaction_fraction"":null},{""service_id"":""local_10s_preview"",""label"":""Planning support"",""family"":""local_relative_motion"",""horizon_s"":10.0,""position_tolerance_m"":0.5,""heading_tolerance_deg"":10.0,""maximum_aoi_s"":1.5,""position_error_m"":null,""heading_error_deg"":null,""aoi_s"":0.1379094123840332,""position_margin_m"":null,""heading_margin_deg"":null,""freshness_margin_s"":null,""normalized_margin"":null,""observable"":false,""raw_pass"":false,""reason"":""GPS course unobservable at low speed"",""status"":""unobservable"",""observed_evaluations"":0,""satisfaction_fraction"":null},{""service_id"":""global_state_tracking"",""label"":""Global asset tracking"",""family"":""global_synchronization"",""horizon_s"":0.0,""position_tolerance_m"":1.0,""heading_tolerance_deg"":5.0,""maximum_aoi_s"":1.0,""position_error_m"":1.2499329605425504,""heading_error_deg"":null,""aoi_s"":0.1379094123840332,""position_margin_m"":-0.24993296054255043,""heading_margin_deg"":null,""freshness_margin_s"":0.8620905876159668,""normalized_margin"":-0.24993296054255043,""observable"":true,""raw_pass"":false,""reason"":""position tolerance"",""status"":""withdrawn"",""observed_evaluations"":4,""satisfaction_fraction"":0.0}]",high,10.0,0.24940003640949726
15.134000000000015,5742.338,1789517356.3720522,3676,-0.41287847123173876,0.3264164259972504,-0.8241942811026846,-0.7381511660430959,-0.927291358308062,True,0.108033332,203.44,,,0.011,0.14207959175109863,1789511613.8919725,4.170278549281647,1.2952164044736223,,-115.7062,-0.03772917685898406,-0.004434504128375891,-0.006654067773228381,-0.00487841685734639,0.00221956364485249,0.006341610413864257,low-motion,697.6461410522461,639,1060.1753695427708,0,False,0,146739,136922,-0.031188294,-0.041984716,11.43689,11,0.94,False,"[{""service_id"":""local_1s_tight"",""label"":""Immediate motion"",""family"":""local_relative_motion"",""horizon_s"":1.0,""position_tolerance_m"":0.1,""heading_tolerance_deg"":2.0,""maximum_aoi_s"":0.6,""position_error_m"":null,""heading_error_deg"":null,""aoi_s"":0.14207959175109863,""position_margin_m"":null,""heading_margin_deg"":null,""freshness_margin_s"":null,""normalized_margin"":null,""observable"":false,""raw_pass"":false,""reason"":""GPS course unobservable at low speed"",""status"":""unobservable"",""observed_evaluations"":0,""satisfaction_fraction"":null},{""service_id"":""local_5s_moderate"",""label"":""Short prediction"",""family"":""local_relative_motion"",""horizon_s"":5.0,""position_tolerance_m"":0.2,""heading_tolerance_deg"":5.0,""maximum_aoi_s"":1.0,""position_error_m"":null,""heading_error_deg"":null,""aoi_s"":0.14207959175109863,""position_margin_m"":null,""heading_margin_deg"":null,""freshness_margin_s"":null,""normalized_margin"":null,""observable"":false,""raw_pass"":false,""reason"":""GPS course unobservable at low speed"",""status"":""unobservable"",""observed_evaluations"":0,""satisfaction_fraction"":null},{""service_id"":""local_10s_preview"",""label"":""Planning support"",""family"":""local_relative_motion"",""horizon_s"":10.0,""position_tolerance_m"":0.5,""heading_tolerance_deg"":10.0,""maximum_aoi_s"":1.5,""position_error_m"":null,""heading_error_deg"":null,""aoi_s"":0.14207959175109863,""position_margin_m"":null,""heading_margin_deg"":null,""freshness_margin_s"":null,""normalized_margin"":null,""observable"":false,""raw_pass"":false,""reason"":""GPS course unobservable at low speed"",""status"":""unobservable"",""observed_evaluations"":0,""satisfaction_fraction"":null},{""service_id"":""global_state_tracking"",""label"":""Global asset tracking"",""family"":""global_synchronization"",""horizon_s"":0.0,""position_tolerance_m"":1.0,""heading_tolerance_deg"":5.0,""maximum_aoi_s"":1.0,""position_error_m"":1.2952164044736223,""heading_error_deg"":null,""aoi_s"":0.14207959175109863,""position_margin_m"":-0.2952164044736223,""heading_margin_deg"":null,""freshness_margin_s"":0.8579204082489014,""normalized_margin"":-0.2952164044736223,""observable"":true,""raw_pass"":false,""reason"":""position tolerance"",""status"":""withdrawn"",""observed_evaluations"":5,""satisfaction_fraction"":0.0}]",high,10.0,0.5327999824658036
15.868000000000393,5743.072,1789517356.966531,3677,-0.41552261554139897,0.32936557454197374,-0.8555548451086756,-0.7381511660430959,-0.927291358308062,True,0.108033332,203.44,,,0.746,0.002558469772338867,1789511613.8919725,139.52115440406487,1.2974112025410005,,-114.8223,-0.005396364083947865,-0.05256156119461236,-0.0033815754257390134,-0.042725564040837695,0.04917998576887335,0.14051424505392388,low-motion,587.775468826294,618,1082.2988670541913,0,False,0,146741,136974,0.0,0.0,11.43689,11,0.94,False,"[{""service_id"":""local_1s_tight"",""label"":""Immediate motion"",""family"":""local_relative_motion"",""horizon_s"":1.0,""position_tolerance_m"":0.1,""heading_tolerance_deg"":2.0,""maximum_aoi_s"":0.6,""position_error_m"":null,""heading_error_deg"":null,""aoi_s"":0.002558469772338867,""position_margin_m"":null,""heading_margin_deg"":null,""freshness_margin_s"":null,""normalized_margin"":null,""observable"":false,""raw_pass"":false,""reason"":""GPS course unobservable at low speed"",""status"":""unobservable"",""observed_evaluations"":0,""satisfaction_fraction"":null},{""service_id"":""local_5s_moderate"",""label"":""Short prediction"",""family"":""local_relative_motion"",""horizon_s"":5.0,""position_tolerance_m"":0.2,""heading_tolerance_deg"":5.0,""maximum_aoi_s"":1.0,""position_error_m"":null,""heading_error_deg"":null,""aoi_s"":0.002558469772338867,""position_margin_m"":null,""heading_margin_deg"":null,""freshness_margin_s"":null,""normalized_margin"":null,""observable"":false,""raw_pass"":false,""reason"":""GPS course unobservable at low speed"",""status"":""unobservable"",""observed_evaluations"":0,""satisfaction_fraction"":null},{""service_id"":""local_10s_preview"",""label"":""Planning support"",""family"":""local_relative_motion"",""horizon_s"":10.0,""position_tolerance_m"":0.5,""heading_tolerance_deg"":10.0,""maximum_aoi_s"":1.5,""position_error_m"":null,""heading_error_deg"":null,""aoi_s"":0.002558469772338867,""position_margin_m"":null,""heading_margin_deg"":null,""freshness_margin_s"":null,""normalized_margin"":null,""observable"":false,""raw_pass"":false,""reason"":""GPS course unobservable at low speed"",""status"":""unobservable"",""observed_evaluations"":0,""satisfaction_fraction"":null},{""service_id"":""global_state_tracking"",""label"":""Global asset tracking"",""family"":""global_synchronization"",""horizon_s"":0.0,""position_tolerance_m"":1.0,""heading_tolerance_deg"":5.0,""maximum_aoi_s"":1.0,""position_error_m"":1.2974112025410005,""heading_error_deg"":null,""aoi_s"":0.002558469772338867,""position_margin_m"":-0.2974112025410005,""heading_margin_deg"":null,""freshness_margin_s"":0.9974415302276611,""normalized_margin"":-0.2974112025410005,""observable"":true,""raw_pass"":false,""reason"":""position tolerance"",""status"":""withdrawn"",""observed_evaluations"":6,""satisfaction_fraction"":0.0}]",high,10.0,0.1330000231973827
16.42200000000048,5743.626,1789517357.6556282,3678,-0.41552261554139897,0.32936557454197374,-0.8552043393616438,-0.5910526147684065,-0.927291358308062,True,0.133755554,203.44,,,0.004,0.13765573501586914,1789511613.8919725,135.09716606131406,1.2688567403409623,,-114.6785,-0.0,0.0,0.0031634092692397224,0.0006326818538479446,0.0031634092692397224,0.009038312197827778,low-motion,686.9981288909912,615,1082.3247864855693,0,False,0,146741,136974,0.0,0.0,11.43689,11,0.94,False,"[{""service_id"":""local_1s_tight"",""label"":""Immediate motion"",""family"":""local_relative_motion"",""horizon_s"":1.0,""position_tolerance_m"":0.1,""heading_tolerance_deg"":2.0,""maximum_aoi_s"":0.6,""position_error_m"":null,""heading_error_deg"":null,""aoi_s"":0.13765573501586914,""position_margin_m"":null,""heading_margin_deg"":null,""freshness_margin_s"":null,""normalized_margin"":null,""observable"":false,""raw_pass"":false,""reason"":""GPS course unobservable at low speed"",""status"":""unobservable"",""observed_evaluations"":0,""satisfaction_fraction"":null},{""service_id"":""local_5s_moderate"",""label"":""Short prediction"",""family"":""local_relative_motion"",""horizon_s"":5.0,""position_tolerance_m"":0.2,""heading_tolerance_deg"":5.0,""maximum_aoi_s"":1.0,""position_error_m"":null,""heading_error_deg"":null,""aoi_s"":0.13765573501586914,""position_margin_m"":null,""heading_margin_deg"":null,""freshness_margin_s"":null,""normalized_margin"":null,""observable"":false,""raw_pass"":false,""reason"":""GPS course unobservable at low speed"",""status"":""unobservable"",""observed_evaluations"":0,""satisfaction_fraction"":null},{""service_id"":""local_10s_preview"",""label"":""Planning support"",""family"":""local_relative_motion"",""horizon_s"":10.0,""position_tolerance_m"":0.5,""heading_tolerance_deg"":10.0,""maximum_aoi_s"":1.5,""position_error_m"":null,""heading_error_deg"":null,""aoi_s"":0.13765573501586914,""position_margin_m"":null,""heading_margin_deg"":null,""freshness_margin_s"":null,""normalized_margin"":null,""observable"":false,""raw_pass"":false,""reason"":""GPS course unobservable at low speed"",""status"":""unobservable"",""observed_evaluations"":0,""satisfaction_fraction"":null},{""service_id"":""global_state_tracking"",""label"":""Global asset tracking"",""family"":""global_synchronization"",""horizon_s"":0.0,""position_tolerance_m"":1.0,""heading_tolerance_deg"":5.0,""maximum_aoi_s"":1.0,""position_error_m"":1.2688567403409623,""heading_error_deg"":null,""aoi_s"":0.13765573501586914,""position_margin_m"":-0.2688567403409623,""heading_margin_deg"":null,""freshness_margin_s"":0.8623442649841309,""normalized_margin"":-0.2688567403409623,""observable"":true,""raw_pass"":false,""reason"":""position tolerance"",""status"":""withdrawn"",""observed_evaluations"":7,""satisfaction_fraction"":0.0}]",high,10.0,0.47610001638531685
17.127000000000407,5744.331,1789517358.365684,3679,-0.41552261554139897,0.32936557454197374,-0.8549121057950129,-0.5910526147684065,-0.927291358308062,True,0.123466666,203.44,,,0.019,0.14271140098571777,1789511613.8919725,5.0558280945551815,1.2688567403409623,,-114.5884,-0.0,0.0,0.002072578486743266,0.0004145156973486533,0.002072578486743266,0.005921652819266475,low-motion,701.9295692443848,617,1047.8211057937062,0,False,0,146741,136974,0.0,0.0,11.43689,11,0.94,False,"[{""service_id"":""local_1s_tight"",""label"":""Immediate motion"",""family"":""local_relative_motion"",""horizon_s"":1.0,""position_tolerance_m"":0.1,""heading_tolerance_deg"":2.0,""maximum_aoi_s"":0.6,""position_error_m"":null,""heading_error_deg"":null,""aoi_s"":0.14271140098571777,""position_margin_m"":null,""heading_margin_deg"":null,""freshness_margin_s"":null,""normalized_margin"":null,""observable"":false,""raw_pass"":false,""reason"":""GPS course unobservable at low speed"",""status"":""unobservable"",""observed_evaluations"":0,""satisfaction_fraction"":null},{""service_id"":""local_5s_moderate"",""label"":""Short prediction"",""family"":""local_relative_motion"",""horizon_s"":5.0,""position_tolerance_m"":0.2,""heading_tolerance_deg"":5.0,""maximum_aoi_s"":1.0,""position_error_m"":null,""heading_error_deg"":null,""aoi_s"":0.14271140098571777,""position_margin_m"":null,""heading_margin_deg"":null,""freshness_margin_s"":null,""normalized_margin"":null,""observable"":false,""raw_pass"":false,""reason"":""GPS course unobservable at low speed"",""status"":""unobservable"",""observed_evaluations"":0,""satisfaction_fraction"":null},{""service_id"":""local_10s_preview"",""label"":""Planning support"",""family"":""local_relative_motion"",""horizon_s"":10.0,""position_tolerance_m"":0.5,""heading_tolerance_deg"":10.0,""maximum_aoi_s"":1.5,""position_error_m"":null,""heading_error_deg"":null,""aoi_s"":0.14271140098571777,""position_margin_m"":null,""heading_margin_deg"":null,""freshness_margin_s"":null,""normalized_margin"":null,""observable"":false,""raw_pass"":false,""reason"":""GPS course unobservable at low speed"",""status"":""unobservable"",""observed_evaluations"":0,""satisfaction_fraction"":null},{""service_id"":""global_state_tracking"",""label"":""Global asset tracking"",""family"":""global_synchronization"",""horizon_s"":0.0,""position_tolerance_m"":1.0,""heading_tolerance_deg"":5.0,""maximum_aoi_s"":1.0,""position_error_m"":1.2688567403409623,""heading_error_deg"":null,""aoi_s"":0.14271140098571777,""position_margin_m"":-0.2688567403409623,""heading_margin_deg"":null,""freshness_margin_s"":0.8572885990142822,""normalized_margin"":-0.2688567403409623,""observable"":true,""raw_pass"":false,""reason"":""position tolerance"",""status"":""withdrawn"",""observed_evaluations"":8,""satisfaction_fraction"":0.0}]",high,10.0,0.42810000013560057
17.847000000000662,5745.051,1789517358.9438765,3680,-0.41552261554139897,0.32936557454197374,-0.8547707341256015,-0.5910526147684065,-0.927291358308062,True,0.123466666,203.44,,,0.739,0.0009038448333740234,1789511613.8919725,141.80752754236892,1.2688567403409623,,-114.3828,-0.0,0.0,0.0009817477042468104,0.0001963495408493621,0.0009817477042468104,0.002804993440705173,low-motion,571.1898803710938,617,1072.2886341147096,0,False,0,146741,136974,0.0,0.0,11.43689,11,0.94,False,"[{""service_id"":""local_1s_tight"",""label"":""Immediate motion"",""family"":""local_relative_motion"",""horizon_s"":1.0,""position_tolerance_m"":0.1,""heading_tolerance_deg"":2.0,""maximum_aoi_s"":0.6,""position_error_m"":null,""heading_error_deg"":null,""aoi_s"":0.0009038448333740234,""position_margin_m"":null,""heading_margin_deg"":null,""freshness_margin_s"":null,""normalized_margin"":null,""observable"":false,""raw_pass"":false,""reason"":""GPS course unobservable at low speed"",""status"":""unobservable"",""observed_evaluations"":0,""satisfaction_fraction"":null},{""service_id"":""local_5s_moderate"",""label"":""Short prediction"",""family"":""local_relative_motion"",""horizon_s"":5.0,""position_tolerance_m"":0.2,""heading_tolerance_deg"":5.0,""maximum_aoi_s"":1.0,""position_error_m"":null,""heading_error_deg"":null,""aoi_s"":0.0009038448333740234,""position_margin_m"":null,""heading_margin_deg"":null,""freshness_margin_s"":null,""normalized_margin"":null,""observable"":false,""raw_pass"":false,""reason"":""GPS course unobservable at low speed"",""status"":""unobservable"",""observed_evaluations"":0,""satisfaction_fraction"":null},{""service_id"":""local_10s_preview"",""label"":""Planning support"",""family"":""local_relative_motion"",""horizon_s"":10.0,""position_tolerance_m"":0.5,""heading_tolerance_deg"":10.0,""maximum_aoi_s"":1.5,""position_error_m"":null,""heading_error_deg"":null,""aoi_s"":0.0009038448333740234,""position_margin_m"":null,""heading_margin_deg"":null,""freshness_margin_s"":null,""normalized_margin"":null,""observable"":false,""raw_pass"":false,""reason"":""GPS course unobservable at low speed"",""status"":""unobservable"",""observed_evaluations"":0,""satisfaction_fraction"":null},{""service_id"":""global_state_tracking"",""label"":""Global asset tracking"",""family"":""global_synchronization"",""horizon_s"":0.0,""position_tolerance_m"":1.0,""heading_tolerance_deg"":5.0,""maximum_aoi_s"":1.0,""position_error_m"":1.2688567403409623,""heading_error_deg"":null,""aoi_s"":0.0009038448333740234,""position_margin_m"":-0.2688567403409623,""heading_margin_deg"":null,""freshness_margin_s"":0.999096155166626,""normalized_margin"":-0.2688567403409623,""observable"":true,""raw_pass"":false,""reason"":""position tolerance"",""status"":""withdrawn"",""observed_evaluations"":9,""satisfaction_fraction"":0.0}]",high,10.0,0.3700000233948231
18.40900000000056,5745.613,1789517359.6396327,3681,-0.41552261554139897,0.32936557454197374,-0.8546603856836441,-0.5910526147684065,-1.1131949074951064,True,0.123466666,203.44,,,0.017,0.1346602439880371,1789511613.8919725,133.75619697580987,1.4532004421151565,,-114.3863,-0.0,0.0,0.0009817477042468104,0.0001963495408493621,0.0009817477042468104,0.002804993440705173,low-motion,690.7966136932373,624,1070.819943173159,0,False,0,146741,136974,0.0,0.0,11.43689,11,0.94,False,"[{""service_id"":""local_1s_tight"",""label"":""Immediate motion"",""family"":""local_relative_motion"",""horizon_s"":1.0,""position_tolerance_m"":0.1,""heading_tolerance_deg"":2.0,""maximum_aoi_s"":0.6,""position_error_m"":null,""heading_error_deg"":null,""aoi_s"":0.1346602439880371,""position_margin_m"":null,""heading_margin_deg"":null,""freshness_margin_s"":null,""normalized_margin"":null,""observable"":false,""raw_pass"":false,""reason"":""GPS course unobservable at low speed"",""status"":""unobservable"",""observed_evaluations"":0,""satisfaction_fraction"":null},{""service_id"":""local_5s_moderate"",""label"":""Short prediction"",""family"":""local_relative_motion"",""horizon_s"":5.0,""position_tolerance_m"":0.2,""heading_tolerance_deg"":5.0,""maximum_aoi_s"":1.0,""position_error_m"":null,""heading_error_deg"":null,""aoi_s"":0.1346602439880371,""position_margin_m"":null,""heading_margin_deg"":null,""freshness_margin_s"":null,""normalized_margin"":null,""observable"":false,""raw_pass"":false,""reason"":""GPS course unobservable at low speed"",""status"":""unobservable"",""observed_evaluations"":0,""satisfaction_fraction"":null},{""service_id"":""local_10s_preview"",""label"":""Planning support"",""family"":""local_relative_motion"",""horizon_s"":10.0,""position_tolerance_m"":0.5,""heading_tolerance_deg"":10.0,""maximum_aoi_s"":1.5,""position_error_m"":null,""heading_error_deg"":null,""aoi_s"":0.1346602439880371,""position_margin_m"":null,""heading_margin_deg"":null,""freshness_margin_s"":null,""normalized_margin"":null,""observable"":false,""raw_pass"":false,""reason"":""GPS course unobservable at low speed"",""status"":""unobservable"",""observed_evaluations"":0,""satisfaction_fraction"":null},{""service_id"":""global_state_tracking"",""label"":""Global asset tracking"",""family"":""global_synchronization"",""horizon_s"":0.0,""position_tolerance_m"":1.0,""heading_tolerance_deg"":5.0,""maximum_aoi_s"":1.0,""position_error_m"":1.4532004421151565,""heading_error_deg"":null,""aoi_s"":0.1346602439880371,""position_margin_m"":-0.45320044211515653,""heading_margin_deg"":null,""freshness_margin_s"":0.8653397560119629,""normalized_margin"":-0.45320044211515653,""observable"":true,""raw_pass"":false,""reason"":""position tolerance"",""status"":""withdrawn"",""observed_evaluations"":10,""satisfaction_fraction"":0.0}]",high,10.0,0.2096000243909657
19.108000000000175,5746.312,1789517360.3392015,3682,-0.41552261554139897,0.32936557454197374,-0.8551331299281619,-0.5910526147684065,-0.927291358308062,True,0.077166666,203.44,,,0.011,0.13522887229919434,1789511613.8919725,0.5687484745067195,1.2688567403409623,,-114.248,-0.0,0.0,-0.0033815754257390134,-0.0006763150851478027,0.0033815754257390134,0.009661644073540039,low-motion,692.4757957458496,617,1067.8506070420256,0,False,0,146741,136974,0.0,0.0,11.43689,11,0.94,False,"[{""service_id"":""local_1s_tight"",""label"":""Immediate motion"",""family"":""local_relative_motion"",""horizon_s"":1.0,""position_tolerance_m"":0.1,""heading_tolerance_deg"":2.0,""maximum_aoi_s"":0.6,""position_error_m"":null,""heading_error_deg"":null,""aoi_s"":0.13522887229919434,""position_margin_m"":null,""heading_margin_deg"":null,""freshness_margin_s"":null,""normalized_margin"":null,""observable"":false,""raw_pass"":false,""reason"":""GPS course unobservable at low speed"",""status"":""unobservable"",""observed_evaluations"":0,""satisfaction_fraction"":null},{""service_id"":""local_5s_moderate"",""label"":""Short prediction"",""family"":""local_relative_motion"",""horizon_s"":5.0,""position_tolerance_m"":0.2,""heading_tolerance_deg"":5.0,""maximum_aoi_s"":1.0,""position_error_m"":null,""heading_error_deg"":null,""aoi_s"":0.13522887229919434,""position_margin_m"":null,""heading_margin_deg"":null,""freshness_margin_s"":null,""normalized_margin"":null,""observable"":false,""raw_pass"":false,""reason"":""GPS course unobservable at low speed"",""status"":""unobservable"",""observed_evaluations"":0,""satisfaction_fraction"":null},{""service_id"":""local_10s_preview"",""label"":""Planning support"",""family"":""local_relative_motion"",""horizon_s"":10.0,""position_tolerance_m"":0.5,""heading_tolerance_deg"":10.0,""maximum_aoi_s"":1.5,""position_error_m"":null,""heading_error_deg"":null,""aoi_s"":0.13522887229919434,""position_margin_m"":null,""heading_margin_deg"":null,""freshness_margin_s"":null,""normalized_margin"":null,""observable"":false,""raw_pass"":false,""reason"":""GPS course unobservable at low speed"",""status"":""unobservable"",""observed_evaluations"":0,""satisfaction_fraction"":null},{""service_id"":""global_state_tracking"",""label"":""Global asset tracking"",""family"":""global_synchronization"",""horizon_s"":0.0,""position_tolerance_m"":1.0,""heading_tolerance_deg"":5.0,""maximum_aoi_s"":1.0,""position_error_m"":1.2688567403409623,""heading_error_deg"":null,""aoi_s"":0.13522887229919434,""position_margin_m"":-0.2688567403409623,""heading_margin_deg"":null,""freshness_margin_s"":0.8647711277008057,""normalized_margin"":-0.2688567403409623,""observable"":true,""raw_pass"":false,""reason"":""position tolerance"",""status"":""withdrawn"",""observed_evaluations"":11,""satisfaction_fraction"":0.0}]",high,10.0,0.36750000435858965
19.807999999999993,5747.012,1789517360.9045959,3683,-0.41552261554139897,0.32936557454197374,-0.8546902526304683,-0.5910526147684065,-0.927291358308062,True,0.077166666,203.44,,,0.711,0.0006232261657714844,1789511613.8919725,134.60559844952513,1.2688567403409623,,-114.2327,-0.0,0.0,0.0031634092692397224,0.0006326818538479446,0.0031634092692397224,0.009038312197827778,low-motion,560.3601932525635,618,1095.4114010377014,0,False,0,146741,136974,0.0,0.0,11.44089,11,0.94,False,"[{""service_id"":""local_1s_tight"",""label"":""Immediate motion"",""family"":""local_relative_motion"",""horizon_s"":1.0,""position_tolerance_m"":0.1,""heading_tolerance_deg"":2.0,""maximum_aoi_s"":0.6,""position_error_m"":null,""heading_error_deg"":null,""aoi_s"":0.0006232261657714844,""position_margin_m"":null,""heading_margin_deg"":null,""freshness_margin_s"":null,""normalized_margin"":null,""observable"":false,""raw_pass"":false,""reason"":""GPS course unobservable at low speed"",""status"":""unobservable"",""observed_evaluations"":0,""satisfaction_fraction"":null},{""service_id"":""local_5s_moderate"",""label"":""Short prediction"",""family"":""local_relative_motion"",""horizon_s"":5.0,""position_tolerance_m"":0.2,""heading_tolerance_deg"":5.0,""maximum_aoi_s"":1.0,""position_error_m"":null,""heading_error_deg"":null,""aoi_s"":0.0006232261657714844,""position_margin_m"":null,""heading_margin_deg"":null,""freshness_margin_s"":null,""normalized_margin"":null,""observable"":false,""raw_pass"":false,""reason"":""GPS course unobservable at low speed"",""status"":""unobservable"",""observed_evaluations"":0,""satisfaction_fraction"":null},{""service_id"":""local_10s_preview"",""label"":""Planning support"",""family"":""local_relative_motion"",""horizon_s"":10.0,""position_tolerance_m"":0.5,""heading_tolerance_deg"":10.0,""maximum_aoi_s"":1.5,""position_error_m"":null,""heading_error_deg"":null,""aoi_s"":0.0006232261657714844,""position_margin_m"":null,""heading_margin_deg"":null,""freshness_margin_s"":null,""normalized_margin"":null,""observable"":false,""raw_pass"":false,""reason"":""GPS course unobservable at low speed"",""status"":""unobservable"",""observed_evaluations"":0,""satisfaction_fraction"":null},{""service_id"":""global_state_tracking"",""label"":""Global asset tracking"",""family"":""global_synchronization"",""horizon_s"":0.0,""position_tolerance_m"":1.0,""heading_tolerance_deg"":5.0,""maximum_aoi_s"":1.0,""position_error_m"":1.2688567403409623,""heading_error_deg"":null,""aoi_s"":0.0006232261657714844,""position_margin_m"":-0.2688567403409623,""heading_margin_deg"":null,""freshness_margin_s"":0.9993767738342285,""normalized_margin"":-0.2688567403409623,""observable"":true,""raw_pass"":false,""reason"":""position tolerance"",""status"":""withdrawn"",""observed_evaluations"":12,""satisfaction_fraction"":0.0}]",high,10.0,0.4059000057168305
20.391999999999825,5747.596,1789517361.6235018,3684,-0.41552261554139897,0.32936557454197374,-0.8543207664278212,-0.5910526147684065,-1.1131949074951064,True,0.308666664,154.88,-1.1323696186939207,-1.1323696186939207,0.033,0.1355292797088623,1789511613.8919725,134.90592575089977,1.4532004421151565,0.0,-114.3326,-0.0,0.0,0.0031634092692397224,0.0006326818538479446,0.0031634092692397224,0.009038312197827778,low-motion,710.7000350952148,625,1063.137450735946,0,False,0,146741,136974,0.0,0.0,11.44089,11,0.94,True,"[{""service_id"":""local_1s_tight"",""label"":""Immediate motion"",""family"":""local_relative_motion"",""horizon_s"":1.0,""position_tolerance_m"":0.1,""heading_tolerance_deg"":2.0,""maximum_aoi_s"":0.6,""position_error_m"":null,""heading_error_deg"":null,""aoi_s"":0.1355292797088623,""position_margin_m"":null,""heading_margin_deg"":null,""freshness_margin_s"":null,""normalized_margin"":null,""observable"":false,""raw_pass"":false,""reason"":""waiting for 1 s history"",""status"":""unobservable"",""observed_evaluations"":0,""satisfaction_fraction"":null},{""service_id"":""local_5s_moderate"",""label"":""Short prediction"",""family"":""local_relative_motion"",""horizon_s"":5.0,""position_tolerance_m"":0.2,""heading_tolerance_deg"":5.0,""maximum_aoi_s"":1.0,""position_error_m"":null,""heading_error_deg"":null,""aoi_s"":0.1355292797088623,""position_margin_m"":null,""heading_margin_deg"":null,""freshness_margin_s"":null,""normalized_margin"":null,""observable"":false,""raw_pass"":false,""reason"":""waiting for 5 s history"",""status"":""unobservable"",""observed_evaluations"":0,""satisfaction_fraction"":null},{""service_id"":""local_10s_preview"",""label"":""Planning support"",""family"":""local_relative_motion"",""horizon_s"":10.0,""position_tolerance_m"":0.5,""heading_tolerance_deg"":10.0,""maximum_aoi_s"":1.5,""position_error_m"":null,""heading_error_deg"":null,""aoi_s"":0.1355292797088623,""position_margin_m"":null,""heading_margin_deg"":null,""freshness_margin_s"":null,""normalized_margin"":null,""observable"":false,""raw_pass"":false,""reason"":""waiting for 10 s history"",""status"":""unobservable"",""observed_evaluations"":0,""satisfaction_fraction"":null},{""service_id"":""global_state_tracking"",""label"":""Global asset tracking"",""family"":""global_synchronization"",""horizon_s"":0.0,""position_tolerance_m"":1.0,""heading_tolerance_deg"":5.0,""maximum_aoi_s"":1.0,""position_error_m"":1.4532004421151565,""heading_error_deg"":0.0,""aoi_s"":0.1355292797088623,""position_margin_m"":-0.45320044211515653,""heading_margin_deg"":5.0,""freshness_margin_s"":0.8644707202911377,""normalized_margin"":-0.45320044211515653,""observable"":true,""raw_pass"":false,""reason"":""position tolerance"",""status"":""withdrawn"",""observed_evaluations"":13,""satisfaction_fraction"":0.0}]",high,10.0,0.6475000409409404
21.158000000000357,5748.362,1789517362.2553024,3685,-0.41552261554139897,0.32936557454197374,-0.8541703626795307,-0.4430679269371675,-0.927291358308062,True,0.144044443,154.88,,,0.08,0.0013298988342285156,1789511613.8919725,134.19934845023818,1.256958786539936,,-114.1891,-0.0,0.0,0.0009817477042468104,0.0001963495408493621,0.0009817477042468104,0.002804993440705173,low-motion,622.8032112121582,611,1074.8587309261995,0,False,0,146741,136974,0.0,0.0,11.44089,11,0.94,False,"[{""service_id"":""local_1s_tight"",""label"":""Immediate motion"",""family"":""local_relative_motion"",""horizon_s"":1.0,""position_tolerance_m"":0.1,""heading_tolerance_deg"":2.0,""maximum_aoi_s"":0.6,""position_error_m"":null,""heading_error_deg"":null,""aoi_s"":0.0013298988342285156,""position_margin_m"":null,""heading_margin_deg"":null,""freshness_margin_s"":null,""normalized_margin"":null,""observable"":false,""raw_pass"":false,""reason"":""GPS course unobservable at low speed"",""status"":""unobservable"",""observed_evaluations"":0,""satisfaction_fraction"":null},{""service_id"":""local_5s_moderate"",""label"":""Short prediction"",""family"":""local_relative_motion"",""horizon_s"":5.0,""position_tolerance_m"":0.2,""heading_tolerance_deg"":5.0,""maximum_aoi_s"":1.0,""position_error_m"":null,""heading_error_deg"":null,""aoi_s"":0.0013298988342285156,""position_margin_m"":null,""heading_margin_deg"":null,""freshness_margin_s"":null,""normalized_margin"":null,""observable"":false,""raw_pass"":false,""reason"":""GPS course unobservable at low speed"",""status"":""unobservable"",""observed_evaluations"":0,""satisfaction_fraction"":null},{""service_id"":""local_10s_preview"",""label"":""Planning support"",""family"":""local_relative_motion"",""horizon_s"":10.0,""position_tolerance_m"":0.5,""heading_tolerance_deg"":10.0,""maximum_aoi_s"":1.5,""position_error_m"":null,""heading_error_deg"":null,""aoi_s"":0.0013298988342285156,""position_margin_m"":null,""heading_margin_deg"":null,""freshness_margin_s"":null,""normalized_margin"":null,""observable"":false,""raw_pass"":false,""reason"":""GPS course unobservable at low speed"",""status"":""unobservable"",""observed_evaluations"":0,""satisfaction_fraction"":null},{""service_id"":""global_state_tracking"",""label"":""Global asset tracking"",""family"":""global_synchronization"",""horizon_s"":0.0,""position_tolerance_m"":1.0,""heading_tolerance_deg"":5.0,""maximum_aoi_s"":1.0,""position_error_m"":1.256958786539936,""heading_error_deg"":null,""aoi_s"":0.0013298988342285156,""position_margin_m"":-0.2569587865399361,""heading_margin_deg"":null,""freshness_margin_s"":0.9986701011657715,""normalized_margin"":-0.2569587865399361,""observable"":true,""raw_pass"":false,""reason"":""position tolerance"",""status"":""withdrawn"",""observed_evaluations"":14,""satisfaction_fraction"":0.0}]",high,10.0,0.3641000366769731
21.72100000000046,5748.925,1789517362.9510863,3686,-0.41552261554139897,0.32936557454197374,-0.8544283005263598,-0.4430679269371675,-0.927291358308062,True,0.144044443,154.88,,,0.643,0.13411378860473633,1789511613.8919725,132.78385353078193,1.256958786539936,,-113.8719,-0.0,0.0,-0.0022907446432425577,-0.00045814892864851157,0.0022907446432425577,0.006544984694978736,low-motion,687.5154972076416,611,1077.3318741420478,0,False,0,146741,136974,0.0,0.0,11.44089,11,0.94,False,"[{""service_id"":""local_1s_tight"",""label"":""Immediate motion"",""family"":""local_relative_motion"",""horizon_s"":1.0,""position_tolerance_m"":0.1,""heading_tolerance_deg"":2.0,""maximum_aoi_s"":0.6,""position_error_m"":null,""heading_error_deg"":null,""aoi_s"":0.13411378860473633,""position_margin_m"":null,""heading_margin_deg"":null,""freshness_margin_s"":null,""normalized_margin"":null,""observable"":false,""raw_pass"":false,""reason"":""GPS course unobservable at low speed"",""status"":""unobservable"",""observed_evaluations"":0,""satisfaction_fraction"":null},{""service_id"":""local_5s_moderate"",""label"":""Short prediction"",""family"":""local_relative_motion"",""horizon_s"":5.0,""position_tolerance_m"":0.2,""heading_tolerance_deg"":5.0,""maximum_aoi_s"":1.0,""position_error_m"":null,""heading_error_deg"":null,""aoi_s"":0.13411378860473633,""position_margin_m"":null,""heading_margin_deg"":null,""freshness_margin_s"":null,""normalized_margin"":null,""observable"":false,""raw_pass"":false,""reason"":""GPS course unobservable at low speed"",""status"":""unobservable"",""observed_evaluations"":0,""satisfaction_fraction"":null},{""service_id"":""local_10s_preview"",""label"":""Planning support"",""family"":""local_relative_motion"",""horizon_s"":10.0,""position_tolerance_m"":0.5,""heading_tolerance_deg"":10.0,""maximum_aoi_s"":1.5,""position_error_m"":null,""heading_error_deg"":null,""aoi_s"":0.13411378860473633,""position_margin_m"":null,""heading_margin_deg"":null,""freshness_margin_s"":null,""normalized_margin"":null,""observable"":false,""raw_pass"":false,""reason"":""GPS course unobservable at low speed"",""status"":""unobservable"",""observed_evaluations"":0,""satisfaction_fraction"":null},{""service_id"":""global_state_tracking"",""label"":""Global asset tracking"",""family"":""global_synchronization"",""horizon_s"":0.0,""position_tolerance_m"":1.0,""heading_tolerance_deg"":5.0,""maximum_aoi_s"":1.0,""position_error_m"":1.256958786539936,""heading_error_deg"":null,""aoi_s"":0.13411378860473633,""position_margin_m"":-0.2569587865399361,""heading_margin_deg"":null,""freshness_margin_s"":0.8658862113952637,""normalized_margin"":-0.2569587865399361,""observable"":true,""raw_pass"":false,""reason"":""position tolerance"",""status"":""withdrawn"",""observed_evaluations"":15,""satisfaction_fraction"":0.0}]",high,10.0,0.4763000179082155
22.46100000000024,5749.665,1789517363.5623667,3687,-0.41552261554139897,0.32936557454197374,-0.8544444448219406,-0.4430679269371675,-0.741387808330045,True,0.066877777,154.88,,,0.054,0.0053942203521728516,1789511613.8919725,128.71955871560203,1.0711076281643046,,-113.9694,-0.0,0.0,-0.0001090830782496456,-2.181661564992912e-05,0.0001090830782496456,0.0003116659378561303,low-motion,601.76682472229,617,1069.6136108620606,0,False,0,146741,136974,0.0,0.0,11.44089,11,0.94,False,"[{""service_id"":""local_1s_tight"",""label"":""Immediate motion"",""family"":""local_relative_motion"",""horizon_s"":1.0,""position_tolerance_m"":0.1,""heading_tolerance_deg"":2.0,""maximum_aoi_s"":0.6,""position_error_m"":null,""heading_error_deg"":null,""aoi_s"":0.0053942203521728516,""position_margin_m"":null,""heading_margin_deg"":null,""freshness_margin_s"":null,""normalized_margin"":null,""observable"":false,""raw_pass"":false,""reason"":""GPS course unobservable at low speed"",""status"":""unobservable"",""observed_evaluations"":0,""satisfaction_fraction"":null},{""service_id"":""local_5s_moderate"",""label"":""Short prediction"",""family"":""local_relative_motion"",""horizon_s"":5.0,""position_tolerance_m"":0.2,""heading_tolerance_deg"":5.0,""maximum_aoi_s"":1.0,""position_error_m"":null,""heading_error_deg"":null,""aoi_s"":0.0053942203521728516,""position_margin_m"":null,""heading_margin_deg"":null,""freshness_margin_s"":null,""normalized_margin"":null,""observable"":false,""raw_pass"":false,""reason"":""GPS course unobservable at low speed"",""status"":""unobservable"",""observed_evaluations"":0,""satisfaction_fraction"":null},{""service_id"":""local_10s_preview"",""label"":""Planning support"",""family"":""local_relative_motion"",""horizon_s"":10.0,""position_tolerance_m"":0.5,""heading_tolerance_deg"":10.0,""maximum_aoi_s"":1.5,""position_error_m"":null,""heading_error_deg"":null,""aoi_s"":0.0053942203521728516,""position_margin_m"":null,""heading_margin_deg"":null,""freshness_margin_s"":null,""normalized_margin"":null,""observable"":false,""raw_pass"":false,""reason"":""GPS course unobservable at low speed"",""status"":""unobservable"",""observed_evaluations"":0,""satisfaction_fraction"":null},{""service_id"":""global_state_tracking"",""label"":""Global asset tracking"",""family"":""global_synchronization"",""horizon_s"":0.0,""position_tolerance_m"":1.0,""heading_tolerance_deg"":5.0,""maximum_aoi_s"":1.0,""position_error_m"":1.0711076281643046,""heading_error_deg"":null,""aoi_s"":0.0053942203521728516,""position_margin_m"":-0.0711076281643046,""heading_margin_deg"":null,""freshness_margin_s"":0.9946057796478271,""normalized_margin"":-0.0711076281643046,""observable"":true,""raw_pass"":false,""reason"":""position tolerance"",""status"":""withdrawn"",""observed_evaluations"":16,""satisfaction_fraction"":0.0}]",high,10.0,0.5925999721512198
23.037000000000262,5750.241,1789517364.268194,3688,-0.41552261554139897,0.32936557454197374,-0.8543313474864114,-0.5910526147684065,-0.741387808330045,True,0.066877777,154.88,,,0.03,0.1352214813232422,1789511613.8919725,129.82723617551528,1.0850454311043871,,-113.4881,-0.0,0.0,0.0009817477042468104,0.0001963495408493621,0.0009817477042468104,0.002804993440705173,low-motion,697.822093963623,624,1068.7986447434023,0,False,0,146741,136974,0.0,0.0,11.44089,11,0.94,False,"[{""service_id"":""local_1s_tight"",""label"":""Immediate motion"",""family"":""local_relative_motion"",""horizon_s"":1.0,""position_tolerance_m"":0.1,""heading_tolerance_deg"":2.0,""maximum_aoi_s"":0.6,""position_error_m"":null,""heading_error_deg"":null,""aoi_s"":0.1352214813232422,""position_margin_m"":null,""heading_margin_deg"":null,""freshness_margin_s"":null,""normalized_margin"":null,""observable"":false,""raw_pass"":false,""reason"":""GPS course unobservable at low speed"",""status"":""unobservable"",""observed_evaluations"":0,""satisfaction_fraction"":null},{""service_id"":""local_5s_moderate"",""label"":""Short prediction"",""family"":""local_relative_motion"",""horizon_s"":5.0,""position_tolerance_m"":0.2,""heading_tolerance_deg"":5.0,""maximum_aoi_s"":1.0,""position_error_m"":null,""heading_error_deg"":null,""aoi_s"":0.1352214813232422,""position_margin_m"":null,""heading_margin_deg"":null,""freshness_margin_s"":null,""normalized_margin"":null,""observable"":false,""raw_pass"":false,""reason"":""GPS course unobservable at low speed"",""status"":""unobservable"",""observed_evaluations"":0,""satisfaction_fraction"":null},{""service_id"":""local_10s_preview"",""label"":""Planning support"",""family"":""local_relative_motion"",""horizon_s"":10.0,""position_tolerance_m"":0.5,""heading_tolerance_deg"":10.0,""maximum_aoi_s"":1.5,""position_error_m"":null,""heading_error_deg"":null,""aoi_s"":0.1352214813232422,""position_margin_m"":null,""heading_margin_deg"":null,""freshness_margin_s"":null,""normalized_margin"":null,""observable"":false,""raw_pass"":false,""reason"":""GPS course unobservable at low speed"",""status"":""unobservable"",""observed_evaluations"":0,""satisfaction_fraction"":null},{""service_id"":""global_state_tracking"",""label"":""Global asset tracking"",""family"":""global_synchronization"",""horizon_s"":0.0,""position_tolerance_m"":1.0,""heading_tolerance_deg"":5.0,""maximum_aoi_s"":1.0,""position_error_m"":1.0850454311043871,""heading_error_deg"":null,""aoi_s"":0.1352214813232422,""position_margin_m"":-0.08504543110438711,""heading_margin_deg"":null,""freshness_margin_s"":0.8647785186767578,""normalized_margin"":-0.08504543110438711,""observable"":true,""raw_pass"":false,""reason"":""position tolerance"",""status"":""withdrawn"",""observed_evaluations"":17,""satisfaction_fraction"":0.0}]",high,10.0,0.3136999439448118
23.735000000000582,5750.939,1789517364.9651616,3689,-0.41552261554139897,0.32936557454197374,-0.8541942955068986,-0.5910526147684065,-0.741387808330045,True,0.066877777,154.88,,,0.727,0.13418912887573242,1789511613.8919725,1.0323982241970953,1.0850454311043871,,-113.4573,-0.0,0.0,0.0009817477042468104,0.0001963495408493621,0.0009817477042468104,0.002804993440705173,low-motion,691.8792724609375,622,1068.9672804529148,0,False,0,146741,136974,0.0,0.0,11.44089,11,0.94,False,"[{""service_id"":""local_1s_tight"",""label"":""Immediate motion"",""family"":""local_relative_motion"",""horizon_s"":1.0,""position_tolerance_m"":0.1,""heading_tolerance_deg"":2.0,""maximum_aoi_s"":0.6,""position_error_m"":null,""heading_error_deg"":null,""aoi_s"":0.13418912887573242,""position_margin_m"":null,""heading_margin_deg"":null,""freshness_margin_s"":null,""normalized_margin"":null,""observable"":false,""raw_pass"":false,""reason"":""GPS course unobservable at low speed"",""status"":""unobservable"",""observed_evaluations"":0,""satisfaction_fraction"":null},{""service_id"":""local_5s_moderate"",""label"":""Short prediction"",""family"":""local_relative_motion"",""horizon_s"":5.0,""position_tolerance_m"":0.2,""heading_tolerance_deg"":5.0,""maximum_aoi_s"":1.0,""position_error_m"":null,""heading_error_deg"":null,""aoi_s"":0.13418912887573242,""position_margin_m"":null,""heading_margin_deg"":null,""freshness_margin_s"":null,""normalized_margin"":null,""observable"":false,""raw_pass"":false,""reason"":""GPS course unobservable at low speed"",""status"":""unobservable"",""observed_evaluations"":0,""satisfaction_fraction"":null},{""service_id"":""local_10s_preview"",""label"":""Planning support"",""family"":""local_relative_motion"",""horizon_s"":10.0,""position_tolerance_m"":0.5,""heading_tolerance_deg"":10.0,""maximum_aoi_s"":1.5,""position_error_m"":null,""heading_error_deg"":null,""aoi_s"":0.13418912887573242,""position_margin_m"":null,""heading_margin_deg"":null,""freshness_margin_s"":null,""normalized_margin"":null,""observable"":false,""raw_pass"":false,""reason"":""GPS course unobservable at low speed"",""status"":""unobservable"",""observed_evaluations"":0,""satisfaction_fraction"":null},{""service_id"":""global_state_tracking"",""label"":""Global asset tracking"",""family"":""global_synchronization"",""horizon_s"":0.0,""position_tolerance_m"":1.0,""heading_tolerance_deg"":5.0,""maximum_aoi_s"":1.0,""position_error_m"":1.0850454311043871,""heading_error_deg"":null,""aoi_s"":0.13418912887573242,""position_margin_m"":-0.08504543110438711,""heading_margin_deg"":null,""freshness_margin_s"":0.8658108711242676,""normalized_margin"":-0.08504543110438711,""observable"":true,""raw_pass"":false,""reason"":""position tolerance"",""status"":""withdrawn"",""observed_evaluations"":18,""satisfaction_fraction"":0.0}]",high,10.0,0.3659999929368496
24.4320000000007,5751.636,1789517365.53214,3690,-0.41552261554139897,0.32936557454197374,-0.8532971308215265,-0.5910526147684065,-0.5565974541430395,True,0.056588888,154.88,,,0.011,0.0041675567626953125,1789511613.8919725,130.02154541027267,0.9031839617848376,,-113.561,-0.0,0.0,0.0064359016167290905,0.0012871803233458182,0.0064359016167290905,0.01838829033351169,low-motion,560.4426860809326,623,1069.8979466933604,0,False,0,146741,136974,0.0,0.0,11.44089,11,0.94,False,"[{""service_id"":""local_1s_tight"",""label"":""Immediate motion"",""family"":""local_relative_motion"",""horizon_s"":1.0,""position_tolerance_m"":0.1,""heading_tolerance_deg"":2.0,""maximum_aoi_s"":0.6,""position_error_m"":null,""heading_error_deg"":null,""aoi_s"":0.0041675567626953125,""position_margin_m"":null,""heading_margin_deg"":null,""freshness_margin_s"":null,""normalized_margin"":null,""observable"":false,""raw_pass"":false,""reason"":""GPS course unobservable at low speed"",""status"":""unobservable"",""observed_evaluations"":0,""satisfaction_fraction"":null},{""service_id"":""local_5s_moderate"",""label"":""Short prediction"",""family"":""local_relative_motion"",""horizon_s"":5.0,""position_tolerance_m"":0.2,""heading_tolerance_deg"":5.0,""maximum_aoi_s"":1.0,""position_error_m"":null,""heading_error_deg"":null,""aoi_s"":0.0041675567626953125,""position_margin_m"":null,""heading_margin_deg"":null,""freshness_margin_s"":null,""normalized_margin"":null,""observable"":false,""raw_pass"":false,""reason"":""GPS course unobservable at low speed"",""status"":""unobservable"",""observed_evaluations"":0,""satisfaction_fraction"":null},{""service_id"":""local_10s_preview"",""label"":""Planning support"",""family"":""local_relative_motion"",""horizon_s"":10.0,""position_tolerance_m"":0.5,""heading_tolerance_deg"":10.0,""maximum_aoi_s"":1.5,""position_error_m"":null,""heading_error_deg"":null,""aoi_s"":0.0041675567626953125,""position_margin_m"":null,""heading_margin_deg"":null,""freshness_margin_s"":null,""normalized_margin"":null,""observable"":false,""raw_pass"":false,""reason"":""GPS course unobservable at low speed"",""status"":""unobservable"",""observed_evaluations"":0,""satisfaction_fraction"":null},{""service_id"":""global_state_tracking"",""label"":""Global asset tracking"",""family"":""global_synchronization"",""horizon_s"":0.0,""position_tolerance_m"":1.0,""heading_tolerance_deg"":5.0,""maximum_aoi_s"":1.0,""position_error_m"":0.9031839617848376,""heading_error_deg"":null,""aoi_s"":0.0041675567626953125,""position_margin_m"":0.09681603821516238,""heading_margin_deg"":null,""freshness_margin_s"":0.9958324432373047,""normalized_margin"":null,""observable"":false,""raw_pass"":false,""reason"":""GPS course unobservable at low speed"",""status"":""unobservable"",""observed_evaluations"":18,""satisfaction_fraction"":0.0}]",high,10.0,0.5240000318735838
25.0,5752.204,1789517366.231982,3691,-0.41552261554139897,0.32936557454197374,-0.8530616859054327,-0.7381511660430959,-0.5565974541430395,True,0.056588888,154.88,,,0.022,0.13600945472717285,1789511613.8919725,131.84197616646998,0.9428783960806122,,-113.6057,-0.0,0.0,0.002072578486743266,0.0004145156973486533,0.002072578486743266,0.005921652819266475,low-motion,691.688060760498,625,1075.8427439450036,0,False,0,146741,136974,0.0,0.0,11.44089,11,0.94,False,"[{""service_id"":""local_1s_tight"",""label"":""Immediate motion"",""family"":""local_relative_motion"",""horizon_s"":1.0,""position_tolerance_m"":0.1,""heading_tolerance_deg"":2.0,""maximum_aoi_s"":0.6,""position_error_m"":null,""heading_error_deg"":null,""aoi_s"":0.13600945472717285,""position_margin_m"":null,""heading_margin_deg"":null,""freshness_margin_s"":null,""normalized_margin"":null,""observable"":false,""raw_pass"":false,""reason"":""GPS course unobservable at low speed"",""status"":""unobservable"",""observed_evaluations"":0,""satisfaction_fraction"":null},{""service_id"":""local_5s_moderate"",""label"":""Short prediction"",""family"":""local_relative_motion"",""horizon_s"":5.0,""position_tolerance_m"":0.2,""heading_tolerance_deg"":5.0,""maximum_aoi_s"":1.0,""position_error_m"":null,""heading_error_deg"":null,""aoi_s"":0.13600945472717285,""position_margin_m"":null,""heading_margin_deg"":null,""freshness_margin_s"":null,""normalized_margin"":null,""observable"":false,""raw_pass"":false,""reason"":""GPS course unobservable at low speed"",""status"":""unobservable"",""observed_evaluations"":0,""satisfaction_fraction"":null},{""service_id"":""local_10s_preview"",""label"":""Planning support"",""family"":""local_relative_motion"",""horizon_s"":10.0,""position_tolerance_m"":0.5,""heading_tolerance_deg"":10.0,""maximum_aoi_s"":1.5,""position_error_m"":null,""heading_error_deg"":null,""aoi_s"":0.13600945472717285,""position_margin_m"":null,""heading_margin_deg"":null,""freshness_margin_s"":null,""normalized_margin"":null,""observable"":false,""raw_pass"":false,""reason"":""GPS course unobservable at low speed"",""status"":""unobservable"",""observed_evaluations"":0,""satisfaction_fraction"":null},{""service_id"":""global_state_tracking"",""label"":""Global asset tracking"",""family"":""global_synchronization"",""horizon_s"":0.0,""position_tolerance_m"":1.0,""heading_tolerance_deg"":5.0,""maximum_aoi_s"":1.0,""position_error_m"":0.9428783960806122,""heading_error_deg"":null,""aoi_s"":0.13600945472717285,""position_margin_m"":0.05712160391938781,""heading_margin_deg"":null,""freshness_margin_s"":0.8639905452728271,""normalized_margin"":null,""observable"":false,""raw_pass"":false,""reason"":""GPS course unobservable at low speed"",""status"":""unobservable"",""observed_evaluations"":18,""satisfaction_fraction"":0.0}]",high,10.0,0.31319999834522605
25.70600000000013,5752.91,1789517366.9379296,3692,-0.41552261554139897,0.32936557454197374,-0.8529230631295932,-0.7381511660430959,-0.5565974541430395,True,0.169766665,154.88,,,0.024,0.1359570026397705,1789511613.8919725,0.0523624421475688,0.9428783960806122,,-113.1816,-0.0,0.0,0.0009817477042468104,0.0001963495408493621,0.0009817477042468104,0.002804993440705173,low-motion,699.9084949493408,624,1058.593773780748,0,False,0,146741,136974,0.0,0.0,11.44089,11,0.94,False,"[{""service_id"":""local_1s_tight"",""label"":""Immediate motion"",""family"":""local_relative_motion"",""horizon_s"":1.0,""position_tolerance_m"":0.1,""heading_tolerance_deg"":2.0,""maximum_aoi_s"":0.6,""position_error_m"":null,""heading_error_deg"":null,""aoi_s"":0.1359570026397705,""position_margin_m"":null,""heading_margin_deg"":null,""freshness_margin_s"":null,""normalized_margin"":null,""observable"":false,""raw_pass"":false,""reason"":""GPS course unobservable at low speed"",""status"":""unobservable"",""observed_evaluations"":0,""satisfaction_fraction"":null},{""service_id"":""local_5s_moderate"",""label"":""Short prediction"",""family"":""local_relative_motion"",""horizon_s"":5.0,""position_tolerance_m"":0.2,""heading_tolerance_deg"":5.0,""maximum_aoi_s"":1.0,""position_error_m"":null,""heading_error_deg"":null,""aoi_s"":0.1359570026397705,""position_margin_m"":null,""heading_margin_deg"":null,""freshness_margin_s"":null,""normalized_margin"":null,""observable"":false,""raw_pass"":false,""reason"":""GPS course unobservable at low speed"",""status"":""unobservable"",""observed_evaluations"":0,""satisfaction_fraction"":null},{""service_id"":""local_10s_preview"",""label"":""Planning support"",""family"":""local_relative_motion"",""horizon_s"":10.0,""position_tolerance_m"":0.5,""heading_tolerance_deg"":10.0,""maximum_aoi_s"":1.5,""position_error_m"":null,""heading_error_deg"":null,""aoi_s"":0.1359570026397705,""position_margin_m"":null,""heading_margin_deg"":null,""freshness_margin_s"":null,""normalized_margin"":null,""observable"":false,""raw_pass"":false,""reason"":""GPS course unobservable at low speed"",""status"":""unobservable"",""observed_evaluations"":0,""satisfaction_fraction"":null},{""service_id"":""global_state_tracking"",""label"":""Global asset tracking"",""family"":""global_synchronization"",""horizon_s"":0.0,""position_tolerance_m"":1.0,""heading_tolerance_deg"":5.0,""maximum_aoi_s"":1.0,""position_error_m"":0.9428783960806122,""heading_error_deg"":null,""aoi_s"":0.1359570026397705,""position_margin_m"":0.05712160391938781,""heading_margin_deg"":null,""freshness_margin_s"":0.8640429973602295,""normalized_margin"":null,""observable"":false,""raw_pass"":false,""reason"":""GPS course unobservable at low speed"",""status"":""unobservable"",""observed_evaluations"":18,""satisfaction_fraction"":0.0}]",high,10.0,0.45490002958104014
26.41700000000037,5753.621,1789517367.5151484,3693,-0.41552261554139897,0.32936557454197374,-0.8530936908805913,-0.886135853874335,-0.741387808330045,True,0.133755554,154.88,,,0.025,0.0021758079528808594,1789511613.8919725,133.78122901940515,1.1696108870158848,,-113.0411,-0.0,0.0,-0.0011999138607461017,-0.00023998277214922034,0.0011999138607461017,0.0034283253164174338,low-motion,568.0859088897705,622,1088.5040279863244,0,False,0,146741,136974,0.0,0.0,11.44089,11,0.94,False,"[{""service_id"":""local_1s_tight"",""label"":""Immediate motion"",""family"":""local_relative_motion"",""horizon_s"":1.0,""position_tolerance_m"":0.1,""heading_tolerance_deg"":2.0,""maximum_aoi_s"":0.6,""position_error_m"":null,""heading_error_deg"":null,""aoi_s"":0.0021758079528808594,""position_margin_m"":null,""heading_margin_deg"":null,""freshness_margin_s"":null,""normalized_margin"":null,""observable"":false,""raw_pass"":false,""reason"":""GPS course unobservable at low speed"",""status"":""unobservable"",""observed_evaluations"":0,""satisfaction_fraction"":null},{""service_id"":""local_5s_moderate"",""label"":""Short prediction"",""family"":""local_relative_motion"",""horizon_s"":5.0,""position_tolerance_m"":0.2,""heading_tolerance_deg"":5.0,""maximum_aoi_s"":1.0,""position_error_m"":null,""heading_error_deg"":null,""aoi_s"":0.0021758079528808594,""position_margin_m"":null,""heading_margin_deg"":null,""freshness_margin_s"":null,""normalized_margin"":null,""observable"":false,""raw_pass"":false,""reason"":""GPS course unobservable at low speed"",""status"":""unobservable"",""observed_evaluations"":0,""satisfaction_fraction"":null},{""service_id"":""local_10s_preview"",""label"":""Planning support"",""family"":""local_relative_motion"",""horizon_s"":10.0,""position_tolerance_m"":0.5,""heading_tolerance_deg"":10.0,""maximum_aoi_s"":1.5,""position_error_m"":null,""heading_error_deg"":null,""aoi_s"":0.0021758079528808594,""position_margin_m"":null,""heading_margin_deg"":null,""freshness_margin_s"":null,""normalized_margin"":null,""observable"":false,""raw_pass"":false,""reason"":""GPS course unobservable at low speed"",""status"":""unobservable"",""observed_evaluations"":0,""satisfaction_fraction"":null},{""service_id"":""global_state_tracking"",""label"":""Global asset tracking"",""family"":""global_synchronization"",""horizon_s"":0.0,""position_tolerance_m"":1.0,""heading_tolerance_deg"":5.0,""maximum_aoi_s"":1.0,""position_error_m"":1.1696108870158848,""heading_error_deg"":null,""aoi_s"":0.0021758079528808594,""position_margin_m"":-0.16961088701588478,""heading_margin_deg"":null,""freshness_margin_s"":0.9978241920471191,""normalized_margin"":-0.16961088701588478,""observable"":true,""raw_pass"":false,""reason"":""position tolerance"",""status"":""withdrawn"",""observed_evaluations"":19,""satisfaction_fraction"":0.0}]",high,10.0,0.3147000097669661
26.98400000000038,5754.188,1789517368.219018,3694,-0.4150403955578253,0.3288128588612701,-0.8537245619553402,-0.7381511660430959,-0.5565974541430395,True,0.133755554,154.88,,,0.02,0.13904547691345215,1789511613.8919725,136.8695812225269,0.942524266201128,,-114.5332,0.0012936609960218573,0.0,-0.005563236990731925,-0.001112647398146385,0.005563236990731925,0.015894962830662645,low-motion,697.8311538696289,644,1073.9477195989577,0,False,0,146736,136969,0.03760628,0.037620384,11.44089,11,0.94,False,"[{""service_id"":""local_1s_tight"",""label"":""Immediate motion"",""family"":""local_relative_motion"",""horizon_s"":1.0,""position_tolerance_m"":0.1,""heading_tolerance_deg"":2.0,""maximum_aoi_s"":0.6,""position_error_m"":null,""heading_error_deg"":null,""aoi_s"":0.13904547691345215,""position_margin_m"":null,""heading_margin_deg"":null,""freshness_margin_s"":null,""normalized_margin"":null,""observable"":false,""raw_pass"":false,""reason"":""GPS course unobservable at low speed"",""status"":""unobservable"",""observed_evaluations"":0,""satisfaction_fraction"":null},{""service_id"":""local_5s_moderate"",""label"":""Short prediction"",""family"":""local_relative_motion"",""horizon_s"":5.0,""position_tolerance_m"":0.2,""heading_tolerance_deg"":5.0,""maximum_aoi_s"":1.0,""position_error_m"":null,""heading_error_deg"":null,""aoi_s"":0.13904547691345215,""position_margin_m"":null,""heading_margin_deg"":null,""freshness_margin_s"":null,""normalized_margin"":null,""observable"":false,""raw_pass"":false,""reason"":""GPS course unobservable at low speed"",""status"":""unobservable"",""observed_evaluations"":0,""satisfaction_fraction"":null},{""service_id"":""local_10s_preview"",""label"":""Planning support"",""family"":""local_relative_motion"",""horizon_s"":10.0,""position_tolerance_m"":0.5,""heading_tolerance_deg"":10.0,""maximum_aoi_s"":1.5,""position_error_m"":null,""heading_error_deg"":null,""aoi_s"":0.13904547691345215,""position_margin_m"":null,""heading_margin_deg"":null,""freshness_margin_s"":null,""normalized_margin"":null,""observable"":false,""raw_pass"":false,""reason"":""GPS course unobservable at low speed"",""status"":""unobservable"",""observed_evaluations"":0,""satisfaction_fraction"":null},{""service_id"":""global_state_tracking"",""label"":""Global asset tracking"",""family"":""global_synchronization"",""horizon_s"":0.0,""position_tolerance_m"":1.0,""heading_tolerance_deg"":5.0,""maximum_aoi_s"":1.0,""position_error_m"":0.942524266201128,""heading_error_deg"":null,""aoi_s"":0.13904547691345215,""position_margin_m"":0.05747573379887205,""heading_margin_deg"":null,""freshness_margin_s"":0.8609545230865479,""normalized_margin"":null,""observable"":false,""raw_pass"":false,""reason"":""GPS course unobservable at low speed"",""status"":""unobservable"",""observed_evaluations"":19,""satisfaction_fraction"":0.0}]",high,10.0,0.33840001560747623
27.69300000000021,5754.897,1789517368.92549,3695,-0.37100291112058514,0.2771967232880905,-0.8752017442056186,-0.7381511660430959,-0.5565974541430395,True,0.108033332,154.88,,,0.027,0.13651728630065918,1789511613.8919725,2.5280799864049186,0.9110491597113185,,-114.7909,0.09569715809432053,-0.029384062616519258,-0.03392483733563978,-0.030292217560343365,0.004540774719120521,0.012973642054630061,low-motion,697.1840858459473,640,1078.73754690192,0,False,0,146260,136520,0.112847044,0.131654884,11.44089,11,0.94,False,"[{""service_id"":""local_1s_tight"",""label"":""Immediate motion"",""family"":""local_relative_motion"",""horizon_s"":1.0,""position_tolerance_m"":0.1,""heading_tolerance_deg"":2.0,""maximum_aoi_s"":0.6,""position_error_m"":null,""heading_error_deg"":null,""aoi_s"":0.13651728630065918,""position_margin_m"":null,""heading_margin_deg"":null,""freshness_margin_s"":null,""normalized_margin"":null,""observable"":false,""raw_pass"":false,""reason"":""GPS course unobservable at low speed"",""status"":""unobservable"",""observed_evaluations"":0,""satisfaction_fraction"":null},{""service_id"":""local_5s_moderate"",""label"":""Short prediction"",""family"":""local_relative_motion"",""horizon_s"":5.0,""position_tolerance_m"":0.2,""heading_tolerance_deg"":5.0,""maximum_aoi_s"":1.0,""position_error_m"":null,""heading_error_deg"":null,""aoi_s"":0.13651728630065918,""position_margin_m"":null,""heading_margin_deg"":null,""freshness_margin_s"":null,""normalized_margin"":null,""observable"":false,""raw_pass"":false,""reason"":""GPS course unobservable at low speed"",""status"":""unobservable"",""observed_evaluations"":0,""satisfaction_fraction"":null},{""service_id"":""local_10s_preview"",""label"":""Planning support"",""family"":""local_relative_motion"",""horizon_s"":10.0,""position_tolerance_m"":0.5,""heading_tolerance_deg"":10.0,""maximum_aoi_s"":1.5,""position_error_m"":null,""heading_error_deg"":null,""aoi_s"":0.13651728630065918,""position_margin_m"":null,""heading_margin_deg"":null,""freshness_margin_s"":null,""normalized_margin"":null,""observable"":false,""raw_pass"":false,""reason"":""GPS course unobservable at low speed"",""status"":""unobservable"",""observed_evaluations"":0,""satisfaction_fraction"":null},{""service_id"":""global_state_tracking"",""label"":""Global asset tracking"",""family"":""global_synchronization"",""horizon_s"":0.0,""position_tolerance_m"":1.0,""heading_tolerance_deg"":5.0,""maximum_aoi_s"":1.0,""position_error_m"":0.9110491597113185,""heading_error_deg"":null,""aoi_s"":0.13651728630065918,""position_margin_m"":0.0889508402886815,""heading_margin_deg"":null,""freshness_margin_s"":0.8634827136993408,""normalized_margin"":null,""observable"":false,""raw_pass"":false,""reason"":""GPS course unobservable at low speed"",""status"":""unobservable"",""observed_evaluations"":19,""satisfaction_fraction"":0.0}]",high,10.0,0.3030999796465039
28.41899999999987,5755.623,1789517369.6526444,3696,-0.30613290930933323,0.19939572564122338,-0.8763707912989012,-1.0341205417055739,-0.5565974541430395,True,0.108033332,154.88,,,0.045,0.13767194747924805,1789511613.8919725,1.1544933322511497,1.0495197381670365,,-116.1854,0.139527753268939,-0.007439705273228244,0.021707532571679473,-0.0016102577042467012,0.029147237844907716,0.08327782241402205,translation,717.9524898529053,646,1076.4839422019368,0,False,0,145566,135833,0.144755233,0.144795034,11.44089,11,0.94,False,"[{""service_id"":""local_1s_tight"",""label"":""Immediate motion"",""family"":""local_relative_motion"",""horizon_s"":1.0,""position_tolerance_m"":0.1,""heading_tolerance_deg"":2.0,""maximum_aoi_s"":0.6,""position_error_m"":null,""heading_error_deg"":null,""aoi_s"":0.13767194747924805,""position_margin_m"":null,""heading_margin_deg"":null,""freshness_margin_s"":null,""normalized_margin"":null,""observable"":false,""raw_pass"":false,""reason"":""GPS course unobservable at low speed"",""status"":""unobservable"",""observed_evaluations"":0,""satisfaction_fraction"":null},{""service_id"":""local_5s_moderate"",""label"":""Short prediction"",""family"":""local_relative_motion"",""horizon_s"":5.0,""position_tolerance_m"":0.2,""heading_tolerance_deg"":5.0,""maximum_aoi_s"":1.0,""position_error_m"":null,""heading_error_deg"":null,""aoi_s"":0.13767194747924805,""position_margin_m"":null,""heading_margin_deg"":null,""freshness_margin_s"":null,""normalized_margin"":null,""observable"":false,""raw_pass"":false,""reason"":""GPS course unobservable at low speed"",""status"":""unobservable"",""observed_evaluations"":0,""satisfaction_fraction"":null},{""service_id"":""local_10s_preview"",""label"":""Planning support"",""family"":""local_relative_motion"",""horizon_s"":10.0,""position_tolerance_m"":0.5,""heading_tolerance_deg"":10.0,""maximum_aoi_s"":1.5,""position_error_m"":null,""heading_error_deg"":null,""aoi_s"":0.13767194747924805,""position_margin_m"":null,""heading_margin_deg"":null,""freshness_margin_s"":null,""normalized_margin"":null,""observable"":false,""raw_pass"":false,""reason"":""GPS course unobservable at low speed"",""status"":""unobservable"",""observed_evaluations"":0,""satisfaction_fraction"":null},{""service_id"":""global_state_tracking"",""label"":""Global asset tracking"",""family"":""global_synchronization"",""horizon_s"":0.0,""position_tolerance_m"":1.0,""heading_tolerance_deg"":5.0,""maximum_aoi_s"":1.0,""position_error_m"":1.0495197381670365,""heading_error_deg"":null,""aoi_s"":0.13767194747924805,""position_margin_m"":-0.049519738167036476,""heading_margin_deg"":null,""freshness_margin_s"":0.862328052520752,""normalized_margin"":-0.049519738167036476,""observable"":true,""raw_pass"":false,""reason"":""position tolerance"",""status"":""withdrawn"",""observed_evaluations"":20,""satisfaction_fraction"":0.0}]",high,10.0,0.42639998719096184
29.124000000000706,5756.328,1789517370.3546941,3697,-0.23675863318257362,0.11418633029865484,-0.8985878149676378,-0.7381511660430959,-0.5565974541430395,True,0.246933331,154.88,,,0.018,0.1347215175628662,1789511613.8919725,2.950267792584782,0.8374636454666026,,-118.2296,0.15585697383628525,-0.028456307342902457,-0.04374231437810788,-0.03151350874994355,0.015286007035205426,0.04367430581487265,translation,691.3013458251953,643,1050.6880550987187,0,False,0,144804,135097,0.169228259,0.16924941,11.44089,11,0.94,False,"[{""service_id"":""local_1s_tight"",""label"":""Immediate motion"",""family"":""local_relative_motion"",""horizon_s"":1.0,""position_tolerance_m"":0.1,""heading_tolerance_deg"":2.0,""maximum_aoi_s"":0.6,""position_error_m"":null,""heading_error_deg"":null,""aoi_s"":0.1347215175628662,""position_margin_m"":null,""heading_margin_deg"":null,""freshness_margin_s"":null,""normalized_margin"":null,""observable"":false,""raw_pass"":false,""reason"":""GPS course unobservable at low speed"",""status"":""unobservable"",""observed_evaluations"":0,""satisfaction_fraction"":null},{""service_id"":""local_5s_moderate"",""label"":""Short prediction"",""family"":""local_relative_motion"",""horizon_s"":5.0,""position_tolerance_m"":0.2,""heading_tolerance_deg"":5.0,""maximum_aoi_s"":1.0,""position_error_m"":null,""heading_error_deg"":null,""aoi_s"":0.1347215175628662,""position_margin_m"":null,""heading_margin_deg"":null,""freshness_margin_s"":null,""normalized_margin"":null,""observable"":false,""raw_pass"":false,""reason"":""GPS course unobservable at low speed"",""status"":""unobservable"",""observed_evaluations"":0,""satisfaction_fraction"":null},{""service_id"":""local_10s_preview"",""label"":""Planning support"",""family"":""local_relative_motion"",""horizon_s"":10.0,""position_tolerance_m"":0.5,""heading_tolerance_deg"":10.0,""maximum_aoi_s"":1.5,""position_error_m"":null,""heading_error_deg"":null,""aoi_s"":0.1347215175628662,""position_margin_m"":null,""heading_margin_deg"":null,""freshness_margin_s"":null,""normalized_margin"":null,""observable"":false,""raw_pass"":false,""reason"":""GPS course unobservable at low speed"",""status"":""unobservable"",""observed_evaluations"":0,""satisfaction_fraction"":null},{""service_id"":""global_state_tracking"",""label"":""Global asset tracking"",""family"":""global_synchronization"",""horizon_s"":0.0,""position_tolerance_m"":1.0,""heading_tolerance_deg"":5.0,""maximum_aoi_s"":1.0,""position_error_m"":0.8374636454666026,""heading_error_deg"":null,""aoi_s"":0.1347215175628662,""position_margin_m"":0.16253635453339743,""heading_margin_deg"":null,""freshness_margin_s"":0.8652784824371338,""normalized_margin"":null,""observable"":false,""raw_pass"":false,""reason"":""GPS course unobservable at low speed"",""status"":""unobservable"",""observed_evaluations"":20,""satisfaction_fraction"":0.0}]",high,10.0,0.3136000013910234
29.82300000000032,5757.027,1789517370.9238527,3698,-0.16486839044035573,0.023845999538972568,-0.8986905495951554,-0.7381511660430959,-0.5565974541430395,True,0.246933331,154.88,,,0.718,0.004880189895629883,1789511613.8919725,129.84144592246594,0.8158233532604249,,-118.315,0.16516997212994658,-0.013246415765454683,0.05225079448158024,-0.00014697371604769846,0.06549721024703492,0.1871348864200998,translation,563.0736351013184,637,1082.9369214048668,0,False,0,144011,134316,0.1712415,0.16834434,11.42493,11,0.94,False,"[{""service_id"":""local_1s_tight"",""label"":""Immediate motion"",""family"":""local_relative_motion"",""horizon_s"":1.0,""position_tolerance_m"":0.1,""heading_tolerance_deg"":2.0,""maximum_aoi_s"":0.6,""position_error_m"":null,""heading_error_deg"":null,""aoi_s"":0.004880189895629883,""position_margin_m"":null,""heading_margin_deg"":null,""freshness_margin_s"":null,""normalized_margin"":null,""observable"":false,""raw_pass"":false,""reason"":""GPS course unobservable at low speed"",""status"":""unobservable"",""observed_evaluations"":0,""satisfaction_fraction"":null},{""service_id"":""local_5s_moderate"",""label"":""Short prediction"",""family"":""local_relative_motion"",""horizon_s"":5.0,""position_tolerance_m"":0.2,""heading_tolerance_deg"":5.0,""maximum_aoi_s"":1.0,""position_error_m"":null,""heading_error_deg"":null,""aoi_s"":0.004880189895629883,""position_margin_m"":null,""heading_margin_deg"":null,""freshness_margin_s"":null,""normalized_margin"":null,""observable"":false,""raw_pass"":false,""reason"":""GPS course unobservable at low speed"",""status"":""unobservable"",""observed_evaluations"":0,""satisfaction_fraction"":null},{""service_id"":""local_10s_preview"",""label"":""Planning support"",""family"":""local_relative_motion"",""horizon_s"":10.0,""position_tolerance_m"":0.5,""heading_tolerance_deg"":10.0,""maximum_aoi_s"":1.5,""position_error_m"":null,""heading_error_deg"":null,""aoi_s"":0.004880189895629883,""position_margin_m"":null,""heading_margin_deg"":null,""freshness_margin_s"":null,""normalized_margin"":null,""observable"":false,""raw_pass"":false,""reason"":""GPS course unobservable at low speed"",""status"":""unobservable"",""observed_evaluations"":0,""satisfaction_fraction"":null},{""service_id"":""global_state_tracking"",""label"":""Global asset tracking"",""family"":""global_synchronization"",""horizon_s"":0.0,""position_tolerance_m"":1.0,""heading_tolerance_deg"":5.0,""maximum_aoi_s"":1.0,""position_error_m"":0.8158233532604249,""heading_error_deg"":null,""aoi_s"":0.004880189895629883,""position_margin_m"":0.18417664673957512,""heading_margin_deg"":null,""freshness_margin_s"":0.9951198101043701,""normalized_margin"":null,""observable"":false,""raw_pass"":false,""reason"":""GPS course unobservable at low speed"",""status"":""unobservable"",""observed_evaluations"":20,""satisfaction_fraction"":0.0}]",high,10.0,0.32540003303438425
30.407000000000153,5757.611,1789517371.6504233,3699,-0.13314852552508732,-0.014931627657630411,-0.8716681580894057,-0.886135853874335,-0.5565974541430395,True,0.154333332,154.88,,,0.033,0.14745068550109863,1789511613.8919725,142.5706062318568,0.9275730614009114,,-116.6476,0.08578500872954975,0.04095841655558791,0.06752242543653063,0.046271218331776456,0.026564008880942715,0.0758971682312649,low-motion,719.1386222839355,639,1081.1685637559458,0,False,0,143685,133959,0.063981315,0.063972247,11.42493,11,0.94,False,"[{""service_id"":""local_1s_tight"",""label"":""Immediate motion"",""family"":""local_relative_motion"",""horizon_s"":1.0,""position_tolerance_m"":0.1,""heading_tolerance_deg"":2.0,""maximum_aoi_s"":0.6,""position_error_m"":null,""heading_error_deg"":null,""aoi_s"":0.14745068550109863,""position_margin_m"":null,""heading_margin_deg"":null,""freshness_margin_s"":null,""normalized_margin"":null,""observable"":false,""raw_pass"":false,""reason"":""GPS course unobservable at low speed"",""status"":""unobservable"",""observed_evaluations"":0,""satisfaction_fraction"":null},{""service_id"":""local_5s_moderate"",""label"":""Short prediction"",""family"":""local_relative_motion"",""horizon_s"":5.0,""position_tolerance_m"":0.2,""heading_tolerance_deg"":5.0,""maximum_aoi_s"":1.0,""position_error_m"":null,""heading_error_deg"":null,""aoi_s"":0.14745068550109863,""position_margin_m"":null,""heading_margin_deg"":null,""freshness_margin_s"":null,""normalized_margin"":null,""observable"":false,""raw_pass"":false,""reason"":""GPS course unobservable at low speed"",""status"":""unobservable"",""observed_evaluations"":0,""satisfaction_fraction"":null},{""service_id"":""local_10s_preview"",""label"":""Planning support"",""family"":""local_relative_motion"",""horizon_s"":10.0,""position_tolerance_m"":0.5,""heading_tolerance_deg"":10.0,""maximum_aoi_s"":1.5,""position_error_m"":null,""heading_error_deg"":null,""aoi_s"":0.14745068550109863,""position_margin_m"":null,""heading_margin_deg"":null,""freshness_margin_s"":null,""normalized_margin"":null,""observable"":false,""raw_pass"":false,""reason"":""GPS course unobservable at low speed"",""status"":""unobservable"",""observed_evaluations"":0,""satisfaction_fraction"":null},{""service_id"":""global_state_tracking"",""label"":""Global asset tracking"",""family"":""global_synchronization"",""horizon_s"":0.0,""position_tolerance_m"":1.0,""heading_tolerance_deg"":5.0,""maximum_aoi_s"":1.0,""position_error_m"":0.9275730614009114,""heading_error_deg"":null,""aoi_s"":0.14745068550109863,""position_margin_m"":0.07242693859908855,""heading_margin_deg"":null,""freshness_margin_s"":0.8525493144989014,""normalized_margin"":null,""observable"":false,""raw_pass"":false,""reason"":""GPS course unobservable at low speed"",""status"":""unobservable"",""observed_evaluations"":20,""satisfaction_fraction"":0.0}]",high,10.0,0.1998000079765916
31.134000000000015,5758.338,1789517372.3696687,3700,-0.11651290075274294,-0.03467745232719792,-0.8696907072576288,-0.5910526147684065,-0.3706939041650225,True,0.138899999,154.88,,,0.042,0.1396961212158203,1789511613.8919725,7.75456619248871,0.5814593675260111,,-114.6878,0.03551499810592556,0.004245412480536179,-0.0033815754257390134,0.0027200148992811406,0.007626987906275192,0.021791394017929122,low-motion,712.9697799682617,631,1050.9792240528052,0,False,0,143511,133781,0.0,0.019392025,11.42493,11,0.94,False,"[{""service_id"":""local_1s_tight"",""label"":""Immediate motion"",""family"":""local_relative_motion"",""horizon_s"":1.0,""position_tolerance_m"":0.1,""heading_tolerance_deg"":2.0,""maximum_aoi_s"":0.6,""position_error_m"":null,""heading_error_deg"":null,""aoi_s"":0.1396961212158203,""position_margin_m"":null,""heading_margin_deg"":null,""freshness_margin_s"":null,""normalized_margin"":null,""observable"":false,""raw_pass"":false,""reason"":""GPS course unobservable at low speed"",""status"":""unobservable"",""observed_evaluations"":0,""satisfaction_fraction"":null},{""service_id"":""local_5s_moderate"",""label"":""Short prediction"",""family"":""local_relative_motion"",""horizon_s"":5.0,""position_tolerance_m"":0.2,""heading_tolerance_deg"":5.0,""maximum_aoi_s"":1.0,""position_error_m"":null,""heading_error_deg"":null,""aoi_s"":0.1396961212158203,""position_margin_m"":null,""heading_margin_deg"":null,""freshness_margin_s"":null,""normalized_margin"":null,""observable"":false,""raw_pass"":false,""reason"":""GPS course unobservable at low speed"",""status"":""unobservable"",""observed_evaluations"":0,""satisfaction_fraction"":null},{""service_id"":""local_10s_preview"",""label"":""Planning support"",""family"":""local_relative_motion"",""horizon_s"":10.0,""position_tolerance_m"":0.5,""heading_tolerance_deg"":10.0,""maximum_aoi_s"":1.5,""position_error_m"":null,""heading_error_deg"":null,""aoi_s"":0.1396961212158203,""position_margin_m"":null,""heading_margin_deg"":null,""freshness_margin_s"":null,""normalized_margin"":null,""observable"":false,""raw_pass"":false,""reason"":""GPS course unobservable at low speed"",""status"":""unobservable"",""observed_evaluations"":0,""satisfaction_fraction"":null},{""service_id"":""global_state_tracking"",""label"":""Global asset tracking"",""family"":""global_synchronization"",""horizon_s"":0.0,""position_tolerance_m"":1.0,""heading_tolerance_deg"":5.0,""maximum_aoi_s"":1.0,""position_error_m"":0.5814593675260111,""heading_error_deg"":null,""aoi_s"":0.1396961212158203,""position_margin_m"":0.41854063247398887,""heading_margin_deg"":null,""freshness_margin_s"":0.8603038787841797,""normalized_margin"":null,""observable"":false,""raw_pass"":false,""reason"":""GPS course unobservable at low speed"",""status"":""unobservable"",""observed_evaluations"":20,""satisfaction_fraction"":0.0}]",high,10.0,0.4811999970115721
31.847999999999956,5759.052,1789517372.9681394,3701,-0.11651290075274294,-0.03467745232719792,-0.8707966787713861,-0.5910526147684065,-0.3706939041650225,True,0.138899999,154.88,,,0.755,0.02416682243347168,1789511613.8919725,115.52931213373085,0.5814593675260111,,-113.7749,-0.0,0.0,-0.007744898555724837,-0.0015489797111449674,0.007744898555724837,0.02212828158778525,low-motion,587.4760150909424,623,1074.5145345015094,0,False,0,143511,133781,0.0,0.0,11.42493,11,0.94,False,"[{""service_id"":""local_1s_tight"",""label"":""Immediate motion"",""family"":""local_relative_motion"",""horizon_s"":1.0,""position_tolerance_m"":0.1,""heading_tolerance_deg"":2.0,""maximum_aoi_s"":0.6,""position_error_m"":null,""heading_error_deg"":null,""aoi_s"":0.02416682243347168,""position_margin_m"":null,""heading_margin_deg"":null,""freshness_margin_s"":null,""normalized_margin"":null,""observable"":false,""raw_pass"":false,""reason"":""GPS course unobservable at low speed"",""status"":""unobservable"",""observed_evaluations"":0,""satisfaction_fraction"":null},{""service_id"":""local_5s_moderate"",""label"":""Short prediction"",""family"":""local_relative_motion"",""horizon_s"":5.0,""position_tolerance_m"":0.2,""heading_tolerance_deg"":5.0,""maximum_aoi_s"":1.0,""position_error_m"":null,""heading_error_deg"":null,""aoi_s"":0.02416682243347168,""position_margin_m"":null,""heading_margin_deg"":null,""freshness_margin_s"":null,""normalized_margin"":null,""observable"":false,""raw_pass"":false,""reason"":""GPS course unobservable at low speed"",""status"":""unobservable"",""observed_evaluations"":0,""satisfaction_fraction"":null},{""service_id"":""local_10s_preview"",""label"":""Planning support"",""family"":""local_relative_motion"",""horizon_s"":10.0,""position_tolerance_m"":0.5,""heading_tolerance_deg"":10.0,""maximum_aoi_s"":1.5,""position_error_m"":null,""heading_error_deg"":null,""aoi_s"":0.02416682243347168,""position_margin_m"":null,""heading_margin_deg"":null,""freshness_margin_s"":null,""normalized_margin"":null,""observable"":false,""raw_pass"":false,""reason"":""GPS course unobservable at low speed"",""status"":""unobservable"",""observed_evaluations"":0,""satisfaction_fraction"":null},{""service_id"":""global_state_tracking"",""label"":""Global asset tracking"",""family"":""global_synchronization"",""horizon_s"":0.0,""position_tolerance_m"":1.0,""heading_tolerance_deg"":5.0,""maximum_aoi_s"":1.0,""position_error_m"":0.5814593675260111,""heading_error_deg"":null,""aoi_s"":0.02416682243347168,""position_margin_m"":0.41854063247398887,""heading_margin_deg"":null,""freshness_margin_s"":0.9758331775665283,""normalized_margin"":null,""observable"":false,""raw_pass"":false,""reason"":""GPS course unobservable at low speed"",""status"":""unobservable"",""observed_evaluations"":20,""satisfaction_fraction"":0.0}]",high,10.0,0.21590001415461302
32.457000000000335,5759.661,1789517373.6905448,3702,-0.11651290075274294,-0.03467745232719792,-0.8704113755223926,-0.7381511660430959,-0.5565974541430395,True,0.133755554,154.88,,,0.059,0.1375722885131836,1789511613.8919725,113.4054336544068,0.8116862824815062,,-112.533,-0.0,0.0,0.0031634092692397224,0.0006326818538479446,0.0031634092692397224,0.009038312197827778,low-motion,707.9064846038818,624,1066.7243217019598,0,False,0,143511,133781,0.0,0.0,11.42493,11,0.94,False,"[{""service_id"":""local_1s_tight"",""label"":""Immediate motion"",""family"":""local_relative_motion"",""horizon_s"":1.0,""position_tolerance_m"":0.1,""heading_tolerance_deg"":2.0,""maximum_aoi_s"":0.6,""position_error_m"":null,""heading_error_deg"":null,""aoi_s"":0.1375722885131836,""position_margin_m"":null,""heading_margin_deg"":null,""freshness_margin_s"":null,""normalized_margin"":null,""observable"":false,""raw_pass"":false,""reason"":""GPS course unobservable at low speed"",""status"":""unobservable"",""observed_evaluations"":0,""satisfaction_fraction"":null},{""service_id"":""local_5s_moderate"",""label"":""Short prediction"",""family"":""local_relative_motion"",""horizon_s"":5.0,""position_tolerance_m"":0.2,""heading_tolerance_deg"":5.0,""maximum_aoi_s"":1.0,""position_error_m"":null,""heading_error_deg"":null,""aoi_s"":0.1375722885131836,""position_margin_m"":null,""heading_margin_deg"":null,""freshness_margin_s"":null,""normalized_margin"":null,""observable"":false,""raw_pass"":false,""reason"":""GPS course unobservable at low speed"",""status"":""unobservable"",""observed_evaluations"":0,""satisfaction_fraction"":null},{""service_id"":""local_10s_preview"",""label"":""Planning support"",""family"":""local_relative_motion"",""horizon_s"":10.0,""position_tolerance_m"":0.5,""heading_tolerance_deg"":10.0,""maximum_aoi_s"":1.5,""position_error_m"":null,""heading_error_deg"":null,""aoi_s"":0.1375722885131836,""position_margin_m"":null,""heading_margin_deg"":null,""freshness_margin_s"":null,""normalized_margin"":null,""observable"":false,""raw_pass"":false,""reason"":""GPS course unobservable at low speed"",""status"":""unobservable"",""observed_evaluations"":0,""satisfaction_fraction"":null},{""service_id"":""global_state_tracking"",""label"":""Global asset tracking"",""family"":""global_synchronization"",""horizon_s"":0.0,""position_tolerance_m"":1.0,""heading_tolerance_deg"":5.0,""maximum_aoi_s"":1.0,""position_error_m"":0.8116862824815062,""heading_error_deg"":null,""aoi_s"":0.1375722885131836,""position_margin_m"":0.1883137175184938,""heading_margin_deg"":null,""freshness_margin_s"":0.8624277114868164,""normalized_margin"":null,""observable"":false,""raw_pass"":false,""reason"":""GPS course unobservable at low speed"",""status"":""unobservable"",""observed_evaluations"":20,""satisfaction_fraction"":0.0}]",high,10.0,0.4624000284820795
33.176000000000386,5760.38,1789517374.2756078,3703,-0.11651290075274294,-0.03467745232719792,-0.8702702002025218,-0.5910526147684065,-0.741387808330045,True,0.133755554,154.88,,,0.038,0.0036351680755615234,1789511613.8919725,133.93701934819546,0.8512505315474045,,-112.4539,-0.0,0.0,0.0009817477042468104,0.0001963495408493621,0.0009817477042468104,0.002804993440705173,low-motion,574.9728679656982,625,1096.2665135439636,0,False,0,143511,133781,0.0,0.0,11.42493,11,0.94,False,"[{""service_id"":""local_1s_tight"",""label"":""Immediate motion"",""family"":""local_relative_motion"",""horizon_s"":1.0,""position_tolerance_m"":0.1,""heading_tolerance_deg"":2.0,""maximum_aoi_s"":0.6,""position_error_m"":null,""heading_error_deg"":null,""aoi_s"":0.0036351680755615234,""position_margin_m"":null,""heading_margin_deg"":null,""freshness_margin_s"":null,""normalized_margin"":null,""observable"":false,""raw_pass"":false,""reason"":""GPS course unobservable at low speed"",""status"":""unobservable"",""observed_evaluations"":0,""satisfaction_fraction"":null},{""service_id"":""local_5s_moderate"",""label"":""Short prediction"",""family"":""local_relative_motion"",""horizon_s"":5.0,""position_tolerance_m"":0.2,""heading_tolerance_deg"":5.0,""maximum_aoi_s"":1.0,""position_error_m"":null,""heading_error_deg"":null,""aoi_s"":0.0036351680755615234,""position_margin_m"":null,""heading_margin_deg"":null,""freshness_margin_s"":null,""normalized_margin"":null,""observable"":false,""raw_pass"":false,""reason"":""GPS course unobservable at low speed"",""status"":""unobservable"",""observed_evaluations"":0,""satisfaction_fraction"":null},{""service_id"":""local_10s_preview"",""label"":""Planning support"",""family"":""local_relative_motion"",""horizon_s"":10.0,""position_tolerance_m"":0.5,""heading_tolerance_deg"":10.0,""maximum_aoi_s"":1.5,""position_error_m"":null,""heading_error_deg"":null,""aoi_s"":0.0036351680755615234,""position_margin_m"":null,""heading_margin_deg"":null,""freshness_margin_s"":null,""normalized_margin"":null,""observable"":false,""raw_pass"":false,""reason"":""GPS course unobservable at low speed"",""status"":""unobservable"",""observed_evaluations"":0,""satisfaction_fraction"":null},{""service_id"":""global_state_tracking"",""label"":""Global asset tracking"",""family"":""global_synchronization"",""horizon_s"":0.0,""position_tolerance_m"":1.0,""heading_tolerance_deg"":5.0,""maximum_aoi_s"":1.0,""position_error_m"":0.8512505315474045,""heading_error_deg"":null,""aoi_s"":0.0036351680755615234,""position_margin_m"":0.1487494684525955,""heading_margin_deg"":null,""freshness_margin_s"":0.9963648319244385,""normalized_margin"":null,""observable"":false,""raw_pass"":false,""reason"":""GPS course unobservable at low speed"",""status"":""unobservable"",""observed_evaluations"":20,""satisfaction_fraction"":0.0}]",high,10.0,0.5183000466786325
33.7470000000003,5760.951,1789517374.9813056,3704,-0.11651290075274294,-0.03467745232719792,-0.8691615016118082,-0.5910526147684065,-0.741387808330045,True,0.154333332,154.88,,,0.019,0.13833308219909668,1789511613.8919725,134.69777488717227,0.8512505315474045,,-112.2138,-0.0,0.0,0.009708393964218458,0.0019416787928436916,0.009708393964218458,0.027738268469195596,low-motion,695.9524154663086,624,1090.647017031071,0,False,0,143511,133781,0.0,0.0,11.42493,11,0.94,False,"[{""service_id"":""local_1s_tight"",""label"":""Immediate motion"",""family"":""local_relative_motion"",""horizon_s"":1.0,""position_tolerance_m"":0.1,""heading_tolerance_deg"":2.0,""maximum_aoi_s"":0.6,""position_error_m"":null,""heading_error_deg"":null,""aoi_s"":0.13833308219909668,""position_margin_m"":null,""heading_margin_deg"":null,""freshness_margin_s"":null,""normalized_margin"":null,""observable"":false,""raw_pass"":false,""reason"":""GPS course unobservable at low speed"",""status"":""unobservable"",""observed_evaluations"":0,""satisfaction_fraction"":null},{""service_id"":""local_5s_moderate"",""label"":""Short prediction"",""family"":""local_relative_motion"",""horizon_s"":5.0,""position_tolerance_m"":0.2,""heading_tolerance_deg"":5.0,""maximum_aoi_s"":1.0,""position_error_m"":null,""heading_error_deg"":null,""aoi_s"":0.13833308219909668,""position_margin_m"":null,""heading_margin_deg"":null,""freshness_margin_s"":null,""normalized_margin"":null,""observable"":false,""raw_pass"":false,""reason"":""GPS course unobservable at low speed"",""status"":""unobservable"",""observed_evaluations"":0,""satisfaction_fraction"":null},{""service_id"":""local_10s_preview"",""label"":""Planning support"",""family"":""local_relative_motion"",""horizon_s"":10.0,""position_tolerance_m"":0.5,""heading_tolerance_deg"":10.0,""maximum_aoi_s"":1.5,""position_error_m"":null,""heading_error_deg"":null,""aoi_s"":0.13833308219909668,""position_margin_m"":null,""heading_margin_deg"":null,""freshness_margin_s"":null,""normalized_margin"":null,""observable"":false,""raw_pass"":false,""reason"":""GPS course unobservable at low speed"",""status"":""unobservable"",""observed_evaluations"":0,""satisfaction_fraction"":null},{""service_id"":""global_state_tracking"",""label"":""Global asset tracking"",""family"":""global_synchronization"",""horizon_s"":0.0,""position_tolerance_m"":1.0,""heading_tolerance_deg"":5.0,""maximum_aoi_s"":1.0,""position_error_m"":0.8512505315474045,""heading_error_deg"":null,""aoi_s"":0.13833308219909668,""position_margin_m"":0.1487494684525955,""heading_margin_deg"":null,""freshness_margin_s"":0.8616669178009033,""normalized_margin"":null,""observable"":false,""raw_pass"":false,""reason"":""GPS course unobservable at low speed"",""status"":""unobservable"",""observed_evaluations"":20,""satisfaction_fraction"":0.0}]",high,10.0,0.4670000053010881
34.48000000000047,5761.684,1789517375.580671,3705,-0.11651290075274294,-0.03467745232719792,-0.8686977458129377,-0.14798468783123905,-1.2979852624730845,True,0.349822219,146.25,-0.9817477042468106,-1.1467465980790372,0.047,0.004698514938354492,1789511613.8919725,133.63452720659552,1.263699765196429,9.453740240913737,-111.6731,-0.0,0.0,0.0031634092692397224,0.0006326818538479446,0.0031634092692397224,0.009038312197827778,low-motion,588.4301662445068,626,1079.9218648756469,0,False,0,143511,133781,0.0,0.0,11.42493,11,0.94,True,"[{""service_id"":""local_1s_tight"",""label"":""Immediate motion"",""family"":""local_relative_motion"",""horizon_s"":1.0,""position_tolerance_m"":0.1,""heading_tolerance_deg"":2.0,""maximum_aoi_s"":0.6,""position_error_m"":null,""heading_error_deg"":null,""aoi_s"":0.004698514938354492,""position_margin_m"":null,""heading_margin_deg"":null,""freshness_margin_s"":null,""normalized_margin"":null,""observable"":false,""raw_pass"":false,""reason"":""no synchronized 1 s window"",""status"":""unobservable"",""observed_evaluations"":0,""satisfaction_fraction"":null},{""service_id"":""local_5s_moderate"",""label"":""Short prediction"",""family"":""local_relative_motion"",""horizon_s"":5.0,""position_tolerance_m"":0.2,""heading_tolerance_deg"":5.0,""maximum_aoi_s"":1.0,""position_error_m"":null,""heading_error_deg"":null,""aoi_s"":0.004698514938354492,""position_margin_m"":null,""heading_margin_deg"":null,""freshness_margin_s"":null,""normalized_margin"":null,""observable"":false,""raw_pass"":false,""reason"":""no synchronized 5 s window"",""status"":""unobservable"",""observed_evaluations"":0,""satisfaction_fraction"":null},{""service_id"":""local_10s_preview"",""label"":""Planning support"",""family"":""local_relative_motion"",""horizon_s"":10.0,""position_tolerance_m"":0.5,""heading_tolerance_deg"":10.0,""maximum_aoi_s"":1.5,""position_error_m"":null,""heading_error_deg"":null,""aoi_s"":0.004698514938354492,""position_margin_m"":null,""heading_margin_deg"":null,""freshness_margin_s"":null,""normalized_margin"":null,""observable"":false,""raw_pass"":false,""reason"":""no synchronized 10 s window"",""status"":""unobservable"",""observed_evaluations"":0,""satisfaction_fraction"":null},{""service_id"":""global_state_tracking"",""label"":""Global asset tracking"",""family"":""global_synchronization"",""horizon_s"":0.0,""position_tolerance_m"":1.0,""heading_tolerance_deg"":5.0,""maximum_aoi_s"":1.0,""position_error_m"":1.263699765196429,""heading_error_deg"":9.453740240913737,""aoi_s"":0.004698514938354492,""position_margin_m"":-0.263699765196429,""heading_margin_deg"":-4.453740240913737,""freshness_margin_s"":0.9953014850616455,""normalized_margin"":-0.8907480481827473,""observable"":true,""raw_pass"":false,""reason"":""position tolerance, heading tolerance"",""status"":""withdrawn"",""observed_evaluations"":21,""satisfaction_fraction"":0.0}]",high,10.0,0.4349999944679439
35.06500000000051,5762.269,1789517376.2977207,3706,-0.11651290075274294,-0.03467745232719792,-0.8684552541299886,-0.14798468783123905,-1.6697923616381458,True,0.349822219,146.25,-0.9817477042468106,-1.1465041063960881,0.037,0.1367480754852295,1789511613.8919725,132.04959869381128,1.6354177570372848,9.43984649091373,-111.9211,-0.0,0.0,0.002072578486743266,0.0004145156973486533,0.002072578486743266,0.005921652819266475,low-motion,708.9719772338867,625,1079.5521756470723,0,False,0,143511,133781,0.0,0.0,11.42493,11,0.94,True,"[{""service_id"":""local_1s_tight"",""label"":""Immediate motion"",""family"":""local_relative_motion"",""horizon_s"":1.0,""position_tolerance_m"":0.1,""heading_tolerance_deg"":2.0,""maximum_aoi_s"":0.6,""position_error_m"":null,""heading_error_deg"":null,""aoi_s"":0.1367480754852295,""position_margin_m"":null,""heading_margin_deg"":null,""freshness_margin_s"":null,""normalized_margin"":null,""observable"":false,""raw_pass"":false,""reason"":""no synchronized 1 s window"",""status"":""unobservable"",""observed_evaluations"":0,""satisfaction_fraction"":null},{""service_id"":""local_5s_moderate"",""label"":""Short prediction"",""family"":""local_relative_motion"",""horizon_s"":5.0,""position_tolerance_m"":0.2,""heading_tolerance_deg"":5.0,""maximum_aoi_s"":1.0,""position_error_m"":null,""heading_error_deg"":null,""aoi_s"":0.1367480754852295,""position_margin_m"":null,""heading_margin_deg"":null,""freshness_margin_s"":null,""normalized_margin"":null,""observable"":false,""raw_pass"":false,""reason"":""no synchronized 5 s window"",""status"":""unobservable"",""observed_evaluations"":0,""satisfaction_fraction"":null},{""service_id"":""local_10s_preview"",""label"":""Planning support"",""family"":""local_relative_motion"",""horizon_s"":10.0,""position_tolerance_m"":0.5,""heading_tolerance_deg"":10.0,""maximum_aoi_s"":1.5,""position_error_m"":null,""heading_error_deg"":null,""aoi_s"":0.1367480754852295,""position_margin_m"":null,""heading_margin_deg"":null,""freshness_margin_s"":null,""normalized_margin"":null,""observable"":false,""raw_pass"":false,""reason"":""no synchronized 10 s window"",""status"":""unobservable"",""observed_evaluations"":0,""satisfaction_fraction"":null},{""service_id"":""global_state_tracking"",""label"":""Global asset tracking"",""family"":""global_synchronization"",""horizon_s"":0.0,""position_tolerance_m"":1.0,""heading_tolerance_deg"":5.0,""maximum_aoi_s"":1.0,""position_error_m"":1.6354177570372848,""heading_error_deg"":9.43984649091373,""aoi_s"":0.1367480754852295,""position_margin_m"":-0.6354177570372848,""heading_margin_deg"":-4.43984649091373,""freshness_margin_s"":0.8632519245147705,""normalized_margin"":-0.8879692981827461,""observable"":true,""raw_pass"":false,""reason"":""position tolerance, heading tolerance"",""status"":""withdrawn"",""observed_evaluations"":22,""satisfaction_fraction"":0.0}]",high,10.0,0.6369000184349716
35.77300000000014,5762.977,1789517376.8755314,3707,-0.11651290075274294,-0.03467745232719792,-0.8689340852102729,-0.14798468783123905,-1.6697923616381458,True,0.365255552,158.7,-1.1990411961201042,-1.1469829374763725,0.028,0.006558895111083984,1789511613.8919725,130.18923568688479,1.6354177570372848,2.9827185090862764,-111.7548,-0.0,0.0,-0.0033815754257390134,-0.0006763150851478027,0.0033815754257390134,0.009661644073540039,low-motion,566.7948722839355,624,1110.1092773474602,0,False,0,143511,133781,0.0,0.0,11.42493,11,0.94,True,"[{""service_id"":""local_1s_tight"",""label"":""Immediate motion"",""family"":""local_relative_motion"",""horizon_s"":1.0,""position_tolerance_m"":0.1,""heading_tolerance_deg"":2.0,""maximum_aoi_s"":0.6,""position_error_m"":0.0,""heading_error_deg"":12.422565000000006,""aoi_s"":0.006558895111083984,""position_margin_m"":0.1,""heading_margin_deg"":-10.422565000000006,""freshness_margin_s"":0.593441104888916,""normalized_margin"":-5.211282500000003,""observable"":true,""raw_pass"":false,""reason"":""heading tolerance"",""status"":""withdrawn"",""observed_evaluations"":1,""satisfaction_fraction"":0.0},{""service_id"":""local_5s_moderate"",""label"":""Short prediction"",""family"":""local_relative_motion"",""horizon_s"":5.0,""position_tolerance_m"":0.2,""heading_tolerance_deg"":5.0,""maximum_aoi_s"":1.0,""position_error_m"":null,""heading_error_deg"":null,""aoi_s"":0.006558895111083984,""position_margin_m"":null,""heading_margin_deg"":null,""freshness_margin_s"":null,""normalized_margin"":null,""observable"":false,""raw_pass"":false,""reason"":""no synchronized 5 s window"",""status"":""unobservable"",""observed_evaluations"":0,""satisfaction_fraction"":null},{""service_id"":""local_10s_preview"",""label"":""Planning support"",""family"":""local_relative_motion"",""horizon_s"":10.0,""position_tolerance_m"":0.5,""heading_tolerance_deg"":10.0,""maximum_aoi_s"":1.5,""position_error_m"":null,""heading_error_deg"":null,""aoi_s"":0.006558895111083984,""position_margin_m"":null,""heading_margin_deg"":null,""freshness_margin_s"":null,""normalized_margin"":null,""observable"":false,""raw_pass"":false,""reason"":""no synchronized 10 s window"",""status"":""unobservable"",""observed_evaluations"":0,""satisfaction_fraction"":null},{""service_id"":""global_state_tracking"",""label"":""Global asset tracking"",""family"":""global_synchronization"",""horizon_s"":0.0,""position_tolerance_m"":1.0,""heading_tolerance_deg"":5.0,""maximum_aoi_s"":1.0,""position_error_m"":1.6354177570372848,""heading_error_deg"":2.9827185090862764,""aoi_s"":0.006558895111083984,""position_margin_m"":-0.6354177570372848,""heading_margin_deg"":2.0172814909137236,""freshness_margin_s"":0.993441104888916,""normalized_margin"":-0.6354177570372848,""observable"":true,""raw_pass"":false,""reason"":""position tolerance"",""status"":""withdrawn"",""observed_evaluations"":23,""satisfaction_fraction"":0.0}]",high,10.0,0.48449996393173933
36.353000000000065,5763.557,1789517377.5897665,3708,-0.11651290075274294,-0.03467745232719792,-0.868567129735041,0.29508323910592843,-2.0404862658031684,True,0.46814444,153.0,-1.0995574287564276,-1.1466159820011406,0.027,0.140794038772583,1789511613.8919725,134.23506736762647,2.047603569679551,2.6962564909137194,-111.8053,-0.0,0.0,0.0031634092692397224,0.0006326818538479446,0.0031634092692397224,0.009038312197827778,low-motion,705.8875560760498,615,1078.8408282097835,0,False,0,143511,133781,0.0,0.0,11.42493,11,0.94,True,"[{""service_id"":""local_1s_tight"",""label"":""Immediate motion"",""family"":""local_relative_motion"",""horizon_s"":1.0,""position_tolerance_m"":0.1,""heading_tolerance_deg"":2.0,""maximum_aoi_s"":0.6,""position_error_m"":0.577687769011519,""heading_error_deg"":6.74359000000001,""aoi_s"":0.140794038772583,""position_margin_m"":-0.477687769011519,""heading_margin_deg"":-4.74359000000001,""freshness_margin_s"":0.45920596122741697,""normalized_margin"":-4.77687769011519,""observable"":true,""raw_pass"":false,""reason"":""position tolerance, heading tolerance"",""status"":""withdrawn"",""observed_evaluations"":2,""satisfaction_fraction"":0.0},{""service_id"":""local_5s_moderate"",""label"":""Short prediction"",""family"":""local_relative_motion"",""horizon_s"":5.0,""position_tolerance_m"":0.2,""heading_tolerance_deg"":5.0,""maximum_aoi_s"":1.0,""position_error_m"":null,""heading_error_deg"":null,""aoi_s"":0.140794038772583,""position_margin_m"":null,""heading_margin_deg"":null,""freshness_margin_s"":null,""normalized_margin"":null,""observable"":false,""raw_pass"":false,""reason"":""no synchronized 5 s window"",""status"":""unobservable"",""observed_evaluations"":0,""satisfaction_fraction"":null},{""service_id"":""local_10s_preview"",""label"":""Planning support"",""family"":""local_relative_motion"",""horizon_s"":10.0,""position_tolerance_m"":0.5,""heading_tolerance_deg"":10.0,""maximum_aoi_s"":1.5,""position_error_m"":null,""heading_error_deg"":null,""aoi_s"":0.140794038772583,""position_margin_m"":null,""heading_margin_deg"":null,""freshness_margin_s"":null,""normalized_margin"":null,""observable"":false,""raw_pass"":false,""reason"":""no synchronized 10 s window"",""status"":""unobservable"",""observed_evaluations"":0,""satisfaction_fraction"":null},{""service_id"":""global_state_tracking"",""label"":""Global asset tracking"",""family"":""global_synchronization"",""horizon_s"":0.0,""position_tolerance_m"":1.0,""heading_tolerance_deg"":5.0,""maximum_aoi_s"":1.0,""position_error_m"":2.047603569679551,""heading_error_deg"":2.6962564909137194,""aoi_s"":0.140794038772583,""position_margin_m"":-1.0476035696795511,""heading_margin_deg"":2.3037435090862806,""freshness_margin_s"":0.859205961227417,""normalized_margin"":-1.0476035696795511,""observable"":true,""raw_pass"":false,""reason"":""position tolerance"",""status"":""withdrawn"",""observed_evaluations"":24,""satisfaction_fraction"":0.0}]",high,10.0,0.6501000025309622
37.085000000000036,5764.289,1789517378.1857646,3709,-0.11651290075274294,-0.03467745232719792,-0.8283392976052131,0.29508323910592843,-2.2263898157811854,True,0.442422218,162.1,-1.2583823906879115,-1.1063881498713126,0.002,0.004791975021362305,1789511613.8919725,136.00195121762226,2.2300256649786845,8.708628509086186,-110.7587,-0.0,0.0,0.27478027411085726,0.05495605482217145,0.27478027411085726,0.7850864974595922,low-motion,584.8145484924316,622,1108.9558073646579,0,False,0,143511,133781,0.0,0.0,11.42493,11,0.94,True,"[{""service_id"":""local_1s_tight"",""label"":""Immediate motion"",""family"":""local_relative_motion"",""horizon_s"":1.0,""position_tolerance_m"":0.1,""heading_tolerance_deg"":2.0,""maximum_aoi_s"":0.6,""position_error_m"":0.18590354997801703,""heading_error_deg"":11.404884999999904,""aoi_s"":0.004791975021362305,""position_margin_m"":-0.08590354997801702,""heading_margin_deg"":-9.404884999999904,""freshness_margin_s"":0.5952080249786377,""normalized_margin"":-4.702442499999952,""observable"":true,""raw_pass"":false,""reason"":""position tolerance, heading tolerance"",""status"":""withdrawn"",""observed_evaluations"":3,""satisfaction_fraction"":0.0},{""service_id"":""local_5s_moderate"",""label"":""Short prediction"",""family"":""local_relative_motion"",""horizon_s"":5.0,""position_tolerance_m"":0.2,""heading_tolerance_deg"":5.0,""maximum_aoi_s"":1.0,""position_error_m"":null,""heading_error_deg"":null,""aoi_s"":0.004791975021362305,""position_margin_m"":null,""heading_margin_deg"":null,""freshness_margin_s"":null,""normalized_margin"":null,""observable"":false,""raw_pass"":false,""reason"":""no synchronized 5 s window"",""status"":""unobservable"",""observed_evaluations"":0,""satisfaction_fraction"":null},{""service_id"":""local_10s_preview"",""label"":""Planning support"",""family"":""local_relative_motion"",""horizon_s"":10.0,""position_tolerance_m"":0.5,""heading_tolerance_deg"":10.0,""maximum_aoi_s"":1.5,""position_error_m"":null,""heading_error_deg"":null,""aoi_s"":0.004791975021362305,""position_margin_m"":null,""heading_margin_deg"":null,""freshness_margin_s"":null,""normalized_margin"":null,""observable"":false,""raw_pass"":false,""reason"":""no synchronized 10 s window"",""status"":""unobservable"",""observed_evaluations"":0,""satisfaction_fraction"":null},{""service_id"":""global_state_tracking"",""label"":""Global asset tracking"",""family"":""global_synchronization"",""horizon_s"":0.0,""position_tolerance_m"":1.0,""heading_tolerance_deg"":5.0,""maximum_aoi_s"":1.0,""position_error_m"":2.2300256649786845,""heading_error_deg"":8.708628509086186,""aoi_s"":0.004791975021362305,""position_margin_m"":-1.2300256649786845,""heading_margin_deg"":-3.7086285090861857,""freshness_margin_s"":0.9952080249786377,""normalized_margin"":-1.2300256649786845,""observable"":true,""raw_pass"":false,""reason"":""position tolerance, heading tolerance"",""status"":""withdrawn"",""observed_evaluations"":25,""satisfaction_fraction"":0.0}]",high,10.0,0.26780000189319253
37.66600000000017,5764.87,1789517378.9006872,3710,-0.11651290075274294,-0.03467745232719792,-0.8284787275958321,0.29508323910592843,-2.2263898157811854,True,0.442422218,162.1,-1.2583823906879115,-1.1065275798619316,0.583,0.13871479034423828,1789511613.8919725,133.92266654955165,2.2300256649786845,8.700639759086167,-110.9936,-0.0,0.0,-0.0011999138607461017,-0.00023998277214922034,0.0011999138607461017,0.0034283253164174338,low-motion,707.3872089385986,625,1078.0355483473907,0,False,0,143511,133781,0.0,0.0,11.42493,11,0.94,True,"[{""service_id"":""local_1s_tight"",""label"":""Immediate motion"",""family"":""local_relative_motion"",""horizon_s"":1.0,""position_tolerance_m"":0.1,""heading_tolerance_deg"":2.0,""maximum_aoi_s"":0.6,""position_error_m"":0.18590354997801703,""heading_error_deg"":11.396896249999887,""aoi_s"":0.13871479034423828,""position_margin_m"":-0.08590354997801702,""heading_margin_deg"":-9.396896249999887,""freshness_margin_s"":0.4612852096557617,""normalized_margin"":-4.698448124999944,""observable"":true,""raw_pass"":false,""reason"":""position tolerance, heading tolerance"",""status"":""withdrawn"",""observed_evaluations"":4,""satisfaction_fraction"":0.0},{""service_id"":""local_5s_moderate"",""label"":""Short prediction"",""family"":""local_relative_motion"",""horizon_s"":5.0,""position_tolerance_m"":0.2,""heading_tolerance_deg"":5.0,""maximum_aoi_s"":1.0,""position_error_m"":null,""heading_error_deg"":null,""aoi_s"":0.13871479034423828,""position_margin_m"":null,""heading_margin_deg"":null,""freshness_margin_s"":null,""normalized_margin"":null,""observable"":false,""raw_pass"":false,""reason"":""no synchronized 5 s window"",""status"":""unobservable"",""observed_evaluations"":0,""satisfaction_fraction"":null},{""service_id"":""local_10s_preview"",""label"":""Planning support"",""family"":""local_relative_motion"",""horizon_s"":10.0,""position_tolerance_m"":0.5,""heading_tolerance_deg"":10.0,""maximum_aoi_s"":1.5,""position_error_m"":null,""heading_error_deg"":null,""aoi_s"":0.13871479034423828,""position_margin_m"":null,""heading_margin_deg"":null,""freshness_margin_s"":null,""normalized_margin"":null,""observable"":false,""raw_pass"":false,""reason"":""no synchronized 10 s window"",""status"":""unobservable"",""observed_evaluations"":0,""satisfaction_fraction"":null},{""service_id"":""global_state_tracking"",""label"":""Global asset tracking"",""family"":""global_synchronization"",""horizon_s"":0.0,""position_tolerance_m"":1.0,""heading_tolerance_deg"":5.0,""maximum_aoi_s"":1.0,""position_error_m"":2.2300256649786845,""heading_error_deg"":8.700639759086167,""aoi_s"":0.13871479034423828,""position_margin_m"":-1.2300256649786845,""heading_margin_deg"":-3.700639759086167,""freshness_margin_s"":0.8612852096557617,""normalized_margin"":-1.2300256649786845,""observable"":true,""raw_pass"":false,""reason"":""position tolerance, heading tolerance"",""status"":""withdrawn"",""observed_evaluations"":26,""satisfaction_fraction"":0.0}]",high,10.0,0.7052000146359205
38.38000000000011,5765.584,1789517379.478695,3711,-0.11651290075274294,-0.03467745232719792,-0.8278712221164444,0.29508323910592843,-2.0404862658031684,True,0.442422218,162.1,-1.2583823906879115,-1.105920074382544,0.032,0.0027222633361816406,1789511613.8919725,135.99230194085976,2.047603569679551,8.735447259086156,-110.7691,-0.0,0.0,0.004254240051736178,0.0008508480103472356,0.004254240051736178,0.012154971576389081,low-motion,569.7917938232422,617,1106.8643716637143,0,False,0,143511,133781,0.0,0.0,11.42493,11,0.94,True,"[{""service_id"":""local_1s_tight"",""label"":""Immediate motion"",""family"":""local_relative_motion"",""horizon_s"":1.0,""position_tolerance_m"":0.1,""heading_tolerance_deg"":2.0,""maximum_aoi_s"":0.6,""position_error_m"":0.18590354997801706,""heading_error_deg"":0.034807499999987286,""aoi_s"":0.0027222633361816406,""position_margin_m"":-0.08590354997801705,""heading_margin_deg"":1.9651925000000128,""freshness_margin_s"":0.5972777366638183,""normalized_margin"":-0.8590354997801705,""observable"":true,""raw_pass"":false,""reason"":""position tolerance"",""status"":""withdrawn"",""observed_evaluations"":5,""satisfaction_fraction"":0.0},{""service_id"":""local_5s_moderate"",""label"":""Short prediction"",""family"":""local_relative_motion"",""horizon_s"":5.0,""position_tolerance_m"":0.2,""heading_tolerance_deg"":5.0,""maximum_aoi_s"":1.0,""position_error_m"":null,""heading_error_deg"":null,""aoi_s"":0.0027222633361816406,""position_margin_m"":null,""heading_margin_deg"":null,""freshness_margin_s"":null,""normalized_margin"":null,""observable"":false,""raw_pass"":false,""reason"":""no synchronized 5 s window"",""status"":""unobservable"",""observed_evaluations"":0,""satisfaction_fraction"":null},{""service_id"":""local_10s_preview"",""label"":""Planning support"",""family"":""local_relative_motion"",""horizon_s"":10.0,""position_tolerance_m"":0.5,""heading_tolerance_deg"":10.0,""maximum_aoi_s"":1.5,""position_error_m"":null,""heading_error_deg"":null,""aoi_s"":0.0027222633361816406,""position_margin_m"":null,""heading_margin_deg"":null,""freshness_margin_s"":null,""normalized_margin"":null,""observable"":false,""raw_pass"":false,""reason"":""no synchronized 10 s window"",""status"":""unobservable"",""observed_evaluations"":0,""satisfaction_fraction"":null},{""service_id"":""global_state_tracking"",""label"":""Global asset tracking"",""family"":""global_synchronization"",""horizon_s"":0.0,""position_tolerance_m"":1.0,""heading_tolerance_deg"":5.0,""maximum_aoi_s"":1.0,""position_error_m"":2.047603569679551,""heading_error_deg"":8.735447259086156,""aoi_s"":0.0027222633361816406,""position_margin_m"":-1.0476035696795511,""heading_margin_deg"":-3.735447259086156,""freshness_margin_s"":0.9972777366638184,""normalized_margin"":-1.0476035696795511,""observable"":true,""raw_pass"":false,""reason"":""position tolerance, heading tolerance"",""status"":""withdrawn"",""observed_evaluations"":27,""satisfaction_fraction"":0.0}]",high,10.0,0.4233000217936933
38.95100000000002,5766.155,1789517380.1926596,3712,-0.11651290075274294,-0.03467745232719792,-0.827260815027175,0.29508323910592843,-1.6697923616381458,True,0.159477776,162.1,,,0.02,0.14568710327148438,1789511613.8919725,142.96470069893985,1.6861234085906962,,-111.0893,-0.0,0.0,0.005345070834232635,0.001069014166846527,0.005345070834232635,0.015271630954950386,low-motion,706.7575454711914,624,1079.3608769855298,0,False,0,143511,133781,0.0,0.0,11.42493,11,0.94,False,"[{""service_id"":""local_1s_tight"",""label"":""Immediate motion"",""family"":""local_relative_motion"",""horizon_s"":1.0,""position_tolerance_m"":0.1,""heading_tolerance_deg"":2.0,""maximum_aoi_s"":0.6,""position_error_m"":null,""heading_error_deg"":null,""aoi_s"":0.14568710327148438,""position_margin_m"":null,""heading_margin_deg"":null,""freshness_margin_s"":null,""normalized_margin"":null,""observable"":false,""raw_pass"":false,""reason"":""GPS course unobservable at low speed"",""status"":""unobservable"",""observed_evaluations"":5,""satisfaction_fraction"":0.0},{""service_id"":""local_5s_moderate"",""label"":""Short prediction"",""family"":""local_relative_motion"",""horizon_s"":5.0,""position_tolerance_m"":0.2,""heading_tolerance_deg"":5.0,""maximum_aoi_s"":1.0,""position_error_m"":null,""heading_error_deg"":null,""aoi_s"":0.14568710327148438,""position_margin_m"":null,""heading_margin_deg"":null,""freshness_margin_s"":null,""normalized_margin"":null,""observable"":false,""raw_pass"":false,""reason"":""GPS course unobservable at low speed"",""status"":""unobservable"",""observed_evaluations"":0,""satisfaction_fraction"":null},{""service_id"":""local_10s_preview"",""label"":""Planning support"",""family"":""local_relative_motion"",""horizon_s"":10.0,""position_tolerance_m"":0.5,""heading_tolerance_deg"":10.0,""maximum_aoi_s"":1.5,""position_error_m"":null,""heading_error_deg"":null,""aoi_s"":0.14568710327148438,""position_margin_m"":null,""heading_margin_deg"":null,""freshness_margin_s"":null,""normalized_margin"":null,""observable"":false,""raw_pass"":false,""reason"":""GPS course unobservable at low speed"",""status"":""unobservable"",""observed_evaluations"":0,""satisfaction_fraction"":null},{""service_id"":""global_state_tracking"",""label"":""Global asset tracking"",""family"":""global_synchronization"",""horizon_s"":0.0,""position_tolerance_m"":1.0,""heading_tolerance_deg"":5.0,""maximum_aoi_s"":1.0,""position_error_m"":1.6861234085906962,""heading_error_deg"":null,""aoi_s"":0.14568710327148438,""position_margin_m"":-0.6861234085906962,""heading_margin_deg"":null,""freshness_margin_s"":0.8543128967285156,""normalized_margin"":-0.6861234085906962,""observable"":true,""raw_pass"":false,""reason"":""position tolerance"",""status"":""withdrawn"",""observed_evaluations"":28,""satisfaction_fraction"":0.0}]",high,10.0,0.5193999968469143
39.659999999999854,5766.864,1789517380.8930433,3713,-0.11651290075274294,-0.03467745232719792,-0.8275856426175867,0.29508323910592843,-1.6697923616381458,True,0.041155555,162.1,,,0.027,0.1370706558227539,1789511613.8919725,8.616336822342419,1.6861234085906962,,-111.3228,-0.0,0.0,-0.0022907446432425577,-0.00045814892864851157,0.0022907446432425577,0.006544984694978736,low-motion,690.8423900604248,625,1083.0578010582033,0,False,0,143511,133781,0.0,0.0,11.42493,11,0.94,False,"[{""service_id"":""local_1s_tight"",""label"":""Immediate motion"",""family"":""local_relative_motion"",""horizon_s"":1.0,""position_tolerance_m"":0.1,""heading_tolerance_deg"":2.0,""maximum_aoi_s"":0.6,""position_error_m"":null,""heading_error_deg"":null,""aoi_s"":0.1370706558227539,""position_margin_m"":null,""heading_margin_deg"":null,""freshness_margin_s"":null,""normalized_margin"":null,""observable"":false,""raw_pass"":false,""reason"":""GPS course unobservable at low speed"",""status"":""unobservable"",""observed_evaluations"":5,""satisfaction_fraction"":0.0},{""service_id"":""local_5s_moderate"",""label"":""Short prediction"",""family"":""local_relative_motion"",""horizon_s"":5.0,""position_tolerance_m"":0.2,""heading_tolerance_deg"":5.0,""maximum_aoi_s"":1.0,""position_error_m"":null,""heading_error_deg"":null,""aoi_s"":0.1370706558227539,""position_margin_m"":null,""heading_margin_deg"":null,""freshness_margin_s"":null,""normalized_margin"":null,""observable"":false,""raw_pass"":false,""reason"":""GPS course unobservable at low speed"",""status"":""unobservable"",""observed_evaluations"":0,""satisfaction_fraction"":null},{""service_id"":""local_10s_preview"",""label"":""Planning support"",""family"":""local_relative_motion"",""horizon_s"":10.0,""position_tolerance_m"":0.5,""heading_tolerance_deg"":10.0,""maximum_aoi_s"":1.5,""position_error_m"":null,""heading_error_deg"":null,""aoi_s"":0.1370706558227539,""position_margin_m"":null,""heading_margin_deg"":null,""freshness_margin_s"":null,""normalized_margin"":null,""observable"":false,""raw_pass"":false,""reason"":""GPS course unobservable at low speed"",""status"":""unobservable"",""observed_evaluations"":0,""satisfaction_fraction"":null},{""service_id"":""global_state_tracking"",""label"":""Global asset tracking"",""family"":""global_synchronization"",""horizon_s"":0.0,""position_tolerance_m"":1.0,""heading_tolerance_deg"":5.0,""maximum_aoi_s"":1.0,""position_error_m"":1.6861234085906962,""heading_error_deg"":null,""aoi_s"":0.1370706558227539,""position_margin_m"":-0.6861234085906962,""heading_margin_deg"":null,""freshness_margin_s"":0.8629293441772461,""normalized_margin"":-0.6861234085906962,""observable"":true,""raw_pass"":false,""reason"":""position tolerance"",""status"":""withdrawn"",""observed_evaluations"":29,""satisfaction_fraction"":0.0}]",high,10.0,0.5360000068321824
40.365999999999985,5767.57,1789517381.464682,3714,-0.11651290075274294,-0.03467745232719792,-0.8272929945352585,0.5910526147684065,-1.2979852624730845,True,0.231499998,162.1,,,0.004,0.002709627151489258,1789511613.8919725,134.36117744458898,1.4479625623372676,,-111.3278,-0.0,0.0,0.002072578486743266,0.0004145156973486533,0.002072578486743266,0.005921652819266475,low-motion,559.0546131134033,622,1083.8606881140058,0,False,0,143511,133781,0.0,0.0,11.40229,11,0.94,False,"[{""service_id"":""local_1s_tight"",""label"":""Immediate motion"",""family"":""local_relative_motion"",""horizon_s"":1.0,""position_tolerance_m"":0.1,""heading_tolerance_deg"":2.0,""maximum_aoi_s"":0.6,""position_error_m"":null,""heading_error_deg"":null,""aoi_s"":0.002709627151489258,""position_margin_m"":null,""heading_margin_deg"":null,""freshness_margin_s"":null,""normalized_margin"":null,""observable"":false,""raw_pass"":false,""reason"":""GPS course unobservable at low speed"",""status"":""unobservable"",""observed_evaluations"":5,""satisfaction_fraction"":0.0},{""service_id"":""local_5s_moderate"",""label"":""Short prediction"",""family"":""local_relative_motion"",""horizon_s"":5.0,""position_tolerance_m"":0.2,""heading_tolerance_deg"":5.0,""maximum_aoi_s"":1.0,""position_error_m"":null,""heading_error_deg"":null,""aoi_s"":0.002709627151489258,""position_margin_m"":null,""heading_margin_deg"":null,""freshness_margin_s"":null,""normalized_margin"":null,""observable"":false,""raw_pass"":false,""reason"":""GPS course unobservable at low speed"",""status"":""unobservable"",""observed_evaluations"":0,""satisfaction_fraction"":null},{""service_id"":""local_10s_preview"",""label"":""Planning support"",""family"":""local_relative_motion"",""horizon_s"":10.0,""position_tolerance_m"":0.5,""heading_tolerance_deg"":10.0,""maximum_aoi_s"":1.5,""position_error_m"":null,""heading_error_deg"":null,""aoi_s"":0.002709627151489258,""position_margin_m"":null,""heading_margin_deg"":null,""freshness_margin_s"":null,""normalized_margin"":null,""observable"":false,""raw_pass"":false,""reason"":""GPS course unobservable at low speed"",""status"":""unobservable"",""observed_evaluations"":0,""satisfaction_fraction"":null},{""service_id"":""global_state_tracking"",""label"":""Global asset tracking"",""family"":""global_synchronization"",""horizon_s"":0.0,""position_tolerance_m"":1.0,""heading_tolerance_deg"":5.0,""maximum_aoi_s"":1.0,""position_error_m"":1.4479625623372676,""heading_error_deg"":null,""aoi_s"":0.002709627151489258,""position_margin_m"":-0.4479625623372676,""heading_margin_deg"":null,""freshness_margin_s"":0.9972903728485107,""normalized_margin"":-0.4479625623372676,""observable"":true,""raw_pass"":false,""reason"":""position tolerance"",""status"":""withdrawn"",""observed_evaluations"":30,""satisfaction_fraction"":0.0}]",high,10.0,0.3250000299885869
40.95600000000013,5768.16,1789517382.187579,3715,-0.11651290075274294,-0.03467745232719792,-0.8275633024031612,1.3292037808115023,-1.4838888124511016,True,0.231499998,162.1,,,0.042,0.1356062889099121,1789511613.8919725,132.89681434616796,2.047024740853248,,-111.3294,-0.0,0.0,-0.0022907446432425577,-0.00045814892864851157,0.0022907446432425577,0.006544984694978736,low-motion,714.3688201904297,615,1079.8613672665522,0,False,0,143511,133781,0.0,0.0,11.40229,11,0.94,False,"[{""service_id"":""local_1s_tight"",""label"":""Immediate motion"",""family"":""local_relative_motion"",""horizon_s"":1.0,""position_tolerance_m"":0.1,""heading_tolerance_deg"":2.0,""maximum_aoi_s"":0.6,""position_error_m"":null,""heading_error_deg"":null,""aoi_s"":0.1356062889099121,""position_margin_m"":null,""heading_margin_deg"":null,""freshness_margin_s"":null,""normalized_margin"":null,""observable"":false,""raw_pass"":false,""reason"":""GPS course unobservable at low speed"",""status"":""unobservable"",""observed_evaluations"":5,""satisfaction_fraction"":0.0},{""service_id"":""local_5s_moderate"",""label"":""Short prediction"",""family"":""local_relative_motion"",""horizon_s"":5.0,""position_tolerance_m"":0.2,""heading_tolerance_deg"":5.0,""maximum_aoi_s"":1.0,""position_error_m"":null,""heading_error_deg"":null,""aoi_s"":0.1356062889099121,""position_margin_m"":null,""heading_margin_deg"":null,""freshness_margin_s"":null,""normalized_margin"":null,""observable"":false,""raw_pass"":false,""reason"":""GPS course unobservable at low speed"",""status"":""unobservable"",""observed_evaluations"":0,""satisfaction_fraction"":null},{""service_id"":""local_10s_preview"",""label"":""Planning support"",""family"":""local_relative_motion"",""horizon_s"":10.0,""position_tolerance_m"":0.5,""heading_tolerance_deg"":10.0,""maximum_aoi_s"":1.5,""position_error_m"":null,""heading_error_deg"":null,""aoi_s"":0.1356062889099121,""position_margin_m"":null,""heading_margin_deg"":null,""freshness_margin_s"":null,""normalized_margin"":null,""observable"":false,""raw_pass"":false,""reason"":""GPS course unobservable at low speed"",""status"":""unobservable"",""observed_evaluations"":0,""satisfaction_fraction"":null},{""service_id"":""global_state_tracking"",""label"":""Global asset tracking"",""family"":""global_synchronization"",""horizon_s"":0.0,""position_tolerance_m"":1.0,""heading_tolerance_deg"":5.0,""maximum_aoi_s"":1.0,""position_error_m"":2.047024740853248,""heading_error_deg"":null,""aoi_s"":0.1356062889099121,""position_margin_m"":-1.047024740853248,""heading_margin_deg"":null,""freshness_margin_s"":0.8643937110900879,""normalized_margin"":-1.047024740853248,""observable"":true,""raw_pass"":false,""reason"":""position tolerance"",""status"":""withdrawn"",""observed_evaluations"":31,""satisfaction_fraction"":0.0}]",high,10.0,0.35089999437332153
41.66200000000026,5768.866,1789517382.7612183,3716,-0.11651290075274294,-0.03467745232719792,-0.8271166290143444,1.3292037808115023,-1.4838888124511016,True,0.529877773,117.74,-0.4841543345032271,-1.105165481280444,0.024,0.003245830535888672,1789511613.8919725,132.36060714734776,2.047024740853248,35.58131774091382,-111.5767,-0.0,0.0,0.0031634092692397224,0.0006326818538479446,0.0031634092692397224,0.009038312197827778,low-motion,564.429759979248,612,1084.4826026411345,0,False,0,143511,133781,0.0,0.0,11.40229,11,0.94,True,"[{""service_id"":""local_1s_tight"",""label"":""Immediate motion"",""family"":""local_relative_motion"",""horizon_s"":1.0,""position_tolerance_m"":0.1,""heading_tolerance_deg"":2.0,""maximum_aoi_s"":0.6,""position_error_m"":null,""heading_error_deg"":null,""aoi_s"":0.003245830535888672,""position_margin_m"":null,""heading_margin_deg"":null,""freshness_margin_s"":null,""normalized_margin"":null,""observable"":false,""raw_pass"":false,""reason"":""no synchronized 1 s window"",""status"":""unobservable"",""observed_evaluations"":5,""satisfaction_fraction"":0.0},{""service_id"":""local_5s_moderate"",""label"":""Short prediction"",""family"":""local_relative_motion"",""horizon_s"":5.0,""position_tolerance_m"":0.2,""heading_tolerance_deg"":5.0,""maximum_aoi_s"":1.0,""position_error_m"":1.174396023433082,""heading_error_deg"":32.8850612500001,""aoi_s"":0.003245830535888672,""position_margin_m"":-0.974396023433082,""heading_margin_deg"":-27.8850612500001,""freshness_margin_s"":0.9967541694641113,""normalized_margin"":-5.57701225000002,""observable"":true,""raw_pass"":false,""reason"":""position tolerance, heading tolerance"",""status"":""withdrawn"",""observed_evaluations"":1,""satisfaction_fraction"":0.0},{""service_id"":""local_10s_preview"",""label"":""Planning support"",""family"":""local_relative_motion"",""horizon_s"":10.0,""position_tolerance_m"":0.5,""heading_tolerance_deg"":10.0,""maximum_aoi_s"":1.5,""position_error_m"":null,""heading_error_deg"":null,""aoi_s"":0.003245830535888672,""position_margin_m"":null,""heading_margin_deg"":null,""freshness_margin_s"":null,""normalized_margin"":null,""observable"":false,""raw_pass"":false,""reason"":""no synchronized 10 s window"",""status"":""unobservable"",""observed_evaluations"":0,""satisfaction_fraction"":null},{""service_id"":""global_state_tracking"",""label"":""Global asset tracking"",""family"":""global_synchronization"",""horizon_s"":0.0,""position_tolerance_m"":1.0,""heading_tolerance_deg"":5.0,""maximum_aoi_s"":1.0,""position_error_m"":2.047024740853248,""heading_error_deg"":35.58131774091382,""aoi_s"":0.003245830535888672,""position_margin_m"":-1.047024740853248,""heading_margin_deg"":-30.581317740913818,""freshness_margin_s"":0.9967541694641113,""normalized_margin"":-6.116263548182763,""observable"":true,""raw_pass"":false,""reason"":""position tolerance, heading tolerance"",""status"":""withdrawn"",""observed_evaluations"":32,""satisfaction_fraction"":0.0}]",high,10.0,0.49539998872205615
42.238000000000284,5769.442,1789517383.4756148,3717,-0.11651290075274294,-0.03467745232719792,-0.826375213148097,1.7722717064893951,-1.6697923616381458,True,0.529877773,151.1,-1.0663961729685352,-1.1044240654141966,0.025,0.14164233207702637,1789511613.8919725,138.39647674558364,2.498220978857913,2.1788377409138246,-111.3961,-0.0,0.0,0.0064359016167290905,0.0012871803233458182,0.0064359016167290905,0.01838829033351169,low-motion,705.3985595703125,618,1083.7330046943928,0,False,0,143511,133781,0.0,0.0,11.40229,11,0.94,True,"[{""service_id"":""local_1s_tight"",""label"":""Immediate motion"",""family"":""local_relative_motion"",""horizon_s"":1.0,""position_tolerance_m"":0.1,""heading_tolerance_deg"":2.0,""maximum_aoi_s"":0.6,""position_error_m"":null,""heading_error_deg"":null,""aoi_s"":0.14164233207702637,""position_margin_m"":null,""heading_margin_deg"":null,""freshness_margin_s"":null,""normalized_margin"":null,""observable"":false,""raw_pass"":false,""reason"":""no synchronized 1 s window"",""status"":""unobservable"",""observed_evaluations"":5,""satisfaction_fraction"":0.0},{""service_id"":""local_5s_moderate"",""label"":""Short prediction"",""family"":""local_relative_motion"",""horizon_s"":5.0,""position_tolerance_m"":0.2,""heading_tolerance_deg"":5.0,""maximum_aoi_s"":1.0,""position_error_m"":1.578571029168225,""heading_error_deg"":10.88746625000001,""aoi_s"":0.14164233207702637,""position_margin_m"":-1.378571029168225,""heading_margin_deg"":-5.88746625000001,""freshness_margin_s"":0.8583576679229736,""normalized_margin"":-6.892855145841124,""observable"":true,""raw_pass"":false,""reason"":""position tolerance, heading tolerance"",""status"":""withdrawn"",""observed_evaluations"":2,""satisfaction_fraction"":0.0},{""service_id"":""local_10s_preview"",""label"":""Planning support"",""family"":""local_relative_motion"",""horizon_s"":10.0,""position_tolerance_m"":0.5,""heading_tolerance_deg"":10.0,""maximum_aoi_s"":1.5,""position_error_m"":null,""heading_error_deg"":null,""aoi_s"":0.14164233207702637,""position_margin_m"":null,""heading_margin_deg"":null,""freshness_margin_s"":null,""normalized_margin"":null,""observable"":false,""raw_pass"":false,""reason"":""no synchronized 10 s window"",""status"":""unobservable"",""observed_evaluations"":0,""satisfaction_fraction"":null},{""service_id"":""global_state_tracking"",""label"":""Global asset tracking"",""family"":""global_synchronization"",""horizon_s"":0.0,""position_tolerance_m"":1.0,""heading_tolerance_deg"":5.0,""maximum_aoi_s"":1.0,""position_error_m"":2.498220978857913,""heading_error_deg"":2.1788377409138246,""aoi_s"":0.14164233207702637,""position_margin_m"":-1.4982209788579128,""heading_margin_deg"":2.8211622590861754,""freshness_margin_s"":0.8583576679229736,""normalized_margin"":-1.4982209788579128,""observable"":true,""raw_pass"":false,""reason"":""position tolerance"",""status"":""withdrawn"",""observed_evaluations"":33,""satisfaction_fraction"":0.0}]",high,10.0,0.7086999830789864
42.94599999999991,5770.15,1789517384.0461497,3718,-0.11681018811127467,-0.03435293531453373,-0.8319478968256133,2.0673549468545986,-1.6697923616381458,True,0.529877773,151.1,-1.0663961729685352,-1.1099967490917129,0.028,0.004177093505859375,1789511613.8919725,137.46505546532717,2.728596608876841,2.4981289961969506,-112.2569,-0.000621615071817616,-0.006539014562183996,-0.013199052468207116,-0.00787102214338862,0.006660037906023121,0.019028679731494632,low-motion,556.7378997802734,636,1087.9144296684071,0,False,0,143511,133787,0.0,-0.018760938,11.40229,11,0.94,True,"[{""service_id"":""local_1s_tight"",""label"":""Immediate motion"",""family"":""local_relative_motion"",""horizon_s"":1.0,""position_tolerance_m"":0.1,""heading_tolerance_deg"":2.0,""maximum_aoi_s"":0.6,""position_error_m"":0.7616409807282156,""heading_error_deg"":33.083188744716864,""aoi_s"":0.004177093505859375,""position_margin_m"":-0.6616409807282156,""heading_margin_deg"":-31.083188744716864,""freshness_margin_s"":0.5958229064941406,""normalized_margin"":-15.541594372358432,""observable"":true,""raw_pass"":false,""reason"":""position tolerance, heading tolerance"",""status"":""withdrawn"",""observed_evaluations"":6,""satisfaction_fraction"":0.0},{""service_id"":""local_5s_moderate"",""label"":""Short prediction"",""family"":""local_relative_motion"",""horizon_s"":5.0,""position_tolerance_m"":0.2,""heading_tolerance_deg"":5.0,""maximum_aoi_s"":1.0,""position_error_m"":1.857742821136827,""heading_error_deg"":11.198768755283119,""aoi_s"":0.004177093505859375,""position_margin_m"":-1.657742821136827,""heading_margin_deg"":-6.198768755283119,""freshness_margin_s"":0.9958229064941406,""normalized_margin"":-8.288714105684134,""observable"":true,""raw_pass"":false,""reason"":""position tolerance, heading tolerance"",""status"":""withdrawn"",""observed_evaluations"":3,""satisfaction_fraction"":0.0},{""service_id"":""local_10s_preview"",""label"":""Planning support"",""family"":""local_relative_motion"",""horizon_s"":10.0,""position_tolerance_m"":0.5,""heading_tolerance_deg"":10.0,""maximum_aoi_s"":1.5,""position_error_m"":null,""heading_error_deg"":null,""aoi_s"":0.004177093505859375,""position_margin_m"":null,""heading_margin_deg"":null,""freshness_margin_s"":null,""normalized_margin"":null,""observable"":false,""raw_pass"":false,""reason"":""no synchronized 10 s window"",""status"":""unobservable"",""observed_evaluations"":0,""satisfaction_fraction"":null},{""service_id"":""global_state_tracking"",""label"":""Global asset tracking"",""family"":""global_synchronization"",""horizon_s"":0.0,""position_tolerance_m"":1.0,""heading_tolerance_deg"":5.0,""maximum_aoi_s"":1.0,""position_error_m"":2.728596608876841,""heading_error_deg"":2.4981289961969506,""aoi_s"":0.004177093505859375,""position_margin_m"":-1.728596608876841,""heading_margin_deg"":2.5018710038030494,""freshness_margin_s"":0.9958229064941406,""normalized_margin"":-1.728596608876841,""observable"":true,""raw_pass"":false,""reason"":""position tolerance"",""status"":""withdrawn"",""observed_evaluations"":34,""satisfaction_fraction"":0.0}]",high,10.0,0.46910002129152417
43.516999999999825,5770.721,1789517384.7498422,3719,-0.1308984736493125,-0.014220245371080902,-1.0884993791137014,2.0673549468545986,-1.6697923616381458,True,0.529877773,151.1,-1.0663961729685352,-1.366548231379801,0.598,0.1368696689605713,1789511613.8919725,132.69243621834903,2.751951513547823,17.19744615912969,-115.1683,-0.0430340521697745,-0.4418816390478775,-0.4789837965941938,-0.4493020705571408,0.03710215754631635,0.10600616441804672,low-motion,695.7721710205078,646,1096.730259253731,0,False,0,143515,134118,-0.01880079,-0.112649906,11.40229,11,0.94,True,"[{""service_id"":""local_1s_tight"",""label"":""Immediate motion"",""family"":""local_relative_motion"",""horizon_s"":1.0,""position_tolerance_m"":0.1,""heading_tolerance_deg"":2.0,""maximum_aoi_s"":0.6,""position_error_m"":0.3108734659628899,""heading_error_deg"":15.018608418215868,""aoi_s"":0.1368696689605713,""position_margin_m"":-0.2108734659628899,""heading_margin_deg"":-13.018608418215868,""freshness_margin_s"":0.4631303310394287,""normalized_margin"":-6.509304209107934,""observable"":true,""raw_pass"":false,""reason"":""position tolerance, heading tolerance"",""status"":""withdrawn"",""observed_evaluations"":7,""satisfaction_fraction"":0.0},{""service_id"":""local_5s_moderate"",""label"":""Short prediction"",""family"":""local_relative_motion"",""horizon_s"":5.0,""position_tolerance_m"":0.2,""heading_tolerance_deg"":5.0,""maximum_aoi_s"":1.0,""position_error_m"":1.8170751734369357,""heading_error_deg"":25.932893418215848,""aoi_s"":0.1368696689605713,""position_margin_m"":-1.6170751734369357,""heading_margin_deg"":-20.932893418215848,""freshness_margin_s"":0.8631303310394287,""normalized_margin"":-8.085375867184679,""observable"":true,""raw_pass"":false,""reason"":""position tolerance, heading tolerance"",""status"":""withdrawn"",""observed_evaluations"":4,""satisfaction_fraction"":0.0},{""service_id"":""local_10s_preview"",""label"":""Planning support"",""family"":""local_relative_motion"",""horizon_s"":10.0,""position_tolerance_m"":0.5,""heading_tolerance_deg"":10.0,""maximum_aoi_s"":1.5,""position_error_m"":null,""heading_error_deg"":null,""aoi_s"":0.1368696689605713,""position_margin_m"":null,""heading_margin_deg"":null,""freshness_margin_s"":null,""normalized_margin"":null,""observable"":false,""raw_pass"":false,""reason"":""no synchronized 10 s window"",""status"":""unobservable"",""observed_evaluations"":0,""satisfaction_fraction"":null},{""service_id"":""global_state_tracking"",""label"":""Global asset tracking"",""family"":""global_synchronization"",""horizon_s"":0.0,""position_tolerance_m"":1.0,""heading_tolerance_deg"":5.0,""maximum_aoi_s"":1.0,""position_error_m"":2.751951513547823,""heading_error_deg"":17.19744615912969,""aoi_s"":0.1368696689605713,""position_margin_m"":-1.751951513547823,""heading_margin_deg"":-12.19744615912969,""freshness_margin_s"":0.8631303310394287,""normalized_margin"":-2.439489231825938,""observable"":true,""raw_pass"":false,""reason"":""position tolerance, heading tolerance"",""status"":""withdrawn"",""observed_evaluations"":35,""satisfaction_fraction"":0.0}]",high,10.0,0.5176999839022756
44.2480000000005,5771.452,1789517385.479151,3720,-0.15448423514518034,0.05127190717917841,-1.3617499904023127,2.2153396334265625,-1.6697923616381458,True,0.241788887,147.86,,,0.046,0.1351785659790039,1789511613.8919725,1.6911563880057656,2.928844035699418,,-130.7871,-0.09522530639149024,-0.3810519046778522,-0.34481161034712976,-0.3738038458117078,0.036240294330722456,0.10354369808777845,low-motion,718.9493179321289,640,1093.3018355096012,0,False,0,143809,134773,-0.064576277,-0.129171033,11.40229,11,0.94,False,"[{""service_id"":""local_1s_tight"",""label"":""Immediate motion"",""family"":""local_relative_motion"",""horizon_s"":1.0,""position_tolerance_m"":0.1,""heading_tolerance_deg"":2.0,""maximum_aoi_s"":0.6,""position_error_m"":null,""heading_error_deg"":null,""aoi_s"":0.1351785659790039,""position_margin_m"":null,""heading_margin_deg"":null,""freshness_margin_s"":null,""normalized_margin"":null,""observable"":false,""raw_pass"":false,""reason"":""GPS course unobservable at low speed"",""status"":""unobservable"",""observed_evaluations"":7,""satisfaction_fraction"":0.0},{""service_id"":""local_5s_moderate"",""label"":""Short prediction"",""family"":""local_relative_motion"",""horizon_s"":5.0,""position_tolerance_m"":0.2,""heading_tolerance_deg"":5.0,""maximum_aoi_s"":1.0,""position_error_m"":null,""heading_error_deg"":null,""aoi_s"":0.1351785659790039,""position_margin_m"":null,""heading_margin_deg"":null,""freshness_margin_s"":null,""normalized_margin"":null,""observable"":false,""raw_pass"":false,""reason"":""GPS course unobservable at low speed"",""status"":""unobservable"",""observed_evaluations"":4,""satisfaction_fraction"":0.0},{""service_id"":""local_10s_preview"",""label"":""Planning support"",""family"":""local_relative_motion"",""horizon_s"":10.0,""position_tolerance_m"":0.5,""heading_tolerance_deg"":10.0,""maximum_aoi_s"":1.5,""position_error_m"":null,""heading_error_deg"":null,""aoi_s"":0.1351785659790039,""position_margin_m"":null,""heading_margin_deg"":null,""freshness_margin_s"":null,""normalized_margin"":null,""observable"":false,""raw_pass"":false,""reason"":""GPS course unobservable at low speed"",""status"":""unobservable"",""observed_evaluations"":0,""satisfaction_fraction"":null},{""service_id"":""global_state_tracking"",""label"":""Global asset tracking"",""family"":""global_synchronization"",""horizon_s"":0.0,""position_tolerance_m"":1.0,""heading_tolerance_deg"":5.0,""maximum_aoi_s"":1.0,""position_error_m"":2.928844035699418,""heading_error_deg"":null,""aoi_s"":0.1351785659790039,""position_margin_m"":-1.9288440356994179,""heading_margin_deg"":null,""freshness_margin_s"":0.8648214340209961,""normalized_margin"":-1.9288440356994179,""observable"":true,""raw_pass"":false,""reason"":""position tolerance"",""status"":""withdrawn"",""observed_evaluations"":36,""satisfaction_fraction"":0.0}]",high,10.0,0.4841000190936029
44.949000000000524,5772.153,1789517386.1817243,3721,-0.16012989346917908,0.13146565899865328,-1.639274131466738,2.510422872532491,-1.6697923616381458,True,0.241788887,147.86,,,0.02,0.13675165176391602,1789511613.8919725,1.5732994079371565,3.2212392852608094,,-134.2796,-0.11468221684448505,-0.4116687455893636,-0.3328124717396687,-0.39589749081942466,0.0788562738496949,0.22530363957055688,low-motion,689.6934509277344,646,1067.4061791861584,0,False,0,144170,135508,-0.093933528,-0.15021862,11.40229,11,0.94,False,"[{""service_id"":""local_1s_tight"",""label"":""Immediate motion"",""family"":""local_relative_motion"",""horizon_s"":1.0,""position_tolerance_m"":0.1,""heading_tolerance_deg"":2.0,""maximum_aoi_s"":0.6,""position_error_m"":null,""heading_error_deg"":null,""aoi_s"":0.13675165176391602,""position_margin_m"":null,""heading_margin_deg"":null,""freshness_margin_s"":null,""normalized_margin"":null,""observable"":false,""raw_pass"":false,""reason"":""GPS course unobservable at low speed"",""status"":""unobservable"",""observed_evaluations"":7,""satisfaction_fraction"":0.0},{""service_id"":""local_5s_moderate"",""label"":""Short prediction"",""family"":""local_relative_motion"",""horizon_s"":5.0,""position_tolerance_m"":0.2,""heading_tolerance_deg"":5.0,""maximum_aoi_s"":1.0,""position_error_m"":null,""heading_error_deg"":null,""aoi_s"":0.13675165176391602,""position_margin_m"":null,""heading_margin_deg"":null,""freshness_margin_s"":null,""normalized_margin"":null,""observable"":false,""raw_pass"":false,""reason"":""GPS course unobservable at low speed"",""status"":""unobservable"",""observed_evaluations"":4,""satisfaction_fraction"":0.0},{""service_id"":""local_10s_preview"",""label"":""Planning support"",""family"":""local_relative_motion"",""horizon_s"":10.0,""position_tolerance_m"":0.5,""heading_tolerance_deg"":10.0,""maximum_aoi_s"":1.5,""position_error_m"":null,""heading_error_deg"":null,""aoi_s"":0.13675165176391602,""position_margin_m"":null,""heading_margin_deg"":null,""freshness_margin_s"":null,""normalized_margin"":null,""observable"":false,""raw_pass"":false,""reason"":""GPS course unobservable at low speed"",""status"":""unobservable"",""observed_evaluations"":0,""satisfaction_fraction"":null},{""service_id"":""global_state_tracking"",""label"":""Global asset tracking"",""family"":""global_synchronization"",""horizon_s"":0.0,""position_tolerance_m"":1.0,""heading_tolerance_deg"":5.0,""maximum_aoi_s"":1.0,""position_error_m"":3.2212392852608094,""heading_error_deg"":null,""aoi_s"":0.13675165176391602,""position_margin_m"":-2.2212392852608094,""heading_margin_deg"":null,""freshness_margin_s"":0.863248348236084,""normalized_margin"":-2.2212392852608094,""observable"":true,""raw_pass"":false,""reason"":""position tolerance"",""status"":""withdrawn"",""observed_evaluations"":37,""satisfaction_fraction"":0.0}]",high,10.0,0.464899989310652
45.659999999999854,5772.864,1789517386.8898945,3722,-0.14146210342809992,0.21688344786808694,-1.9326461894806588,2.510422872532491,-1.6697923616381458,True,0.524733329,128.65,-0.6745697558958086,-2.2106950417467583,0.028,0.13392186164855957,1789511613.8919725,2.829824446962448,3.2545413710539157,88.01349568258658,-138.1313,-0.1229731217181647,-0.41239017295141034,-0.4135339496444065,-0.4126189282900096,0.0011437766929961457,0.0032679334085604166,translation,695.465087890625,647,1076.0655948826293,0,False,0,144576,136294,-0.075165593,-0.131359326,11.40229,11,0.94,True,"[{""service_id"":""local_1s_tight"",""label"":""Immediate motion"",""family"":""local_relative_motion"",""horizon_s"":1.0,""position_tolerance_m"":0.1,""heading_tolerance_deg"":2.0,""maximum_aoi_s"":0.6,""position_error_m"":null,""heading_error_deg"":null,""aoi_s"":0.13392186164855957,""position_margin_m"":null,""heading_margin_deg"":null,""freshness_margin_s"":null,""normalized_margin"":null,""observable"":false,""raw_pass"":false,""reason"":""no synchronized 1 s window"",""status"":""unobservable"",""observed_evaluations"":7,""satisfaction_fraction"":0.0},{""service_id"":""local_5s_moderate"",""label"":""Short prediction"",""family"":""local_relative_motion"",""horizon_s"":5.0,""position_tolerance_m"":0.2,""heading_tolerance_deg"":5.0,""maximum_aoi_s"":1.0,""position_error_m"":null,""heading_error_deg"":null,""aoi_s"":0.13392186164855957,""position_margin_m"":null,""heading_margin_deg"":null,""freshness_margin_s"":null,""normalized_margin"":null,""observable"":false,""raw_pass"":false,""reason"":""no synchronized 5 s window"",""status"":""unobservable"",""observed_evaluations"":4,""satisfaction_fraction"":0.0},{""service_id"":""local_10s_preview"",""label"":""Planning support"",""family"":""local_relative_motion"",""horizon_s"":10.0,""position_tolerance_m"":0.5,""heading_tolerance_deg"":10.0,""maximum_aoi_s"":1.5,""position_error_m"":2.682146542996004,""heading_error_deg"":90.99621419167282,""aoi_s"":0.13392186164855957,""position_margin_m"":-2.182146542996004,""heading_margin_deg"":-80.99621419167282,""freshness_margin_s"":1.3660781383514404,""normalized_margin"":-8.099621419167281,""observable"":true,""raw_pass"":false,""reason"":""position tolerance, heading tolerance"",""status"":""withdrawn"",""observed_evaluations"":1,""satisfaction_fraction"":0.0},{""service_id"":""global_state_tracking"",""label"":""Global asset tracking"",""family"":""global_synchronization"",""horizon_s"":0.0,""position_tolerance_m"":1.0,""heading_tolerance_deg"":5.0,""maximum_aoi_s"":1.0,""position_error_m"":3.2545413710539157,""heading_error_deg"":88.01349568258658,""aoi_s"":0.13392186164855957,""position_margin_m"":-2.2545413710539157,""heading_margin_deg"":-83.01349568258658,""freshness_margin_s"":0.8660781383514404,""normalized_margin"":-16.602699136517316,""observable"":true,""raw_pass"":false,""reason"":""position tolerance, heading tolerance"",""status"":""withdrawn"",""observed_evaluations"":38,""satisfaction_fraction"":0.0}]",high,10.0,0.5110999918542802
46.371000000000095,5773.575,1789517387.4713528,3723,-0.1234379551665657,0.25313991286455484,-2.131643165998252,2.363324321257802,-1.854582716616124,True,0.267511109,128.65,,,0.027,0.004380226135253906,1789511613.8919725,129.54166984582116,3.2598284160784066,,-142.0008,-0.05694728455397658,-0.27565027349874804,-0.2968150559172857,-0.2798832299824556,0.021164782418537642,0.060470806910107554,low-motion,571.9304084777832,638,1079.1623876731294,0,False,0,144725,136697,0.0,-0.061138856,11.40229,11,0.94,False,"[{""service_id"":""local_1s_tight"",""label"":""Immediate motion"",""family"":""local_relative_motion"",""horizon_s"":1.0,""position_tolerance_m"":0.1,""heading_tolerance_deg"":2.0,""maximum_aoi_s"":0.6,""position_error_m"":null,""heading_error_deg"":null,""aoi_s"":0.004380226135253906,""position_margin_m"":null,""heading_margin_deg"":null,""freshness_margin_s"":null,""normalized_margin"":null,""observable"":false,""raw_pass"":false,""reason"":""GPS course unobservable at low speed"",""status"":""unobservable"",""observed_evaluations"":7,""satisfaction_fraction"":0.0},{""service_id"":""local_5s_moderate"",""label"":""Short prediction"",""family"":""local_relative_motion"",""horizon_s"":5.0,""position_tolerance_m"":0.2,""heading_tolerance_deg"":5.0,""maximum_aoi_s"":1.0,""position_error_m"":null,""heading_error_deg"":null,""aoi_s"":0.004380226135253906,""position_margin_m"":null,""heading_margin_deg"":null,""freshness_margin_s"":null,""normalized_margin"":null,""observable"":false,""raw_pass"":false,""reason"":""GPS course unobservable at low speed"",""status"":""unobservable"",""observed_evaluations"":4,""satisfaction_fraction"":0.0},{""service_id"":""local_10s_preview"",""label"":""Planning support"",""family"":""local_relative_motion"",""horizon_s"":10.0,""position_tolerance_m"":0.5,""heading_tolerance_deg"":10.0,""maximum_aoi_s"":1.5,""position_error_m"":null,""heading_error_deg"":null,""aoi_s"":0.004380226135253906,""position_margin_m"":null,""heading_margin_deg"":null,""freshness_margin_s"":null,""normalized_margin"":null,""observable"":false,""raw_pass"":false,""reason"":""GPS course unobservable at low speed"",""status"":""unobservable"",""observed_evaluations"":1,""satisfaction_fraction"":0.0},{""service_id"":""global_state_tracking"",""label"":""Global asset tracking"",""family"":""global_synchronization"",""horizon_s"":0.0,""position_tolerance_m"":1.0,""heading_tolerance_deg"":5.0,""maximum_aoi_s"":1.0,""position_error_m"":3.2598284160784066,""heading_error_deg"":null,""aoi_s"":0.004380226135253906,""position_margin_m"":-2.2598284160784066,""heading_margin_deg"":null,""freshness_margin_s"":0.9956197738647461,""normalized_margin"":-2.2598284160784066,""observable"":true,""raw_pass"":false,""reason"":""position tolerance"",""status"":""withdrawn"",""observed_evaluations"":39,""satisfaction_fraction"":0.0}]",high,10.0,0.12919999426230788
46.936000000000604,5774.14,1789517388.170788,3724,-0.11754389814147922,0.26154908143764904,-2.2326202464936933,2.65840756036373,-2.0404862658031684,True,0.267511109,128.65,,,0.003,0.13881540298461914,1789511613.8919725,134.4352340693149,3.6062824681274415,,-143.5471,-0.018175364577721023,-0.19119384171172674,-0.12882711541283146,-0.1787204964519477,0.06236672629889528,0.17819064656827224,low-motion,691.8377876281738,626,1085.5829410108697,0,False,0,144725,136837,0.0,-0.037658047,11.40229,11,0.94,False,"[{""service_id"":""local_1s_tight"",""label"":""Immediate motion"",""family"":""local_relative_motion"",""horizon_s"":1.0,""position_tolerance_m"":0.1,""heading_tolerance_deg"":2.0,""maximum_aoi_s"":0.6,""position_error_m"":null,""heading_error_deg"":null,""aoi_s"":0.13881540298461914,""position_margin_m"":null,""heading_margin_deg"":null,""freshness_margin_s"":null,""normalized_margin"":null,""observable"":false,""raw_pass"":false,""reason"":""GPS course unobservable at low speed"",""status"":""unobservable"",""observed_evaluations"":7,""satisfaction_fraction"":0.0},{""service_id"":""local_5s_moderate"",""label"":""Short prediction"",""family"":""local_relative_motion"",""horizon_s"":5.0,""position_tolerance_m"":0.2,""heading_tolerance_deg"":5.0,""maximum_aoi_s"":1.0,""position_error_m"":null,""heading_error_deg"":null,""aoi_s"":0.13881540298461914,""position_margin_m"":null,""heading_margin_deg"":null,""freshness_margin_s"":null,""normalized_margin"":null,""observable"":false,""raw_pass"":false,""reason"":""GPS course unobservable at low speed"",""status"":""unobservable"",""observed_evaluations"":4,""satisfaction_fraction"":0.0},{""service_id"":""local_10s_preview"",""label"":""Planning support"",""family"":""local_relative_motion"",""horizon_s"":10.0,""position_tolerance_m"":0.5,""heading_tolerance_deg"":10.0,""maximum_aoi_s"":1.5,""position_error_m"":null,""heading_error_deg"":null,""aoi_s"":0.13881540298461914,""position_margin_m"":null,""heading_margin_deg"":null,""freshness_margin_s"":null,""normalized_margin"":null,""observable"":false,""raw_pass"":false,""reason"":""GPS course unobservable at low speed"",""status"":""unobservable"",""observed_evaluations"":1,""satisfaction_fraction"":0.0},{""service_id"":""global_state_tracking"",""label"":""Global asset tracking"",""family"":""global_synchronization"",""horizon_s"":0.0,""position_tolerance_m"":1.0,""heading_tolerance_deg"":5.0,""maximum_aoi_s"":1.0,""position_error_m"":3.6062824681274415,""heading_error_deg"":null,""aoi_s"":0.13881540298461914,""position_margin_m"":-2.6062824681274415,""heading_margin_deg"":null,""freshness_margin_s"":0.8611845970153809,""normalized_margin"":-2.6062824681274415,""observable"":true,""raw_pass"":false,""reason"":""position tolerance"",""status"":""withdrawn"",""observed_evaluations"":40,""satisfaction_fraction"":0.0}]",high,10.0,0.4029999836347997
47.646999999999935,5774.851,1789517388.880293,3725,-0.11640736823293898,0.26298817555151993,-2.2458962065523744,2.65840756036373,-2.0404862658031684,True,0.041155555,128.65,,,0.027,0.13732028007507324,1789511613.8919725,1.495157241151901,3.6063267170262363,,-143.435,-0.0025791342642232534,-0.02713093243101384,0.015162547876700738,-0.018672236369470928,0.04229348030771458,0.1208385151648988,low-motion,696.3963508605957,613,1053.3407533863165,0,False,0,144725,136862,0.0,0.0,11.40229,11,0.94,False,"[{""service_id"":""local_1s_tight"",""label"":""Immediate motion"",""family"":""local_relative_motion"",""horizon_s"":1.0,""position_tolerance_m"":0.1,""heading_tolerance_deg"":2.0,""maximum_aoi_s"":0.6,""position_error_m"":null,""heading_error_deg"":null,""aoi_s"":0.13732028007507324,""position_margin_m"":null,""heading_margin_deg"":null,""freshness_margin_s"":null,""normalized_margin"":null,""observable"":false,""raw_pass"":false,""reason"":""GPS course unobservable at low speed"",""status"":""unobservable"",""observed_evaluations"":7,""satisfaction_fraction"":0.0},{""service_id"":""local_5s_moderate"",""label"":""Short prediction"",""family"":""local_relative_motion"",""horizon_s"":5.0,""position_tolerance_m"":0.2,""heading_tolerance_deg"":5.0,""maximum_aoi_s"":1.0,""position_error_m"":null,""heading_error_deg"":null,""aoi_s"":0.13732028007507324,""position_margin_m"":null,""heading_margin_deg"":null,""freshness_margin_s"":null,""normalized_margin"":null,""observable"":false,""raw_pass"":false,""reason"":""GPS course unobservable at low speed"",""status"":""unobservable"",""observed_evaluations"":4,""satisfaction_fraction"":0.0},{""service_id"":""local_10s_preview"",""label"":""Planning support"",""family"":""local_relative_motion"",""horizon_s"":10.0,""position_tolerance_m"":0.5,""heading_tolerance_deg"":10.0,""maximum_aoi_s"":1.5,""position_error_m"":null,""heading_error_deg"":null,""aoi_s"":0.13732028007507324,""position_margin_m"":null,""heading_margin_deg"":null,""freshness_margin_s"":null,""normalized_margin"":null,""observable"":false,""raw_pass"":false,""reason"":""GPS course unobservable at low speed"",""status"":""unobservable"",""observed_evaluations"":1,""satisfaction_fraction"":0.0},{""service_id"":""global_state_tracking"",""label"":""Global asset tracking"",""family"":""global_synchronization"",""horizon_s"":0.0,""position_tolerance_m"":1.0,""heading_tolerance_deg"":5.0,""maximum_aoi_s"":1.0,""position_error_m"":3.6063267170262363,""heading_error_deg"":null,""aoi_s"":0.13732028007507324,""position_margin_m"":-2.6063267170262363,""heading_margin_deg"":null,""freshness_margin_s"":0.8626797199249268,""normalized_margin"":-2.6063267170262363,""observable"":true,""raw_pass"":false,""reason"":""position tolerance"",""status"":""withdrawn"",""observed_evaluations"":41,""satisfaction_fraction"":0.0}]",high,10.0,0.2136999974027276
48.345000000000255,5775.549,1789517389.440756,3726,-0.11636147296582014,0.2630453938337261,-2.2477469573426605,2.363324321257802,-2.0404862658031684,True,0.041155555,128.65,,,0.017,0.0,1789511613.891756,137.5368099215848,3.384538335581966,,-143.8338,-0.00010508678864528169,-0.001105449453204804,-0.008835729338221293,-0.002651505430208102,0.007730279885016489,0.02208651395718997,low-motion,553.455114364624,620,1082.0919102954344,0,False,0,144725,136863,0.0,0.0,11.40229,11,0.94,False,"[{""service_id"":""local_1s_tight"",""label"":""Immediate motion"",""family"":""local_relative_motion"",""horizon_s"":1.0,""position_tolerance_m"":0.1,""heading_tolerance_deg"":2.0,""maximum_aoi_s"":0.6,""position_error_m"":null,""heading_error_deg"":null,""aoi_s"":0.0,""position_margin_m"":null,""heading_margin_deg"":null,""freshness_margin_s"":null,""normalized_margin"":null,""observable"":false,""raw_pass"":false,""reason"":""GPS course unobservable at low speed"",""status"":""unobservable"",""observed_evaluations"":7,""satisfaction_fraction"":0.0},{""service_id"":""local_5s_moderate"",""label"":""Short prediction"",""family"":""local_relative_motion"",""horizon_s"":5.0,""position_tolerance_m"":0.2,""heading_tolerance_deg"":5.0,""maximum_aoi_s"":1.0,""position_error_m"":null,""heading_error_deg"":null,""aoi_s"":0.0,""position_margin_m"":null,""heading_margin_deg"":null,""freshness_margin_s"":null,""normalized_margin"":null,""observable"":false,""raw_pass"":false,""reason"":""GPS course unobservable at low speed"",""status"":""unobservable"",""observed_evaluations"":4,""satisfaction_fraction"":0.0},{""service_id"":""local_10s_preview"",""label"":""Planning support"",""family"":""local_relative_motion"",""horizon_s"":10.0,""position_tolerance_m"":0.5,""heading_tolerance_deg"":10.0,""maximum_aoi_s"":1.5,""position_error_m"":null,""heading_error_deg"":null,""aoi_s"":0.0,""position_margin_m"":null,""heading_margin_deg"":null,""freshness_margin_s"":null,""normalized_margin"":null,""observable"":false,""raw_pass"":false,""reason"":""GPS course unobservable at low speed"",""status"":""unobservable"",""observed_evaluations"":1,""satisfaction_fraction"":0.0},{""service_id"":""global_state_tracking"",""label"":""Global asset tracking"",""family"":""global_synchronization"",""horizon_s"":0.0,""position_tolerance_m"":1.0,""heading_tolerance_deg"":5.0,""maximum_aoi_s"":1.0,""position_error_m"":3.384538335581966,""heading_error_deg"":null,""aoi_s"":0.0,""position_margin_m"":-2.384538335581966,""heading_margin_deg"":null,""freshness_margin_s"":1.0,""normalized_margin"":-2.384538335581966,""observable"":true,""raw_pass"":false,""reason"":""position tolerance"",""status"":""withdrawn"",""observed_evaluations"":42,""satisfaction_fraction"":0.0}]",high,10.0,0.32839999767020345
48.92900000000009,5776.133,1789517390.1610625,3727,-0.11640742209086069,0.26298821879310047,-2.2477794604485077,2.363324321257802,-2.0404862658031684,True,0.072022222,128.65,,,0.036,0.1363065242767334,1789511613.891756,136.30639648454235,3.3845330874667257,,-144.2485,0.00012560030560695423,0.0013212392437286441,-0.005563236990731925,-5.565600316346977e-05,0.0068844762344605695,0.01966993209845877,low-motion,705.5132389068604,616,1077.7649329645126,0,False,0,144725,136862,0.0,0.0,11.40229,11,0.94,False,"[{""service_id"":""local_1s_tight"",""label"":""Immediate motion"",""family"":""local_relative_motion"",""horizon_s"":1.0,""position_tolerance_m"":0.1,""heading_tolerance_deg"":2.0,""maximum_aoi_s"":0.6,""position_error_m"":null,""heading_error_deg"":null,""aoi_s"":0.1363065242767334,""position_margin_m"":null,""heading_margin_deg"":null,""freshness_margin_s"":null,""normalized_margin"":null,""observable"":false,""raw_pass"":false,""reason"":""GPS course unobservable at low speed"",""status"":""unobservable"",""observed_evaluations"":7,""satisfaction_fraction"":0.0},{""service_id"":""local_5s_moderate"",""label"":""Short prediction"",""family"":""local_relative_motion"",""horizon_s"":5.0,""position_tolerance_m"":0.2,""heading_tolerance_deg"":5.0,""maximum_aoi_s"":1.0,""position_error_m"":null,""heading_error_deg"":null,""aoi_s"":0.1363065242767334,""position_margin_m"":null,""heading_margin_deg"":null,""freshness_margin_s"":null,""normalized_margin"":null,""observable"":false,""raw_pass"":false,""reason"":""GPS course unobservable at low speed"",""status"":""unobservable"",""observed_evaluations"":4,""satisfaction_fraction"":0.0},{""service_id"":""local_10s_preview"",""label"":""Planning support"",""family"":""local_relative_motion"",""horizon_s"":10.0,""position_tolerance_m"":0.5,""heading_tolerance_deg"":10.0,""maximum_aoi_s"":1.5,""position_error_m"":null,""heading_error_deg"":null,""aoi_s"":0.1363065242767334,""position_margin_m"":null,""heading_margin_deg"":null,""freshness_margin_s"":null,""normalized_margin"":null,""observable"":false,""raw_pass"":false,""reason"":""GPS course unobservable at low speed"",""status"":""unobservable"",""observed_evaluations"":1,""satisfaction_fraction"":0.0},{""service_id"":""global_state_tracking"",""label"":""Global asset tracking"",""family"":""global_synchronization"",""horizon_s"":0.0,""position_tolerance_m"":1.0,""heading_tolerance_deg"":5.0,""maximum_aoi_s"":1.0,""position_error_m"":3.3845330874667257,""heading_error_deg"":null,""aoi_s"":0.1363065242767334,""position_margin_m"":-2.3845330874667257,""heading_margin_deg"":null,""freshness_margin_s"":0.8636934757232666,""normalized_margin"":-2.3845330874667257,""observable"":true,""raw_pass"":false,""reason"":""position tolerance"",""status"":""withdrawn"",""observed_evaluations"":43,""satisfaction_fraction"":0.0}]",high,10.0,0.26890001026913524
49.64600000000064,5776.85,1789517390.7435248,3728,-0.11640742209086069,0.26298821879310047,-2.2471694024250883,2.510422872532491,-2.0404862658031684,True,0.020577778,128.65,,,0.033,0.0017688274383544922,1789511613.891756,134.53768920953735,3.493741847638009,,-144.6873,-0.0,0.0,0.004254240051736178,0.0008508480103472356,0.004254240051736178,0.012154971576389081,low-motion,576.5445232391357,619,1101.53875035814,0,False,0,144725,136862,0.0,0.0,11.40229,11,0.94,False,"[{""service_id"":""local_1s_tight"",""label"":""Immediate motion"",""family"":""local_relative_motion"",""horizon_s"":1.0,""position_tolerance_m"":0.1,""heading_tolerance_deg"":2.0,""maximum_aoi_s"":0.6,""position_error_m"":null,""heading_error_deg"":null,""aoi_s"":0.0017688274383544922,""position_margin_m"":null,""heading_margin_deg"":null,""freshness_margin_s"":null,""normalized_margin"":null,""observable"":false,""raw_pass"":false,""reason"":""GPS course unobservable at low speed"",""status"":""unobservable"",""observed_evaluations"":7,""satisfaction_fraction"":0.0},{""service_id"":""local_5s_moderate"",""label"":""Short prediction"",""family"":""local_relative_motion"",""horizon_s"":5.0,""position_tolerance_m"":0.2,""heading_tolerance_deg"":5.0,""maximum_aoi_s"":1.0,""position_error_m"":null,""heading_error_deg"":null,""aoi_s"":0.0017688274383544922,""position_margin_m"":null,""heading_margin_deg"":null,""freshness_margin_s"":null,""normalized_margin"":null,""observable"":false,""raw_pass"":false,""reason"":""GPS course unobservable at low speed"",""status"":""unobservable"",""observed_evaluations"":4,""satisfaction_fraction"":0.0},{""service_id"":""local_10s_preview"",""label"":""Planning support"",""family"":""local_relative_motion"",""horizon_s"":10.0,""position_tolerance_m"":0.5,""heading_tolerance_deg"":10.0,""maximum_aoi_s"":1.5,""position_error_m"":null,""heading_error_deg"":null,""aoi_s"":0.0017688274383544922,""position_margin_m"":null,""heading_margin_deg"":null,""freshness_margin_s"":null,""normalized_margin"":null,""observable"":false,""raw_pass"":false,""reason"":""GPS course unobservable at low speed"",""status"":""unobservable"",""observed_evaluations"":1,""satisfaction_fraction"":0.0},{""service_id"":""global_state_tracking"",""label"":""Global asset tracking"",""family"":""global_synchronization"",""horizon_s"":0.0,""position_tolerance_m"":1.0,""heading_tolerance_deg"":5.0,""maximum_aoi_s"":1.0,""position_error_m"":3.493741847638009,""heading_error_deg"":null,""aoi_s"":0.0017688274383544922,""position_margin_m"":-2.493741847638009,""heading_margin_deg"":null,""freshness_margin_s"":0.9982311725616455,""normalized_margin"":-2.493741847638009,""observable"":true,""raw_pass"":false,""reason"":""position tolerance"",""status"":""withdrawn"",""observed_evaluations"":44,""satisfaction_fraction"":0.0}]",high,10.0,0.4963999963365495
50.21300000000065,5777.417,1789517391.4479527,3729,-0.11640742209086069,0.26298821879310047,-2.247305472656897,2.510422872532491,-2.0404862658031684,True,0.036011111,128.65,,,0.017,0.13919663429260254,1789511613.891756,137.42795753478276,3.493741847638009,,-144.7516,-0.0,0.0,-0.0011999138607461017,-0.00023998277214922034,0.0011999138607461017,0.0034283253164174338,low-motion,691.7896270751953,620,1096.738942943575,0,False,0,144725,136862,0.0,0.0,11.40229,10,0.96,False,"[{""service_id"":""local_1s_tight"",""label"":""Immediate motion"",""family"":""local_relative_motion"",""horizon_s"":1.0,""position_tolerance_m"":0.1,""heading_tolerance_deg"":2.0,""maximum_aoi_s"":0.6,""position_error_m"":null,""heading_error_deg"":null,""aoi_s"":0.13919663429260254,""position_margin_m"":null,""heading_margin_deg"":null,""freshness_margin_s"":null,""normalized_margin"":null,""observable"":false,""raw_pass"":false,""reason"":""GPS course unobservable at low speed"",""status"":""unobservable"",""observed_evaluations"":7,""satisfaction_fraction"":0.0},{""service_id"":""local_5s_moderate"",""label"":""Short prediction"",""family"":""local_relative_motion"",""horizon_s"":5.0,""position_tolerance_m"":0.2,""heading_tolerance_deg"":5.0,""maximum_aoi_s"":1.0,""position_error_m"":null,""heading_error_deg"":null,""aoi_s"":0.13919663429260254,""position_margin_m"":null,""heading_margin_deg"":null,""freshness_margin_s"":null,""normalized_margin"":null,""observable"":false,""raw_pass"":false,""reason"":""GPS course unobservable at low speed"",""status"":""unobservable"",""observed_evaluations"":4,""satisfaction_fraction"":0.0},{""service_id"":""local_10s_preview"",""label"":""Planning support"",""family"":""local_relative_motion"",""horizon_s"":10.0,""position_tolerance_m"":0.5,""heading_tolerance_deg"":10.0,""maximum_aoi_s"":1.5,""position_error_m"":null,""heading_error_deg"":null,""aoi_s"":0.13919663429260254,""position_margin_m"":null,""heading_margin_deg"":null,""freshness_margin_s"":null,""normalized_margin"":null,""observable"":false,""raw_pass"":false,""reason"":""GPS course unobservable at low speed"",""status"":""unobservable"",""observed_evaluations"":1,""satisfaction_fraction"":0.0},{""service_id"":""global_state_tracking"",""label"":""Global asset tracking"",""family"":""global_synchronization"",""horizon_s"":0.0,""position_tolerance_m"":1.0,""heading_tolerance_deg"":5.0,""maximum_aoi_s"":1.0,""position_error_m"":3.493741847638009,""heading_error_deg"":null,""aoi_s"":0.13919663429260254,""position_margin_m"":-2.493741847638009,""heading_margin_deg"":null,""freshness_margin_s"":0.8608033657073975,""normalized_margin"":-2.493741847638009,""observable"":true,""raw_pass"":false,""reason"":""position tolerance"",""status"":""withdrawn"",""observed_evaluations"":45,""satisfaction_fraction"":0.0}]",high,10.0,0.31480001052841544
50.93000000000029,5778.134,1789517392.0316753,3730,-0.11640742209086069,0.26298821879310047,-2.2479468157071576,2.510422872532491,-2.0404862658031684,True,0.036011111,128.65,,,0.017,0.005919218063354492,1789511613.891756,133.277408599497,3.493741847638009,,-144.6282,-0.0,0.0,-0.004472406208235469,-0.0008944812416470937,0.004472406208235469,0.01277830345210134,low-motion,573.9917755126953,618,1089.835198016414,0,False,0,144725,136862,0.0,0.0,11.4331,10,0.96,False,"[{""service_id"":""local_1s_tight"",""label"":""Immediate motion"",""family"":""local_relative_motion"",""horizon_s"":1.0,""position_tolerance_m"":0.1,""heading_tolerance_deg"":2.0,""maximum_aoi_s"":0.6,""position_error_m"":null,""heading_error_deg"":null,""aoi_s"":0.005919218063354492,""position_margin_m"":null,""heading_margin_deg"":null,""freshness_margin_s"":null,""normalized_margin"":null,""observable"":false,""raw_pass"":false,""reason"":""GPS course unobservable at low speed"",""status"":""unobservable"",""observed_evaluations"":7,""satisfaction_fraction"":0.0},{""service_id"":""local_5s_moderate"",""label"":""Short prediction"",""family"":""local_relative_motion"",""horizon_s"":5.0,""position_tolerance_m"":0.2,""heading_tolerance_deg"":5.0,""maximum_aoi_s"":1.0,""position_error_m"":null,""heading_error_deg"":null,""aoi_s"":0.005919218063354492,""position_margin_m"":null,""heading_margin_deg"":null,""freshness_margin_s"":null,""normalized_margin"":null,""observable"":false,""raw_pass"":false,""reason"":""GPS course unobservable at low speed"",""status"":""unobservable"",""observed_evaluations"":4,""satisfaction_fraction"":0.0},{""service_id"":""local_10s_preview"",""label"":""Planning support"",""family"":""local_relative_motion"",""horizon_s"":10.0,""position_tolerance_m"":0.5,""heading_tolerance_deg"":10.0,""maximum_aoi_s"":1.5,""position_error_m"":null,""heading_error_deg"":null,""aoi_s"":0.005919218063354492,""position_margin_m"":null,""heading_margin_deg"":null,""freshness_margin_s"":null,""normalized_margin"":null,""observable"":false,""raw_pass"":false,""reason"":""GPS course unobservable at low speed"",""status"":""unobservable"",""observed_evaluations"":1,""satisfaction_fraction"":0.0},{""service_id"":""global_state_tracking"",""label"":""Global asset tracking"",""family"":""global_synchronization"",""horizon_s"":0.0,""position_tolerance_m"":1.0,""heading_tolerance_deg"":5.0,""maximum_aoi_s"":1.0,""position_error_m"":3.493741847638009,""heading_error_deg"":null,""aoi_s"":0.005919218063354492,""position_margin_m"":-2.493741847638009,""heading_margin_deg"":null,""freshness_margin_s"":0.9940807819366455,""normalized_margin"":-2.493741847638009,""observable"":true,""raw_pass"":false,""reason"":""position tolerance"",""status"":""withdrawn"",""observed_evaluations"":46,""satisfaction_fraction"":0.0}]",high,10.0,0.34359999699518085
51.50700000000052,5778.711,1789517392.7454095,3731,-0.11640742209086069,0.26298821879310047,-2.2477076401497875,2.510422872532491,-2.0404862658031684,True,0.015433333,128.65,,,0.027,0.1426534652709961,1789511613.891756,136.73414993263577,3.493741847638009,,-144.7082,-0.0,0.0,0.002072578486743266,0.0004145156973486533,0.002072578486743266,0.005921652819266475,low-motion,702.7106285095215,616,1081.6195538801,0,False,0,144725,136862,0.0,0.0,11.4331,10,0.96,False,"[{""service_id"":""local_1s_tight"",""label"":""Immediate motion"",""family"":""local_relative_motion"",""horizon_s"":1.0,""position_tolerance_m"":0.1,""heading_tolerance_deg"":2.0,""maximum_aoi_s"":0.6,""position_error_m"":null,""heading_error_deg"":null,""aoi_s"":0.1426534652709961,""position_margin_m"":null,""heading_margin_deg"":null,""freshness_margin_s"":null,""normalized_margin"":null,""observable"":false,""raw_pass"":false,""reason"":""GPS course unobservable at low speed"",""status"":""unobservable"",""observed_evaluations"":7,""satisfaction_fraction"":0.0},{""service_id"":""local_5s_moderate"",""label"":""Short prediction"",""family"":""local_relative_motion"",""horizon_s"":5.0,""position_tolerance_m"":0.2,""heading_tolerance_deg"":5.0,""maximum_aoi_s"":1.0,""position_error_m"":null,""heading_error_deg"":null,""aoi_s"":0.1426534652709961,""position_margin_m"":null,""heading_margin_deg"":null,""freshness_margin_s"":null,""normalized_margin"":null,""observable"":false,""raw_pass"":false,""reason"":""GPS course unobservable at low speed"",""status"":""unobservable"",""observed_evaluations"":4,""satisfaction_fraction"":0.0},{""service_id"":""local_10s_preview"",""label"":""Planning support"",""family"":""local_relative_motion"",""horizon_s"":10.0,""position_tolerance_m"":0.5,""heading_tolerance_deg"":10.0,""maximum_aoi_s"":1.5,""position_error_m"":null,""heading_error_deg"":null,""aoi_s"":0.1426534652709961,""position_margin_m"":null,""heading_margin_deg"":null,""freshness_margin_s"":null,""normalized_margin"":null,""observable"":false,""raw_pass"":false,""reason"":""GPS course unobservable at low speed"",""status"":""unobservable"",""observed_evaluations"":1,""satisfaction_fraction"":0.0},{""service_id"":""global_state_tracking"",""label"":""Global asset tracking"",""family"":""global_synchronization"",""horizon_s"":0.0,""position_tolerance_m"":1.0,""heading_tolerance_deg"":5.0,""maximum_aoi_s"":1.0,""position_error_m"":3.493741847638009,""heading_error_deg"":null,""aoi_s"":0.1426534652709961,""position_margin_m"":-2.493741847638009,""heading_margin_deg"":null,""freshness_margin_s"":0.8573465347290039,""normalized_margin"":-2.493741847638009,""observable"":true,""raw_pass"":false,""reason"":""position tolerance"",""status"":""withdrawn"",""observed_evaluations"":47,""satisfaction_fraction"":0.0}]",high,10.0,0.37109997356310487
52.233000000000175,5779.437,1789517393.3410857,3732,-0.11640742209086069,0.26298821879310047,-2.2472483131238943,2.510422872532491,-2.0404862658031684,True,0.036011111,128.65,,,0.041,0.012329578399658203,1789511613.891756,130.3238162990965,3.493741847638009,,-145.3084,-0.0,0.0,0.0031634092692397224,0.0006326818538479446,0.0031634092692397224,0.009038312197827778,low-motion,583.6727619171143,618,1107.4264696253929,0,False,0,144725,136862,0.0,0.0,11.4331,10,0.96,False,"[{""service_id"":""local_1s_tight"",""label"":""Immediate motion"",""family"":""local_relative_motion"",""horizon_s"":1.0,""position_tolerance_m"":0.1,""heading_tolerance_deg"":2.0,""maximum_aoi_s"":0.6,""position_error_m"":null,""heading_error_deg"":null,""aoi_s"":0.012329578399658203,""position_margin_m"":null,""heading_margin_deg"":null,""freshness_margin_s"":null,""normalized_margin"":null,""observable"":false,""raw_pass"":false,""reason"":""GPS course unobservable at low speed"",""status"":""unobservable"",""observed_evaluations"":7,""satisfaction_fraction"":0.0},{""service_id"":""local_5s_moderate"",""label"":""Short prediction"",""family"":""local_relative_motion"",""horizon_s"":5.0,""position_tolerance_m"":0.2,""heading_tolerance_deg"":5.0,""maximum_aoi_s"":1.0,""position_error_m"":null,""heading_error_deg"":null,""aoi_s"":0.012329578399658203,""position_margin_m"":null,""heading_margin_deg"":null,""freshness_margin_s"":null,""normalized_margin"":null,""observable"":false,""raw_pass"":false,""reason"":""GPS course unobservable at low speed"",""status"":""unobservable"",""observed_evaluations"":4,""satisfaction_fraction"":0.0},{""service_id"":""local_10s_preview"",""label"":""Planning support"",""family"":""local_relative_motion"",""horizon_s"":10.0,""position_tolerance_m"":0.5,""heading_tolerance_deg"":10.0,""maximum_aoi_s"":1.5,""position_error_m"":null,""heading_error_deg"":null,""aoi_s"":0.012329578399658203,""position_margin_m"":null,""heading_margin_deg"":null,""freshness_margin_s"":null,""normalized_margin"":null,""observable"":false,""raw_pass"":false,""reason"":""GPS course unobservable at low speed"",""status"":""unobservable"",""observed_evaluations"":1,""satisfaction_fraction"":0.0},{""service_id"":""global_state_tracking"",""label"":""Global asset tracking"",""family"":""global_synchronization"",""horizon_s"":0.0,""position_tolerance_m"":1.0,""heading_tolerance_deg"":5.0,""maximum_aoi_s"":1.0,""position_error_m"":3.493741847638009,""heading_error_deg"":null,""aoi_s"":0.012329578399658203,""position_margin_m"":-2.493741847638009,""heading_margin_deg"":null,""freshness_margin_s"":0.9876704216003418,""normalized_margin"":-2.493741847638009,""observable"":true,""raw_pass"":false,""reason"":""position tolerance"",""status"":""withdrawn"",""observed_evaluations"":48,""satisfaction_fraction"":0.0}]",high,10.0,0.5305999657139182
52.8119999999999,5780.016,1789517394.0471654,3733,-0.11640742209086069,0.26298821879310047,-2.2462503993074514,2.510422872532491,-2.0404862658031684,True,0.036011111,128.65,,,0.62,0.13940930366516113,1789511613.891756,127.07972145108215,3.493741847638009,,-145.6943,-0.0,0.0,0.008617563181722002,0.0017235126363444005,0.008617563181722002,0.024621609090634294,low-motion,695.5876350402832,618,1073.5042558800076,0,False,0,144725,136862,0.0,0.0,11.4331,10,0.96,False,"[{""service_id"":""local_1s_tight"",""label"":""Immediate motion"",""family"":""local_relative_motion"",""horizon_s"":1.0,""position_tolerance_m"":0.1,""heading_tolerance_deg"":2.0,""maximum_aoi_s"":0.6,""position_error_m"":null,""heading_error_deg"":null,""aoi_s"":0.13940930366516113,""position_margin_m"":null,""heading_margin_deg"":null,""freshness_margin_s"":null,""normalized_margin"":null,""observable"":false,""raw_pass"":false,""reason"":""GPS course unobservable at low speed"",""status"":""unobservable"",""observed_evaluations"":7,""satisfaction_fraction"":0.0},{""service_id"":""local_5s_moderate"",""label"":""Short prediction"",""family"":""local_relative_motion"",""horizon_s"":5.0,""position_tolerance_m"":0.2,""heading_tolerance_deg"":5.0,""maximum_aoi_s"":1.0,""position_error_m"":null,""heading_error_deg"":null,""aoi_s"":0.13940930366516113,""position_margin_m"":null,""heading_margin_deg"":null,""freshness_margin_s"":null,""normalized_margin"":null,""observable"":false,""raw_pass"":false,""reason"":""GPS course unobservable at low speed"",""status"":""unobservable"",""observed_evaluations"":4,""satisfaction_fraction"":0.0},{""service_id"":""local_10s_preview"",""label"":""Planning support"",""family"":""local_relative_motion"",""horizon_s"":10.0,""position_tolerance_m"":0.5,""heading_tolerance_deg"":10.0,""maximum_aoi_s"":1.5,""position_error_m"":null,""heading_error_deg"":null,""aoi_s"":0.13940930366516113,""position_margin_m"":null,""heading_margin_deg"":null,""freshness_margin_s"":null,""normalized_margin"":null,""observable"":false,""raw_pass"":false,""reason"":""GPS course unobservable at low speed"",""status"":""unobservable"",""observed_evaluations"":1,""satisfaction_fraction"":0.0},{""service_id"":""global_state_tracking"",""label"":""Global asset tracking"",""family"":""global_synchronization"",""horizon_s"":0.0,""position_tolerance_m"":1.0,""heading_tolerance_deg"":5.0,""maximum_aoi_s"":1.0,""position_error_m"":3.493741847638009,""heading_error_deg"":null,""aoi_s"":0.13940930366516113,""position_margin_m"":-2.493741847638009,""heading_margin_deg"":null,""freshness_margin_s"":0.8605906963348389,""normalized_margin"":-2.493741847638009,""observable"":true,""raw_pass"":false,""reason"":""position tolerance"",""status"":""withdrawn"",""observed_evaluations"":49,""satisfaction_fraction"":0.0}]",high,10.0,0.3215000033378601
53.64300000000003,5780.847,1789517394.8751705,3734,-0.11535920242104074,0.26431011822898187,-2.2362150868247714,2.510422872532491,-2.0404862658031684,True,0.015433333,128.65,,,0.143,0.1364145278930664,1789511613.891756,2.994924545419053,3.493825679251177,,-144.0827,-0.0020301604150563903,0.010213767631418822,0.01952587100668656,0.01207618830647237,0.00931210337526774,0.026606009643622114,low-motion,816.9002532958984,641,1053.4336528257923,0,False,0,144742,136868,-0.081419224,-0.020316328,11.4331,11,0.94,False,"[{""service_id"":""local_1s_tight"",""label"":""Immediate motion"",""family"":""local_relative_motion"",""horizon_s"":1.0,""position_tolerance_m"":0.1,""heading_tolerance_deg"":2.0,""maximum_aoi_s"":0.6,""position_error_m"":null,""heading_error_deg"":null,""aoi_s"":0.1364145278930664,""position_margin_m"":null,""heading_margin_deg"":null,""freshness_margin_s"":null,""normalized_margin"":null,""observable"":false,""raw_pass"":false,""reason"":""GPS course unobservable at low speed"",""status"":""unobservable"",""observed_evaluations"":7,""satisfaction_fraction"":0.0},{""service_id"":""local_5s_moderate"",""label"":""Short prediction"",""family"":""local_relative_motion"",""horizon_s"":5.0,""position_tolerance_m"":0.2,""heading_tolerance_deg"":5.0,""maximum_aoi_s"":1.0,""position_error_m"":null,""heading_error_deg"":null,""aoi_s"":0.1364145278930664,""position_margin_m"":null,""heading_margin_deg"":null,""freshness_margin_s"":null,""normalized_margin"":null,""observable"":false,""raw_pass"":false,""reason"":""GPS course unobservable at low speed"",""status"":""unobservable"",""observed_evaluations"":4,""satisfaction_fraction"":0.0},{""service_id"":""local_10s_preview"",""label"":""Planning support"",""family"":""local_relative_motion"",""horizon_s"":10.0,""position_tolerance_m"":0.5,""heading_tolerance_deg"":10.0,""maximum_aoi_s"":1.5,""position_error_m"":null,""heading_error_deg"":null,""aoi_s"":0.1364145278930664,""position_margin_m"":null,""heading_margin_deg"":null,""freshness_margin_s"":null,""normalized_margin"":null,""observable"":false,""raw_pass"":false,""reason"":""GPS course unobservable at low speed"",""status"":""unobservable"",""observed_evaluations"":1,""satisfaction_fraction"":0.0},{""service_id"":""global_state_tracking"",""label"":""Global asset tracking"",""family"":""global_synchronization"",""horizon_s"":0.0,""position_tolerance_m"":1.0,""heading_tolerance_deg"":5.0,""maximum_aoi_s"":1.0,""position_error_m"":3.493825679251177,""heading_error_deg"":null,""aoi_s"":0.1364145278930664,""position_margin_m"":-2.493825679251177,""heading_margin_deg"":null,""freshness_margin_s"":0.8635854721069336,""normalized_margin"":-2.493825679251177,""observable"":true,""raw_pass"":false,""reason"":""position tolerance"",""status"":""withdrawn"",""observed_evaluations"":50,""satisfaction_fraction"":0.0}]",high,10.0,0.3719000378623605
54.35500000000047,5781.559,1789517395.5843985,3735,-0.07886890640982555,0.31504516462402826,-2.1524124177890873,2.510422872532491,-2.2263898157811854,True,0.102888888,128.65,,,0.027,0.13364243507385254,1789511613.891756,2.7719612126020365,3.628129501013644,,-144.5004,-0.08777344502834851,0.09970160405475839,0.18969547307613369,0.11770037785903345,0.0899938690213753,0.2571253400610723,low-motion,693.0785179138184,647,1032.2516741449606,0,False,0,145214,137248,-0.112875263,-0.075240768,11.4331,11,0.94,False,"[{""service_id"":""local_1s_tight"",""label"":""Immediate motion"",""family"":""local_relative_motion"",""horizon_s"":1.0,""position_tolerance_m"":0.1,""heading_tolerance_deg"":2.0,""maximum_aoi_s"":0.6,""position_error_m"":null,""heading_error_deg"":null,""aoi_s"":0.13364243507385254,""position_margin_m"":null,""heading_margin_deg"":null,""freshness_margin_s"":null,""normalized_margin"":null,""observable"":false,""raw_pass"":false,""reason"":""GPS course unobservable at low speed"",""status"":""unobservable"",""observed_evaluations"":7,""satisfaction_fraction"":0.0},{""service_id"":""local_5s_moderate"",""label"":""Short prediction"",""family"":""local_relative_motion"",""horizon_s"":5.0,""position_tolerance_m"":0.2,""heading_tolerance_deg"":5.0,""maximum_aoi_s"":1.0,""position_error_m"":null,""heading_error_deg"":null,""aoi_s"":0.13364243507385254,""position_margin_m"":null,""heading_margin_deg"":null,""freshness_margin_s"":null,""normalized_margin"":null,""observable"":false,""raw_pass"":false,""reason"":""GPS course unobservable at low speed"",""status"":""unobservable"",""observed_evaluations"":4,""satisfaction_fraction"":0.0},{""service_id"":""local_10s_preview"",""label"":""Planning support"",""family"":""local_relative_motion"",""horizon_s"":10.0,""position_tolerance_m"":0.5,""heading_tolerance_deg"":10.0,""maximum_aoi_s"":1.5,""position_error_m"":null,""heading_error_deg"":null,""aoi_s"":0.13364243507385254,""position_margin_m"":null,""heading_margin_deg"":null,""freshness_margin_s"":null,""normalized_margin"":null,""observable"":false,""raw_pass"":false,""reason"":""GPS course unobservable at low speed"",""status"":""unobservable"",""observed_evaluations"":1,""satisfaction_fraction"":0.0},{""service_id"":""global_state_tracking"",""label"":""Global asset tracking"",""family"":""global_synchronization"",""horizon_s"":0.0,""position_tolerance_m"":1.0,""heading_tolerance_deg"":5.0,""maximum_aoi_s"":1.0,""position_error_m"":3.628129501013644,""heading_error_deg"":null,""aoi_s"":0.13364243507385254,""position_margin_m"":-2.628129501013644,""heading_margin_deg"":null,""freshness_margin_s"":0.8663575649261475,""normalized_margin"":-2.628129501013644,""observable"":true,""raw_pass"":false,""reason"":""position tolerance"",""status"":""withdrawn"",""observed_evaluations"":51,""satisfaction_fraction"":0.0}]",high,10.0,0.5082000279799104
55.07800000000043,5782.282,1789517396.3122857,3736,-0.039659253263047194,0.3888190680586482,-1.9662131740888296,2.510422872532491,-2.2263898157811854,True,0.102888888,128.65,,,0.043,0.13852953910827637,1789511613.891756,4.887153625531937,3.6527026096325828,,-139.9105,-0.11555506069487205,0.22731893776743622,0.37840919844802057,0.2575369899035531,0.15109026068058434,0.43168645908738384,low-motion,710.6180191040039,646,1032.8240456520725,0,False,0,145890,137711,-0.145154228,-0.103695882,11.4331,11,0.94,False,"[{""service_id"":""local_1s_tight"",""label"":""Immediate motion"",""family"":""local_relative_motion"",""horizon_s"":1.0,""position_tolerance_m"":0.1,""heading_tolerance_deg"":2.0,""maximum_aoi_s"":0.6,""position_error_m"":null,""heading_error_deg"":null,""aoi_s"":0.13852953910827637,""position_margin_m"":null,""heading_margin_deg"":null,""freshness_margin_s"":null,""normalized_margin"":null,""observable"":false,""raw_pass"":false,""reason"":""GPS course unobservable at low speed"",""status"":""unobservable"",""observed_evaluations"":7,""satisfaction_fraction"":0.0},{""service_id"":""local_5s_moderate"",""label"":""Short prediction"",""family"":""local_relative_motion"",""horizon_s"":5.0,""position_tolerance_m"":0.2,""heading_tolerance_deg"":5.0,""maximum_aoi_s"":1.0,""position_error_m"":null,""heading_error_deg"":null,""aoi_s"":0.13852953910827637,""position_margin_m"":null,""heading_margin_deg"":null,""freshness_margin_s"":null,""normalized_margin"":null,""observable"":false,""raw_pass"":false,""reason"":""GPS course unobservable at low speed"",""status"":""unobservable"",""observed_evaluations"":4,""satisfaction_fraction"":0.0},{""service_id"":""local_10s_preview"",""label"":""Planning support"",""family"":""local_relative_motion"",""horizon_s"":10.0,""position_tolerance_m"":0.5,""heading_tolerance_deg"":10.0,""maximum_aoi_s"":1.5,""position_error_m"":null,""heading_error_deg"":null,""aoi_s"":0.13852953910827637,""position_margin_m"":null,""heading_margin_deg"":null,""freshness_margin_s"":null,""normalized_margin"":null,""observable"":false,""raw_pass"":false,""reason"":""GPS course unobservable at low speed"",""status"":""unobservable"",""observed_evaluations"":1,""satisfaction_fraction"":0.0},{""service_id"":""global_state_tracking"",""label"":""Global asset tracking"",""family"":""global_synchronization"",""horizon_s"":0.0,""position_tolerance_m"":1.0,""heading_tolerance_deg"":5.0,""maximum_aoi_s"":1.0,""position_error_m"":3.6527026096325828,""heading_error_deg"":null,""aoi_s"":0.13852953910827637,""position_margin_m"":-2.6527026096325828,""heading_margin_deg"":null,""freshness_margin_s"":0.8614704608917236,""normalized_margin"":-2.6527026096325828,""observable"":true,""raw_pass"":false,""reason"":""position tolerance"",""status"":""withdrawn"",""observed_evaluations"":52,""satisfaction_fraction"":0.0}]",high,10.0,0.47989998711273074
55.784999999999854,5782.989,1789517397.0183167,3737,-0.01721757307437564,0.4715770839843735,-1.704987765237152,2.510422872532491,-2.2263898157811854,True,0.041155555,128.65,,,0.027,0.13756060600280762,1789511613.891756,0.968915938756254,3.6970246975775343,,-135.6893,-0.12128263965585627,0.37652515251285346,0.34132095184314104,0.369484312378911,0.035204200669712415,0.10058343048489263,translation,694.0314769744873,646,1012.7056645577034,0,False,0,146647,138123,-0.169312894,-0.09405096,11.4331,11,0.94,False,"[{""service_id"":""local_1s_tight"",""label"":""Immediate motion"",""family"":""local_relative_motion"",""horizon_s"":1.0,""position_tolerance_m"":0.1,""heading_tolerance_deg"":2.0,""maximum_aoi_s"":0.6,""position_error_m"":null,""heading_error_deg"":null,""aoi_s"":0.13756060600280762,""position_margin_m"":null,""heading_margin_deg"":null,""freshness_margin_s"":null,""normalized_margin"":null,""observable"":false,""raw_pass"":false,""reason"":""GPS course unobservable at low speed"",""status"":""unobservable"",""observed_evaluations"":7,""satisfaction_fraction"":0.0},{""service_id"":""local_5s_moderate"",""label"":""Short prediction"",""family"":""local_relative_motion"",""horizon_s"":5.0,""position_tolerance_m"":0.2,""heading_tolerance_deg"":5.0,""maximum_aoi_s"":1.0,""position_error_m"":null,""heading_error_deg"":null,""aoi_s"":0.13756060600280762,""position_margin_m"":null,""heading_margin_deg"":null,""freshness_margin_s"":null,""normalized_margin"":null,""observable"":false,""raw_pass"":false,""reason"":""GPS course unobservable at low speed"",""status"":""unobservable"",""observed_evaluations"":4,""satisfaction_fraction"":0.0},{""service_id"":""local_10s_preview"",""label"":""Planning support"",""family"":""local_relative_motion"",""horizon_s"":10.0,""position_tolerance_m"":0.5,""heading_tolerance_deg"":10.0,""maximum_aoi_s"":1.5,""position_error_m"":null,""heading_error_deg"":null,""aoi_s"":0.13756060600280762,""position_margin_m"":null,""heading_margin_deg"":null,""freshness_margin_s"":null,""normalized_margin"":null,""observable"":false,""raw_pass"":false,""reason"":""GPS course unobservable at low speed"",""status"":""unobservable"",""observed_evaluations"":1,""satisfaction_fraction"":0.0},{""service_id"":""global_state_tracking"",""label"":""Global asset tracking"",""family"":""global_synchronization"",""horizon_s"":0.0,""position_tolerance_m"":1.0,""heading_tolerance_deg"":5.0,""maximum_aoi_s"":1.0,""position_error_m"":3.6970246975775343,""heading_error_deg"":null,""aoi_s"":0.13756060600280762,""position_margin_m"":-2.6970246975775343,""heading_margin_deg"":null,""freshness_margin_s"":0.8624393939971924,""normalized_margin"":-2.6970246975775343,""observable"":true,""raw_pass"":false,""reason"":""position tolerance"",""status"":""withdrawn"",""observed_evaluations"":53,""satisfaction_fraction"":0.0}]",high,10.0,0.15850004274398088
56.48000000000047,5783.684,1789517397.715583,3738,-0.017160188951084836,0.560991420730794,-1.4378884434848596,2.510422872532491,-2.2263898157811854,True,0.138899999,128.65,,,0.011,0.13982701301574707,1789511613.891756,2.2663402551188483,3.762734416665324,,-131.4574,-0.12865374843203325,0.38524674857957886,0.38059086001301345,0.3843155708662658,0.004655888566565403,0.013302538761615437,translation,691.2658214569092,645,1021.4934952617042,0,False,0,147430,138559,-0.176892554,-0.10477176,11.4331,11,0.94,False,"[{""service_id"":""local_1s_tight"",""label"":""Immediate motion"",""family"":""local_relative_motion"",""horizon_s"":1.0,""position_tolerance_m"":0.1,""heading_tolerance_deg"":2.0,""maximum_aoi_s"":0.6,""position_error_m"":null,""heading_error_deg"":null,""aoi_s"":0.13982701301574707,""position_margin_m"":null,""heading_margin_deg"":null,""freshness_margin_s"":null,""normalized_margin"":null,""observable"":false,""raw_pass"":false,""reason"":""GPS course unobservable at low speed"",""status"":""unobservable"",""observed_evaluations"":7,""satisfaction_fraction"":0.0},{""service_id"":""local_5s_moderate"",""label"":""Short prediction"",""family"":""local_relative_motion"",""horizon_s"":5.0,""position_tolerance_m"":0.2,""heading_tolerance_deg"":5.0,""maximum_aoi_s"":1.0,""position_error_m"":null,""heading_error_deg"":null,""aoi_s"":0.13982701301574707,""position_margin_m"":null,""heading_margin_deg"":null,""freshness_margin_s"":null,""normalized_margin"":null,""observable"":false,""raw_pass"":false,""reason"":""GPS course unobservable at low speed"",""status"":""unobservable"",""observed_evaluations"":4,""satisfaction_fraction"":0.0},{""service_id"":""local_10s_preview"",""label"":""Planning support"",""family"":""local_relative_motion"",""horizon_s"":10.0,""position_tolerance_m"":0.5,""heading_tolerance_deg"":10.0,""maximum_aoi_s"":1.5,""position_error_m"":null,""heading_error_deg"":null,""aoi_s"":0.13982701301574707,""position_margin_m"":null,""heading_margin_deg"":null,""freshness_margin_s"":null,""normalized_margin"":null,""observable"":false,""raw_pass"":false,""reason"":""GPS course unobservable at low speed"",""status"":""unobservable"",""observed_evaluations"":1,""satisfaction_fraction"":0.0},{""service_id"":""global_state_tracking"",""label"":""Global asset tracking"",""family"":""global_synchronization"",""horizon_s"":0.0,""position_tolerance_m"":1.0,""heading_tolerance_deg"":5.0,""maximum_aoi_s"":1.0,""position_error_m"":3.762734416665324,""heading_error_deg"":null,""aoi_s"":0.13982701301574707,""position_margin_m"":-2.762734416665324,""heading_margin_deg"":null,""freshness_margin_s"":0.8601729869842529,""normalized_margin"":-2.762734416665324,""observable"":true,""raw_pass"":false,""reason"":""position tolerance"",""status"":""withdrawn"",""observed_evaluations"":54,""satisfaction_fraction"":0.0}]",high,10.0,0.21799997193738818
57.18299999999999,5784.387,1789517398.2944565,3739,-0.043132463424635496,0.6499944347840456,-1.135845495177617,2.65840756036373,-2.0404862658031684,True,0.180055554,128.65,,,0.019,0.015700340270996094,1789511613.891756,124.12660407971998,3.8127424382408406,,-124.4335,-0.13188496613336534,0.41927826515654715,0.47112981496021933,0.4296485751172816,0.05185154980367218,0.1481472851533491,translation,572.8163719177246,635,1028.7943697188618,0,False,0,148253,139000,-0.177339514,-0.098431719,11.4331,11,0.94,False,"[{""service_id"":""local_1s_tight"",""label"":""Immediate motion"",""family"":""local_relative_motion"",""horizon_s"":1.0,""position_tolerance_m"":0.1,""heading_tolerance_deg"":2.0,""maximum_aoi_s"":0.6,""position_error_m"":null,""heading_error_deg"":null,""aoi_s"":0.015700340270996094,""position_margin_m"":null,""heading_margin_deg"":null,""freshness_margin_s"":null,""normalized_margin"":null,""observable"":false,""raw_pass"":false,""reason"":""GPS course unobservable at low speed"",""status"":""unobservable"",""observed_evaluations"":7,""satisfaction_fraction"":0.0},{""service_id"":""local_5s_moderate"",""label"":""Short prediction"",""family"":""local_relative_motion"",""horizon_s"":5.0,""position_tolerance_m"":0.2,""heading_tolerance_deg"":5.0,""maximum_aoi_s"":1.0,""position_error_m"":null,""heading_error_deg"":null,""aoi_s"":0.015700340270996094,""position_margin_m"":null,""heading_margin_deg"":null,""freshness_margin_s"":null,""normalized_margin"":null,""observable"":false,""raw_pass"":false,""reason"":""GPS course unobservable at low speed"",""status"":""unobservable"",""observed_evaluations"":4,""satisfaction_fraction"":0.0},{""service_id"":""local_10s_preview"",""label"":""Planning support"",""family"":""local_relative_motion"",""horizon_s"":10.0,""position_tolerance_m"":0.5,""heading_tolerance_deg"":10.0,""maximum_aoi_s"":1.5,""position_error_m"":null,""heading_error_deg"":null,""aoi_s"":0.015700340270996094,""position_margin_m"":null,""heading_margin_deg"":null,""freshness_margin_s"":null,""normalized_margin"":null,""observable"":false,""raw_pass"":false,""reason"":""GPS course unobservable at low speed"",""status"":""unobservable"",""observed_evaluations"":1,""satisfaction_fraction"":0.0},{""service_id"":""global_state_tracking"",""label"":""Global asset tracking"",""family"":""global_synchronization"",""horizon_s"":0.0,""position_tolerance_m"":1.0,""heading_tolerance_deg"":5.0,""maximum_aoi_s"":1.0,""position_error_m"":3.8127424382408406,""heading_error_deg"":null,""aoi_s"":0.015700340270996094,""position_margin_m"":-2.8127424382408406,""heading_margin_deg"":null,""freshness_margin_s"":0.9842996597290039,""normalized_margin"":-2.8127424382408406,""observable"":true,""raw_pass"":false,""reason"":""position tolerance"",""status"":""withdrawn"",""observed_evaluations"":55,""satisfaction_fraction"":0.0}]",high,10.0,0.2728000399656594
57.76299999999992,5784.967,1789517398.9950693,3740,-0.08208419496472735,0.713356672110056,-0.9033627248175486,2.65840756036373,-2.0404862658031684,True,0.180055554,128.65,,,0.599,0.13631319999694824,1789511613.891756,120.6127834320796,3.8850927901039625,,-121.5953,-0.12823704581567544,0.45498012357136575,0.1842413191636514,0.40083236268982286,0.27073880440771436,0.7735394411648983,translation,689.1157627105713,637,1033.7710943466377,0,False,0,148931,139336,-0.150462725,-0.075231363,11.4331,11,0.94,False,"[{""service_id"":""local_1s_tight"",""label"":""Immediate motion"",""family"":""local_relative_motion"",""horizon_s"":1.0,""position_tolerance_m"":0.1,""heading_tolerance_deg"":2.0,""maximum_aoi_s"":0.6,""position_error_m"":null,""heading_error_deg"":null,""aoi_s"":0.13631319999694824,""position_margin_m"":null,""heading_margin_deg"":null,""freshness_margin_s"":null,""normalized_margin"":null,""observable"":false,""raw_pass"":false,""reason"":""GPS course unobservable at low speed"",""status"":""unobservable"",""observed_evaluations"":7,""satisfaction_fraction"":0.0},{""service_id"":""local_5s_moderate"",""label"":""Short prediction"",""family"":""local_relative_motion"",""horizon_s"":5.0,""position_tolerance_m"":0.2,""heading_tolerance_deg"":5.0,""maximum_aoi_s"":1.0,""position_error_m"":null,""heading_error_deg"":null,""aoi_s"":0.13631319999694824,""position_margin_m"":null,""heading_margin_deg"":null,""freshness_margin_s"":null,""normalized_margin"":null,""observable"":false,""raw_pass"":false,""reason"":""GPS course unobservable at low speed"",""status"":""unobservable"",""observed_evaluations"":4,""satisfaction_fraction"":0.0},{""service_id"":""local_10s_preview"",""label"":""Planning support"",""family"":""local_relative_motion"",""horizon_s"":10.0,""position_tolerance_m"":0.5,""heading_tolerance_deg"":10.0,""maximum_aoi_s"":1.5,""position_error_m"":null,""heading_error_deg"":null,""aoi_s"":0.13631319999694824,""position_margin_m"":null,""heading_margin_deg"":null,""freshness_margin_s"":null,""normalized_margin"":null,""observable"":false,""raw_pass"":false,""reason"":""GPS course unobservable at low speed"",""status"":""unobservable"",""observed_evaluations"":1,""satisfaction_fraction"":0.0},{""service_id"":""global_state_tracking"",""label"":""Global asset tracking"",""family"":""global_synchronization"",""horizon_s"":0.0,""position_tolerance_m"":1.0,""heading_tolerance_deg"":5.0,""maximum_aoi_s"":1.0,""position_error_m"":3.8850927901039625,""heading_error_deg"":null,""aoi_s"":0.13631319999694824,""position_margin_m"":-2.8850927901039625,""heading_margin_deg"":null,""freshness_margin_s"":0.8636868000030518,""normalized_margin"":-2.8850927901039625,""observable"":true,""raw_pass"":false,""reason"":""position tolerance"",""status"":""withdrawn"",""observed_evaluations"":56,""satisfaction_fraction"":0.0}]",high,10.0,0.5052000051364303
58.499000000000706,5785.703,1789517399.739886,3741,-0.11274925594222089,0.7469400636214127,-0.7582163635243662,2.8063922481949692,-2.0404862658031684,True,0.180055554,128.65,,,0.055,0.14512991905212402,1789511613.891756,8.816780089546228,4.036227528664078,,-116.891,-0.06178988947568533,0.19499767881873084,0.20605793481358053,0.1972097300177008,0.011060255994849694,0.03160073141385627,low-motion,725.700855255127,638,1055.5601698796163,0,False,0,149334,139553,-0.058273712,-0.019392025,11.4331,11,0.94,False,"[{""service_id"":""local_1s_tight"",""label"":""Immediate motion"",""family"":""local_relative_motion"",""horizon_s"":1.0,""position_tolerance_m"":0.1,""heading_tolerance_deg"":2.0,""maximum_aoi_s"":0.6,""position_error_m"":null,""heading_error_deg"":null,""aoi_s"":0.14512991905212402,""position_margin_m"":null,""heading_margin_deg"":null,""freshness_margin_s"":null,""normalized_margin"":null,""observable"":false,""raw_pass"":false,""reason"":""GPS course unobservable at low speed"",""status"":""unobservable"",""observed_evaluations"":7,""satisfaction_fraction"":0.0},{""service_id"":""local_5s_moderate"",""label"":""Short prediction"",""family"":""local_relative_motion"",""horizon_s"":5.0,""position_tolerance_m"":0.2,""heading_tolerance_deg"":5.0,""maximum_aoi_s"":1.0,""position_error_m"":null,""heading_error_deg"":null,""aoi_s"":0.14512991905212402,""position_margin_m"":null,""heading_margin_deg"":null,""freshness_margin_s"":null,""normalized_margin"":null,""observable"":false,""raw_pass"":false,""reason"":""GPS course unobservable at low speed"",""status"":""unobservable"",""observed_evaluations"":4,""satisfaction_fraction"":0.0},{""service_id"":""local_10s_preview"",""label"":""Planning support"",""family"":""local_relative_motion"",""horizon_s"":10.0,""position_tolerance_m"":0.5,""heading_tolerance_deg"":10.0,""maximum_aoi_s"":1.5,""position_error_m"":null,""heading_error_deg"":null,""aoi_s"":0.14512991905212402,""position_margin_m"":null,""heading_margin_deg"":null,""freshness_margin_s"":null,""normalized_margin"":null,""observable"":false,""raw_pass"":false,""reason"":""GPS course unobservable at low speed"",""status"":""unobservable"",""observed_evaluations"":1,""satisfaction_fraction"":0.0},{""service_id"":""global_state_tracking"",""label"":""Global asset tracking"",""family"":""global_synchronization"",""horizon_s"":0.0,""position_tolerance_m"":1.0,""heading_tolerance_deg"":5.0,""maximum_aoi_s"":1.0,""position_error_m"":4.036227528664078,""heading_error_deg"":null,""aoi_s"":0.14512991905212402,""position_margin_m"":-3.036227528664078,""heading_margin_deg"":null,""freshness_margin_s"":0.854870080947876,""normalized_margin"":-3.036227528664078,""observable"":true,""raw_pass"":false,""reason"":""position tolerance"",""status"":""withdrawn"",""observed_evaluations"":57,""satisfaction_fraction"":0.0}]",high,10.0,0.3173999721184373
59.228000000000065,5786.432,1789517400.3290174,3742,-0.12308246649103584,0.7555077863653975,-0.6263055721547768,2.65840756036373,-1.854582716616124,True,0.066877777,128.65,,,0.042,0.005261421203613281,1789511613.891756,139.86864471371518,3.814349119213769,,-112.6706,-0.018413108176727512,0.19157787794125547,0.13842642629880028,0.18094758761276444,0.05315145164245519,0.15186129040701482,low-motion,572.098970413208,630,1079.960290997546,0,False,0,149516,139554,-0.02040726,0.0,11.4331,11,0.94,False,"[{""service_id"":""local_1s_tight"",""label"":""Immediate motion"",""family"":""local_relative_motion"",""horizon_s"":1.0,""position_tolerance_m"":0.1,""heading_tolerance_deg"":2.0,""maximum_aoi_s"":0.6,""position_error_m"":null,""heading_error_deg"":null,""aoi_s"":0.005261421203613281,""position_margin_m"":null,""heading_margin_deg"":null,""freshness_margin_s"":null,""normalized_margin"":null,""observable"":false,""raw_pass"":false,""reason"":""GPS course unobservable at low speed"",""status"":""unobservable"",""observed_evaluations"":7,""satisfaction_fraction"":0.0},{""service_id"":""local_5s_moderate"",""label"":""Short prediction"",""family"":""local_relative_motion"",""horizon_s"":5.0,""position_tolerance_m"":0.2,""heading_tolerance_deg"":5.0,""maximum_aoi_s"":1.0,""position_error_m"":null,""heading_error_deg"":null,""aoi_s"":0.005261421203613281,""position_margin_m"":null,""heading_margin_deg"":null,""freshness_margin_s"":null,""normalized_margin"":null,""observable"":false,""raw_pass"":false,""reason"":""GPS course unobservable at low speed"",""status"":""unobservable"",""observed_evaluations"":4,""satisfaction_fraction"":0.0},{""service_id"":""local_10s_preview"",""label"":""Planning support"",""family"":""local_relative_motion"",""horizon_s"":10.0,""position_tolerance_m"":0.5,""heading_tolerance_deg"":10.0,""maximum_aoi_s"":1.5,""position_error_m"":null,""heading_error_deg"":null,""aoi_s"":0.005261421203613281,""position_margin_m"":null,""heading_margin_deg"":null,""freshness_margin_s"":null,""normalized_margin"":null,""observable"":false,""raw_pass"":false,""reason"":""GPS course unobservable at low speed"",""status"":""unobservable"",""observed_evaluations"":1,""satisfaction_fraction"":0.0},{""service_id"":""global_state_tracking"",""label"":""Global asset tracking"",""family"":""global_synchronization"",""horizon_s"":0.0,""position_tolerance_m"":1.0,""heading_tolerance_deg"":5.0,""maximum_aoi_s"":1.0,""position_error_m"":3.814349119213769,""heading_error_deg"":null,""aoi_s"":0.005261421203613281,""position_margin_m"":-2.814349119213769,""heading_margin_deg"":null,""freshness_margin_s"":0.9947385787963867,""normalized_margin"":-2.814349119213769,""observable"":true,""raw_pass"":false,""reason"":""position tolerance"",""status"":""withdrawn"",""observed_evaluations"":58,""satisfaction_fraction"":0.0}]",high,10.0,0.403400044888258
59.82900000000063,5787.033,1789517401.1020503,3743,-0.12773707939851692,0.7587069145331927,-0.5780011877308668,2.65840756036373,-1.854582716616124,True,0.066877777,128.65,,,0.643,0.17729425430297852,1789511613.891756,172.03290367069712,3.8199325452091997,,-111.4092,-0.009397661468430227,0.09885771432931205,0.0064359016167290905,0.08037335178679547,0.09242181271258296,0.2640623220359513,low-motion,745.5503940582275,621,1064.3529234266923,0,False,0,149593,139554,0.0,0.0,11.4331,11,0.94,False,"[{""service_id"":""local_1s_tight"",""label"":""Immediate motion"",""family"":""local_relative_motion"",""horizon_s"":1.0,""position_tolerance_m"":0.1,""heading_tolerance_deg"":2.0,""maximum_aoi_s"":0.6,""position_error_m"":null,""heading_error_deg"":null,""aoi_s"":0.17729425430297852,""position_margin_m"":null,""heading_margin_deg"":null,""freshness_margin_s"":null,""normalized_margin"":null,""observable"":false,""raw_pass"":false,""reason"":""GPS course unobservable at low speed"",""status"":""unobservable"",""observed_evaluations"":7,""satisfaction_fraction"":0.0},{""service_id"":""local_5s_moderate"",""label"":""Short prediction"",""family"":""local_relative_motion"",""horizon_s"":5.0,""position_tolerance_m"":0.2,""heading_tolerance_deg"":5.0,""maximum_aoi_s"":1.0,""position_error_m"":null,""heading_error_deg"":null,""aoi_s"":0.17729425430297852,""position_margin_m"":null,""heading_margin_deg"":null,""freshness_margin_s"":null,""normalized_margin"":null,""observable"":false,""raw_pass"":false,""reason"":""GPS course unobservable at low speed"",""status"":""unobservable"",""observed_evaluations"":4,""satisfaction_fraction"":0.0},{""service_id"":""local_10s_preview"",""label"":""Planning support"",""family"":""local_relative_motion"",""horizon_s"":10.0,""position_tolerance_m"":0.5,""heading_tolerance_deg"":10.0,""maximum_aoi_s"":1.5,""position_error_m"":null,""heading_error_deg"":null,""aoi_s"":0.17729425430297852,""position_margin_m"":null,""heading_margin_deg"":null,""freshness_margin_s"":null,""normalized_margin"":null,""observable"":false,""raw_pass"":false,""reason"":""GPS course unobservable at low speed"",""status"":""unobservable"",""observed_evaluations"":1,""satisfaction_fraction"":0.0},{""service_id"":""global_state_tracking"",""label"":""Global asset tracking"",""family"":""global_synchronization"",""horizon_s"":0.0,""position_tolerance_m"":1.0,""heading_tolerance_deg"":5.0,""maximum_aoi_s"":1.0,""position_error_m"":3.8199325452091997,""heading_error_deg"":null,""aoi_s"":0.17729425430297852,""position_margin_m"":-2.8199325452091997,""heading_margin_deg"":null,""freshness_margin_s"":0.8227057456970215,""normalized_margin"":-2.8199325452091997,""observable"":true,""raw_pass"":false,""reason"":""position tolerance"",""status"":""withdrawn"",""observed_evaluations"":59,""satisfaction_fraction"":0.0}]",high,10.0,0.31939998734742403
60.60199999999986,5787.806,1789517401.6978428,3744,-0.12767570085141433,0.758666752594518,-0.5808276866560931,2.510422872532491,-1.854582716616124,True,0.072022222,128.65,,,0.088,8.678436279296875e-05,1789511613.891756,177.20746803206566,3.7133053835120937,,-111.9392,9.489078715978453e-05,-0.0009981936847840583,-0.014289883250703572,-0.0036565315979679614,0.013291689565919513,0.03797625590262718,low-motion,582.7627182006836,625,1084.9389236603708,0,False,0,149592,139554,0.0,0.0,11.4331,11,0.94,False,"[{""service_id"":""local_1s_tight"",""label"":""Immediate motion"",""family"":""local_relative_motion"",""horizon_s"":1.0,""position_tolerance_m"":0.1,""heading_tolerance_deg"":2.0,""maximum_aoi_s"":0.6,""position_error_m"":null,""heading_error_deg"":null,""aoi_s"":8.678436279296875e-05,""position_margin_m"":null,""heading_margin_deg"":null,""freshness_margin_s"":null,""normalized_margin"":null,""observable"":false,""raw_pass"":false,""reason"":""GPS course unobservable at low speed"",""status"":""unobservable"",""observed_evaluations"":7,""satisfaction_fraction"":0.0},{""service_id"":""local_5s_moderate"",""label"":""Short prediction"",""family"":""local_relative_motion"",""horizon_s"":5.0,""position_tolerance_m"":0.2,""heading_tolerance_deg"":5.0,""maximum_aoi_s"":1.0,""position_error_m"":null,""heading_error_deg"":null,""aoi_s"":8.678436279296875e-05,""position_margin_m"":null,""heading_margin_deg"":null,""freshness_margin_s"":null,""normalized_margin"":null,""observable"":false,""raw_pass"":false,""reason"":""GPS course unobservable at low speed"",""status"":""unobservable"",""observed_evaluations"":4,""satisfaction_fraction"":0.0},{""service_id"":""local_10s_preview"",""label"":""Planning support"",""family"":""local_relative_motion"",""horizon_s"":10.0,""position_tolerance_m"":0.5,""heading_tolerance_deg"":10.0,""maximum_aoi_s"":1.5,""position_error_m"":null,""heading_error_deg"":null,""aoi_s"":8.678436279296875e-05,""position_margin_m"":null,""heading_margin_deg"":null,""freshness_margin_s"":null,""normalized_margin"":null,""observable"":false,""raw_pass"":false,""reason"":""GPS course unobservable at low speed"",""status"":""unobservable"",""observed_evaluations"":1,""satisfaction_fraction"":0.0},{""service_id"":""global_state_tracking"",""label"":""Global asset tracking"",""family"":""global_synchronization"",""horizon_s"":0.0,""position_tolerance_m"":1.0,""heading_tolerance_deg"":5.0,""maximum_aoi_s"":1.0,""position_error_m"":3.7133053835120937,""heading_error_deg"":null,""aoi_s"":8.678436279296875e-05,""position_margin_m"":-2.7133053835120937,""heading_margin_deg"":null,""freshness_margin_s"":0.999913215637207,""normalized_margin"":-2.7133053835120937,""observable"":true,""raw_pass"":false,""reason"":""position tolerance"",""status"":""withdrawn"",""observed_evaluations"":60,""satisfaction_fraction"":0.0}]",high,10.0,0.3325999714434147
61.17399999999998,5788.378,1789517402.4128528,3745,-0.12767570085141433,0.758666752594518,-0.580465792635692,2.65840756036373,-1.854582716616124,True,0.092599999,128.65,,,0.003,0.1430966854095459,1789511613.891756,143.00992774951737,3.8198603019944217,,-112.1942,-0.0,0.0,0.0031634092692397224,0.0006326818538479446,0.0031634092692397224,0.009038312197827778,low-motion,703.4714221954346,619,1075.0926274315257,0,False,0,149592,139554,0.0,0.0,11.42501,11,0.94,False,"[{""service_id"":""local_1s_tight"",""label"":""Immediate motion"",""family"":""local_relative_motion"",""horizon_s"":1.0,""position_tolerance_m"":0.1,""heading_tolerance_deg"":2.0,""maximum_aoi_s"":0.6,""position_error_m"":null,""heading_error_deg"":null,""aoi_s"":0.1430966854095459,""position_margin_m"":null,""heading_margin_deg"":null,""freshness_margin_s"":null,""normalized_margin"":null,""observable"":false,""raw_pass"":false,""reason"":""GPS course unobservable at low speed"",""status"":""unobservable"",""observed_evaluations"":7,""satisfaction_fraction"":0.0},{""service_id"":""local_5s_moderate"",""label"":""Short prediction"",""family"":""local_relative_motion"",""horizon_s"":5.0,""position_tolerance_m"":0.2,""heading_tolerance_deg"":5.0,""maximum_aoi_s"":1.0,""position_error_m"":null,""heading_error_deg"":null,""aoi_s"":0.1430966854095459,""position_margin_m"":null,""heading_margin_deg"":null,""freshness_margin_s"":null,""normalized_margin"":null,""observable"":false,""raw_pass"":false,""reason"":""GPS course unobservable at low speed"",""status"":""unobservable"",""observed_evaluations"":4,""satisfaction_fraction"":0.0},{""service_id"":""local_10s_preview"",""label"":""Planning support"",""family"":""local_relative_motion"",""horizon_s"":10.0,""position_tolerance_m"":0.5,""heading_tolerance_deg"":10.0,""maximum_aoi_s"":1.5,""position_error_m"":null,""heading_error_deg"":null,""aoi_s"":0.1430966854095459,""position_margin_m"":null,""heading_margin_deg"":null,""freshness_margin_s"":null,""normalized_margin"":null,""observable"":false,""raw_pass"":false,""reason"":""GPS course unobservable at low speed"",""status"":""unobservable"",""observed_evaluations"":1,""satisfaction_fraction"":0.0},{""service_id"":""global_state_tracking"",""label"":""Global asset tracking"",""family"":""global_synchronization"",""horizon_s"":0.0,""position_tolerance_m"":1.0,""heading_tolerance_deg"":5.0,""maximum_aoi_s"":1.0,""position_error_m"":3.8198603019944217,""heading_error_deg"":null,""aoi_s"":0.1430966854095459,""position_margin_m"":-2.8198603019944217,""heading_margin_deg"":null,""freshness_margin_s"":0.8569033145904541,""normalized_margin"":-2.8198603019944217,""observable"":true,""raw_pass"":false,""reason"":""position tolerance"",""status"":""withdrawn"",""observed_evaluations"":61,""satisfaction_fraction"":0.0}]",high,10.0,0.16680004773661494
61.88600000000042,5789.09,1789517402.9933596,3746,-0.12767570085141433,0.758666752594518,-0.5807919946728899,2.65840756036373,-1.854582716616124,True,0.092599999,128.65,,,0.715,0.011603593826293945,1789511613.891756,131.49319839521922,3.8198603019944217,,-112.9974,-0.0,0.0,-0.0022907446432425577,-0.00045814892864851157,0.0022907446432425577,0.006544984694978736,low-motion,576.3182640075684,622,1069.8241505192548,0,False,0,149592,139554,0.0,0.0,11.42501,11,0.94,False,"[{""service_id"":""local_1s_tight"",""label"":""Immediate motion"",""family"":""local_relative_motion"",""horizon_s"":1.0,""position_tolerance_m"":0.1,""heading_tolerance_deg"":2.0,""maximum_aoi_s"":0.6,""position_error_m"":null,""heading_error_deg"":null,""aoi_s"":0.011603593826293945,""position_margin_m"":null,""heading_margin_deg"":null,""freshness_margin_s"":null,""normalized_margin"":null,""observable"":false,""raw_pass"":false,""reason"":""GPS course unobservable at low speed"",""status"":""unobservable"",""observed_evaluations"":7,""satisfaction_fraction"":0.0},{""service_id"":""local_5s_moderate"",""label"":""Short prediction"",""family"":""local_relative_motion"",""horizon_s"":5.0,""position_tolerance_m"":0.2,""heading_tolerance_deg"":5.0,""maximum_aoi_s"":1.0,""position_error_m"":null,""heading_error_deg"":null,""aoi_s"":0.011603593826293945,""position_margin_m"":null,""heading_margin_deg"":null,""freshness_margin_s"":null,""normalized_margin"":null,""observable"":false,""raw_pass"":false,""reason"":""GPS course unobservable at low speed"",""status"":""unobservable"",""observed_evaluations"":4,""satisfaction_fraction"":0.0},{""service_id"":""local_10s_preview"",""label"":""Planning support"",""family"":""local_relative_motion"",""horizon_s"":10.0,""position_tolerance_m"":0.5,""heading_tolerance_deg"":10.0,""maximum_aoi_s"":1.5,""position_error_m"":null,""heading_error_deg"":null,""aoi_s"":0.011603593826293945,""position_margin_m"":null,""heading_margin_deg"":null,""freshness_margin_s"":null,""normalized_margin"":null,""observable"":false,""raw_pass"":false,""reason"":""GPS course unobservable at low speed"",""status"":""unobservable"",""observed_evaluations"":1,""satisfaction_fraction"":0.0},{""service_id"":""global_state_tracking"",""label"":""Global asset tracking"",""family"":""global_synchronization"",""horizon_s"":0.0,""position_tolerance_m"":1.0,""heading_tolerance_deg"":5.0,""maximum_aoi_s"":1.0,""position_error_m"":3.8198603019944217,""heading_error_deg"":null,""aoi_s"":0.011603593826293945,""position_margin_m"":-2.8198603019944217,""heading_margin_deg"":null,""freshness_margin_s"":0.988396406173706,""normalized_margin"":-2.8198603019944217,""observable"":true,""raw_pass"":false,""reason"":""position tolerance"",""status"":""withdrawn"",""observed_evaluations"":62,""satisfaction_fraction"":0.0}]",high,10.0,0.40749995969235897
62.47200000000066,5789.676,1789517403.707549,3747,-0.12767570085141433,0.758666752594518,-0.5809326245773692,2.510422872532491,-1.854582716616124,True,0.056588888,128.65,,,0.035,0.13979291915893555,1789511613.891756,128.1895294187052,3.7133053835120937,,-113.368,-0.0,0.0,-0.0011999138607461017,-0.00023998277214922034,0.0011999138607461017,0.0034283253164174338,low-motion,694.1211223602295,625,1064.6199413495374,0,False,0,149592,139554,0.0,0.0,11.42501,11,0.94,False,"[{""service_id"":""local_1s_tight"",""label"":""Immediate motion"",""family"":""local_relative_motion"",""horizon_s"":1.0,""position_tolerance_m"":0.1,""heading_tolerance_deg"":2.0,""maximum_aoi_s"":0.6,""position_error_m"":null,""heading_error_deg"":null,""aoi_s"":0.13979291915893555,""position_margin_m"":null,""heading_margin_deg"":null,""freshness_margin_s"":null,""normalized_margin"":null,""observable"":false,""raw_pass"":false,""reason"":""GPS course unobservable at low speed"",""status"":""unobservable"",""observed_evaluations"":7,""satisfaction_fraction"":0.0},{""service_id"":""local_5s_moderate"",""label"":""Short prediction"",""family"":""local_relative_motion"",""horizon_s"":5.0,""position_tolerance_m"":0.2,""heading_tolerance_deg"":5.0,""maximum_aoi_s"":1.0,""position_error_m"":null,""heading_error_deg"":null,""aoi_s"":0.13979291915893555,""position_margin_m"":null,""heading_margin_deg"":null,""freshness_margin_s"":null,""normalized_margin"":null,""observable"":false,""raw_pass"":false,""reason"":""GPS course unobservable at low speed"",""status"":""unobservable"",""observed_evaluations"":4,""satisfaction_fraction"":0.0},{""service_id"":""local_10s_preview"",""label"":""Planning support"",""family"":""local_relative_motion"",""horizon_s"":10.0,""position_tolerance_m"":0.5,""heading_tolerance_deg"":10.0,""maximum_aoi_s"":1.5,""position_error_m"":null,""heading_error_deg"":null,""aoi_s"":0.13979291915893555,""position_margin_m"":null,""heading_margin_deg"":null,""freshness_margin_s"":null,""normalized_margin"":null,""observable"":false,""raw_pass"":false,""reason"":""GPS course unobservable at low speed"",""status"":""unobservable"",""observed_evaluations"":1,""satisfaction_fraction"":0.0},{""service_id"":""global_state_tracking"",""label"":""Global asset tracking"",""family"":""global_synchronization"",""horizon_s"":0.0,""position_tolerance_m"":1.0,""heading_tolerance_deg"":5.0,""maximum_aoi_s"":1.0,""position_error_m"":3.7133053835120937,""heading_error_deg"":null,""aoi_s"":0.13979291915893555,""position_margin_m"":-2.7133053835120937,""heading_margin_deg"":null,""freshness_margin_s"":0.8602070808410645,""normalized_margin"":-2.7133053835120937,""observable"":true,""raw_pass"":false,""reason"":""position tolerance"",""status"":""withdrawn"",""observed_evaluations"":63,""satisfaction_fraction"":0.0}]",high,10.0,0.24179997853934765
63.17700000000059,5790.381,1789517404.4080987,3748,-0.12767570085141433,0.758666752594518,-0.5798713553090784,2.510422872532491,-1.854582716616124,True,0.056588888,128.65,,,0.025,0.13534259796142578,1789511613.891756,4.4503974913823185,3.7133053835120937,,-113.2448,-0.0,0.0,0.007526732399225546,0.0015053464798451092,0.007526732399225546,0.02150494971207299,low-motion,692.0201778411865,624,1071.9306023119727,0,False,0,149592,139554,0.0,0.0,11.42501,11,0.94,False,"[{""service_id"":""local_1s_tight"",""label"":""Immediate motion"",""family"":""local_relative_motion"",""horizon_s"":1.0,""position_tolerance_m"":0.1,""heading_tolerance_deg"":2.0,""maximum_aoi_s"":0.6,""position_error_m"":null,""heading_error_deg"":null,""aoi_s"":0.13534259796142578,""position_margin_m"":null,""heading_margin_deg"":null,""freshness_margin_s"":null,""normalized_margin"":null,""observable"":false,""raw_pass"":false,""reason"":""GPS course unobservable at low speed"",""status"":""unobservable"",""observed_evaluations"":7,""satisfaction_fraction"":0.0},{""service_id"":""local_5s_moderate"",""label"":""Short prediction"",""family"":""local_relative_motion"",""horizon_s"":5.0,""position_tolerance_m"":0.2,""heading_tolerance_deg"":5.0,""maximum_aoi_s"":1.0,""position_error_m"":null,""heading_error_deg"":null,""aoi_s"":0.13534259796142578,""position_margin_m"":null,""heading_margin_deg"":null,""freshness_margin_s"":null,""normalized_margin"":null,""observable"":false,""raw_pass"":false,""reason"":""GPS course unobservable at low speed"",""status"":""unobservable"",""observed_evaluations"":4,""satisfaction_fraction"":0.0},{""service_id"":""local_10s_preview"",""label"":""Planning support"",""family"":""local_relative_motion"",""horizon_s"":10.0,""position_tolerance_m"":0.5,""heading_tolerance_deg"":10.0,""maximum_aoi_s"":1.5,""position_error_m"":null,""heading_error_deg"":null,""aoi_s"":0.13534259796142578,""position_margin_m"":null,""heading_margin_deg"":null,""freshness_margin_s"":null,""normalized_margin"":null,""observable"":false,""raw_pass"":false,""reason"":""GPS course unobservable at low speed"",""status"":""unobservable"",""observed_evaluations"":1,""satisfaction_fraction"":0.0},{""service_id"":""global_state_tracking"",""label"":""Global asset tracking"",""family"":""global_synchronization"",""horizon_s"":0.0,""position_tolerance_m"":1.0,""heading_tolerance_deg"":5.0,""maximum_aoi_s"":1.0,""position_error_m"":3.7133053835120937,""heading_error_deg"":null,""aoi_s"":0.13534259796142578,""position_margin_m"":-2.7133053835120937,""heading_margin_deg"":null,""freshness_margin_s"":0.8646574020385742,""normalized_margin"":-2.7133053835120937,""observable"":true,""raw_pass"":false,""reason"":""position tolerance"",""status"":""withdrawn"",""observed_evaluations"":64,""satisfaction_fraction"":0.0}]",high,10.0,0.19869999960064888
63.88300000000072,5791.087,1789517404.9816308,3749,-0.12767570085141433,0.758666752594518,-0.5798867578397271,2.510422872532491,-1.854582716616124,True,0.030866666,128.65,,,0.02,0.0028748512268066406,1789511613.891756,132.46789550794347,3.7133053835120937,,-113.6707,-0.0,0.0,-0.0001090830782496456,-2.181661564992912e-05,0.0001090830782496456,0.0003116659378561303,low-motion,561.0136985778809,625,1072.7304354331848,0,False,0,149592,139554,0.0,0.0,11.42501,11,0.94,False,"[{""service_id"":""local_1s_tight"",""label"":""Immediate motion"",""family"":""local_relative_motion"",""horizon_s"":1.0,""position_tolerance_m"":0.1,""heading_tolerance_deg"":2.0,""maximum_aoi_s"":0.6,""position_error_m"":null,""heading_error_deg"":null,""aoi_s"":0.0028748512268066406,""position_margin_m"":null,""heading_margin_deg"":null,""freshness_margin_s"":null,""normalized_margin"":null,""observable"":false,""raw_pass"":false,""reason"":""GPS course unobservable at low speed"",""status"":""unobservable"",""observed_evaluations"":7,""satisfaction_fraction"":0.0},{""service_id"":""local_5s_moderate"",""label"":""Short prediction"",""family"":""local_relative_motion"",""horizon_s"":5.0,""position_tolerance_m"":0.2,""heading_tolerance_deg"":5.0,""maximum_aoi_s"":1.0,""position_error_m"":null,""heading_error_deg"":null,""aoi_s"":0.0028748512268066406,""position_margin_m"":null,""heading_margin_deg"":null,""freshness_margin_s"":null,""normalized_margin"":null,""observable"":false,""raw_pass"":false,""reason"":""GPS course unobservable at low speed"",""status"":""unobservable"",""observed_evaluations"":4,""satisfaction_fraction"":0.0},{""service_id"":""local_10s_preview"",""label"":""Planning support"",""family"":""local_relative_motion"",""horizon_s"":10.0,""position_tolerance_m"":0.5,""heading_tolerance_deg"":10.0,""maximum_aoi_s"":1.5,""position_error_m"":null,""heading_error_deg"":null,""aoi_s"":0.0028748512268066406,""position_margin_m"":null,""heading_margin_deg"":null,""freshness_margin_s"":null,""normalized_margin"":null,""observable"":false,""raw_pass"":false,""reason"":""GPS course unobservable at low speed"",""status"":""unobservable"",""observed_evaluations"":1,""satisfaction_fraction"":0.0},{""service_id"":""global_state_tracking"",""label"":""Global asset tracking"",""family"":""global_synchronization"",""horizon_s"":0.0,""position_tolerance_m"":1.0,""heading_tolerance_deg"":5.0,""maximum_aoi_s"":1.0,""position_error_m"":3.7133053835120937,""heading_error_deg"":null,""aoi_s"":0.0028748512268066406,""position_margin_m"":-2.7133053835120937,""heading_margin_deg"":null,""freshness_margin_s"":0.9971251487731934,""normalized_margin"":-2.7133053835120937,""observable"":true,""raw_pass"":false,""reason"":""position tolerance"",""status"":""withdrawn"",""observed_evaluations"":65,""satisfaction_fraction"":0.0}]",high,10.0,0.2964999875985086
64.47400000000016,5791.678,1789517405.7046213,3750,-0.12767570085141433,0.758666752594518,-0.5795128428641032,2.510422872532491,-1.854582716616124,True,0.051444444,128.65,,,0.04,0.13486528396606445,1789511613.891756,131.99051284846064,3.7133053835120937,,-113.9474,-0.0,0.0,0.0031634092692397224,0.0006326818538479446,0.0031634092692397224,0.009038312197827778,low-motion,710.9792232513428,624,1083.09029638663,0,False,0,149592,139554,0.0,0.0,11.42501,11,0.94,False,"[{""service_id"":""local_1s_tight"",""label"":""Immediate motion"",""family"":""local_relative_motion"",""horizon_s"":1.0,""position_tolerance_m"":0.1,""heading_tolerance_deg"":2.0,""maximum_aoi_s"":0.6,""position_error_m"":null,""heading_error_deg"":null,""aoi_s"":0.13486528396606445,""position_margin_m"":null,""heading_margin_deg"":null,""freshness_margin_s"":null,""normalized_margin"":null,""observable"":false,""raw_pass"":false,""reason"":""GPS course unobservable at low speed"",""status"":""unobservable"",""observed_evaluations"":7,""satisfaction_fraction"":0.0},{""service_id"":""local_5s_moderate"",""label"":""Short prediction"",""family"":""local_relative_motion"",""horizon_s"":5.0,""position_tolerance_m"":0.2,""heading_tolerance_deg"":5.0,""maximum_aoi_s"":1.0,""position_error_m"":null,""heading_error_deg"":null,""aoi_s"":0.13486528396606445,""position_margin_m"":null,""heading_margin_deg"":null,""freshness_margin_s"":null,""normalized_margin"":null,""observable"":false,""raw_pass"":false,""reason"":""GPS course unobservable at low speed"",""status"":""unobservable"",""observed_evaluations"":4,""satisfaction_fraction"":0.0},{""service_id"":""local_10s_preview"",""label"":""Planning support"",""family"":""local_relative_motion"",""horizon_s"":10.0,""position_tolerance_m"":0.5,""heading_tolerance_deg"":10.0,""maximum_aoi_s"":1.5,""position_error_m"":null,""heading_error_deg"":null,""aoi_s"":0.13486528396606445,""position_margin_m"":null,""heading_margin_deg"":null,""freshness_margin_s"":null,""normalized_margin"":null,""observable"":false,""raw_pass"":false,""reason"":""GPS course unobservable at low speed"",""status"":""unobservable"",""observed_evaluations"":1,""satisfaction_fraction"":0.0},{""service_id"":""global_state_tracking"",""label"":""Global asset tracking"",""family"":""global_synchronization"",""horizon_s"":0.0,""position_tolerance_m"":1.0,""heading_tolerance_deg"":5.0,""maximum_aoi_s"":1.0,""position_error_m"":3.7133053835120937,""heading_error_deg"":null,""aoi_s"":0.13486528396606445,""position_margin_m"":-2.7133053835120937,""heading_margin_deg"":null,""freshness_margin_s"":0.8651347160339355,""normalized_margin"":-2.7133053835120937,""observable"":true,""raw_pass"":false,""reason"":""position tolerance"",""status"":""withdrawn"",""observed_evaluations"":66,""satisfaction_fraction"":0.0}]",high,10.0,0.2929000183939934
65.17799999999988,5792.382,1789517406.2759411,3751,-0.12767570085141433,0.758666752594518,-0.5793746127873454,2.510422872532491,-1.854582716616124,True,0.118322221,128.65,,,0.019,0.0021851062774658203,1789511613.891756,132.6801815030194,3.7133053835120937,,-113.9255,-0.0,0.0,0.0009817477042468104,0.0001963495408493621,0.0009817477042468104,0.002804993440705173,low-motion,554.6157360076904,624,1089.5353651840105,0,False,0,149592,139554,0.0,0.0,11.42501,11,0.94,False,"[{""service_id"":""local_1s_tight"",""label"":""Immediate motion"",""family"":""local_relative_motion"",""horizon_s"":1.0,""position_tolerance_m"":0.1,""heading_tolerance_deg"":2.0,""maximum_aoi_s"":0.6,""position_error_m"":null,""heading_error_deg"":null,""aoi_s"":0.0021851062774658203,""position_margin_m"":null,""heading_margin_deg"":null,""freshness_margin_s"":null,""normalized_margin"":null,""observable"":false,""raw_pass"":false,""reason"":""GPS course unobservable at low speed"",""status"":""unobservable"",""observed_evaluations"":7,""satisfaction_fraction"":0.0},{""service_id"":""local_5s_moderate"",""label"":""Short prediction"",""family"":""local_relative_motion"",""horizon_s"":5.0,""position_tolerance_m"":0.2,""heading_tolerance_deg"":5.0,""maximum_aoi_s"":1.0,""position_error_m"":null,""heading_error_deg"":null,""aoi_s"":0.0021851062774658203,""position_margin_m"":null,""heading_margin_deg"":null,""freshness_margin_s"":null,""normalized_margin"":null,""observable"":false,""raw_pass"":false,""reason"":""GPS course unobservable at low speed"",""status"":""unobservable"",""observed_evaluations"":4,""satisfaction_fraction"":0.0},{""service_id"":""local_10s_preview"",""label"":""Planning support"",""family"":""local_relative_motion"",""horizon_s"":10.0,""position_tolerance_m"":0.5,""heading_tolerance_deg"":10.0,""maximum_aoi_s"":1.5,""position_error_m"":null,""heading_error_deg"":null,""aoi_s"":0.0021851062774658203,""position_margin_m"":null,""heading_margin_deg"":null,""freshness_margin_s"":null,""normalized_margin"":null,""observable"":false,""raw_pass"":false,""reason"":""GPS course unobservable at low speed"",""status"":""unobservable"",""observed_evaluations"":1,""satisfaction_fraction"":0.0},{""service_id"":""global_state_tracking"",""label"":""Global asset tracking"",""family"":""global_synchronization"",""horizon_s"":0.0,""position_tolerance_m"":1.0,""heading_tolerance_deg"":5.0,""maximum_aoi_s"":1.0,""position_error_m"":3.7133053835120937,""heading_error_deg"":null,""aoi_s"":0.0021851062774658203,""position_margin_m"":-2.7133053835120937,""heading_margin_deg"":null,""freshness_margin_s"":0.9978148937225342,""normalized_margin"":-2.7133053835120937,""observable"":true,""raw_pass"":false,""reason"":""position tolerance"",""status"":""withdrawn"",""observed_evaluations"":67,""satisfaction_fraction"":0.0}]",high,10.0,0.3163000219501555
65.77100000000064,5792.975,1789517407.0045516,3752,-0.12767570085141433,0.758666752594518,-0.5778350796707747,2.510422872532491,-1.854582716616124,True,0.118322221,128.65,,,0.612,0.13779568672180176,1789511613.891756,135.61051559372572,3.7133053835120937,,-114.3665,-0.0,0.0,0.012980886311707827,0.0025961772623415654,0.012980886311707827,0.037088246604879506,low-motion,712.1553421020508,622,1085.6548142396528,0,False,0,149592,139554,0.0,0.0,11.42501,11,0.94,False,"[{""service_id"":""local_1s_tight"",""label"":""Immediate motion"",""family"":""local_relative_motion"",""horizon_s"":1.0,""position_tolerance_m"":0.1,""heading_tolerance_deg"":2.0,""maximum_aoi_s"":0.6,""position_error_m"":null,""heading_error_deg"":null,""aoi_s"":0.13779568672180176,""position_margin_m"":null,""heading_margin_deg"":null,""freshness_margin_s"":null,""normalized_margin"":null,""observable"":false,""raw_pass"":false,""reason"":""GPS course unobservable at low speed"",""status"":""unobservable"",""observed_evaluations"":7,""satisfaction_fraction"":0.0},{""service_id"":""local_5s_moderate"",""label"":""Short prediction"",""family"":""local_relative_motion"",""horizon_s"":5.0,""position_tolerance_m"":0.2,""heading_tolerance_deg"":5.0,""maximum_aoi_s"":1.0,""position_error_m"":null,""heading_error_deg"":null,""aoi_s"":0.13779568672180176,""position_margin_m"":null,""heading_margin_deg"":null,""freshness_margin_s"":null,""normalized_margin"":null,""observable"":false,""raw_pass"":false,""reason"":""GPS course unobservable at low speed"",""status"":""unobservable"",""observed_evaluations"":4,""satisfaction_fraction"":0.0},{""service_id"":""local_10s_preview"",""label"":""Planning support"",""family"":""local_relative_motion"",""horizon_s"":10.0,""position_tolerance_m"":0.5,""heading_tolerance_deg"":10.0,""maximum_aoi_s"":1.5,""position_error_m"":null,""heading_error_deg"":null,""aoi_s"":0.13779568672180176,""position_margin_m"":null,""heading_margin_deg"":null,""freshness_margin_s"":null,""normalized_margin"":null,""observable"":false,""raw_pass"":false,""reason"":""GPS course unobservable at low speed"",""status"":""unobservable"",""observed_evaluations"":1,""satisfaction_fraction"":0.0},{""service_id"":""global_state_tracking"",""label"":""Global asset tracking"",""family"":""global_synchronization"",""horizon_s"":0.0,""position_tolerance_m"":1.0,""heading_tolerance_deg"":5.0,""maximum_aoi_s"":1.0,""position_error_m"":3.7133053835120937,""heading_error_deg"":null,""aoi_s"":0.13779568672180176,""position_margin_m"":-2.7133053835120937,""heading_margin_deg"":null,""freshness_margin_s"":0.8622043132781982,""normalized_margin"":-2.7133053835120937,""observable"":true,""raw_pass"":false,""reason"":""position tolerance"",""status"":""withdrawn"",""observed_evaluations"":68,""satisfaction_fraction"":0.0}]",high,10.0,0.4301000153645873
66.47299999999996,5793.677,1789517407.7054062,3753,-0.12767570085141433,0.758666752594518,-0.5764720211582,2.510422872532491,-1.854582716616124,True,0.092599999,128.65,,,0.017,0.13665008544921875,1789511613.891756,1.1454601281002397,3.7133053835120937,,-114.6468,-0.0,0.0,0.009708393964218458,0.0019416787928436916,0.009708393964218458,0.027738268469195596,low-motion,687.8485679626465,625,1059.2000459831622,0,False,0,149592,139554,0.0,0.0,11.42501,11,0.94,False,"[{""service_id"":""local_1s_tight"",""label"":""Immediate motion"",""family"":""local_relative_motion"",""horizon_s"":1.0,""position_tolerance_m"":0.1,""heading_tolerance_deg"":2.0,""maximum_aoi_s"":0.6,""position_error_m"":null,""heading_error_deg"":null,""aoi_s"":0.13665008544921875,""position_margin_m"":null,""heading_margin_deg"":null,""freshness_margin_s"":null,""normalized_margin"":null,""observable"":false,""raw_pass"":false,""reason"":""GPS course unobservable at low speed"",""status"":""unobservable"",""observed_evaluations"":7,""satisfaction_fraction"":0.0},{""service_id"":""local_5s_moderate"",""label"":""Short prediction"",""family"":""local_relative_motion"",""horizon_s"":5.0,""position_tolerance_m"":0.2,""heading_tolerance_deg"":5.0,""maximum_aoi_s"":1.0,""position_error_m"":null,""heading_error_deg"":null,""aoi_s"":0.13665008544921875,""position_margin_m"":null,""heading_margin_deg"":null,""freshness_margin_s"":null,""normalized_margin"":null,""observable"":false,""raw_pass"":false,""reason"":""GPS course unobservable at low speed"",""status"":""unobservable"",""observed_evaluations"":4,""satisfaction_fraction"":0.0},{""service_id"":""local_10s_preview"",""label"":""Planning support"",""family"":""local_relative_motion"",""horizon_s"":10.0,""position_tolerance_m"":0.5,""heading_tolerance_deg"":10.0,""maximum_aoi_s"":1.5,""position_error_m"":null,""heading_error_deg"":null,""aoi_s"":0.13665008544921875,""position_margin_m"":null,""heading_margin_deg"":null,""freshness_margin_s"":null,""normalized_margin"":null,""observable"":false,""raw_pass"":false,""reason"":""GPS course unobservable at low speed"",""status"":""unobservable"",""observed_evaluations"":1,""satisfaction_fraction"":0.0},{""service_id"":""global_state_tracking"",""label"":""Global asset tracking"",""family"":""global_synchronization"",""horizon_s"":0.0,""position_tolerance_m"":1.0,""heading_tolerance_deg"":5.0,""maximum_aoi_s"":1.0,""position_error_m"":3.7133053835120937,""heading_error_deg"":null,""aoi_s"":0.13665008544921875,""position_margin_m"":-2.7133053835120937,""heading_margin_deg"":null,""freshness_margin_s"":0.8633499145507812,""normalized_margin"":-2.7133053835120937,""observable"":true,""raw_pass"":false,""reason"":""position tolerance"",""status"":""withdrawn"",""observed_evaluations"":69,""satisfaction_fraction"":0.0}]",high,10.0,0.24949997896328568
67.20600000000013,5794.41,1789517408.306827,3754,-0.1316388559585699,0.7610432713759562,-0.5038569530706134,2.363324321257802,-1.854582716616124,True,0.097744444,128.65,,,0.048,0.005070924758911133,1789511613.891756,131.57912063616095,3.614739349486372,,-110.2402,-0.006304347126723923,0.06631791849282233,0.23005621202850257,0.09906557719995837,0.16373829353568026,0.46782369581622935,low-motion,590.6257629394531,636,1088.2142869361876,0,False,0,149655,139554,-0.042934149,0.0,11.42501,11,0.94,False,"[{""service_id"":""local_1s_tight"",""label"":""Immediate motion"",""family"":""local_relative_motion"",""horizon_s"":1.0,""position_tolerance_m"":0.1,""heading_tolerance_deg"":2.0,""maximum_aoi_s"":0.6,""position_error_m"":null,""heading_error_deg"":null,""aoi_s"":0.005070924758911133,""position_margin_m"":null,""heading_margin_deg"":null,""freshness_margin_s"":null,""normalized_margin"":null,""observable"":false,""raw_pass"":false,""reason"":""GPS course unobservable at low speed"",""status"":""unobservable"",""observed_evaluations"":7,""satisfaction_fraction"":0.0},{""service_id"":""local_5s_moderate"",""label"":""Short prediction"",""family"":""local_relative_motion"",""horizon_s"":5.0,""position_tolerance_m"":0.2,""heading_tolerance_deg"":5.0,""maximum_aoi_s"":1.0,""position_error_m"":null,""heading_error_deg"":null,""aoi_s"":0.005070924758911133,""position_margin_m"":null,""heading_margin_deg"":null,""freshness_margin_s"":null,""normalized_margin"":null,""observable"":false,""raw_pass"":false,""reason"":""GPS course unobservable at low speed"",""status"":""unobservable"",""observed_evaluations"":4,""satisfaction_fraction"":0.0},{""service_id"":""local_10s_preview"",""label"":""Planning support"",""family"":""local_relative_motion"",""horizon_s"":10.0,""position_tolerance_m"":0.5,""heading_tolerance_deg"":10.0,""maximum_aoi_s"":1.5,""position_error_m"":null,""heading_error_deg"":null,""aoi_s"":0.005070924758911133,""position_margin_m"":null,""heading_margin_deg"":null,""freshness_margin_s"":null,""normalized_margin"":null,""observable"":false,""raw_pass"":false,""reason"":""GPS course unobservable at low speed"",""status"":""unobservable"",""observed_evaluations"":1,""satisfaction_fraction"":0.0},{""service_id"":""global_state_tracking"",""label"":""Global asset tracking"",""family"":""global_synchronization"",""horizon_s"":0.0,""position_tolerance_m"":1.0,""heading_tolerance_deg"":5.0,""maximum_aoi_s"":1.0,""position_error_m"":3.614739349486372,""heading_error_deg"":null,""aoi_s"":0.005070924758911133,""position_margin_m"":-2.614739349486372,""heading_margin_deg"":null,""freshness_margin_s"":0.9949290752410889,""normalized_margin"":-2.614739349486372,""observable"":true,""raw_pass"":false,""reason"":""position tolerance"",""status"":""withdrawn"",""observed_evaluations"":70,""satisfaction_fraction"":0.0}]",high,10.0,0.3227999550290406
67.79100000000017,5794.995,1789517409.0256274,3755,-0.15359780920645097,0.7695401309840905,-0.23454259051584447,2.363324321257802,-1.854582716616124,True,0.097744444,128.65,,,0.633,0.138871431350708,1789511613.891756,133.80030632015405,3.6360579932281296,,-102.2921,-0.040248778957767274,0.4418585395606527,0.5343980003450137,0.46036643171752495,0.09253946078436104,0.2643984593838887,low-motion,703.8149833679199,648,1088.8941578336164,0,False,0,149983,139547,-0.085151514,0.042672355,11.42501,11,0.94,False,"[{""service_id"":""local_1s_tight"",""label"":""Immediate motion"",""family"":""local_relative_motion"",""horizon_s"":1.0,""position_tolerance_m"":0.1,""heading_tolerance_deg"":2.0,""maximum_aoi_s"":0.6,""position_error_m"":null,""heading_error_deg"":null,""aoi_s"":0.138871431350708,""position_margin_m"":null,""heading_margin_deg"":null,""freshness_margin_s"":null,""normalized_margin"":null,""observable"":false,""raw_pass"":false,""reason"":""GPS course unobservable at low speed"",""status"":""unobservable"",""observed_evaluations"":7,""satisfaction_fraction"":0.0},{""service_id"":""local_5s_moderate"",""label"":""Short prediction"",""family"":""local_relative_motion"",""horizon_s"":5.0,""position_tolerance_m"":0.2,""heading_tolerance_deg"":5.0,""maximum_aoi_s"":1.0,""position_error_m"":null,""heading_error_deg"":null,""aoi_s"":0.138871431350708,""position_margin_m"":null,""heading_margin_deg"":null,""freshness_margin_s"":null,""normalized_margin"":null,""observable"":false,""raw_pass"":false,""reason"":""GPS course unobservable at low speed"",""status"":""unobservable"",""observed_evaluations"":4,""satisfaction_fraction"":0.0},{""service_id"":""local_10s_preview"",""label"":""Planning support"",""family"":""local_relative_motion"",""horizon_s"":10.0,""position_tolerance_m"":0.5,""heading_tolerance_deg"":10.0,""maximum_aoi_s"":1.5,""position_error_m"":null,""heading_error_deg"":null,""aoi_s"":0.138871431350708,""position_margin_m"":null,""heading_margin_deg"":null,""freshness_margin_s"":null,""normalized_margin"":null,""observable"":false,""raw_pass"":false,""reason"":""GPS course unobservable at low speed"",""status"":""unobservable"",""observed_evaluations"":1,""satisfaction_fraction"":0.0},{""service_id"":""global_state_tracking"",""label"":""Global asset tracking"",""family"":""global_synchronization"",""horizon_s"":0.0,""position_tolerance_m"":1.0,""heading_tolerance_deg"":5.0,""maximum_aoi_s"":1.0,""position_error_m"":3.6360579932281296,""heading_error_deg"":null,""aoi_s"":0.138871431350708,""position_margin_m"":-2.6360579932281296,""heading_margin_deg"":null,""freshness_margin_s"":0.861128568649292,""normalized_margin"":-2.6360579932281296,""observable"":true,""raw_pass"":false,""reason"":""position tolerance"",""status"":""withdrawn"",""observed_evaluations"":71,""satisfaction_fraction"":0.0}]",high,10.0,0.2707000239752233
68.51299999999992,5795.717,1789517409.7501202,3756,-0.171804291460923,0.7680880839111177,0.3937144766177849,2.363324321257802,-1.854582716616124,True,0.077166666,128.65,,,0.018,0.14136409759521484,1789511613.891756,2.4927883150667185,3.6476402249897633,,-88.60052,-0.025296806149781,0.8346572077862097,1.0121818830784615,0.87016214284466,0.1775246752922518,0.5072133579778623,turning,706.7608833312988,646,1059.035601820635,0,False,0,150498,139281,-0.112847044,0.075268997,11.42501,11,0.94,False,"[{""service_id"":""local_1s_tight"",""label"":""Immediate motion"",""family"":""local_relative_motion"",""horizon_s"":1.0,""position_tolerance_m"":0.1,""heading_tolerance_deg"":2.0,""maximum_aoi_s"":0.6,""position_error_m"":null,""heading_error_deg"":null,""aoi_s"":0.14136409759521484,""position_margin_m"":null,""heading_margin_deg"":null,""freshness_margin_s"":null,""normalized_margin"":null,""observable"":false,""raw_pass"":false,""reason"":""GPS course unobservable at low speed"",""status"":""unobservable"",""observed_evaluations"":7,""satisfaction_fraction"":0.0},{""service_id"":""local_5s_moderate"",""label"":""Short prediction"",""family"":""local_relative_motion"",""horizon_s"":5.0,""position_tolerance_m"":0.2,""heading_tolerance_deg"":5.0,""maximum_aoi_s"":1.0,""position_error_m"":null,""heading_error_deg"":null,""aoi_s"":0.14136409759521484,""position_margin_m"":null,""heading_margin_deg"":null,""freshness_margin_s"":null,""normalized_margin"":null,""observable"":false,""raw_pass"":false,""reason"":""GPS course unobservable at low speed"",""status"":""unobservable"",""observed_evaluations"":4,""satisfaction_fraction"":0.0},{""service_id"":""local_10s_preview"",""label"":""Planning support"",""family"":""local_relative_motion"",""horizon_s"":10.0,""position_tolerance_m"":0.5,""heading_tolerance_deg"":10.0,""maximum_aoi_s"":1.5,""position_error_m"":null,""heading_error_deg"":null,""aoi_s"":0.14136409759521484,""position_margin_m"":null,""heading_margin_deg"":null,""freshness_margin_s"":null,""normalized_margin"":null,""observable"":false,""raw_pass"":false,""reason"":""GPS course unobservable at low speed"",""status"":""unobservable"",""observed_evaluations"":1,""satisfaction_fraction"":0.0},{""service_id"":""global_state_tracking"",""label"":""Global asset tracking"",""family"":""global_synchronization"",""horizon_s"":0.0,""position_tolerance_m"":1.0,""heading_tolerance_deg"":5.0,""maximum_aoi_s"":1.0,""position_error_m"":3.6476402249897633,""heading_error_deg"":null,""aoi_s"":0.14136409759521484,""position_margin_m"":-2.6476402249897633,""heading_margin_deg"":null,""freshness_margin_s"":0.8586359024047852,""normalized_margin"":-2.6476402249897633,""observable"":true,""raw_pass"":false,""reason"":""position tolerance"",""status"":""withdrawn"",""observed_evaluations"":72,""satisfaction_fraction"":0.0}]",high,10.0,0.3068000078201294
69.22699999999986,5796.431,1789517410.4591005,3757,-0.17834526456664593,0.7610491120061679,1.2503922709563016,2.363324321257802,-1.6697923616381458,True,0.169766665,128.65,,,0.027,0.13634443283081055,1789511613.891756,5.019678115786519,3.5169695127331257,,-76.55742,-0.013457879243911007,1.1984713216192484,1.2052589315803344,1.1998288436114657,0.006787609961085961,0.01939317131738846,turning,692.8844451904297,646,1066.5731868512316,0,False,0,151118,138792,-0.131687806,0.112861151,11.42501,11,0.94,False,"[{""service_id"":""local_1s_tight"",""label"":""Immediate motion"",""family"":""local_relative_motion"",""horizon_s"":1.0,""position_tolerance_m"":0.1,""heading_tolerance_deg"":2.0,""maximum_aoi_s"":0.6,""position_error_m"":null,""heading_error_deg"":null,""aoi_s"":0.13634443283081055,""position_margin_m"":null,""heading_margin_deg"":null,""freshness_margin_s"":null,""normalized_margin"":null,""observable"":false,""raw_pass"":false,""reason"":""GPS course unobservable at low speed"",""status"":""unobservable"",""observed_evaluations"":7,""satisfaction_fraction"":0.0},{""service_id"":""local_5s_moderate"",""label"":""Short prediction"",""family"":""local_relative_motion"",""horizon_s"":5.0,""position_tolerance_m"":0.2,""heading_tolerance_deg"":5.0,""maximum_aoi_s"":1.0,""position_error_m"":null,""heading_error_deg"":null,""aoi_s"":0.13634443283081055,""position_margin_m"":null,""heading_margin_deg"":null,""freshness_margin_s"":null,""normalized_margin"":null,""observable"":false,""raw_pass"":false,""reason"":""GPS course unobservable at low speed"",""status"":""unobservable"",""observed_evaluations"":4,""satisfaction_fraction"":0.0},{""service_id"":""local_10s_preview"",""label"":""Planning support"",""family"":""local_relative_motion"",""horizon_s"":10.0,""position_tolerance_m"":0.5,""heading_tolerance_deg"":10.0,""maximum_aoi_s"":1.5,""position_error_m"":null,""heading_error_deg"":null,""aoi_s"":0.13634443283081055,""position_margin_m"":null,""heading_margin_deg"":null,""freshness_margin_s"":null,""normalized_margin"":null,""observable"":false,""raw_pass"":false,""reason"":""GPS course unobservable at low speed"",""status"":""unobservable"",""observed_evaluations"":1,""satisfaction_fraction"":0.0},{""service_id"":""global_state_tracking"",""label"":""Global asset tracking"",""family"":""global_synchronization"",""horizon_s"":0.0,""position_tolerance_m"":1.0,""heading_tolerance_deg"":5.0,""maximum_aoi_s"":1.0,""position_error_m"":3.5169695127331257,""heading_error_deg"":null,""aoi_s"":0.13634443283081055,""position_margin_m"":-2.5169695127331257,""heading_margin_deg"":null,""freshness_margin_s"":0.8636555671691895,""normalized_margin"":-2.5169695127331257,""observable"":true,""raw_pass"":false,""reason"":""position tolerance"",""status"":""withdrawn"",""observed_evaluations"":73,""satisfaction_fraction"":0.0}]",high,10.0,0.4903000080958009
69.94100000000071,5797.145,1789517411.1730733,3758,-0.1776647623150644,0.7569238804603672,2.218177654291818,2.510422872532491,-1.6697923616381458,True,0.169766665,128.65,,,0.018,0.13631725311279297,1789511613.891756,0.027193070309294853,3.621431602596555,,-58.26565,-0.005855718449633205,1.3065390692838825,1.551052289631711,1.3554417133534484,0.2445132203478284,0.6986092009937955,turning,693.3519840240479,644,1039.5880354980445,0,False,0,151751,138216,-0.131687806,0.131819659,11.42501,11,0.94,False,"[{""service_id"":""local_1s_tight"",""label"":""Immediate motion"",""family"":""local_relative_motion"",""horizon_s"":1.0,""position_tolerance_m"":0.1,""heading_tolerance_deg"":2.0,""maximum_aoi_s"":0.6,""position_error_m"":null,""heading_error_deg"":null,""aoi_s"":0.13631725311279297,""position_margin_m"":null,""heading_margin_deg"":null,""freshness_margin_s"":null,""normalized_margin"":null,""observable"":false,""raw_pass"":false,""reason"":""GPS course unobservable at low speed"",""status"":""unobservable"",""observed_evaluations"":7,""satisfaction_fraction"":0.0},{""service_id"":""local_5s_moderate"",""label"":""Short prediction"",""family"":""local_relative_motion"",""horizon_s"":5.0,""position_tolerance_m"":0.2,""heading_tolerance_deg"":5.0,""maximum_aoi_s"":1.0,""position_error_m"":null,""heading_error_deg"":null,""aoi_s"":0.13631725311279297,""position_margin_m"":null,""heading_margin_deg"":null,""freshness_margin_s"":null,""normalized_margin"":null,""observable"":false,""raw_pass"":false,""reason"":""GPS course unobservable at low speed"",""status"":""unobservable"",""observed_evaluations"":4,""satisfaction_fraction"":0.0},{""service_id"":""local_10s_preview"",""label"":""Planning support"",""family"":""local_relative_motion"",""horizon_s"":10.0,""position_tolerance_m"":0.5,""heading_tolerance_deg"":10.0,""maximum_aoi_s"":1.5,""position_error_m"":null,""heading_error_deg"":null,""aoi_s"":0.13631725311279297,""position_margin_m"":null,""heading_margin_deg"":null,""freshness_margin_s"":null,""normalized_margin"":null,""observable"":false,""raw_pass"":false,""reason"":""GPS course unobservable at low speed"",""status"":""unobservable"",""observed_evaluations"":1,""satisfaction_fraction"":0.0},{""service_id"":""global_state_tracking"",""label"":""Global asset tracking"",""family"":""global_synchronization"",""horizon_s"":0.0,""position_tolerance_m"":1.0,""heading_tolerance_deg"":5.0,""maximum_aoi_s"":1.0,""position_error_m"":3.621431602596555,""heading_error_deg"":null,""aoi_s"":0.13631725311279297,""position_margin_m"":-2.621431602596555,""heading_margin_deg"":null,""freshness_margin_s"":0.863682746887207,""normalized_margin"":-2.621431602596555,""observable"":true,""raw_pass"":false,""reason"":""position tolerance"",""status"":""withdrawn"",""observed_evaluations"":74,""satisfaction_fraction"":0.0}]",high,10.0,0.21329999435693026
70.67799999999988,5797.882,1789517411.908198,3759,-0.17242574678710815,0.754447751516347,-3.101207429386818,2.510422872532491,-1.6697923616381458,True,0.401266663,149.14,-1.0321877196294462,2.9039290255266685,0.055,0.13444209098815918,1789511613.891756,1.8751735678961268,3.61588396390321,134.47712283178402,-47.61667,-0.007862545046794166,1.3578969100198286,1.1070841611556532,1.3077343602469937,0.25081274886417537,0.7166078538976439,turning,723.1097221374512,643,1042.081649275377,0,False,0,152439,137607,-0.107213001,0.107213001,11.42501,11,0.94,True,"[{""service_id"":""local_1s_tight"",""label"":""Immediate motion"",""family"":""local_relative_motion"",""horizon_s"":1.0,""position_tolerance_m"":0.1,""heading_tolerance_deg"":2.0,""maximum_aoi_s"":0.6,""position_error_m"":null,""heading_error_deg"":null,""aoi_s"":0.13444209098815918,""position_margin_m"":null,""heading_margin_deg"":null,""freshness_margin_s"":null,""normalized_margin"":null,""observable"":false,""raw_pass"":false,""reason"":""no synchronized 1 s window"",""status"":""unobservable"",""observed_evaluations"":7,""satisfaction_fraction"":0.0},{""service_id"":""local_5s_moderate"",""label"":""Short prediction"",""family"":""local_relative_motion"",""horizon_s"":5.0,""position_tolerance_m"":0.2,""heading_tolerance_deg"":5.0,""maximum_aoi_s"":1.0,""position_error_m"":null,""heading_error_deg"":null,""aoi_s"":0.13444209098815918,""position_margin_m"":null,""heading_margin_deg"":null,""freshness_margin_s"":null,""normalized_margin"":null,""observable"":false,""raw_pass"":false,""reason"":""no synchronized 5 s window"",""status"":""unobservable"",""observed_evaluations"":4,""satisfaction_fraction"":0.0},{""service_id"":""local_10s_preview"",""label"":""Planning support"",""family"":""local_relative_motion"",""horizon_s"":10.0,""position_tolerance_m"":0.5,""heading_tolerance_deg"":10.0,""maximum_aoi_s"":1.5,""position_error_m"":null,""heading_error_deg"":null,""aoi_s"":0.13444209098815918,""position_margin_m"":null,""heading_margin_deg"":null,""freshness_margin_s"":null,""normalized_margin"":null,""observable"":false,""raw_pass"":false,""reason"":""no synchronized 10 s window"",""status"":""unobservable"",""observed_evaluations"":1,""satisfaction_fraction"":0.0},{""service_id"":""global_state_tracking"",""label"":""Global asset tracking"",""family"":""global_synchronization"",""horizon_s"":0.0,""position_tolerance_m"":1.0,""heading_tolerance_deg"":5.0,""maximum_aoi_s"":1.0,""position_error_m"":3.61588396390321,""heading_error_deg"":134.47712283178402,""aoi_s"":0.13444209098815918,""position_margin_m"":-2.61588396390321,""heading_margin_deg"":-129.47712283178402,""freshness_margin_s"":0.8655579090118408,""normalized_margin"":-25.8954245663568,""observable"":true,""raw_pass"":false,""reason"":""position tolerance, heading tolerance"",""status"":""withdrawn"",""observed_evaluations"":75,""satisfaction_fraction"":0.0}]",high,10.0,0.4366999492049217
71.39100000000053,5798.595,1789517412.6248436,3760,-0.1740506641258225,0.7539940707506908,-2.637440069166804,2.65840756036373,-1.854582716616124,True,0.205777776,149.14,,,0.011,0.13808751106262207,1789511613.891756,3.6454792016229476,3.8506483154226743,,-47.21401,0.0023661476927217297,0.6655487893085734,0.590030370252333,0.6504451054973254,0.07551841905624046,0.21576691158925848,turning,701.9574642181396,642,1042.802169042983,0,False,0,152735,137288,-0.060557753,0.065402327,11.40893,10,0.96,False,"[{""service_id"":""local_1s_tight"",""label"":""Immediate motion"",""family"":""local_relative_motion"",""horizon_s"":1.0,""position_tolerance_m"":0.1,""heading_tolerance_deg"":2.0,""maximum_aoi_s"":0.6,""position_error_m"":null,""heading_error_deg"":null,""aoi_s"":0.13808751106262207,""position_margin_m"":null,""heading_margin_deg"":null,""freshness_margin_s"":null,""normalized_margin"":null,""observable"":false,""raw_pass"":false,""reason"":""GPS course unobservable at low speed"",""status"":""unobservable"",""observed_evaluations"":7,""satisfaction_fraction"":0.0},{""service_id"":""local_5s_moderate"",""label"":""Short prediction"",""family"":""local_relative_motion"",""horizon_s"":5.0,""position_tolerance_m"":0.2,""heading_tolerance_deg"":5.0,""maximum_aoi_s"":1.0,""position_error_m"":null,""heading_error_deg"":null,""aoi_s"":0.13808751106262207,""position_margin_m"":null,""heading_margin_deg"":null,""freshness_margin_s"":null,""normalized_margin"":null,""observable"":false,""raw_pass"":false,""reason"":""GPS course unobservable at low speed"",""status"":""unobservable"",""observed_evaluations"":4,""satisfaction_fraction"":0.0},{""service_id"":""local_10s_preview"",""label"":""Planning support"",""family"":""local_relative_motion"",""horizon_s"":10.0,""position_tolerance_m"":0.5,""heading_tolerance_deg"":10.0,""maximum_aoi_s"":1.5,""position_error_m"":null,""heading_error_deg"":null,""aoi_s"":0.13808751106262207,""position_margin_m"":null,""heading_margin_deg"":null,""freshness_margin_s"":null,""normalized_margin"":null,""observable"":false,""raw_pass"":false,""reason"":""GPS course unobservable at low speed"",""status"":""unobservable"",""observed_evaluations"":1,""satisfaction_fraction"":0.0},{""service_id"":""global_state_tracking"",""label"":""Global asset tracking"",""family"":""global_synchronization"",""horizon_s"":0.0,""position_tolerance_m"":1.0,""heading_tolerance_deg"":5.0,""maximum_aoi_s"":1.0,""position_error_m"":3.8506483154226743,""heading_error_deg"":null,""aoi_s"":0.13808751106262207,""position_margin_m"":-2.8506483154226743,""heading_margin_deg"":null,""freshness_margin_s"":0.8619124889373779,""normalized_margin"":-2.8506483154226743,""observable"":true,""raw_pass"":false,""reason"":""position tolerance"",""status"":""withdrawn"",""observed_evaluations"":76,""satisfaction_fraction"":0.0}]",high,10.0,0.5400999798439443
72.10699999999997,5799.311,1789517413.2055025,3761,-0.1739916272039315,0.7540376017651078,-2.375030504892763,2.510422872532491,-1.854582716616124,True,0.113177777,149.14,,,0.032,0.0027463436126708984,1789511613.891756,135.34108734074835,3.7431245199520875,,-49.70388,-0.0001024449420034879,0.4019667415363698,0.2246020581160203,0.3664938048522999,0.1773646834203495,0.5067562383438557,low-motion,558.6414337158203,629,1048.0384056989856,0,False,0,152922,137102,-0.037629792,0.0,11.40893,9,1.0,False,"[{""service_id"":""local_1s_tight"",""label"":""Immediate motion"",""family"":""local_relative_motion"",""horizon_s"":1.0,""position_tolerance_m"":0.1,""heading_tolerance_deg"":2.0,""maximum_aoi_s"":0.6,""position_error_m"":null,""heading_error_deg"":null,""aoi_s"":0.0027463436126708984,""position_margin_m"":null,""heading_margin_deg"":null,""freshness_margin_s"":null,""normalized_margin"":null,""observable"":false,""raw_pass"":false,""reason"":""GPS course unobservable at low speed"",""status"":""unobservable"",""observed_evaluations"":7,""satisfaction_fraction"":0.0},{""service_id"":""local_5s_moderate"",""label"":""Short prediction"",""family"":""local_relative_motion"",""horizon_s"":5.0,""position_tolerance_m"":0.2,""heading_tolerance_deg"":5.0,""maximum_aoi_s"":1.0,""position_error_m"":null,""heading_error_deg"":null,""aoi_s"":0.0027463436126708984,""position_margin_m"":null,""heading_margin_deg"":null,""freshness_margin_s"":null,""normalized_margin"":null,""observable"":false,""raw_pass"":false,""reason"":""GPS course unobservable at low speed"",""status"":""unobservable"",""observed_evaluations"":4,""satisfaction_fraction"":0.0},{""service_id"":""local_10s_preview"",""label"":""Planning support"",""family"":""local_relative_motion"",""horizon_s"":10.0,""position_tolerance_m"":0.5,""heading_tolerance_deg"":10.0,""maximum_aoi_s"":1.5,""position_error_m"":null,""heading_error_deg"":null,""aoi_s"":0.0027463436126708984,""position_margin_m"":null,""heading_margin_deg"":null,""freshness_margin_s"":null,""normalized_margin"":null,""observable"":false,""raw_pass"":false,""reason"":""GPS course unobservable at low speed"",""status"":""unobservable"",""observed_evaluations"":1,""satisfaction_fraction"":0.0},{""service_id"":""global_state_tracking"",""label"":""Global asset tracking"",""family"":""global_synchronization"",""horizon_s"":0.0,""position_tolerance_m"":1.0,""heading_tolerance_deg"":5.0,""maximum_aoi_s"":1.0,""position_error_m"":3.7431245199520875,""heading_error_deg"":null,""aoi_s"":0.0027463436126708984,""position_margin_m"":-2.7431245199520875,""heading_margin_deg"":null,""freshness_margin_s"":0.9972536563873291,""normalized_margin"":-2.7431245199520875,""observable"":true,""raw_pass"":false,""reason"":""position tolerance"",""status"":""withdrawn"",""observed_evaluations"":77,""satisfaction_fraction"":0.0}]",high,10.0,0.4658999969251454
72.70300000000043,5799.907,1789517413.956957,3762,-0.1698173367524609,0.7582655440343865,-2.3245878012162144,2.510422872532491,-1.854582716616124,True,0.113177777,149.14,,,0.628,0.15820097923278809,1789511613.891756,155.45459175064025,3.743082100709553,,-61.14761,-0.00996878667185418,0.10227633179295366,0.014071717094204282,0.0846354088532038,0.08820461469874938,0.25201318485356966,low-motion,726.1884212493896,617,1037.245587496427,0,False,0,153002,137103,0.0,0.0,11.40893,9,1.0,False,"[{""service_id"":""local_1s_tight"",""label"":""Immediate motion"",""family"":""local_relative_motion"",""horizon_s"":1.0,""position_tolerance_m"":0.1,""heading_tolerance_deg"":2.0,""maximum_aoi_s"":0.6,""position_error_m"":null,""heading_error_deg"":null,""aoi_s"":0.15820097923278809,""position_margin_m"":null,""heading_margin_deg"":null,""freshness_margin_s"":null,""normalized_margin"":null,""observable"":false,""raw_pass"":false,""reason"":""GPS course unobservable at low speed"",""status"":""unobservable"",""observed_evaluations"":7,""satisfaction_fraction"":0.0},{""service_id"":""local_5s_moderate"",""label"":""Short prediction"",""family"":""local_relative_motion"",""horizon_s"":5.0,""position_tolerance_m"":0.2,""heading_tolerance_deg"":5.0,""maximum_aoi_s"":1.0,""position_error_m"":null,""heading_error_deg"":null,""aoi_s"":0.15820097923278809,""position_margin_m"":null,""heading_margin_deg"":null,""freshness_margin_s"":null,""normalized_margin"":null,""observable"":false,""raw_pass"":false,""reason"":""GPS course unobservable at low speed"",""status"":""unobservable"",""observed_evaluations"":4,""satisfaction_fraction"":0.0},{""service_id"":""local_10s_preview"",""label"":""Planning support"",""family"":""local_relative_motion"",""horizon_s"":10.0,""position_tolerance_m"":0.5,""heading_tolerance_deg"":10.0,""maximum_aoi_s"":1.5,""position_error_m"":null,""heading_error_deg"":null,""aoi_s"":0.15820097923278809,""position_margin_m"":null,""heading_margin_deg"":null,""freshness_margin_s"":null,""normalized_margin"":null,""observable"":false,""raw_pass"":false,""reason"":""GPS course unobservable at low speed"",""status"":""unobservable"",""observed_evaluations"":1,""satisfaction_fraction"":0.0},{""service_id"":""global_state_tracking"",""label"":""Global asset tracking"",""family"":""global_synchronization"",""horizon_s"":0.0,""position_tolerance_m"":1.0,""heading_tolerance_deg"":5.0,""maximum_aoi_s"":1.0,""position_error_m"":3.743082100709553,""heading_error_deg"":null,""aoi_s"":0.15820097923278809,""position_margin_m"":-2.743082100709553,""heading_margin_deg"":null,""freshness_margin_s"":0.8417990207672119,""normalized_margin"":-2.743082100709553,""observable"":true,""raw_pass"":false,""reason"":""position tolerance"",""status"":""withdrawn"",""observed_evaluations"":78,""satisfaction_fraction"":0.0}]",high,10.0,0.3869999782182276
73.4310000000005,5800.635,1789517414.5288801,3763,-0.1698173367524609,0.7582655440343865,-2.324127208826613,2.510422872532491,-1.854582716616124,True,0.113177777,149.14,,,0.048,0.0021240711212158203,1789511613.891756,156.07698249823443,3.743082100709553,,-72.02824,-0.0,0.0,0.0031634092692397224,0.0006326818538479446,0.0031634092692397224,0.009038312197827778,low-motion,554.8310279846191,616,1063.6650608983268,0,False,0,153002,137103,0.0,0.0,11.40893,9,1.0,False,"[{""service_id"":""local_1s_tight"",""label"":""Immediate motion"",""family"":""local_relative_motion"",""horizon_s"":1.0,""position_tolerance_m"":0.1,""heading_tolerance_deg"":2.0,""maximum_aoi_s"":0.6,""position_error_m"":null,""heading_error_deg"":null,""aoi_s"":0.0021240711212158203,""position_margin_m"":null,""heading_margin_deg"":null,""freshness_margin_s"":null,""normalized_margin"":null,""observable"":false,""raw_pass"":false,""reason"":""GPS course unobservable at low speed"",""status"":""unobservable"",""observed_evaluations"":7,""satisfaction_fraction"":0.0},{""service_id"":""local_5s_moderate"",""label"":""Short prediction"",""family"":""local_relative_motion"",""horizon_s"":5.0,""position_tolerance_m"":0.2,""heading_tolerance_deg"":5.0,""maximum_aoi_s"":1.0,""position_error_m"":null,""heading_error_deg"":null,""aoi_s"":0.0021240711212158203,""position_margin_m"":null,""heading_margin_deg"":null,""freshness_margin_s"":null,""normalized_margin"":null,""observable"":false,""raw_pass"":false,""reason"":""GPS course unobservable at low speed"",""status"":""unobservable"",""observed_evaluations"":4,""satisfaction_fraction"":0.0},{""service_id"":""local_10s_preview"",""label"":""Planning support"",""family"":""local_relative_motion"",""horizon_s"":10.0,""position_tolerance_m"":0.5,""heading_tolerance_deg"":10.0,""maximum_aoi_s"":1.5,""position_error_m"":null,""heading_error_deg"":null,""aoi_s"":0.0021240711212158203,""position_margin_m"":null,""heading_margin_deg"":null,""freshness_margin_s"":null,""normalized_margin"":null,""observable"":false,""raw_pass"":false,""reason"":""GPS course unobservable at low speed"",""status"":""unobservable"",""observed_evaluations"":1,""satisfaction_fraction"":0.0},{""service_id"":""global_state_tracking"",""label"":""Global asset tracking"",""family"":""global_synchronization"",""horizon_s"":0.0,""position_tolerance_m"":1.0,""heading_tolerance_deg"":5.0,""maximum_aoi_s"":1.0,""position_error_m"":3.743082100709553,""heading_error_deg"":null,""aoi_s"":0.0021240711212158203,""position_margin_m"":-2.743082100709553,""heading_margin_deg"":null,""freshness_margin_s"":0.9978759288787842,""normalized_margin"":-2.743082100709553,""observable"":true,""raw_pass"":false,""reason"":""position tolerance"",""status"":""withdrawn"",""observed_evaluations"":79,""satisfaction_fraction"":0.0}]",high,10.0,0.3150000120513141
74.00800000000072,5801.212,1789517415.2390797,3764,-0.1698173367524609,0.7582655440343865,-2.3246433245030436,2.510422872532491,-1.854582716616124,True,0.087455555,149.14,,,0.029,0.13532376289367676,1789511613.891756,133.1995944974551,3.743082100709553,,-79.38088,-0.0,0.0,-0.004472406208235469,-0.0008944812416470937,0.004472406208235469,0.01277830345210134,low-motion,693.0723190307617,626,1059.2096236132384,0,False,0,153002,137103,0.0,0.0,11.40893,10,0.97,False,"[{""service_id"":""local_1s_tight"",""label"":""Immediate motion"",""family"":""local_relative_motion"",""horizon_s"":1.0,""position_tolerance_m"":0.1,""heading_tolerance_deg"":2.0,""maximum_aoi_s"":0.6,""position_error_m"":null,""heading_error_deg"":null,""aoi_s"":0.13532376289367676,""position_margin_m"":null,""heading_margin_deg"":null,""freshness_margin_s"":null,""normalized_margin"":null,""observable"":false,""raw_pass"":false,""reason"":""GPS course unobservable at low speed"",""status"":""unobservable"",""observed_evaluations"":7,""satisfaction_fraction"":0.0},{""service_id"":""local_5s_moderate"",""label"":""Short prediction"",""family"":""local_relative_motion"",""horizon_s"":5.0,""position_tolerance_m"":0.2,""heading_tolerance_deg"":5.0,""maximum_aoi_s"":1.0,""position_error_m"":null,""heading_error_deg"":null,""aoi_s"":0.13532376289367676,""position_margin_m"":null,""heading_margin_deg"":null,""freshness_margin_s"":null,""normalized_margin"":null,""observable"":false,""raw_pass"":false,""reason"":""GPS course unobservable at low speed"",""status"":""unobservable"",""observed_evaluations"":4,""satisfaction_fraction"":0.0},{""service_id"":""local_10s_preview"",""label"":""Planning support"",""family"":""local_relative_motion"",""horizon_s"":10.0,""position_tolerance_m"":0.5,""heading_tolerance_deg"":10.0,""maximum_aoi_s"":1.5,""position_error_m"":null,""heading_error_deg"":null,""aoi_s"":0.13532376289367676,""position_margin_m"":null,""heading_margin_deg"":null,""freshness_margin_s"":null,""normalized_margin"":null,""observable"":false,""raw_pass"":false,""reason"":""GPS course unobservable at low speed"",""status"":""unobservable"",""observed_evaluations"":1,""satisfaction_fraction"":0.0},{""service_id"":""global_state_tracking"",""label"":""Global asset tracking"",""family"":""global_synchronization"",""horizon_s"":0.0,""position_tolerance_m"":1.0,""heading_tolerance_deg"":5.0,""maximum_aoi_s"":1.0,""position_error_m"":3.743082100709553,""heading_error_deg"":null,""aoi_s"":0.13532376289367676,""position_margin_m"":-2.743082100709553,""heading_margin_deg"":null,""freshness_margin_s"":0.8646762371063232,""normalized_margin"":-2.743082100709553,""observable"":true,""raw_pass"":false,""reason"":""position tolerance"",""status"":""withdrawn"",""observed_evaluations"":80,""satisfaction_fraction"":0.0}]",high,10.0,0.21630001720041037
74.71600000000035,5801.92,1789517415.8193047,3765,-0.1698173367524609,0.7582655440343865,-2.3249676939445267,2.510422872532491,-1.854582716616124,True,0.061733333,149.14,,,0.026,0.00754857063293457,1789511613.891756,127.77500915490236,3.743082100709553,,-87.53532,-0.0,0.0,-0.0022907446432425577,-0.00045814892864851157,0.0022907446432425577,0.006544984694978736,low-motion,573.0259418487549,626,1085.395786790103,0,False,0,153002,137103,0.0,0.0,11.40893,10,0.97,False,"[{""service_id"":""local_1s_tight"",""label"":""Immediate motion"",""family"":""local_relative_motion"",""horizon_s"":1.0,""position_tolerance_m"":0.1,""heading_tolerance_deg"":2.0,""maximum_aoi_s"":0.6,""position_error_m"":null,""heading_error_deg"":null,""aoi_s"":0.00754857063293457,""position_margin_m"":null,""heading_margin_deg"":null,""freshness_margin_s"":null,""normalized_margin"":null,""observable"":false,""raw_pass"":false,""reason"":""GPS course unobservable at low speed"",""status"":""unobservable"",""observed_evaluations"":7,""satisfaction_fraction"":0.0},{""service_id"":""local_5s_moderate"",""label"":""Short prediction"",""family"":""local_relative_motion"",""horizon_s"":5.0,""position_tolerance_m"":0.2,""heading_tolerance_deg"":5.0,""maximum_aoi_s"":1.0,""position_error_m"":null,""heading_error_deg"":null,""aoi_s"":0.00754857063293457,""position_margin_m"":null,""heading_margin_deg"":null,""freshness_margin_s"":null,""normalized_margin"":null,""observable"":false,""raw_pass"":false,""reason"":""GPS course unobservable at low speed"",""status"":""unobservable"",""observed_evaluations"":4,""satisfaction_fraction"":0.0},{""service_id"":""local_10s_preview"",""label"":""Planning support"",""family"":""local_relative_motion"",""horizon_s"":10.0,""position_tolerance_m"":0.5,""heading_tolerance_deg"":10.0,""maximum_aoi_s"":1.5,""position_error_m"":null,""heading_error_deg"":null,""aoi_s"":0.00754857063293457,""position_margin_m"":null,""heading_margin_deg"":null,""freshness_margin_s"":null,""normalized_margin"":null,""observable"":false,""raw_pass"":false,""reason"":""GPS course unobservable at low speed"",""status"":""unobservable"",""observed_evaluations"":1,""satisfaction_fraction"":0.0},{""service_id"":""global_state_tracking"",""label"":""Global asset tracking"",""family"":""global_synchronization"",""horizon_s"":0.0,""position_tolerance_m"":1.0,""heading_tolerance_deg"":5.0,""maximum_aoi_s"":1.0,""position_error_m"":3.743082100709553,""heading_error_deg"":null,""aoi_s"":0.00754857063293457,""position_margin_m"":-2.743082100709553,""heading_margin_deg"":null,""freshness_margin_s"":0.9924514293670654,""normalized_margin"":-2.743082100709553,""observable"":true,""raw_pass"":false,""reason"":""position tolerance"",""status"":""withdrawn"",""observed_evaluations"":81,""satisfaction_fraction"":0.0}]",high,10.0,0.4765999619849026
75.30400000000009,5802.508,1789517416.539337,3766,-0.1698173367524609,0.7582655440343865,-2.3242108319144,2.510422872532491,-1.854582716616124,True,0.17491111,149.14,,,0.036,0.13958096504211426,1789511613.891756,132.03221511867014,3.743082100709553,,-97.18436,-0.0,0.0,0.0064359016167290905,0.0012871803233458182,0.0064359016167290905,0.01838829033351169,low-motion,698.1821060180664,625,1084.8303657605145,0,False,0,153002,137103,0.0,0.0,11.40893,10,0.97,False,"[{""service_id"":""local_1s_tight"",""label"":""Immediate motion"",""family"":""local_relative_motion"",""horizon_s"":1.0,""position_tolerance_m"":0.1,""heading_tolerance_deg"":2.0,""maximum_aoi_s"":0.6,""position_error_m"":null,""heading_error_deg"":null,""aoi_s"":0.13958096504211426,""position_margin_m"":null,""heading_margin_deg"":null,""freshness_margin_s"":null,""normalized_margin"":null,""observable"":false,""raw_pass"":false,""reason"":""GPS course unobservable at low speed"",""status"":""unobservable"",""observed_evaluations"":7,""satisfaction_fraction"":0.0},{""service_id"":""local_5s_moderate"",""label"":""Short prediction"",""family"":""local_relative_motion"",""horizon_s"":5.0,""position_tolerance_m"":0.2,""heading_tolerance_deg"":5.0,""maximum_aoi_s"":1.0,""position_error_m"":null,""heading_error_deg"":null,""aoi_s"":0.13958096504211426,""position_margin_m"":null,""heading_margin_deg"":null,""freshness_margin_s"":null,""normalized_margin"":null,""observable"":false,""raw_pass"":false,""reason"":""GPS course unobservable at low speed"",""status"":""unobservable"",""observed_evaluations"":4,""satisfaction_fraction"":0.0},{""service_id"":""local_10s_preview"",""label"":""Planning support"",""family"":""local_relative_motion"",""horizon_s"":10.0,""position_tolerance_m"":0.5,""heading_tolerance_deg"":10.0,""maximum_aoi_s"":1.5,""position_error_m"":null,""heading_error_deg"":null,""aoi_s"":0.13958096504211426,""position_margin_m"":null,""heading_margin_deg"":null,""freshness_margin_s"":null,""normalized_margin"":null,""observable"":false,""raw_pass"":false,""reason"":""GPS course unobservable at low speed"",""status"":""unobservable"",""observed_evaluations"":1,""satisfaction_fraction"":0.0},{""service_id"":""global_state_tracking"",""label"":""Global asset tracking"",""family"":""global_synchronization"",""horizon_s"":0.0,""position_tolerance_m"":1.0,""heading_tolerance_deg"":5.0,""maximum_aoi_s"":1.0,""position_error_m"":3.743082100709553,""heading_error_deg"":null,""aoi_s"":0.13958096504211426,""position_margin_m"":-2.743082100709553,""heading_margin_deg"":null,""freshness_margin_s"":0.8604190349578857,""normalized_margin"":-2.743082100709553,""observable"":true,""raw_pass"":false,""reason"":""position tolerance"",""status"":""withdrawn"",""observed_evaluations"":82,""satisfaction_fraction"":0.0}]",high,10.0,0.20910002058371902
76.02100000000064,5803.225,1789517417.1358066,3767,-0.1698173367524609,0.7582655440343865,-2.3234443487567704,2.510422872532491,-1.854582716616124,True,0.17491111,149.14,,,0.036,0.01905059814453125,1789511613.891756,120.53035926874145,3.743082100709553,,-105.9953,-0.0,0.0,0.005345070834232635,0.001069014166846527,0.005345070834232635,0.015271630954950386,low-motion,578.4299373626709,625,1109.7408781550025,0,False,0,153002,137103,0.0,0.0,11.40893,10,0.97,False,"[{""service_id"":""local_1s_tight"",""label"":""Immediate motion"",""family"":""local_relative_motion"",""horizon_s"":1.0,""position_tolerance_m"":0.1,""heading_tolerance_deg"":2.0,""maximum_aoi_s"":0.6,""position_error_m"":null,""heading_error_deg"":null,""aoi_s"":0.01905059814453125,""position_margin_m"":null,""heading_margin_deg"":null,""freshness_margin_s"":null,""normalized_margin"":null,""observable"":false,""raw_pass"":false,""reason"":""GPS course unobservable at low speed"",""status"":""unobservable"",""observed_evaluations"":7,""satisfaction_fraction"":0.0},{""service_id"":""local_5s_moderate"",""label"":""Short prediction"",""family"":""local_relative_motion"",""horizon_s"":5.0,""position_tolerance_m"":0.2,""heading_tolerance_deg"":5.0,""maximum_aoi_s"":1.0,""position_error_m"":null,""heading_error_deg"":null,""aoi_s"":0.01905059814453125,""position_margin_m"":null,""heading_margin_deg"":null,""freshness_margin_s"":null,""normalized_margin"":null,""observable"":false,""raw_pass"":false,""reason"":""GPS course unobservable at low speed"",""status"":""unobservable"",""observed_evaluations"":4,""satisfaction_fraction"":0.0},{""service_id"":""local_10s_preview"",""label"":""Planning support"",""family"":""local_relative_motion"",""horizon_s"":10.0,""position_tolerance_m"":0.5,""heading_tolerance_deg"":10.0,""maximum_aoi_s"":1.5,""position_error_m"":null,""heading_error_deg"":null,""aoi_s"":0.01905059814453125,""position_margin_m"":null,""heading_margin_deg"":null,""freshness_margin_s"":null,""normalized_margin"":null,""observable"":false,""raw_pass"":false,""reason"":""GPS course unobservable at low speed"",""status"":""unobservable"",""observed_evaluations"":1,""satisfaction_fraction"":0.0},{""service_id"":""global_state_tracking"",""label"":""Global asset tracking"",""family"":""global_synchronization"",""horizon_s"":0.0,""position_tolerance_m"":1.0,""heading_tolerance_deg"":5.0,""maximum_aoi_s"":1.0,""position_error_m"":3.743082100709553,""heading_error_deg"":null,""aoi_s"":0.01905059814453125,""position_margin_m"":-2.743082100709553,""heading_margin_deg"":null,""freshness_margin_s"":0.9809494018554688,""normalized_margin"":-2.743082100709553,""observable"":true,""raw_pass"":false,""reason"":""position tolerance"",""status"":""withdrawn"",""observed_evaluations"":83,""satisfaction_fraction"":0.0}]",high,10.0,0.4993999609723687
76.60900000000038,5803.813,1789517417.8404753,3768,-0.1698173367524609,0.7582655440343865,-2.3224309233266003,2.510422872532491,-1.854582716616124,True,0.066877777,149.14,,,0.04,0.13571929931640625,1789511613.891756,116.66876029994455,3.743082100709553,,-114.1451,-0.0,0.0,0.008617563181722002,0.0017235126363444005,0.008617563181722002,0.024621609090634294,low-motion,684.4313144683838,627,1076.813220657818,0,False,0,153002,137103,0.0,0.0,11.40893,10,0.97,False,"[{""service_id"":""local_1s_tight"",""label"":""Immediate motion"",""family"":""local_relative_motion"",""horizon_s"":1.0,""position_tolerance_m"":0.1,""heading_tolerance_deg"":2.0,""maximum_aoi_s"":0.6,""position_error_m"":null,""heading_error_deg"":null,""aoi_s"":0.13571929931640625,""position_margin_m"":null,""heading_margin_deg"":null,""freshness_margin_s"":null,""normalized_margin"":null,""observable"":false,""raw_pass"":false,""reason"":""GPS course unobservable at low speed"",""status"":""unobservable"",""observed_evaluations"":7,""satisfaction_fraction"":0.0},{""service_id"":""local_5s_moderate"",""label"":""Short prediction"",""family"":""local_relative_motion"",""horizon_s"":5.0,""position_tolerance_m"":0.2,""heading_tolerance_deg"":5.0,""maximum_aoi_s"":1.0,""position_error_m"":null,""heading_error_deg"":null,""aoi_s"":0.13571929931640625,""position_margin_m"":null,""heading_margin_deg"":null,""freshness_margin_s"":null,""normalized_margin"":null,""observable"":false,""raw_pass"":false,""reason"":""GPS course unobservable at low speed"",""status"":""unobservable"",""observed_evaluations"":4,""satisfaction_fraction"":0.0},{""service_id"":""local_10s_preview"",""label"":""Planning support"",""family"":""local_relative_motion"",""horizon_s"":10.0,""position_tolerance_m"":0.5,""heading_tolerance_deg"":10.0,""maximum_aoi_s"":1.5,""position_error_m"":null,""heading_error_deg"":null,""aoi_s"":0.13571929931640625,""position_margin_m"":null,""heading_margin_deg"":null,""freshness_margin_s"":null,""normalized_margin"":null,""observable"":false,""raw_pass"":false,""reason"":""GPS course unobservable at low speed"",""status"":""unobservable"",""observed_evaluations"":1,""satisfaction_fraction"":0.0},{""service_id"":""global_state_tracking"",""label"":""Global asset tracking"",""family"":""global_synchronization"",""horizon_s"":0.0,""position_tolerance_m"":1.0,""heading_tolerance_deg"":5.0,""maximum_aoi_s"":1.0,""position_error_m"":3.743082100709553,""heading_error_deg"":null,""aoi_s"":0.13571929931640625,""position_margin_m"":-2.743082100709553,""heading_margin_deg"":null,""freshness_margin_s"":0.8642807006835938,""normalized_margin"":-2.743082100709553,""observable"":true,""raw_pass"":false,""reason"":""position tolerance"",""status"":""withdrawn"",""observed_evaluations"":84,""satisfaction_fraction"":0.0}]",high,10.0,0.5068999598734081
77.33600000000024,5804.54,1789517418.4349985,3769,-0.1698173367524609,0.7582655440343865,-2.322446784006178,2.510422872532491,-2.0404862658031684,True,0.092599999,149.14,,,0.041,0.00324249267578125,1789511613.891756,132.4768085478354,3.8751386133320227,,-122.9849,-0.0,0.0,-0.0001090830782496456,-2.181661564992912e-05,0.0001090830782496456,0.0003116659378561303,low-motion,575.9124755859375,620,1112.539957397049,0,False,0,153002,137103,0.0,0.0,11.40893,10,0.97,False,"[{""service_id"":""local_1s_tight"",""label"":""Immediate motion"",""family"":""local_relative_motion"",""horizon_s"":1.0,""position_tolerance_m"":0.1,""heading_tolerance_deg"":2.0,""maximum_aoi_s"":0.6,""position_error_m"":null,""heading_error_deg"":null,""aoi_s"":0.00324249267578125,""position_margin_m"":null,""heading_margin_deg"":null,""freshness_margin_s"":null,""normalized_margin"":null,""observable"":false,""raw_pass"":false,""reason"":""GPS course unobservable at low speed"",""status"":""unobservable"",""observed_evaluations"":7,""satisfaction_fraction"":0.0},{""service_id"":""local_5s_moderate"",""label"":""Short prediction"",""family"":""local_relative_motion"",""horizon_s"":5.0,""position_tolerance_m"":0.2,""heading_tolerance_deg"":5.0,""maximum_aoi_s"":1.0,""position_error_m"":null,""heading_error_deg"":null,""aoi_s"":0.00324249267578125,""position_margin_m"":null,""heading_margin_deg"":null,""freshness_margin_s"":null,""normalized_margin"":null,""observable"":false,""raw_pass"":false,""reason"":""GPS course unobservable at low speed"",""status"":""unobservable"",""observed_evaluations"":4,""satisfaction_fraction"":0.0},{""service_id"":""local_10s_preview"",""label"":""Planning support"",""family"":""local_relative_motion"",""horizon_s"":10.0,""position_tolerance_m"":0.5,""heading_tolerance_deg"":10.0,""maximum_aoi_s"":1.5,""position_error_m"":null,""heading_error_deg"":null,""aoi_s"":0.00324249267578125,""position_margin_m"":null,""heading_margin_deg"":null,""freshness_margin_s"":null,""normalized_margin"":null,""observable"":false,""raw_pass"":false,""reason"":""GPS course unobservable at low speed"",""status"":""unobservable"",""observed_evaluations"":1,""satisfaction_fraction"":0.0},{""service_id"":""global_state_tracking"",""label"":""Global asset tracking"",""family"":""global_synchronization"",""horizon_s"":0.0,""position_tolerance_m"":1.0,""heading_tolerance_deg"":5.0,""maximum_aoi_s"":1.0,""position_error_m"":3.8751386133320227,""heading_error_deg"":null,""aoi_s"":0.00324249267578125,""position_margin_m"":-2.8751386133320227,""heading_margin_deg"":null,""freshness_margin_s"":0.9967575073242188,""normalized_margin"":-2.8751386133320227,""observable"":true,""raw_pass"":false,""reason"":""position tolerance"",""status"":""withdrawn"",""observed_evaluations"":85,""satisfaction_fraction"":0.0}]",high,10.0,0.17739995382726192
77.90999999999985,5805.114,1789517419.1459787,3770,-0.16986758958602138,0.7582121122079001,-2.3286409903847423,2.510422872532491,-2.2263898157811854,True,0.092599999,149.14,,,0.003,0.14022254943847656,1789511613.891756,136.9801769260448,4.011459289320986,,-129.4362,0.00012778846424127099,-0.012098316141185417,-0.005563236990731925,-0.01079130031109472,0.006535079150453492,0.018671654715581406,low-motion,695.9011554718018,647,1085.5302143010397,0,False,0,152997,137107,0.037601581,-0.018772642,11.40893,10,0.98,False,"[{""service_id"":""local_1s_tight"",""label"":""Immediate motion"",""family"":""local_relative_motion"",""horizon_s"":1.0,""position_tolerance_m"":0.1,""heading_tolerance_deg"":2.0,""maximum_aoi_s"":0.6,""position_error_m"":null,""heading_error_deg"":null,""aoi_s"":0.14022254943847656,""position_margin_m"":null,""heading_margin_deg"":null,""freshness_margin_s"":null,""normalized_margin"":null,""observable"":false,""raw_pass"":false,""reason"":""GPS course unobservable at low speed"",""status"":""unobservable"",""observed_evaluations"":7,""satisfaction_fraction"":0.0},{""service_id"":""local_5s_moderate"",""label"":""Short prediction"",""family"":""local_relative_motion"",""horizon_s"":5.0,""position_tolerance_m"":0.2,""heading_tolerance_deg"":5.0,""maximum_aoi_s"":1.0,""position_error_m"":null,""heading_error_deg"":null,""aoi_s"":0.14022254943847656,""position_margin_m"":null,""heading_margin_deg"":null,""freshness_margin_s"":null,""normalized_margin"":null,""observable"":false,""raw_pass"":false,""reason"":""GPS course unobservable at low speed"",""status"":""unobservable"",""observed_evaluations"":4,""satisfaction_fraction"":0.0},{""service_id"":""local_10s_preview"",""label"":""Planning support"",""family"":""local_relative_motion"",""horizon_s"":10.0,""position_tolerance_m"":0.5,""heading_tolerance_deg"":10.0,""maximum_aoi_s"":1.5,""position_error_m"":null,""heading_error_deg"":null,""aoi_s"":0.14022254943847656,""position_margin_m"":null,""heading_margin_deg"":null,""freshness_margin_s"":null,""normalized_margin"":null,""observable"":false,""raw_pass"":false,""reason"":""GPS course unobservable at low speed"",""status"":""unobservable"",""observed_evaluations"":1,""satisfaction_fraction"":0.0},{""service_id"":""global_state_tracking"",""label"":""Global asset tracking"",""family"":""global_synchronization"",""horizon_s"":0.0,""position_tolerance_m"":1.0,""heading_tolerance_deg"":5.0,""maximum_aoi_s"":1.0,""position_error_m"":4.011459289320986,""heading_error_deg"":null,""aoi_s"":0.14022254943847656,""position_margin_m"":-3.011459289320986,""heading_margin_deg"":null,""freshness_margin_s"":0.8597774505615234,""normalized_margin"":-3.011459289320986,""observable"":true,""raw_pass"":false,""reason"":""position tolerance"",""status"":""withdrawn"",""observed_evaluations"":86,""satisfaction_fraction"":0.0}]",high,10.0,0.48699998296797276
78.65900000000056,5805.863,1789517419.9543488,3771,-0.17238043795751806,0.7565598744107631,-2.791262947964911,2.510422872532491,-2.2263898157811854,True,0.092599999,149.14,,,0.751,0.19959282875061035,1789511613.891756,59.37011337209697,4.0119100758855994,,-155.4996,0.004015185203537005,-0.5511455130975571,-0.883682016900379,-0.6176528138581214,0.33253650380282185,0.950104296579491,turning,784.9535942077637,646,1069.292102975577,0,False,0,152709,137354,0.085843803,-0.085856049,11.40893,10,0.98,False,"[{""service_id"":""local_1s_tight"",""label"":""Immediate motion"",""family"":""local_relative_motion"",""horizon_s"":1.0,""position_tolerance_m"":0.1,""heading_tolerance_deg"":2.0,""maximum_aoi_s"":0.6,""position_error_m"":null,""heading_error_deg"":null,""aoi_s"":0.19959282875061035,""position_margin_m"":null,""heading_margin_deg"":null,""freshness_margin_s"":null,""normalized_margin"":null,""observable"":false,""raw_pass"":false,""reason"":""GPS course unobservable at low speed"",""status"":""unobservable"",""observed_evaluations"":7,""satisfaction_fraction"":0.0},{""service_id"":""local_5s_moderate"",""label"":""Short prediction"",""family"":""local_relative_motion"",""horizon_s"":5.0,""position_tolerance_m"":0.2,""heading_tolerance_deg"":5.0,""maximum_aoi_s"":1.0,""position_error_m"":null,""heading_error_deg"":null,""aoi_s"":0.19959282875061035,""position_margin_m"":null,""heading_margin_deg"":null,""freshness_margin_s"":null,""normalized_margin"":null,""observable"":false,""raw_pass"":false,""reason"":""GPS course unobservable at low speed"",""status"":""unobservable"",""observed_evaluations"":4,""satisfaction_fraction"":0.0},{""service_id"":""local_10s_preview"",""label"":""Planning support"",""family"":""local_relative_motion"",""horizon_s"":10.0,""position_tolerance_m"":0.5,""heading_tolerance_deg"":10.0,""maximum_aoi_s"":1.5,""position_error_m"":null,""heading_error_deg"":null,""aoi_s"":0.19959282875061035,""position_margin_m"":null,""heading_margin_deg"":null,""freshness_margin_s"":null,""normalized_margin"":null,""observable"":false,""raw_pass"":false,""reason"":""GPS course unobservable at low speed"",""status"":""unobservable"",""observed_evaluations"":1,""satisfaction_fraction"":0.0},{""service_id"":""global_state_tracking"",""label"":""Global asset tracking"",""family"":""global_synchronization"",""horizon_s"":0.0,""position_tolerance_m"":1.0,""heading_tolerance_deg"":5.0,""maximum_aoi_s"":1.0,""position_error_m"":4.0119100758855994,""heading_error_deg"":null,""aoi_s"":0.19959282875061035,""position_margin_m"":-3.0119100758855994,""heading_margin_deg"":null,""freshness_margin_s"":0.8004071712493896,""normalized_margin"":-3.0119100758855994,""observable"":true,""raw_pass"":false,""reason"":""position tolerance"",""status"":""withdrawn"",""observed_evaluations"":87,""satisfaction_fraction"":0.0}]",high,10.0,0.48069999320432544
79.4360000000006,5806.64,1789517420.7191033,3772,-0.17333281423774383,0.7566073229632356,2.691702819034524,2.363324321257802,-2.2263898157811854,True,0.108033332,149.14,,,0.091,0.1873471736907959,1789511613.891756,12.24546623234346,3.9157248821665025,,-177.1355,0.0012272297556855456,-0.9900758136193719,-1.1891146359993865,-1.029883578095375,0.19903882238001458,0.5686823496571846,turning,741.7137622833252,647,1033.3077705024684,0,False,0,152204,137846,0.112847044,-0.112847044,11.40893,10,0.98,False,"[{""service_id"":""local_1s_tight"",""label"":""Immediate motion"",""family"":""local_relative_motion"",""horizon_s"":1.0,""position_tolerance_m"":0.1,""heading_tolerance_deg"":2.0,""maximum_aoi_s"":0.6,""position_error_m"":null,""heading_error_deg"":null,""aoi_s"":0.1873471736907959,""position_margin_m"":null,""heading_margin_deg"":null,""freshness_margin_s"":null,""normalized_margin"":null,""observable"":false,""raw_pass"":false,""reason"":""GPS course unobservable at low speed"",""status"":""unobservable"",""observed_evaluations"":7,""satisfaction_fraction"":0.0},{""service_id"":""local_5s_moderate"",""label"":""Short prediction"",""family"":""local_relative_motion"",""horizon_s"":5.0,""position_tolerance_m"":0.2,""heading_tolerance_deg"":5.0,""maximum_aoi_s"":1.0,""position_error_m"":null,""heading_error_deg"":null,""aoi_s"":0.1873471736907959,""position_margin_m"":null,""heading_margin_deg"":null,""freshness_margin_s"":null,""normalized_margin"":null,""observable"":false,""raw_pass"":false,""reason"":""GPS course unobservable at low speed"",""status"":""unobservable"",""observed_evaluations"":4,""satisfaction_fraction"":0.0},{""service_id"":""local_10s_preview"",""label"":""Planning support"",""family"":""local_relative_motion"",""horizon_s"":10.0,""position_tolerance_m"":0.5,""heading_tolerance_deg"":10.0,""maximum_aoi_s"":1.5,""position_error_m"":null,""heading_error_deg"":null,""aoi_s"":0.1873471736907959,""position_margin_m"":null,""heading_margin_deg"":null,""freshness_margin_s"":null,""normalized_margin"":null,""observable"":false,""raw_pass"":false,""reason"":""GPS course unobservable at low speed"",""status"":""unobservable"",""observed_evaluations"":1,""satisfaction_fraction"":0.0},{""service_id"":""global_state_tracking"",""label"":""Global asset tracking"",""family"":""global_synchronization"",""horizon_s"":0.0,""position_tolerance_m"":1.0,""heading_tolerance_deg"":5.0,""maximum_aoi_s"":1.0,""position_error_m"":3.9157248821665025,""heading_error_deg"":null,""aoi_s"":0.1873471736907959,""position_margin_m"":-2.9157248821665025,""heading_margin_deg"":null,""freshness_margin_s"":0.8126528263092041,""normalized_margin"":-2.9157248821665025,""observable"":true,""raw_pass"":false,""reason"":""position tolerance"",""status"":""withdrawn"",""observed_evaluations"":88,""satisfaction_fraction"":0.0}]",high,10.0,0.48180000158026814
80.22699999999986,5807.431,1789517421.3316252,3773,-0.174914298175046,0.7587219829590507,1.7341587185738705,2.2153396334265625,-2.0404862658031684,True,0.092599999,149.14,,,0.107,0.008869171142578125,1789511613.891756,178.47811317369633,3.6808804215126845,,133.2391,0.0033383322693834663,-1.186182201642283,-1.3080151912915003,-1.2105487995721265,0.1218329896492174,0.34809425614062117,turning,596.2417125701904,635,1058.367042823311,0,False,0,151578,138436,0.131687806,-0.131836159,11.40893,11,0.94,False,"[{""service_id"":""local_1s_tight"",""label"":""Immediate motion"",""family"":""local_relative_motion"",""horizon_s"":1.0,""position_tolerance_m"":0.1,""heading_tolerance_deg"":2.0,""maximum_aoi_s"":0.6,""position_error_m"":null,""heading_error_deg"":null,""aoi_s"":0.008869171142578125,""position_margin_m"":null,""heading_margin_deg"":null,""freshness_margin_s"":null,""normalized_margin"":null,""observable"":false,""raw_pass"":false,""reason"":""GPS course unobservable at low speed"",""status"":""unobservable"",""observed_evaluations"":7,""satisfaction_fraction"":0.0},{""service_id"":""local_5s_moderate"",""label"":""Short prediction"",""family"":""local_relative_motion"",""horizon_s"":5.0,""position_tolerance_m"":0.2,""heading_tolerance_deg"":5.0,""maximum_aoi_s"":1.0,""position_error_m"":null,""heading_error_deg"":null,""aoi_s"":0.008869171142578125,""position_margin_m"":null,""heading_margin_deg"":null,""freshness_margin_s"":null,""normalized_margin"":null,""observable"":false,""raw_pass"":false,""reason"":""GPS course unobservable at low speed"",""status"":""unobservable"",""observed_evaluations"":4,""satisfaction_fraction"":0.0},{""service_id"":""local_10s_preview"",""label"":""Planning support"",""family"":""local_relative_motion"",""horizon_s"":10.0,""position_tolerance_m"":0.5,""heading_tolerance_deg"":10.0,""maximum_aoi_s"":1.5,""position_error_m"":null,""heading_error_deg"":null,""aoi_s"":0.008869171142578125,""position_margin_m"":null,""heading_margin_deg"":null,""freshness_margin_s"":null,""normalized_margin"":null,""observable"":false,""raw_pass"":false,""reason"":""GPS course unobservable at low speed"",""status"":""unobservable"",""observed_evaluations"":1,""satisfaction_fraction"":0.0},{""service_id"":""global_state_tracking"",""label"":""Global asset tracking"",""family"":""global_synchronization"",""horizon_s"":0.0,""position_tolerance_m"":1.0,""heading_tolerance_deg"":5.0,""maximum_aoi_s"":1.0,""position_error_m"":3.6808804215126845,""heading_error_deg"":null,""aoi_s"":0.008869171142578125,""position_margin_m"":-2.6808804215126845,""heading_margin_deg"":null,""freshness_margin_s"":0.9911308288574219,""normalized_margin"":-2.6808804215126845,""observable"":true,""raw_pass"":false,""reason"":""position tolerance"",""status"":""withdrawn"",""observed_evaluations"":89,""satisfaction_fraction"":0.0}]",high,10.0,0.23609999334439635
80.82000000000062,5808.024,1789517422.053163,3774,-0.17492898198542733,0.7579886241642128,1.367393920027964,2.2153396334265625,-2.0404862658031684,True,0.092599999,149.14,,,0.7,0.1374070644378662,1789511613.891756,128.53782844467787,3.6803322898349133,,131.2001,-0.0012369406150817316,-0.6610028480857535,-0.44844053468429307,-0.6184903854054614,0.21256231340146042,0.6073208954327441,turning,705.0309181213379,635,1033.4821177210756,0,False,0,151329,138695,0.021312001,-0.042720819,11.40893,11,0.94,False,"[{""service_id"":""local_1s_tight"",""label"":""Immediate motion"",""family"":""local_relative_motion"",""horizon_s"":1.0,""position_tolerance_m"":0.1,""heading_tolerance_deg"":2.0,""maximum_aoi_s"":0.6,""position_error_m"":null,""heading_error_deg"":null,""aoi_s"":0.1374070644378662,""position_margin_m"":null,""heading_margin_deg"":null,""freshness_margin_s"":null,""normalized_margin"":null,""observable"":false,""raw_pass"":false,""reason"":""GPS course unobservable at low speed"",""status"":""unobservable"",""observed_evaluations"":7,""satisfaction_fraction"":0.0},{""service_id"":""local_5s_moderate"",""label"":""Short prediction"",""family"":""local_relative_motion"",""horizon_s"":5.0,""position_tolerance_m"":0.2,""heading_tolerance_deg"":5.0,""maximum_aoi_s"":1.0,""position_error_m"":null,""heading_error_deg"":null,""aoi_s"":0.1374070644378662,""position_margin_m"":null,""heading_margin_deg"":null,""freshness_margin_s"":null,""normalized_margin"":null,""observable"":false,""raw_pass"":false,""reason"":""GPS course unobservable at low speed"",""status"":""unobservable"",""observed_evaluations"":4,""satisfaction_fraction"":0.0},{""service_id"":""local_10s_preview"",""label"":""Planning support"",""family"":""local_relative_motion"",""horizon_s"":10.0,""position_tolerance_m"":0.5,""heading_tolerance_deg"":10.0,""maximum_aoi_s"":1.5,""position_error_m"":null,""heading_error_deg"":null,""aoi_s"":0.1374070644378662,""position_margin_m"":null,""heading_margin_deg"":null,""freshness_margin_s"":null,""normalized_margin"":null,""observable"":false,""raw_pass"":false,""reason"":""GPS course unobservable at low speed"",""status"":""unobservable"",""observed_evaluations"":1,""satisfaction_fraction"":0.0},{""service_id"":""global_state_tracking"",""label"":""Global asset tracking"",""family"":""global_synchronization"",""horizon_s"":0.0,""position_tolerance_m"":1.0,""heading_tolerance_deg"":5.0,""maximum_aoi_s"":1.0,""position_error_m"":3.6803322898349133,""heading_error_deg"":null,""aoi_s"":0.1374070644378662,""position_margin_m"":-2.6803322898349133,""heading_margin_deg"":null,""freshness_margin_s"":0.8625929355621338,""normalized_margin"":-2.6803322898349133,""observable"":true,""raw_pass"":false,""reason"":""position tolerance"",""status"":""withdrawn"",""observed_evaluations"":90,""satisfaction_fraction"":0.0}]",high,10.0,0.36969996290281415
81.55500000000029,5808.759,1789517422.6536427,3775,-0.17492898198542733,0.7579886241642128,1.2026001468091003,2.2153396334265625,-2.0404862658031684,True,0.180055554,149.14,,,0.032,0.002886533737182617,1789511613.891756,134.52039718595188,3.6803322898349133,,133.1401,0.0,-0.23305581696729044,-0.18882280845013652,-0.22420921526385967,0.04423300851715392,0.1263800243347255,low-motion,579.1194438934326,621,1055.0225346515958,0,False,0,151218,138806,0.021421231,0.0,11.4173,11,0.94,False,"[{""service_id"":""local_1s_tight"",""label"":""Immediate motion"",""family"":""local_relative_motion"",""horizon_s"":1.0,""position_tolerance_m"":0.1,""heading_tolerance_deg"":2.0,""maximum_aoi_s"":0.6,""position_error_m"":null,""heading_error_deg"":null,""aoi_s"":0.002886533737182617,""position_margin_m"":null,""heading_margin_deg"":null,""freshness_margin_s"":null,""normalized_margin"":null,""observable"":false,""raw_pass"":false,""reason"":""GPS course unobservable at low speed"",""status"":""unobservable"",""observed_evaluations"":7,""satisfaction_fraction"":0.0},{""service_id"":""local_5s_moderate"",""label"":""Short prediction"",""family"":""local_relative_motion"",""horizon_s"":5.0,""position_tolerance_m"":0.2,""heading_tolerance_deg"":5.0,""maximum_aoi_s"":1.0,""position_error_m"":null,""heading_error_deg"":null,""aoi_s"":0.002886533737182617,""position_margin_m"":null,""heading_margin_deg"":null,""freshness_margin_s"":null,""normalized_margin"":null,""observable"":false,""raw_pass"":false,""reason"":""GPS course unobservable at low speed"",""status"":""unobservable"",""observed_evaluations"":4,""satisfaction_fraction"":0.0},{""service_id"":""local_10s_preview"",""label"":""Planning support"",""family"":""local_relative_motion"",""horizon_s"":10.0,""position_tolerance_m"":0.5,""heading_tolerance_deg"":10.0,""maximum_aoi_s"":1.5,""position_error_m"":null,""heading_error_deg"":null,""aoi_s"":0.002886533737182617,""position_margin_m"":null,""heading_margin_deg"":null,""freshness_margin_s"":null,""normalized_margin"":null,""observable"":false,""raw_pass"":false,""reason"":""GPS course unobservable at low speed"",""status"":""unobservable"",""observed_evaluations"":1,""satisfaction_fraction"":0.0},{""service_id"":""global_state_tracking"",""label"":""Global asset tracking"",""family"":""global_synchronization"",""horizon_s"":0.0,""position_tolerance_m"":1.0,""heading_tolerance_deg"":5.0,""maximum_aoi_s"":1.0,""position_error_m"":3.6803322898349133,""heading_error_deg"":null,""aoi_s"":0.002886533737182617,""position_margin_m"":-2.6803322898349133,""heading_margin_deg"":null,""freshness_margin_s"":0.9971134662628174,""normalized_margin"":-2.6803322898349133,""observable"":true,""raw_pass"":false,""reason"":""position tolerance"",""status"":""withdrawn"",""observed_evaluations"":91,""satisfaction_fraction"":0.0}]",high,10.0,0.35370001569390297
82.14500000000044,5809.349,1789517423.3759434,3776,-0.17386579479642553,0.7606443878019558,1.1774073910767378,2.2153396334265625,-2.0404862658031684,True,0.149188888,149.14,,,0.039,0.13518738746643066,1789511613.891756,132.30076789841405,3.6816620590185165,,136.0309,0.004848597560173668,-0.05361991940986744,0.0009817477042468104,-0.04269958598704459,0.05460166711411425,0.1560047631831836,low-motion,697.3373889923096,610,1024.2980021303981,0,False,0,151178,138807,0.0,0.0,11.4173,11,0.94,False,"[{""service_id"":""local_1s_tight"",""label"":""Immediate motion"",""family"":""local_relative_motion"",""horizon_s"":1.0,""position_tolerance_m"":0.1,""heading_tolerance_deg"":2.0,""maximum_aoi_s"":0.6,""position_error_m"":null,""heading_error_deg"":null,""aoi_s"":0.13518738746643066,""position_margin_m"":null,""heading_margin_deg"":null,""freshness_margin_s"":null,""normalized_margin"":null,""observable"":false,""raw_pass"":false,""reason"":""GPS course unobservable at low speed"",""status"":""unobservable"",""observed_evaluations"":7,""satisfaction_fraction"":0.0},{""service_id"":""local_5s_moderate"",""label"":""Short prediction"",""family"":""local_relative_motion"",""horizon_s"":5.0,""position_tolerance_m"":0.2,""heading_tolerance_deg"":5.0,""maximum_aoi_s"":1.0,""position_error_m"":null,""heading_error_deg"":null,""aoi_s"":0.13518738746643066,""position_margin_m"":null,""heading_margin_deg"":null,""freshness_margin_s"":null,""normalized_margin"":null,""observable"":false,""raw_pass"":false,""reason"":""GPS course unobservable at low speed"",""status"":""unobservable"",""observed_evaluations"":4,""satisfaction_fraction"":0.0},{""service_id"":""local_10s_preview"",""label"":""Planning support"",""family"":""local_relative_motion"",""horizon_s"":10.0,""position_tolerance_m"":0.5,""heading_tolerance_deg"":10.0,""maximum_aoi_s"":1.5,""position_error_m"":null,""heading_error_deg"":null,""aoi_s"":0.13518738746643066,""position_margin_m"":null,""heading_margin_deg"":null,""freshness_margin_s"":null,""normalized_margin"":null,""observable"":false,""raw_pass"":false,""reason"":""GPS course unobservable at low speed"",""status"":""unobservable"",""observed_evaluations"":1,""satisfaction_fraction"":0.0},{""service_id"":""global_state_tracking"",""label"":""Global asset tracking"",""family"":""global_synchronization"",""horizon_s"":0.0,""position_tolerance_m"":1.0,""heading_tolerance_deg"":5.0,""maximum_aoi_s"":1.0,""position_error_m"":3.6816620590185165,""heading_error_deg"":null,""aoi_s"":0.13518738746643066,""position_margin_m"":-2.6816620590185165,""heading_margin_deg"":null,""freshness_margin_s"":0.8648126125335693,""normalized_margin"":-2.6816620590185165,""observable"":true,""raw_pass"":false,""reason"":""position tolerance"",""status"":""withdrawn"",""observed_evaluations"":92,""satisfaction_fraction"":0.0}]",high,10.0,0.45440002577379346
82.86700000000019,5810.071,1789517423.967948,3777,-0.17386579479642553,0.7606443878019558,1.1766040596552765,2.2153396334265625,-2.0404862658031684,True,0.149188888,149.14,,,0.761,0.005191802978515625,1789511613.891756,129.99546241735516,3.6816620590185165,,139.9199,-0.0,0.0,-0.005563236990731925,-0.001112647398146385,0.005563236990731925,0.015894962830662645,low-motion,565.0951862335205,610,1047.4973431882286,0,False,0,151178,138807,0.0,0.0,11.4173,11,0.94,False,"[{""service_id"":""local_1s_tight"",""label"":""Immediate motion"",""family"":""local_relative_motion"",""horizon_s"":1.0,""position_tolerance_m"":0.1,""heading_tolerance_deg"":2.0,""maximum_aoi_s"":0.6,""position_error_m"":null,""heading_error_deg"":null,""aoi_s"":0.005191802978515625,""position_margin_m"":null,""heading_margin_deg"":null,""freshness_margin_s"":null,""normalized_margin"":null,""observable"":false,""raw_pass"":false,""reason"":""GPS course unobservable at low speed"",""status"":""unobservable"",""observed_evaluations"":7,""satisfaction_fraction"":0.0},{""service_id"":""local_5s_moderate"",""label"":""Short prediction"",""family"":""local_relative_motion"",""horizon_s"":5.0,""position_tolerance_m"":0.2,""heading_tolerance_deg"":5.0,""maximum_aoi_s"":1.0,""position_error_m"":null,""heading_error_deg"":null,""aoi_s"":0.005191802978515625,""position_margin_m"":null,""heading_margin_deg"":null,""freshness_margin_s"":null,""normalized_margin"":null,""observable"":false,""raw_pass"":false,""reason"":""GPS course unobservable at low speed"",""status"":""unobservable"",""observed_evaluations"":4,""satisfaction_fraction"":0.0},{""service_id"":""local_10s_preview"",""label"":""Planning support"",""family"":""local_relative_motion"",""horizon_s"":10.0,""position_tolerance_m"":0.5,""heading_tolerance_deg"":10.0,""maximum_aoi_s"":1.5,""position_error_m"":null,""heading_error_deg"":null,""aoi_s"":0.005191802978515625,""position_margin_m"":null,""heading_margin_deg"":null,""freshness_margin_s"":null,""normalized_margin"":null,""observable"":false,""raw_pass"":false,""reason"":""GPS course unobservable at low speed"",""status"":""unobservable"",""observed_evaluations"":1,""satisfaction_fraction"":0.0},{""service_id"":""global_state_tracking"",""label"":""Global asset tracking"",""family"":""global_synchronization"",""horizon_s"":0.0,""position_tolerance_m"":1.0,""heading_tolerance_deg"":5.0,""maximum_aoi_s"":1.0,""position_error_m"":3.6816620590185165,""heading_error_deg"":null,""aoi_s"":0.005191802978515625,""position_margin_m"":-2.6816620590185165,""heading_margin_deg"":null,""freshness_margin_s"":0.9948081970214844,""normalized_margin"":-2.6816620590185165,""observable"":true,""raw_pass"":false,""reason"":""position tolerance"",""status"":""withdrawn"",""observed_evaluations"":93,""satisfaction_fraction"":0.0}]",high,10.0,0.4807999939657748
83.46100000000024,5810.665,1789517424.692069,3778,-0.17386579479642553,0.7606443878019558,1.176202328494699,1.9202563943206343,-2.0404862658031684,True,0.149188888,149.14,,,0.049,0.1353130340576172,1789511613.891756,130.12109374994907,3.4973819753522344,,143.8925,-0.0,0.0,-0.0033815754257390134,-0.0006763150851478027,0.0033815754257390134,0.009661644073540039,low-motion,701.1950016021729,615,1059.3702738890727,0,False,0,151178,138807,0.0,0.0,11.4173,10,0.98,False,"[{""service_id"":""local_1s_tight"",""label"":""Immediate motion"",""family"":""local_relative_motion"",""horizon_s"":1.0,""position_tolerance_m"":0.1,""heading_tolerance_deg"":2.0,""maximum_aoi_s"":0.6,""position_error_m"":null,""heading_error_deg"":null,""aoi_s"":0.1353130340576172,""position_margin_m"":null,""heading_margin_deg"":null,""freshness_margin_s"":null,""normalized_margin"":null,""observable"":false,""raw_pass"":false,""reason"":""GPS course unobservable at low speed"",""status"":""unobservable"",""observed_evaluations"":7,""satisfaction_fraction"":0.0},{""service_id"":""local_5s_moderate"",""label"":""Short prediction"",""family"":""local_relative_motion"",""horizon_s"":5.0,""position_tolerance_m"":0.2,""heading_tolerance_deg"":5.0,""maximum_aoi_s"":1.0,""position_error_m"":null,""heading_error_deg"":null,""aoi_s"":0.1353130340576172,""position_margin_m"":null,""heading_margin_deg"":null,""freshness_margin_s"":null,""normalized_margin"":null,""observable"":false,""raw_pass"":false,""reason"":""GPS course unobservable at low speed"",""status"":""unobservable"",""observed_evaluations"":4,""satisfaction_fraction"":0.0},{""service_id"":""local_10s_preview"",""label"":""Planning support"",""family"":""local_relative_motion"",""horizon_s"":10.0,""position_tolerance_m"":0.5,""heading_tolerance_deg"":10.0,""maximum_aoi_s"":1.5,""position_error_m"":null,""heading_error_deg"":null,""aoi_s"":0.1353130340576172,""position_margin_m"":null,""heading_margin_deg"":null,""freshness_margin_s"":null,""normalized_margin"":null,""observable"":false,""raw_pass"":false,""reason"":""GPS course unobservable at low speed"",""status"":""unobservable"",""observed_evaluations"":1,""satisfaction_fraction"":0.0},{""service_id"":""global_state_tracking"",""label"":""Global asset tracking"",""family"":""global_synchronization"",""horizon_s"":0.0,""position_tolerance_m"":1.0,""heading_tolerance_deg"":5.0,""maximum_aoi_s"":1.0,""position_error_m"":3.4973819753522344,""heading_error_deg"":null,""aoi_s"":0.1353130340576172,""position_margin_m"":-2.4973819753522344,""heading_margin_deg"":null,""freshness_margin_s"":0.8646869659423828,""normalized_margin"":-2.4973819753522344,""observable"":true,""raw_pass"":false,""reason"":""position tolerance"",""status"":""withdrawn"",""observed_evaluations"":94,""satisfaction_fraction"":0.0}]",high,10.0,0.3103000344708562
84.17500000000018,5811.379,1789517425.2709155,3779,-0.17386579479642553,0.7606443878019558,1.1769656046098271,1.6242870199174309,-1.854582716616124,True,0.180055554,149.14,,,0.027,0.0001595020294189453,1789511613.891756,135.15354537958046,3.1737621764628705,,146.8968,-0.0,0.0,0.005345070834232635,0.001069014166846527,0.005345070834232635,0.015271630954950386,low-motion,562.300443649292,622,1097.3651397121384,0,False,0,151178,138807,0.0,0.0,11.4173,10,0.98,False,"[{""service_id"":""local_1s_tight"",""label"":""Immediate motion"",""family"":""local_relative_motion"",""horizon_s"":1.0,""position_tolerance_m"":0.1,""heading_tolerance_deg"":2.0,""maximum_aoi_s"":0.6,""position_error_m"":null,""heading_error_deg"":null,""aoi_s"":0.0001595020294189453,""position_margin_m"":null,""heading_margin_deg"":null,""freshness_margin_s"":null,""normalized_margin"":null,""observable"":false,""raw_pass"":false,""reason"":""GPS course unobservable at low speed"",""status"":""unobservable"",""observed_evaluations"":7,""satisfaction_fraction"":0.0},{""service_id"":""local_5s_moderate"",""label"":""Short prediction"",""family"":""local_relative_motion"",""horizon_s"":5.0,""position_tolerance_m"":0.2,""heading_tolerance_deg"":5.0,""maximum_aoi_s"":1.0,""position_error_m"":null,""heading_error_deg"":null,""aoi_s"":0.0001595020294189453,""position_margin_m"":null,""heading_margin_deg"":null,""freshness_margin_s"":null,""normalized_margin"":null,""observable"":false,""raw_pass"":false,""reason"":""GPS course unobservable at low speed"",""status"":""unobservable"",""observed_evaluations"":4,""satisfaction_fraction"":0.0},{""service_id"":""local_10s_preview"",""label"":""Planning support"",""family"":""local_relative_motion"",""horizon_s"":10.0,""position_tolerance_m"":0.5,""heading_tolerance_deg"":10.0,""maximum_aoi_s"":1.5,""position_error_m"":null,""heading_error_deg"":null,""aoi_s"":0.0001595020294189453,""position_margin_m"":null,""heading_margin_deg"":null,""freshness_margin_s"":null,""normalized_margin"":null,""observable"":false,""raw_pass"":false,""reason"":""GPS course unobservable at low speed"",""status"":""unobservable"",""observed_evaluations"":1,""satisfaction_fraction"":0.0},{""service_id"":""global_state_tracking"",""label"":""Global asset tracking"",""family"":""global_synchronization"",""horizon_s"":0.0,""position_tolerance_m"":1.0,""heading_tolerance_deg"":5.0,""maximum_aoi_s"":1.0,""position_error_m"":3.1737621764628705,""heading_error_deg"":null,""aoi_s"":0.0001595020294189453,""position_margin_m"":-2.1737621764628705,""heading_margin_deg"":null,""freshness_margin_s"":0.999840497970581,""normalized_margin"":-2.1737621764628705,""observable"":true,""raw_pass"":false,""reason"":""position tolerance"",""status"":""withdrawn"",""observed_evaluations"":95,""satisfaction_fraction"":0.0}]",high,10.0,0.37159997737035155
84.76699999999983,5811.971,1789517425.9975767,3780,-0.17386579479642553,0.7606443878019558,1.176952689173362,1.6242870199174309,-1.854582716616124,True,0.180055554,149.14,,,0.619,0.13482069969177246,1789511613.891756,134.66120529210457,3.1737621764628705,,152.8418,-0.0,0.0,-0.0001090830782496456,-2.181661564992912e-05,0.0001090830782496456,0.0003116659378561303,low-motion,708.6679935455322,625,1065.8061941341164,0,False,0,151178,138807,0.0,0.0,11.4173,10,0.98,False,"[{""service_id"":""local_1s_tight"",""label"":""Immediate motion"",""family"":""local_relative_motion"",""horizon_s"":1.0,""position_tolerance_m"":0.1,""heading_tolerance_deg"":2.0,""maximum_aoi_s"":0.6,""position_error_m"":null,""heading_error_deg"":null,""aoi_s"":0.13482069969177246,""position_margin_m"":null,""heading_margin_deg"":null,""freshness_margin_s"":null,""normalized_margin"":null,""observable"":false,""raw_pass"":false,""reason"":""GPS course unobservable at low speed"",""status"":""unobservable"",""observed_evaluations"":7,""satisfaction_fraction"":0.0},{""service_id"":""local_5s_moderate"",""label"":""Short prediction"",""family"":""local_relative_motion"",""horizon_s"":5.0,""position_tolerance_m"":0.2,""heading_tolerance_deg"":5.0,""maximum_aoi_s"":1.0,""position_error_m"":null,""heading_error_deg"":null,""aoi_s"":0.13482069969177246,""position_margin_m"":null,""heading_margin_deg"":null,""freshness_margin_s"":null,""normalized_margin"":null,""observable"":false,""raw_pass"":false,""reason"":""GPS course unobservable at low speed"",""status"":""unobservable"",""observed_evaluations"":4,""satisfaction_fraction"":0.0},{""service_id"":""local_10s_preview"",""label"":""Planning support"",""family"":""local_relative_motion"",""horizon_s"":10.0,""position_tolerance_m"":0.5,""heading_tolerance_deg"":10.0,""maximum_aoi_s"":1.5,""position_error_m"":null,""heading_error_deg"":null,""aoi_s"":0.13482069969177246,""position_margin_m"":null,""heading_margin_deg"":null,""freshness_margin_s"":null,""normalized_margin"":null,""observable"":false,""raw_pass"":false,""reason"":""GPS course unobservable at low speed"",""status"":""unobservable"",""observed_evaluations"":1,""satisfaction_fraction"":0.0},{""service_id"":""global_state_tracking"",""label"":""Global asset tracking"",""family"":""global_synchronization"",""horizon_s"":0.0,""position_tolerance_m"":1.0,""heading_tolerance_deg"":5.0,""maximum_aoi_s"":1.0,""position_error_m"":3.1737621764628705,""heading_error_deg"":null,""aoi_s"":0.13482069969177246,""position_margin_m"":-2.1737621764628705,""heading_margin_deg"":null,""freshness_margin_s"":0.8651793003082275,""normalized_margin"":-2.1737621764628705,""observable"":true,""raw_pass"":false,""reason"":""position tolerance"",""status"":""withdrawn"",""observed_evaluations"":96,""satisfaction_fraction"":0.0}]",high,10.0,0.3014000249095261
85.47200000000066,5812.676,1789517426.5696642,3781,-0.17386579479642553,0.7606443878019558,1.1392545590779442,1.6242870199174309,-2.0404862658031684,True,0.0463,149.14,,,0.019,0.0019080638885498047,1789511613.891756,132.9124736794256,3.328616301652931,,154.6759,-0.0,0.0,-0.2673626247898814,-0.053472524957976275,0.2673626247898814,0.7638932136853754,low-motion,556.9653511047363,613,1096.2025235041383,0,False,0,151178,138807,0.0,0.0,11.4173,11,0.94,False,"[{""service_id"":""local_1s_tight"",""label"":""Immediate motion"",""family"":""local_relative_motion"",""horizon_s"":1.0,""position_tolerance_m"":0.1,""heading_tolerance_deg"":2.0,""maximum_aoi_s"":0.6,""position_error_m"":null,""heading_error_deg"":null,""aoi_s"":0.0019080638885498047,""position_margin_m"":null,""heading_margin_deg"":null,""freshness_margin_s"":null,""normalized_margin"":null,""observable"":false,""raw_pass"":false,""reason"":""GPS course unobservable at low speed"",""status"":""unobservable"",""observed_evaluations"":7,""satisfaction_fraction"":0.0},{""service_id"":""local_5s_moderate"",""label"":""Short prediction"",""family"":""local_relative_motion"",""horizon_s"":5.0,""position_tolerance_m"":0.2,""heading_tolerance_deg"":5.0,""maximum_aoi_s"":1.0,""position_error_m"":null,""heading_error_deg"":null,""aoi_s"":0.0019080638885498047,""position_margin_m"":null,""heading_margin_deg"":null,""freshness_margin_s"":null,""normalized_margin"":null,""observable"":false,""raw_pass"":false,""reason"":""GPS course unobservable at low speed"",""status"":""unobservable"",""observed_evaluations"":4,""satisfaction_fraction"":0.0},{""service_id"":""local_10s_preview"",""label"":""Planning support"",""family"":""local_relative_motion"",""horizon_s"":10.0,""position_tolerance_m"":0.5,""heading_tolerance_deg"":10.0,""maximum_aoi_s"":1.5,""position_error_m"":null,""heading_error_deg"":null,""aoi_s"":0.0019080638885498047,""position_margin_m"":null,""heading_margin_deg"":null,""freshness_margin_s"":null,""normalized_margin"":null,""observable"":false,""raw_pass"":false,""reason"":""GPS course unobservable at low speed"",""status"":""unobservable"",""observed_evaluations"":1,""satisfaction_fraction"":0.0},{""service_id"":""global_state_tracking"",""label"":""Global asset tracking"",""family"":""global_synchronization"",""horizon_s"":0.0,""position_tolerance_m"":1.0,""heading_tolerance_deg"":5.0,""maximum_aoi_s"":1.0,""position_error_m"":3.328616301652931,""heading_error_deg"":null,""aoi_s"":0.0019080638885498047,""position_margin_m"":-2.328616301652931,""heading_margin_deg"":null,""freshness_margin_s"":0.9980919361114502,""normalized_margin"":-2.328616301652931,""observable"":true,""raw_pass"":false,""reason"":""position tolerance"",""status"":""withdrawn"",""observed_evaluations"":97,""satisfaction_fraction"":0.0}]",high,10.0,0.47289999201893806
86.0570000000007,5813.261,1789517427.3030796,3782,-0.17386579479642553,0.7606443878019558,1.1392417963577888,1.6242870199174309,-2.0404862658031684,True,0.0463,149.14,,,0.038,0.15032362937927246,1789511613.891756,148.41536521907983,3.328616301652931,,159.597,-0.0,0.0,-0.0001090830782496456,-2.181661564992912e-05,0.0001090830782496456,0.0003116659378561303,low-motion,706.3124179840088,610,1059.483127150642,0,False,0,151178,138807,0.0,0.0,11.4173,11,0.94,False,"[{""service_id"":""local_1s_tight"",""label"":""Immediate motion"",""family"":""local_relative_motion"",""horizon_s"":1.0,""position_tolerance_m"":0.1,""heading_tolerance_deg"":2.0,""maximum_aoi_s"":0.6,""position_error_m"":null,""heading_error_deg"":null,""aoi_s"":0.15032362937927246,""position_margin_m"":null,""heading_margin_deg"":null,""freshness_margin_s"":null,""normalized_margin"":null,""observable"":false,""raw_pass"":false,""reason"":""GPS course unobservable at low speed"",""status"":""unobservable"",""observed_evaluations"":7,""satisfaction_fraction"":0.0},{""service_id"":""local_5s_moderate"",""label"":""Short prediction"",""family"":""local_relative_motion"",""horizon_s"":5.0,""position_tolerance_m"":0.2,""heading_tolerance_deg"":5.0,""maximum_aoi_s"":1.0,""position_error_m"":null,""heading_error_deg"":null,""aoi_s"":0.15032362937927246,""position_margin_m"":null,""heading_margin_deg"":null,""freshness_margin_s"":null,""normalized_margin"":null,""observable"":false,""raw_pass"":false,""reason"":""GPS course unobservable at low speed"",""status"":""unobservable"",""observed_evaluations"":4,""satisfaction_fraction"":0.0},{""service_id"":""local_10s_preview"",""label"":""Planning support"",""family"":""local_relative_motion"",""horizon_s"":10.0,""position_tolerance_m"":0.5,""heading_tolerance_deg"":10.0,""maximum_aoi_s"":1.5,""position_error_m"":null,""heading_error_deg"":null,""aoi_s"":0.15032362937927246,""position_margin_m"":null,""heading_margin_deg"":null,""freshness_margin_s"":null,""normalized_margin"":null,""observable"":false,""raw_pass"":false,""reason"":""GPS course unobservable at low speed"",""status"":""unobservable"",""observed_evaluations"":1,""satisfaction_fraction"":0.0},{""service_id"":""global_state_tracking"",""label"":""Global asset tracking"",""family"":""global_synchronization"",""horizon_s"":0.0,""position_tolerance_m"":1.0,""heading_tolerance_deg"":5.0,""maximum_aoi_s"":1.0,""position_error_m"":3.328616301652931,""heading_error_deg"":null,""aoi_s"":0.15032362937927246,""position_margin_m"":-2.328616301652931,""heading_margin_deg"":null,""freshness_margin_s"":0.8496763706207275,""normalized_margin"":-2.328616301652931,""observable"":true,""raw_pass"":false,""reason"":""position tolerance"",""status"":""withdrawn"",""observed_evaluations"":98,""satisfaction_fraction"":0.0}]",high,10.0,0.3400000277906656
