timestamp_ns,timestamp_s,bag_timestamp_ns,topic,msgtype,header.seq,header.stamp.sec,header.stamp.nanosec,header.stamp.__msgtype__,header.frame_id,header.__msgtype__,mu,nu,delta_heading,heading,gps_accuracy,position.x,position.y,position.z,position.__msgtype__,__msgtype__
1662053577660216808,1662053577.660216808,1662053577660908096,/terrasentia/mhe_output,fpn_msgs/msg/MHEOutput,29,1662053577,660216808,builtin_interfaces/msg/Time,,std_msgs/msg/Header,0.8756317496299744,0.8756317496299744,-0.059950318187475204,0.5854572057723999,0.014000000432133675,0.1583573129415137,0.10499029211285921,0.0,geometry_msgs/msg/Point,fpn_msgs/msg/MHEOutput
1662053577861633539,1662053577.861633539,1662053577862125696,/terrasentia/mhe_output,fpn_msgs/msg/MHEOutput,30,1662053577,861633539,builtin_interfaces/msg/Time,,std_msgs/msg/Header,0.8740342855453491,0.8740342855453491,-0.059950318187475204,0.5854572057723999,0.014000000432133675,0.158357312941514,0.1049902921128587,0.0,geometry_msgs/msg/Point,fpn_msgs/msg/MHEOutput
1662053578060181617,1662053578.060181618,1662053578064917856,/terrasentia/mhe_output,fpn_msgs/msg/MHEOutput,31,1662053578,60181617,builtin_interfaces/msg/Time,,std_msgs/msg/Header,0.8724867105484009,0.8724867105484009,-0.059950318187475204,0.5854572057723999,0.014000000432133675,0.158357312941514,0.10499029211285868,0.0,geometry_msgs/msg/Point,fpn_msgs/msg/MHEOutput
1662053578263326168,1662053578.263326168,1662053578264997728,/terrasentia/mhe_output,fpn_msgs/msg/MHEOutput,32,1662053578,263326168,builtin_interfaces/msg/Time,,std_msgs/msg/Header,0.8709858655929565,0.8709858655929565,-0.059950318187475204,0.5854572057723999,0.014000000432133675,0.158357312941514,0.10499029211285868,0.0,geometry_msgs/msg/Point,fpn_msgs/msg/MHEOutput
1662053578460087537,1662053578.460087538,1662053578462174496,/terrasentia/mhe_output,fpn_msgs/msg/MHEOutput,33,1662053578,460087537,builtin_interfaces/msg/Time,,std_msgs/msg/Header,0.869528591632843,0.869528591632843,-0.06144353002309799,0.599875271320343,0.014000000432133675,0.15684603916087103,0.10723445573513893,0.0,geometry_msgs/msg/Point,fpn_msgs/msg/MHEOutput
1662053578662371635,1662053578.662371635,1662053578662839968,/terrasentia/mhe_output,fpn_msgs/msg/MHEOutput,34,1662053578,662371635,builtin_interfaces/msg/Time,,std_msgs/msg/Header,0.868112325668335,0.868112325668335,-0.06160081923007965,0.6013878583908081,0.014000000432133675,0.15666696054324428,0.10749633057171476,0.0,geometry_msgs/msg/Point,fpn_msgs/msg/MHEOutput
1662053578860801458,1662053578.860801458,1662053578861888960,/terrasentia/mhe_output,fpn_msgs/msg/MHEOutput,35,1662053578,860801458,builtin_interfaces/msg/Time,,std_msgs/msg/Header,0.8667346239089966,0.8667346239089966,-0.06161739304661751,0.6015471816062927,0.014000000432133675,0.15664783242759533,0.10752421379375686,0.0,geometry_msgs/msg/Point,fpn_msgs/msg/MHEOutput
1662053579060714244,1662053579.060714245,1662053579061882240,/terrasentia/mhe_output,fpn_msgs/msg/MHEOutput,36,1662053579,60714244,builtin_interfaces/msg/Time,,std_msgs/msg/Header,0.8653931617736816,0.8653931617736816,-0.06160387024283409,0.60159832239151,0.014000000432133675,0.1583929999292448,0.10753247051681042,0.0,geometry_msgs/msg/Point,fpn_msgs/msg/MHEOutput
1662053579260146379,1662053579.260146379,1662053579260764128,/terrasentia/mhe_output,fpn_msgs/msg/MHEOutput,37,1662053579,260146379,builtin_interfaces/msg/Time,,std_msgs/msg/Header,0.8640859723091125,0.8640859723091125,-0.06158699467778206,0.6016194224357605,0.014000000432133675,0.16016314283523864,0.10753583178194139,0.0,geometry_msgs/msg/Point,fpn_msgs/msg/MHEOutput
1662053579460183620,1662053579.460183620,1662053579463816608,/terrasentia/mhe_output,fpn_msgs/msg/MHEOutput,38,1662053579,460183620,builtin_interfaces/msg/Time,,std_msgs/msg/Header,0.8628111481666565,0.8628111481666565,-0.061569761484861374,0.601637065410614,0.014000000432133675,0.16193395416565076,0.10753860797223985,0.0,geometry_msgs/msg/Point,fpn_msgs/msg/MHEOutput
1662053579661177635,1662053579.661177635,1662053579661871776,/terrasentia/mhe_output,fpn_msgs/msg/MHEOutput,39,1662053579,661177635,builtin_interfaces/msg/Time,,std_msgs/msg/Header,0.8615670204162598,0.8615670204162598,-0.061552494764328,0.6016544103622437,0.014000000432133675,0.16370481189340533,0.10754132127661102,0.0,geometry_msgs/msg/Point,fpn_msgs/msg/MHEOutput
1662053579860584497,1662053579.860584497,1662053579862985408,/terrasentia/mhe_output,fpn_msgs/msg/MHEOutput,40,1662053579,860584497,builtin_interfaces/msg/Time,,std_msgs/msg/Header,0.8603519797325134,0.8603519797325134,-0.061535220593214035,0.6016716957092285,0.014000000432133675,0.1654756741346361,0.10754402796574211,0.0,geometry_msgs/msg/Point,fpn_msgs/msg/MHEOutput
1662053580060292959,1662053580.060292959,1662053580061276000,/terrasentia/mhe_output,fpn_msgs/msg/MHEOutput,41,1662053580,60292959,builtin_interfaces/msg/Time,,std_msgs/msg/Header,0.8591644763946533,0.8591644763946533,-0.060025058686733246,0.5872701406478882,0.014000000432133675,0.1687619546205801,0.10530520036189037,0.0,geometry_msgs/msg/Point,fpn_msgs/msg/MHEOutput
1662053580259930849,1662053580.259930849,1662053580261843200,/terrasentia/mhe_output,fpn_msgs/msg/MHEOutput,42,1662053580,259930849,builtin_interfaces/msg/Time,,std_msgs/msg/Header,0.8580033183097839,0.8580033183097839,-0.05985088646411896,0.585774302482605,0.014000000432133675,0.17070871785990713,0.10504377633045961,0.0,geometry_msgs/msg/Point,fpn_msgs/msg/MHEOutput
1662053580460308313,1662053580.460308313,1662053580462115904,/terrasentia/mhe_output,fpn_msgs/msg/MHEOutput,43,1662053580,460308313,builtin_interfaces/msg/Time,,std_msgs/msg/Header,0.8568671345710754,0.8568671345710754,-0.059817444533109665,0.5856318473815918,0.014000000432133675,0.17249836508526312,0.10501827112634421,0.0,geometry_msgs/msg/Point,fpn_msgs/msg/MHEOutput
1662053580660142898,1662053580.660142899,1662053580661361856,/terrasentia/mhe_output,fpn_msgs/msg/MHEOutput,44,1662053580,660142898,builtin_interfaces/msg/Time,,std_msgs/msg/Header,0.8557548522949219,0.8557548522949219,-0.059813741594552994,0.5855984091758728,0.014000000432133675,0.17252393123154294,0.1050127216080474,0.0,geometry_msgs/msg/Point,fpn_msgs/msg/MHEOutput
1662053580860189914,1662053580.860189915,1662053580860933024,/terrasentia/mhe_output,fpn_msgs/msg/MHEOutput,45,1662053580,860189914,builtin_interfaces/msg/Time,,std_msgs/msg/Header,0.8546652793884277,0.8546652793884277,-0.05981334671378136,0.585594654083252,0.014000000432133675,0.17252463544240232,0.10501206717672319,0.0,geometry_msgs/msg/Point,fpn_msgs/msg/MHEOutput
1662053581060096025,1662053581.060096025,1662053581060876736,/terrasentia/mhe_output,fpn_msgs/msg/MHEOutput,46,1662053581,60096025,builtin_interfaces/msg/Time,,std_msgs/msg/Header,0.8535974621772766,0.8535974621772766,-0.059813305735588074,0.5855942368507385,0.014000000432133675,0.17252468535482676,0.10501199694586238,0.0,geometry_msgs/msg/Point,fpn_msgs/msg/MHEOutput
1662053581260062694,1662053581.260062695,1662053581260658848,/terrasentia/mhe_output,fpn_msgs/msg/MHEOutput,47,1662053581,260062694,builtin_interfaces/msg/Time,,std_msgs/msg/Header,0.8525505065917969,0.8525505065917969,-0.059813302010297775,0.5855941772460938,0.014000000432133675,0.17252469031784173,0.10501198952444948,0.0,geometry_msgs/msg/Point,fpn_msgs/msg/MHEOutput
1662053581460234642,1662053581.460234642,1662053581460651936,/terrasentia/mhe_output,fpn_msgs/msg/MHEOutput,48,1662053581,460234642,builtin_interfaces/msg/Time,,std_msgs/msg/Header,0.8515233993530273,0.8515233993530273,-0.059813302010297775,0.5855941772460938,0.014000000432133675,0.17252469083721916,0.10501198874206989,0.0,geometry_msgs/msg/Point,fpn_msgs/msg/MHEOutput
1662053581660067319,1662053581.660067320,1662053581660649856,/terrasentia/mhe_output,fpn_msgs/msg/MHEOutput,49,1662053581,660067319,builtin_interfaces/msg/Time,,std_msgs/msg/Header,0.8505154848098755,0.8505154848098755,-0.059813302010297775,0.5855941772460938,0.014000000432133675,0.17252469089190695,0.1050119886596181,0.0,geometry_msgs/msg/Point,fpn_msgs/msg/MHEOutput
1662053581860066652,1662053581.860066652,1662053581861054016,/terrasentia/mhe_output,fpn_msgs/msg/MHEOutput,50,1662053581,860066652,builtin_interfaces/msg/Time,,std_msgs/msg/Header,0.8495258688926697,0.8495258688926697,-0.059813302010297775,0.5855941772460938,0.014000000432133675,0.1725246908976694,0.10501198865092928,0.0,geometry_msgs/msg/Point,fpn_msgs/msg/MHEOutput
1662053582060714006,1662053582.060714006,1662053582061302880,/terrasentia/mhe_output,fpn_msgs/msg/MHEOutput,51,1662053582,60714006,builtin_interfaces/msg/Time,,std_msgs/msg/Header,0.8485538363456726,0.8485538363456726,-0.059813302010297775,0.5855941772460938,0.014000000432133675,0.17252469089827663,0.10501198865001363,0.0,geometry_msgs/msg/Point,fpn_msgs/msg/MHEOutput
1662053582260020256,1662053582.260020256,1662053582260582112,/terrasentia/mhe_output,fpn_msgs/msg/MHEOutput,52,1662053582,260020256,builtin_interfaces/msg/Time,,std_msgs/msg/Header,0.8475987315177917,0.8475987315177917,-0.059813302010297775,0.5855941772460938,0.014000000432133675,0.1725246908983406,0.10501198864991716,0.0,geometry_msgs/msg/Point,fpn_msgs/msg/MHEOutput
1662053582466391563,1662053582.466391563,1662053582467533536,/terrasentia/mhe_output,fpn_msgs/msg/MHEOutput,53,1662053582,466391563,builtin_interfaces/msg/Time,,std_msgs/msg/Header,0.8466599583625793,0.8466599583625793,-0.05982821062207222,0.58556067943573,0.014000000432133675,0.1707773351540532,0.10500674199798547,0.0,geometry_msgs/msg/Point,fpn_msgs/msg/MHEOutput
1662053582661432027,1662053582.661432028,1662053582662357024,/terrasentia/mhe_output,fpn_msgs/msg/MHEOutput,54,1662053582,661432027,builtin_interfaces/msg/Time,,std_msgs/msg/Header,0.8457368016242981,0.8457368016242981,-0.0598299615085125,0.5855753421783447,0.014000000432133675,0.17075423785880695,0.10500897683841566,0.0,geometry_msgs/msg/Point,fpn_msgs/msg/MHEOutput
1662053582865879058,1662053582.865879059,1662053582867331264,/terrasentia/mhe_output,fpn_msgs/msg/MHEOutput,55,1662053582,865879058,builtin_interfaces/msg/Time,,std_msgs/msg/Header,0.844828724861145,0.844828724861145,-0.05983014777302742,0.585577130317688,0.014000000432133675,0.17075376953267268,0.10500928064028399,0.0,geometry_msgs/msg/Point,fpn_msgs/msg/MHEOutput
1662053583065381050,1662053583.065381050,1662053583066178720,/terrasentia/mhe_output,fpn_msgs/msg/MHEOutput,56,1662053583,65381050,builtin_interfaces/msg/Time,,std_msgs/msg/Header,0.8439352512359619,0.8439352512359619,-0.0613233782351017,0.5999953746795654,0.014000000432133675,0.17151729361771004,0.10880975526643082,0.0,geometry_msgs/msg/Point,fpn_msgs/msg/MHEOutput
1662053583263732194,1662053583.263732195,1662053583264704736,/terrasentia/mhe_output,fpn_msgs/msg/MHEOutput,57,1662053583,263732194,builtin_interfaces/msg/Time,,std_msgs/msg/Header,0.8427536487579346,0.843055784702301,-0.06149456650018692,0.6016156077384949,0.014000000432133675,0.19457230350127241,0.1250520111869279,0.0,geometry_msgs/msg/Point,fpn_msgs/msg/MHEOutput
1662053583460751056,1662053583.460751057,1662053583461642784,/terrasentia/mhe_output,fpn_msgs/msg/MHEOutput,58,1662053583,460751056,builtin_interfaces/msg/Time,,std_msgs/msg/Header,0.6913313269615173,0.8421898484230042,-0.06129947677254677,0.6025463342666626,0.014000000432133675,0.20638654260979877,0.13583954781545216,0.0,geometry_msgs/msg/Point,fpn_msgs/msg/MHEOutput
1662053583666617155,1662053583.666617155,1662053583668112416,/terrasentia/mhe_output,fpn_msgs/msg/MHEOutput,59,1662053583,666617155,builtin_interfaces/msg/Time,,std_msgs/msg/Header,0.1885213553905487,0.8418558835983276,-0.060923345386981964,0.6030098795890808,0.014000000432133675,0.17273080838819185,0.1188591300977705,0.0,geometry_msgs/msg/Point,fpn_msgs/msg/MHEOutput
1662053583860890865,1662053583.860890865,1662053583861700064,/terrasentia/mhe_output,fpn_msgs/msg/MHEOutput,60,1662053583,860890865,builtin_interfaces/msg/Time,,std_msgs/msg/Header,7.173085759859532e-05,0.8411535024642944,-0.06098129227757454,0.6022704839706421,0.014000000432133675,0.14079240611058794,0.10533731423311773,0.0,geometry_msgs/msg/Point,fpn_msgs/msg/MHEOutput
1662053584060466527,1662053584.060466528,1662053584061057728,/terrasentia/mhe_output,fpn_msgs/msg/MHEOutput,61,1662053584,60466527,builtin_interfaces/msg/Time,,std_msgs/msg/Header,1.660494126554113e-05,0.8403160572052002,-0.06120126321911812,0.6025424003601074,0.014000000432133675,0.11958059762465179,0.10307696834306031,0.0,geometry_msgs/msg/Point,fpn_msgs/msg/MHEOutput
1662053584265675306,1662053584.265675306,1662053584267004192,/terrasentia/mhe_output,fpn_msgs/msg/MHEOutput,62,1662053584,265675306,builtin_interfaces/msg/Time,,std_msgs/msg/Header,1.1485757568152621e-05,0.8394907116889954,-0.06144257262349129,0.6028299927711487,0.014000000432133675,0.09652732829105265,0.10080560112075267,0.0,geometry_msgs/msg/Point,fpn_msgs/msg/MHEOutput
1662053584467039346,1662053584.467039347,1662053584467972896,/terrasentia/mhe_output,fpn_msgs/msg/MHEOutput,63,1662053584,467039346,builtin_interfaces/msg/Time,,std_msgs/msg/Header,6.04014076088788e-06,0.8391842246055603,-0.06180760636925697,0.602310299873352,0.014000000432133675,0.054277275654525205,0.09840878719522299,0.0,geometry_msgs/msg/Point,fpn_msgs/msg/MHEOutput
1662053584666911840,1662053584.666911840,1662053584667877056,/terrasentia/mhe_output,fpn_msgs/msg/MHEOutput,64,1662053584,666911840,builtin_interfaces/msg/Time,,std_msgs/msg/Header,3.386502385183121e-06,0.836724042892456,-0.06087348610162735,0.5880627632141113,0.014000000432133675,-0.0025233747388693066,0.09158908665465113,0.0,geometry_msgs/msg/Point,fpn_msgs/msg/MHEOutput
1662053584867454767,1662053584.867454767,1662053584869080608,/terrasentia/mhe_output,fpn_msgs/msg/MHEOutput,65,1662053584,867454767,builtin_interfaces/msg/Time,,std_msgs/msg/Header,2.2368567442754284e-06,0.8343719244003296,-0.06285525858402252,0.6002139449119568,0.014000000432133675,-0.07803639141188445,0.08881826428035867,0.0,geometry_msgs/msg/Point,fpn_msgs/msg/MHEOutput
1662053585061355113,1662053585.061355114,1662053585062503040,/terrasentia/mhe_output,fpn_msgs/msg/MHEOutput,66,1662053585,61355113,builtin_interfaces/msg/Time,,std_msgs/msg/Header,1.6051834563768352e-06,0.8321185111999512,-0.06372439861297607,0.600318968296051,0.014000000432133675,-0.16477086173354782,0.08422429016438754,0.0,geometry_msgs/msg/Point,fpn_msgs/msg/MHEOutput
1662053585266595363,1662053585.266595364,1662053585267160000,/terrasentia/mhe_output,fpn_msgs/msg/MHEOutput,67,1662053585,266595363,builtin_interfaces/msg/Time,,std_msgs/msg/Header,1.2297526836846373e-06,0.8309288620948792,-0.06457391381263733,0.5994939804077148,0.014000000432133675,-0.26205029560896764,0.07717583777941292,0.0,geometry_msgs/msg/Point,fpn_msgs/msg/MHEOutput
1662053585462744712,1662053585.462744713,1662053585463883520,/terrasentia/mhe_output,fpn_msgs/msg/MHEOutput,68,1662053585,462744712,builtin_interfaces/msg/Time,,std_msgs/msg/Header,1.0070266398543026e-06,0.8292554616928101,-0.06548165529966354,0.5985134840011597,0.014000000432133675,-0.3664468782927892,0.07007292641000791,0.0,geometry_msgs/msg/Point,fpn_msgs/msg/MHEOutput
1662053585663108587,1662053585.663108587,1662053585664038976,/terrasentia/mhe_output,fpn_msgs/msg/MHEOutput,69,1662053585,663108587,builtin_interfaces/msg/Time,,std_msgs/msg/Header,9.653955430621863e-07,0.8276289701461792,-0.06621631979942322,0.5966062545776367,0.014000000432133675,-0.46383030222277877,0.06282546751813348,0.0,geometry_msgs/msg/Point,fpn_msgs/msg/MHEOutput
1662053585867038965,1662053585.867038965,1662053585867986112,/terrasentia/mhe_output,fpn_msgs/msg/MHEOutput,70,1662053585,867038965,builtin_interfaces/msg/Time,,std_msgs/msg/Header,1.0335839988329099e-06,0.8260466456413269,-0.06711222231388092,0.5946754217147827,0.014000000432133675,-0.5768827104770959,0.0555722050216333,0.0,geometry_msgs/msg/Point,fpn_msgs/msg/MHEOutput
1662053586065137147,1662053586.065137148,1662053586065809824,/terrasentia/mhe_output,fpn_msgs/msg/MHEOutput,71,1662053586,65137147,builtin_interfaces/msg/Time,,std_msgs/msg/Header,9.70820224210911e-07,0.8245061635971069,-0.06808821111917496,0.5926271677017212,0.014000000432133675,-0.7023727287123872,0.046012188588303665,0.0,geometry_msgs/msg/Point,fpn_msgs/msg/MHEOutput
1662053586261879920,1662053586.261879921,1662053586263049248,/terrasentia/mhe_output,fpn_msgs/msg/MHEOutput,72,1662053586,261879920,builtin_interfaces/msg/Time,,std_msgs/msg/Header,1.0000755992223276e-06,0.823005199432373,-0.06884634494781494,0.5897802114486694,0.014000000432133675,-0.8121759870667252,0.03858672550368951,0.0,geometry_msgs/msg/Point,fpn_msgs/msg/MHEOutput
1662053586463296413,1662053586.463296413,1662053586464889056,/terrasentia/mhe_output,fpn_msgs/msg/MHEOutput,73,1662053586,463296413,builtin_interfaces/msg/Time,,std_msgs/msg/Header,9.031820127347601e-07,0.8215417861938477,-0.06818994134664536,0.5728991627693176,0.014000000432133675,-0.9343505250424465,0.02440783354422519,0.0,geometry_msgs/msg/Point,fpn_msgs/msg/MHEOutput
1662053586660979986,1662053586.660979986,1662053586661622112,/terrasentia/mhe_output,fpn_msgs/msg/MHEOutput,74,1662053586,660979986,builtin_interfaces/msg/Time,,std_msgs/msg/Header,8.299380738208129e-07,0.8201139569282532,-0.06890738755464554,0.5693533420562744,0.014000000432133675,-1.0580576466842726,0.012233171569478911,0.0,geometry_msgs/msg/Point,fpn_msgs/msg/MHEOutput
1662053586865976095,1662053586.865976095,1662053586867332704,/terrasentia/mhe_output,fpn_msgs/msg/MHEOutput,75,1662053586,865976095,builtin_interfaces/msg/Time,,std_msgs/msg/Header,8.268772262454149e-07,0.8187200427055359,-0.06972464919090271,0.5679945945739746,0.014000000432133675,-1.166248530745755,0.002716178984872804,0.0,geometry_msgs/msg/Point,fpn_msgs/msg/MHEOutput
1662053587067550420,1662053587.067550421,1662053587068072288,/terrasentia/mhe_output,fpn_msgs/msg/MHEOutput,76,1662053587,67550420,builtin_interfaces/msg/Time,,std_msgs/msg/Header,7.943287414491351e-07,0.816718339920044,-0.07077948749065399,0.8800420165061951,0.014000000432133675,-1.2779467146888606,-0.0064594228610970455,0.0,geometry_msgs/msg/Point,fpn_msgs/msg/MHEOutput
1662053587266128063,1662053587.266128063,1662053587267043040,/terrasentia/mhe_output,fpn_msgs/msg/MHEOutput,77,1662053587,266128063,builtin_interfaces/msg/Time,,std_msgs/msg/Header,8.281874670501566e-07,0.00031654126360081136,-0.07300780713558197,0.5787896513938904,0.014000000432133675,-1.4081463076591794,-0.0141615254861678,0.0,geometry_msgs/msg/Point,fpn_msgs/msg/MHEOutput
1662053587462518215,1662053587.462518215,1662053587463838976,/terrasentia/mhe_output,fpn_msgs/msg/MHEOutput,78,1662053587,462518215,builtin_interfaces/msg/Time,,std_msgs/msg/Header,8.307699204124219e-07,1.2878920642833691e-05,-0.07658635824918747,0.5997822284698486,0.014000000432133675,-1.5520374035586177,-0.02009131735246914,0.0,geometry_msgs/msg/Point,fpn_msgs/msg/MHEOutput
1662053587666777610,1662053587.666777611,1662053587667522624,/terrasentia/mhe_output,fpn_msgs/msg/MHEOutput,79,1662053587,666777610,builtin_interfaces/msg/Time,,std_msgs/msg/Header,7.97657492057624e-07,1.3836468497174792e-05,-0.08112167567014694,0.6318273544311523,0.014000000432133675,-1.676343976032342,-0.024407490496939504,0.0,geometry_msgs/msg/Point,fpn_msgs/msg/MHEOutput
1662053587866790056,1662053587.866790056,1662053587867678976,/terrasentia/mhe_output,fpn_msgs/msg/MHEOutput,80,1662053587,866790056,builtin_interfaces/msg/Time,,std_msgs/msg/Header,8.689758033142425e-07,5.65983555134153e-06,-0.08613107353448868,0.6666314601898193,0.014000000432133675,-1.811389936972818,-0.02840885645636075,0.0,geometry_msgs/msg/Point,fpn_msgs/msg/MHEOutput
1662053588067164659,1662053588.067164660,1662053588068548864,/terrasentia/mhe_output,fpn_msgs/msg/MHEOutput,81,1662053588,67164659,builtin_interfaces/msg/Time,,std_msgs/msg/Header,8.395286954510084e-07,4.906824869976845e-06,-0.09135600179433823,0.70474773645401,0.014000000432133675,-1.9331412030119084,-0.03436224780230232,0.0,geometry_msgs/msg/Point,fpn_msgs/msg/MHEOutput
1662053588263516902,1662053588.263516903,1662053588264087680,/terrasentia/mhe_output,fpn_msgs/msg/MHEOutput,82,1662053588,263516902,builtin_interfaces/msg/Time,,std_msgs/msg/Header,8.854111115397245e-07,5.145663180883275e-06,-0.09765104204416275,0.754338800907135,0.014000000432133675,-2.0406437428763904,-0.03893899858948355,0.0,geometry_msgs/msg/Point,fpn_msgs/msg/MHEOutput
1662053588466880321,1662053588.466880322,1662053588468224576,/terrasentia/mhe_output,fpn_msgs/msg/MHEOutput,83,1662053588,466880321,builtin_interfaces/msg/Time,,std_msgs/msg/Header,9.770855058377492e-07,7.521211500716163e-06,-0.10528907179832458,0.8140544295310974,0.014000000432133675,-2.168940091037614,-0.04707960696848134,0.0,geometry_msgs/msg/Point,fpn_msgs/msg/MHEOutput
1662053588662912845,1662053588.662912846,1662053588663508768,/terrasentia/mhe_output,fpn_msgs/msg/MHEOutput,84,1662053588,662912845,builtin_interfaces/msg/Time,,std_msgs/msg/Header,1.0600683708616998e-06,1.667446667852346e-05,-0.11373472213745117,0.8814218044281006,0.014000000432133675,-2.2938025522206438,-0.05712239921206428,0.0,geometry_msgs/msg/Point,fpn_msgs/msg/MHEOutput
1662053588865413427,1662053588.865413427,1662053588866250528,/terrasentia/mhe_output,fpn_msgs/msg/MHEOutput,85,1662053588,865413427,builtin_interfaces/msg/Time,,std_msgs/msg/Header,1.0781222954392433e-06,4.1607607272453606e-05,-0.122493676841259,0.9512098431587219,0.014000000432133675,-2.4212791677400833,-0.07444844200756323,0.0,geometry_msgs/msg/Point,fpn_msgs/msg/MHEOutput
1662053589069092035,1662053589.069092035,1662053589070116384,/terrasentia/mhe_output,fpn_msgs/msg/MHEOutput,86,1662053589,69092035,builtin_interfaces/msg/Time,,std_msgs/msg/Header,1.0316558700651512e-06,7.902832294348627e-06,-0.13133922219276428,1.0239999294281006,0.014000000432133675,-2.5323082365898286,-0.0991665529241056,0.0,geometry_msgs/msg/Point,fpn_msgs/msg/MHEOutput
1662053589263805866,1662053589.263805866,1662053589264624576,/terrasentia/mhe_output,fpn_msgs/msg/MHEOutput,87,1662053589,263805866,builtin_interfaces/msg/Time,,std_msgs/msg/Header,1.1149346619276912e-06,9.20501315704314e-06,-0.14025409519672394,1.0980587005615234,0.014000000432133675,-2.633347573167346,-0.12243531933511494,0.0,geometry_msgs/msg/Point,fpn_msgs/msg/MHEOutput
1662053589468112230,1662053589.468112230,1662053589469553088,/terrasentia/mhe_output,fpn_msgs/msg/MHEOutput,88,1662053589,468112230,builtin_interfaces/msg/Time,,std_msgs/msg/Header,1.1705245697157807e-06,9.427037184650544e-06,-0.15023364126682281,1.1813334226608276,0.014000000432133675,-2.7415818435386923,-0.15737755204151466,0.0,geometry_msgs/msg/Point,fpn_msgs/msg/MHEOutput
1662053589668578624,1662053589.668578625,1662053589669584224,/terrasentia/mhe_output,fpn_msgs/msg/MHEOutput,89,1662053589,668578624,builtin_interfaces/msg/Time,,std_msgs/msg/Header,1.2250668532942655e-06,7.08343441147008e-06,-0.16118259727954865,1.274167537689209,0.014000000432133675,-2.8433588218991894,-0.19084610322698198,0.0,geometry_msgs/msg/Point,fpn_msgs/msg/MHEOutput
1662053589864523887,1662053589.864523888,1662053589865845760,/terrasentia/mhe_output,fpn_msgs/msg/MHEOutput,90,1662053589,864523887,builtin_interfaces/msg/Time,,std_msgs/msg/Header,1.5287691894627642e-06,0.00012811146734748036,-0.17201751470565796,1.365097165107727,0.014000000432133675,-2.9451347521182405,-0.22592354660103015,0.0,geometry_msgs/msg/Point,fpn_msgs/msg/MHEOutput
1662053590063796281,1662053590.063796282,1662053590064874240,/terrasentia/mhe_output,fpn_msgs/msg/MHEOutput,91,1662053590,63796281,builtin_interfaces/msg/Time,,std_msgs/msg/Header,1.492104388489679e-06,7.208323222585022e-05,-0.18183943629264832,1.447230577468872,0.014000000432133675,-3.035152709705438,-0.2787354435237348,0.0,geometry_msgs/msg/Point,fpn_msgs/msg/MHEOutput
1662053590262550592,1662053590.262550592,1662053590263422912,/terrasentia/mhe_output,fpn_msgs/msg/MHEOutput,92,1662053590,262550592,builtin_interfaces/msg/Time,,std_msgs/msg/Header,1.37776203246176e-06,2.2793683456256986e-06,-0.1702544093132019,1.3263219594955444,0.014000000432133675,-3.07527024607741,-0.3338695243943911,0.0,geometry_msgs/msg/Point,fpn_msgs/msg/MHEOutput
1662053590467210531,1662053590.467210531,1662053590468002752,/terrasentia/mhe_output,fpn_msgs/msg/MHEOutput,93,1662053590,467210531,builtin_interfaces/msg/Time,,std_msgs/msg/Header,9.807133665162837e-07,4.097120836377144e-06,-0.17619238793849945,1.3768141269683838,0.014000000432133675,-3.139288716310889,-0.4171445734393923,0.0,geometry_msgs/msg/Point,fpn_msgs/msg/MHEOutput
1662053590663697004,1662053590.663697004,1662053590664818336,/terrasentia/mhe_output,fpn_msgs/msg/MHEOutput,94,1662053590,663697004,builtin_interfaces/msg/Time,,std_msgs/msg/Header,7.216831363621168e-07,8.236075700551737e-06,-0.18299365043640137,1.4358787536621094,0.014000000432133675,-3.2000350302247664,-0.5147408502810238,0.0,geometry_msgs/msg/Point,fpn_msgs/msg/MHEOutput
1662053590868427038,1662053590.868427038,1662053590869374464,/terrasentia/mhe_output,fpn_msgs/msg/MHEOutput,95,1662053590,868427038,builtin_interfaces/msg/Time,,std_msgs/msg/Header,6.54554526136053e-07,1.217804765474284e-05,-0.18915139138698578,1.4877474308013916,0.014000000432133675,-3.2594830053476063,-0.6132695247283244,0.0,geometry_msgs/msg/Point,fpn_msgs/msg/MHEOutput
1662053591061262130,1662053591.061262131,1662053591062373280,/terrasentia/mhe_output,fpn_msgs/msg/MHEOutput,96,1662053591,61262130,builtin_interfaces/msg/Time,,std_msgs/msg/Header,5.155370672582649e-07,4.4959520892007276e-05,-0.1947665810585022,1.5356101989746094,0.014000000432133675,-3.3076963351799096,-0.7397933935515185,0.0,geometry_msgs/msg/Point,fpn_msgs/msg/MHEOutput
1662053591263396024,1662053591.263396025,1662053591264491040,/terrasentia/mhe_output,fpn_msgs/msg/MHEOutput,97,1662053591,263396024,builtin_interfaces/msg/Time,,std_msgs/msg/Header,4.830522470911092e-07,0.23707064986228943,-0.20784719288349152,1.6625789403915405,0.014000000432133675,-3.3445105019821306,-0.8626515107330556,0.0,geometry_msgs/msg/Point,fpn_msgs/msg/MHEOutput
1662053591466567516,1662053591.466567516,1662053591467416512,/terrasentia/mhe_output,fpn_msgs/msg/MHEOutput,98,1662053591,466567516,builtin_interfaces/msg/Time,,std_msgs/msg/Header,4.846284582527005e-07,0.3798776865005493,-0.23447632789611816,1.6964234113693237,0.014000000432133675,-3.37750235774717,-1.004214890951228,0.0,geometry_msgs/msg/Point,fpn_msgs/msg/MHEOutput
1662053591663171291,1662053591.663171291,1662053591664136032,/terrasentia/mhe_output,fpn_msgs/msg/MHEOutput,99,1662053591,663171291,builtin_interfaces/msg/Time,,std_msgs/msg/Header,4.2181480353065126e-07,0.6151792407035828,-0.2899531424045563,1.693668007850647,0.014000000432133675,-3.3894781212922354,-1.172446491250808,0.0,geometry_msgs/msg/Point,fpn_msgs/msg/MHEOutput
1662053591868986368,1662053591.868986368,1662053591869833056,/terrasentia/mhe_output,fpn_msgs/msg/MHEOutput,100,1662053591,868986368,builtin_interfaces/msg/Time,,std_msgs/msg/Header,4.268553084330051e-07,0.04085848852992058,-0.33308345079421997,1.7720773220062256,0.014000000432133675,-3.4583985754872923,-1.363188395324918,0.0,geometry_msgs/msg/Point,fpn_msgs/msg/MHEOutput
1662053592067995071,1662053592.067995071,1662053592068877728,/terrasentia/mhe_output,fpn_msgs/msg/MHEOutput,101,1662053592,67995071,builtin_interfaces/msg/Time,,std_msgs/msg/Header,3.848611243029154e-07,3.3110351068899035e-05,-0.3423686921596527,1.8318625688552856,0.014000000432133675,-3.4807468171710574,-1.5377761619644832,0.0,geometry_msgs/msg/Point,fpn_msgs/msg/MHEOutput
1662053592267877578,1662053592.267877579,1662053592268525280,/terrasentia/mhe_output,fpn_msgs/msg/MHEOutput,102,1662053592,267877578,builtin_interfaces/msg/Time,,std_msgs/msg/Header,3.8016239045646216e-07,2.3810825950931758e-05,-0.34727203845977783,1.870347261428833,0.014000000432133675,-3.4914650734273036,-1.6906471187541838,0.0,geometry_msgs/msg/Point,fpn_msgs/msg/MHEOutput
1662053592468776941,1662053592.468776941,1662053592469707520,/terrasentia/mhe_output,fpn_msgs/msg/MHEOutput,103,1662053592,468776941,builtin_interfaces/msg/Time,,std_msgs/msg/Header,4.045052151013806e-07,4.7421770432265475e-05,-0.35195794701576233,1.9052419662475586,0.014000000432133675,-3.4978184503188676,-1.8638843419940523,0.0,geometry_msgs/msg/Point,fpn_msgs/msg/MHEOutput
1662053592663371562,1662053592.663371563,1662053592664176576,/terrasentia/mhe_output,fpn_msgs/msg/MHEOutput,104,1662053592,663371562,builtin_interfaces/msg/Time,,std_msgs/msg/Header,3.6051622487320856e-07,6.630678399233148e-05,-0.35591185092926025,1.9340072870254517,0.014000000432133675,-3.4907139966465985,-2.041753139252621,0.0,geometry_msgs/msg/Point,fpn_msgs/msg/MHEOutput
1662053592865151166,1662053592.865151167,1662053592865699072,/terrasentia/mhe_output,fpn_msgs/msg/MHEOutput,105,1662053592,865151166,builtin_interfaces/msg/Time,,std_msgs/msg/Header,3.617595325522416e-07,7.334187830565497e-05,-0.36098477244377136,1.9718401432037354,0.014000000432133675,-3.479705236529642,-2.2410729966203964,0.0,geometry_msgs/msg/Point,fpn_msgs/msg/MHEOutput
1662053593067821979,1662053593.067821980,1662053593069336832,/terrasentia/mhe_output,fpn_msgs/msg/MHEOutput,106,1662053593,67821979,builtin_interfaces/msg/Time,,std_msgs/msg/Header,4.132747619678412e-07,0.000121079217933584,-0.36449432373046875,1.9954255819320679,0.014000000432133675,-3.464363861504748,-2.4214822078375784,0.0,geometry_msgs/msg/Point,fpn_msgs/msg/MHEOutput
1662053593262471675,1662053593.262471676,1662053593262814912,/terrasentia/mhe_output,fpn_msgs/msg/MHEOutput,107,1662053593,262471675,builtin_interfaces/msg/Time,,std_msgs/msg/Header,4.1495903246868693e-07,0.00034036871511489153,-0.36775749921798706,2.018312931060791,0.014000000432133675,-3.4453050223298702,-2.5788161269937606,0.0,geometry_msgs/msg/Point,fpn_msgs/msg/MHEOutput
1662053593461776733,1662053593.461776733,1662053593462510240,/terrasentia/mhe_output,fpn_msgs/msg/MHEOutput,108,1662053593,461776733,builtin_interfaces/msg/Time,,std_msgs/msg/Header,3.681039686398435e-07,0.00016254739603027701,-0.3711494505405426,2.0421061515808105,0.014000000432133675,-3.4140574097899843,-2.756624690671511,0.0,geometry_msgs/msg/Point,fpn_msgs/msg/MHEOutput
1662053593669350862,1662053593.669350863,1662053593670163392,/terrasentia/mhe_output,fpn_msgs/msg/MHEOutput,109,1662053593,669350862,builtin_interfaces/msg/Time,,std_msgs/msg/Header,3.3249023090320406e-07,0.021991264075040817,-0.3744654655456543,2.0658247470855713,0.014000000432133675,-3.3755937108166143,-2.932485186315753,0.0,geometry_msgs/msg/Point,fpn_msgs/msg/MHEOutput
1662053593866879463,1662053593.866879463,1662053593867844832,/terrasentia/mhe_output,fpn_msgs/msg/MHEOutput,110,1662053593,866879463,builtin_interfaces/msg/Time,,std_msgs/msg/Header,3.3313540370727424e-07,0.034488700330257416,-0.37597715854644775,2.070735216140747,0.014000000432133675,-3.3304069222419823,-3.1272847934292765,0.0,geometry_msgs/msg/Point,fpn_msgs/msg/MHEOutput
1662053594065121650,1662053594.065121651,1662053594065716288,/terrasentia/mhe_output,fpn_msgs/msg/MHEOutput,111,1662053594,65121650,builtin_interfaces/msg/Time,,std_msgs/msg/Header,3.7476885950127325e-07,0.04409630596637726,-0.3785320222377777,2.0864596366882324,0.014000000432133675,-3.2904074689535125,-3.3027216295858146,0.0,geometry_msgs/msg/Point,fpn_msgs/msg/MHEOutput
1662053594265633821,1662053594.265633821,1662053594266241088,/terrasentia/mhe_output,fpn_msgs/msg/MHEOutput,112,1662053594,265633821,builtin_interfaces/msg/Time,,std_msgs/msg/Header,3.455214141467877e-07,0.05074406787753105,-0.38105309009552,2.10300874710083,0.014000000432133675,-3.240077475672707,-3.4780382805835526,0.0,geometry_msgs/msg/Point,fpn_msgs/msg/MHEOutput
1662053594465227603,1662053594.465227604,1662053594466648352,/terrasentia/mhe_output,fpn_msgs/msg/MHEOutput,113,1662053594,465227603,builtin_interfaces/msg/Time,,std_msgs/msg/Header,3.2068609812085924e-07,0.05570172891020775,-0.3818436861038208,2.102405309677124,0.014000000432133675,-3.183494130240543,-3.651837942733651,0.0,geometry_msgs/msg/Point,fpn_msgs/msg/MHEOutput
1662053594664694309,1662053594.664694309,1662053594665338816,/terrasentia/mhe_output,fpn_msgs/msg/MHEOutput,114,1662053594,664694309,builtin_interfaces/msg/Time,,std_msgs/msg/Header,3.3363264151375915e-07,0.09338179975748062,-0.3836189806461334,2.0745980739593506,0.014000000432133675,-3.121496827815163,-3.8449175057837546,0.0,geometry_msgs/msg/Point,fpn_msgs/msg/MHEOutput
1662053594863835334,1662053594.863835335,1662053594864658944,/terrasentia/mhe_output,fpn_msgs/msg/MHEOutput,115,1662053594,863835334,builtin_interfaces/msg/Time,,std_msgs/msg/Header,3.5788613672593783e-07,0.22845374047756195,-0.3760158121585846,2.053731918334961,0.014000000432133675,-3.0580064620625516,-4.03738965658194,0.0,geometry_msgs/msg/Point,fpn_msgs/msg/MHEOutput
1662053595063310146,1662053595.063310146,1662053595064363232,/terrasentia/mhe_output,fpn_msgs/msg/MHEOutput,116,1662053595,63310146,builtin_interfaces/msg/Time,,std_msgs/msg/Header,3.555057048743038e-07,0.4494435489177704,-0.3445785343647003,2.0384302139282227,0.014000000432133675,-3.0057974120419915,-4.211678435115409,0.0,geometry_msgs/msg/Point,fpn_msgs/msg/MHEOutput
1662053595264036178,1662053595.264036179,1662053595264764480,/terrasentia/mhe_output,fpn_msgs/msg/MHEOutput,117,1662053595,264036178,builtin_interfaces/msg/Time,,std_msgs/msg/Header,3.889236666054785e-07,0.6172671318054199,-0.29494962096214294,1.9254403114318848,0.014000000432133675,-2.963884544347218,-4.368465431301642,0.0,geometry_msgs/msg/Point,fpn_msgs/msg/MHEOutput
1662053595463568210,1662053595.463568211,1662053595464273696,/terrasentia/mhe_output,fpn_msgs/msg/MHEOutput,118,1662053595,463568210,builtin_interfaces/msg/Time,,std_msgs/msg/Header,3.960575156725099e-07,0.7965735793113708,-0.21152789890766144,2.0352771282196045,0.014000000432133675,-2.9154058510897043,-4.558459223499913,0.0,geometry_msgs/msg/Point,fpn_msgs/msg/MHEOutput
1662053595666753530,1662053595.666753531,1662053595667415904,/terrasentia/mhe_output,fpn_msgs/msg/MHEOutput,119,1662053595,666753530,builtin_interfaces/msg/Time,,std_msgs/msg/Header,4.480067730128212e-07,0.996204674243927,-0.10769340395927429,2.151650905609131,0.014000000432133675,-2.852776182868129,-4.769020087067992,0.0,geometry_msgs/msg/Point,fpn_msgs/msg/MHEOutput
1662053595865368604,1662053595.865368605,1662053595866142240,/terrasentia/mhe_output,fpn_msgs/msg/MHEOutput,120,1662053595,865368604,builtin_interfaces/msg/Time,,std_msgs/msg/Header,4.464246785573778e-07,0.9999827742576599,-0.00986300315707922,2.312330484390259,0.014000000432133675,-2.79882922458445,-4.954128100277934,0.0,geometry_msgs/msg/Point,fpn_msgs/msg/MHEOutput
1662053596065739870,1662053596.065739870,1662053596066613152,/terrasentia/mhe_output,fpn_msgs/msg/MHEOutput,121,1662053596,65739870,builtin_interfaces/msg/Time,,std_msgs/msg/Header,4.3455659692881454e-07,0.9999836683273315,0.06541312485933304,2.4298460483551025,0.014000000432133675,-2.7450257396920086,-5.134236296659168,0.0,geometry_msgs/msg/Point,fpn_msgs/msg/MHEOutput
1662053596265931844,1662053596.265931845,1662053596266506656,/terrasentia/mhe_output,fpn_msgs/msg/MHEOutput,122,1662053596,265931844,builtin_interfaces/msg/Time,,std_msgs/msg/Header,4.6129892439239484e-07,0.999984085559845,0.10927429795265198,2.5045626163482666,0.014000000432133675,-2.6955095622667327,-5.289432274225143,0.0,geometry_msgs/msg/Point,fpn_msgs/msg/MHEOutput
1662053596466748476,1662053596.466748476,1662053596467994368,/terrasentia/mhe_output,fpn_msgs/msg/MHEOutput,123,1662053596,466748476,builtin_interfaces/msg/Time,,std_msgs/msg/Header,4.849604806622665e-07,0.9999815225601196,0.1437794268131256,2.5516602993011475,0.014000000432133675,-2.651017516741021,-5.449131627612701,0.0,geometry_msgs/msg/Point,fpn_msgs/msg/MHEOutput
1662053596666841268,1662053596.666841269,1662053596667675392,/terrasentia/mhe_output,fpn_msgs/msg/MHEOutput,124,1662053596,666841268,builtin_interfaces/msg/Time,,std_msgs/msg/Header,4.666005111175764e-07,0.9999749660491943,0.16289746761322021,2.594165563583374,0.014000000432133675,-2.597564596633401,-5.6286843030073745,0.0,geometry_msgs/msg/Point,fpn_msgs/msg/MHEOutput
1662053596870118618,1662053596.870118618,1662053596871083200,/terrasentia/mhe_output,fpn_msgs/msg/MHEOutput,125,1662053596,870118618,builtin_interfaces/msg/Time,,std_msgs/msg/Header,4.923284109281667e-07,0.9859147667884827,0.1605914831161499,2.591310977935791,0.014000000432133675,-2.536390535885607,-5.826253524359137,0.0,geometry_msgs/msg/Point,fpn_msgs/msg/MHEOutput
1662053597069806814,1662053597.069806814,1662053597071394560,/terrasentia/mhe_output,fpn_msgs/msg/MHEOutput,126,1662053597,69806814,builtin_interfaces/msg/Time,,std_msgs/msg/Header,4.83944631923805e-07,0.9777352809906006,0.1588306874036789,2.58481502532959,0.014000000432133675,-2.491223608228447,-6.003828716262528,0.0,geometry_msgs/msg/Point,fpn_msgs/msg/MHEOutput
1662053597270254373,1662053597.270254374,1662053597271315200,/terrasentia/mhe_output,fpn_msgs/msg/MHEOutput,127,1662053597,270254373,builtin_interfaces/msg/Time,,std_msgs/msg/Header,5.113199108564004e-07,0.9719913005828857,0.1571960300207138,2.579587936401367,0.014000000432133675,-2.455128800622238,-6.1607710067457395,0.0,geometry_msgs/msg/Point,fpn_msgs/msg/MHEOutput
1662053597470607519,1662053597.470607519,1662053597471653152,/terrasentia/mhe_output,fpn_msgs/msg/MHEOutput,128,1662053597,470607519,builtin_interfaces/msg/Time,,std_msgs/msg/Header,4.682156600210874e-07,0.9675399661064148,0.1552671641111374,2.5753469467163086,0.014000000432133675,-2.4104867606721445,-6.335921109319598,0.0,geometry_msgs/msg/Point,fpn_msgs/msg/MHEOutput
1662053597669083595,1662053597.669083595,1662053597670422464,/terrasentia/mhe_output,fpn_msgs/msg/MHEOutput,129,1662053597,669083595,builtin_interfaces/msg/Time,,std_msgs/msg/Header,4.28608530000929e-07,0.9568561911582947,0.15330979228019714,2.571964979171753,0.014000000432133675,-2.3640725323915657,-6.5091455849671025,0.0,geometry_msgs/msg/Point,fpn_msgs/msg/MHEOutput
1662053597868546962,1662053597.868546963,1662053597869680192,/terrasentia/mhe_output,fpn_msgs/msg/MHEOutput,130,1662053597,868546962,builtin_interfaces/msg/Time,,std_msgs/msg/Header,4.3143268158019055e-07,0.9488378763198853,0.15121299028396606,2.5670549869537354,0.014000000432133675,-2.3122264838791176,-6.704986201540061,0.0,geometry_msgs/msg/Point,fpn_msgs/msg/MHEOutput
1662053598069361925,1662053598.069361925,1662053598070757696,/terrasentia/mhe_output,fpn_msgs/msg/MHEOutput,131,1662053598,69361925,builtin_interfaces/msg/Time,,std_msgs/msg/Header,4.885217208538961e-07,0.9421903491020203,0.14931780099868774,2.5629119873046875,0.014000000432133675,-2.2656408640350096,-6.880637249155041,0.0,geometry_msgs/msg/Point,fpn_msgs/msg/MHEOutput
1662053598264068365,1662053598.264068365,1662053598264958112,/terrasentia/mhe_output,fpn_msgs/msg/MHEOutput,132,1662053598,264068365,builtin_interfaces/msg/Time,,std_msgs/msg/Header,4.4443126512305753e-07,0.9367931485176086,0.1472897082567215,2.5594677925109863,0.014000000432133675,-2.2191895760610807,-7.060726311931996,0.0,geometry_msgs/msg/Point,fpn_msgs/msg/MHEOutput
1662053598469047784,1662053598.469047785,1662053598470280032,/terrasentia/mhe_output,fpn_msgs/msg/MHEOutput,133,1662053598,469047784,builtin_interfaces/msg/Time,,std_msgs/msg/Header,4.0546257196183433e-07,0.9328131675720215,0.14537596702575684,2.555196762084961,0.014000000432133675,-2.170901470420327,-7.240742146851222,0.0,geometry_msgs/msg/Point,fpn_msgs/msg/MHEOutput
1662053598669106006,1662053598.669106007,1662053598670694464,/terrasentia/mhe_output,fpn_msgs/msg/MHEOutput,134,1662053598,669106006,builtin_interfaces/msg/Time,,std_msgs/msg/Header,3.8241714150899497e-07,0.929648220539093,0.14332139492034912,2.5518550872802734,0.014000000432133675,-2.1209340409400594,-7.425479742567475,0.0,geometry_msgs/msg/Point,fpn_msgs/msg/MHEOutput
1662053598869460105,1662053598.869460106,1662053598870217504,/terrasentia/mhe_output,fpn_msgs/msg/MHEOutput,135,1662053598,869460105,builtin_interfaces/msg/Time,,std_msgs/msg/Header,4.01690698481616e-07,0.9265567660331726,0.14096501469612122,2.5485658645629883,0.014000000432133675,-2.0656971691363,-7.633164567548739,0.0,geometry_msgs/msg/Point,fpn_msgs/msg/MHEOutput
1662053599069481372,1662053599.069481373,1662053599070365568,/terrasentia/mhe_output,fpn_msgs/msg/MHEOutput,136,1662053599,69481372,builtin_interfaces/msg/Time,,std_msgs/msg/Header,3.9132308415901207e-07,0.9239332675933838,0.13877083361148834,2.5454633235931396,0.014000000432133675,-2.020918217353834,-7.822859129148234,0.0,geometry_msgs/msg/Point,fpn_msgs/msg/MHEOutput
1662053599266335725,1662053599.266335726,1662053599267600800,/terrasentia/mhe_output,fpn_msgs/msg/MHEOutput,137,1662053599,266335725,builtin_interfaces/msg/Time,,std_msgs/msg/Header,3.8296658999570354e-07,0.9216264486312866,0.13664186000823975,2.541332721710205,0.014000000432133675,-1.97790880888574,-8.014461285349215,0.0,geometry_msgs/msg/Point,fpn_msgs/msg/MHEOutput
1662053599466793060,1662053599.466793060,1662053599467243328,/terrasentia/mhe_output,fpn_msgs/msg/MHEOutput,138,1662053599,466793060,builtin_interfaces/msg/Time,,std_msgs/msg/Header,3.728532931290829e-07,0.9195899367332458,0.134407639503479,2.538133382797241,0.014000000432133675,-1.9332670472572928,-8.20852066675976,0.0,geometry_msgs/msg/Point,fpn_msgs/msg/MHEOutput
1662053599666701078,1662053599.666701078,1662053599667419552,/terrasentia/mhe_output,fpn_msgs/msg/MHEOutput,139,1662053599,666701078,builtin_interfaces/msg/Time,,std_msgs/msg/Header,3.9963094877748517e-07,0.917404294013977,0.13191348314285278,2.5344810485839844,0.014000000432133675,-1.8815517253216207,-8.427709165213765,0.0,geometry_msgs/msg/Point,fpn_msgs/msg/MHEOutput
1662053599862827539,1662053599.862827539,1662053599864001728,/terrasentia/mhe_output,fpn_msgs/msg/MHEOutput,140,1662053599,862827539,builtin_interfaces/msg/Time,,std_msgs/msg/Header,4.0050056782092724e-07,0.9153808951377869,0.12974901497364044,2.5309231281280518,0.014000000432133675,-1.8385113404464406,-8.619768321165715,0.0,geometry_msgs/msg/Point,fpn_msgs/msg/MHEOutput
1662053600062766075,1662053600.062766075,1662053600063361216,/terrasentia/mhe_output,fpn_msgs/msg/MHEOutput,141,1662053600,62766075,builtin_interfaces/msg/Time,,std_msgs/msg/Header,4.034213247905427e-07,0.9134860634803772,0.12589144706726074,2.543421506881714,0.014000000432133675,-1.7972927603746662,-8.813970051582773,0.0,geometry_msgs/msg/Point,fpn_msgs/msg/MHEOutput
1662053600266069412,1662053600.266069412,1662053600266921920,/terrasentia/mhe_output,fpn_msgs/msg/MHEOutput,142,1662053600,266069412,builtin_interfaces/msg/Time,,std_msgs/msg/Header,4.393644417177711e-07,0.9114295840263367,0.12376028299331665,2.5421981811523438,0.014000000432133675,-1.7598869943067137,-8.983199170131071,0.0,geometry_msgs/msg/Point,fpn_msgs/msg/MHEOutput
1662053600464138746,1662053600.464138746,1662053600464951968,/terrasentia/mhe_output,fpn_msgs/msg/MHEOutput,143,1662053600,464138746,builtin_interfaces/msg/Time,,std_msgs/msg/Header,4.703977651843161e-07,0.9094348549842834,0.12192658334970474,2.538236379623413,0.014000000432133675,-1.7222370380437402,-9.151696563286416,0.0,geometry_msgs/msg/Point,fpn_msgs/msg/MHEOutput
1662053600662482976,1662053600.662482977,1662053600663025504,/terrasentia/mhe_output,fpn_msgs/msg/MHEOutput,144,1662053600,662482976,builtin_interfaces/msg/Time,,std_msgs/msg/Header,4.4969615942136443e-07,0.9075659513473511,0.11994655430316925,2.5334346294403076,0.014000000432133675,-1.6774882568600984,-9.340648870123811,0.0,geometry_msgs/msg/Point,fpn_msgs/msg/MHEOutput
1662053600868303775,1662053600.868303776,1662053600868834912,/terrasentia/mhe_output,fpn_msgs/msg/MHEOutput,145,1662053600,868303775,builtin_interfaces/msg/Time,,std_msgs/msg/Header,4.2801104882528307e-07,0.9059297442436218,0.11782664060592651,2.5298898220062256,0.014000000432133675,-1.6310330341497559,-9.53233717496301,0.0,geometry_msgs/msg/Point,fpn_msgs/msg/MHEOutput
1662053601063993930,1662053601.063993931,1662053601064748128,/terrasentia/mhe_output,fpn_msgs/msg/MHEOutput,146,1662053601,63993930,builtin_interfaces/msg/Time,,std_msgs/msg/Header,4.1665751382424787e-07,0.9044698476791382,0.1141059622168541,2.541807174682617,0.014000000432133675,-1.5897127505508253,-9.721867005876627,0.0,geometry_msgs/msg/Point,fpn_msgs/msg/MHEOutput
1662053601263404607,1662053601.263404608,1662053601264536064,/terrasentia/mhe_output,fpn_msgs/msg/MHEOutput,147,1662053601,263404607,builtin_interfaces/msg/Time,,std_msgs/msg/Header,4.364891594832443e-07,0.9029535055160522,0.1104145422577858,2.357012987136841,0.014000000432133675,-1.5556951926406644,-9.886605758066239,0.0,geometry_msgs/msg/Point,fpn_msgs/msg/MHEOutput
1662053601462638139,1662053601.462638140,1662053601463610496,/terrasentia/mhe_output,fpn_msgs/msg/MHEOutput,148,1662053601,462638139,builtin_interfaces/msg/Time,,std_msgs/msg/Header,4.261433446117735e-07,0.9999609589576721,0.1258537918329239,2.3983731269836426,0.014000000432133675,-1.5128939428524961,-10.082102708349032,0.0,geometry_msgs/msg/Point,fpn_msgs/msg/MHEOutput
1662053601667702198,1662053601.667702198,1662053601668241408,/terrasentia/mhe_output,fpn_msgs/msg/MHEOutput,149,1662053601,667702198,builtin_interfaces/msg/Time,,std_msgs/msg/Header,4.1904178260665503e-07,0.9999815225601196,0.1558128148317337,2.4678030014038086,0.014000000432133675,-1.470488422082096,-10.27449250306526,0.0,geometry_msgs/msg/Point,fpn_msgs/msg/MHEOutput
1662053601867234230,1662053601.867234230,1662053601868465344,/terrasentia/mhe_output,fpn_msgs/msg/MHEOutput,150,1662053601,867234230,builtin_interfaces/msg/Time,,std_msgs/msg/Header,4.465815379717242e-07,0.9999876022338867,0.1916784793138504,2.5315425395965576,0.014000000432133675,-1.4239251093464014,-10.493407290773854,0.0,geometry_msgs/msg/Point,fpn_msgs/msg/MHEOutput
1662053602064146518,1662053602.064146519,1662053602064969600,/terrasentia/mhe_output,fpn_msgs/msg/MHEOutput,151,1662053602,64146518,builtin_interfaces/msg/Time,,std_msgs/msg/Header,4.851834773944574e-07,0.9999890923500061,0.22486720979213715,2.6007657051086426,0.014000000432133675,-1.3758914462827938,-10.713606964655634,0.0,geometry_msgs/msg/Point,fpn_msgs/msg/MHEOutput
1662053602263660907,1662053602.263660908,1662053602264335904,/terrasentia/mhe_output,fpn_msgs/msg/MHEOutput,152,1662053602,263660907,builtin_interfaces/msg/Time,,std_msgs/msg/Header,5.24001961821341e-07,0.9999892115592957,0.2546062767505646,2.6494622230529785,0.014000000432133675,-1.3366931926590884,-10.884609279389919,0.0,geometry_msgs/msg/Point,fpn_msgs/msg/MHEOutput
1662053602463006973,1662053602.463006973,1662053602464038272,/terrasentia/mhe_output,fpn_msgs/msg/MHEOutput,153,1662053602,463006973,builtin_interfaces/msg/Time,,std_msgs/msg/Header,4.956922907695116e-07,0.9999886751174927,0.2779451012611389,2.6858479976654053,0.014000000432133675,-1.2950297958924328,-11.07574975241449,0.0,geometry_msgs/msg/Point,fpn_msgs/msg/MHEOutput
1662053602664100885,1662053602.664100885,1662053602665252320,/terrasentia/mhe_output,fpn_msgs/msg/MHEOutput,154,1662053602,664100885,builtin_interfaces/msg/Time,,std_msgs/msg/Header,4.7411907644345774e-07,0.9999830722808838,0.2932959496974945,2.69378924369812,0.014000000432133675,-1.2531094681511545,-11.266793640355665,0.0,geometry_msgs/msg/Point,fpn_msgs/msg/MHEOutput
1662053602867347002,1662053602.867347002,1662053602868519296,/terrasentia/mhe_output,fpn_msgs/msg/MHEOutput,155,1662053602,867347002,builtin_interfaces/msg/Time,,std_msgs/msg/Header,5.406789682638191e-07,0.9859334230422974,0.29249468445777893,2.6739840507507324,0.014000000432133675,-1.2089704739412876,-11.453134247689682,0.0,geometry_msgs/msg/Point,fpn_msgs/msg/MHEOutput
1662053603062288284,1662053603.062288284,1662053603063488480,/terrasentia/mhe_output,fpn_msgs/msg/MHEOutput,156,1662053603,62288284,builtin_interfaces/msg/Time,,std_msgs/msg/Header,5.169621886125242e-07,0.9777530431747437,0.2903590500354767,2.665735960006714,0.014000000432133675,-1.1744562884210243,-11.646244781680563,0.0,geometry_msgs/msg/Point,fpn_msgs/msg/MHEOutput
1662053603263119697,1662053603.263119698,1662053603263718592,/terrasentia/mhe_output,fpn_msgs/msg/MHEOutput,157,1662053603,263119697,builtin_interfaces/msg/Time,,std_msgs/msg/Header,4.870281600233284e-07,0.9719951748847961,0.28954750299453735,2.6447739601135254,0.014000000432133675,-1.1389257823817074,-11.839628150960914,0.0,geometry_msgs/msg/Point,fpn_msgs/msg/MHEOutput
1662053603463163852,1662053603.463163853,1662053603463854240,/terrasentia/mhe_output,fpn_msgs/msg/MHEOutput,158,1662053603,463163852,builtin_interfaces/msg/Time,,std_msgs/msg/Header,5.083522864879342e-07,0.9675473570823669,0.28762125968933105,2.638815402984619,0.014000000432133675,-1.1081870708307453,-12.008055406599425,0.0,geometry_msgs/msg/Point,fpn_msgs/msg/MHEOutput
1662053603663669347,1662053603.663669348,1662053603664646528,/terrasentia/mhe_output,fpn_msgs/msg/MHEOutput,159,1662053603,663669347,builtin_interfaces/msg/Time,,std_msgs/msg/Header,4.55048791536683e-07,0.9640422463417053,0.28671973943710327,2.619194746017456,0.014000000432133675,-1.0744867933419642,-12.201402851154791,0.0,geometry_msgs/msg/Point,fpn_msgs/msg/MHEOutput
1662053603863568544,1662053603.863568544,1662053603864828640,/terrasentia/mhe_output,fpn_msgs/msg/MHEOutput,160,1662053603,863568544,builtin_interfaces/msg/Time,,std_msgs/msg/Header,4.6455681967927376e-07,0.9609439373016357,0.28426027297973633,2.611454725265503,0.014000000432133675,-1.0383244324341714,-12.419890247223345,0.0,geometry_msgs/msg/Point,fpn_msgs/msg/MHEOutput
1662053604066185712,1662053604.066185713,1662053604067612384,/terrasentia/mhe_output,fpn_msgs/msg/MHEOutput,161,1662053604,66185712,builtin_interfaces/msg/Time,,std_msgs/msg/Header,4.4019932943228923e-07,0.952164888381958,0.28172367811203003,2.6079883575439453,0.014000000432133675,-1.007783868866377,-12.614215778891802,0.0,geometry_msgs/msg/Point,fpn_msgs/msg/MHEOutput
1662053604263435840,1662053604.263435841,1662053604265176576,/terrasentia/mhe_output,fpn_msgs/msg/MHEOutput,162,1662053604,263435840,builtin_interfaces/msg/Time,,std_msgs/msg/Header,4.5583803398585587e-07,0.945110023021698,0.279554545879364,2.6048896312713623,0.014000000432133675,-0.9790969129366037,-12.78313584472875,0.0,geometry_msgs/msg/Point,fpn_msgs/msg/MHEOutput
1662053604469117879,1662053604.469117880,1662053604470276000,/terrasentia/mhe_output,fpn_msgs/msg/MHEOutput,163,1662053604,469117879,builtin_interfaces/msg/Time,,std_msgs/msg/Header,4.754349447466666e-07,0.9391666650772095,0.2768634557723999,2.6004350185394287,0.014000000432133675,-0.9432970317041347,-12.99728424515256,0.0,geometry_msgs/msg/Point,fpn_msgs/msg/MHEOutput
1662053604669249296,1662053604.669249296,1662053604670558304,/terrasentia/mhe_output,fpn_msgs/msg/MHEOutput,164,1662053604,669249296,builtin_interfaces/msg/Time,,std_msgs/msg/Header,4.5046738250675844e-07,0.9344704747200012,0.27439582347869873,2.5974133014678955,0.014000000432133675,-0.9075454802682826,-13.189343284687645,0.0,geometry_msgs/msg/Point,fpn_msgs/msg/MHEOutput
1662053604862010717,1662053604.862010717,1662053604862572896,/terrasentia/mhe_output,fpn_msgs/msg/MHEOutput,165,1662053604,862010717,builtin_interfaces/msg/Time,,std_msgs/msg/Header,4.324921576426277e-07,0.9307153224945068,0.2719218134880066,2.5942368507385254,0.014000000432133675,-0.8752796396624227,-13.381105723367957,0.0,geometry_msgs/msg/Point,fpn_msgs/msg/MHEOutput
1662053605062144756,1662053605.062144756,1662053605062963584,/terrasentia/mhe_output,fpn_msgs/msg/MHEOutput,166,1662053605,62144756,builtin_interfaces/msg/Time,,std_msgs/msg/Header,4.533577566689928e-07,0.9270472526550293,0.26899343729019165,2.591712713241577,0.014000000432133675,-0.837866725893041,-13.600425333323564,0.0,geometry_msgs/msg/Point,fpn_msgs/msg/MHEOutput
1662053605269150972,1662053605.269150972,1662053605270458176,/terrasentia/mhe_output,fpn_msgs/msg/MHEOutput,167,1662053605,269150972,builtin_interfaces/msg/Time,,std_msgs/msg/Header,4.336586698627798e-07,0.9240790605545044,0.26643532514572144,2.589061975479126,0.014000000432133675,-0.8056292544978745,-13.794897988954204,0.0,geometry_msgs/msg/Point,fpn_msgs/msg/MHEOutput
1662053605463095903,1662053605.463095903,1662053605464034080,/terrasentia/mhe_output,fpn_msgs/msg/MHEOutput,168,1662053605,463095903,builtin_interfaces/msg/Time,,std_msgs/msg/Header,4.226184842082148e-07,0.9215389490127563,0.2638876736164093,2.586249589920044,0.014000000432133675,-0.7751894139537844,-13.989038815006726,0.0,geometry_msgs/msg/Point,fpn_msgs/msg/MHEOutput
1662053605669185161,1662053605.669185162,1662053605669974784,/terrasentia/mhe_output,fpn_msgs/msg/MHEOutput,169,1662053605,669185161,builtin_interfaces/msg/Time,,std_msgs/msg/Header,4.491303684517334e-07,0.9189554452896118,0.26162782311439514,2.583932638168335,0.014000000432133675,-0.7483214438928695,-14.16037560272381,0.0,geometry_msgs/msg/Point,fpn_msgs/msg/MHEOutput
1662053605861932516,1662053605.861932516,1662053605862552416,/terrasentia/mhe_output,fpn_msgs/msg/MHEOutput,170,1662053605,861932516,builtin_interfaces/msg/Time,,std_msgs/msg/Header,4.776993023369869e-07,0.9163927435874939,0.2588949501514435,2.5800530910491943,0.014000000432133675,-0.7125865534018044,-14.376942246481539,0.0,geometry_msgs/msg/Point,fpn_msgs/msg/MHEOutput
1662053606066928863,1662053606.066928864,1662053606067598400,/terrasentia/mhe_output,fpn_msgs/msg/MHEOutput,171,1662053606,66928863,builtin_interfaces/msg/Time,,std_msgs/msg/Header,5.210101789998589e-07,0.9140455722808838,0.25659000873565674,2.5784218311309814,0.014000000432133675,-0.6839688238407112,-14.548666081167239,0.0,geometry_msgs/msg/Point,fpn_msgs/msg/MHEOutput
1662053606269998311,1662053606.269998312,1662053606270582720,/terrasentia/mhe_output,fpn_msgs/msg/MHEOutput,172,1662053606,269998311,builtin_interfaces/msg/Time,,std_msgs/msg/Header,4.850417667512374e-07,0.9118696451187134,0.25399279594421387,2.576014995574951,0.014000000432133675,-0.6536096735972766,-14.744881231861518,0.0,geometry_msgs/msg/Point,fpn_msgs/msg/MHEOutput
1662053606466511011,1662053606.466511011,1662053606467499840,/terrasentia/mhe_output,fpn_msgs/msg/MHEOutput,173,1662053606,466511011,builtin_interfaces/msg/Time,,std_msgs/msg/Header,4.643940201276564e-07,0.9098430871963501,0.25132033228874207,2.574498414993286,0.014000000432133675,-0.6215671120216067,-14.94154023169116,0.0,geometry_msgs/msg/Point,fpn_msgs/msg/MHEOutput
1662053606666728734,1662053606.666728735,1662053606667599872,/terrasentia/mhe_output,fpn_msgs/msg/MHEOutput,174,1662053606,666728734,builtin_interfaces/msg/Time,,std_msgs/msg/Header,4.396402744077932e-07,0.9081125259399414,0.24875906109809875,2.572492837905884,0.014000000432133675,-0.5912047856734691,-15.133551676962048,0.0,geometry_msgs/msg/Point,fpn_msgs/msg/MHEOutput
1662053606866619110,1662053606.866619110,1662053606867549952,/terrasentia/mhe_output,fpn_msgs/msg/MHEOutput,175,1662053606,866619110,builtin_interfaces/msg/Time,,std_msgs/msg/Header,4.5214929400572146e-07,0.9064035415649414,0.24633222818374634,2.5727341175079346,0.014000000432133675,-0.564591791880744,-15.300693547145945,0.0,geometry_msgs/msg/Point,fpn_msgs/msg/MHEOutput
1662053607066244125,1662053607.066244125,1662053607067270304,/terrasentia/mhe_output,fpn_msgs/msg/MHEOutput,176,1662053607,66244125,builtin_interfaces/msg/Time,,std_msgs/msg/Header,4.22455258330956e-07,0.9049725532531738,0.24375639855861664,2.571638584136963,0.014000000432133675,-0.5308864948621655,-15.490196756421394,0.0,geometry_msgs/msg/Point,fpn_msgs/msg/MHEOutput
1662053607266547441,1662053607.266547441,1662053607267038688,/terrasentia/mhe_output,fpn_msgs/msg/MHEOutput,177,1662053607,266547441,builtin_interfaces/msg/Time,,std_msgs/msg/Header,4.4078089445065416e-07,0.9035302996635437,0.2409849464893341,2.690662384033203,0.014000000432133675,-0.49516167480362777,-15.704862570936587,0.0,geometry_msgs/msg/Point,fpn_msgs/msg/MHEOutput
1662053607464627742,1662053607.464627743,1662053607465300000,/terrasentia/mhe_output,fpn_msgs/msg/MHEOutput,178,1662053607,464627742,builtin_interfaces/msg/Time,,std_msgs/msg/Header,4.297894520277623e-07,0.00013512722216546535,0.23805224895477295,2.5703654289245605,0.014000000432133675,-0.4651177088864651,-15.89766411633489,0.0,geometry_msgs/msg/Point,fpn_msgs/msg/MHEOutput
1662053607667055368,1662053607.667055368,1662053607667977216,/terrasentia/mhe_output,fpn_msgs/msg/MHEOutput,179,1662053607,667055368,builtin_interfaces/msg/Time,,std_msgs/msg/Header,4.731675744551467e-07,2.619439510453958e-05,0.23465704917907715,2.573878765106201,0.014000000432133675,-0.431837761921711,-16.108806207463914,0.0,geometry_msgs/msg/Point,fpn_msgs/msg/MHEOutput
1662053607863092899,1662053607.863092899,1662053607863826176,/terrasentia/mhe_output,fpn_msgs/msg/MHEOutput,180,1662053607,863092899,builtin_interfaces/msg/Time,,std_msgs/msg/Header,4.6038627488087513e-07,1.8020924471784383e-05,0.23146668076515198,2.5789988040924072,0.014000000432133675,-0.40042649346647935,-16.29526140758036,0.0,geometry_msgs/msg/Point,fpn_msgs/msg/MHEOutput
1662053608063967466,1662053608.063967466,1662053608065256192,/terrasentia/mhe_output,fpn_msgs/msg/MHEOutput,181,1662053608,63967466,builtin_interfaces/msg/Time,,std_msgs/msg/Header,4.468536758395203e-07,1.6164834960363805e-05,0.22827424108982086,2.5837199687957764,0.014000000432133675,-0.3689944516319328,-16.483638795980866,0.0,geometry_msgs/msg/Point,fpn_msgs/msg/MHEOutput
1662053608267422676,1662053608.267422676,1662053608268536352,/terrasentia/mhe_output,fpn_msgs/msg/MHEOutput,182,1662053608,267422676,builtin_interfaces/msg/Time,,std_msgs/msg/Header,4.3370798152864154e-07,1.6931546269915998e-05,0.22500306367874146,2.5892391204833984,0.014000000432133675,-0.33588635409509854,-16.672169520023395,0.0,geometry_msgs/msg/Point,fpn_msgs/msg/MHEOutput
1662053608466403722,1662053608.466403723,1662053608467684000,/terrasentia/mhe_output,fpn_msgs/msg/MHEOutput,183,1662053608,466403722,builtin_interfaces/msg/Time,,std_msgs/msg/Header,4.746624142626388e-07,2.7287409466225654e-05,0.22003601491451263,2.6074299812316895,0.014000000432133675,-0.30047462565881927,-16.88562363086526,0.0,geometry_msgs/msg/Point,fpn_msgs/msg/MHEOutput
1662053608668415069,1662053608.668415070,1662053608669521504,/terrasentia/mhe_output,fpn_msgs/msg/MHEOutput,184,1662053608,668415069,builtin_interfaces/msg/Time,,std_msgs/msg/Header,5.15871874995355e-07,4.201657429803163e-05,0.2168482095003128,2.6146605014801025,0.014000000432133675,-0.2727106647122014,-17.051874459746376,0.0,geometry_msgs/msg/Point,fpn_msgs/msg/MHEOutput
1662053608870173454,1662053608.870173454,1662053608871210976,/terrasentia/mhe_output,fpn_msgs/msg/MHEOutput,185,1662053608,870173454,builtin_interfaces/msg/Time,,std_msgs/msg/Header,4.924839913655887e-07,0.014097088947892189,0.21366380155086517,2.619535207748413,0.014000000432133675,-0.23430762035308936,-17.237755772024233,0.0,geometry_msgs/msg/Point,fpn_msgs/msg/MHEOutput
1662053609062160730,1662053609.062160730,1662053609063137440,/terrasentia/mhe_output,fpn_msgs/msg/MHEOutput,186,1662053609,62160730,builtin_interfaces/msg/Time,,std_msgs/msg/Header,4.731910507871362e-07,0.02227654680609703,0.21079035103321075,2.621495008468628,0.014000000432133675,-0.19374731319132463,-17.423406472772268,0.0,geometry_msgs/msg/Point,fpn_msgs/msg/MHEOutput
1662053609264984607,1662053609.264984608,1662053609265879488,/terrasentia/mhe_output,fpn_msgs/msg/MHEOutput,187,1662053609,264984607,builtin_interfaces/msg/Time,,std_msgs/msg/Header,4.611732435932936e-07,0.028029825538396835,0.20810256898403168,2.6212613582611084,0.014000000432133675,-0.14945384605538173,-17.613273273907236,0.0,geometry_msgs/msg/Point,fpn_msgs/msg/MHEOutput
1662053609468797922,1662053609.468797922,1662053609469767840,/terrasentia/mhe_output,fpn_msgs/msg/MHEOutput,188,1662053609,468797922,builtin_interfaces/msg/Time,,std_msgs/msg/Header,4.411868417264486e-07,0.032323870807886124,0.20556411147117615,2.6194651126861572,0.014000000432133675,-0.10671906515351455,-17.80293785184729,0.0,geometry_msgs/msg/Point,fpn_msgs/msg/MHEOutput
1662053609668545961,1662053609.668545961,1662053609669345312,/terrasentia/mhe_output,fpn_msgs/msg/MHEOutput,189,1662053609,668545961,builtin_interfaces/msg/Time,,std_msgs/msg/Header,4.251066343385901e-07,0.04287099838256836,0.20308898389339447,2.6176247596740723,0.014000000432133675,-0.062248013563580784,-17.99030508486375,0.0,geometry_msgs/msg/Point,fpn_msgs/msg/MHEOutput
1662053609866211414,1662053609.866211414,1662053609866668768,/terrasentia/mhe_output,fpn_msgs/msg/MHEOutput,190,1662053609,866211414,builtin_interfaces/msg/Time,,std_msgs/msg/Header,4.178693018275226e-07,0.05039730295538902,0.1991739720106125,2.6294100284576416,0.014000000432133675,-0.019023215355540146,-18.179864456145413,0.0,geometry_msgs/msg/Point,fpn_msgs/msg/MHEOutput
1662053610065550088,1662053610.065550089,1662053610066489984,/terrasentia/mhe_output,fpn_msgs/msg/MHEOutput,191,1662053610,65550088,builtin_interfaces/msg/Time,,std_msgs/msg/Header,4.3817354367092776e-07,0.05679549649357796,0.1984015256166458,2.6145100593566895,0.014000000432133675,0.023168053777143347,-18.34222302066368,0.0,geometry_msgs/msg/Point,fpn_msgs/msg/MHEOutput
1662053610267024993,1662053610.267024994,1662053610268045152,/terrasentia/mhe_output,fpn_msgs/msg/MHEOutput,192,1662053610,267024993,builtin_interfaces/msg/Time,,std_msgs/msg/Header,4.759714329338749e-07,0.06239740550518036,0.19593805074691772,2.609516143798828,0.014000000432133675,0.07143492706549218,-18.55162316694586,0.0,geometry_msgs/msg/Point,fpn_msgs/msg/MHEOutput
1662053610469694614,1662053610.469694614,1662053610470630368,/terrasentia/mhe_output,fpn_msgs/msg/MHEOutput,193,1662053610,469694614,builtin_interfaces/msg/Time,,std_msgs/msg/Header,4.7067646846699063e-07,0.06710028648376465,0.1933559626340866,2.6087303161621094,0.014000000432133675,0.11412578943475553,-18.739406171660892,0.0,geometry_msgs/msg/Point,fpn_msgs/msg/MHEOutput
1662053610664069175,1662053610.664069176,1662053610665006944,/terrasentia/mhe_output,fpn_msgs/msg/MHEOutput,194,1662053610,664069175,builtin_interfaces/msg/Time,,std_msgs/msg/Header,4.627308953786269e-07,0.07114963978528976,0.19080692529678345,2.6073336601257324,0.014000000432133675,0.15680623920577447,-18.929111670968638,0.0,geometry_msgs/msg/Point,fpn_msgs/msg/MHEOutput
1662053610867611169,1662053610.867611170,1662053610868150880,/terrasentia/mhe_output,fpn_msgs/msg/MHEOutput,195,1662053610,867611169,builtin_interfaces/msg/Time,,std_msgs/msg/Header,4.482369888592075e-07,0.07455474138259888,0.18832343816757202,2.605348825454712,0.014000000432133675,0.19954325194308017,-19.118746182958734,0.0,geometry_msgs/msg/Point,fpn_msgs/msg/MHEOutput
1662053611069424152,1662053611.069424152,1662053611070621792,/terrasentia/mhe_output,fpn_msgs/msg/MHEOutput,196,1662053611,69424152,builtin_interfaces/msg/Time,,std_msgs/msg/Header,4.714447356946039e-07,0.07773076742887497,0.18614137172698975,2.6039602756500244,0.014000000432133675,0.2369717358458691,-19.28330868885543,0.0,geometry_msgs/msg/Point,fpn_msgs/msg/MHEOutput
1662053611266845703,1662053611.266845703,1662053611267635904,/terrasentia/mhe_output,fpn_msgs/msg/MHEOutput,197,1662053611,266845703,builtin_interfaces/msg/Time,,std_msgs/msg/Header,4.4765607754015946e-07,0.080474354326725,0.18370017409324646,2.6018896102905273,0.014000000432133675,0.27790243040228263,-19.47033167299833,0.0,geometry_msgs/msg/Point,fpn_msgs/msg/MHEOutput
1662053611469243288,1662053611.469243288,1662053611470122624,/terrasentia/mhe_output,fpn_msgs/msg/MHEOutput,198,1662053611,469243288,builtin_interfaces/msg/Time,,std_msgs/msg/Header,4.197673604267038e-07,0.08273495733737946,0.18287362158298492,2.584609031677246,0.014000000432133675,0.320367382738844,-19.655198182519555,0.0,geometry_msgs/msg/Point,fpn_msgs/msg/MHEOutput
1662053611668777942,1662053611.668777943,1662053611670162208,/terrasentia/mhe_output,fpn_msgs/msg/MHEOutput,199,1662053611,668777942,builtin_interfaces/msg/Time,,std_msgs/msg/Header,4.454059592262638e-07,0.08509745448827744,0.18049687147140503,2.5797390937805176,0.014000000432133675,0.3668983985633845,-19.862622429419368,0.0,geometry_msgs/msg/Point,fpn_msgs/msg/MHEOutput
1662053611862903356,1662053611.862903357,1662053611863560800,/terrasentia/mhe_output,fpn_msgs/msg/MHEOutput,200,1662053611,862903356,builtin_interfaces/msg/Time,,std_msgs/msg/Header,4.861089450969303e-07,0.08733552694320679,0.17842598259449005,2.5783283710479736,0.014000000432133675,0.4061324587632779,-20.02511656871946,0.0,geometry_msgs/msg/Point,fpn_msgs/msg/MHEOutput
1662053612063184022,1662053612.063184023,1662053612063864704,/terrasentia/mhe_output,fpn_msgs/msg/MHEOutput,201,1662053612,63184022,builtin_interfaces/msg/Time,,std_msgs/msg/Header,4.646332172342227e-07,0.08941549062728882,0.17615549266338348,2.5759470462799072,0.014000000432133675,0.45062682630933526,-20.209782076273754,0.0,geometry_msgs/msg/Point,fpn_msgs/msg/MHEOutput
1662053612263528347,1662053612.263528347,1662053612264085536,/terrasentia/mhe_output,fpn_msgs/msg/MHEOutput,202,1662053612,263528347,builtin_interfaces/msg/Time,,std_msgs/msg/Header,4.4680680844066956e-07,0.09128912538290024,0.1737498641014099,2.5750391483306885,0.014000000432133675,0.4932876354508344,-20.392667073175616,0.0,geometry_msgs/msg/Point,fpn_msgs/msg/MHEOutput
1662053612462956905,1662053612.462956905,1662053612463639968,/terrasentia/mhe_output,fpn_msgs/msg/MHEOutput,203,1662053612,462956905,builtin_interfaces/msg/Time,,std_msgs/msg/Header,4.2889365658993484e-07,0.09292136132717133,0.17122797667980194,2.575427532196045,0.014000000432133675,0.5340444952132167,-20.573447410064905,0.0,geometry_msgs/msg/Point,fpn_msgs/msg/MHEOutput
1662053612662099361,1662053612.662099361,1662053612663199776,/terrasentia/mhe_output,fpn_msgs/msg/MHEOutput,204,1662053612,662099361,builtin_interfaces/msg/Time,,std_msgs/msg/Header,4.5156812689128856e-07,0.0946410670876503,0.16835904121398926,2.576291561126709,0.014000000432133675,0.5817333748086138,-20.777156724699182,0.0,geometry_msgs/msg/Point,fpn_msgs/msg/MHEOutput
1662053612863343000,1662053612.863343000,1662053612864036352,/terrasentia/mhe_output,fpn_msgs/msg/MHEOutput,205,1662053612,863343000,builtin_interfaces/msg/Time,,std_msgs/msg/Header,4.351780944489292e-07,0.09615369886159897,0.16577184200286865,2.57738995552063,0.014000000432133675,0.6277336167062908,-20.960594717730224,0.0,geometry_msgs/msg/Point,fpn_msgs/msg/MHEOutput
1662053613064421415,1662053613.064421415,1662053613065382464,/terrasentia/mhe_output,fpn_msgs/msg/MHEOutput,206,1662053613,64421415,builtin_interfaces/msg/Time,,std_msgs/msg/Header,4.2364288788121485e-07,0.09752138704061508,0.16303108632564545,2.5802905559539795,0.014000000432133675,0.6735329192879937,-21.141780753783635,0.0,geometry_msgs/msg/Point,fpn_msgs/msg/MHEOutput
1662053613262351989,1662053613.262351990,1662053613263180896,/terrasentia/mhe_output,fpn_msgs/msg/MHEOutput,207,1662053613,262351989,builtin_interfaces/msg/Time,,std_msgs/msg/Header,4.184283568520186e-07,0.09879354387521744,0.1602718085050583,2.5827858448028564,0.014000000432133675,0.717620538077069,-21.325163305807397,0.0,geometry_msgs/msg/Point,fpn_msgs/msg/MHEOutput
1662053613463091611,1662053613.463091612,1662053613464416672,/terrasentia/mhe_output,fpn_msgs/msg/MHEOutput,208,1662053613,463091611,builtin_interfaces/msg/Time,,std_msgs/msg/Header,4.505261301801511e-07,0.10020386427640915,0.15724213421344757,2.5851125717163086,0.014000000432133675,0.7704588916950728,-21.53142632616017,0.0,geometry_msgs/msg/Point,fpn_msgs/msg/MHEOutput
1662053613662344455,1662053613.662344456,1662053613663128064,/terrasentia/mhe_output,fpn_msgs/msg/MHEOutput,209,1662053613,662344455,builtin_interfaces/msg/Time,,std_msgs/msg/Header,4.5273409909896145e-07,0.10155079513788223,0.1543971300125122,2.588609457015991,0.014000000432133675,0.8145365290199895,-21.712991590180366,0.0,geometry_msgs/msg/Point,fpn_msgs/msg/MHEOutput
1662053613862605333,1662053613.862605333,1662053613863301280,/terrasentia/mhe_output,fpn_msgs/msg/MHEOutput,210,1662053613,862605333,builtin_interfaces/msg/Time,,std_msgs/msg/Header,4.5306603624339914e-07,0.10284528136253357,0.15177081525325775,2.5908398628234863,0.014000000432133675,0.863884735946273,-21.891762571789492,0.0,geometry_msgs/msg/Point,fpn_msgs/msg/MHEOutput
1662053614062355279,1662053614.062355280,1662053614063217248,/terrasentia/mhe_output,fpn_msgs/msg/MHEOutput,211,1662053614,62355279,builtin_interfaces/msg/Time,,std_msgs/msg/Header,5.011979737901129e-07,0.10408923774957657,0.14945116639137268,2.592792510986328,0.014000000432133675,0.9080734487585632,-22.049863395212704,0.0,geometry_msgs/msg/Point,fpn_msgs/msg/MHEOutput
1662053614262335062,1662053614.262335062,1662053614263078144,/terrasentia/mhe_output,fpn_msgs/msg/MHEOutput,212,1662053614,262335062,builtin_interfaces/msg/Time,,std_msgs/msg/Header,4.918464355796459e-07,0.10528470575809479,0.1469750702381134,2.5930373668670654,0.014000000432133675,0.9558676482353113,-22.230315482962546,0.0,geometry_msgs/msg/Point,fpn_msgs/msg/MHEOutput
1662053614462325572,1662053614.462325573,1662053614463437184,/terrasentia/mhe_output,fpn_msgs/msg/MHEOutput,213,1662053614,462325572,builtin_interfaces/msg/Time,,std_msgs/msg/Header,4.686847603352362e-07,0.10643651336431503,0.14449858665466309,2.593755006790161,0.014000000432133675,1.005411018068364,-22.408831239844325,0.0,geometry_msgs/msg/Point,fpn_msgs/msg/MHEOutput
1662053614663001060,1662053614.663001060,1662053614664024032,/terrasentia/mhe_output,fpn_msgs/msg/MHEOutput,214,1662053614,663001060,builtin_interfaces/msg/Time,,std_msgs/msg/Header,4.4885680949846574e-07,0.10753742605447769,0.14198125898838043,2.594658851623535,0.014000000432133675,1.05670871618481,-22.58964096231974,0.0,geometry_msgs/msg/Point,fpn_msgs/msg/MHEOutput
1662053614867184162,1662053614.867184162,1662053614867919680,/terrasentia/mhe_output,fpn_msgs/msg/MHEOutput,215,1662053614,867184162,builtin_interfaces/msg/Time,,std_msgs/msg/Header,4.4025151169080345e-07,0.10856199264526367,0.13946565985679626,2.596034288406372,0.014000000432133675,1.109733092164225,-22.768266765672784,0.0,geometry_msgs/msg/Point,fpn_msgs/msg/MHEOutput
1662053615065952062,1662053615.065952063,1662053615066965568,/terrasentia/mhe_output,fpn_msgs/msg/MHEOutput,216,1662053615,65952062,builtin_interfaces/msg/Time,,std_msgs/msg/Header,4.2924563103952096e-07,0.10951114445924759,0.1370452642440796,2.596510648727417,0.014000000432133675,1.1593648314847302,-22.94443352018237,0.0,geometry_msgs/msg/Point,fpn_msgs/msg/MHEOutput
1662053615263654947,1662053615.263654947,1662053615264333536,/terrasentia/mhe_output,fpn_msgs/msg/MHEOutput,217,1662053615,263654947,builtin_interfaces/msg/Time,,std_msgs/msg/Header,4.2598765048751375e-07,0.1104147881269455,0.13461804389953613,2.5968525409698486,0.014000000432133675,1.2107186165065347,-23.12283634021815,0.0,geometry_msgs/msg/Point,fpn_msgs/msg/MHEOutput
1662053615462383270,1662053615.462383270,1662053615463401152,/terrasentia/mhe_output,fpn_msgs/msg/MHEOutput,218,1662053615,462383270,builtin_interfaces/msg/Time,,std_msgs/msg/Header,4.207576012049685e-07,0.11127253621816635,0.13213136792182922,2.597069263458252,0.014000000432133675,1.2586041822571543,-23.303534631109322,0.0,geometry_msgs/msg/Point,fpn_msgs/msg/MHEOutput
1662053615662081956,1662053615.662081957,1662053615662633376,/terrasentia/mhe_output,fpn_msgs/msg/MHEOutput,219,1662053615,662081956,builtin_interfaces/msg/Time,,std_msgs/msg/Header,4.575735204070952e-07,0.11222565919160843,0.12937694787979126,2.5974526405334473,0.014000000432133675,1.3151849346984912,-23.504879616853277,0.0,geometry_msgs/msg/Point,fpn_msgs/msg/MHEOutput
1662053615862601757,1662053615.862601757,1662053615863589024,/terrasentia/mhe_output,fpn_msgs/msg/MHEOutput,220,1662053615,862601757,builtin_interfaces/msg/Time,,std_msgs/msg/Header,4.642180897462822e-07,0.11315073072910309,0.12677767872810364,2.5993528366088867,0.014000000432133675,1.3664734661768223,-23.68384364860641,0.0,geometry_msgs/msg/Point,fpn_msgs/msg/MHEOutput
1662053616063581228,1662053616.063581228,1662053616064366816,/terrasentia/mhe_output,fpn_msgs/msg/MHEOutput,221,1662053616,63581228,builtin_interfaces/msg/Time,,std_msgs/msg/Header,4.630319381249137e-07,0.11404883116483688,0.12418666481971741,2.6005756855010986,0.014000000432133675,1.4159365275440903,-23.860260239464658,0.0,geometry_msgs/msg/Point,fpn_msgs/msg/MHEOutput
1662053616263309240,1662053616.263309240,1662053616263713760,/terrasentia/mhe_output,fpn_msgs/msg/MHEOutput,222,1662053616,263309240,builtin_interfaces/msg/Time,,std_msgs/msg/Header,4.457559441561898e-07,0.17031404376029968,0.12211468070745468,2.59863543510437,0.014000000432133675,1.4692367671056552,-24.036049713685642,0.0,geometry_msgs/msg/Point,fpn_msgs/msg/MHEOutput
1662053616468089103,1662053616.468089104,1662053616469390464,/terrasentia/mhe_output,fpn_msgs/msg/MHEOutput,223,1662053616,468089103,builtin_interfaces/msg/Time,,std_msgs/msg/Header,4.338702979111986e-07,0.26542598009109497,0.12026601284742355,2.5963072776794434,0.014000000432133675,1.5243634016878072,-24.211785929169313,0.0,geometry_msgs/msg/Point,fpn_msgs/msg/MHEOutput
1662053616667402744,1662053616.667402744,1662053616668263968,/terrasentia/mhe_output,fpn_msgs/msg/MHEOutput,224,1662053616,667402744,builtin_interfaces/msg/Time,,std_msgs/msg/Header,4.258590706740506e-07,0.3857167959213257,0.1186019703745842,2.5937533378601074,0.014000000432133675,1.5795405855554248,-24.392052855204483,0.0,geometry_msgs/msg/Point,fpn_msgs/msg/MHEOutput
1662053616867261886,1662053616.867261887,1662053616868552928,/terrasentia/mhe_output,fpn_msgs/msg/MHEOutput,225,1662053616,867261886,builtin_interfaces/msg/Time,,std_msgs/msg/Header,4.2811768707906594e-07,0.5128459930419922,0.11727795749902725,2.5908050537109375,0.014000000432133675,1.6347757062859447,-24.567707961057465,0.0,geometry_msgs/msg/Point,fpn_msgs/msg/MHEOutput
1662053617067251920,1662053617.067251921,1662053617068222336,/terrasentia/mhe_output,fpn_msgs/msg/MHEOutput,226,1662053617,67251920,builtin_interfaces/msg/Time,,std_msgs/msg/Header,4.307401582082093e-07,0.6324911713600159,0.11619823426008224,2.586967706680298,0.014000000432133675,1.6918744870592028,-24.743127144386772,0.0,geometry_msgs/msg/Point,fpn_msgs/msg/MHEOutput
1662053617264257907,1662053617.264257908,1662053617265033760,/terrasentia/mhe_output,fpn_msgs/msg/MHEOutput,227,1662053617,264257907,builtin_interfaces/msg/Time,,std_msgs/msg/Header,4.323478322021401e-07,0.7283045649528503,0.11513024568557739,2.5819857120513916,0.014000000432133675,1.745635081731804,-24.920611543975745,0.0,geometry_msgs/msg/Point,fpn_msgs/msg/MHEOutput
1662053617467401981,1662053617.467401981,1662053617468168736,/terrasentia/mhe_output,fpn_msgs/msg/MHEOutput,228,1662053617,467401981,builtin_interfaces/msg/Time,,std_msgs/msg/Header,4.3444853758956015e-07,0.7842708826065063,0.11377999931573868,2.4069647789001465,0.014000000432133675,1.8010913336372485,-25.098153323783126,0.0,geometry_msgs/msg/Point,fpn_msgs/msg/MHEOutput
1662053617662142515,1662053617.662142515,1662053617662766432,/terrasentia/mhe_output,fpn_msgs/msg/MHEOutput,229,1662053617,662142515,builtin_interfaces/msg/Time,,std_msgs/msg/Header,4.5805444415236707e-07,0.9998754262924194,0.12777495384216309,2.0837242603302,0.014000000432133675,1.8560434147656475,-25.280291817764816,0.0,geometry_msgs/msg/Point,fpn_msgs/msg/MHEOutput
1662053617861618757,1662053617.861618757,1662053617862613696,/terrasentia/mhe_output,fpn_msgs/msg/MHEOutput,230,1662053617,861618757,builtin_interfaces/msg/Time,,std_msgs/msg/Header,4.199905561108608e-07,0.9999954104423523,0.20861059427261353,2.007807970046997,0.014000000432133675,1.924827539928011,-25.434063923299448,0.0,geometry_msgs/msg/Point,fpn_msgs/msg/MHEOutput
1662053618066958904,1662053618.066958904,1662053618067895200,/terrasentia/mhe_output,fpn_msgs/msg/MHEOutput,231,1662053618,66958904,builtin_interfaces/msg/Time,,std_msgs/msg/Header,4.59691051446498e-07,0.9999951124191284,0.2929932773113251,2.1508097648620605,0.014000000432133675,1.9660947501902806,-25.621951203557256,0.0,geometry_msgs/msg/Point,fpn_msgs/msg/MHEOutput
1662053618266789913,1662053618.266789913,1662053618267384992,/terrasentia/mhe_output,fpn_msgs/msg/MHEOutput,232,1662053618,266789913,builtin_interfaces/msg/Time,,std_msgs/msg/Header,5.39413861133653e-07,0.9999949932098389,0.37611302733421326,2.28653621673584,0.014000000432133675,2.002807280650721,-25.78372458871911,0.0,geometry_msgs/msg/Point,fpn_msgs/msg/MHEOutput
1662053618464105129,1662053618.464105129,1662053618465033632,/terrasentia/mhe_output,fpn_msgs/msg/MHEOutput,233,1662053618,464105129,builtin_interfaces/msg/Time,,std_msgs/msg/Header,6.056679353605432e-07,0.9999947547912598,0.4481584429740906,2.3957295417785645,0.014000000432133675,2.0399950759442564,-25.94534186168894,0.0,geometry_msgs/msg/Point,fpn_msgs/msg/MHEOutput
1662053618667221307,1662053618.667221308,1662053618668296032,/terrasentia/mhe_output,fpn_msgs/msg/MHEOutput,234,1662053618,667221307,builtin_interfaces/msg/Time,,std_msgs/msg/Header,5.81012386646762e-07,0.9999943971633911,0.5048719048500061,2.4839909076690674,0.014000000432133675,2.0766299388152807,-26.12622341989147,0.0,geometry_msgs/msg/Point,fpn_msgs/msg/MHEOutput
1662053618864590167,1662053618.864590168,1662053618865595072,/terrasentia/mhe_output,fpn_msgs/msg/MHEOutput,235,1662053618,864590167,builtin_interfaces/msg/Time,,std_msgs/msg/Header,5.416248995970818e-07,0.9999926686286926,0.5416144728660583,2.5468995571136475,0.014000000432133675,2.1163451303424754,-26.303016229338,0.0,geometry_msgs/msg/Point,fpn_msgs/msg/MHEOutput
1662053619067679405,1662053619.067679405,1662053619068514624,/terrasentia/mhe_output,fpn_msgs/msg/MHEOutput,236,1662053619,67679405,builtin_interfaces/msg/Time,,std_msgs/msg/Header,5.002154352951038e-07,0.9999833703041077,0.5554885864257812,2.5804011821746826,0.014000000432133675,2.1543986524945202,-26.474799129724307,0.0,geometry_msgs/msg/Point,fpn_msgs/msg/MHEOutput
1662053619268751144,1662053619.268751144,1662053619269707872,/terrasentia/mhe_output,fpn_msgs/msg/MHEOutput,237,1662053619,268751144,builtin_interfaces/msg/Time,,std_msgs/msg/Header,5.008749894841458e-07,0.9859187006950378,0.5529732704162598,2.584282875061035,0.014000000432133675,2.1854484051384393,-26.626097123119663,0.0,geometry_msgs/msg/Point,fpn_msgs/msg/MHEOutput
1662053619468825578,1662053619.468825579,1662053619470124128,/terrasentia/mhe_output,fpn_msgs/msg/MHEOutput,238,1662053619,468825578,builtin_interfaces/msg/Time,,std_msgs/msg/Header,6.939582135601086e-07,0.9762108325958252,0.5279216170310974,2.7993757724761963,0.014000000432133675,2.1928291746159654,-26.826689234606718,0.0,geometry_msgs/msg/Point,fpn_msgs/msg/MHEOutput
1662053619670375823,1662053619.670375824,1662053619671152928,/terrasentia/mhe_output,fpn_msgs/msg/MHEOutput,239,1662053619,670375823,builtin_interfaces/msg/Time,,std_msgs/msg/Header,6.266415653044533e-07,0.9708643555641174,0.523273766040802,2.812732696533203,0.014000000432133675,2.2236101450935584,-27.02143319276729,0.0,geometry_msgs/msg/Point,fpn_msgs/msg/MHEOutput
1662053619866447210,1662053619.866447210,1662053619867098592,/terrasentia/mhe_output,fpn_msgs/msg/MHEOutput,240,1662053619,866447210,builtin_interfaces/msg/Time,,std_msgs/msg/Header,6.266225227591349e-07,0.9666638970375061,0.5204654335975647,2.805418014526367,0.014000000432133675,2.2577041678672245,-27.23074451067354,0.0,geometry_msgs/msg/Point,fpn_msgs/msg/MHEOutput
1662053620067198514,1662053620.067198515,1662053620068176480,/terrasentia/mhe_output,fpn_msgs/msg/MHEOutput,241,1662053620,67198514,builtin_interfaces/msg/Time,,std_msgs/msg/Header,6.54125756227586e-07,0.9632033109664917,0.5175216197967529,2.7993881702423096,0.014000000432133675,2.290016673169617,-27.440466017174717,0.0,geometry_msgs/msg/Point,fpn_msgs/msg/MHEOutput
1662053620267417430,1662053620.267417431,1662053620268208064,/terrasentia/mhe_output,fpn_msgs/msg/MHEOutput,242,1662053620,267417430,builtin_interfaces/msg/Time,,std_msgs/msg/Header,7.261373298206308e-07,0.9602725505828857,0.5132938027381897,2.813138723373413,0.014000000432133675,2.315829003414971,-27.60793703498181,0.0,geometry_msgs/msg/Point,fpn_msgs/msg/MHEOutput
1662053620467386007,1662053620.467386007,1662053620468065504,/terrasentia/mhe_output,fpn_msgs/msg/MHEOutput,243,1662053620,467386007,builtin_interfaces/msg/Time,,std_msgs/msg/Header,7.056143545014493e-07,0.9576951861381531,0.5097308158874512,2.8172123432159424,0.014000000432133675,2.3404143409615914,-27.791477610664284,0.0,geometry_msgs/msg/Point,fpn_msgs/msg/MHEOutput
1662053620667009592,1662053620.667009592,1662053620667844032,/terrasentia/mhe_output,fpn_msgs/msg/MHEOutput,244,1662053620,667009592,builtin_interfaces/msg/Time,,std_msgs/msg/Header,6.751899377377413e-07,0.9553859233856201,0.506232500076294,2.820183753967285,0.014000000432133675,2.3650527234127288,-27.977309245799134,0.0,geometry_msgs/msg/Point,fpn_msgs/msg/MHEOutput
1662053620868164300,1662053620.868164301,1662053620869229760,/terrasentia/mhe_output,fpn_msgs/msg/MHEOutput,245,1662053620,868164300,builtin_interfaces/msg/Time,,std_msgs/msg/Header,6.980635589570738e-07,0.947441577911377,0.5023122429847717,2.8230972290039062,0.014000000432133675,2.3949492171277798,-28.188326927642162,0.0,geometry_msgs/msg/Point,fpn_msgs/msg/MHEOutput
1662053621067180633,1662053621.067180634,1662053621067752160,/terrasentia/mhe_output,fpn_msgs/msg/MHEOutput,246,1662053621,67180633,builtin_interfaces/msg/Time,,std_msgs/msg/Header,8.154685247063753e-07,0.9414345026016235,0.4966871440410614,2.8427021503448486,0.014000000432133675,2.4204631293230996,-28.398065642623706,0.0,geometry_msgs/msg/Point,fpn_msgs/msg/MHEOutput
1662053621262026309,1662053621.262026310,1662053621262514848,/terrasentia/mhe_output,fpn_msgs/msg/MHEOutput,247,1662053621,262026309,builtin_interfaces/msg/Time,,std_msgs/msg/Header,7.922258760117984e-07,0.9363895654678345,0.4927699863910675,2.850642204284668,0.014000000432133675,2.441355144711009,-28.575965733847898,0.0,geometry_msgs/msg/Point,fpn_msgs/msg/MHEOutput
1662053621468147039,1662053621.468147039,1662053621469093248,/terrasentia/mhe_output,fpn_msgs/msg/MHEOutput,248,1662053621,468147039,builtin_interfaces/msg/Time,,std_msgs/msg/Header,5.051956577517558e-07,0.9351586103439331,0.5142465829849243,2.6167962551116943,0.014000000432133675,2.4834917045144485,-28.716432320712872,0.0,geometry_msgs/msg/Point,fpn_msgs/msg/MHEOutput
1662053621666717767,1662053621.666717768,1662053621668184576,/terrasentia/mhe_output,fpn_msgs/msg/MHEOutput,249,1662053621,666717767,builtin_interfaces/msg/Time,,std_msgs/msg/Header,4.673746332173323e-07,0.9308595657348633,0.5137791037559509,2.595426321029663,0.014000000432133675,2.5140715358007406,-28.89546669560056,0.0,geometry_msgs/msg/Point,fpn_msgs/msg/MHEOutput
1662053621866824150,1662053621.866824150,1662053621867931680,/terrasentia/mhe_output,fpn_msgs/msg/MHEOutput,250,1662053621,866824150,builtin_interfaces/msg/Time,,std_msgs/msg/Header,4.782291966876073e-07,0.9270721673965454,0.5124388337135315,2.5802173614501953,0.014000000432133675,2.5509667884227603,-29.096590118217296,0.0,geometry_msgs/msg/Point,fpn_msgs/msg/MHEOutput
1662053622066209077,1662053622.066209078,1662053622066674496,/terrasentia/mhe_output,fpn_msgs/msg/MHEOutput,251,1662053622,66209077,builtin_interfaces/msg/Time,,std_msgs/msg/Header,4.828959276892419e-07,0.9237241744995117,0.5085909962654114,2.5914294719696045,0.014000000432133675,2.58182734782177,-29.283897371014746,0.0,geometry_msgs/msg/Point,fpn_msgs/msg/MHEOutput
1662053622265224218,1662053622.265224218,1662053622266234848,/terrasentia/mhe_output,fpn_msgs/msg/MHEOutput,252,1662053622,265224218,builtin_interfaces/msg/Time,,std_msgs/msg/Header,4.7301648464781465e-07,0.9207229018211365,0.5058034658432007,2.592050552368164,0.014000000432133675,2.613662558887843,-29.471634081518594,0.0,geometry_msgs/msg/Point,fpn_msgs/msg/MHEOutput
1662053622469168186,1662053622.469168186,1662053622470048960,/terrasentia/mhe_output,fpn_msgs/msg/MHEOutput,253,1662053622,469168186,builtin_interfaces/msg/Time,,std_msgs/msg/Header,4.6026823952161067e-07,0.9180170893669128,0.5031977295875549,2.591477632522583,0.014000000432133675,2.6438760666663597,-29.654609108874013,0.0,geometry_msgs/msg/Point,fpn_msgs/msg/MHEOutput
1662053622668152332,1662053622.668152332,1662053622669042400,/terrasentia/mhe_output,fpn_msgs/msg/MHEOutput,254,1662053622,668152332,builtin_interfaces/msg/Time,,std_msgs/msg/Header,4.6507551587637863e-07,0.9155306816101074,0.5008155703544617,2.588958263397217,0.014000000432133675,2.67951354383256,-29.839502261013696,0.0,geometry_msgs/msg/Point,fpn_msgs/msg/MHEOutput
1662053622868695020,1662053622.868695021,1662053622869129888,/terrasentia/mhe_output,fpn_msgs/msg/MHEOutput,255,1662053622,868695020,builtin_interfaces/msg/Time,,std_msgs/msg/Header,4.776110813509149e-07,0.913242757320404,0.4969943165779114,2.599727153778076,0.014000000432133675,2.713918801873894,-30.0288354542411,0.0,geometry_msgs/msg/Point,fpn_msgs/msg/MHEOutput
1662053623068454980,1662053623.068454981,1662053623069535520,/terrasentia/mhe_output,fpn_msgs/msg/MHEOutput,256,1662053623,68454980,builtin_interfaces/msg/Time,,std_msgs/msg/Header,7.110780302355124e-07,0.9083573222160339,0.46923646330833435,2.83675217628479,0.014000000432133675,2.7276284573767255,-30.256954986821754,0.0,geometry_msgs/msg/Point,fpn_msgs/msg/MHEOutput
1662053623263363599,1662053623.263363600,1662053623264470176,/terrasentia/mhe_output,fpn_msgs/msg/MHEOutput,257,1662053623,263363599,builtin_interfaces/msg/Time,,std_msgs/msg/Header,8.307952725772338e-07,0.9075790643692017,0.46413010358810425,2.858710289001465,0.014000000432133675,2.7528667477921345,-30.423872367952136,0.0,geometry_msgs/msg/Point,fpn_msgs/msg/MHEOutput
1662053623463913917,1662053623.463913918,1662053623464973088,/terrasentia/mhe_output,fpn_msgs/msg/MHEOutput,258,1662053623,463913917,builtin_interfaces/msg/Time,,std_msgs/msg/Header,7.740344472040306e-07,0.9059016704559326,0.46102485060691833,2.856856346130371,0.014000000432133675,2.7830400864259977,-30.613211960173658,0.0,geometry_msgs/msg/Point,fpn_msgs/msg/MHEOutput
1662053623668390750,1662053623.668390751,1662053623669279616,/terrasentia/mhe_output,fpn_msgs/msg/MHEOutput,259,1662053623,668390750,builtin_interfaces/msg/Time,,std_msgs/msg/Header,6.946788744244259e-07,0.9042762517929077,0.45978686213493347,2.8371191024780273,0.014000000432133675,2.819504892970763,-30.801906135503856,0.0,geometry_msgs/msg/Point,fpn_msgs/msg/MHEOutput
1662053623868351936,1662053623.868351936,1662053623869375712,/terrasentia/mhe_output,fpn_msgs/msg/MHEOutput,260,1662053623,868351936,builtin_interfaces/msg/Time,,std_msgs/msg/Header,6.517527140204038e-07,0.9027224183082581,0.4572444558143616,2.8312795162200928,0.014000000432133675,2.8553034861313202,-30.98622817141745,0.0,geometry_msgs/msg/Point,fpn_msgs/msg/MHEOutput
1662053624066016912,1662053624.066016912,1662053624066808864,/terrasentia/mhe_output,fpn_msgs/msg/MHEOutput,261,1662053624,66016912,builtin_interfaces/msg/Time,,std_msgs/msg/Header,6.452243042076589e-07,0.9012443423271179,0.45459097623825073,2.826403856277466,0.014000000432133675,2.8875420923195145,-31.17067010439764,0.0,geometry_msgs/msg/Point,fpn_msgs/msg/MHEOutput
1662053624263601064,1662053624.263601065,1662053624264237664,/terrasentia/mhe_output,fpn_msgs/msg/MHEOutput,262,1662053624,263601064,builtin_interfaces/msg/Time,,std_msgs/msg/Header,6.981309184084239e-07,0.8998485207557678,0.4522252678871155,2.815397262573242,0.014000000432133675,2.9161765301824123,-31.332424867961908,0.0,geometry_msgs/msg/Point,fpn_msgs/msg/MHEOutput
1662053624467090368,1662053624.467090368,1662053624468328608,/terrasentia/mhe_output,fpn_msgs/msg/MHEOutput,263,1662053624,467090368,builtin_interfaces/msg/Time,,std_msgs/msg/Header,7.133891131161363e-07,0.9600878357887268,0.45177367329597473,2.7964272499084473,0.014000000432133675,2.943971380892372,-31.491125323602834,0.0,geometry_msgs/msg/Point,fpn_msgs/msg/MHEOutput
1662053624667603969,1662053624.667603970,1662053624668523328,/terrasentia/mhe_output,fpn_msgs/msg/MHEOutput,264,1662053624,667603969,builtin_interfaces/msg/Time,,std_msgs/msg/Header,6.33447768905171e-07,0.9974746704101562,0.4499210715293884,2.7920310497283936,0.014000000432133675,2.9849064655184065,-31.679790098571488,0.0,geometry_msgs/msg/Point,fpn_msgs/msg/MHEOutput
1662053624867489337,1662053624.867489338,1662053624868227104,/terrasentia/mhe_output,fpn_msgs/msg/MHEOutput,265,1662053624,867489337,builtin_interfaces/msg/Time,,std_msgs/msg/Header,6.885974812576023e-07,0.9995733499526978,0.44793060421943665,2.788910150527954,0.014000000432133675,3.024191678887128,-31.880446864945682,0.0,geometry_msgs/msg/Point,fpn_msgs/msg/MHEOutput
1662053625069579839,1662053625.069579840,1662053625070215232,/terrasentia/mhe_output,fpn_msgs/msg/MHEOutput,266,1662053625,69579839,builtin_interfaces/msg/Time,,std_msgs/msg/Header,7.543046081082139e-07,0.9995766878128052,0.44504961371421814,2.801748514175415,0.014000000432133675,3.051945586717169,-32.036022730707955,0.0,geometry_msgs/msg/Point,fpn_msgs/msg/MHEOutput
1662053625264160156,1662053625.264160156,1662053625264773664,/terrasentia/mhe_output,fpn_msgs/msg/MHEOutput,267,1662053625,264160156,builtin_interfaces/msg/Time,,std_msgs/msg/Header,7.236552050926548e-07,0.9995068907737732,0.44349363446235657,2.8011813163757324,0.014000000432133675,3.0803987080346698,-32.19095938242483,0.0,geometry_msgs/msg/Point,fpn_msgs/msg/MHEOutput
1662053625469008445,1662053625.469008446,1662053625470020256,/terrasentia/mhe_output,fpn_msgs/msg/MHEOutput,268,1662053625,469008445,builtin_interfaces/msg/Time,,std_msgs/msg/Header,6.367475862134597e-07,0.9992277026176453,0.44164592027664185,2.7981629371643066,0.014000000432133675,3.1107651191899417,-32.37062212710122,0.0,geometry_msgs/msg/Point,fpn_msgs/msg/MHEOutput
1662053625669627666,1662053625.669627666,1662053625670577024,/terrasentia/mhe_output,fpn_msgs/msg/MHEOutput,269,1662053625,669627666,builtin_interfaces/msg/Time,,std_msgs/msg/Header,5.893812726753822e-07,0.9967628121376038,0.439374178647995,2.7962236404418945,0.014000000432133675,3.144591117833329,-32.55306929966079,0.0,geometry_msgs/msg/Point,fpn_msgs/msg/MHEOutput
1662053625870385885,1662053625.870385885,1662053625871238208,/terrasentia/mhe_output,fpn_msgs/msg/MHEOutput,270,1662053625,870385885,builtin_interfaces/msg/Time,,std_msgs/msg/Header,6.047072815817955e-07,0.9842801690101624,0.436411589384079,2.791727066040039,0.014000000432133675,3.182126408450111,-32.75798081543581,0.0,geometry_msgs/msg/Point,fpn_msgs/msg/MHEOutput
1662053626062956809,1662053626.062956810,1662053626063707904,/terrasentia/mhe_output,fpn_msgs/msg/MHEOutput,271,1662053626,62956809,builtin_interfaces/msg/Time,,std_msgs/msg/Header,6.522640774164756e-07,0.9767006635665894,0.4331200420856476,2.7902464866638184,0.014000000432133675,3.2177020231197573,-32.963878213064994,0.0,geometry_msgs/msg/Point,fpn_msgs/msg/MHEOutput
1662053626265465497,1662053626.265465498,1662053626265912928,/terrasentia/mhe_output,fpn_msgs/msg/MHEOutput,272,1662053626,265465497,builtin_interfaces/msg/Time,,std_msgs/msg/Header,6.649402735092735e-07,0.9712537527084351,0.42917659878730774,2.8025715351104736,0.014000000432133675,3.236617892474255,-33.12188997334288,0.0,geometry_msgs/msg/Point,fpn_msgs/msg/MHEOutput
1662053626470194339,1662053626.470194340,1662053626471313280,/terrasentia/mhe_output,fpn_msgs/msg/MHEOutput,273,1662053626,470194339,builtin_interfaces/msg/Time,,std_msgs/msg/Header,6.177049840516702e-07,0.9669700860977173,0.42626839876174927,2.7932348251342773,0.014000000432133675,3.268537333835444,-33.310971526864925,0.0,geometry_msgs/msg/Point,fpn_msgs/msg/MHEOutput
1662053626662471532,1662053626.662471533,1662053626663533344,/terrasentia/mhe_output,fpn_msgs/msg/MHEOutput,274,1662053626,662471532,builtin_interfaces/msg/Time,,std_msgs/msg/Header,6.127701226432691e-07,0.9980319738388062,0.4253948926925659,2.7720730304718018,0.014000000432133675,3.3071125666682737,-33.519959018331875,0.0,geometry_msgs/msg/Point,fpn_msgs/msg/MHEOutput
1662053626869221925,1662053626.869221926,1662053626870171296,/terrasentia/mhe_output,fpn_msgs/msg/MHEOutput,275,1662053626,869221925,builtin_interfaces/msg/Time,,std_msgs/msg/Header,6.003691055411764e-07,0.9987717866897583,0.4236670434474945,2.7626264095306396,0.014000000432133675,3.3433022653774835,-33.73351746392057,0.0,geometry_msgs/msg/Point,fpn_msgs/msg/MHEOutput
1662053627068531274,1662053627.068531275,1662053627069448544,/terrasentia/mhe_output,fpn_msgs/msg/MHEOutput,276,1662053627,68531274,builtin_interfaces/msg/Time,,std_msgs/msg/Header,5.758291763413581e-07,0.9996144771575928,0.42393186688423157,2.741093158721924,0.014000000432133675,3.373340303721623,-33.91529828378891,0.0,geometry_msgs/msg/Point,fpn_msgs/msg/MHEOutput
1662053627266195774,1662053627.266195774,1662053627267312576,/terrasentia/mhe_output,fpn_msgs/msg/MHEOutput,277,1662053627,266195774,builtin_interfaces/msg/Time,,std_msgs/msg/Header,6.130484280220116e-07,0.9996266961097717,0.4231533408164978,2.733614921569824,0.014000000432133675,3.39883244541202,-34.0762598367004,0.0,geometry_msgs/msg/Point,fpn_msgs/msg/MHEOutput
1662053627469335794,1662053627.469335794,1662053627470202880,/terrasentia/mhe_output,fpn_msgs/msg/MHEOutput,278,1662053627,469335794,builtin_interfaces/msg/Time,,std_msgs/msg/Header,6.251760282793839e-07,0.9995344281196594,0.4223390221595764,2.7262492179870605,0.014000000432133675,3.4277735498296638,-34.23698876907297,0.0,geometry_msgs/msg/Point,fpn_msgs/msg/MHEOutput
1662053627669562339,1662053627.669562340,1662053627670402720,/terrasentia/mhe_output,fpn_msgs/msg/MHEOutput,279,1662053627,669562339,builtin_interfaces/msg/Time,,std_msgs/msg/Header,6.021512604093004e-07,0.9992265701293945,0.42124563455581665,2.7171895503997803,0.014000000432133675,3.4586497700572876,-34.41573350155104,0.0,geometry_msgs/msg/Point,fpn_msgs/msg/MHEOutput
1662053627863953351,1662053627.863953352,1662053627864804992,/terrasentia/mhe_output,fpn_msgs/msg/MHEOutput,280,1662053627,863953351,builtin_interfaces/msg/Time,,std_msgs/msg/Header,6.546598001477832e-07,0.9942952990531921,0.4209107756614685,2.692410945892334,0.014000000432133675,3.487322766034499,-34.619494947658524,0.0,geometry_msgs/msg/Point,fpn_msgs/msg/MHEOutput
1662053628069988965,1662053628.069988966,1662053628070687744,/terrasentia/mhe_output,fpn_msgs/msg/MHEOutput,281,1662053628,69988965,builtin_interfaces/msg/Time,,std_msgs/msg/Header,6.142382744656061e-07,0.9829292297363281,0.4205528497695923,2.6670408248901367,0.014000000432133675,3.510877128431315,-34.80292962678949,0.0,geometry_msgs/msg/Point,fpn_msgs/msg/MHEOutput
1662053628267485141,1662053628.267485142,1662053628268335904,/terrasentia/mhe_output,fpn_msgs/msg/MHEOutput,282,1662053628,267485141,builtin_interfaces/msg/Time,,std_msgs/msg/Header,5.745729367845342e-07,0.9757428765296936,0.42001596093177795,2.643918991088867,0.014000000432133675,3.530703452211799,-34.984394989579705,0.0,geometry_msgs/msg/Point,fpn_msgs/msg/MHEOutput
1662053628469971895,1662053628.469971895,1662053628471312480,/terrasentia/mhe_output,fpn_msgs/msg/MHEOutput,283,1662053628,469971895,builtin_interfaces/msg/Time,,std_msgs/msg/Header,5.218292358222243e-07,0.9704799652099609,0.417976975440979,2.6363914012908936,0.014000000432133675,3.5473848731648614,-35.16156965314487,0.0,geometry_msgs/msg/Point,fpn_msgs/msg/MHEOutput
1662053628670567274,1662053628.670567274,1662053628671648224,/terrasentia/mhe_output,fpn_msgs/msg/MHEOutput,284,1662053628,670567274,builtin_interfaces/msg/Time,,std_msgs/msg/Header,5.077010882814648e-07,0.9663213491439819,0.41413676738739014,2.6439106464385986,0.014000000432133675,3.562670150000785,-35.354895133397584,0.0,geometry_msgs/msg/Point,fpn_msgs/msg/MHEOutput
1662053628864456892,1662053628.864456892,1662053628865247968,/terrasentia/mhe_output,fpn_msgs/msg/MHEOutput,285,1662053628,864456892,builtin_interfaces/msg/Time,,std_msgs/msg/Header,5.396487949838047e-07,0.962884783744812,0.41175273060798645,2.6347358226776123,0.014000000432133675,3.5811961415396416,-35.56397727476276,0.0,geometry_msgs/msg/Point,fpn_msgs/msg/MHEOutput
1662053629063272476,1662053629.063272476,1662053629063937216,/terrasentia/mhe_output,fpn_msgs/msg/MHEOutput,286,1662053629,63272476,builtin_interfaces/msg/Time,,std_msgs/msg/Header,5.723351819142408e-07,0.9599513411521912,0.40930894017219543,2.625828266143799,0.014000000432133675,3.5944986634598712,-35.773305291357815,0.0,geometry_msgs/msg/Point,fpn_msgs/msg/MHEOutput
1662053629262285709,1662053629.262285709,1662053629263334816,/terrasentia/mhe_output,fpn_msgs/msg/MHEOutput,287,1662053629,262285709,builtin_interfaces/msg/Time,,std_msgs/msg/Header,5.646260206049192e-07,0.9573795795440674,0.40726298093795776,2.615668535232544,0.014000000432133675,3.6061166946063983,-35.96642463275854,0.0,geometry_msgs/msg/Point,fpn_msgs/msg/MHEOutput
1662053629462040662,1662053629.462040663,1662053629462971008,/terrasentia/mhe_output,fpn_msgs/msg/MHEOutput,288,1662053629,462040662,builtin_interfaces/msg/Time,,std_msgs/msg/Header,5.689675504072511e-07,0.9550866484642029,0.40539219975471497,2.605266809463501,0.014000000432133675,3.6230063856146124,-36.154738628406704,0.0,geometry_msgs/msg/Point,fpn_msgs/msg/MHEOutput
1662053629669274806,1662053629.669274807,1662053629670542016,/terrasentia/mhe_output,fpn_msgs/msg/MHEOutput,289,1662053629,669274806,builtin_interfaces/msg/Time,,std_msgs/msg/Header,5.799017230856407e-07,0.9474524259567261,0.40154504776000977,2.9708871841430664,0.014000000432133675,3.632919788467594,-36.34374747721493,0.0,geometry_msgs/msg/Point,fpn_msgs/msg/MHEOutput
1662053629867758989,1662053629.867758989,1662053629868707104,/terrasentia/mhe_output,fpn_msgs/msg/MHEOutput,290,1662053629,867758989,builtin_interfaces/msg/Time,,std_msgs/msg/Header,6.163315902085742e-07,1.8318356524105184e-05,0.39699095487594604,2.628100872039795,0.014000000432133675,3.6404498847139686,-36.53604159686437,0.0,geometry_msgs/msg/Point,fpn_msgs/msg/MHEOutput
1662053630067158222,1662053630.067158222,1662053630067990560,/terrasentia/mhe_output,fpn_msgs/msg/MHEOutput,291,1662053630,67158222,builtin_interfaces/msg/Time,,std_msgs/msg/Header,6.126833795860875e-07,7.10468248144025e-06,0.3937605917453766,2.629854440689087,0.014000000432133675,3.650886171103998,-36.72631586765638,0.0,geometry_msgs/msg/Point,fpn_msgs/msg/MHEOutput
1662053630264281511,1662053630.264281511,1662053630264809088,/terrasentia/mhe_output,fpn_msgs/msg/MHEOutput,292,1662053630,264281511,builtin_interfaces/msg/Time,,std_msgs/msg/Header,6.098107974139566e-07,5.652198524330743e-06,0.3907742500305176,2.6305058002471924,0.014000000432133675,3.663211053234531,-36.909520588914155,0.0,geometry_msgs/msg/Point,fpn_msgs/msg/MHEOutput
1662053630464240550,1662053630.464240551,1662053630465187232,/terrasentia/mhe_output,fpn_msgs/msg/MHEOutput,293,1662053630,464240550,builtin_interfaces/msg/Time,,std_msgs/msg/Header,6.000063308420067e-07,5.2403993322514e-06,0.38907599449157715,2.61875057220459,0.014000000432133675,3.6784601955490497,-37.09290172183597,0.0,geometry_msgs/msg/Point,fpn_msgs/msg/MHEOutput
1662053630665383338,1662053630.665383339,1662053630666192768,/terrasentia/mhe_output,fpn_msgs/msg/MHEOutput,294,1662053630,665383338,builtin_interfaces/msg/Time,,std_msgs/msg/Header,5.996673735353397e-07,5.714424787583994e-06,0.38608893752098083,2.6194300651550293,0.014000000432133675,3.692591562594534,-37.278313135315614,0.0,geometry_msgs/msg/Point,fpn_msgs/msg/MHEOutput
1662053630861027479,1662053630.861027479,1662053630861642208,/terrasentia/mhe_output,fpn_msgs/msg/MHEOutput,295,1662053630,861027479,builtin_interfaces/msg/Time,,std_msgs/msg/Header,5.770683628725237e-07,7.040572199912276e-06,0.3843846917152405,2.607940435409546,0.014000000432133675,3.707858865884909,-37.46177655298434,0.0,geometry_msgs/msg/Point,fpn_msgs/msg/MHEOutput
1662053631067548990,1662053631.067548990,1662053631068392704,/terrasentia/mhe_output,fpn_msgs/msg/MHEOutput,296,1662053631,67548990,builtin_interfaces/msg/Time,,std_msgs/msg/Header,5.540703682527237e-07,1.2122079169785138e-05,0.38280120491981506,2.5955357551574707,0.014000000432133675,3.7232506498881253,-37.645081699882674,0.0,geometry_msgs/msg/Point,fpn_msgs/msg/MHEOutput
1662053631268764495,1662053631.268764496,1662053631269842048,/terrasentia/mhe_output,fpn_msgs/msg/MHEOutput,297,1662053631,268764495,builtin_interfaces/msg/Time,,std_msgs/msg/Header,6.11640984971018e-07,0.0026806953828781843,0.3782704770565033,2.616147041320801,0.014000000432133675,3.735597940979252,-37.810612631549986,0.0,geometry_msgs/msg/Point,fpn_msgs/msg/MHEOutput
1662053631467122077,1662053631.467122078,1662053631468612224,/terrasentia/mhe_output,fpn_msgs/msg/MHEOutput,298,1662053631,467122077,builtin_interfaces/msg/Time,,std_msgs/msg/Header,6.977190878387773e-07,1.8669574274099432e-05,0.37490734457969666,2.6236190795898438,0.014000000432133675,3.7506848361863567,-37.9696672044997,0.0,geometry_msgs/msg/Point,fpn_msgs/msg/MHEOutput
1662053631666500329,1662053631.666500330,1662053631667357824,/terrasentia/mhe_output,fpn_msgs/msg/MHEOutput,299,1662053631,666500329,builtin_interfaces/msg/Time,,std_msgs/msg/Header,6.919569273122761e-07,7.209314389911015e-06,0.3713758885860443,2.6308441162109375,0.014000000432133675,3.7642103353835035,-38.14669716490888,0.0,geometry_msgs/msg/Point,fpn_msgs/msg/MHEOutput
1662053631867472648,1662053631.867472649,1662053631868289792,/terrasentia/mhe_output,fpn_msgs/msg/MHEOutput,300,1662053631,867472648,builtin_interfaces/msg/Time,,std_msgs/msg/Header,6.664922125310113e-07,5.411056918092072e-06,0.3679746389389038,2.6367712020874023,0.014000000432133675,3.783095688021041,-38.32602784866588,0.0,geometry_msgs/msg/Point,fpn_msgs/msg/MHEOutput
1662053632067069292,1662053632.067069292,1662053632067992640,/terrasentia/mhe_output,fpn_msgs/msg/MHEOutput,301,1662053632,67069292,builtin_interfaces/msg/Time,,std_msgs/msg/Header,6.731001462867425e-07,4.940657618135447e-06,0.36146408319473267,2.671929121017456,0.014000000432133675,3.7977484800300942,-38.51024436677713,0.0,geometry_msgs/msg/Point,fpn_msgs/msg/MHEOutput
1662053632267033100,1662053632.267033100,1662053632267890304,/terrasentia/mhe_output,fpn_msgs/msg/MHEOutput,302,1662053632,267033100,builtin_interfaces/msg/Time,,std_msgs/msg/Header,6.611504090869857e-07,5.257516477286117e-06,0.3557765483856201,2.6987991333007812,0.014000000432133675,3.8149673532775896,-38.6932179426903,0.0,geometry_msgs/msg/Point,fpn_msgs/msg/MHEOutput
1662053632467442750,1662053632.467442751,1662053632468486560,/terrasentia/mhe_output,fpn_msgs/msg/MHEOutput,303,1662053632,467442750,builtin_interfaces/msg/Time,,std_msgs/msg/Header,6.479692160610284e-07,4.382099632493919e-06,0.34944915771484375,2.731812000274658,0.014000000432133675,3.833628672188234,-38.875002104704066,0.0,geometry_msgs/msg/Point,fpn_msgs/msg/MHEOutput
1662053632667390823,1662053632.667390823,1662053632669726592,/terrasentia/mhe_output,fpn_msgs/msg/MHEOutput,304,1662053632,667390823,builtin_interfaces/msg/Time,,std_msgs/msg/Header,6.74526006605447e-07,3.1727179248264292e-06,0.34168216586112976,2.778773307800293,0.014000000432133675,3.8515492262754787,-39.05471784513269,0.0,geometry_msgs/msg/Point,fpn_msgs/msg/MHEOutput
1662053632863153457,1662053632.863153458,1662053632864132480,/terrasentia/mhe_output,fpn_msgs/msg/MHEOutput,305,1662053632,863153457,builtin_interfaces/msg/Time,,std_msgs/msg/Header,7.995004693839292e-07,3.3447447549406206e-06,0.33461374044418335,2.8164680004119873,0.014000000432133675,3.870395286374135,-39.24434414524041,0.0,geometry_msgs/msg/Point,fpn_msgs/msg/MHEOutput
1662053633065875053,1662053633.065875053,1662053633066990304,/terrasentia/mhe_output,fpn_msgs/msg/MHEOutput,306,1662053633,65875053,builtin_interfaces/msg/Time,,std_msgs/msg/Header,1.1256689731453662e-06,2.7091623451269697e-06,0.3276006579399109,2.8561906814575195,0.014000000432133675,3.8876468574864957,-39.416239488540626,0.0,geometry_msgs/msg/Point,fpn_msgs/msg/MHEOutput
1662053633263751029,1662053633.263751030,1662053633264725824,/terrasentia/mhe_output,fpn_msgs/msg/MHEOutput,307,1662053633,263751029,builtin_interfaces/msg/Time,,std_msgs/msg/Header,1.5207989463306149e-06,2.3084189706423786e-06,0.32023534178733826,2.903383731842041,0.014000000432133675,3.9065776409837962,-39.5641929480142,0.0,geometry_msgs/msg/Point,fpn_msgs/msg/MHEOutput
1662053633465489864,1662053633.465489864,1662053633465985184,/terrasentia/mhe_output,fpn_msgs/msg/MHEOutput,308,1662053633,465489864,builtin_interfaces/msg/Time,,std_msgs/msg/Header,1.6852649196152925e-06,2.2308297502604546e-06,0.31300050020217896,2.9511725902557373,0.014000000432133675,3.931166731167031,-39.700619314697796,0.0,geometry_msgs/msg/Point,fpn_msgs/msg/MHEOutput
1662053633661244869,1662053633.661244869,1662053633662093472,/terrasentia/mhe_output,fpn_msgs/msg/MHEOutput,309,1662053633,661244869,builtin_interfaces/msg/Time,,std_msgs/msg/Header,1.4888980786054162e-06,2.510173089831369e-06,0.30762770771980286,2.9814603328704834,0.014000000432133675,3.967246974994965,-39.83144995505121,0.0,geometry_msgs/msg/Point,fpn_msgs/msg/MHEOutput
1662053633861322402,1662053633.861322403,1662053633862342176,/terrasentia/mhe_output,fpn_msgs/msg/MHEOutput,310,1662053633,861322402,builtin_interfaces/msg/Time,,std_msgs/msg/Header,1.1833683402073802e-06,3.168735929648392e-06,0.3023594319820404,3.0106277465820312,0.014000000432133675,4.010669794516612,-39.9620305353945,0.0,geometry_msgs/msg/Point,fpn_msgs/msg/MHEOutput
1662053634066376686,1662053634.066376686,1662053634067279040,/terrasentia/mhe_output,fpn_msgs/msg/MHEOutput,311,1662053634,66376686,builtin_interfaces/msg/Time,,std_msgs/msg/Header,8.975334822025616e-07,3.6792839637200814e-06,0.29612866044044495,3.049304485321045,0.014000000432133675,4.066424511319905,-40.092116977208526,0.0,geometry_msgs/msg/Point,fpn_msgs/msg/MHEOutput
1662053634268213748,1662053634.268213749,1662053634269578592,/terrasentia/mhe_output,fpn_msgs/msg/MHEOutput,312,1662053634,268213748,builtin_interfaces/msg/Time,,std_msgs/msg/Header,7.066174134706671e-07,4.866862582275644e-06,0.2911592721939087,3.0756337642669678,0.014000000432133675,4.1350052322293225,-40.21991022348314,0.0,geometry_msgs/msg/Point,fpn_msgs/msg/MHEOutput
1662053634461759090,1662053634.461759090,1662053634462767296,/terrasentia/mhe_output,fpn_msgs/msg/MHEOutput,313,1662053634,461759090,builtin_interfaces/msg/Time,,std_msgs/msg/Header,6.005112709317473e-07,1.1705748875101563e-05,0.28856924176216125,3.0786566734313965,0.014000000432133675,4.214603272564486,-40.34560395590333,0.0,geometry_msgs/msg/Point,fpn_msgs/msg/MHEOutput
1662053634670940160,1662053634.670940161,1662053634672136608,/terrasentia/mhe_output,fpn_msgs/msg/MHEOutput,314,1662053634,670940160,builtin_interfaces/msg/Time,,std_msgs/msg/Header,5.510544838216447e-07,0.014065083116292953,0.28516972064971924,3.086189031600952,0.014000000432133675,4.310047798983684,-40.49042048064846,0.0,geometry_msgs/msg/Point,fpn_msgs/msg/MHEOutput
1662053634863464117,1662053634.863464117,1662053634864574656,/terrasentia/mhe_output,fpn_msgs/msg/MHEOutput,315,1662053634,863464117,builtin_interfaces/msg/Time,,std_msgs/msg/Header,5.432996772469778e-07,0.02223706617951393,0.2821710407733917,3.0889692306518555,0.014000000432133675,4.410995882689909,-40.639158826066584,0.0,geometry_msgs/msg/Point,fpn_msgs/msg/MHEOutput
1662053635070336580,1662053635.070336580,1662053635071149056,/terrasentia/mhe_output,fpn_msgs/msg/MHEOutput,316,1662053635,70336580,builtin_interfaces/msg/Time,,std_msgs/msg/Header,5.51305106455402e-07,0.027980756014585495,0.27904531359672546,3.0916569232940674,0.014000000432133675,4.512014218060217,-40.7947922136134,0.0,geometry_msgs/msg/Point,fpn_msgs/msg/MHEOutput
1662053635262836456,1662053635.262836456,1662053635263704672,/terrasentia/mhe_output,fpn_msgs/msg/MHEOutput,317,1662053635,262836456,builtin_interfaces/msg/Time,,std_msgs/msg/Header,5.570047392211563e-07,0.03242195025086403,0.27564117312431335,3.0965158939361572,0.014000000432133675,4.614766817340421,-40.953205772736894,0.0,geometry_msgs/msg/Point,fpn_msgs/msg/MHEOutput
1662053635464041471,1662053635.464041471,1662053635464898016,/terrasentia/mhe_output,fpn_msgs/msg/MHEOutput,318,1662053635,464041471,builtin_interfaces/msg/Time,,std_msgs/msg/Header,6.26260657554667e-07,0.03603455796837807,0.27278003096580505,3.1001667976379395,0.014000000432133675,4.707049409375104,-41.08854773271687,0.0,geometry_msgs/msg/Point,fpn_msgs/msg/MHEOutput
1662053635669790267,1662053635.669790268,1662053635670894400,/terrasentia/mhe_output,fpn_msgs/msg/MHEOutput,319,1662053635,669790267,builtin_interfaces/msg/Time,,std_msgs/msg/Header,5.934146543040697e-07,0.039108943194150925,0.2698804438114166,3.1013858318328857,0.014000000432133675,4.813229837717533,-41.239164677634335,0.0,geometry_msgs/msg/Point,fpn_msgs/msg/MHEOutput
1662053635862863302,1662053635.862863302,1662053635863415008,/terrasentia/mhe_output,fpn_msgs/msg/MHEOutput,320,1662053635,862863302,builtin_interfaces/msg/Time,,std_msgs/msg/Header,5.540807137549564e-07,0.041792407631874084,0.266592800617218,3.1066408157348633,0.014000000432133675,4.921304974342082,-41.38843912598799,0.0,geometry_msgs/msg/Point,fpn_msgs/msg/MHEOutput
1662053636070548772,1662053636.070548773,1662053636071447072,/terrasentia/mhe_output,fpn_msgs/msg/MHEOutput,321,1662053636,70548772,builtin_interfaces/msg/Time,,std_msgs/msg/Header,5.226096959631832e-07,0.04417658969759941,0.26328253746032715,3.110802173614502,0.014000000432133675,5.034667406579695,-41.54435592652561,0.0,geometry_msgs/msg/Point,fpn_msgs/msg/MHEOutput
1662053636265586137,1662053636.265586138,1662053636266262176,/terrasentia/mhe_output,fpn_msgs/msg/MHEOutput,322,1662053636,265586137,builtin_interfaces/msg/Time,,std_msgs/msg/Header,3.700945399032207e-07,0.05090586841106415,0.29097917675971985,2.8231093883514404,0.014000000432133675,5.1574688108931,-41.64430370918924,0.0,geometry_msgs/msg/Point,fpn_msgs/msg/MHEOutput
1662053636469810247,1662053636.469810247,1662053636470687456,/terrasentia/mhe_output,fpn_msgs/msg/MHEOutput,323,1662053636,469810247,builtin_interfaces/msg/Time,,std_msgs/msg/Header,3.797372585268022e-07,0.05667703226208687,0.2919418215751648,2.7974600791931152,0.014000000432133675,5.262099235292928,-41.771400098585794,0.0,geometry_msgs/msg/Point,fpn_msgs/msg/MHEOutput
1662053636669641017,1662053636.669641018,1662053636670942720,/terrasentia/mhe_output,fpn_msgs/msg/MHEOutput,324,1662053636,669641017,builtin_interfaces/msg/Time,,std_msgs/msg/Header,3.5953067367699987e-07,0.06116240844130516,0.2898279130458832,2.799417018890381,0.014000000432133675,5.384075440212424,-41.92203252522647,0.0,geometry_msgs/msg/Point,fpn_msgs/msg/MHEOutput
1662053636869975090,1662053636.869975090,1662053636870608928,/terrasentia/mhe_output,fpn_msgs/msg/MHEOutput,325,1662053636,869975090,builtin_interfaces/msg/Time,,std_msgs/msg/Header,3.403520452138764e-07,0.06474778056144714,0.2872047424316406,2.8071296215057373,0.014000000432133675,5.5111615174795885,-42.06939900305587,0.0,geometry_msgs/msg/Point,fpn_msgs/msg/MHEOutput
1662053637068788290,1662053637.068788290,1662053637069787072,/terrasentia/mhe_output,fpn_msgs/msg/MHEOutput,326,1662053637,68788290,builtin_interfaces/msg/Time,,std_msgs/msg/Header,3.6315725537861e-07,0.0682210922241211,0.28424838185310364,2.815840005874634,0.014000000432133675,5.652267897215007,-42.23292194323542,0.0,geometry_msgs/msg/Point,fpn_msgs/msg/MHEOutput
1662053637262281179,1662053637.262281179,1662053637262862080,/terrasentia/mhe_output,fpn_msgs/msg/MHEOutput,327,1662053637,262281179,builtin_interfaces/msg/Time,,std_msgs/msg/Header,3.650908979579981e-07,0.0712832361459732,0.2797955870628357,2.840488910675049,0.014000000432133675,5.776893556110868,-42.38119437482348,0.0,geometry_msgs/msg/Point,fpn_msgs/msg/MHEOutput
1662053637470037937,1662053637.470037937,1662053637470767584,/terrasentia/mhe_output,fpn_msgs/msg/MHEOutput,328,1662053637,470037937,builtin_interfaces/msg/Time,,std_msgs/msg/Header,3.597240265662549e-07,0.07384884357452393,0.27729475498199463,2.811631679534912,0.014000000432133675,5.904197214053146,-42.52812707840838,0.0,geometry_msgs/msg/Point,fpn_msgs/msg/MHEOutput
1662053637667529821,1662053637.667529821,1662053637668157216,/terrasentia/mhe_output,fpn_msgs/msg/MHEOutput,329,1662053637,667529821,builtin_interfaces/msg/Time,,std_msgs/msg/Header,3.69899424867981e-07,0.34102973341941833,0.2888616621494293,2.568206787109375,0.014000000432133675,6.029243587570182,-42.668683430995486,0.0,geometry_msgs/msg/Point,fpn_msgs/msg/MHEOutput
1662053637868337631,1662053637.868337631,1662053637869424288,/terrasentia/mhe_output,fpn_msgs/msg/MHEOutput,330,1662053637,868337631,builtin_interfaces/msg/Time,,std_msgs/msg/Header,6.227398330338474e-07,0.7478739619255066,0.31527915596961975,2.333601474761963,0.014000000432133675,6.149091708060417,-42.86997911718799,0.0,geometry_msgs/msg/Point,fpn_msgs/msg/MHEOutput
1662053638061758041,1662053638.061758041,1662053638062947648,/terrasentia/mhe_output,fpn_msgs/msg/MHEOutput,331,1662053638,61758041,builtin_interfaces/msg/Time,,std_msgs/msg/Header,9.45778651839646e-07,0.6666154861450195,0.3890857398509979,2.651850938796997,0.014000000432133675,6.2847724578130855,-43.03216516805521,0.0,geometry_msgs/msg/Point,fpn_msgs/msg/MHEOutput
1662053638260323762,1662053638.260323763,1662053638261123424,/terrasentia/mhe_output,fpn_msgs/msg/MHEOutput,332,1662053638,260323762,builtin_interfaces/msg/Time,,std_msgs/msg/Header,1.2389955372782424e-06,0.7082578539848328,0.46941497921943665,2.78902268409729,0.014000000432133675,6.402845252078064,-43.16356354597857,0.0,geometry_msgs/msg/Point,fpn_msgs/msg/MHEOutput
1662053638465284824,1662053638.465284824,1662053638466260160,/terrasentia/mhe_output,fpn_msgs/msg/MHEOutput,333,1662053638,465284824,builtin_interfaces/msg/Time,,std_msgs/msg/Header,1.3019324569540913e-06,0.7738388180732727,0.5374296307563782,2.8841068744659424,0.014000000432133675,6.50920598049822,-43.295988421002235,0.0,geometry_msgs/msg/Point,fpn_msgs/msg/MHEOutput
1662053638666913032,1662053638.666913033,1662053638667620736,/terrasentia/mhe_output,fpn_msgs/msg/MHEOutput,334,1662053638,666913032,builtin_interfaces/msg/Time,,std_msgs/msg/Header,1.1314854191368795e-06,0.8308358192443848,0.5820719599723816,2.631244421005249,0.014000000432133675,6.608165402706264,-43.42698077638983,0.0,geometry_msgs/msg/Point,fpn_msgs/msg/MHEOutput
1662053638861872673,1662053638.861872673,1662053638862504224,/terrasentia/mhe_output,fpn_msgs/msg/MHEOutput,335,1662053638,861872673,builtin_interfaces/msg/Time,,std_msgs/msg/Header,1.0740209290815983e-06,0.81846022605896,0.6181256771087646,2.4162614345550537,0.014000000432133675,6.699102186240234,-43.559337490663644,0.0,geometry_msgs/msg/Point,fpn_msgs/msg/MHEOutput
1662053639067039251,1662053639.067039251,1662053639067461856,/terrasentia/mhe_output,fpn_msgs/msg/MHEOutput,336,1662053639,67039251,builtin_interfaces/msg/Time,,std_msgs/msg/Header,1.2512646208051592e-06,0.8549920916557312,0.6586825251579285,2.195901870727539,0.014000000432133675,6.785274316303533,-43.69601388084887,0.0,geometry_msgs/msg/Point,fpn_msgs/msg/MHEOutput
1662053639265278100,1662053639.265278101,1662053639266672320,/terrasentia/mhe_output,fpn_msgs/msg/MHEOutput,337,1662053639,265278100,builtin_interfaces/msg/Time,,std_msgs/msg/Header,1.9695744413184e-06,0.8207382559776306,0.717765212059021,2.1043176651000977,0.014000000432133675,6.86746034454565,-43.83992191793656,0.0,geometry_msgs/msg/Point,fpn_msgs/msg/MHEOutput
1662053639467018127,1662053639.467018127,1662053639467758144,/terrasentia/mhe_output,fpn_msgs/msg/MHEOutput,338,1662053639,467018127,builtin_interfaces/msg/Time,,std_msgs/msg/Header,3.354756472617737e-06,0.7167218327522278,0.780619740486145,2.4794516563415527,0.014000000432133675,6.943481340196763,-43.9876906022993,0.0,geometry_msgs/msg/Point,fpn_msgs/msg/MHEOutput
1662053639663062810,1662053639.663062811,1662053639663953504,/terrasentia/mhe_output,fpn_msgs/msg/MHEOutput,339,1662053639,663062810,builtin_interfaces/msg/Time,,std_msgs/msg/Header,3.503616881062044e-06,0.686210036277771,0.8313770890235901,2.6412065029144287,0.014000000432133675,7.010729882175253,-44.11288704577397,0.0,geometry_msgs/msg/Point,fpn_msgs/msg/MHEOutput
1662053639861023187,1662053639.861023188,1662053639862234752,/terrasentia/mhe_output,fpn_msgs/msg/MHEOutput,340,1662053639,861023187,builtin_interfaces/msg/Time,,std_msgs/msg/Header,2.5037097657332197e-06,0.7096906900405884,0.8599996566772461,2.7102315425872803,0.014000000432133675,7.065497465237444,-44.26164042559697,0.0,geometry_msgs/msg/Point,fpn_msgs/msg/MHEOutput
1662053640065797567,1662053640.065797567,1662053640066981088,/terrasentia/mhe_output,fpn_msgs/msg/MHEOutput,341,1662053640,65797567,builtin_interfaces/msg/Time,,std_msgs/msg/Header,1.9138694824505365e-06,0.7383045554161072,0.8635323643684387,2.774614095687866,0.014000000432133675,7.107614067106823,-44.40937169378581,0.0,geometry_msgs/msg/Point,fpn_msgs/msg/MHEOutput
1662053640266965866,1662053640.266965866,1662053640267875232,/terrasentia/mhe_output,fpn_msgs/msg/MHEOutput,342,1662053640,266965866,builtin_interfaces/msg/Time,,std_msgs/msg/Header,1.5038413039292209e-06,0.853156566619873,0.8480064868927002,2.8088912963867188,0.014000000432133675,7.137786880461265,-44.56048722670717,0.0,geometry_msgs/msg/Point,fpn_msgs/msg/MHEOutput
1662053640467298269,1662053640.467298269,1662053640468021632,/terrasentia/mhe_output,fpn_msgs/msg/MHEOutput,343,1662053640,467298269,builtin_interfaces/msg/Time,,std_msgs/msg/Header,1.2720479389827233e-06,0.9997189044952393,0.8261634111404419,2.8576128482818604,0.014000000432133675,7.156450454235972,-44.71920664186531,0.0,geometry_msgs/msg/Point,fpn_msgs/msg/MHEOutput
1662053640669715166,1662053640.669715166,1662053640670207264,/terrasentia/mhe_output,fpn_msgs/msg/MHEOutput,344,1662053640,669715166,builtin_interfaces/msg/Time,,std_msgs/msg/Header,1.4282367146734032e-06,0.9999837875366211,0.815625786781311,2.7749273777008057,0.014000000432133675,7.163649629512556,-44.89288780240165,0.0,geometry_msgs/msg/Point,fpn_msgs/msg/MHEOutput
1662053640868843555,1662053640.868843555,1662053640870182208,/terrasentia/mhe_output,fpn_msgs/msg/MHEOutput,345,1662053640,868843555,builtin_interfaces/msg/Time,,std_msgs/msg/Header,1.6373153357562842e-06,0.9999754428863525,0.8121805191040039,2.837542772293091,0.014000000432133675,7.174500466481922,-45.074713747043866,0.0,geometry_msgs/msg/Point,fpn_msgs/msg/MHEOutput
1662053641068215847,1662053641.068215847,1662053641069482080,/terrasentia/mhe_output,fpn_msgs/msg/MHEOutput,346,1662053641,68215847,builtin_interfaces/msg/Time,,std_msgs/msg/Header,1.649414912208158e-06,0.9999858736991882,0.8167839050292969,2.8511006832122803,0.014000000432133675,7.182091716773817,-45.26310688804413,0.0,geometry_msgs/msg/Point,fpn_msgs/msg/MHEOutput
1662053641263108968,1662053641.263108969,1662053641264595264,/terrasentia/mhe_output,fpn_msgs/msg/MHEOutput,347,1662053641,263108968,builtin_interfaces/msg/Time,,std_msgs/msg/Header,1.8220198398921639e-06,0.9999876022338867,0.8208580613136292,2.870630979537964,0.014000000432133675,7.189384723555139,-45.477833102552076,0.0,geometry_msgs/msg/Point,fpn_msgs/msg/MHEOutput
1662053641467844724,1662053641.467844725,1662053641468947808,/terrasentia/mhe_output,fpn_msgs/msg/MHEOutput,348,1662053641,467844724,builtin_interfaces/msg/Time,,std_msgs/msg/Header,2.020981582973036e-06,0.999987781047821,0.8248006701469421,2.888721466064453,0.014000000432133675,7.194881916912742,-45.64455418475728,0.0,geometry_msgs/msg/Point,fpn_msgs/msg/MHEOutput
1662053641665521144,1662053641.665521145,1662053641666533728,/terrasentia/mhe_output,fpn_msgs/msg/MHEOutput,349,1662053641,665521144,builtin_interfaces/msg/Time,,std_msgs/msg/Header,2.2142589841678273e-06,0.9999873042106628,0.8286566138267517,2.8909478187561035,0.014000000432133675,7.193793487310787,-45.80546071895766,0.0,geometry_msgs/msg/Point,fpn_msgs/msg/MHEOutput
1662053641867073059,1662053641.867073059,1662053641868094336,/terrasentia/mhe_output,fpn_msgs/msg/MHEOutput,350,1662053641,867073059,builtin_interfaces/msg/Time,,std_msgs/msg/Header,2.3010923086985713e-06,0.999983549118042,0.8310983777046204,2.8884341716766357,0.014000000432133675,7.189287971182031,-45.96313677122031,0.0,geometry_msgs/msg/Point,fpn_msgs/msg/MHEOutput
1662053642061004877,1662053642.061004877,1662053642061944992,/terrasentia/mhe_output,fpn_msgs/msg/MHEOutput,351,1662053642,61004877,builtin_interfaces/msg/Time,,std_msgs/msg/Header,2.1404068775154883e-06,0.9999734163284302,0.8328327536582947,2.868596315383911,0.014000000432133675,7.178538487447023,-46.138217836265326,0.0,geometry_msgs/msg/Point,fpn_msgs/msg/MHEOutput
1662053642269774198,1662053642.269774199,1662053642271212352,/terrasentia/mhe_output,fpn_msgs/msg/MHEOutput,352,1662053642,269774198,builtin_interfaces/msg/Time,,std_msgs/msg/Header,2.2293779693427496e-06,0.983201801776886,0.8306533694267273,2.857781171798706,0.014000000432133675,7.163958378830726,-46.312897277232494,0.0,geometry_msgs/msg/Point,fpn_msgs/msg/MHEOutput
1662053642463538646,1662053642.463538647,1662053642464660480,/terrasentia/mhe_output,fpn_msgs/msg/MHEOutput,353,1662053642,463538646,builtin_interfaces/msg/Time,,std_msgs/msg/Header,2.08369920073892e-06,0.9724472761154175,0.8291176557540894,2.8410394191741943,0.014000000432133675,7.140293483277604,-46.4946909755503,0.0,geometry_msgs/msg/Point,fpn_msgs/msg/MHEOutput
1662053642669825792,1662053642.669825792,1662053642670491712,/terrasentia/mhe_output,fpn_msgs/msg/MHEOutput,354,1662053642,669825792,builtin_interfaces/msg/Time,,std_msgs/msg/Header,0.999989926815033,0.9462840557098389,1.3810592889785767,4.473249912261963,0.014000000432133675,6.7644562441711695,-47.4844012198787,0.0,geometry_msgs/msg/Point,fpn_msgs/msg/MHEOutput
1662053642863958358,1662053642.863958359,1662053642864542752,/terrasentia/mhe_output,fpn_msgs/msg/MHEOutput,355,1662053642,863958358,builtin_interfaces/msg/Time,,std_msgs/msg/Header,0.9999985694885254,4.161548713454977e-05,1.7656153440475464,4.259372711181641,0.014000000432133675,6.857944994927162,-47.74027394048607,0.0,geometry_msgs/msg/Point,fpn_msgs/msg/MHEOutput
1662053643062154054,1662053643.062154055,1662053643062845408,/terrasentia/mhe_output,fpn_msgs/msg/MHEOutput,356,1662053643,62154054,builtin_interfaces/msg/Time,,std_msgs/msg/Header,0.9999983310699463,2.751385181909427e-05,2.0108957290649414,4.334301471710205,0.014000000432133675,6.881932366955191,-47.96331664738044,0.0,geometry_msgs/msg/Point,fpn_msgs/msg/MHEOutput
1662053643265708684,1662053643.265708685,1662053643266364736,/terrasentia/mhe_output,fpn_msgs/msg/MHEOutput,357,1662053643,265708684,builtin_interfaces/msg/Time,,std_msgs/msg/Header,0.9999909996986389,0.00041172446799464524,2.158682107925415,4.36448860168457,0.014000000432133675,6.873958889836107,-48.14661563554208,0.0,geometry_msgs/msg/Point,fpn_msgs/msg/MHEOutput
1662053643468030929,1662053643.468030930,1662053643468881344,/terrasentia/mhe_output,fpn_msgs/msg/MHEOutput,358,1662053643,468030929,builtin_interfaces/msg/Time,,std_msgs/msg/Header,0.9999812841415405,0.18539009988307953,2.2590062618255615,4.469985008239746,0.014000000432133675,6.911171119511199,-48.37050155093621,0.0,geometry_msgs/msg/Point,fpn_msgs/msg/MHEOutput
1662053643666560411,1662053643.666560411,1662053643667335488,/terrasentia/mhe_output,fpn_msgs/msg/MHEOutput,359,1662053643,666560411,builtin_interfaces/msg/Time,,std_msgs/msg/Header,0.9999898672103882,0.2636161744594574,2.3269541263580322,4.525493144989014,0.014000000432133675,6.930485951262232,-48.562144442679724,0.0,geometry_msgs/msg/Point,fpn_msgs/msg/MHEOutput
1662053643863774299,1662053643.863774300,1662053643864935776,/terrasentia/mhe_output,fpn_msgs/msg/MHEOutput,360,1662053643,863774299,builtin_interfaces/msg/Time,,std_msgs/msg/Header,0.9999942779541016,0.32219648361206055,2.379223108291626,4.560592174530029,0.014000000432133675,6.9394307890286235,-48.74689858810249,0.0,geometry_msgs/msg/Point,fpn_msgs/msg/MHEOutput
1662053644065045833,1662053644.065045834,1662053644065830272,/terrasentia/mhe_output,fpn_msgs/msg/MHEOutput,361,1662053644,65045833,builtin_interfaces/msg/Time,,std_msgs/msg/Header,0.9999967217445374,0.3341514766216278,2.416407585144043,4.588473796844482,0.014000000432133675,6.930590576296714,-48.926245894291355,0.0,geometry_msgs/msg/Point,fpn_msgs/msg/MHEOutput
1662053644263884782,1662053644.263884783,1662053644264500672,/terrasentia/mhe_output,fpn_msgs/msg/MHEOutput,362,1662053644,263884782,builtin_interfaces/msg/Time,,std_msgs/msg/Header,0.9999974370002747,0.3549433946609497,2.438647747039795,4.780974388122559,0.014000000432133675,6.940951546553399,-49.07632587951654,0.0,geometry_msgs/msg/Point,fpn_msgs/msg/MHEOutput
1662053644463731288,1662053644.463731289,1662053644464423072,/terrasentia/mhe_output,fpn_msgs/msg/MHEOutput,363,1662053644,463731288,builtin_interfaces/msg/Time,,std_msgs/msg/Header,0.9999979138374329,0.21253202855587006,2.4561352729797363,4.699190139770508,0.014000000432133675,6.926113796643962,-49.2490052838528,0.0,geometry_msgs/msg/Point,fpn_msgs/msg/MHEOutput
1662053644661893367,1662053644.661893368,1662053644662443168,/terrasentia/mhe_output,fpn_msgs/msg/MHEOutput,364,1662053644,661893367,builtin_interfaces/msg/Time,,std_msgs/msg/Header,0.9999979138374329,0.15399229526519775,2.4607293605804443,4.662166118621826,0.014000000432133675,6.904885543297059,-49.42635222591789,0.0,geometry_msgs/msg/Point,fpn_msgs/msg/MHEOutput
1662053644866392135,1662053644.866392136,1662053644867136544,/terrasentia/mhe_output,fpn_msgs/msg/MHEOutput,365,1662053644,866392135,builtin_interfaces/msg/Time,,std_msgs/msg/Header,0.9999918341636658,0.14534595608711243,2.458733081817627,4.651209831237793,0.014000000432133675,6.886456189509333,-49.627082971857405,0.0,geometry_msgs/msg/Point,fpn_msgs/msg/MHEOutput
1662053645070065736,1662053645.070065737,1662053645070902528,/terrasentia/mhe_output,fpn_msgs/msg/MHEOutput,366,1662053645,70065736,builtin_interfaces/msg/Time,,std_msgs/msg/Header,0.9974525570869446,0.17863894999027252,2.461768627166748,4.657437324523926,0.014000000432133675,6.878650691455607,-49.7767556951494,0.0,geometry_msgs/msg/Point,fpn_msgs/msg/MHEOutput
1662053645264775514,1662053645.264775515,1662053645265562752,/terrasentia/mhe_output,fpn_msgs/msg/MHEOutput,367,1662053645,264775514,builtin_interfaces/msg/Time,,std_msgs/msg/Header,0.9306098222732544,0.1660444438457489,2.4694173336029053,4.653708457946777,0.014000000432133675,6.875746939674662,-49.87852158350074,0.0,geometry_msgs/msg/Point,fpn_msgs/msg/MHEOutput
1662053645468445301,1662053645.468445301,1662053645469182208,/terrasentia/mhe_output,fpn_msgs/msg/MHEOutput,368,1662053645,468445301,builtin_interfaces/msg/Time,,std_msgs/msg/Header,0.9685499668121338,0.15921930968761444,2.4799964427948,4.670910358428955,0.014000000432133675,6.881056730539916,-50.08184683666939,0.0,geometry_msgs/msg/Point,fpn_msgs/msg/MHEOutput
1662053645665963172,1662053645.665963173,1662053645666585056,/terrasentia/mhe_output,fpn_msgs/msg/MHEOutput,369,1662053645,665963172,builtin_interfaces/msg/Time,,std_msgs/msg/Header,0.9999591708183289,0.10231836885213852,2.485462188720703,4.6706109046936035,0.014000000432133675,6.872350388507642,-50.279648254537804,0.0,geometry_msgs/msg/Point,fpn_msgs/msg/MHEOutput
1662053645868502616,1662053645.868502617,1662053645869614592,/terrasentia/mhe_output,fpn_msgs/msg/MHEOutput,370,1662053645,868502616,builtin_interfaces/msg/Time,,std_msgs/msg/Header,0.9999937415122986,0.10309601575136185,2.5012083053588867,4.687965393066406,0.014000000432133675,6.882499052234761,-50.45158400855099,0.0,geometry_msgs/msg/Point,fpn_msgs/msg/MHEOutput
1662053646069037199,1662053646.069037199,1662053646070290848,/terrasentia/mhe_output,fpn_msgs/msg/MHEOutput,371,1662053646,69037199,builtin_interfaces/msg/Time,,std_msgs/msg/Header,0.9999963641166687,0.10385771095752716,2.509404420852661,4.685890197753906,0.014000000432133675,6.876905343476285,-50.62565285747837,0.0,geometry_msgs/msg/Point,fpn_msgs/msg/MHEOutput
1662053646264115810,1662053646.264115810,1662053646264636128,/terrasentia/mhe_output,fpn_msgs/msg/MHEOutput,372,1662053646,264115810,builtin_interfaces/msg/Time,,std_msgs/msg/Header,0.9999977946281433,0.10460420697927475,2.5148327350616455,4.688553333282471,0.014000000432133675,6.877446630963295,-50.8091591364355,0.0,geometry_msgs/msg/Point,fpn_msgs/msg/MHEOutput
1662053646464514493,1662053646.464514494,1662053646465227616,/terrasentia/mhe_output,fpn_msgs/msg/MHEOutput,373,1662053646,464514493,builtin_interfaces/msg/Time,,std_msgs/msg/Header,0.9999983906745911,0.10533621907234192,2.512967109680176,4.679375648498535,0.014000000432133675,6.861769544842962,-50.989232019073924,0.0,geometry_msgs/msg/Point,fpn_msgs/msg/MHEOutput
1662053646663416862,1662053646.663416862,1662053646664739776,/terrasentia/mhe_output,fpn_msgs/msg/MHEOutput,374,1662053646,663416862,builtin_interfaces/msg/Time,,std_msgs/msg/Header,0.9999979734420776,0.1060544103384018,2.50925874710083,4.674891948699951,0.014000000432133675,6.85215654049175,-51.18903412057153,0.0,geometry_msgs/msg/Point,fpn_msgs/msg/MHEOutput
1662053646868903398,1662053646.868903399,1662053646869525248,/terrasentia/mhe_output,fpn_msgs/msg/MHEOutput,375,1662053646,868903398,builtin_interfaces/msg/Time,,std_msgs/msg/Header,0.9999959468841553,0.10675938427448273,2.5004639625549316,4.677794933319092,0.014000000432133675,6.84597814314671,-51.39069251372521,0.0,geometry_msgs/msg/Point,fpn_msgs/msg/MHEOutput
1662053647068066835,1662053647.068066835,1662053647069715904,/terrasentia/mhe_output,fpn_msgs/msg/MHEOutput,376,1662053647,68066835,builtin_interfaces/msg/Time,,std_msgs/msg/Header,0.9956178069114685,0.10713522881269455,2.4942333698272705,4.676713943481445,0.014000000432133675,6.8379363055454805,-51.54387915307424,0.0,geometry_msgs/msg/Point,fpn_msgs/msg/MHEOutput
1662053647266025781,1662053647.266025782,1662053647266755904,/terrasentia/mhe_output,fpn_msgs/msg/MHEOutput,377,1662053647,266025781,builtin_interfaces/msg/Time,,std_msgs/msg/Header,0.9999845027923584,0.10829056054353714,2.490166425704956,4.677434921264648,0.014000000432133675,6.836680323343741,-51.72696695903098,0.0,geometry_msgs/msg/Point,fpn_msgs/msg/MHEOutput
1662053647465570211,1662053647.465570211,1662053647466203936,/terrasentia/mhe_output,fpn_msgs/msg/MHEOutput,378,1662053647,465570211,builtin_interfaces/msg/Time,,std_msgs/msg/Header,0.9999876618385315,0.10941397398710251,2.4909229278564453,4.686303615570068,0.014000000432133675,6.83798403928615,-51.907023725254184,0.0,geometry_msgs/msg/Point,fpn_msgs/msg/MHEOutput
1662053647665072202,1662053647.665072203,1662053647666150080,/terrasentia/mhe_output,fpn_msgs/msg/MHEOutput,379,1662053647,665072202,builtin_interfaces/msg/Time,,std_msgs/msg/Header,0.9999916553497314,0.11050741374492645,2.499516010284424,4.691220283508301,0.014000000432133675,6.8407254681730025,-52.08782768347573,0.0,geometry_msgs/msg/Point,fpn_msgs/msg/MHEOutput
1662053647867433547,1662053647.867433548,1662053647868546240,/terrasentia/mhe_output,fpn_msgs/msg/MHEOutput,380,1662053647,867433547,builtin_interfaces/msg/Time,,std_msgs/msg/Header,0.999995231628418,0.1111377701163292,2.5095839500427246,4.703965187072754,0.014000000432133675,6.847388738124265,-52.259602811701875,0.0,geometry_msgs/msg/Point,fpn_msgs/msg/MHEOutput
1662053648067966222,1662053648.067966223,1662053648069226528,/terrasentia/mhe_output,fpn_msgs/msg/MHEOutput,381,1662053648,67966222,builtin_interfaces/msg/Time,,std_msgs/msg/Header,0.9999966621398926,0.11175850033760071,2.517056465148926,4.708055019378662,0.014000000432133675,6.852868311116951,-52.433791868779565,0.0,geometry_msgs/msg/Point,fpn_msgs/msg/MHEOutput
1662053648266232252,1662053648.266232252,1662053648267213984,/terrasentia/mhe_output,fpn_msgs/msg/MHEOutput,382,1662053648,266232252,builtin_interfaces/msg/Time,,std_msgs/msg/Header,0.9999973773956299,0.11236996948719025,2.526961088180542,4.719054698944092,0.014000000432133675,6.864873841502789,-52.61063211798932,0.0,geometry_msgs/msg/Point,fpn_msgs/msg/MHEOutput
1662053648468727588,1662053648.468727589,1662053648469433536,/terrasentia/mhe_output,fpn_msgs/msg/MHEOutput,383,1662053648,468727588,builtin_interfaces/msg/Time,,std_msgs/msg/Header,0.9999977946281433,0.11297251284122467,2.53468918800354,4.7244791984558105,0.014000000432133675,6.873426889135902,-52.79211224694889,0.0,geometry_msgs/msg/Point,fpn_msgs/msg/MHEOutput
1662053648667319774,1662053648.667319775,1662053648668312960,/terrasentia/mhe_output,fpn_msgs/msg/MHEOutput,384,1662053648,667319774,builtin_interfaces/msg/Time,,std_msgs/msg/Header,0.999995768070221,0.11356665939092636,2.5405101776123047,4.738630294799805,0.014000000432133675,6.8804673082078045,-52.996621493498004,0.0,geometry_msgs/msg/Point,fpn_msgs/msg/MHEOutput
1662053648869081258,1662053648.869081259,1662053648870457152,/terrasentia/mhe_output,fpn_msgs/msg/MHEOutput,385,1662053648,869081258,builtin_interfaces/msg/Time,,std_msgs/msg/Header,0.9999203085899353,0.14403711259365082,2.54545259475708,4.813713550567627,0.014000000432133675,6.895039722290975,-53.124233818277794,0.0,geometry_msgs/msg/Point,fpn_msgs/msg/MHEOutput
1662053649066892385,1662053649.066892385,1662053649068031008,/terrasentia/mhe_output,fpn_msgs/msg/MHEOutput,386,1662053649,66892385,builtin_interfaces/msg/Time,,std_msgs/msg/Header,0.9999854564666748,0.3610377907752991,2.5458662509918213,5.09876823425293,0.014000000432133675,6.934458277970535,-53.26368005992522,0.0,geometry_msgs/msg/Point,fpn_msgs/msg/MHEOutput
1662053649268049240,1662053649.268049240,1662053649269006112,/terrasentia/mhe_output,fpn_msgs/msg/MHEOutput,387,1662053649,268049240,builtin_interfaces/msg/Time,,std_msgs/msg/Header,0.98427814245224,0.3274940550327301,2.5374035835266113,5.218264102935791,0.014000000432133675,6.97431920602789,-53.37060031423357,0.0,geometry_msgs/msg/Point,fpn_msgs/msg/MHEOutput
1662053649461363315,1662053649.461363316,1662053649462074848,/terrasentia/mhe_output,fpn_msgs/msg/MHEOutput,388,1662053649,461363315,builtin_interfaces/msg/Time,,std_msgs/msg/Header,0.9615906476974487,0.2861920893192291,2.525918960571289,5.279126167297363,0.014000000432133675,7.010774077493316,-53.481124693869745,0.0,geometry_msgs/msg/Point,fpn_msgs/msg/MHEOutput
1662053649665555953,1662053649.665555954,1662053649667412192,/terrasentia/mhe_output,fpn_msgs/msg/MHEOutput,389,1662053649,665555953,builtin_interfaces/msg/Time,,std_msgs/msg/Header,0.8764903545379639,0.2938311994075775,2.513836622238159,5.418448448181152,0.014000000432133675,7.060300967715849,-53.52481480815489,0.0,geometry_msgs/msg/Point,fpn_msgs/msg/MHEOutput
1662053649866008281,1662053649.866008282,1662053649867078624,/terrasentia/mhe_output,fpn_msgs/msg/MHEOutput,390,1662053649,866008281,builtin_interfaces/msg/Time,,std_msgs/msg/Header,0.864231288433075,0.2840711772441864,2.504896879196167,5.526453018188477,0.014000000432133675,7.127383850254868,-53.615526624308664,0.0,geometry_msgs/msg/Point,fpn_msgs/msg/MHEOutput
1662053650063235044,1662053650.063235044,1662053650064471008,/terrasentia/mhe_output,fpn_msgs/msg/MHEOutput,391,1662053650,63235044,builtin_interfaces/msg/Time,,std_msgs/msg/Header,0.8880950808525085,0.2460477650165558,2.4905717372894287,5.534985065460205,0.014000000432133675,7.179510944296131,-53.73602976112239,0.0,geometry_msgs/msg/Point,fpn_msgs/msg/MHEOutput
1662053650266508817,1662053650.266508818,1662053650267503392,/terrasentia/mhe_output,fpn_msgs/msg/MHEOutput,392,1662053650,266508817,builtin_interfaces/msg/Time,,std_msgs/msg/Header,0.8698703050613403,0.21750988066196442,2.471860408782959,5.552050590515137,0.014000000432133675,7.221753444712109,-53.812381811272594,0.0,geometry_msgs/msg/Point,fpn_msgs/msg/MHEOutput
1662053650466816425,1662053650.466816425,1662053650467553280,/terrasentia/mhe_output,fpn_msgs/msg/MHEOutput,393,1662053650,466816425,builtin_interfaces/msg/Time,,std_msgs/msg/Header,0.7548003792762756,0.19168035686016083,2.460541009902954,5.595143795013428,0.014000000432133675,7.251261369029167,-53.84633471054829,0.0,geometry_msgs/msg/Point,fpn_msgs/msg/MHEOutput
1662053650663865804,1662053650.663865805,1662053650664697792,/terrasentia/mhe_output,fpn_msgs/msg/MHEOutput,394,1662053650,663865804,builtin_interfaces/msg/Time,,std_msgs/msg/Header,0.8550967574119568,0.1953795701265335,2.4442694187164307,5.683862686157227,0.014000000432133675,7.371623602816249,-53.96361663666789,0.0,geometry_msgs/msg/Point,fpn_msgs/msg/MHEOutput
1662053650865560531,1662053650.865560532,1662053650866274336,/terrasentia/mhe_output,fpn_msgs/msg/MHEOutput,395,1662053650,865560531,builtin_interfaces/msg/Time,,std_msgs/msg/Header,0.811959981918335,0.20445750653743744,2.429658889770508,5.795353889465332,0.014000000432133675,7.442559729723588,-54.003174529337,0.0,geometry_msgs/msg/Point,fpn_msgs/msg/MHEOutput
1662053651066431999,1662053651.066431999,1662053651067319936,/terrasentia/mhe_output,fpn_msgs/msg/MHEOutput,396,1662053651,66431999,builtin_interfaces/msg/Time,,std_msgs/msg/Header,0.8944827318191528,0.21457907557487488,2.408952474594116,5.8999810218811035,0.014000000432133675,7.57532527888926,-54.09045441277756,0.0,geometry_msgs/msg/Point,fpn_msgs/msg/MHEOutput
1662053651265348434,1662053651.265348434,1662053651266464928,/terrasentia/mhe_output,fpn_msgs/msg/MHEOutput,397,1662053651,265348434,builtin_interfaces/msg/Time,,std_msgs/msg/Header,0.8228312730789185,0.23302024602890015,2.398289680480957,6.038463592529297,0.014000000432133675,7.641836622898384,-54.10460342800167,0.0,geometry_msgs/msg/Point,fpn_msgs/msg/MHEOutput
1662053651465838193,1662053651.465838194,1662053651466581760,/terrasentia/mhe_output,fpn_msgs/msg/MHEOutput,398,1662053651,465838193,builtin_interfaces/msg/Time,,std_msgs/msg/Header,0.8828948736190796,0.25707748532295227,2.396416664123535,6.204331398010254,0.014000000432133675,7.786136009277534,-54.13153281779705,0.0,geometry_msgs/msg/Point,fpn_msgs/msg/MHEOutput
1662053651666868448,1662053651.666868448,1662053651668002496,/terrasentia/mhe_output,fpn_msgs/msg/MHEOutput,399,1662053651,666868448,builtin_interfaces/msg/Time,,std_msgs/msg/Header,0.9412294626235962,0.27013006806373596,2.390641212463379,6.216104507446289,0.014000000432133675,7.964232890966429,-54.146496000743475,0.0,geometry_msgs/msg/Point,fpn_msgs/msg/MHEOutput
1662053651866574525,1662053651.866574526,1662053651867803776,/terrasentia/mhe_output,fpn_msgs/msg/MHEOutput,400,1662053651,866574525,builtin_interfaces/msg/Time,,std_msgs/msg/Header,0.9320704936981201,0.2757564187049866,2.3914613723754883,6.2310895919799805,0.014000000432133675,8.1200350464124,-54.14675974327714,0.0,geometry_msgs/msg/Point,fpn_msgs/msg/MHEOutput
1662053652065068006,1662053652.065068007,1662053652065721472,/terrasentia/mhe_output,fpn_msgs/msg/MHEOutput,401,1662053652,65068006,builtin_interfaces/msg/Time,,std_msgs/msg/Header,0.9265239834785461,0.2708171606063843,2.401252031326294,6.247147083282471,0.014000000432133675,8.28364825346881,-54.142280357679965,0.0,geometry_msgs/msg/Point,fpn_msgs/msg/MHEOutput
1662053652266917705,1662053652.266917706,1662053652267655776,/terrasentia/mhe_output,fpn_msgs/msg/MHEOutput,402,1662053652,266917705,builtin_interfaces/msg/Time,,std_msgs/msg/Header,0.8932070136070251,0.2754259705543518,2.4079108238220215,6.25264835357666,0.014000000432133675,8.392252500923115,-54.134320952598735,0.0,geometry_msgs/msg/Point,fpn_msgs/msg/MHEOutput
1662053652464313507,1662053652.464313507,1662053652465140192,/terrasentia/mhe_output,fpn_msgs/msg/MHEOutput,403,1662053652,464313507,builtin_interfaces/msg/Time,,std_msgs/msg/Header,0.9217116236686707,0.27913111448287964,2.422973394393921,6.2839436531066895,0.014000000432133675,8.579157683364192,-54.11472059597941,0.0,geometry_msgs/msg/Point,fpn_msgs/msg/MHEOutput
1662053652665982246,1662053652.665982246,1662053652666872352,/terrasentia/mhe_output,fpn_msgs/msg/MHEOutput,404,1662053652,665982246,builtin_interfaces/msg/Time,,std_msgs/msg/Header,0.9887772798538208,0.32599371671676636,2.4375925064086914,6.312597751617432,0.014000000432133675,8.78815113039426,-54.079835878323,0.0,geometry_msgs/msg/Point,fpn_msgs/msg/MHEOutput
1662053652868238687,1662053652.868238688,1662053652868970048,/terrasentia/mhe_output,fpn_msgs/msg/MHEOutput,405,1662053652,868238687,builtin_interfaces/msg/Time,,std_msgs/msg/Header,0.9999507069587708,0.35035398602485657,2.4520609378814697,6.332551956176758,0.014000000432133675,8.976005949605657,-54.05528632244677,0.0,geometry_msgs/msg/Point,fpn_msgs/msg/MHEOutput
1662053653066757440,1662053653.066757441,1662053653068076384,/terrasentia/mhe_output,fpn_msgs/msg/MHEOutput,406,1662053653,66757440,builtin_interfaces/msg/Time,,std_msgs/msg/Header,0.9999927282333374,0.3504207134246826,2.463000774383545,6.348055362701416,0.014000000432133675,9.144054142031864,-54.02589811735489,0.0,geometry_msgs/msg/Point,fpn_msgs/msg/MHEOutput
1662053653268293142,1662053653.268293142,1662053653271340096,/terrasentia/mhe_output,fpn_msgs/msg/MHEOutput,407,1662053653,268293142,builtin_interfaces/msg/Time,,std_msgs/msg/Header,0.9956496357917786,0.35048043727874756,2.4702134132385254,6.3689422607421875,0.014000000432133675,9.29033650119784,-53.994983930363595,0.0,geometry_msgs/msg/Point,fpn_msgs/msg/MHEOutput
1662053653464159011,1662053653.464159012,1662053653465044608,/terrasentia/mhe_output,fpn_msgs/msg/MHEOutput,408,1662053653,464159011,builtin_interfaces/msg/Time,,std_msgs/msg/Header,0.999988317489624,0.3505949378013611,2.481096029281616,6.403162479400635,0.014000000432133675,9.46930761752661,-53.939681979535486,0.0,geometry_msgs/msg/Point,fpn_msgs/msg/MHEOutput
1662053653660717725,1662053653.660717726,1662053653661504576,/terrasentia/mhe_output,fpn_msgs/msg/MHEOutput,409,1662053653,660717725,builtin_interfaces/msg/Time,,std_msgs/msg/Header,0.9999977350234985,0.35070928931236267,2.485790729522705,6.417760848999023,0.014000000432133675,9.648664381634907,-53.90335744284072,0.0,geometry_msgs/msg/Point,fpn_msgs/msg/MHEOutput
1662053653863204717,1662053653.863204718,1662053653863907936,/terrasentia/mhe_output,fpn_msgs/msg/MHEOutput,410,1662053653,863204717,builtin_interfaces/msg/Time,,std_msgs/msg/Header,0.9999971985816956,0.3508238196372986,2.487426280975342,6.5198588371276855,0.014000000432133675,9.847854715859704,-53.85288563702477,0.0,geometry_msgs/msg/Point,fpn_msgs/msg/MHEOutput
1662053654066608905,1662053654.066608906,1662053654067370656,/terrasentia/mhe_output,fpn_msgs/msg/MHEOutput,411,1662053654,66608905,builtin_interfaces/msg/Time,,std_msgs/msg/Header,0.9999976754188538,0.6789719462394714,2.4835357666015625,6.944663047790527,0.014000000432133675,9.98062497739818,-53.77075449499322,0.0,geometry_msgs/msg/Point,fpn_msgs/msg/MHEOutput
1662053654265394449,1662053654.265394449,1662053654267088832,/terrasentia/mhe_output,fpn_msgs/msg/MHEOutput,412,1662053654,265394449,builtin_interfaces/msg/Time,,std_msgs/msg/Header,0.9999958872795105,0.4803496301174164,2.4832327365875244,7.045762538909912,0.014000000432133675,10.094177434148238,-53.70062222060175,0.0,geometry_msgs/msg/Point,fpn_msgs/msg/MHEOutput
1662053654466154098,1662053654.466154099,1662053654467382048,/terrasentia/mhe_output,fpn_msgs/msg/MHEOutput,413,1662053654,466154098,builtin_interfaces/msg/Time,,std_msgs/msg/Header,0.9999822974205017,0.3735731542110443,2.470606803894043,7.088799476623535,0.014000000432133675,10.203040869335755,-53.64586014374979,0.0,geometry_msgs/msg/Point,fpn_msgs/msg/MHEOutput
1662053654662905454,1662053654.662905455,1662053654663566976,/terrasentia/mhe_output,fpn_msgs/msg/MHEOutput,414,1662053654,662905454,builtin_interfaces/msg/Time,,std_msgs/msg/Header,0.9999927282333374,0.32613739371299744,2.454271078109741,7.001061916351318,0.014000000432133675,10.346105105328114,-53.55909560312106,0.0,geometry_msgs/msg/Point,fpn_msgs/msg/MHEOutput
1662053654866472005,1662053654.866472006,1662053654867506400,/terrasentia/mhe_output,fpn_msgs/msg/MHEOutput,415,1662053654,866472005,builtin_interfaces/msg/Time,,std_msgs/msg/Header,0.9136813879013062,0.3079873025417328,2.4392898082733154,6.970108509063721,0.014000000432133675,10.455984665199356,-53.491230259521686,0.0,geometry_msgs/msg/Point,fpn_msgs/msg/MHEOutput
1662053655066140651,1662053655.066140652,1662053655066847744,/terrasentia/mhe_output,fpn_msgs/msg/MHEOutput,416,1662053655,66140651,builtin_interfaces/msg/Time,,std_msgs/msg/Header,0.9183505773544312,0.2869093716144562,2.4306671619415283,6.957629203796387,0.014000000432133675,10.592090701982084,-53.39233147194752,0.0,geometry_msgs/msg/Point,fpn_msgs/msg/MHEOutput
1662053655260204792,1662053655.260204792,1662053655261023680,/terrasentia/mhe_output,fpn_msgs/msg/MHEOutput,417,1662053655,260204792,builtin_interfaces/msg/Time,,std_msgs/msg/Header,0.8646361827850342,0.2738076150417328,2.419290781021118,6.946628093719482,0.014000000432133675,10.672378228252349,-53.33318671112192,0.0,geometry_msgs/msg/Point,fpn_msgs/msg/MHEOutput
1662053655460822582,1662053655.460822582,1662053655461449792,/terrasentia/mhe_output,fpn_msgs/msg/MHEOutput,418,1662053655,460822582,builtin_interfaces/msg/Time,,std_msgs/msg/Header,0.9774461388587952,0.2685708701610565,2.4115724563598633,6.954976558685303,0.014000000432133675,10.858227204908731,-53.17566189859629,0.0,geometry_msgs/msg/Point,fpn_msgs/msg/MHEOutput
1662053655662064075,1662053655.662064075,1662053655662711040,/terrasentia/mhe_output,fpn_msgs/msg/MHEOutput,419,1662053655,662064075,builtin_interfaces/msg/Time,,std_msgs/msg/Header,0.9999947547912598,0.3449742794036865,2.409528970718384,7.044769763946533,0.014000000432133675,10.973106679809256,-53.031048010496605,0.0,geometry_msgs/msg/Point,fpn_msgs/msg/MHEOutput
1662053655862938642,1662053655.862938643,1662053655863875520,/terrasentia/mhe_output,fpn_msgs/msg/MHEOutput,420,1662053655,862938642,builtin_interfaces/msg/Time,,std_msgs/msg/Header,0.99997478723526,0.4135558009147644,2.4143524169921875,7.283235549926758,0.014000000432133675,11.038420490319165,-52.92044168194088,0.0,geometry_msgs/msg/Point,fpn_msgs/msg/MHEOutput
1662053656067448377,1662053656.067448378,1662053656068228352,/terrasentia/mhe_output,fpn_msgs/msg/MHEOutput,421,1662053656,67448377,builtin_interfaces/msg/Time,,std_msgs/msg/Header,0.9999920129776001,0.464274525642395,2.427051067352295,7.564828872680664,0.014000000432133675,11.092441456793589,-52.77541682679685,0.0,geometry_msgs/msg/Point,fpn_msgs/msg/MHEOutput
1662053656266495466,1662053656.266495466,1662053656267188640,/terrasentia/mhe_output,fpn_msgs/msg/MHEOutput,422,1662053656,266495466,builtin_interfaces/msg/Time,,std_msgs/msg/Header,0.9999946355819702,0.3681926131248474,2.436047315597534,7.471917629241943,0.014000000432133675,11.167294987387152,-52.616292354528746,0.0,geometry_msgs/msg/Point,fpn_msgs/msg/MHEOutput
1662053656467299222,1662053656.467299223,1662053656468235104,/terrasentia/mhe_output,fpn_msgs/msg/MHEOutput,423,1662053656,467299222,builtin_interfaces/msg/Time,,std_msgs/msg/Header,0.9999966621398926,0.3258034288883209,2.4392664432525635,7.439177989959717,0.014000000432133675,11.249394791933534,-52.454434275885,0.0,geometry_msgs/msg/Point,fpn_msgs/msg/MHEOutput
1662053656661170959,1662053656.661170959,1662053656661998656,/terrasentia/mhe_output,fpn_msgs/msg/MHEOutput,424,1662053656,661170959,builtin_interfaces/msg/Time,,std_msgs/msg/Header,0.999997615814209,0.3248642385005951,2.4319095611572266,7.445444107055664,0.014000000432133675,11.321080516192342,-52.28928686233528,0.0,geometry_msgs/msg/Point,fpn_msgs/msg/MHEOutput
1662053656869164943,1662053656.869164944,1662053656870365600,/terrasentia/mhe_output,fpn_msgs/msg/MHEOutput,425,1662053656,869164943,builtin_interfaces/msg/Time,,std_msgs/msg/Header,0.9998887181282043,0.3054414987564087,2.4186835289001465,7.554210662841797,0.014000000432133675,11.39712483459828,-52.153371949761954,0.0,geometry_msgs/msg/Point,fpn_msgs/msg/MHEOutput
1662053657062722206,1662053657.062722206,1662053657063930304,/terrasentia/mhe_output,fpn_msgs/msg/MHEOutput,426,1662053657,62722206,builtin_interfaces/msg/Time,,std_msgs/msg/Header,0.9999349117279053,0.2951967418193817,2.404155969619751,7.686251640319824,0.014000000432133675,11.430490409588051,-52.030197629253905,0.0,geometry_msgs/msg/Point,fpn_msgs/msg/MHEOutput
1662053657267378091,1662053657.267378092,1662053657268274816,/terrasentia/mhe_output,fpn_msgs/msg/MHEOutput,427,1662053657,267378091,builtin_interfaces/msg/Time,,std_msgs/msg/Header,0.9999927878379822,0.32319456338882446,2.3957695960998535,7.705232620239258,0.014000000432133675,11.466888075552093,-51.85626426139575,0.0,geometry_msgs/msg/Point,fpn_msgs/msg/MHEOutput
1662053657468192577,1662053657.468192577,1662053657469418496,/terrasentia/mhe_output,fpn_msgs/msg/MHEOutput,428,1662053657,468192577,builtin_interfaces/msg/Time,,std_msgs/msg/Header,0.999992847442627,0.32695624232292175,2.3976385593414307,7.722565650939941,0.014000000432133675,11.496183547035892,-51.65855335918988,0.0,geometry_msgs/msg/Point,fpn_msgs/msg/MHEOutput
1662053657667021989,1662053657.667021990,1662053657668562624,/terrasentia/mhe_output,fpn_msgs/msg/MHEOutput,429,1662053657,667021989,builtin_interfaces/msg/Time,,std_msgs/msg/Header,0.9999961853027344,0.3392968773841858,2.4028844833374023,7.737090110778809,0.014000000432133675,11.51059600076652,-51.473177269993236,0.0,geometry_msgs/msg/Point,fpn_msgs/msg/MHEOutput
1662053657866716384,1662053657.866716385,1662053657868338720,/terrasentia/mhe_output,fpn_msgs/msg/MHEOutput,430,1662053657,866716384,builtin_interfaces/msg/Time,,std_msgs/msg/Header,0.9999974966049194,0.33126577734947205,2.4043784141540527,7.743178367614746,0.014000000432133675,11.525856721714566,-51.28679196364549,0.0,geometry_msgs/msg/Point,fpn_msgs/msg/MHEOutput
1662053658066860914,1662053658.066860914,1662053658067688704,/terrasentia/mhe_output,fpn_msgs/msg/MHEOutput,431,1662053658,66860914,builtin_interfaces/msg/Time,,std_msgs/msg/Header,0.9999982118606567,0.3183894753456116,2.402350664138794,7.750622272491455,0.014000000432133675,11.538922961447723,-51.100283193459475,0.0,geometry_msgs/msg/Point,fpn_msgs/msg/MHEOutput
1662053658266006708,1662053658.266006708,1662053658267459648,/terrasentia/mhe_output,fpn_msgs/msg/MHEOutput,432,1662053658,266006708,builtin_interfaces/msg/Time,,std_msgs/msg/Header,0.9999978542327881,0.36812734603881836,2.3956797122955322,7.767033576965332,0.014000000432133675,11.543551734505742,-50.935888069114924,0.0,geometry_msgs/msg/Point,fpn_msgs/msg/MHEOutput
1662053658461369276,1662053658.461369276,1662053658462293248,/terrasentia/mhe_output,fpn_msgs/msg/MHEOutput,433,1662053658,461369276,builtin_interfaces/msg/Time,,std_msgs/msg/Header,0.9999975562095642,0.4823404550552368,2.3961687088012695,7.797804832458496,0.014000000432133675,11.53583814616327,-50.72503468008781,0.0,geometry_msgs/msg/Point,fpn_msgs/msg/MHEOutput
1662053658663254976,1662053658.663254976,1662053658664275680,/terrasentia/mhe_output,fpn_msgs/msg/MHEOutput,434,1662053658,663254976,builtin_interfaces/msg/Time,,std_msgs/msg/Header,0.9999971985816956,0.4823490381240845,2.40447735786438,7.829437732696533,0.014000000432133675,11.518795115070782,-50.515741686037394,0.0,geometry_msgs/msg/Point,fpn_msgs/msg/MHEOutput
1662053658863374233,1662053658.863374233,1662053658864178720,/terrasentia/mhe_output,fpn_msgs/msg/MHEOutput,435,1662053658,863374233,builtin_interfaces/msg/Time,,std_msgs/msg/Header,0.9999974966049194,0.48235762119293213,2.406994342803955,7.850409030914307,0.014000000432133675,11.497659526032011,-50.31973003512046,0.0,geometry_msgs/msg/Point,fpn_msgs/msg/MHEOutput
1662053659066729545,1662053659.066729546,1662053659067344992,/terrasentia/mhe_output,fpn_msgs/msg/MHEOutput,436,1662053659,66729545,builtin_interfaces/msg/Time,,std_msgs/msg/Header,0.9999977350234985,0.48236608505249023,2.4099314212799072,7.733943939208984,0.014000000432133675,11.476095721092682,-50.13667824316704,0.0,geometry_msgs/msg/Point,fpn_msgs/msg/MHEOutput
1662053659265267610,1662053659.265267611,1662053659266041632,/terrasentia/mhe_output,fpn_msgs/msg/MHEOutput,437,1662053659,265267610,builtin_interfaces/msg/Time,,std_msgs/msg/Header,0.9999963641166687,0.004332953132688999,2.4055380821228027,7.911787986755371,0.014000000432133675,11.430750030802693,-49.96439291674299,0.0,geometry_msgs/msg/Point,fpn_msgs/msg/MHEOutput
1662053659466961145,1662053659.466961145,1662053659468008128,/terrasentia/mhe_output,fpn_msgs/msg/MHEOutput,438,1662053659,466961145,builtin_interfaces/msg/Time,,std_msgs/msg/Header,0.9999974370002747,1.8438617189531215e-05,2.376511335372925,7.967853546142578,0.014000000432133675,11.363413344844187,-49.776576873986095,0.0,geometry_msgs/msg/Point,fpn_msgs/msg/MHEOutput
1662053659661390781,1662053659.661390781,1662053659662167488,/terrasentia/mhe_output,fpn_msgs/msg/MHEOutput,439,1662053659,661390781,builtin_interfaces/msg/Time,,std_msgs/msg/Header,0.999998152256012,2.0570641936501488e-05,2.3598873615264893,7.988816738128662,0.014000000432133675,11.32026090354332,-49.582789590622546,0.0,geometry_msgs/msg/Point,fpn_msgs/msg/MHEOutput
1662053659866837978,1662053659.866837978,1662053659869099072,/terrasentia/mhe_output,fpn_msgs/msg/MHEOutput,440,1662053659,866837978,builtin_interfaces/msg/Time,,std_msgs/msg/Header,0.9999975562095642,2.3762664568494074e-05,2.3594284057617188,8.012730598449707,0.014000000432133675,11.268860479478962,-49.36569500443316,0.0,geometry_msgs/msg/Point,fpn_msgs/msg/MHEOutput
1662053660061550855,1662053660.061550856,1662053660062773120,/terrasentia/mhe_output,fpn_msgs/msg/MHEOutput,441,1662053660,61550855,builtin_interfaces/msg/Time,,std_msgs/msg/Header,0.9999977946281433,3.2439082133350894e-05,2.360694408416748,8.036430358886719,0.014000000432133675,11.214632448932008,-49.177779822409555,0.0,geometry_msgs/msg/Point,fpn_msgs/msg/MHEOutput
1662053660260815382,1662053660.260815382,1662053660261706912,/terrasentia/mhe_output,fpn_msgs/msg/MHEOutput,442,1662053660,260815382,builtin_interfaces/msg/Time,,std_msgs/msg/Header,0.9999980926513672,5.9985391999362037e-05,2.362516403198242,8.059640884399414,0.014000000432133675,11.155870917605457,-48.99424348539855,0.0,geometry_msgs/msg/Point,fpn_msgs/msg/MHEOutput
1662053660466628074,1662053660.466628075,1662053660467086592,/terrasentia/mhe_output,fpn_msgs/msg/MHEOutput,443,1662053660,466628074,builtin_interfaces/msg/Time,,std_msgs/msg/Header,0.9999982714653015,0.00029528536833822727,2.3610565662384033,8.075599670410156,0.014000000432133675,11.100385732205893,-48.80982521106765,0.0,geometry_msgs/msg/Point,fpn_msgs/msg/MHEOutput
1662053660667230129,1662053660.667230129,1662053660668027072,/terrasentia/mhe_output,fpn_msgs/msg/MHEOutput,444,1662053660,667230129,builtin_interfaces/msg/Time,,std_msgs/msg/Header,0.9999983310699463,0.01915469765663147,2.35159969329834,8.087942123413086,0.014000000432133675,11.043736221719671,-48.65070478751798,0.0,geometry_msgs/msg/Point,fpn_msgs/msg/MHEOutput
1662053660864047765,1662053660.864047766,1662053660865058176,/terrasentia/mhe_output,fpn_msgs/msg/MHEOutput,445,1662053660,864047765,builtin_interfaces/msg/Time,,std_msgs/msg/Header,0.999990701675415,0.1129770427942276,2.3491406440734863,8.009406089782715,0.014000000432133675,11.009591217928955,-48.49633014063455,0.0,geometry_msgs/msg/Point,fpn_msgs/msg/MHEOutput
1662053661064563989,1662053661.064563990,1662053661066061024,/terrasentia/mhe_output,fpn_msgs/msg/MHEOutput,446,1662053661,64563989,builtin_interfaces/msg/Time,,std_msgs/msg/Header,0.9999875426292419,0.17141537368297577,2.3809566497802734,7.891766548156738,0.014000000432133675,10.98125899142316,-48.33925282945475,0.0,geometry_msgs/msg/Point,fpn_msgs/msg/MHEOutput
1662053661267021894,1662053661.267021894,1662053661268177824,/terrasentia/mhe_output,fpn_msgs/msg/MHEOutput,447,1662053661,267021894,builtin_interfaces/msg/Time,,std_msgs/msg/Header,0.999996542930603,0.170106440782547,2.404601812362671,7.9291300773620605,0.014000000432133675,10.92767131430313,-48.14337756407351,0.0,geometry_msgs/msg/Point,fpn_msgs/msg/MHEOutput
1662053661461387157,1662053661.461387157,1662053661462340928,/terrasentia/mhe_output,fpn_msgs/msg/MHEOutput,448,1662053661,461387157,builtin_interfaces/msg/Time,,std_msgs/msg/Header,0.999997615814209,0.14776930212974548,2.425931453704834,7.986294746398926,0.014000000432133675,10.862270511920078,-47.95489401521741,0.0,geometry_msgs/msg/Point,fpn_msgs/msg/MHEOutput
1662053661662598371,1662053661.662598372,1662053661663635296,/terrasentia/mhe_output,fpn_msgs/msg/MHEOutput,449,1662053661,662598371,builtin_interfaces/msg/Time,,std_msgs/msg/Header,0.9999979734420776,0.11741382628679276,2.4414823055267334,8.04591178894043,0.014000000432133675,10.784731126400002,-47.76838483843807,0.0,geometry_msgs/msg/Point,fpn_msgs/msg/MHEOutput
1662053661867393732,1662053661.867393732,1662053661868414336,/terrasentia/mhe_output,fpn_msgs/msg/MHEOutput,450,1662053661,867393732,builtin_interfaces/msg/Time,,std_msgs/msg/Header,0.9999982118606567,0.13753774762153625,2.4522950649261475,8.044563293457031,0.014000000432133675,10.742764899216482,-47.5791044152442,0.0,geometry_msgs/msg/Point,fpn_msgs/msg/MHEOutput
1662053662063540935,1662053662.063540936,1662053662063977600,/terrasentia/mhe_output,fpn_msgs/msg/MHEOutput,451,1662053662,63540935,builtin_interfaces/msg/Time,,std_msgs/msg/Header,0.9999983310699463,0.16201242804527283,2.457157850265503,8.037357330322266,0.014000000432133675,10.707924773195336,-47.38840236334197,0.0,geometry_msgs/msg/Point,fpn_msgs/msg/MHEOutput
1662053662266924858,1662053662.266924858,1662053662267845024,/terrasentia/mhe_output,fpn_msgs/msg/MHEOutput,452,1662053662,266924858,builtin_interfaces/msg/Time,,std_msgs/msg/Header,0.9999983906745911,0.1522350162267685,2.4659602642059326,8.041350364685059,0.014000000432133675,10.66593090524897,-47.19682015120836,0.0,geometry_msgs/msg/Point,fpn_msgs/msg/MHEOutput
1662053662463024616,1662053662.463024616,1662053662464180832,/terrasentia/mhe_output,fpn_msgs/msg/MHEOutput,453,1662053662,463024616,builtin_interfaces/msg/Time,,std_msgs/msg/Header,0.999997079372406,0.12556223571300507,2.464919090270996,8.03109359741211,0.014000000432133675,10.629021361839307,-46.98405093921441,0.0,geometry_msgs/msg/Point,fpn_msgs/msg/MHEOutput
1662053662667879104,1662053662.667879105,1662053662668760384,/terrasentia/mhe_output,fpn_msgs/msg/MHEOutput,454,1662053662,667879104,builtin_interfaces/msg/Time,,std_msgs/msg/Header,0.9999968409538269,0.1260126531124115,2.4641058444976807,8.030441284179688,0.014000000432133675,10.597255607940046,-46.796087997345126,0.0,geometry_msgs/msg/Point,fpn_msgs/msg/MHEOutput
1662053662863991260,1662053662.863991261,1662053662864540992,/terrasentia/mhe_output,fpn_msgs/msg/MHEOutput,455,1662053662,863991260,builtin_interfaces/msg/Time,,std_msgs/msg/Header,0.9999969601631165,0.126459002494812,2.459665298461914,8.023966789245605,0.014000000432133675,10.573473998299617,-46.61176177256856,0.0,geometry_msgs/msg/Point,fpn_msgs/msg/MHEOutput
1662053663069096565,1662053663.069096565,1662053663070123520,/terrasentia/mhe_output,fpn_msgs/msg/MHEOutput,456,1662053663,69096565,builtin_interfaces/msg/Time,,std_msgs/msg/Header,0.9999970197677612,0.12690140306949615,2.4518368244171143,8.015236854553223,0.014000000432133675,10.551598064865058,-46.426076953626215,0.0,geometry_msgs/msg/Point,fpn_msgs/msg/MHEOutput
1662053663268724679,1662053663.268724680,1662053663269643072,/terrasentia/mhe_output,fpn_msgs/msg/MHEOutput,457,1662053663,268724679,builtin_interfaces/msg/Time,,std_msgs/msg/Header,0.9999834299087524,0.12763892114162445,2.455406904220581,8.001249313354492,0.014000000432133675,10.539762418032986,-46.261998258319565,0.0,geometry_msgs/msg/Point,fpn_msgs/msg/MHEOutput
1662053663461640119,1662053663.461640120,1662053663462387328,/terrasentia/mhe_output,fpn_msgs/msg/MHEOutput,458,1662053663,461640119,builtin_interfaces/msg/Time,,std_msgs/msg/Header,0.9999937415122986,0.12836512923240662,2.4580721855163574,8.007922172546387,0.014000000432133675,10.502148636819097,-46.08084552461383,0.0,geometry_msgs/msg/Point,fpn_msgs/msg/MHEOutput
1662053663667896270,1662053663.667896271,1662053663668538016,/terrasentia/mhe_output,fpn_msgs/msg/MHEOutput,459,1662053663,667896270,builtin_interfaces/msg/Time,,std_msgs/msg/Header,0.9999944567680359,0.12879125773906708,2.4526681900024414,7.9960432052612305,0.014000000432133675,10.488655464055205,-45.90103894743674,0.0,geometry_msgs/msg/Point,fpn_msgs/msg/MHEOutput
1662053663867552995,1662053663.867552996,1662053663868495456,/terrasentia/mhe_output,fpn_msgs/msg/MHEOutput,460,1662053663,867552995,builtin_interfaces/msg/Time,,std_msgs/msg/Header,0.9999955296516418,0.12921388447284698,2.4467904567718506,7.999850749969482,0.014999999664723873,10.458853225474824,-45.72307731868201,0.0,geometry_msgs/msg/Point,fpn_msgs/msg/MHEOutput
1662053664066807031,1662053664.066807032,1662053664067606144,/terrasentia/mhe_output,fpn_msgs/msg/MHEOutput,461,1662053664,66807031,builtin_interfaces/msg/Time,,std_msgs/msg/Header,0.9999966621398926,0.1296330988407135,2.4448466300964355,7.995602130889893,0.014999999664723873,10.438211386562966,-45.541375549424814,0.0,geometry_msgs/msg/Point,fpn_msgs/msg/MHEOutput
1662053664267918586,1662053664.267918587,1662053664268747200,/terrasentia/mhe_output,fpn_msgs/msg/MHEOutput,462,1662053664,267918586,builtin_interfaces/msg/Time,,std_msgs/msg/Header,0.9999973177909851,0.1300489753484726,2.448702335357666,8.016568183898926,0.014000000432133675,10.387314700240678,-45.36509081108036,0.0,geometry_msgs/msg/Point,fpn_msgs/msg/MHEOutput
1662053664468228578,1662053664.468228579,1662053664469226496,/terrasentia/mhe_output,fpn_msgs/msg/MHEOutput,463,1662053664,468228578,builtin_interfaces/msg/Time,,std_msgs/msg/Header,0.9999977350234985,0.13046157360076904,2.456989288330078,8.040811538696289,0.014000000432133675,10.328214580678992,-45.191699484326456,0.0,geometry_msgs/msg/Point,fpn_msgs/msg/MHEOutput
1662053664667859792,1662053664.667859793,1662053664668668352,/terrasentia/mhe_output,fpn_msgs/msg/MHEOutput,464,1662053664,667859792,builtin_interfaces/msg/Time,,std_msgs/msg/Header,0.9999979138374329,0.13087098300457,2.4678568840026855,8.065043449401855,0.014000000432133675,10.267393749209267,-45.02306989945224,0.0,geometry_msgs/msg/Point,fpn_msgs/msg/MHEOutput
1662053664862238883,1662053664.862238884,1662053664863179680,/terrasentia/mhe_output,fpn_msgs/msg/MHEOutput,465,1662053664,862238883,builtin_interfaces/msg/Time,,std_msgs/msg/Header,0.9999960660934448,0.13127724826335907,2.4804494380950928,8.102848052978516,0.014000000432133675,10.185879985617198,-44.83576156023647,0.0,geometry_msgs/msg/Point,fpn_msgs/msg/MHEOutput
1662053665068772077,1662053665.068772078,1662053665069864032,/terrasentia/mhe_output,fpn_msgs/msg/MHEOutput,466,1662053665,68772077,builtin_interfaces/msg/Time,,std_msgs/msg/Header,0.9999961853027344,0.1316804587841034,2.503070592880249,8.143421173095703,0.014000000432133675,10.105620688933131,-44.67712729361252,0.0,geometry_msgs/msg/Point,fpn_msgs/msg/MHEOutput
1662053665267786026,1662053665.267786026,1662053665268698208,/terrasentia/mhe_output,fpn_msgs/msg/MHEOutput,467,1662053665,267786026,builtin_interfaces/msg/Time,,std_msgs/msg/Header,0.9999962449073792,0.13208065927028656,2.514760732650757,8.152142524719238,0.014000000432133675,10.046893028102662,-44.50188567151242,0.0,geometry_msgs/msg/Point,fpn_msgs/msg/MHEOutput
1662053665467802762,1662053665.467802763,1662053665469082368,/terrasentia/mhe_output,fpn_msgs/msg/MHEOutput,468,1662053665,467802762,builtin_interfaces/msg/Time,,std_msgs/msg/Header,0.9999959468841553,0.13247792422771454,2.5232927799224854,8.160059928894043,0.014000000432133675,9.988104085611456,-44.328959558666995,0.0,geometry_msgs/msg/Point,fpn_msgs/msg/MHEOutput
1662053665667639732,1662053665.667639732,1662053665668301216,/terrasentia/mhe_output,fpn_msgs/msg/MHEOutput,469,1662053665,667639732,builtin_interfaces/msg/Time,,std_msgs/msg/Header,0.9999961853027344,0.13287298381328583,2.5121891498565674,8.116202354431152,0.014000000432133675,9.949581078150866,-44.149663006275844,0.0,geometry_msgs/msg/Point,fpn_msgs/msg/MHEOutput
1662053665868131637,1662053665.868131638,1662053665869119136,/terrasentia/mhe_output,fpn_msgs/msg/MHEOutput,470,1662053665,868131637,builtin_interfaces/msg/Time,,std_msgs/msg/Header,0.9999964237213135,0.09248794615268707,2.500469446182251,8.071694374084473,0.014000000432133675,9.92301131052569,-43.99795746618023,0.0,geometry_msgs/msg/Point,fpn_msgs/msg/MHEOutput
1662053666060997724,1662053666.060997725,1662053666061700192,/terrasentia/mhe_output,fpn_msgs/msg/MHEOutput,471,1662053666,60997724,builtin_interfaces/msg/Time,,std_msgs/msg/Header,0.9999967217445374,0.11297771334648132,2.49251389503479,8.054815292358398,0.014000000432133675,9.886775184707506,-43.81461227515223,0.0,geometry_msgs/msg/Point,fpn_msgs/msg/MHEOutput
1662053666260555028,1662053666.260555029,1662053666261282624,/terrasentia/mhe_output,fpn_msgs/msg/MHEOutput,472,1662053666,260555028,builtin_interfaces/msg/Time,,std_msgs/msg/Header,0.9999966025352478,0.12507662177085876,2.4841208457946777,8.036466598510742,0.014000000432133675,9.861515665982052,-43.62883642463225,0.0,geometry_msgs/msg/Point,fpn_msgs/msg/MHEOutput
1662053666462257146,1662053666.462257147,1662053666463055936,/terrasentia/mhe_output,fpn_msgs/msg/MHEOutput,473,1662053666,462257146,builtin_interfaces/msg/Time,,std_msgs/msg/Header,0.9999970197677612,0.14002349972724915,2.475227117538452,8.022879600524902,0.014999999664723873,9.838242814054912,-43.44694993929417,0.0,geometry_msgs/msg/Point,fpn_msgs/msg/MHEOutput
1662053666662291049,1662053666.662291050,1662053666663106176,/terrasentia/mhe_output,fpn_msgs/msg/MHEOutput,474,1662053666,662291049,builtin_interfaces/msg/Time,,std_msgs/msg/Header,0.999989926815033,0.12815363705158234,2.4666707515716553,8.038439750671387,0.014999999664723873,9.804093820213103,-43.308275729021055,0.0,geometry_msgs/msg/Point,fpn_msgs/msg/MHEOutput
1662053666862563371,1662053666.862563372,1662053666863401920,/terrasentia/mhe_output,fpn_msgs/msg/MHEOutput,475,1662053666,862563371,builtin_interfaces/msg/Time,,std_msgs/msg/Header,0.9999925494194031,0.13305920362472534,2.458516836166382,8.028576850891113,0.014999999664723873,9.783834837317087,-43.14985442216978,0.0,geometry_msgs/msg/Point,fpn_msgs/msg/MHEOutput
1662053667066776752,1662053667.066776752,1662053667067553024,/terrasentia/mhe_output,fpn_msgs/msg/MHEOutput,476,1662053667,66776752,builtin_interfaces/msg/Time,,std_msgs/msg/Header,0.9999954104423523,0.15404576063156128,2.4512503147125244,8.019641876220703,0.014000000432133675,9.765213391777605,-42.98930085498613,0.0,geometry_msgs/msg/Point,fpn_msgs/msg/MHEOutput
1662053667266379594,1662053667.266379595,1662053667267632544,/terrasentia/mhe_output,fpn_msgs/msg/MHEOutput,477,1662053667,266379594,builtin_interfaces/msg/Time,,std_msgs/msg/Header,0.9999962449073792,0.1537560671567917,2.4430055618286133,8.01298713684082,0.014000000432133675,9.743838030989622,-42.83074907647876,0.0,geometry_msgs/msg/Point,fpn_msgs/msg/MHEOutput
1662053667466534852,1662053667.466534853,1662053667467506528,/terrasentia/mhe_output,fpn_msgs/msg/MHEOutput,478,1662053667,466534852,builtin_interfaces/msg/Time,,std_msgs/msg/Header,0.9999966025352478,0.15655472874641418,2.4342126846313477,8.008490562438965,0.014000000432133675,9.721026367993005,-42.66987253560505,0.0,geometry_msgs/msg/Point,fpn_msgs/msg/MHEOutput
1662053667666879415,1662053667.666879416,1662053667668172960,/terrasentia/mhe_output,fpn_msgs/msg/MHEOutput,479,1662053667,666879415,builtin_interfaces/msg/Time,,std_msgs/msg/Header,0.9999970197677612,0.15921393036842346,2.432237148284912,8.019341468811035,0.014000000432133675,9.686989661224485,-42.513841027786974,0.0,geometry_msgs/msg/Point,fpn_msgs/msg/MHEOutput
1662053667864902973,1662053667.864902973,1662053667865770496,/terrasentia/mhe_output,fpn_msgs/msg/MHEOutput,480,1662053667,864902973,builtin_interfaces/msg/Time,,std_msgs/msg/Header,0.9999973177909851,0.16174711287021637,2.4315948486328125,8.028421401977539,0.014000000432133675,9.651942095027238,-42.35447704384229,0.0,geometry_msgs/msg/Point,fpn_msgs/msg/MHEOutput
1662053668061064481,1662053668.061064482,1662053668061538144,/terrasentia/mhe_output,fpn_msgs/msg/MHEOutput,481,1662053668,61064481,builtin_interfaces/msg/Time,,std_msgs/msg/Header,0.9999976754188538,0.16416582465171814,2.4303741455078125,8.036199569702148,0.014000000432133675,9.617100238053535,-42.19697503503889,0.0,geometry_msgs/msg/Point,fpn_msgs/msg/MHEOutput
1662053668266861677,1662053668.266861677,1662053668267746304,/terrasentia/mhe_output,fpn_msgs/msg/MHEOutput,482,1662053668,266861677,builtin_interfaces/msg/Time,,std_msgs/msg/Header,0.9999958872795105,0.16648010909557343,2.4340970516204834,8.038463592529297,0.014000000432133675,9.58173245548062,-42.01018975406459,0.0,geometry_msgs/msg/Point,fpn_msgs/msg/MHEOutput
1662053668466680526,1662053668.466680527,1662053668467658752,/terrasentia/mhe_output,fpn_msgs/msg/MHEOutput,483,1662053668,466680526,builtin_interfaces/msg/Time,,std_msgs/msg/Header,0.9999961853027344,0.16869878768920898,2.4350409507751465,8.04454517364502,0.014000000432133675,9.54439068159095,-41.83285794101901,0.0,geometry_msgs/msg/Point,fpn_msgs/msg/MHEOutput
1662053668668235540,1662053668.668235540,1662053668669872640,/terrasentia/mhe_output,fpn_msgs/msg/MHEOutput,484,1662053668,668235540,builtin_interfaces/msg/Time,,std_msgs/msg/Header,0.999980092048645,0.16901561617851257,2.4378557205200195,8.039976119995117,0.014000000432133675,9.517375505326761,-41.670300965112475,0.0,geometry_msgs/msg/Point,fpn_msgs/msg/MHEOutput
1662053668862884759,1662053668.862884760,1662053668863641120,/terrasentia/mhe_output,fpn_msgs/msg/MHEOutput,485,1662053668,862884759,builtin_interfaces/msg/Time,,std_msgs/msg/Header,0.9999920129776001,0.169368177652359,2.443469762802124,8.056449890136719,0.014000000432133675,9.46214297605536,-41.48978554296154,0.0,geometry_msgs/msg/Point,fpn_msgs/msg/MHEOutput
1662053669066818237,1662053669.066818237,1662053669068088896,/terrasentia/mhe_output,fpn_msgs/msg/MHEOutput,486,1662053669,66818237,builtin_interfaces/msg/Time,,std_msgs/msg/Header,0.9999833703041077,0.17147311568260193,2.4530322551727295,8.077614784240723,0.014000000432133675,9.39931224033517,-41.31595941274017,0.0,geometry_msgs/msg/Point,fpn_msgs/msg/MHEOutput
1662053669266676902,1662053669.266676903,1662053669267974944,/terrasentia/mhe_output,fpn_msgs/msg/MHEOutput,487,1662053669,266676902,builtin_interfaces/msg/Time,,std_msgs/msg/Header,0.9999924302101135,0.17349892854690552,2.4648492336273193,8.099194526672363,0.014000000432133675,9.336340070217926,-41.141582877652155,0.0,geometry_msgs/msg/Point,fpn_msgs/msg/MHEOutput
1662053669463602542,1662053669.463602543,1662053669464589920,/terrasentia/mhe_output,fpn_msgs/msg/MHEOutput,488,1662053669,463602542,builtin_interfaces/msg/Time,,std_msgs/msg/Header,0.9999961256980896,0.1754510998725891,2.4769339561462402,8.116402626037598,0.014000000432133675,9.272536184178328,-40.968177504816374,0.0,geometry_msgs/msg/Point,fpn_msgs/msg/MHEOutput
1662053669664173364,1662053669.664173365,1662053669665082656,/terrasentia/mhe_output,fpn_msgs/msg/MHEOutput,489,1662053669,664173364,builtin_interfaces/msg/Time,,std_msgs/msg/Header,0.9999889731407166,0.17368386685848236,2.4879322052001953,8.083171844482422,0.014000000432133675,9.222589600526195,-40.82064852276871,0.0,geometry_msgs/msg/Point,fpn_msgs/msg/MHEOutput
1662053669860334396,1662053669.860334396,1662053669861248448,/terrasentia/mhe_output,fpn_msgs/msg/MHEOutput,490,1662053669,860334396,builtin_interfaces/msg/Time,,std_msgs/msg/Header,0.9999948740005493,0.16422687470912933,2.4942517280578613,8.086477279663086,0.014000000432133675,9.181115448777966,-40.640694000752546,0.0,geometry_msgs/msg/Point,fpn_msgs/msg/MHEOutput
1662053670064574956,1662053670.064574957,1662053670065318624,/terrasentia/mhe_output,fpn_msgs/msg/MHEOutput,491,1662053670,64574956,builtin_interfaces/msg/Time,,std_msgs/msg/Header,0.9999967217445374,0.2171059399843216,2.4960196018218994,8.063347816467285,0.014000000432133675,9.153496989279574,-40.46407457275639,0.0,geometry_msgs/msg/Point,fpn_msgs/msg/MHEOutput
1662053670267942190,1662053670.267942190,1662053670269621120,/terrasentia/mhe_output,fpn_msgs/msg/MHEOutput,492,1662053670,267942190,builtin_interfaces/msg/Time,,std_msgs/msg/Header,0.9999931454658508,0.2919646203517914,2.485107898712158,8.034067153930664,0.014000000432133675,9.129409429179184,-40.263187274957026,0.0,geometry_msgs/msg/Point,fpn_msgs/msg/MHEOutput
1662053670464496612,1662053670.464496613,1662053670465238336,/terrasentia/mhe_output,fpn_msgs/msg/MHEOutput,493,1662053670,464496612,builtin_interfaces/msg/Time,,std_msgs/msg/Header,0.9999919533729553,0.31113460659980774,2.477879285812378,8.023985862731934,0.014000000432133675,9.104173994013063,-40.08725290126187,0.0,geometry_msgs/msg/Point,fpn_msgs/msg/MHEOutput
1662053670667282581,1662053670.667282581,1662053670667937632,/terrasentia/mhe_output,fpn_msgs/msg/MHEOutput,494,1662053670,667282581,builtin_interfaces/msg/Time,,std_msgs/msg/Header,0.9999939203262329,0.33770114183425903,2.4738306999206543,8.016775131225586,0.014000000432133675,9.08067087136927,-39.91023195556042,0.0,geometry_msgs/msg/Point,fpn_msgs/msg/MHEOutput
1662053670860898017,1662053670.860898018,1662053670861663616,/terrasentia/mhe_output,fpn_msgs/msg/MHEOutput,495,1662053670,860898017,builtin_interfaces/msg/Time,,std_msgs/msg/Header,0.9999961853027344,0.32014667987823486,2.4757559299468994,8.024357795715332,0.014000000432133675,9.042134134326943,-39.735547202234486,0.0,geometry_msgs/msg/Point,fpn_msgs/msg/MHEOutput
1662053671060438871,1662053671.060438871,1662053671061279072,/terrasentia/mhe_output,fpn_msgs/msg/MHEOutput,496,1662053671,60438871,builtin_interfaces/msg/Time,,std_msgs/msg/Header,0.9999973177909851,0.30929723381996155,2.48260235786438,8.031403541564941,0.014000000432133675,9.004991036105904,-39.56132828629103,0.0,geometry_msgs/msg/Point,fpn_msgs/msg/MHEOutput
1662053671261148214,1662053671.261148214,1662053671261714848,/terrasentia/mhe_output,fpn_msgs/msg/MHEOutput,497,1662053671,261148214,builtin_interfaces/msg/Time,,std_msgs/msg/Header,0.9825313687324524,0.30938950181007385,2.491375207901001,8.035387992858887,0.014000000432133675,8.970987037468216,-39.40010107490733,0.0,geometry_msgs/msg/Point,fpn_msgs/msg/MHEOutput
1662053671465798616,1662053671.465798616,1662053671466799360,/terrasentia/mhe_output,fpn_msgs/msg/MHEOutput,498,1662053671,465798616,builtin_interfaces/msg/Time,,std_msgs/msg/Header,0.9999871850013733,0.309481680393219,2.50093936920166,8.03649616241455,0.014000000432133675,8.933936298131785,-39.21137467597134,0.0,geometry_msgs/msg/Point,fpn_msgs/msg/MHEOutput
1662053671664320468,1662053671.664320469,1662053671665164672,/terrasentia/mhe_output,fpn_msgs/msg/MHEOutput,499,1662053671,664320468,builtin_interfaces/msg/Time,,std_msgs/msg/Header,0.9999927878379822,0.30957430601119995,2.508258819580078,8.039621353149414,0.014000000432133675,8.897389606850226,-39.031486104019045,0.0,geometry_msgs/msg/Point,fpn_msgs/msg/MHEOutput
1662053671864646911,1662053671.864646912,1662053671865450016,/terrasentia/mhe_output,fpn_msgs/msg/MHEOutput,500,1662053671,864646911,builtin_interfaces/msg/Time,,std_msgs/msg/Header,0.9999952912330627,0.3097766637802124,2.510293483734131,8.035882949829102,0.014000000432133675,8.867192453439767,-38.85014814362972,0.0,geometry_msgs/msg/Point,fpn_msgs/msg/MHEOutput
1662053672062128543,1662053672.062128544,1662053672062958880,/terrasentia/mhe_output,fpn_msgs/msg/MHEOutput,501,1662053672,62128543,builtin_interfaces/msg/Time,,std_msgs/msg/Header,0.9999969005584717,0.3099784255027771,2.5123729705810547,8.03857421875,0.014000000432133675,8.830997714128129,-38.669920872834666,0.0,geometry_msgs/msg/Point,fpn_msgs/msg/MHEOutput
1662053672264929771,1662053672.264929771,1662053672265885152,/terrasentia/mhe_output,fpn_msgs/msg/MHEOutput,502,1662053672,264929771,builtin_interfaces/msg/Time,,std_msgs/msg/Header,0.9999929070472717,0.3100706934928894,2.512744426727295,7.972879409790039,0.014000000432133675,8.808335433064316,-38.508232525590465,0.0,geometry_msgs/msg/Point,fpn_msgs/msg/MHEOutput
1662053672465848922,1662053672.465848923,1662053672467019584,/terrasentia/mhe_output,fpn_msgs/msg/MHEOutput,503,1662053672,465848922,builtin_interfaces/msg/Time,,std_msgs/msg/Header,0.9998151659965515,0.2725910544395447,2.51309871673584,7.980241298675537,0.014000000432133675,8.789045050132383,-38.350405786304464,0.0,geometry_msgs/msg/Point,fpn_msgs/msg/MHEOutput
1662053672667153835,1662053672.667153835,1662053672668065696,/terrasentia/mhe_output,fpn_msgs/msg/MHEOutput,504,1662053672,667153835,builtin_interfaces/msg/Time,,std_msgs/msg/Header,0.9999915361404419,0.24702398478984833,2.513174295425415,7.983386516571045,0.014000000432133675,8.765409353787547,-38.16942438222007,0.0,geometry_msgs/msg/Point,fpn_msgs/msg/MHEOutput
1662053672861245870,1662053672.861245871,1662053672861955360,/terrasentia/mhe_output,fpn_msgs/msg/MHEOutput,505,1662053672,861245870,builtin_interfaces/msg/Time,,std_msgs/msg/Header,0.9999892711639404,0.23013265430927277,2.5140016078948975,7.985548496246338,0.014000000432133675,8.73601334893544,-37.96565028607436,0.0,geometry_msgs/msg/Point,fpn_msgs/msg/MHEOutput
1662053673060522556,1662053673.060522556,1662053673061572288,/terrasentia/mhe_output,fpn_msgs/msg/MHEOutput,506,1662053673,60522556,builtin_interfaces/msg/Time,,std_msgs/msg/Header,0.9999960660934448,0.22495834529399872,2.515885591506958,7.987576007843018,0.014000000432133675,8.709817211685095,-37.78438015570027,0.0,geometry_msgs/msg/Point,fpn_msgs/msg/MHEOutput
1662053673265270233,1662053673.265270233,1662053673265817856,/terrasentia/mhe_output,fpn_msgs/msg/MHEOutput,507,1662053673,265270233,builtin_interfaces/msg/Time,,std_msgs/msg/Header,0.9999882578849792,0.2279249131679535,2.5186853408813477,7.989346504211426,0.014000000432133675,8.685995004786125,-37.623773951228664,0.0,geometry_msgs/msg/Point,fpn_msgs/msg/MHEOutput
1662053673461026191,1662053673.461026192,1662053673461807520,/terrasentia/mhe_output,fpn_msgs/msg/MHEOutput,508,1662053673,461026191,builtin_interfaces/msg/Time,,std_msgs/msg/Header,0.9999974370002747,0.23362882435321808,2.516737461090088,7.977635383605957,0.014000000432133675,8.675558868075473,-37.445456358830064,0.0,geometry_msgs/msg/Point,fpn_msgs/msg/MHEOutput
1662053673660425186,1662053673.660425186,1662053673661025888,/terrasentia/mhe_output,fpn_msgs/msg/MHEOutput,509,1662053673,660425186,builtin_interfaces/msg/Time,,std_msgs/msg/Header,0.9999983310699463,0.22669140994548798,2.5148532390594482,7.973983287811279,0.014000000432133675,8.658601451812231,-37.26548551753465,0.0,geometry_msgs/msg/Point,fpn_msgs/msg/MHEOutput
1662053673866770029,1662053673.866770029,1662053673867634240,/terrasentia/mhe_output,fpn_msgs/msg/MHEOutput,510,1662053673,866770029,builtin_interfaces/msg/Time,,std_msgs/msg/Header,0.9999949932098389,0.22744905948638916,2.50641131401062,7.973905563354492,0.014000000432133675,8.637276920142245,-37.08568812974246,0.0,geometry_msgs/msg/Point,fpn_msgs/msg/MHEOutput
1662053674067323923,1662053674.067323923,1662053674068232832,/terrasentia/mhe_output,fpn_msgs/msg/MHEOutput,511,1662053674,67323923,builtin_interfaces/msg/Time,,std_msgs/msg/Header,0.9999895095825195,0.2276301234960556,2.4964661598205566,7.918727397918701,0.014000000432133675,8.630248495040366,-36.88112512906332,0.0,geometry_msgs/msg/Point,fpn_msgs/msg/MHEOutput
1662053674261746644,1662053674.261746645,1662053674262378656,/terrasentia/mhe_output,fpn_msgs/msg/MHEOutput,512,1662053674,261746644,builtin_interfaces/msg/Time,,std_msgs/msg/Header,0.9921205639839172,0.22309549152851105,2.487067461013794,7.9088664054870605,0.014000000432133675,8.631783146656984,-36.72786481205607,0.0,geometry_msgs/msg/Point,fpn_msgs/msg/MHEOutput
1662053674461791753,1662053674.461791754,1662053674462498528,/terrasentia/mhe_output,fpn_msgs/msg/MHEOutput,513,1662053674,461791753,builtin_interfaces/msg/Time,,std_msgs/msg/Header,0.9999930262565613,0.245865136384964,2.482121706008911,7.903827667236328,0.014000000432133675,8.622526368227614,-36.543474835696394,0.0,geometry_msgs/msg/Point,fpn_msgs/msg/MHEOutput
1662053674667149543,1662053674.667149544,1662053674667753088,/terrasentia/mhe_output,fpn_msgs/msg/MHEOutput,514,1662053674,667149543,builtin_interfaces/msg/Time,,std_msgs/msg/Header,0.9999971985816956,0.2749841511249542,2.482271909713745,7.904726028442383,0.014000000432133675,8.609941735750805,-36.36922379236015,0.0,geometry_msgs/msg/Point,fpn_msgs/msg/MHEOutput
1662053674862325668,1662053674.862325668,1662053674863056128,/terrasentia/mhe_output,fpn_msgs/msg/MHEOutput,515,1662053674,862325668,builtin_interfaces/msg/Time,,std_msgs/msg/Header,0.9999966025352478,0.3095768690109253,2.4868669509887695,7.909393310546875,0.014000000432133675,8.592197474868316,-36.17205208337683,0.0,geometry_msgs/msg/Point,fpn_msgs/msg/MHEOutput
1662053675060388088,1662053675.060388088,1662053675061003136,/terrasentia/mhe_output,fpn_msgs/msg/MHEOutput,516,1662053675,60388088,builtin_interfaces/msg/Time,,std_msgs/msg/Header,0.999997615814209,0.3541170358657837,2.48774790763855,7.901882171630859,0.014000000432133675,8.58908714831165,-35.994173713642894,0.0,geometry_msgs/msg/Point,fpn_msgs/msg/MHEOutput
1662053675262164592,1662053675.262164593,1662053675262896704,/terrasentia/mhe_output,fpn_msgs/msg/MHEOutput,517,1662053675,262164592,builtin_interfaces/msg/Time,,std_msgs/msg/Header,0.9999968409538269,0.41210564970970154,2.4880130290985107,7.8991899490356445,0.014000000432133675,8.58485792603451,-35.83950848273361,0.0,geometry_msgs/msg/Point,fpn_msgs/msg/MHEOutput
1662053675460597753,1662053675.460597754,1662053675461333056,/terrasentia/mhe_output,fpn_msgs/msg/MHEOutput,518,1662053675,460597753,builtin_interfaces/msg/Time,,std_msgs/msg/Header,0.9999921321868896,0.4238675534725189,2.489144802093506,7.886958599090576,0.014000000432133675,8.591363006774568,-35.64331150790234,0.0,geometry_msgs/msg/Point,fpn_msgs/msg/MHEOutput
1662053675664974451,1662053675.664974451,1662053675665853216,/terrasentia/mhe_output,fpn_msgs/msg/MHEOutput,519,1662053675,664974451,builtin_interfaces/msg/Time,,std_msgs/msg/Header,0.999984085559845,0.42389851808547974,2.4853031635284424,7.878269672393799,0.014000000432133675,8.596670182851973,-35.49022599181384,0.0,geometry_msgs/msg/Point,fpn_msgs/msg/MHEOutput
1662053675865399360,1662053675.865399361,1662053675866243744,/terrasentia/mhe_output,fpn_msgs/msg/MHEOutput,520,1662053675,865399360,builtin_interfaces/msg/Time,,std_msgs/msg/Header,0.9928733706474304,0.42392683029174805,2.4742822647094727,7.855080604553223,0.014000000432133675,8.612790442627425,-35.29832745674992,0.0,geometry_msgs/msg/Point,fpn_msgs/msg/MHEOutput
1662053676061012268,1662053676.061012268,1662053676061650208,/terrasentia/mhe_output,fpn_msgs/msg/MHEOutput,521,1662053676,61012268,builtin_interfaces/msg/Time,,std_msgs/msg/Header,0.9999874830245972,0.42395779490470886,2.4635987281799316,7.8434295654296875,0.014000000432133675,8.623415096486715,-35.118160152494355,0.0,geometry_msgs/msg/Point,fpn_msgs/msg/MHEOutput
1662053676263046741,1662053676.263046741,1662053676264192352,/terrasentia/mhe_output,fpn_msgs/msg/MHEOutput,522,1662053676,263046741,builtin_interfaces/msg/Time,,std_msgs/msg/Header,0.9999949336051941,0.42399880290031433,2.4606451988220215,7.8484721183776855,0.014000000432133675,8.616972211711715,-34.943087857616156,0.0,geometry_msgs/msg/Point,fpn_msgs/msg/MHEOutput
1662053676467302799,1662053676.467302799,1662053676468373824,/terrasentia/mhe_output,fpn_msgs/msg/MHEOutput,523,1662053676,467302799,builtin_interfaces/msg/Time,,std_msgs/msg/Header,0.9999974370002747,0.4240397810935974,2.46471905708313,7.860496520996094,0.014000000432133675,8.605880797404204,-34.770192163899765,0.0,geometry_msgs/msg/Point,fpn_msgs/msg/MHEOutput
1662053676662076234,1662053676.662076235,1662053676662775168,/terrasentia/mhe_output,fpn_msgs/msg/MHEOutput,524,1662053676,662076234,builtin_interfaces/msg/Time,,std_msgs/msg/Header,0.9999980926513672,0.4240807592868805,2.4695489406585693,7.863771915435791,0.014000000432133675,8.602892366688303,-34.59622708367603,0.0,geometry_msgs/msg/Point,fpn_msgs/msg/MHEOutput
1662053676867423772,1662053676.867423773,1662053676868193120,/terrasentia/mhe_output,fpn_msgs/msg/MHEOutput,525,1662053676,867423772,builtin_interfaces/msg/Time,,std_msgs/msg/Header,0.9999769330024719,0.4241216778755188,2.4757590293884277,7.8678178787231445,0.014000000432133675,8.599169838886619,-34.42229623759838,0.0,geometry_msgs/msg/Point,fpn_msgs/msg/MHEOutput
1662053677067208051,1662053677.067208052,1662053677068366848,/terrasentia/mhe_output,fpn_msgs/msg/MHEOutput,526,1662053677,67208051,builtin_interfaces/msg/Time,,std_msgs/msg/Header,0.9999964237213135,0.4241625964641571,2.483698844909668,7.8740315437316895,0.014000000432133675,8.588196148717287,-34.24381242291827,0.0,geometry_msgs/msg/Point,fpn_msgs/msg/MHEOutput
1662053677265193462,1662053677.265193462,1662053677265609504,/terrasentia/mhe_output,fpn_msgs/msg/MHEOutput,527,1662053677,265193462,builtin_interfaces/msg/Time,,std_msgs/msg/Header,0.9711498618125916,0.42419344186782837,2.4920928478240967,7.879798412322998,0.014000000432133675,8.57811972347968,-34.08649444010978,0.0,geometry_msgs/msg/Point,fpn_msgs/msg/MHEOutput
1662053677464362859,1662053677.464362860,1662053677465248896,/terrasentia/mhe_output,fpn_msgs/msg/MHEOutput,528,1662053677,464362859,builtin_interfaces/msg/Time,,std_msgs/msg/Header,0.9995765089988708,0.42422425746917725,2.4973502159118652,7.879329681396484,0.014000000432133675,8.5726997006916,-33.88913208288914,0.0,geometry_msgs/msg/Point,fpn_msgs/msg/MHEOutput
1662053677667160272,1662053677.667160273,1662053677667626816,/terrasentia/mhe_output,fpn_msgs/msg/MHEOutput,529,1662053677,667160272,builtin_interfaces/msg/Time,,std_msgs/msg/Header,0.9999818801879883,0.4242650866508484,2.504940986633301,7.868169784545898,0.014000000432133675,8.577663449444556,-33.71005012185907,0.0,geometry_msgs/msg/Point,fpn_msgs/msg/MHEOutput
1662053677867103815,1662053677.867103815,1662053677868236736,/terrasentia/mhe_output,fpn_msgs/msg/MHEOutput,530,1662053677,867103815,builtin_interfaces/msg/Time,,std_msgs/msg/Header,0.9999969601631165,0.42430591583251953,2.5172224044799805,7.865481853485107,0.014000000432133675,8.578295500778317,-33.53138673271749,0.0,geometry_msgs/msg/Point,fpn_msgs/msg/MHEOutput
1662053678067016124,1662053678.067016125,1662053678068115744,/terrasentia/mhe_output,fpn_msgs/msg/MHEOutput,531,1662053678,67016124,builtin_interfaces/msg/Time,,std_msgs/msg/Header,0.9999955296516418,0.4243466854095459,2.5267391204833984,7.8684868812561035,0.014000000432133675,8.573739612704381,-33.37351481517049,0.0,geometry_msgs/msg/Point,fpn_msgs/msg/MHEOutput
1662053678266916513,1662053678.266916513,1662053678268219232,/terrasentia/mhe_output,fpn_msgs/msg/MHEOutput,532,1662053678,266916513,builtin_interfaces/msg/Time,,std_msgs/msg/Header,0.9999887347221375,0.42438745498657227,2.5334248542785645,7.868717670440674,0.014000000432133675,8.568259724570101,-33.21827992761848,0.0,geometry_msgs/msg/Point,fpn_msgs/msg/MHEOutput
1662053678468074798,1662053678.468074799,1662053678469520992,/terrasentia/mhe_output,fpn_msgs/msg/MHEOutput,533,1662053678,468074798,builtin_interfaces/msg/Time,,std_msgs/msg/Header,0.9999929666519165,0.42441821098327637,2.5378284454345703,7.8690185546875,0.014000000432133675,8.56091414747812,-33.01731168161263,0.0,geometry_msgs/msg/Point,fpn_msgs/msg/MHEOutput
1662053678666229963,1662053678.666229963,1662053678667364704,/terrasentia/mhe_output,fpn_msgs/msg/MHEOutput,534,1662053678,666229963,builtin_interfaces/msg/Time,,std_msgs/msg/Header,0.9999967813491821,0.42445892095565796,2.536900520324707,7.860869884490967,0.014000000432133675,8.57010067650216,-32.84086022943709,0.0,geometry_msgs/msg/Point,fpn_msgs/msg/MHEOutput
1662053678862967729,1662053678.862967730,1662053678863829888,/terrasentia/mhe_output,fpn_msgs/msg/MHEOutput,535,1662053678,862967729,builtin_interfaces/msg/Time,,std_msgs/msg/Header,0.9999919533729553,0.42449960112571716,2.5366382598876953,7.862690448760986,0.014000000432133675,8.566668605060123,-32.64422305976613,0.0,geometry_msgs/msg/Point,fpn_msgs/msg/MHEOutput
1662053679062335491,1662053679.062335491,1662053679062946272,/terrasentia/mhe_output,fpn_msgs/msg/MHEOutput,536,1662053679,62335491,builtin_interfaces/msg/Time,,std_msgs/msg/Header,0.9999958872795105,0.424540251493454,2.532928466796875,7.853976249694824,0.014000000432133675,8.576447506280902,-32.46787219833517,0.0,geometry_msgs/msg/Point,fpn_msgs/msg/MHEOutput
1662053679263908147,1662053679.263908148,1662053679264792736,/terrasentia/mhe_output,fpn_msgs/msg/MHEOutput,537,1662053679,263908147,builtin_interfaces/msg/Time,,std_msgs/msg/Header,0.9999756217002869,0.4245808720588684,2.520217180252075,7.850430011749268,0.014000000432133675,8.58147084640106,-32.31699882252823,0.0,geometry_msgs/msg/Point,fpn_msgs/msg/MHEOutput
1662053679466426849,1662053679.466426849,1662053679467460928,/terrasentia/mhe_output,fpn_msgs/msg/MHEOutput,538,1662053679,466426849,builtin_interfaces/msg/Time,,std_msgs/msg/Header,0.9999973773956299,0.42462149262428284,2.50179386138916,7.847088813781738,0.014000000432133675,8.586318845019065,-32.14353883267899,0.0,geometry_msgs/msg/Point,fpn_msgs/msg/MHEOutput
1662053679663094043,1662053679.663094044,1662053679663784032,/terrasentia/mhe_output,fpn_msgs/msg/MHEOutput,539,1662053679,663094043,builtin_interfaces/msg/Time,,std_msgs/msg/Header,0.9999897480010986,0.4246521294116974,2.484969139099121,7.838512420654297,0.014000000432133675,8.596000299131068,-31.969894455433252,0.0,geometry_msgs/msg/Point,fpn_msgs/msg/MHEOutput
1662053679861321449,1662053679.861321449,1662053679861690272,/terrasentia/mhe_output,fpn_msgs/msg/MHEOutput,540,1662053679,861321449,builtin_interfaces/msg/Time,,std_msgs/msg/Header,0.9999052286148071,0.4246801435947418,2.476109266281128,7.8476643562316895,0.014000000432133675,8.587550307244046,-31.770954686807162,0.0,geometry_msgs/msg/Point,fpn_msgs/msg/MHEOutput
1662053680062653541,1662053680.062653542,1662053680063641632,/terrasentia/mhe_output,fpn_msgs/msg/MHEOutput,541,1662053680,62653541,builtin_interfaces/msg/Time,,std_msgs/msg/Header,0.9999922513961792,0.42471078038215637,2.4699323177337646,7.851785182952881,0.014000000432133675,8.590773382021707,-31.599109473099535,0.0,geometry_msgs/msg/Point,fpn_msgs/msg/MHEOutput
1662053680268332242,1662053680.268332243,1662053680269138720,/terrasentia/mhe_output,fpn_msgs/msg/MHEOutput,542,1662053680,268332242,builtin_interfaces/msg/Time,,std_msgs/msg/Header,0.9996699094772339,0.42474138736724854,2.4596409797668457,7.8434343338012695,0.014000000432133675,8.600318345152715,-31.449551095167052,0.0,geometry_msgs/msg/Point,fpn_msgs/msg/MHEOutput
1662053680468241214,1662053680.468241215,1662053680469383456,/terrasentia/mhe_output,fpn_msgs/msg/MHEOutput,543,1662053680,468241214,builtin_interfaces/msg/Time,,std_msgs/msg/Header,0.9984208941459656,0.4247693717479706,2.459635019302368,7.86059045791626,0.014000000432133675,8.584513166327584,-31.2984374066739,0.0,geometry_msgs/msg/Point,fpn_msgs/msg/MHEOutput
1662053680667304515,1662053680.667304516,1662053680668133376,/terrasentia/mhe_output,fpn_msgs/msg/MHEOutput,544,1662053680,667304515,builtin_interfaces/msg/Time,,std_msgs/msg/Header,0.9999948143959045,0.42480987310409546,2.465045928955078,7.878328323364258,0.014000000432133675,8.561224035513014,-31.12250348746057,0.0,geometry_msgs/msg/Point,fpn_msgs/msg/MHEOutput
1662053680868910551,1662053680.868910551,1662053680870295488,/terrasentia/mhe_output,fpn_msgs/msg/MHEOutput,545,1662053680,868910551,builtin_interfaces/msg/Time,,std_msgs/msg/Header,0.9936979413032532,0.4248378276824951,2.473170518875122,7.895261764526367,0.014000000432133675,8.538856725446738,-30.953182427883835,0.0,geometry_msgs/msg/Point,fpn_msgs/msg/MHEOutput
1662053681066467761,1662053681.066467762,1662053681066950400,/terrasentia/mhe_output,fpn_msgs/msg/MHEOutput,546,1662053681,66467761,builtin_interfaces/msg/Time,,std_msgs/msg/Header,0.999994158744812,0.4248782694339752,2.478900671005249,7.902026176452637,0.014000000432133675,8.525474188802239,-30.77871166640669,0.0,geometry_msgs/msg/Point,fpn_msgs/msg/MHEOutput
1662053681271476268,1662053681.271476269,1662053681272704288,/terrasentia/mhe_output,fpn_msgs/msg/MHEOutput,547,1662053681,271476268,builtin_interfaces/msg/Time,,std_msgs/msg/Header,0.9967958927154541,0.4249061942100525,2.4833242893218994,7.9081501960754395,0.014000000432133675,8.512977153684501,-30.611048755069813,0.0,geometry_msgs/msg/Point,fpn_msgs/msg/MHEOutput
1662053681468369007,1662053681.468369007,1662053681469625568,/terrasentia/mhe_output,fpn_msgs/msg/MHEOutput,548,1662053681,468369007,builtin_interfaces/msg/Time,,std_msgs/msg/Header,0.9997909665107727,0.4249367117881775,2.490922689437866,7.9212446212768555,0.014000000432133675,8.49561570109915,-30.461905272043094,0.0,geometry_msgs/msg/Point,fpn_msgs/msg/MHEOutput
1662053681661739110,1662053681.661739111,1662053681662386688,/terrasentia/mhe_output,fpn_msgs/msg/MHEOutput,549,1662053681,661739110,builtin_interfaces/msg/Time,,std_msgs/msg/Header,0.9999971389770508,0.4249770939350128,2.491152286529541,7.913236141204834,0.014000000432133675,8.490673418625361,-30.286208207290205,0.0,geometry_msgs/msg/Point,fpn_msgs/msg/MHEOutput
1662053681862313747,1662053681.862313747,1662053681862974208,/terrasentia/mhe_output,fpn_msgs/msg/MHEOutput,550,1662053681,862313747,builtin_interfaces/msg/Time,,std_msgs/msg/Header,0.9999973773956299,0.42501741647720337,2.4861092567443848,7.902712821960449,0.014000000432133675,8.486175474381643,-30.09041212109535,0.0,geometry_msgs/msg/Point,fpn_msgs/msg/MHEOutput
1662053682062468767,1662053682.062468767,1662053682063173952,/terrasentia/mhe_output,fpn_msgs/msg/MHEOutput,551,1662053682,62468767,builtin_interfaces/msg/Time,,std_msgs/msg/Header,0.9999968409538269,0.4250577390193939,2.4788565635681152,7.894087314605713,0.014000000432133675,8.486768358712814,-29.895877591147357,0.0,geometry_msgs/msg/Point,fpn_msgs/msg/MHEOutput
1662053682262997865,1662053682.262997866,1662053682263614496,/terrasentia/mhe_output,fpn_msgs/msg/MHEOutput,552,1662053682,262997865,builtin_interfaces/msg/Time,,std_msgs/msg/Header,0.9999961853027344,0.4250980317592621,2.4730002880096436,7.891087055206299,0.014000000432133675,8.485614372889314,-29.739274815611612,0.0,geometry_msgs/msg/Point,fpn_msgs/msg/MHEOutput
1662053682466797113,1662053682.466797113,1662053682467777600,/terrasentia/mhe_output,fpn_msgs/msg/MHEOutput,553,1662053682,466797113,builtin_interfaces/msg/Time,,std_msgs/msg/Header,0.999996542930603,0.42513829469680786,2.4734678268432617,7.8987650871276855,0.014000000432133675,8.468930510660396,-29.525502969145354,0.0,geometry_msgs/msg/Point,fpn_msgs/msg/MHEOutput
1662053682660731792,1662053682.660731792,1662053682661371648,/terrasentia/mhe_output,fpn_msgs/msg/MHEOutput,554,1662053682,660731792,builtin_interfaces/msg/Time,,std_msgs/msg/Header,0.9999980330467224,0.42517852783203125,2.4754910469055176,7.904816627502441,0.014000000432133675,8.451455693845448,-29.32372916986857,0.0,geometry_msgs/msg/Point,fpn_msgs/msg/MHEOutput
1662053682867023468,1662053682.867023468,1662053682867895072,/terrasentia/mhe_output,fpn_msgs/msg/MHEOutput,555,1662053682,867023468,builtin_interfaces/msg/Time,,std_msgs/msg/Header,0.9999976754188538,0.42521873116493225,2.4795353412628174,7.910137176513672,0.014000000432133675,8.432167565196668,-29.0885693765301,0.0,geometry_msgs/msg/Point,fpn_msgs/msg/MHEOutput
1662053683061802148,1662053683.061802149,1662053683062702240,/terrasentia/mhe_output,fpn_msgs/msg/MHEOutput,556,1662053683,61802148,builtin_interfaces/msg/Time,,std_msgs/msg/Header,0.999995768070221,0.42525893449783325,2.476834774017334,7.918033123016357,0.014000000432133675,8.41192352211138,-28.853389197546246,0.0,geometry_msgs/msg/Point,fpn_msgs/msg/MHEOutput
1662053683262241601,1662053683.262241602,1662053683262563168,/terrasentia/mhe_output,fpn_msgs/msg/MHEOutput,557,1662053683,262241601,builtin_interfaces/msg/Time,,std_msgs/msg/Header,0.999997079372406,0.4252990782260895,2.476487398147583,7.9239606857299805,0.014000000432133675,8.3919342505478,-28.6435323728384,0.0,geometry_msgs/msg/Point,fpn_msgs/msg/MHEOutput
1662053683461230516,1662053683.461230516,1662053683461893024,/terrasentia/mhe_output,fpn_msgs/msg/MHEOutput,558,1662053683,461230516,builtin_interfaces/msg/Time,,std_msgs/msg/Header,0.999997615814209,0.4253392219543457,2.476579189300537,7.926268100738525,0.014000000432133675,8.377616340946318,-28.43397318068798,0.0,geometry_msgs/msg/Point,fpn_msgs/msg/MHEOutput
1662053683663453578,1662053683.663453579,1662053683663975584,/terrasentia/mhe_output,fpn_msgs/msg/MHEOutput,559,1662053683,663453578,builtin_interfaces/msg/Time,,std_msgs/msg/Header,0.9999917149543762,0.4253695607185364,2.473414659500122,7.921810626983643,0.014000000432133675,8.36911692666103,-28.247135665576373,0.0,geometry_msgs/msg/Point,fpn_msgs/msg/MHEOutput
1662053683861407995,1662053683.861407995,1662053683862633792,/terrasentia/mhe_output,fpn_msgs/msg/MHEOutput,560,1662053683,861407995,builtin_interfaces/msg/Time,,std_msgs/msg/Header,0.8748723864555359,0.4254007041454315,2.4678397178649902,7.916556358337402,0.014000000432133675,8.367114623561537,-28.156562152532963,0.0,geometry_msgs/msg/Point,fpn_msgs/msg/MHEOutput
1662053684060418844,1662053684.060418844,1662053684061415840,/terrasentia/mhe_output,fpn_msgs/msg/MHEOutput,561,1662053684,60418844,builtin_interfaces/msg/Time,,std_msgs/msg/Header,0.91471928358078,0.4254406690597534,2.4625046253204346,7.916659832000732,0.014000000432133675,8.352046168199584,-27.917269689875713,0.0,geometry_msgs/msg/Point,fpn_msgs/msg/MHEOutput
1662053684265417098,1662053684.265417099,1662053684267020800,/terrasentia/mhe_output,fpn_msgs/msg/MHEOutput,562,1662053684,265417098,builtin_interfaces/msg/Time,,std_msgs/msg/Header,0.8740079402923584,0.42548060417175293,2.4583957195281982,7.918389320373535,0.014000000432133675,8.341929889908615,-27.776547937012026,0.0,geometry_msgs/msg/Point,fpn_msgs/msg/MHEOutput
1662053684461362123,1662053684.461362123,1662053684462007616,/terrasentia/mhe_output,fpn_msgs/msg/MHEOutput,563,1662053684,461362123,builtin_interfaces/msg/Time,,std_msgs/msg/Header,0.9465598464012146,0.42551088333129883,2.456411600112915,7.927255630493164,0.014000000432133675,8.3143381650627,-27.510275442215313,0.0,geometry_msgs/msg/Point,fpn_msgs/msg/MHEOutput
1662053684660805463,1662053684.660805464,1662053684661617248,/terrasentia/mhe_output,fpn_msgs/msg/MHEOutput,564,1662053684,660805463,builtin_interfaces/msg/Time,,std_msgs/msg/Header,0.999988317489624,0.4255411624908447,2.4567320346832275,7.9386515617370605,0.014000000432133675,8.27903574497465,-27.25972952111761,0.0,geometry_msgs/msg/Point,fpn_msgs/msg/MHEOutput
1662053684860507726,1662053684.860507727,1662053684861190720,/terrasentia/mhe_output,fpn_msgs/msg/MHEOutput,565,1662053684,860507726,builtin_interfaces/msg/Time,,std_msgs/msg/Header,0.9999971985816956,0.4255811274051666,2.4585111141204834,7.952253341674805,0.014000000432133675,8.246575919346283,-27.06211924559888,0.0,geometry_msgs/msg/Point,fpn_msgs/msg/MHEOutput
1662053685061203002,1662053685.061203003,1662053685061815072,/terrasentia/mhe_output,fpn_msgs/msg/MHEOutput,566,1662053685,61203002,builtin_interfaces/msg/Time,,std_msgs/msg/Header,0.9999985098838806,0.4256210923194885,2.461836099624634,7.9695940017700195,0.014000000432133675,8.20308629699787,-26.864911851583436,0.0,geometry_msgs/msg/Point,fpn_msgs/msg/MHEOutput
1662053685266769886,1662053685.266769886,1662053685268311552,/terrasentia/mhe_output,fpn_msgs/msg/MHEOutput,567,1662053685,266769886,builtin_interfaces/msg/Time,,std_msgs/msg/Header,0.9999890923500061,0.42566099762916565,2.465630531311035,7.986753463745117,0.014000000432133675,8.159759130875868,-26.668008036017405,0.0,geometry_msgs/msg/Point,fpn_msgs/msg/MHEOutput
1662053685461170196,1662053685.461170197,1662053685462172544,/terrasentia/mhe_output,fpn_msgs/msg/MHEOutput,568,1662053685,461170196,builtin_interfaces/msg/Time,,std_msgs/msg/Header,0.9433180689811707,0.425696462392807,2.4713757038116455,8.009520530700684,0.014000000432133675,8.11485409422161,-26.51605335484388,0.0,geometry_msgs/msg/Point,fpn_msgs/msg/MHEOutput
1662053685665605306,1662053685.665605307,1662053685666560256,/terrasentia/mhe_output,fpn_msgs/msg/MHEOutput,569,1662053685,665605306,builtin_interfaces/msg/Time,,std_msgs/msg/Header,0.9279865622520447,0.4257371723651886,2.4766745567321777,8.026483535766602,0.014000000432133675,8.06974815532545,-26.355797573703803,0.0,geometry_msgs/msg/Point,fpn_msgs/msg/MHEOutput
1662053685860960483,1662053685.860960484,1662053685861601248,/terrasentia/mhe_output,fpn_msgs/msg/MHEOutput,570,1662053685,860960483,builtin_interfaces/msg/Time,,std_msgs/msg/Header,0.9257902503013611,0.42577722668647766,2.4798696041107178,8.03746509552002,0.014000000432133675,8.021923033026942,-26.130951950197744,0.0,geometry_msgs/msg/Point,fpn_msgs/msg/MHEOutput
1662053686068277835,1662053686.068277836,1662053686069192704,/terrasentia/mhe_output,fpn_msgs/msg/MHEOutput,571,1662053686,68277835,builtin_interfaces/msg/Time,,std_msgs/msg/Header,0.9990952014923096,0.4258047938346863,2.4765961170196533,8.010261535644531,0.014000000432133675,7.981074375835583,-25.868553713274967,0.0,geometry_msgs/msg/Point,fpn_msgs/msg/MHEOutput
1662053686267122268,1662053686.267122269,1662053686267955840,/terrasentia/mhe_output,fpn_msgs/msg/MHEOutput,572,1662053686,267122268,builtin_interfaces/msg/Time,,std_msgs/msg/Header,0.9999963641166687,0.4060153365135193,2.474881649017334,7.905036449432373,0.014000000432133675,7.973565193934483,-25.697922553907173,0.0,geometry_msgs/msg/Point,fpn_msgs/msg/MHEOutput
1662053686466922998,1662053686.466922998,1662053686467764160,/terrasentia/mhe_output,fpn_msgs/msg/MHEOutput,573,1662053686,466922998,builtin_interfaces/msg/Time,,std_msgs/msg/Header,0.9999983310699463,0.24049195647239685,2.4641225337982178,7.939101219177246,0.014000000432133675,7.964134511035586,-25.48539739429188,0.0,geometry_msgs/msg/Point,fpn_msgs/msg/MHEOutput
1662053686663474798,1662053686.663474798,1662053686664143520,/terrasentia/mhe_output,fpn_msgs/msg/MHEOutput,574,1662053686,663474798,builtin_interfaces/msg/Time,,std_msgs/msg/Header,0.9999988675117493,0.003983372822403908,2.454535961151123,8.007649421691895,0.014000000432133675,7.910974640654841,-25.281192495701315,0.0,geometry_msgs/msg/Point,fpn_msgs/msg/MHEOutput
1662053686862920522,1662053686.862920523,1662053686863534432,/terrasentia/mhe_output,fpn_msgs/msg/MHEOutput,575,1662053686,862920522,builtin_interfaces/msg/Time,,std_msgs/msg/Header,0.9999986290931702,0.0027390483301132917,2.445589542388916,7.997098445892334,0.014000000432133675,7.887948375586762,-25.04534683075531,0.0,geometry_msgs/msg/Point,fpn_msgs/msg/MHEOutput
1662053687065707445,1662053687.065707445,1662053687067408672,/terrasentia/mhe_output,fpn_msgs/msg/MHEOutput,576,1662053687,65707445,builtin_interfaces/msg/Time,,std_msgs/msg/Header,0.9999980330467224,0.0022699153050780296,2.440671443939209,7.992940902709961,0.014000000432133675,7.858036665414973,-24.81480497337276,0.0,geometry_msgs/msg/Point,fpn_msgs/msg/MHEOutput
1662053687264746904,1662053687.264746904,1662053687265489760,/terrasentia/mhe_output,fpn_msgs/msg/MHEOutput,577,1662053687,264746904,builtin_interfaces/msg/Time,,std_msgs/msg/Header,0.9999931454658508,0.0006993866409175098,2.434291124343872,7.998018741607666,0.014000000432133675,7.820651861174509,-24.587304933057787,0.0,geometry_msgs/msg/Point,fpn_msgs/msg/MHEOutput
1662053687467803716,1662053687.467803717,1662053687468617280,/terrasentia/mhe_output,fpn_msgs/msg/MHEOutput,578,1662053687,467803716,builtin_interfaces/msg/Time,,std_msgs/msg/Header,0.9999924302101135,0.0034316452220082283,2.4335081577301025,7.995975971221924,0.014000000432133675,7.800055307166603,-24.436722001012342,0.0,geometry_msgs/msg/Point,fpn_msgs/msg/MHEOutput
1662053687667137861,1662053687.667137861,1662053687667824704,/terrasentia/mhe_output,fpn_msgs/msg/MHEOutput,579,1662053687,667137861,builtin_interfaces/msg/Time,,std_msgs/msg/Header,0.9770679473876953,0.13603955507278442,2.4360897541046143,7.873264312744141,0.014000000432133675,7.807848218601442,-24.324766539837167,0.0,geometry_msgs/msg/Point,fpn_msgs/msg/MHEOutput
1662053687863466024,1662053687.863466024,1662053687864167360,/terrasentia/mhe_output,fpn_msgs/msg/MHEOutput,580,1662053687,863466024,builtin_interfaces/msg/Time,,std_msgs/msg/Header,0.9922282099723816,0.22723893821239471,2.4380741119384766,7.81025505065918,0.014000000432133675,7.8112813405464845,-24.103460563794382,0.0,geometry_msgs/msg/Point,fpn_msgs/msg/MHEOutput
1662053688066827297,1662053688.066827297,1662053688067611424,/terrasentia/mhe_output,fpn_msgs/msg/MHEOutput,581,1662053688,66827297,builtin_interfaces/msg/Time,,std_msgs/msg/Header,0.999953031539917,0.21024584770202637,2.4407477378845215,7.832123756408691,0.014000000432133675,7.80007276052078,-23.891147417417432,0.0,geometry_msgs/msg/Point,fpn_msgs/msg/MHEOutput
1662053688264811992,1662053688.264811993,1662053688265601504,/terrasentia/mhe_output,fpn_msgs/msg/MHEOutput,582,1662053688,264811992,builtin_interfaces/msg/Time,,std_msgs/msg/Header,0.9999914169311523,0.19420960545539856,2.4506983757019043,7.847209453582764,0.014000000432133675,7.793361623098513,-23.68243247605385,0.0,geometry_msgs/msg/Point,fpn_msgs/msg/MHEOutput
1662053688461041927,1662053688.461041927,1662053688461711936,/terrasentia/mhe_output,fpn_msgs/msg/MHEOutput,583,1662053688,461041927,builtin_interfaces/msg/Time,,std_msgs/msg/Header,0.9999892115592957,0.1709485948085785,2.4602394104003906,7.869304180145264,0.014000000432133675,7.770934888270385,-23.476444507059284,0.0,geometry_msgs/msg/Point,fpn_msgs/msg/MHEOutput
1662053688660809993,1662053688.660809994,1662053688662040448,/terrasentia/mhe_output,fpn_msgs/msg/MHEOutput,584,1662053688,660809993,builtin_interfaces/msg/Time,,std_msgs/msg/Header,0.9999922513961792,0.1748344600200653,2.468466281890869,7.877481937408447,0.014000000432133675,7.757115314861381,-23.27088632224125,0.0,geometry_msgs/msg/Point,fpn_msgs/msg/MHEOutput
1662053688866804838,1662053688.866804838,1662053688868244448,/terrasentia/mhe_output,fpn_msgs/msg/MHEOutput,585,1662053688,866804838,builtin_interfaces/msg/Time,,std_msgs/msg/Header,0.9999952912330627,0.139486163854599,2.4821391105651855,7.890871047973633,0.014000000432133675,7.73804735954787,-23.06318803620554,0.0,geometry_msgs/msg/Point,fpn_msgs/msg/MHEOutput
1662053689064776897,1662053689.064776897,1662053689065883520,/terrasentia/mhe_output,fpn_msgs/msg/MHEOutput,586,1662053689,64776897,builtin_interfaces/msg/Time,,std_msgs/msg/Header,0.999995768070221,0.14018666744232178,2.497462034225464,7.89336633682251,0.014000000432133675,7.725494743923489,-22.858508566379335,0.0,geometry_msgs/msg/Point,fpn_msgs/msg/MHEOutput
1662053689260883569,1662053689.260883570,1662053689261575552,/terrasentia/mhe_output,fpn_msgs/msg/MHEOutput,587,1662053689,260883569,builtin_interfaces/msg/Time,,std_msgs/msg/Header,0.9286664724349976,0.14072205126285553,2.5022623538970947,7.892142295837402,0.014000000432133675,7.716805454468546,-22.72519808110324,0.0,geometry_msgs/msg/Point,fpn_msgs/msg/MHEOutput
1662053689463468074,1662053689.463468075,1662053689464296256,/terrasentia/mhe_output,fpn_msgs/msg/MHEOutput,588,1662053689,463468074,builtin_interfaces/msg/Time,,std_msgs/msg/Header,0.8661016821861267,0.1434444636106491,2.506645679473877,7.897115707397461,0.014000000432133675,7.708713753797564,-22.605113560361588,0.0,geometry_msgs/msg/Point,fpn_msgs/msg/MHEOutput
1662053689664616823,1662053689.664616823,1662053689665495392,/terrasentia/mhe_output,fpn_msgs/msg/MHEOutput,589,1662053689,664616823,builtin_interfaces/msg/Time,,std_msgs/msg/Header,0.913605809211731,0.14604151248931885,2.5081233978271484,7.894822597503662,0.014000000432133675,7.7038645199394225,-22.360532654479822,0.0,geometry_msgs/msg/Point,fpn_msgs/msg/MHEOutput
1662053689862371921,1662053689.862371922,1662053689863652032,/terrasentia/mhe_output,fpn_msgs/msg/MHEOutput,590,1662053689,862371921,builtin_interfaces/msg/Time,,std_msgs/msg/Header,0.9646838903427124,0.14650580286979675,2.502906322479248,7.882070541381836,0.014000000432133675,7.708413811436255,-22.112711304731654,0.0,geometry_msgs/msg/Point,fpn_msgs/msg/MHEOutput
1662053690060892105,1662053690.060892105,1662053690061311616,/terrasentia/mhe_output,fpn_msgs/msg/MHEOutput,591,1662053690,60892105,builtin_interfaces/msg/Time,,std_msgs/msg/Header,0.9999761581420898,0.1469312608242035,2.496575117111206,7.874068737030029,0.014000000432133675,7.712624428181796,-21.879405825804927,0.0,geometry_msgs/msg/Point,fpn_msgs/msg/MHEOutput
1662053690260468006,1662053690.260468006,1662053690261150496,/terrasentia/mhe_output,fpn_msgs/msg/MHEOutput,592,1662053690,260468006,builtin_interfaces/msg/Time,,std_msgs/msg/Header,0.999983549118042,0.1501014232635498,2.4887678623199463,7.864694118499756,0.014000000432133675,7.719279845786222,-21.67791818940588,0.0,geometry_msgs/msg/Point,fpn_msgs/msg/MHEOutput
1662053690461177825,1662053690.461177826,1662053690462559680,/terrasentia/mhe_output,fpn_msgs/msg/MHEOutput,593,1662053690,461177825,builtin_interfaces/msg/Time,,std_msgs/msg/Header,0.999997615814209,0.15309327840805054,2.485633134841919,7.866288661956787,0.014000000432133675,7.712208580224193,-21.476387938905596,0.0,geometry_msgs/msg/Point,fpn_msgs/msg/MHEOutput
1662053690664679050,1662053690.664679050,1662053690665449120,/terrasentia/mhe_output,fpn_msgs/msg/MHEOutput,594,1662053690,664679050,builtin_interfaces/msg/Time,,std_msgs/msg/Header,0.9999982714653015,0.15592601895332336,2.478252410888672,7.86998987197876,0.014000000432133675,7.706360711579261,-21.274903738077654,0.0,geometry_msgs/msg/Point,fpn_msgs/msg/MHEOutput
1662053690864192247,1662053690.864192247,1662053690865279264,/terrasentia/mhe_output,fpn_msgs/msg/MHEOutput,595,1662053690,864192247,builtin_interfaces/msg/Time,,std_msgs/msg/Header,0.9999964237213135,0.15861593186855316,2.4758458137512207,7.874495029449463,0.014000000432133675,7.697936249185435,-21.050574546171358,0.0,geometry_msgs/msg/Point,fpn_msgs/msg/MHEOutput
1662053691063502788,1662053691.063502789,1662053691064411840,/terrasentia/mhe_output,fpn_msgs/msg/MHEOutput,596,1662053691,63502788,builtin_interfaces/msg/Time,,std_msgs/msg/Header,0.9143450856208801,0.16064558923244476,2.482246160507202,7.876209735870361,0.014000000432133675,7.694256893040445,-20.928429441308065,0.0,geometry_msgs/msg/Point,fpn_msgs/msg/MHEOutput
1662053691263235092,1662053691.263235092,1662053691263984768,/terrasentia/mhe_output,fpn_msgs/msg/MHEOutput,597,1662053691,263235092,builtin_interfaces/msg/Time,,std_msgs/msg/Header,0.9413667917251587,0.16101902723312378,2.487165689468384,7.882611274719238,0.014000000432133675,7.681770459430704,-20.70216287318903,0.0,geometry_msgs/msg/Point,fpn_msgs/msg/MHEOutput
1662053691465727567,1662053691.465727568,1662053691466632128,/terrasentia/mhe_output,fpn_msgs/msg/MHEOutput,598,1662053691,465727567,builtin_interfaces/msg/Time,,std_msgs/msg/Header,0.9733190536499023,0.16139383614063263,2.4916470050811768,7.889045238494873,0.014000000432133675,7.667040132793043,-20.472145974396557,0.0,geometry_msgs/msg/Point,fpn_msgs/msg/MHEOutput
1662053691666899681,1662053691.666899681,1662053691667740256,/terrasentia/mhe_output,fpn_msgs/msg/MHEOutput,599,1662053691,666899681,builtin_interfaces/msg/Time,,std_msgs/msg/Header,0.9999514818191528,0.16162094473838806,2.4948432445526123,7.894662380218506,0.014000000432133675,7.6512600319792075,-20.246988516101876,0.0,geometry_msgs/msg/Point,fpn_msgs/msg/MHEOutput
1662053691867524862,1662053691.867524862,1662053691868407904,/terrasentia/mhe_output,fpn_msgs/msg/MHEOutput,600,1662053691,867524862,builtin_interfaces/msg/Time,,std_msgs/msg/Header,0.9999901056289673,0.1620144098997116,2.4942076206207275,7.893820762634277,0.014000000432133675,7.643339736500156,-20.043250010129395,0.0,geometry_msgs/msg/Point,fpn_msgs/msg/MHEOutput
1662053692060526847,1662053692.060526848,1662053692061557056,/terrasentia/mhe_output,fpn_msgs/msg/MHEOutput,601,1662053692,60526847,builtin_interfaces/msg/Time,,std_msgs/msg/Header,0.9999952912330627,0.16442134976387024,2.49479079246521,7.900371551513672,0.014000000432133675,7.6290837535683735,-19.83969873122651,0.0,geometry_msgs/msg/Point,fpn_msgs/msg/MHEOutput
1662053692266221284,1662053692.266221285,1662053692267154240,/terrasentia/mhe_output,fpn_msgs/msg/MHEOutput,602,1662053692,266221284,builtin_interfaces/msg/Time,,std_msgs/msg/Header,0.9999973177909851,0.16672489047050476,2.492380380630493,7.89769172668457,0.014000000432133675,7.6231863032906455,-19.63570690254603,0.0,geometry_msgs/msg/Point,fpn_msgs/msg/MHEOutput
1662053692466883182,1662053692.466883183,1662053692468029216,/terrasentia/mhe_output,fpn_msgs/msg/MHEOutput,603,1662053692,466883182,builtin_interfaces/msg/Time,,std_msgs/msg/Header,0.9999979138374329,0.1689336895942688,2.488158941268921,7.893289566040039,0.014000000432133675,7.62086242409766,-19.427074244993626,0.0,geometry_msgs/msg/Point,fpn_msgs/msg/MHEOutput
1662053692667346477,1662053692.667346478,1662053692668229728,/terrasentia/mhe_output,fpn_msgs/msg/MHEOutput,604,1662053692,667346477,builtin_interfaces/msg/Time,,std_msgs/msg/Header,0.9999927878379822,0.16928666830062866,2.4793903827667236,7.898697853088379,0.014000000432133675,7.604358301993284,-19.19366998264564,0.0,geometry_msgs/msg/Point,fpn_msgs/msg/MHEOutput
1662053692860895156,1662053692.860895157,1662053692861853696,/terrasentia/mhe_output,fpn_msgs/msg/MHEOutput,605,1662053692,860895156,builtin_interfaces/msg/Time,,std_msgs/msg/Header,0.9999927282333374,0.16963785886764526,2.4705770015716553,7.891356945037842,0.014000000432133675,7.60524577843777,-18.98682734231383,0.0,geometry_msgs/msg/Point,fpn_msgs/msg/MHEOutput
1662053693061281204,1662053693.061281204,1662053693061870784,/terrasentia/mhe_output,fpn_msgs/msg/MHEOutput,606,1662053693,61281204,builtin_interfaces/msg/Time,,std_msgs/msg/Header,0.9999940395355225,0.16998730599880219,2.470174551010132,7.88466215133667,0.014000000432133675,7.605426740916511,-18.77811268260918,0.0,geometry_msgs/msg/Point,fpn_msgs/msg/MHEOutput
1662053693264900207,1662053693.264900208,1662053693265761600,/terrasentia/mhe_output,fpn_msgs/msg/MHEOutput,607,1662053693,264900207,builtin_interfaces/msg/Time,,std_msgs/msg/Header,0.9999930262565613,0.17033500969409943,2.471605062484741,7.887967586517334,0.014000000432133675,7.594706685765443,-18.57202882186712,0.0,geometry_msgs/msg/Point,fpn_msgs/msg/MHEOutput
1662053693465590953,1662053693.465590954,1662053693466623008,/terrasentia/mhe_output,fpn_msgs/msg/MHEOutput,608,1662053693,465590953,builtin_interfaces/msg/Time,,std_msgs/msg/Header,0.9999900460243225,0.17068101465702057,2.4731791019439697,7.886804103851318,0.014000000432133675,7.588895942472066,-18.365814437284246,0.0,geometry_msgs/msg/Point,fpn_msgs/msg/MHEOutput
1662053693663650989,1662053693.663650990,1662053693665287136,/terrasentia/mhe_output,fpn_msgs/msg/MHEOutput,609,1662053693,663650989,builtin_interfaces/msg/Time,,std_msgs/msg/Header,0.9502320289611816,0.17181642353534698,2.47544527053833,7.888129711151123,0.014000000432133675,7.583641075120036,-18.23206526248115,0.0,geometry_msgs/msg/Point,fpn_msgs/msg/MHEOutput
1662053693861947298,1662053693.861947298,1662053693862745696,/terrasentia/mhe_output,fpn_msgs/msg/MHEOutput,610,1662053693,861947298,builtin_interfaces/msg/Time,,std_msgs/msg/Header,0.9638116359710693,0.17214499413967133,2.475020408630371,7.8836469650268555,0.014000000432133675,7.582639631366113,-18.013519453141548,0.0,geometry_msgs/msg/Point,fpn_msgs/msg/MHEOutput
1662053694063622713,1662053694.063622713,1662053694064493056,/terrasentia/mhe_output,fpn_msgs/msg/MHEOutput,611,1662053694,63622713,builtin_interfaces/msg/Time,,std_msgs/msg/Header,0.9926119446754456,0.17244744300842285,2.473212480545044,7.87858247756958,0.014000000432133675,7.580275525272514,-17.781275255993794,0.0,geometry_msgs/msg/Point,fpn_msgs/msg/MHEOutput
1662053694266525983,1662053694.266525984,1662053694267618464,/terrasentia/mhe_output,fpn_msgs/msg/MHEOutput,612,1662053694,266525983,builtin_interfaces/msg/Time,,std_msgs/msg/Header,0.9999526739120483,0.17278333008289337,2.475579023361206,7.883805751800537,0.014000000432133675,7.569062783177293,-17.568802548717926,0.0,geometry_msgs/msg/Point,fpn_msgs/msg/MHEOutput
1662053694462766170,1662053694.462766171,1662053694464171296,/terrasentia/mhe_output,fpn_msgs/msg/MHEOutput,613,1662053694,462766170,builtin_interfaces/msg/Time,,std_msgs/msg/Header,0.9999938607215881,0.17311765253543854,2.4769463539123535,7.881007671356201,0.014000000432133675,7.565064049821589,-17.362550588836086,0.0,geometry_msgs/msg/Point,fpn_msgs/msg/MHEOutput
1662053694665922403,1662053694.665922403,1662053694666964768,/terrasentia/mhe_output,fpn_msgs/msg/MHEOutput,614,1662053694,665922403,builtin_interfaces/msg/Time,,std_msgs/msg/Header,0.9999963045120239,0.17508375644683838,2.4727487564086914,7.885686874389648,0.014000000432133675,7.552860273165097,-17.15652542440539,0.0,geometry_msgs/msg/Point,fpn_msgs/msg/MHEOutput
1662053694866379261,1662053694.866379261,1662053694867188672,/terrasentia/mhe_output,fpn_msgs/msg/MHEOutput,615,1662053694,866379261,builtin_interfaces/msg/Time,,std_msgs/msg/Header,0.9999864101409912,0.17540769279003143,2.4723989963531494,7.889313697814941,0.014000000432133675,7.543583513569908,-16.973372183370124,0.0,geometry_msgs/msg/Point,fpn_msgs/msg/MHEOutput
1662053695065114736,1662053695.065114737,1662053695065975104,/terrasentia/mhe_output,fpn_msgs/msg/MHEOutput,616,1662053695,65114736,builtin_interfaces/msg/Time,,std_msgs/msg/Header,0.9866685271263123,0.17569953203201294,2.472104787826538,7.890200138092041,0.014000000432133675,7.537747722753745,-16.804704635975817,0.0,geometry_msgs/msg/Point,fpn_msgs/msg/MHEOutput
1662053695262177705,1662053695.262177706,1662053695262866176,/terrasentia/mhe_output,fpn_msgs/msg/MHEOutput,617,1662053695,262177705,builtin_interfaces/msg/Time,,std_msgs/msg/Header,0.8599876165390015,0.1764281690120697,2.474019765853882,7.893765449523926,0.014000000432133675,7.531386824661833,-16.713252123440814,0.0,geometry_msgs/msg/Point,fpn_msgs/msg/MHEOutput
1662053695463747739,1662053695.463747740,1662053695464775296,/terrasentia/mhe_output,fpn_msgs/msg/MHEOutput,618,1662053695,463747739,builtin_interfaces/msg/Time,,std_msgs/msg/Header,0.9154787063598633,0.17790564894676208,2.4724574089050293,7.887162208557129,0.014000000432133675,7.528980070849143,-16.45598694741661,0.0,geometry_msgs/msg/Point,fpn_msgs/msg/MHEOutput
1662053695664578914,1662053695.664578915,1662053695665671264,/terrasentia/mhe_output,fpn_msgs/msg/MHEOutput,619,1662053695,664578914,builtin_interfaces/msg/Time,,std_msgs/msg/Header,0.9829341769218445,0.17820388078689575,2.469142436981201,7.8798508644104,0.014000000432133675,7.529470923586028,-16.191294984775237,0.0,geometry_msgs/msg/Point,fpn_msgs/msg/MHEOutput
1662053695860744714,1662053695.860744715,1662053695862108224,/terrasentia/mhe_output,fpn_msgs/msg/MHEOutput,620,1662053695,860744714,builtin_interfaces/msg/Time,,std_msgs/msg/Header,0.9999898672103882,0.17919118702411652,2.466130018234253,7.874577522277832,0.014000000432133675,7.5312428617900045,-15.972313604522471,0.0,geometry_msgs/msg/Point,fpn_msgs/msg/MHEOutput
1662053696064660072,1662053696.064660072,1662053696065566272,/terrasentia/mhe_output,fpn_msgs/msg/MHEOutput,621,1662053696,64660072,builtin_interfaces/msg/Time,,std_msgs/msg/Header,0.9999977350234985,0.18095198273658752,2.463984966278076,7.871988773345947,0.014000000432133675,7.528752574487571,-15.76850296322484,0.0,geometry_msgs/msg/Point,fpn_msgs/msg/MHEOutput
1662053696263733148,1662053696.263733149,1662053696264457728,/terrasentia/mhe_output,fpn_msgs/msg/MHEOutput,622,1662053696,263733148,builtin_interfaces/msg/Time,,std_msgs/msg/Header,0.9999985694885254,0.18265749514102936,2.4636502265930176,7.871278285980225,0.014000000432133675,7.52595053929788,-15.569208631015579,0.0,geometry_msgs/msg/Point,fpn_msgs/msg/MHEOutput
1662053696465176105,1662053696.465176105,1662053696465922688,/terrasentia/mhe_output,fpn_msgs/msg/MHEOutput,623,1662053696,465176105,builtin_interfaces/msg/Time,,std_msgs/msg/Header,0.9999937415122986,0.1843111515045166,2.464489221572876,7.870945453643799,0.014000000432133675,7.5227651158694595,-15.369981935859041,0.0,geometry_msgs/msg/Point,fpn_msgs/msg/MHEOutput
1662053696662330150,1662053696.662330151,1662053696663327616,/terrasentia/mhe_output,fpn_msgs/msg/MHEOutput,624,1662053696,662330150,builtin_interfaces/msg/Time,,std_msgs/msg/Header,0.957179605960846,0.1851961761713028,2.4644556045532227,7.86843204498291,0.014000000432133675,7.522519045275903,-15.204809009817119,0.0,geometry_msgs/msg/Point,fpn_msgs/msg/MHEOutput
1662053696867109537,1662053696.867109537,1662053696868217632,/terrasentia/mhe_output,fpn_msgs/msg/MHEOutput,625,1662053696,867109537,builtin_interfaces/msg/Time,,std_msgs/msg/Header,0.9335561394691467,0.18547381460666656,2.462270498275757,7.863141059875488,0.014000000432133675,7.528224776630269,-14.99451145149653,0.0,geometry_msgs/msg/Point,fpn_msgs/msg/MHEOutput
1662053697061611175,1662053697.061611176,1662053697062569536,/terrasentia/mhe_output,fpn_msgs/msg/MHEOutput,626,1662053697,61611175,builtin_interfaces/msg/Time,,std_msgs/msg/Header,0.9811772704124451,0.18574658036231995,2.4530582427978516,7.842922687530518,0.014000000432133675,7.554776304728946,-14.74717555848619,0.0,geometry_msgs/msg/Point,fpn_msgs/msg/MHEOutput
1662053697261966228,1662053697.261966228,1662053697262848928,/terrasentia/mhe_output,fpn_msgs/msg/MHEOutput,627,1662053697,261966228,builtin_interfaces/msg/Time,,std_msgs/msg/Header,0.9999717473983765,0.18660596013069153,2.4444024562835693,7.83510160446167,0.014000000432133675,7.565240421111271,-14.524462878192793,0.0,geometry_msgs/msg/Point,fpn_msgs/msg/MHEOutput
1662053697467203140,1662053697.467203140,1662053697468071584,/terrasentia/mhe_output,fpn_msgs/msg/MHEOutput,628,1662053697,467203140,builtin_interfaces/msg/Time,,std_msgs/msg/Header,0.9999964833259583,0.18814575672149658,2.437150478363037,7.829604148864746,0.014000000432133675,7.572978918275831,-14.320801013676824,0.0,geometry_msgs/msg/Point,fpn_msgs/msg/MHEOutput
1662053697663675069,1662053697.663675070,1662053697664619008,/terrasentia/mhe_output,fpn_msgs/msg/MHEOutput,629,1662053697,663675069,builtin_interfaces/msg/Time,,std_msgs/msg/Header,0.9999980330467224,0.18964336812496185,2.435228109359741,7.835316181182861,0.014000000432133675,7.568500650238941,-14.116808955175658,0.0,geometry_msgs/msg/Point,fpn_msgs/msg/MHEOutput
1662053697864659309,1662053697.864659309,1662053697865525216,/terrasentia/mhe_output,fpn_msgs/msg/MHEOutput,630,1662053697,864659309,builtin_interfaces/msg/Time,,std_msgs/msg/Header,0.9999983906745911,0.19110113382339478,2.4409091472625732,7.850917816162109,0.014000000432133675,7.549773004215942,-13.912766811396121,0.0,geometry_msgs/msg/Point,fpn_msgs/msg/MHEOutput
1662053698060972213,1662053698.060972214,1662053698061623168,/terrasentia/mhe_output,fpn_msgs/msg/MHEOutput,631,1662053698,60972213,builtin_interfaces/msg/Time,,std_msgs/msg/Header,0.9999973773956299,0.19252115488052368,2.449974536895752,7.8628249168396,0.014000000432133675,7.536819662657957,-13.679205056798,0.0,geometry_msgs/msg/Point,fpn_msgs/msg/MHEOutput
1662053698267764568,1662053698.267764568,1662053698269075616,/terrasentia/mhe_output,fpn_msgs/msg/MHEOutput,632,1662053698,267764568,builtin_interfaces/msg/Time,,std_msgs/msg/Header,0.9999085068702698,0.19278118014335632,2.467150926589966,7.868334770202637,0.014000000432133675,7.532605499249411,-13.449962732590494,0.0,geometry_msgs/msg/Point,fpn_msgs/msg/MHEOutput
1662053698463322162,1662053698.463322163,1662053698464174656,/terrasentia/mhe_output,fpn_msgs/msg/MHEOutput,633,1662053698,463322162,builtin_interfaces/msg/Time,,std_msgs/msg/Header,0.9999600648880005,0.1930404007434845,2.480656147003174,7.873778343200684,0.014000000432133675,7.526709702668258,-13.24813216067484,0.0,geometry_msgs/msg/Point,fpn_msgs/msg/MHEOutput
1662053698662472009,1662053698.662472010,1662053698663333376,/terrasentia/mhe_output,fpn_msgs/msg/MHEOutput,634,1662053698,662472009,builtin_interfaces/msg/Time,,std_msgs/msg/Header,0.9999390244483948,0.1932988464832306,2.48610782623291,7.8663859367370605,0.014000000432133675,7.527791005201138,-13.04418827380471,0.0,geometry_msgs/msg/Point,fpn_msgs/msg/MHEOutput
1662053698867673635,1662053698.867673635,1662053698868193152,/terrasentia/mhe_output,fpn_msgs/msg/MHEOutput,635,1662053698,867673635,builtin_interfaces/msg/Time,,std_msgs/msg/Header,0.9431692957878113,0.19355864822864532,2.489285945892334,7.862971782684326,0.014000000432133675,7.5283607387900595,-12.91902573484721,0.0,geometry_msgs/msg/Point,fpn_msgs/msg/MHEOutput
1662053699062888383,1662053699.062888384,1662053699063956576,/terrasentia/mhe_output,fpn_msgs/msg/MHEOutput,636,1662053699,62888383,builtin_interfaces/msg/Time,,std_msgs/msg/Header,0.9740247130393982,0.19380953907966614,2.4932377338409424,7.865390300750732,0.014000000432133675,7.518464490173641,-12.685032666866956,0.0,geometry_msgs/msg/Point,fpn_msgs/msg/MHEOutput
1662053699263039588,1662053699.263039589,1662053699264191424,/terrasentia/mhe_output,fpn_msgs/msg/MHEOutput,637,1662053699,263039588,builtin_interfaces/msg/Time,,std_msgs/msg/Header,0.9202767014503479,0.19497838616371155,2.4984607696533203,7.869424819946289,0.014000000432133675,7.509578315749114,-12.552815709565817,0.0,geometry_msgs/msg/Point,fpn_msgs/msg/MHEOutput
1662053699464269399,1662053699.464269400,1662053699465922880,/terrasentia/mhe_output,fpn_msgs/msg/MHEOutput,638,1662053699,464269399,builtin_interfaces/msg/Time,,std_msgs/msg/Header,0.8773841857910156,0.19606231153011322,2.5056543350219727,7.877553939819336,0.014000000432133675,7.502153557415618,-12.408406126340816,0.0,geometry_msgs/msg/Point,fpn_msgs/msg/MHEOutput
1662053699666479825,1662053699.666479826,1662053699667379392,/terrasentia/mhe_output,fpn_msgs/msg/MHEOutput,639,1662053699,666479825,builtin_interfaces/msg/Time,,std_msgs/msg/Header,0.9566421508789062,0.19630496203899384,2.5128841400146484,7.883301258087158,0.014000000432133675,7.490941001840922,-12.133128700509323,0.0,geometry_msgs/msg/Point,fpn_msgs/msg/MHEOutput
1662053699862493276,1662053699.862493277,1662053699863198368,/terrasentia/mhe_output,fpn_msgs/msg/MHEOutput,640,1662053699,862493276,builtin_interfaces/msg/Time,,std_msgs/msg/Header,0.9999904632568359,0.19654697179794312,2.514279842376709,7.87573766708374,0.014000000432133675,7.494528107733771,-11.885821859238314,0.0,geometry_msgs/msg/Point,fpn_msgs/msg/MHEOutput
1662053700063733816,1662053700.063733816,1662053700064587104,/terrasentia/mhe_output,fpn_msgs/msg/MHEOutput,641,1662053700,63733816,builtin_interfaces/msg/Time,,std_msgs/msg/Header,0.9999972581863403,0.1978348195552826,2.5090551376342773,7.860848426818848,0.014000000432133675,7.508954886972887,-11.679649324596898,0.0,geometry_msgs/msg/Point,fpn_msgs/msg/MHEOutput
1662053700263266324,1662053700.263266325,1662053700263984832,/terrasentia/mhe_output,fpn_msgs/msg/MHEOutput,642,1662053700,263266324,builtin_interfaces/msg/Time,,std_msgs/msg/Header,0.9999959468841553,0.19909332692623138,2.5016961097717285,7.849432468414307,0.014000000432133675,7.521331610797461,-11.498633554335115,0.0,geometry_msgs/msg/Point,fpn_msgs/msg/MHEOutput
1662053700464325666,1662053700.464325666,1662053700465106752,/terrasentia/mhe_output,fpn_msgs/msg/MHEOutput,643,1662053700,464325666,builtin_interfaces/msg/Time,,std_msgs/msg/Header,0.9999896287918091,0.20032386481761932,2.4908711910247803,7.833302974700928,0.014000000432133675,7.540633599398733,-11.267830501461289,0.0,geometry_msgs/msg/Point,fpn_msgs/msg/MHEOutput
1662053700662219047,1662053700.662219048,1662053700663262464,/terrasentia/mhe_output,fpn_msgs/msg/MHEOutput,644,1662053700,662219047,builtin_interfaces/msg/Time,,std_msgs/msg/Header,0.9999940395355225,0.20056182146072388,2.4835684299468994,7.82776403427124,0.014000000432133675,7.551888390028741,-11.088942147137388,0.0,geometry_msgs/msg/Point,fpn_msgs/msg/MHEOutput
1662053700860746145,1662053700.860746145,1662053700861717600,/terrasentia/mhe_output,fpn_msgs/msg/MHEOutput,645,1662053700,860746145,builtin_interfaces/msg/Time,,std_msgs/msg/Header,0.9999932050704956,0.2007991522550583,2.478907823562622,7.822795391082764,0.014000000432133675,7.564353936392656,-10.858091623866216,0.0,geometry_msgs/msg/Point,fpn_msgs/msg/MHEOutput
1662053701068309068,1662053701.068309069,1662053701069174272,/terrasentia/mhe_output,fpn_msgs/msg/MHEOutput,646,1662053701,68309068,builtin_interfaces/msg/Time,,std_msgs/msg/Header,0.9994294047355652,0.20096847414970398,2.4748759269714355,7.817049026489258,0.014000000432133675,7.5759212809155025,-10.629453393074465,0.0,geometry_msgs/msg/Point,fpn_msgs/msg/MHEOutput
1662053701265065908,1662053701.265065908,1662053701265740256,/terrasentia/mhe_output,fpn_msgs/msg/MHEOutput,647,1662053701,265065908,builtin_interfaces/msg/Time,,std_msgs/msg/Header,0.9608483910560608,0.20162872970104218,2.4752018451690674,7.90532112121582,0.014000000432133675,7.570218014029602,-10.541020972513,0.0,geometry_msgs/msg/Point,fpn_msgs/msg/MHEOutput
1662053701465482711,1662053701.465482712,1662053701466420416,/terrasentia/mhe_output,fpn_msgs/msg/MHEOutput,648,1662053701,465482711,builtin_interfaces/msg/Time,,std_msgs/msg/Header,0.9999958276748657,0.08421257138252258,2.4735066890716553,7.863400459289551,0.014000000432133675,7.566727626709478,-10.296697342616811,0.0,geometry_msgs/msg/Point,fpn_msgs/msg/MHEOutput
1662053701662442684,1662053701.662442684,1662053701663484736,/terrasentia/mhe_output,fpn_msgs/msg/MHEOutput,649,1662053701,662442684,builtin_interfaces/msg/Time,,std_msgs/msg/Header,0.9999963045120239,0.013382837176322937,2.4721133708953857,7.832767963409424,0.014000000432133675,7.580606281053085,-10.108738101929145,0.0,geometry_msgs/msg/Point,fpn_msgs/msg/MHEOutput
1662053701864113330,1662053701.864113331,1662053701864566112,/terrasentia/mhe_output,fpn_msgs/msg/MHEOutput,650,1662053701,864113330,builtin_interfaces/msg/Time,,std_msgs/msg/Header,0.9999966025352478,0.0019243558635935187,2.4698004722595215,7.822821140289307,0.014000000432133675,7.597181217645682,-9.868352903691118,0.0,geometry_msgs/msg/Point,fpn_msgs/msg/MHEOutput
1662053702065599441,1662053702.065599442,1662053702066568512,/terrasentia/mhe_output,fpn_msgs/msg/MHEOutput,651,1662053702,65599441,builtin_interfaces/msg/Time,,std_msgs/msg/Header,0.9999982118606567,0.0019638503435999155,2.467963933944702,7.819822311401367,0.014000000432133675,7.60737732262341,-9.664577561578136,0.0,geometry_msgs/msg/Point,fpn_msgs/msg/MHEOutput
1662053702263366937,1662053702.263366938,1662053702264379104,/terrasentia/mhe_output,fpn_msgs/msg/MHEOutput,652,1662053702,263366937,builtin_interfaces/msg/Time,,std_msgs/msg/Header,0.9999862313270569,0.002348175272345543,2.4663493633270264,7.817741394042969,0.014000000432133675,7.615723648935097,-9.50664904066485,0.0,geometry_msgs/msg/Point,fpn_msgs/msg/MHEOutput
1662053702468394994,1662053702.468394995,1662053702469258272,/terrasentia/mhe_output,fpn_msgs/msg/MHEOutput,653,1662053702,468394994,builtin_interfaces/msg/Time,,std_msgs/msg/Header,0.9999977350234985,0.0017506544245406985,2.4645819664001465,7.815349578857422,0.014000000432133675,7.625273957096737,-9.285037318416256,0.0,geometry_msgs/msg/Point,fpn_msgs/msg/MHEOutput
1662053702661899328,1662053702.661899328,1662053702662605568,/terrasentia/mhe_output,fpn_msgs/msg/MHEOutput,654,1662053702,661899328,builtin_interfaces/msg/Time,,std_msgs/msg/Header,0.9999985694885254,0.0005357160116545856,2.462151050567627,7.808624744415283,0.014000000432133675,7.642893731718943,-9.06126030620051,0.0,geometry_msgs/msg/Point,fpn_msgs/msg/MHEOutput
1662053702866271257,1662053702.866271257,1662053702866880736,/terrasentia/mhe_output,fpn_msgs/msg/MHEOutput,655,1662053702,866271257,builtin_interfaces/msg/Time,,std_msgs/msg/Header,0.9999980330467224,0.007528318557888269,2.4624667167663574,7.8130974769592285,0.014000000432133675,7.6490526673709605,-8.81186922942438,0.0,geometry_msgs/msg/Point,fpn_msgs/msg/MHEOutput
1662053703065901517,1662053703.065901518,1662053703067061856,/terrasentia/mhe_output,fpn_msgs/msg/MHEOutput,656,1662053703,65901517,builtin_interfaces/msg/Time,,std_msgs/msg/Header,0.9999985098838806,0.0021550869569182396,2.4619698524475098,7.809409141540527,0.014000000432133675,7.661283895684588,-8.646401114677438,0.0,geometry_msgs/msg/Point,fpn_msgs/msg/MHEOutput
1662053703265776634,1662053703.265776634,1662053703266384160,/terrasentia/mhe_output,fpn_msgs/msg/MHEOutput,657,1662053703,265776634,builtin_interfaces/msg/Time,,std_msgs/msg/Header,0.9999954104423523,0.0007101382361724973,2.461237907409668,7.806766986846924,0.014000000432133675,7.674507164886064,-8.425915278502128,0.0,geometry_msgs/msg/Point,fpn_msgs/msg/MHEOutput
1662053703464617967,1662053703.464617968,1662053703465564864,/terrasentia/mhe_output,fpn_msgs/msg/MHEOutput,658,1662053703,464617967,builtin_interfaces/msg/Time,,std_msgs/msg/Header,0.9999974966049194,0.004164738580584526,2.4620072841644287,7.810365676879883,0.014000000432133675,7.679053285871283,-8.225925508485906,0.0,geometry_msgs/msg/Point,fpn_msgs/msg/MHEOutput
1662053703669629096,1662053703.669629097,1662053703671401632,/terrasentia/mhe_output,fpn_msgs/msg/MHEOutput,659,1662053703,669629096,builtin_interfaces/msg/Time,,std_msgs/msg/Header,0.999998152256012,0.005498598329722881,2.4641895294189453,7.81434440612793,0.014000000432133675,7.6842303740852556,-8.055829273223482,0.0,geometry_msgs/msg/Point,fpn_msgs/msg/MHEOutput
1662053703865987300,1662053703.865987301,1662053703866672544,/terrasentia/mhe_output,fpn_msgs/msg/MHEOutput,660,1662053703,865987300,builtin_interfaces/msg/Time,,std_msgs/msg/Header,0.9999969601631165,0.0023280975874513388,2.4667270183563232,7.812454700469971,0.014000000432133675,7.693744009384449,-7.862128248897065,0.0,geometry_msgs/msg/Point,fpn_msgs/msg/MHEOutput
1662053704061989307,1662053704.061989307,1662053704062726880,/terrasentia/mhe_output,fpn_msgs/msg/MHEOutput,661,1662053704,61989307,builtin_interfaces/msg/Time,,std_msgs/msg/Header,0.9999980926513672,0.0010099175851792097,2.4697940349578857,7.812163829803467,0.014000000432133675,7.702161917260641,-7.695076968162004,0.0,geometry_msgs/msg/Point,fpn_msgs/msg/MHEOutput
1662053704265670299,1662053704.265670300,1662053704267044416,/terrasentia/mhe_output,fpn_msgs/msg/MHEOutput,662,1662053704,265670299,builtin_interfaces/msg/Time,,std_msgs/msg/Header,0.9999977946281433,0.0008843012619763613,2.4694032669067383,7.807198524475098,0.014000000432133675,7.712369012919618,-7.546377329279177,0.0,geometry_msgs/msg/Point,fpn_msgs/msg/MHEOutput
1662053704466376304,1662053704.466376305,1662053704467032896,/terrasentia/mhe_output,fpn_msgs/msg/MHEOutput,663,1662053704,466376304,builtin_interfaces/msg/Time,,std_msgs/msg/Header,0.9999977946281433,0.0009447919437661767,2.4696741104125977,7.8087286949157715,0.014000000432133675,7.720413198644336,-7.397577665517082,0.0,geometry_msgs/msg/Point,fpn_msgs/msg/MHEOutput
1662053704663971185,1662053704.663971186,1662053704664559744,/terrasentia/mhe_output,fpn_msgs/msg/MHEOutput,664,1662053704,663971185,builtin_interfaces/msg/Time,,std_msgs/msg/Header,0.9999985098838806,0.010881682857871056,2.4647510051727295,7.822760105133057,0.014000000432133675,7.732509701862875,-7.227478187491201,0.0,geometry_msgs/msg/Point,fpn_msgs/msg/MHEOutput
1662053704866967439,1662053704.866967440,1662053704868101088,/terrasentia/mhe_output,fpn_msgs/msg/MHEOutput,665,1662053704,866967439,builtin_interfaces/msg/Time,,std_msgs/msg/Header,0.999998152256012,0.03671085834503174,2.4594345092773438,7.889456748962402,0.014000000432133675,7.7228978746133405,-7.0370242761812065,0.0,geometry_msgs/msg/Point,fpn_msgs/msg/MHEOutput
1662053705067560434,1662053705.067560434,1662053705068564800,/terrasentia/mhe_output,fpn_msgs/msg/MHEOutput,666,1662053705,67560434,builtin_interfaces/msg/Time,,std_msgs/msg/Header,0.9999982714653015,0.05830119550228119,2.455930233001709,7.966370582580566,0.014000000432133675,7.704092140389863,-6.873053286685557,0.0,geometry_msgs/msg/Point,fpn_msgs/msg/MHEOutput
1662053705267581939,1662053705.267581940,1662053705268935168,/terrasentia/mhe_output,fpn_msgs/msg/MHEOutput,667,1662053705,267581939,builtin_interfaces/msg/Time,,std_msgs/msg/Header,0.9999977350234985,0.08185207843780518,2.4534332752227783,8.058414459228516,0.014000000432133675,7.6772515139793525,-6.730444153644553,0.0,geometry_msgs/msg/Point,fpn_msgs/msg/MHEOutput
1662053705462728738,1662053705.462728739,1662053705464182336,/terrasentia/mhe_output,fpn_msgs/msg/MHEOutput,668,1662053705,462728738,builtin_interfaces/msg/Time,,std_msgs/msg/Header,0.999997615814209,0.09965535253286362,2.4533066749572754,8.09561824798584,0.014000000432133675,7.638956028441677,-6.576037852210094,0.0,geometry_msgs/msg/Point,fpn_msgs/msg/MHEOutput
1662053705667366743,1662053705.667366743,1662053705669016192,/terrasentia/mhe_output,fpn_msgs/msg/MHEOutput,669,1662053705,667366743,builtin_interfaces/msg/Time,,std_msgs/msg/Header,0.9999977946281433,0.10594108700752258,2.449526071548462,8.09447193145752,0.014000000432133675,7.608290156771214,-6.400586468569268,0.0,geometry_msgs/msg/Point,fpn_msgs/msg/MHEOutput
1662053705868296861,1662053705.868296862,1662053705869154976,/terrasentia/mhe_output,fpn_msgs/msg/MHEOutput,670,1662053705,868296861,builtin_interfaces/msg/Time,,std_msgs/msg/Header,0.9999966621398926,0.10856377333402634,2.4440665245056152,8.090517044067383,0.014000000432133675,7.575630400156136,-6.196660589738855,0.0,geometry_msgs/msg/Point,fpn_msgs/msg/MHEOutput
1662053706067072868,1662053706.067072868,1662053706068136480,/terrasentia/mhe_output,fpn_msgs/msg/MHEOutput,671,1662053706,67072868,builtin_interfaces/msg/Time,,std_msgs/msg/Header,0.999993085861206,0.10455311089754105,2.4404542446136475,8.090723037719727,0.014000000432133675,7.53249899801481,-5.984038027295635,0.0,geometry_msgs/msg/Point,fpn_msgs/msg/MHEOutput
1662053706265187025,1662053706.265187025,1662053706266140256,/terrasentia/mhe_output,fpn_msgs/msg/MHEOutput,672,1662053706,265187025,builtin_interfaces/msg/Time,,std_msgs/msg/Header,0.999947190284729,0.10827495902776718,2.432624578475952,8.085915565490723,0.014000000432133675,7.4972303446901485,-5.818561275628045,0.0,geometry_msgs/msg/Point,fpn_msgs/msg/MHEOutput
1662053706467212915,1662053706.467212915,1662053706468737728,/terrasentia/mhe_output,fpn_msgs/msg/MHEOutput,673,1662053706,467212915,builtin_interfaces/msg/Time,,std_msgs/msg/Header,0.999994158744812,0.1150224432349205,2.430507183074951,8.093756675720215,0.014000000432133675,7.443634525311886,-5.633059127242284,0.0,geometry_msgs/msg/Point,fpn_msgs/msg/MHEOutput
1662053706666145324,1662053706.666145325,1662053706666625312,/terrasentia/mhe_output,fpn_msgs/msg/MHEOutput,674,1662053706,666145324,builtin_interfaces/msg/Time,,std_msgs/msg/Header,0.9999974966049194,0.11844334751367569,2.435638666152954,8.091827392578125,0.014000000432133675,7.3971485293697405,-5.4435552075690365,0.0,geometry_msgs/msg/Point,fpn_msgs/msg/MHEOutput
1662053706869341135,1662053706.869341135,1662053706870141696,/terrasentia/mhe_output,fpn_msgs/msg/MHEOutput,675,1662053706,869341135,builtin_interfaces/msg/Time,,std_msgs/msg/Header,0.9999973773956299,0.11896706372499466,2.445469856262207,8.108721733093262,0.014000000432133675,7.328090996694002,-5.240009866244643,0.0,geometry_msgs/msg/Point,fpn_msgs/msg/MHEOutput
1662053707063670873,1662053707.063670874,1662053707064288000,/terrasentia/mhe_output,fpn_msgs/msg/MHEOutput,676,1662053707,63670873,builtin_interfaces/msg/Time,,std_msgs/msg/Header,0.9999978542327881,0.11948475241661072,2.45753812789917,8.125252723693848,0.014000000432133675,7.259209693833611,-5.040952537447449,0.0,geometry_msgs/msg/Point,fpn_msgs/msg/MHEOutput
1662053707264888763,1662053707.264888763,1662053707265614272,/terrasentia/mhe_output,fpn_msgs/msg/MHEOutput,677,1662053707,264888763,builtin_interfaces/msg/Time,,std_msgs/msg/Header,0.9999958872795105,0.1199965849518776,2.466862440109253,8.132536888122559,0.014000000432133675,7.202279066824586,-4.866043289009473,0.0,geometry_msgs/msg/Point,fpn_msgs/msg/MHEOutput
1662053707463488340,1662053707.463488340,1662053707464267392,/terrasentia/mhe_output,fpn_msgs/msg/MHEOutput,678,1662053707,463488340,builtin_interfaces/msg/Time,,std_msgs/msg/Header,0.9999972581863403,0.12050272524356842,2.473466634750366,8.137407302856445,0.014000000432133675,7.139711126752611,-4.670945213623803,0.0,geometry_msgs/msg/Point,fpn_msgs/msg/MHEOutput
1662053707665151834,1662053707.665151834,1662053707665863328,/terrasentia/mhe_output,fpn_msgs/msg/MHEOutput,679,1662053707,665151834,builtin_interfaces/msg/Time,,std_msgs/msg/Header,0.9999980330467224,0.12100333720445633,2.4759511947631836,8.136548042297363,0.014000000432133675,7.085190060505588,-4.479377921406432,0.0,geometry_msgs/msg/Point,fpn_msgs/msg/MHEOutput
1662053707868560791,1662053707.868560791,1662053707869537024,/terrasentia/mhe_output,fpn_msgs/msg/MHEOutput,680,1662053707,868560791,builtin_interfaces/msg/Time,,std_msgs/msg/Header,0.9999969005584717,0.12149859219789505,2.4756510257720947,8.133739471435547,0.014000000432133675,7.025734383676063,-4.262746539270844,0.0,geometry_msgs/msg/Point,fpn_msgs/msg/MHEOutput
1662053708068779706,1662053708.068779707,1662053708069816032,/terrasentia/mhe_output,fpn_msgs/msg/MHEOutput,681,1662053708,68779706,builtin_interfaces/msg/Time,,std_msgs/msg/Header,0.9999973773956299,0.12198861688375473,2.4723007678985596,8.130048751831055,0.014000000432133675,6.975970117818645,-4.069046417995299,0.0,geometry_msgs/msg/Point,fpn_msgs/msg/MHEOutput
1662053708265178680,1662053708.265178680,1662053708265919584,/terrasentia/mhe_output,fpn_msgs/msg/MHEOutput,682,1662053708,265178680,builtin_interfaces/msg/Time,,std_msgs/msg/Header,0.999997615814209,0.12247356027364731,2.4671404361724854,8.144109725952148,0.014000000432133675,6.9265954825471585,-3.879805705544729,0.0,geometry_msgs/msg/Point,fpn_msgs/msg/MHEOutput
1662053708464552402,1662053708.464552402,1662053708465308928,/terrasentia/mhe_output,fpn_msgs/msg/MHEOutput,683,1662053708,464552402,builtin_interfaces/msg/Time,,std_msgs/msg/Header,0.9999977946281433,0.35491302609443665,2.4597585201263428,8.353134155273438,0.014000000432133675,6.858223324723958,-3.7405221175450203,0.0,geometry_msgs/msg/Point,fpn_msgs/msg/MHEOutput
1662053708666929960,1662053708.666929960,1662053708667820672,/terrasentia/mhe_output,fpn_msgs/msg/MHEOutput,684,1662053708,666929960,builtin_interfaces/msg/Time,,std_msgs/msg/Header,0.9999980926513672,0.352504700422287,2.457007646560669,8.510132789611816,0.014000000432133675,6.786367872267613,-3.611857001155591,0.0,geometry_msgs/msg/Point,fpn_msgs/msg/MHEOutput
1662053708868301391,1662053708.868301392,1662053708869145792,/terrasentia/mhe_output,fpn_msgs/msg/MHEOutput,685,1662053708,868301391,builtin_interfaces/msg/Time,,std_msgs/msg/Header,0.9999467730522156,0.2751833498477936,2.4499917030334473,8.417963027954102,0.014000000432133675,6.705810211347892,-3.4317128918538122,0.0,geometry_msgs/msg/Point,fpn_msgs/msg/MHEOutput
1662053709063084363,1662053709.063084364,1662053709064679488,/terrasentia/mhe_output,fpn_msgs/msg/MHEOutput,686,1662053709,63084363,builtin_interfaces/msg/Time,,std_msgs/msg/Header,0.9370898604393005,0.25221553444862366,2.434797525405884,8.372716903686523,0.014000000432133675,6.670868291236916,-3.31659180398155,0.0,geometry_msgs/msg/Point,fpn_msgs/msg/MHEOutput
1662053709261391401,1662053709.261391401,1662053709263048640,/terrasentia/mhe_output,fpn_msgs/msg/MHEOutput,687,1662053709,261391401,builtin_interfaces/msg/Time,,std_msgs/msg/Header,0.8316364288330078,0.25537192821502686,2.422396421432495,8.364664077758789,0.014000000432133675,6.635935964387394,-3.2472543445160915,0.0,geometry_msgs/msg/Point,fpn_msgs/msg/MHEOutput
1662053709461531639,1662053709.461531639,1662053709462909152,/terrasentia/mhe_output,fpn_msgs/msg/MHEOutput,688,1662053709,461531639,builtin_interfaces/msg/Time,,std_msgs/msg/Header,0.8740695714950562,0.25634142756462097,2.4143192768096924,8.361427307128906,0.014000000432133675,6.539305123429765,-3.060233573609424,0.0,geometry_msgs/msg/Point,fpn_msgs/msg/MHEOutput
1662053709661395788,1662053709.661395788,1662053709662678208,/terrasentia/mhe_output,fpn_msgs/msg/MHEOutput,689,1662053709,661395788,builtin_interfaces/msg/Time,,std_msgs/msg/Header,0.9424269795417786,0.2847159206867218,2.413506031036377,8.37875747680664,0.014000000432133675,6.4120640387026935,-2.8634585684421388,0.0,geometry_msgs/msg/Point,fpn_msgs/msg/MHEOutput
1662053709861407518,1662053709.861407518,1662053709863050624,/terrasentia/mhe_output,fpn_msgs/msg/MHEOutput,690,1662053709,861407518,builtin_interfaces/msg/Time,,std_msgs/msg/Header,0.9997712969779968,0.24520047008991241,2.4071543216705322,8.37430477142334,0.014000000432133675,6.300750828815754,-2.669425530303885,0.0,geometry_msgs/msg/Point,fpn_msgs/msg/MHEOutput
1662053710061917543,1662053710.061917543,1662053710063026528,/terrasentia/mhe_output,fpn_msgs/msg/MHEOutput,691,1662053710,61917543,builtin_interfaces/msg/Time,,std_msgs/msg/Header,0.9999954104423523,0.2905740737915039,2.41462779045105,8.388426780700684,0.014000000432133675,6.197394693753994,-2.5198660859043045,0.0,geometry_msgs/msg/Point,fpn_msgs/msg/MHEOutput
1662053710262147665,1662053710.262147665,1662053710263248544,/terrasentia/mhe_output,fpn_msgs/msg/MHEOutput,692,1662053710,262147665,builtin_interfaces/msg/Time,,std_msgs/msg/Header,0.9999959468841553,0.2908422648906708,2.426081657409668,8.388723373413086,0.014000000432133675,6.1141582913737995,-2.384905328166219,0.0,geometry_msgs/msg/Point,fpn_msgs/msg/MHEOutput
1662053710462239265,1662053710.462239265,1662053710462963040,/terrasentia/mhe_output,fpn_msgs/msg/MHEOutput,693,1662053710,462239265,builtin_interfaces/msg/Time,,std_msgs/msg/Header,0.9999979138374329,0.2911093831062317,2.444425344467163,8.40123462677002,0.014000000432133675,6.000343742517244,-2.214945379113064,0.0,geometry_msgs/msg/Point,fpn_msgs/msg/MHEOutput
1662053710662251949,1662053710.662251949,1662053710663595520,/terrasentia/mhe_output,fpn_msgs/msg/MHEOutput,694,1662053710,662251949,builtin_interfaces/msg/Time,,std_msgs/msg/Header,0.9999978542327881,0.29137542843818665,2.4538285732269287,8.403212547302246,0.014000000432133675,5.884913642046481,-2.0368738704018132,0.0,geometry_msgs/msg/Point,fpn_msgs/msg/MHEOutput
1662053710861345767,1662053710.861345768,1662053710861967712,/terrasentia/mhe_output,fpn_msgs/msg/MHEOutput,695,1662053710,861345767,builtin_interfaces/msg/Time,,std_msgs/msg/Header,0.9999963641166687,0.29164040088653564,2.4624905586242676,8.416642189025879,0.014000000432133675,5.753329009143938,-1.8541333186319442,0.0,geometry_msgs/msg/Point,fpn_msgs/msg/MHEOutput
1662053711066080331,1662053711.066080332,1662053711066827360,/terrasentia/mhe_output,fpn_msgs/msg/MHEOutput,696,1662053711,66080331,builtin_interfaces/msg/Time,,std_msgs/msg/Header,0.9999975562095642,0.2919043004512787,2.466249704360962,8.42149543762207,0.014000000432133675,5.637958780898485,-1.6853914623752144,0.0,geometry_msgs/msg/Point,fpn_msgs/msg/MHEOutput
1662053711264662981,1662053711.264662981,1662053711265637344,/terrasentia/mhe_output,fpn_msgs/msg/MHEOutput,697,1662053711,264662981,builtin_interfaces/msg/Time,,std_msgs/msg/Header,0.9999980330467224,0.29216715693473816,2.468614339828491,8.428089141845703,0.014000000432133675,5.52543438532944,-1.5190204491573918,0.0,geometry_msgs/msg/Point,fpn_msgs/msg/MHEOutput
1662053711461006641,1662053711.461006641,1662053711461898208,/terrasentia/mhe_output,fpn_msgs/msg/MHEOutput,698,1662053711,461006641,builtin_interfaces/msg/Time,,std_msgs/msg/Header,0.9999982118606567,0.2924292981624603,2.4680075645446777,8.496569633483887,0.014000000432133675,5.415007018082683,-1.362488419726237,0.0,geometry_msgs/msg/Point,fpn_msgs/msg/MHEOutput
1662053711662267446,1662053711.662267447,1662053711662977152,/terrasentia/mhe_output,fpn_msgs/msg/MHEOutput,699,1662053711,662267446,builtin_interfaces/msg/Time,,std_msgs/msg/Header,0.9999984502792358,0.5608835220336914,2.4674556255340576,8.794401168823242,0.014000000432133675,5.282818685854,-1.2585651244148859,0.0,geometry_msgs/msg/Point,fpn_msgs/msg/MHEOutput
1662053711860878705,1662053711.860878706,1662053711861482848,/terrasentia/mhe_output,fpn_msgs/msg/MHEOutput,700,1662053711,860878705,builtin_interfaces/msg/Time,,std_msgs/msg/Header,0.9999967217445374,0.3708721101284027,2.466642141342163,8.686674118041992,0.014000000432133675,5.128219358606108,-1.094699752800669,0.0,geometry_msgs/msg/Point,fpn_msgs/msg/MHEOutput
1662053712061964035,1662053712.061964035,1662053712063181792,/terrasentia/mhe_output,fpn_msgs/msg/MHEOutput,701,1662053712,61964035,builtin_interfaces/msg/Time,,std_msgs/msg/Header,0.9999964833259583,0.24897341430187225,2.4534201622009277,8.61116886138916,0.014000000432133675,5.013115900219344,-0.9314853346401324,0.0,geometry_msgs/msg/Point,fpn_msgs/msg/MHEOutput
1662053712263795375,1662053712.263795376,1662053712265204000,/terrasentia/mhe_output,fpn_msgs/msg/MHEOutput,702,1662053712,263795375,builtin_interfaces/msg/Time,,std_msgs/msg/Header,0.9999958872795105,0.20705334842205048,2.4438886642456055,8.588125228881836,0.014000000432133675,4.886876289418686,-0.7737936530245947,0.0,geometry_msgs/msg/Point,fpn_msgs/msg/MHEOutput
1662053712461114406,1662053712.461114407,1662053712461939744,/terrasentia/mhe_output,fpn_msgs/msg/MHEOutput,703,1662053712,461114406,builtin_interfaces/msg/Time,,std_msgs/msg/Header,0.9999946355819702,0.1685609221458435,2.437164783477783,8.574483871459961,0.014000000432133675,4.7633441722926255,-0.6179235452365925,0.0,geometry_msgs/msg/Point,fpn_msgs/msg/MHEOutput
1662053712667763710,1662053712.667763710,1662053712668734592,/terrasentia/mhe_output,fpn_msgs/msg/MHEOutput,704,1662053712,667763710,builtin_interfaces/msg/Time,,std_msgs/msg/Header,0.9999944567680359,0.13984830677509308,2.4317593574523926,8.601312637329102,0.014000000432133675,4.645058811827294,-0.47891216868741665,0.0,geometry_msgs/msg/Point,fpn_msgs/msg/MHEOutput
1662053712862686634,1662053712.862686634,1662053712863452352,/terrasentia/mhe_output,fpn_msgs/msg/MHEOutput,705,1662053712,862686634,builtin_interfaces/msg/Time,,std_msgs/msg/Header,0.9999936819076538,0.13975031673908234,2.426262855529785,8.673308372497559,0.014000000432133675,4.534258545761122,-0.3761842244082646,0.0,geometry_msgs/msg/Point,fpn_msgs/msg/MHEOutput
1662053713064631223,1662053713.064631224,1662053713065621184,/terrasentia/mhe_output,fpn_msgs/msg/MHEOutput,706,1662053713,64631223,builtin_interfaces/msg/Time,,std_msgs/msg/Header,0.9999886155128479,0.20913086831569672,2.4208076000213623,8.830265045166016,0.014000000432133675,4.4067565056926945,-0.2977795223322039,0.0,geometry_msgs/msg/Point,fpn_msgs/msg/MHEOutput
1662053713266121387,1662053713.266121387,1662053713267148736,/terrasentia/mhe_output,fpn_msgs/msg/MHEOutput,707,1662053713,266121387,builtin_interfaces/msg/Time,,std_msgs/msg/Header,0.9972230195999146,0.2770065665245056,2.4272518157958984,8.903465270996094,0.014000000432133675,4.254297287878433,-0.22451889899162483,0.0,geometry_msgs/msg/Point,fpn_msgs/msg/MHEOutput
1662053713462620973,1662053713.462620974,1662053713464051456,/terrasentia/mhe_output,fpn_msgs/msg/MHEOutput,708,1662053713,462620973,builtin_interfaces/msg/Time,,std_msgs/msg/Header,0.9026854038238525,0.2844247817993164,2.429110050201416,8.910658836364746,0.014000000432133675,4.169945314533391,-0.1889574160867367,0.0,geometry_msgs/msg/Point,fpn_msgs/msg/MHEOutput
1662053713662045240,1662053713.662045240,1662053713663585568,/terrasentia/mhe_output,fpn_msgs/msg/MHEOutput,709,1662053713,662045240,builtin_interfaces/msg/Time,,std_msgs/msg/Header,0.908814013004303,0.27866196632385254,2.428121566772461,8.961748123168945,0.014000000432133675,4.014772046678522,-0.09930126024568571,0.0,geometry_msgs/msg/Point,fpn_msgs/msg/MHEOutput
1662053713863740921,1662053713.863740921,1662053713864932704,/terrasentia/mhe_output,fpn_msgs/msg/MHEOutput,710,1662053713,863740921,builtin_interfaces/msg/Time,,std_msgs/msg/Header,0.9551458358764648,0.27010378241539,2.4303460121154785,9.076333999633789,0.014000000432133675,3.8479543046965183,-0.02630525450296064,0.0,geometry_msgs/msg/Point,fpn_msgs/msg/MHEOutput
1662053714064628124,1662053714.064628124,1662053714065743936,/terrasentia/mhe_output,fpn_msgs/msg/MHEOutput,711,1662053714,64628124,builtin_interfaces/msg/Time,,std_msgs/msg/Header,0.9994627237319946,0.264885812997818,2.42885684967041,9.195600509643555,0.014000000432133675,3.6874979137123725,0.03110187602084089,0.0,geometry_msgs/msg/Point,fpn_msgs/msg/MHEOutput
1662053714267087936,1662053714.267087936,1662053714267428608,/terrasentia/mhe_output,fpn_msgs/msg/MHEOutput,712,1662053714,267087936,builtin_interfaces/msg/Time,,std_msgs/msg/Header,0.9999929666519165,0.26002922654151917,2.4220829010009766,9.179434776306152,0.014000000432133675,3.5157646662519157,0.08446626148094374,0.0,geometry_msgs/msg/Point,fpn_msgs/msg/MHEOutput
1662053714465389966,1662053714.465389967,1662053714466144896,/terrasentia/mhe_output,fpn_msgs/msg/MHEOutput,713,1662053714,465389966,builtin_interfaces/msg/Time,,std_msgs/msg/Header,0.9999958872795105,0.26949384808540344,2.416391611099243,9.184845924377441,0.014000000432133675,3.3417311605358226,0.12476737224723053,0.0,geometry_msgs/msg/Point,fpn_msgs/msg/MHEOutput
1662053714661517381,1662053714.661517382,1662053714662490880,/terrasentia/mhe_output,fpn_msgs/msg/MHEOutput,714,1662053714,661517381,builtin_interfaces/msg/Time,,std_msgs/msg/Header,0.9999783635139465,0.28888118267059326,2.409496784210205,9.184438705444336,0.014000000432133675,3.190769649119825,0.16647048546835777,0.0,geometry_msgs/msg/Point,fpn_msgs/msg/MHEOutput
1662053714864114999,1662053714.864115000,1662053714865023456,/terrasentia/mhe_output,fpn_msgs/msg/MHEOutput,715,1662053714,864114999,builtin_interfaces/msg/Time,,std_msgs/msg/Header,0.9999921321868896,0.2703644037246704,2.4024746417999268,9.168734550476074,0.014000000432133675,3.0078498977161168,0.23122075474843065,0.0,geometry_msgs/msg/Point,fpn_msgs/msg/MHEOutput
1662053715069988250,1662053715.069988251,1662053715071281920,/terrasentia/mhe_output,fpn_msgs/msg/MHEOutput,716,1662053715,69988250,builtin_interfaces/msg/Time,,std_msgs/msg/Header,0.9909579157829285,0.25715598464012146,2.405649185180664,9.16270637512207,0.014000000432133675,2.81714157946779,0.29130143617190973,0.0,geometry_msgs/msg/Point,fpn_msgs/msg/MHEOutput
1662053715264437198,1662053715.264437199,1662053715265741152,/terrasentia/mhe_output,fpn_msgs/msg/MHEOutput,717,1662053715,264437198,builtin_interfaces/msg/Time,,std_msgs/msg/Header,0.9151695966720581,0.2689659297466278,2.406834125518799,9.280776023864746,0.014000000432133675,2.746527203453111,0.29665444538814334,0.0,geometry_msgs/msg/Point,fpn_msgs/msg/MHEOutput
1662053715467721462,1662053715.467721462,1662053715468674816,/terrasentia/mhe_output,fpn_msgs/msg/MHEOutput,718,1662053715,467721462,builtin_interfaces/msg/Time,,std_msgs/msg/Header,0.9997789859771729,0.29241886734962463,2.4157869815826416,9.313469886779785,0.014000000432133675,2.4869957613971576,0.31346151347390716,0.0,geometry_msgs/msg/Point,fpn_msgs/msg/MHEOutput
1662053715664535045,1662053715.664535046,1662053715665407360,/terrasentia/mhe_output,fpn_msgs/msg/MHEOutput,719,1662053715,664535045,builtin_interfaces/msg/Time,,std_msgs/msg/Header,0.9999943375587463,0.3205517530441284,2.4266302585601807,9.335037231445312,0.014000000432133675,2.296035223564398,0.3184297960575691,0.0,geometry_msgs/msg/Point,fpn_msgs/msg/MHEOutput
1662053715865731954,1662053715.865731955,1662053715866678784,/terrasentia/mhe_output,fpn_msgs/msg/MHEOutput,720,1662053715,865731954,builtin_interfaces/msg/Time,,std_msgs/msg/Header,0.9999977946281433,0.3348499834537506,2.4330663681030273,9.34339427947998,0.014000000432133675,2.1029466324224138,0.3289152683633382,0.0,geometry_msgs/msg/Point,fpn_msgs/msg/MHEOutput
1662053716066959381,1662053716.066959381,1662053716068659232,/terrasentia/mhe_output,fpn_msgs/msg/MHEOutput,721,1662053716,66959381,builtin_interfaces/msg/Time,,std_msgs/msg/Header,0.9999983906745911,0.38880398869514465,2.43640398979187,9.377445220947266,0.014000000432133675,1.9055821225607752,0.32127891775315215,0.0,geometry_msgs/msg/Point,fpn_msgs/msg/MHEOutput
1662053716266376972,1662053716.266376972,1662053716266950048,/terrasentia/mhe_output,fpn_msgs/msg/MHEOutput,722,1662053716,266376972,builtin_interfaces/msg/Time,,std_msgs/msg/Header,0.9999977946281433,0.41487064957618713,2.433995246887207,9.5328950881958,0.014000000432133675,1.713239253442993,0.3131044644586129,0.0,geometry_msgs/msg/Point,fpn_msgs/msg/MHEOutput
1662053716462865591,1662053716.462865591,1662053716463530080,/terrasentia/mhe_output,fpn_msgs/msg/MHEOutput,723,1662053716,462865591,builtin_interfaces/msg/Time,,std_msgs/msg/Header,0.999997615814209,0.4168705940246582,2.4305078983306885,9.524585723876953,0.014000000432133675,1.5199259917955534,0.3047126840469537,0.0,geometry_msgs/msg/Point,fpn_msgs/msg/MHEOutput
1662053716662755727,1662053716.662755728,1662053716665262752,/terrasentia/mhe_output,fpn_msgs/msg/MHEOutput,724,1662053716,662755727,builtin_interfaces/msg/Time,,std_msgs/msg/Header,0.9999974370002747,0.3673225939273834,2.416642189025879,9.499957084655762,0.014000000432133675,1.3279698050359718,0.3017966619036111,0.0,geometry_msgs/msg/Point,fpn_msgs/msg/MHEOutput
1662053716861899852,1662053716.861899853,1662053716862787936,/terrasentia/mhe_output,fpn_msgs/msg/MHEOutput,725,1662053716,861899852,builtin_interfaces/msg/Time,,std_msgs/msg/Header,0.9300935864448547,0.3497620224952698,2.4066073894500732,9.491902351379395,0.014000000432133675,1.1922829646754445,0.301761913469132,0.0,geometry_msgs/msg/Point,fpn_msgs/msg/MHEOutput
1662053717062253236,1662053717.062253237,1662053717063116832,/terrasentia/mhe_output,fpn_msgs/msg/MHEOutput,726,1662053717,62253236,builtin_interfaces/msg/Time,,std_msgs/msg/Header,0.982153058052063,0.3180067241191864,2.400690793991089,9.493789672851562,0.014000000432133675,0.9630255717708348,0.28374032004393174,0.0,geometry_msgs/msg/Point,fpn_msgs/msg/MHEOutput
1662053717263841629,1662053717.263841629,1662053717265035584,/terrasentia/mhe_output,fpn_msgs/msg/MHEOutput,727,1662053717,263841629,builtin_interfaces/msg/Time,,std_msgs/msg/Header,0.9999310374259949,0.2779354751110077,2.3962008953094482,9.590668678283691,0.014000000432133675,0.7852937505196345,0.2582608101780907,0.0,geometry_msgs/msg/Point,fpn_msgs/msg/MHEOutput
1662053717462000131,1662053717.462000132,1662053717462896032,/terrasentia/mhe_output,fpn_msgs/msg/MHEOutput,728,1662053717,462000131,builtin_interfaces/msg/Time,,std_msgs/msg/Header,0.9999843835830688,0.2276427298784256,2.3928427696228027,9.68781852722168,0.014000000432133675,0.6406033614737313,0.22129947134157485,0.0,geometry_msgs/msg/Point,fpn_msgs/msg/MHEOutput
1662053717660539627,1662053717.660539627,1662053717662950304,/terrasentia/mhe_output,fpn_msgs/msg/MHEOutput,729,1662053717,660539627,builtin_interfaces/msg/Time,,std_msgs/msg/Header,0.9999963045120239,0.2945155203342438,2.394768238067627,9.750227928161621,0.014000000432133675,0.4648879405206265,0.1546694027056051,0.0,geometry_msgs/msg/Point,fpn_msgs/msg/MHEOutput
1662053717865586996,1662053717.865586996,1662053717866484384,/terrasentia/mhe_output,fpn_msgs/msg/MHEOutput,730,1662053717,865586996,builtin_interfaces/msg/Time,,std_msgs/msg/Header,0.9999966621398926,0.36672309041023254,2.405529260635376,9.804543495178223,0.014000000432133675,0.3025045498495285,0.07394052520504464,0.0,geometry_msgs/msg/Point,fpn_msgs/msg/MHEOutput
1662053718064252614,1662053718.064252615,1662053718066092064,/terrasentia/mhe_output,fpn_msgs/msg/MHEOutput,731,1662053718,64252614,builtin_interfaces/msg/Time,,std_msgs/msg/Header,0.9999963641166687,0.3785708546638489,2.411607265472412,9.642398834228516,0.014000000432133675,0.16897371273871414,0.024667079377427983,0.0,geometry_msgs/msg/Point,fpn_msgs/msg/MHEOutput
1662053718263366460,1662053718.263366461,1662053718264205504,/terrasentia/mhe_output,fpn_msgs/msg/MHEOutput,732,1662053718,263366460,builtin_interfaces/msg/Time,,std_msgs/msg/Header,0.9999974966049194,0.3576759397983551,2.412402629852295,9.477275848388672,0.014000000432133675,0.012787958105349577,0.006640794557820535,0.0,geometry_msgs/msg/Point,fpn_msgs/msg/MHEOutput
1662053718463809967,1662053718.463809967,1662053718464592096,/terrasentia/mhe_output,fpn_msgs/msg/MHEOutput,733,1662053718,463809967,builtin_interfaces/msg/Time,,std_msgs/msg/Header,0.9999887943267822,0.3261619210243225,2.4105873107910156,9.379250526428223,0.014000000432133675,-0.16158718204939257,-0.032704504328134446,0.0,geometry_msgs/msg/Point,fpn_msgs/msg/MHEOutput
1662053718666698217,1662053718.666698217,1662053718667438368,/terrasentia/mhe_output,fpn_msgs/msg/MHEOutput,734,1662053718,666698217,builtin_interfaces/msg/Time,,std_msgs/msg/Header,0.9999971389770508,0.18949930369853973,2.4102120399475098,9.468456268310547,0.014000000432133675,-0.3177356634872915,-0.09293152582573519,0.0,geometry_msgs/msg/Point,fpn_msgs/msg/MHEOutput
1662053718861089229,1662053718.861089230,1662053718862235616,/terrasentia/mhe_output,fpn_msgs/msg/MHEOutput,735,1662053718,861089229,builtin_interfaces/msg/Time,,std_msgs/msg/Header,0.9999980926513672,0.0734800174832344,2.4192652702331543,9.64449691772461,0.014000000432133675,-0.4690414444383996,-0.1901163748671771,0.0,geometry_msgs/msg/Point,fpn_msgs/msg/MHEOutput
1662053719060357570,1662053719.060357571,1662053719060725920,/terrasentia/mhe_output,fpn_msgs/msg/MHEOutput,736,1662053719,60357570,builtin_interfaces/msg/Time,,std_msgs/msg/Header,0.9999986290931702,0.04612429812550545,2.428077220916748,9.724443435668945,0.014000000432133675,-0.6709731722548868,-0.2890050558592932,0.0,geometry_msgs/msg/Point,fpn_msgs/msg/MHEOutput
1662053719262002706,1662053719.262002707,1662053719263714944,/terrasentia/mhe_output,fpn_msgs/msg/MHEOutput,737,1662053719,262002706,builtin_interfaces/msg/Time,,std_msgs/msg/Header,0.9999982714653015,0.048902567476034164,2.4362311363220215,9.716421127319336,0.014000000432133675,-0.8639505685092379,-0.34953391316307275,0.0,geometry_msgs/msg/Point,fpn_msgs/msg/MHEOutput
1662053719467435359,1662053719.467435360,1662053719468374336,/terrasentia/mhe_output,fpn_msgs/msg/MHEOutput,738,1662053719,467435359,builtin_interfaces/msg/Time,,std_msgs/msg/Header,0.9999984502792358,0.03388611227273941,2.44181752204895,9.737865447998047,0.014000000432133675,-1.0849306672375332,-0.436832772449619,0.0,geometry_msgs/msg/Point,fpn_msgs/msg/MHEOutput
1662053719667526483,1662053719.667526484,1662053719669392672,/terrasentia/mhe_output,fpn_msgs/msg/MHEOutput,739,1662053719,667526483,builtin_interfaces/msg/Time,,std_msgs/msg/Header,0.9999983906745911,0.010319939814507961,2.446239471435547,9.75482177734375,0.014000000432133675,-1.3062735905434486,-0.5251258700894892,0.0,geometry_msgs/msg/Point,fpn_msgs/msg/MHEOutput
1662053719870496273,1662053719.870496273,1662053719871597728,/terrasentia/mhe_output,fpn_msgs/msg/MHEOutput,740,1662053719,870496273,builtin_interfaces/msg/Time,,std_msgs/msg/Header,0.9999973177909851,0.0054903472773730755,2.4398672580718994,9.754520416259766,0.014000000432133675,-1.4522742091412275,-0.5756266138086031,0.0,geometry_msgs/msg/Point,fpn_msgs/msg/MHEOutput
1662053720068264245,1662053720.068264246,1662053720069444672,/terrasentia/mhe_output,fpn_msgs/msg/MHEOutput,741,1662053720,68264245,builtin_interfaces/msg/Time,,std_msgs/msg/Header,0.999997615814209,0.03890366852283478,2.4333674907684326,9.788230895996094,0.014000000432133675,-1.620624473669249,-0.6360437920417388,0.0,geometry_msgs/msg/Point,fpn_msgs/msg/MHEOutput
1662053720263886451,1662053720.263886452,1662053720264772608,/terrasentia/mhe_output,fpn_msgs/msg/MHEOutput,742,1662053720,263886451,builtin_interfaces/msg/Time,,std_msgs/msg/Header,0.9999977946281433,0.2379484474658966,2.432039499282837,10.071396827697754,0.014000000432133675,-1.7551935098235223,-0.7355403335510525,0.0,geometry_msgs/msg/Point,fpn_msgs/msg/MHEOutput
1662053720462696790,1662053720.462696791,1662053720463448928,/terrasentia/mhe_output,fpn_msgs/msg/MHEOutput,743,1662053720,462696790,builtin_interfaces/msg/Time,,std_msgs/msg/Header,0.999997615814209,0.28898105025291443,2.433990955352783,10.145550727844238,0.014000000432133675,-1.8996967675307599,-0.8743774537971442,0.0,geometry_msgs/msg/Point,fpn_msgs/msg/MHEOutput
1662053720661847352,1662053720.661847353,1662053720662753632,/terrasentia/mhe_output,fpn_msgs/msg/MHEOutput,744,1662053720,661847352,builtin_interfaces/msg/Time,,std_msgs/msg/Header,0.9999973773956299,0.2665182054042816,2.426068067550659,10.099933624267578,0.014000000432133675,-2.059625503636037,-0.9630276014661311,0.0,geometry_msgs/msg/Point,fpn_msgs/msg/MHEOutput
1662053720865427255,1662053720.865427256,1662053720866550304,/terrasentia/mhe_output,fpn_msgs/msg/MHEOutput,745,1662053720,865427255,builtin_interfaces/msg/Time,,std_msgs/msg/Header,0.9207479953765869,0.24808305501937866,2.40397310256958,10.06387996673584,0.014000000432133675,-2.176128691803227,-1.0119078593381798,0.0,geometry_msgs/msg/Point,fpn_msgs/msg/MHEOutput
1662053721068524837,1662053721.068524837,1662053721069776160,/terrasentia/mhe_output,fpn_msgs/msg/MHEOutput,746,1662053721,68524837,builtin_interfaces/msg/Time,,std_msgs/msg/Header,0.9645817875862122,0.2524869441986084,2.3869922161102295,10.122650146484375,0.014000000432133675,-2.340501800036036,-1.1277225409385285,0.0,geometry_msgs/msg/Point,fpn_msgs/msg/MHEOutput
1662053721266251564,1662053721.266251564,1662053721266912288,/terrasentia/mhe_output,fpn_msgs/msg/MHEOutput,747,1662053721,266251564,builtin_interfaces/msg/Time,,std_msgs/msg/Header,0.9999852180480957,0.2677711248397827,2.3820433616638184,10.249585151672363,0.014000000432133675,-2.458995410862808,-1.2571124926134425,0.0,geometry_msgs/msg/Point,fpn_msgs/msg/MHEOutput
1662053721468455314,1662053721.468455315,1662053721470137152,/terrasentia/mhe_output,fpn_msgs/msg/MHEOutput,748,1662053721,468455314,builtin_interfaces/msg/Time,,std_msgs/msg/Header,0.9812712073326111,0.28010326623916626,2.3908379077911377,10.410993576049805,0.014000000432133675,-2.541559150490045,-1.3818721781704644,0.0,geometry_msgs/msg/Point,fpn_msgs/msg/MHEOutput
1662053721665884971,1662053721.665884972,1662053721667081120,/terrasentia/mhe_output,fpn_msgs/msg/MHEOutput,749,1662053721,665884971,builtin_interfaces/msg/Time,,std_msgs/msg/Header,0.9999070763587952,0.2440684288740158,2.396623134613037,10.48403263092041,0.014000000432133675,-2.6242574378036037,-1.4926156889394662,0.0,geometry_msgs/msg/Point,fpn_msgs/msg/MHEOutput
1662053721870802402,1662053721.870802402,1662053721871565440,/terrasentia/mhe_output,fpn_msgs/msg/MHEOutput,750,1662053721,870802402,builtin_interfaces/msg/Time,,std_msgs/msg/Header,0.9972831010818481,0.15261368453502655,2.3918771743774414,10.335628509521484,0.014000000432133675,-2.7436018519494576,-1.5896901537769994,0.0,geometry_msgs/msg/Point,fpn_msgs/msg/MHEOutput
1662053722063429117,1662053722.063429117,1662053722064681216,/terrasentia/mhe_output,fpn_msgs/msg/MHEOutput,751,1662053722,63429117,builtin_interfaces/msg/Time,,std_msgs/msg/Header,0.9999897480010986,0.1658223420381546,2.3945863246917725,10.372852325439453,0.014000000432133675,-2.828263336447291,-1.7468152637342278,0.0,geometry_msgs/msg/Point,fpn_msgs/msg/MHEOutput
1662053722263910055,1662053722.263910055,1662053722265099264,/terrasentia/mhe_output,fpn_msgs/msg/MHEOutput,752,1662053722,263910055,builtin_interfaces/msg/Time,,std_msgs/msg/Header,0.9999759793281555,0.1818968504667282,2.4026055335998535,10.40719985961914,0.014000000432133675,-2.909052430818786,-1.912444232777304,0.0,geometry_msgs/msg/Point,fpn_msgs/msg/MHEOutput
1662053722463494062,1662053722.463494062,1662053722464372640,/terrasentia/mhe_output,fpn_msgs/msg/MHEOutput,753,1662053722,463494062,builtin_interfaces/msg/Time,,std_msgs/msg/Header,0.9810087084770203,0.18268492817878723,2.411156415939331,10.42142391204834,0.014000000432133675,-3.0093722035559427,-2.077032063976505,0.0,geometry_msgs/msg/Point,fpn_msgs/msg/MHEOutput
1662053722669518709,1662053722.669518709,1662053722670628160,/terrasentia/mhe_output,fpn_msgs/msg/MHEOutput,754,1662053722,669518709,builtin_interfaces/msg/Time,,std_msgs/msg/Header,0.9999621510505676,0.18996909260749817,2.4152212142944336,10.447473526000977,0.014000000432133675,-3.1055245245322567,-2.2469506005167394,0.0,geometry_msgs/msg/Point,fpn_msgs/msg/MHEOutput
1662053722867145538,1662053722.867145538,1662053722867949056,/terrasentia/mhe_output,fpn_msgs/msg/MHEOutput,755,1662053722,867145538,builtin_interfaces/msg/Time,,std_msgs/msg/Header,0.9999927282333374,0.20673362910747528,2.416616678237915,10.490883827209473,0.014000000432133675,-3.1761267125237818,-2.415608811978976,0.0,geometry_msgs/msg/Point,fpn_msgs/msg/MHEOutput
1662053723068053483,1662053723.068053484,1662053723069329024,/terrasentia/mhe_output,fpn_msgs/msg/MHEOutput,756,1662053723,68053483,builtin_interfaces/msg/Time,,std_msgs/msg/Header,0.9999974370002747,0.21098099648952484,2.41456937789917,10.592583656311035,0.014000000432133675,-3.2369436563286427,-2.5414025745325444,0.0,geometry_msgs/msg/Point,fpn_msgs/msg/MHEOutput
1662053723262250661,1662053723.262250662,1662053723263557088,/terrasentia/mhe_output,fpn_msgs/msg/MHEOutput,757,1662053723,262250661,builtin_interfaces/msg/Time,,std_msgs/msg/Header,0.999995768070221,0.3583628535270691,2.4142024517059326,10.849360466003418,0.014000000432133675,-3.255748773153595,-2.6722747465552708,0.0,geometry_msgs/msg/Point,fpn_msgs/msg/MHEOutput
1662053723464367151,1662053723.464367151,1662053723465158880,/terrasentia/mhe_output,fpn_msgs/msg/MHEOutput,758,1662053723,464367151,builtin_interfaces/msg/Time,,std_msgs/msg/Header,0.9999789595603943,0.3313848674297333,2.4056448936462402,10.978495597839355,0.014000000432133675,-3.2852543301514774,-2.8253163002656816,0.0,geometry_msgs/msg/Point,fpn_msgs/msg/MHEOutput
1662053723664932966,1662053723.664932966,1662053723665756640,/terrasentia/mhe_output,fpn_msgs/msg/MHEOutput,759,1662053723,664932966,builtin_interfaces/msg/Time,,std_msgs/msg/Header,0.9523487687110901,0.28757140040397644,2.3921122550964355,10.903051376342773,0.014000000432133675,-3.3121337862333524,-2.9552186791884476,0.0,geometry_msgs/msg/Point,fpn_msgs/msg/MHEOutput
1662053723863072156,1662053723.863072157,1662053723864000096,/terrasentia/mhe_output,fpn_msgs/msg/MHEOutput,760,1662053723,863072156,builtin_interfaces/msg/Time,,std_msgs/msg/Header,0.9326962232589722,0.26888328790664673,2.383197546005249,10.885645866394043,0.014000000432133675,-3.336011394551916,-3.1182394328365723,0.0,geometry_msgs/msg/Point,fpn_msgs/msg/MHEOutput
1662053724063716411,1662053724.063716412,1662053724064475904,/terrasentia/mhe_output,fpn_msgs/msg/MHEOutput,761,1662053724,63716411,builtin_interfaces/msg/Time,,std_msgs/msg/Header,0.9385294318199158,0.26584792137145996,2.374915361404419,10.986213684082031,0.014000000432133675,-3.344290460967758,-3.270839766359493,0.0,geometry_msgs/msg/Point,fpn_msgs/msg/MHEOutput
1662053724262551784,1662053724.262551785,1662053724263972352,/terrasentia/mhe_output,fpn_msgs/msg/MHEOutput,762,1662053724,262551784,builtin_interfaces/msg/Time,,std_msgs/msg/Header,0.9822109341621399,0.261695921421051,2.365703582763672,11.101428031921387,0.014000000432133675,-3.347762839567897,-3.437440713501984,0.0,geometry_msgs/msg/Point,fpn_msgs/msg/MHEOutput
1662053724465846300,1662053724.465846300,1662053724466817248,/terrasentia/mhe_output,fpn_msgs/msg/MHEOutput,763,1662053724,465846300,builtin_interfaces/msg/Time,,std_msgs/msg/Header,0.999955415725708,0.25475651025772095,2.3668899536132812,11.092742919921875,0.014000000432133675,-3.334066776675668,-3.625507637017781,0.0,geometry_msgs/msg/Point,fpn_msgs/msg/MHEOutput
1662053724664092063,1662053724.664092064,1662053724665032160,/terrasentia/mhe_output,fpn_msgs/msg/MHEOutput,764,1662053724,664092063,builtin_interfaces/msg/Time,,std_msgs/msg/Header,0.9999952912330627,0.25994932651519775,2.3731367588043213,11.104427337646484,0.014000000432133675,-3.3003029147608034,-3.800817274926796,0.0,geometry_msgs/msg/Point,fpn_msgs/msg/MHEOutput
1662053724864980459,1662053724.864980459,1662053724866080896,/terrasentia/mhe_output,fpn_msgs/msg/MHEOutput,765,1662053724,864980459,builtin_interfaces/msg/Time,,std_msgs/msg/Header,0.9999950528144836,0.2548038065433502,2.388576030731201,11.126399993896484,0.014000000432133675,-3.2580681355795966,-3.992768630179951,0.0,geometry_msgs/msg/Point,fpn_msgs/msg/MHEOutput
1662053725068526506,1662053725.068526506,1662053725070170464,/terrasentia/mhe_output,fpn_msgs/msg/MHEOutput,766,1662053725,68526506,builtin_interfaces/msg/Time,,std_msgs/msg/Header,0.9999970197677612,0.2565973103046417,2.3977174758911133,11.127828598022461,0.014000000432133675,-3.2312467535832288,-4.175915007210696,0.0,geometry_msgs/msg/Point,fpn_msgs/msg/MHEOutput
1662053725266191959,1662053725.266191959,1662053725267077376,/terrasentia/mhe_output,fpn_msgs/msg/MHEOutput,767,1662053725,266191959,builtin_interfaces/msg/Time,,std_msgs/msg/Header,0.9999926686286926,0.21139541268348694,2.4060676097869873,11.109784126281738,0.014000000432133675,-3.225628599381502,-4.378175724254325,0.0,geometry_msgs/msg/Point,fpn_msgs/msg/MHEOutput
1662053725466553449,1662053725.466553450,1662053725468154944,/terrasentia/mhe_output,fpn_msgs/msg/MHEOutput,768,1662053725,466553449,builtin_interfaces/msg/Time,,std_msgs/msg/Header,0.9999889731407166,0.17565181851387024,2.414668321609497,11.103161811828613,0.014000000432133675,-3.2107149573391394,-4.568217543689965,0.0,geometry_msgs/msg/Point,fpn_msgs/msg/MHEOutput
1662053725667556047,1662053725.667556047,1662053725668694816,/terrasentia/mhe_output,fpn_msgs/msg/MHEOutput,769,1662053725,667556047,builtin_interfaces/msg/Time,,std_msgs/msg/Header,0.9999788999557495,0.14494402706623077,2.422475814819336,11.116090774536133,0.014000000432133675,-3.1762154649715977,-4.7561240224532435,0.0,geometry_msgs/msg/Point,fpn_msgs/msg/MHEOutput
1662053725867890834,1662053725.867890835,1662053725869044704,/terrasentia/mhe_output,fpn_msgs/msg/MHEOutput,770,1662053725,867890834,builtin_interfaces/msg/Time,,std_msgs/msg/Header,0.9999890327453613,0.14823129773139954,2.425801992416382,11.121469497680664,0.014000000432133675,-3.14504311119957,-4.9446030122211795,0.0,geometry_msgs/msg/Point,fpn_msgs/msg/MHEOutput
1662053726069767951,1662053726.069767952,1662053726070963488,/terrasentia/mhe_output,fpn_msgs/msg/MHEOutput,771,1662053726,69767951,builtin_interfaces/msg/Time,,std_msgs/msg/Header,0.9999947547912598,0.15133412182331085,2.4239256381988525,11.165815353393555,0.014000000432133675,-3.112631253024729,-5.116379996424736,0.0,geometry_msgs/msg/Point,fpn_msgs/msg/MHEOutput
1662053726262679338,1662053726.262679338,1662053726263864576,/terrasentia/mhe_output,fpn_msgs/msg/MHEOutput,772,1662053726,262679338,builtin_interfaces/msg/Time,,std_msgs/msg/Header,0.9999949336051941,0.2836650609970093,2.423384189605713,11.333558082580566,0.014000000432133675,-3.0593406891315555,-5.265860562864192,0.0,geometry_msgs/msg/Point,fpn_msgs/msg/MHEOutput
1662053726468203306,1662053726.468203306,1662053726469636800,/terrasentia/mhe_output,fpn_msgs/msg/MHEOutput,773,1662053726,468203306,builtin_interfaces/msg/Time,,std_msgs/msg/Header,0.9999942183494568,0.4459557831287384,2.432358741760254,11.46583366394043,0.014000000432133675,-2.9506737436592556,-5.4283114493170554,0.0,geometry_msgs/msg/Point,fpn_msgs/msg/MHEOutput
1662053726667374134,1662053726.667374134,1662053726668707392,/terrasentia/mhe_output,fpn_msgs/msg/MHEOutput,774,1662053726,667374134,builtin_interfaces/msg/Time,,std_msgs/msg/Header,0.9999808669090271,0.3637230098247528,2.435765027999878,11.403800010681152,0.014000000432133675,-2.905268979839803,-5.608226625688923,0.0,geometry_msgs/msg/Point,fpn_msgs/msg/MHEOutput
1662053726867980003,1662053726.867980003,1662053726868778912,/terrasentia/mhe_output,fpn_msgs/msg/MHEOutput,775,1662053726,867980003,builtin_interfaces/msg/Time,,std_msgs/msg/Header,0.9999929666519165,0.2986511290073395,2.424476385116577,11.353852272033691,0.014000000432133675,-2.866227515329825,-5.795248342895248,0.0,geometry_msgs/msg/Point,fpn_msgs/msg/MHEOutput
1662053727064786195,1662053727.064786196,1662053727065398816,/terrasentia/mhe_output,fpn_msgs/msg/MHEOutput,776,1662053727,64786195,builtin_interfaces/msg/Time,,std_msgs/msg/Header,0.9999916553497314,0.2585383355617523,2.406259298324585,11.326828956604004,0.014000000432133675,-2.820665884873272,-5.981026294672786,0.0,geometry_msgs/msg/Point,fpn_msgs/msg/MHEOutput
1662053727263261556,1662053727.263261557,1662053727263954464,/terrasentia/mhe_output,fpn_msgs/msg/MHEOutput,777,1662053727,263261556,builtin_interfaces/msg/Time,,std_msgs/msg/Header,0.9999925494194031,0.2397872656583786,2.3928685188293457,11.311882019042969,0.014000000432133675,-2.774209002140948,-6.167509164539635,0.0,geometry_msgs/msg/Point,fpn_msgs/msg/MHEOutput
1662053727462988138,1662053727.462988138,1662053727463874016,/terrasentia/mhe_output,fpn_msgs/msg/MHEOutput,778,1662053727,462988138,builtin_interfaces/msg/Time,,std_msgs/msg/Header,0.9999820590019226,0.23754802346229553,2.382467269897461,11.304666519165039,0.014000000432133675,-2.7238681336597326,-6.35017523543895,0.0,geometry_msgs/msg/Point,fpn_msgs/msg/MHEOutput
1662053727669554471,1662053727.669554472,1662053727670776704,/terrasentia/mhe_output,fpn_msgs/msg/MHEOutput,779,1662053727,669554471,builtin_interfaces/msg/Time,,std_msgs/msg/Header,0.9964551329612732,0.2410786896944046,2.375295400619507,11.405860900878906,0.014000000432133675,-2.6816220257247476,-6.467989549003227,0.0,geometry_msgs/msg/Point,fpn_msgs/msg/MHEOutput
1662053727863063335,1662053727.863063335,1662053727863709472,/terrasentia/mhe_output,fpn_msgs/msg/MHEOutput,780,1662053727,863063335,builtin_interfaces/msg/Time,,std_msgs/msg/Header,0.9999914765357971,0.300781786441803,2.373210906982422,11.571796417236328,0.014000000432133675,-2.6074186559486994,-6.599149017203224,0.0,geometry_msgs/msg/Point,fpn_msgs/msg/MHEOutput
1662053728066530704,1662053728.066530704,1662053728067114592,/terrasentia/mhe_output,fpn_msgs/msg/MHEOutput,781,1662053728,66530704,builtin_interfaces/msg/Time,,std_msgs/msg/Header,0.9999877214431763,0.3006643056869507,2.3791725635528564,11.568385124206543,0.014000000432133675,-2.5127641763153976,-6.761156804267863,0.0,geometry_msgs/msg/Point,fpn_msgs/msg/MHEOutput
1662053728266453027,1662053728.266453028,1662053728267275264,/terrasentia/mhe_output,fpn_msgs/msg/MHEOutput,782,1662053728,266453027,builtin_interfaces/msg/Time,,std_msgs/msg/Header,0.9853442907333374,0.20292101800441742,2.373119354248047,11.467095375061035,0.014000000432133675,-2.4783720818799884,-6.920596824749803,0.0,geometry_msgs/msg/Point,fpn_msgs/msg/MHEOutput
1662053728469270467,1662053728.469270468,1662053728469727168,/terrasentia/mhe_output,fpn_msgs/msg/MHEOutput,783,1662053728,469270467,builtin_interfaces/msg/Time,,std_msgs/msg/Header,0.9981552362442017,0.22596308588981628,2.3717081546783447,11.473822593688965,0.014000000432133675,-2.3759374260075914,-7.085398919504065,0.0,geometry_msgs/msg/Point,fpn_msgs/msg/MHEOutput
1662053728667634010,1662053728.667634010,1662053728668418944,/terrasentia/mhe_output,fpn_msgs/msg/MHEOutput,784,1662053728,667634010,builtin_interfaces/msg/Time,,std_msgs/msg/Header,0.999942421913147,0.2483738213777542,2.378154754638672,11.387887001037598,0.014000000432133675,-2.291223980883507,-7.2033104727222375,0.0,geometry_msgs/msg/Point,fpn_msgs/msg/MHEOutput
1662053728865295886,1662053728.865295887,1662053728866145952,/terrasentia/mhe_output,fpn_msgs/msg/MHEOutput,785,1662053728,865295886,builtin_interfaces/msg/Time,,std_msgs/msg/Header,0.9999897480010986,0.24261502921581268,2.3805553913116455,11.404558181762695,0.014000000432133675,-2.203662438197385,-7.367518755010011,0.0,geometry_msgs/msg/Point,fpn_msgs/msg/MHEOutput
1662053729066014528,1662053729.066014528,1662053729066866464,/terrasentia/mhe_output,fpn_msgs/msg/MHEOutput,786,1662053729,66014528,builtin_interfaces/msg/Time,,std_msgs/msg/Header,0.9999973177909851,0.21344566345214844,2.381678581237793,11.42825698852539,0.014000000432133675,-2.110257517533404,-7.531497372440656,0.0,geometry_msgs/msg/Point,fpn_msgs/msg/MHEOutput
1662053729264630079,1662053729.264630079,1662053729265855680,/terrasentia/mhe_output,fpn_msgs/msg/MHEOutput,787,1662053729,264630079,builtin_interfaces/msg/Time,,std_msgs/msg/Header,0.9999964237213135,0.09516209363937378,2.3951303958892822,11.46720027923584,0.014000000432133675,-1.9902612418572883,-7.672586377120039,0.0,geometry_msgs/msg/Point,fpn_msgs/msg/MHEOutput
1662053729470638036,1662053729.470638037,1662053729471331552,/terrasentia/mhe_output,fpn_msgs/msg/MHEOutput,788,1662053729,470638036,builtin_interfaces/msg/Time,,std_msgs/msg/Header,0.9999979734420776,0.016789503395557404,2.4107909202575684,11.54012393951416,0.014000000432133675,-1.8846184000988853,-7.78665449277221,0.0,geometry_msgs/msg/Point,fpn_msgs/msg/MHEOutput
1662053729661536931,1662053729.661536932,1662053729663051872,/terrasentia/mhe_output,fpn_msgs/msg/MHEOutput,789,1662053729,661536931,builtin_interfaces/msg/Time,,std_msgs/msg/Header,0.9999985694885254,0.0010625064605847,2.4251363277435303,11.565911293029785,0.014000000432133675,-1.7839877184983344,-7.915087802698699,0.0,geometry_msgs/msg/Point,fpn_msgs/msg/MHEOutput
1662053729869467496,1662053729.869467497,1662053729870581408,/terrasentia/mhe_output,fpn_msgs/msg/MHEOutput,790,1662053729,869467496,builtin_interfaces/msg/Time,,std_msgs/msg/Header,0.9999983906745911,0.018312379717826843,2.4272050857543945,11.538450241088867,0.014000000432133675,-1.6813323652069156,-8.076539520912364,0.0,geometry_msgs/msg/Point,fpn_msgs/msg/MHEOutput
1662053730063255310,1662053730.063255310,1662053730064006464,/terrasentia/mhe_output,fpn_msgs/msg/MHEOutput,791,1662053730,63255310,builtin_interfaces/msg/Time,,std_msgs/msg/Header,0.9999984502792358,0.0285619106143713,2.426987886428833,11.519411087036133,0.014000000432133675,-1.5773712357188796,-8.26143018395294,0.0,geometry_msgs/msg/Point,fpn_msgs/msg/MHEOutput
1662053730262735366,1662053730.262735367,1662053730264070464,/terrasentia/mhe_output,fpn_msgs/msg/MHEOutput,792,1662053730,262735366,builtin_interfaces/msg/Time,,std_msgs/msg/Header,0.9999984502792358,0.03653232380747795,2.425992488861084,11.50985050201416,0.014000000432133675,-1.4730917355916335,-8.449485620376059,0.0,geometry_msgs/msg/Point,fpn_msgs/msg/MHEOutput
1662053730464600324,1662053730.464600325,1662053730465426272,/terrasentia/mhe_output,fpn_msgs/msg/MHEOutput,793,1662053730,464600324,builtin_interfaces/msg/Time,,std_msgs/msg/Header,0.9999983310699463,0.04393220692873001,2.424701690673828,11.50295639038086,0.014000000432133675,-1.372801589734508,-8.635693267420596,0.0,geometry_msgs/msg/Point,fpn_msgs/msg/MHEOutput
1662053730664197206,1662053730.664197206,1662053730665135200,/terrasentia/mhe_output,fpn_msgs/msg/MHEOutput,794,1662053730,664197206,builtin_interfaces/msg/Time,,std_msgs/msg/Header,0.9999982118606567,0.04074504226446152,2.4246573448181152,11.505570411682129,0.014000000432133675,-1.263416635985263,-8.816153629176375,0.0,geometry_msgs/msg/Point,fpn_msgs/msg/MHEOutput
1662053730868310928,1662053730.868310928,1662053730869131168,/terrasentia/mhe_output,fpn_msgs/msg/MHEOutput,795,1662053730,868310928,builtin_interfaces/msg/Time,,std_msgs/msg/Header,0.9999949336051941,0.05769459530711174,2.429395914077759,11.466620445251465,0.014000000432133675,-1.1973522244994572,-8.94820608811395,0.0,geometry_msgs/msg/Point,fpn_msgs/msg/MHEOutput
1662053731068535566,1662053731.068535566,1662053731070448928,/terrasentia/mhe_output,fpn_msgs/msg/MHEOutput,796,1662053731,68535566,builtin_interfaces/msg/Time,,std_msgs/msg/Header,0.9999958872795105,0.05860329419374466,2.432966709136963,11.440221786499023,0.014000000432133675,-1.1138329127471933,-9.099160291958327,0.0,geometry_msgs/msg/Point,fpn_msgs/msg/MHEOutput
1662053731263369560,1662053731.263369560,1662053731264287008,/terrasentia/mhe_output,fpn_msgs/msg/MHEOutput,797,1662053731,263369560,builtin_interfaces/msg/Time,,std_msgs/msg/Header,0.9999970197677612,0.10051380842924118,2.4374935626983643,11.353557586669922,0.014000000432133675,-1.0492483756790474,-9.253235334596459,0.0,geometry_msgs/msg/Point,fpn_msgs/msg/MHEOutput
1662053731466364860,1662053731.466364861,1662053731467106624,/terrasentia/mhe_output,fpn_msgs/msg/MHEOutput,798,1662053731,466364860,builtin_interfaces/msg/Time,,std_msgs/msg/Header,0.9999976754188538,0.13956627249717712,2.4402527809143066,11.239041328430176,0.014000000432133675,-1.0026387005838586,-9.40881772156981,0.0,geometry_msgs/msg/Point,fpn_msgs/msg/MHEOutput
1662053731660778760,1662053731.660778761,1662053731661448480,/terrasentia/mhe_output,fpn_msgs/msg/MHEOutput,799,1662053731,660778760,builtin_interfaces/msg/Time,,std_msgs/msg/Header,0.9999967217445374,0.12787273526191711,2.44694185256958,11.270587921142578,0.014000000432133675,-0.9369681243007009,-9.578239582725168,0.0,geometry_msgs/msg/Point,fpn_msgs/msg/MHEOutput
1662053731860759973,1662053731.860759974,1662053731861504320,/terrasentia/mhe_output,fpn_msgs/msg/MHEOutput,800,1662053731,860759973,builtin_interfaces/msg/Time,,std_msgs/msg/Header,0.9999973773956299,0.11910500377416611,2.4544105529785156,11.28813648223877,0.014000000432133675,-0.8690722761059252,-9.761293501211702,0.0,geometry_msgs/msg/Point,fpn_msgs/msg/MHEOutput
1662053732062747240,1662053732.062747240,1662053732064314048,/terrasentia/mhe_output,fpn_msgs/msg/MHEOutput,801,1662053732,62747240,builtin_interfaces/msg/Time,,std_msgs/msg/Header,0.9999977946281433,0.11369810253381729,2.457167387008667,11.286337852478027,0.014000000432133675,-0.8124419432108656,-9.951266549478229,0.0,geometry_msgs/msg/Point,fpn_msgs/msg/MHEOutput
1662053732265178203,1662053732.265178204,1662053732266025760,/terrasentia/mhe_output,fpn_msgs/msg/MHEOutput,802,1662053732,265178203,builtin_interfaces/msg/Time,,std_msgs/msg/Header,0.9999966025352478,0.11092119663953781,2.4612514972686768,11.286231994628906,0.014000000432133675,-0.7617256582549995,-10.117324544604172,0.0,geometry_msgs/msg/Point,fpn_msgs/msg/MHEOutput
1662053732464788913,1662053732.464788914,1662053732465918624,/terrasentia/mhe_output,fpn_msgs/msg/MHEOutput,803,1662053732,464788913,builtin_interfaces/msg/Time,,std_msgs/msg/Header,0.9704918265342712,0.15346738696098328,2.4577744007110596,11.247002601623535,0.014000000432133675,-0.7360620446257586,-10.2910062040136,0.0,geometry_msgs/msg/Point,fpn_msgs/msg/MHEOutput
1662053732666669845,1662053732.666669846,1662053732668246848,/terrasentia/mhe_output,fpn_msgs/msg/MHEOutput,804,1662053732,666669845,builtin_interfaces/msg/Time,,std_msgs/msg/Header,0.9530432820320129,0.18242013454437256,2.459045886993408,11.228605270385742,0.014000000432133675,-0.7125205935370598,-10.447224263757697,0.0,geometry_msgs/msg/Point,fpn_msgs/msg/MHEOutput
1662053732865828275,1662053732.865828276,1662053732866716352,/terrasentia/mhe_output,fpn_msgs/msg/MHEOutput,805,1662053732,865828275,builtin_interfaces/msg/Time,,std_msgs/msg/Header,0.9682229161262512,0.1949351727962494,2.460298538208008,11.226922035217285,0.014000000432133675,-0.6730540379113196,-10.622645811404121,0.0,geometry_msgs/msg/Point,fpn_msgs/msg/MHEOutput
1662053733070225715,1662053733.070225716,1662053733070745472,/terrasentia/mhe_output,fpn_msgs/msg/MHEOutput,806,1662053733,70225715,builtin_interfaces/msg/Time,,std_msgs/msg/Header,0.999792754650116,0.19517123699188232,2.461555004119873,11.227134704589844,0.014000000432133675,-0.6300896625099485,-10.80904490224801,0.0,geometry_msgs/msg/Point,fpn_msgs/msg/MHEOutput
1662053733264460086,1662053733.264460087,1662053733266296064,/terrasentia/mhe_output,fpn_msgs/msg/MHEOutput,807,1662053733,264460086,builtin_interfaces/msg/Time,,std_msgs/msg/Header,0.9999925494194031,0.19649119675159454,2.461876153945923,11.215869903564453,0.014000000432133675,-0.591141746277871,-11.014807276118656,0.0,geometry_msgs/msg/Point,fpn_msgs/msg/MHEOutput
1662053733463740587,1662053733.463740587,1662053733465182784,/terrasentia/mhe_output,fpn_msgs/msg/MHEOutput,808,1662053733,463740587,builtin_interfaces/msg/Time,,std_msgs/msg/Header,0.9999982714653015,0.1977803260087967,2.46996808052063,11.205620765686035,0.014000000432133675,-0.5598364715034075,-11.209312229602975,0.0,geometry_msgs/msg/Point,fpn_msgs/msg/MHEOutput
1662053733664319276,1662053733.664319277,1662053733665583040,/terrasentia/mhe_output,fpn_msgs/msg/MHEOutput,809,1662053733,664319276,builtin_interfaces/msg/Time,,std_msgs/msg/Header,0.999998927116394,0.19881530106067657,2.47560715675354,11.198054313659668,0.014000000432133675,-0.527889304747521,-11.40306925073144,0.0,geometry_msgs/msg/Point,fpn_msgs/msg/MHEOutput
1662053733861896753,1662053733.861896753,1662053733863662336,/terrasentia/mhe_output,fpn_msgs/msg/MHEOutput,810,1662053733,861896753,builtin_interfaces/msg/Time,,std_msgs/msg/Header,0.9999989867210388,0.19983279705047607,2.480534791946411,11.192370414733887,0.014000000432133675,-0.4889596420846417,-11.619300349843677,0.0,geometry_msgs/msg/Point,fpn_msgs/msg/MHEOutput
1662053734065063714,1662053734.065063715,1662053734066699744,/terrasentia/mhe_output,fpn_msgs/msg/MHEOutput,811,1662053734,65063714,builtin_interfaces/msg/Time,,std_msgs/msg/Header,0.999998927116394,0.20083342492580414,2.4780378341674805,11.189064979553223,0.014000000432133675,-0.449488143026253,-11.835348602150736,0.0,geometry_msgs/msg/Point,fpn_msgs/msg/MHEOutput
1662053734266914844,1662053734.266914845,1662053734268262496,/terrasentia/mhe_output,fpn_msgs/msg/MHEOutput,812,1662053734,266914844,builtin_interfaces/msg/Time,,std_msgs/msg/Header,0.9999982714653015,0.2020263522863388,2.4708142280578613,11.184822082519531,0.014000000432133675,-0.41618169672023514,-12.026392963267165,0.0,geometry_msgs/msg/Point,fpn_msgs/msg/MHEOutput
1662053734461161136,1662053734.461161137,1662053734461584416,/terrasentia/mhe_output,fpn_msgs/msg/MHEOutput,813,1662053734,461161136,builtin_interfaces/msg/Time,,std_msgs/msg/Header,0.9999979138374329,0.20319418609142303,2.4641811847686768,11.172399520874023,0.014000000432133675,-0.3889098356967012,-12.243689089333966,0.0,geometry_msgs/msg/Point,fpn_msgs/msg/MHEOutput
1662053734663970708,1662053734.663970709,1662053734665206336,/terrasentia/mhe_output,fpn_msgs/msg/MHEOutput,814,1662053734,663970708,builtin_interfaces/msg/Time,,std_msgs/msg/Header,0.9999960660934448,0.20433801412582397,2.4562902450561523,11.156269073486328,0.014000000432133675,-0.3686312428272771,-12.46171654134552,0.0,geometry_msgs/msg/Point,fpn_msgs/msg/MHEOutput
1662053734862710237,1662053734.862710238,1662053734863185440,/terrasentia/mhe_output,fpn_msgs/msg/MHEOutput,815,1662053734,862710237,builtin_interfaces/msg/Time,,std_msgs/msg/Header,0.9999963045120239,0.20545881986618042,2.4527313709259033,11.153820037841797,0.014000000432133675,-0.3407029842941895,-12.652354632819675,0.0,geometry_msgs/msg/Point,fpn_msgs/msg/MHEOutput
1662053735061937570,1662053735.061937571,1662053735062993920,/terrasentia/mhe_output,fpn_msgs/msg/MHEOutput,816,1662053735,61937570,builtin_interfaces/msg/Time,,std_msgs/msg/Header,0.999997079372406,0.20655755698680878,2.44503116607666,11.15455436706543,0.014000000432133675,-0.3098629930962825,-12.842204665605784,0.0,geometry_msgs/msg/Point,fpn_msgs/msg/MHEOutput
1662053735265533924,1662053735.265533924,1662053735266398784,/terrasentia/mhe_output,fpn_msgs/msg/MHEOutput,817,1662053735,265533924,builtin_interfaces/msg/Time,,std_msgs/msg/Header,0.9999977350234985,0.2076350897550583,2.5418782234191895,11.075437545776367,0.014000000432133675,-0.3568190767785197,-13.041203693065889,0.0,geometry_msgs/msg/Point,fpn_msgs/msg/MHEOutput
1662053735466812849,1662053735.466812849,1662053735467855232,/terrasentia/mhe_output,fpn_msgs/msg/MHEOutput,818,1662053735,466812849,builtin_interfaces/msg/Time,,std_msgs/msg/Header,0.9999980926513672,0.208692267537117,2.60215425491333,11.086666107177734,0.014000000432133675,-0.3210014730004383,-13.230215610908623,0.0,geometry_msgs/msg/Point,fpn_msgs/msg/MHEOutput
1662053735667338132,1662053735.667338133,1662053735668509696,/terrasentia/mhe_output,fpn_msgs/msg/MHEOutput,819,1662053735,667338132,builtin_interfaces/msg/Time,,std_msgs/msg/Header,0.9999970197677612,0.209729865193367,2.640162706375122,11.094340324401855,0.014000000432133675,-0.2923847406873536,-13.396597732497352,0.0,geometry_msgs/msg/Point,fpn_msgs/msg/MHEOutput
1662053735866438150,1662053735.866438150,1662053735867481920,/terrasentia/mhe_output,fpn_msgs/msg/MHEOutput,820,1662053735,866438150,builtin_interfaces/msg/Time,,std_msgs/msg/Header,0.9999935030937195,0.20994511246681213,2.662886619567871,11.095597267150879,0.014000000432133675,-0.2646812379614536,-13.60903263235352,0.0,geometry_msgs/msg/Point,fpn_msgs/msg/MHEOutput
1662053736072957992,1662053736.072957993,1662053736074051072,/terrasentia/mhe_output,fpn_msgs/msg/MHEOutput,821,1662053736,72957992,builtin_interfaces/msg/Time,,std_msgs/msg/Header,0.9932730793952942,0.21010391414165497,2.676567792892456,11.096446990966797,0.014000000432133675,-0.24480923931479048,-13.76886095052345,0.0,geometry_msgs/msg/Point,fpn_msgs/msg/MHEOutput
1662053736262606382,1662053736.262606382,1662053736263547040,/terrasentia/mhe_output,fpn_msgs/msg/MHEOutput,822,1662053736,262606382,builtin_interfaces/msg/Time,,std_msgs/msg/Header,0.9527286291122437,0.21066860854625702,2.681924343109131,11.088897705078125,0.014000000432133675,-0.2353920527132838,-13.902925686452168,0.0,geometry_msgs/msg/Point,fpn_msgs/msg/MHEOutput
1662053736463701248,1662053736.463701248,1662053736464417248,/terrasentia/mhe_output,fpn_msgs/msg/MHEOutput,823,1662053736,463701248,builtin_interfaces/msg/Time,,std_msgs/msg/Header,0.9999420642852783,0.21082663536071777,2.6863536834716797,11.09008502960205,0.014000000432133675,-0.2108539879028683,-14.133888176772636,0.0,geometry_msgs/msg/Point,fpn_msgs/msg/MHEOutput
1662053736666459560,1662053736.666459560,1662053736667135840,/terrasentia/mhe_output,fpn_msgs/msg/MHEOutput,824,1662053736,666459560,builtin_interfaces/msg/Time,,std_msgs/msg/Header,0.999992311000824,0.21182586252689362,2.6924312114715576,11.097805976867676,0.014000000432133675,-0.18286355666604237,-14.331375954454417,0.0,geometry_msgs/msg/Point,fpn_msgs/msg/MHEOutput
1662053736866594791,1662053736.866594791,1662053736867916608,/terrasentia/mhe_output,fpn_msgs/msg/MHEOutput,825,1662053736,866594791,builtin_interfaces/msg/Time,,std_msgs/msg/Header,0.9999976754188538,0.21280767023563385,2.5947985649108887,11.172323226928711,0.014000000432133675,-0.08603380260910297,-14.529410872969772,0.0,geometry_msgs/msg/Point,fpn_msgs/msg/MHEOutput
1662053737062485933,1662053737.062485933,1662053737063299136,/terrasentia/mhe_output,fpn_msgs/msg/MHEOutput,826,1662053737,62485933,builtin_interfaces/msg/Time,,std_msgs/msg/Header,0.9999985098838806,0.21377263963222504,2.533123731613159,11.155317306518555,0.014000000432133675,-0.07705827788125329,-14.739954461658419,0.0,geometry_msgs/msg/Point,fpn_msgs/msg/MHEOutput
1662053737263431787,1662053737.263431787,1662053737264054496,/terrasentia/mhe_output,fpn_msgs/msg/MHEOutput,827,1662053737,263431787,builtin_interfaces/msg/Time,,std_msgs/msg/Header,0.9999952912330627,0.21472139656543732,2.495089292526245,11.14655590057373,0.014000000432133675,-0.06047117983534981,-14.946225833799081,0.0,geometry_msgs/msg/Point,fpn_msgs/msg/MHEOutput
1662053737461333274,1662053737.461333275,1662053737462553440,/terrasentia/mhe_output,fpn_msgs/msg/MHEOutput,828,1662053737,461333274,builtin_interfaces/msg/Time,,std_msgs/msg/Header,0.9999980926513672,0.21565449237823486,2.470716714859009,11.139955520629883,0.014000000432133675,-0.04060326822893237,-15.156183678234196,0.0,geometry_msgs/msg/Point,fpn_msgs/msg/MHEOutput
1662053737661992788,1662053737.661992788,1662053737663101792,/terrasentia/mhe_output,fpn_msgs/msg/MHEOutput,829,1662053737,661992788,builtin_interfaces/msg/Time,,std_msgs/msg/Header,0.9999977350234985,0.21657243371009827,2.453158378601074,11.130220413208008,0.014000000432133675,-0.024544054672133633,-15.38898948170119,0.0,geometry_msgs/msg/Point,fpn_msgs/msg/MHEOutput
1662053737864128589,1662053737.864128590,1662053737865163200,/terrasentia/mhe_output,fpn_msgs/msg/MHEOutput,830,1662053737,864128589,builtin_interfaces/msg/Time,,std_msgs/msg/Header,0.9999959468841553,0.2174757421016693,2.441157341003418,11.125304222106934,0.014000000432133675,-0.00046823463012750767,-15.623125748707304,0.0,geometry_msgs/msg/Point,fpn_msgs/msg/MHEOutput
1662053738065015554,1662053738.065015554,1662053738065732928,/terrasentia/mhe_output,fpn_msgs/msg/MHEOutput,831,1662053738,65015554,builtin_interfaces/msg/Time,,std_msgs/msg/Header,0.9999973773956299,0.2183648943901062,2.428927183151245,11.112648963928223,0.014000000432133675,0.0096890631383626,-15.833889864015338,0.0,geometry_msgs/msg/Point,fpn_msgs/msg/MHEOutput
1662053738263187646,1662053738.263187647,1662053738264683776,/terrasentia/mhe_output,fpn_msgs/msg/MHEOutput,832,1662053738,263187646,builtin_interfaces/msg/Time,,std_msgs/msg/Header,0.9999933838844299,0.2185622751712799,2.41865611076355,11.102326393127441,0.014000000432133675,0.018458844976935156,-16.018983105773586,0.0,geometry_msgs/msg/Point,fpn_msgs/msg/MHEOutput
1662053738467756509,1662053738.467756510,1662053738468524448,/terrasentia/mhe_output,fpn_msgs/msg/MHEOutput,833,1662053738,467756509,builtin_interfaces/msg/Time,,std_msgs/msg/Header,0.9999966621398926,0.2194347083568573,2.4118990898132324,11.099128723144531,0.014000000432133675,0.037794369154992055,-16.22434919415378,0.0,geometry_msgs/msg/Point,fpn_msgs/msg/MHEOutput
1662053738663505077,1662053738.663505077,1662053738664364064,/terrasentia/mhe_output,fpn_msgs/msg/MHEOutput,834,1662053738,663505077,builtin_interfaces/msg/Time,,std_msgs/msg/Header,0.9999978542327881,0.22029396891593933,2.409205198287964,11.101653099060059,0.014000000432133675,0.0632129462206528,-16.4275082616846,0.0,geometry_msgs/msg/Point,fpn_msgs/msg/MHEOutput
1662053738868811368,1662053738.868811369,1662053738869592192,/terrasentia/mhe_output,fpn_msgs/msg/MHEOutput,835,1662053738,868811368,builtin_interfaces/msg/Time,,std_msgs/msg/Header,0.9999949336051941,0.22048768401145935,2.409416675567627,11.106884956359863,0.014000000432133675,0.09497897283133337,-16.655919496707803,0.0,geometry_msgs/msg/Point,fpn_msgs/msg/MHEOutput
1662053739064325094,1662053739.064325094,1662053739065036192,/terrasentia/mhe_output,fpn_msgs/msg/MHEOutput,836,1662053739,64325094,builtin_interfaces/msg/Time,,std_msgs/msg/Header,0.9897738099098206,0.22063538432121277,2.413501262664795,11.11650562286377,0.014000000432133675,0.12331376868209755,-16.823117635736065,0.0,geometry_msgs/msg/Point,fpn_msgs/msg/MHEOutput
1662053739262423992,1662053739.262423992,1662053739263705824,/terrasentia/mhe_output,fpn_msgs/msg/MHEOutput,837,1662053739,262423992,builtin_interfaces/msg/Time,,std_msgs/msg/Header,0.9468153715133667,0.22110824286937714,2.4173994064331055,11.120308876037598,0.014000000432133675,0.14543519845370625,-16.9628865312371,0.0,geometry_msgs/msg/Point,fpn_msgs/msg/MHEOutput
1662053739462610483,1662053739.462610483,1662053739463250688,/terrasentia/mhe_output,fpn_msgs/msg/MHEOutput,838,1662053739,462610483,builtin_interfaces/msg/Time,,std_msgs/msg/Header,0.9999880790710449,0.22129769623279572,2.4218661785125732,11.125764846801758,0.014000000432133675,0.17974205955096006,-17.21037886519688,0.0,geometry_msgs/msg/Point,fpn_msgs/msg/MHEOutput
1662053739663784980,1662053739.663784981,1662053739664110528,/terrasentia/mhe_output,fpn_msgs/msg/MHEOutput,839,1662053739,663784980,builtin_interfaces/msg/Time,,std_msgs/msg/Header,0.9999867081642151,0.2214895486831665,2.422673225402832,11.123247146606445,0.014000000432133675,0.20003396214858415,-17.388489221334936,0.0,geometry_msgs/msg/Point,fpn_msgs/msg/MHEOutput
1662053739864042997,1662053739.864042997,1662053739865015968,/terrasentia/mhe_output,fpn_msgs/msg/MHEOutput,840,1662053739,864042997,builtin_interfaces/msg/Time,,std_msgs/msg/Header,0.9424220323562622,0.2216830551624298,2.419412612915039,11.121012687683105,0.014000000432133675,0.217973683073003,-17.54242338928323,0.0,geometry_msgs/msg/Point,fpn_msgs/msg/MHEOutput
1662053740065478801,1662053740.065478802,1662053740066420096,/terrasentia/mhe_output,fpn_msgs/msg/MHEOutput,841,1662053740,65478801,builtin_interfaces/msg/Time,,std_msgs/msg/Header,0.9999890327453613,0.2218715250492096,2.416351079940796,11.121811866760254,0.014000000432133675,0.2515729949090822,-17.79054179749599,0.0,geometry_msgs/msg/Point,fpn_msgs/msg/MHEOutput
1662053740263287782,1662053740.263287783,1662053740263835616,/terrasentia/mhe_output,fpn_msgs/msg/MHEOutput,842,1662053740,263287782,builtin_interfaces/msg/Time,,std_msgs/msg/Header,0.9999895691871643,0.22206231951713562,2.414480686187744,11.123513221740723,0.014000000432133675,0.2763352855846611,-17.965948381075595,0.0,geometry_msgs/msg/Point,fpn_msgs/msg/MHEOutput
1662053740460799932,1662053740.460799932,1662053740461703232,/terrasentia/mhe_output,fpn_msgs/msg/MHEOutput,843,1662053740,460799932,builtin_interfaces/msg/Time,,std_msgs/msg/Header,0.9999871253967285,0.2228831797838211,2.4126904010772705,11.121962547302246,0.014000000432133675,0.29641103585287726,-18.145334604700725,0.0,geometry_msgs/msg/Point,fpn_msgs/msg/MHEOutput
1662053740661436319,1662053740.661436319,1662053740662805952,/terrasentia/mhe_output,fpn_msgs/msg/MHEOutput,844,1662053740,661436319,builtin_interfaces/msg/Time,,std_msgs/msg/Header,0.9999955892562866,0.2236924171447754,2.408221960067749,11.114840507507324,0.014000000432133675,0.3143692664541727,-18.375317144391413,0.0,geometry_msgs/msg/Point,fpn_msgs/msg/MHEOutput
1662053740862818956,1662053740.862818956,1662053740863781472,/terrasentia/mhe_output,fpn_msgs/msg/MHEOutput,845,1662053740,862818956,builtin_interfaces/msg/Time,,std_msgs/msg/Header,0.9999963045120239,0.22449038922786713,2.4055113792419434,11.11474323272705,0.014000000432133675,0.3419031267648282,-18.611017239703042,0.0,geometry_msgs/msg/Point,fpn_msgs/msg/MHEOutput
1662053741062896728,1662053741.062896729,1662053741063623328,/terrasentia/mhe_output,fpn_msgs/msg/MHEOutput,846,1662053741,62896728,builtin_interfaces/msg/Time,,std_msgs/msg/Header,0.9999985098838806,0.22527740895748138,2.4038503170013428,11.113561630249023,0.014000000432133675,0.36638770317568115,-18.818257640673306,0.0,geometry_msgs/msg/Point,fpn_msgs/msg/MHEOutput
1662053741261793851,1662053741.261793852,1662053741262427904,/terrasentia/mhe_output,fpn_msgs/msg/MHEOutput,847,1662053741,261793851,builtin_interfaces/msg/Time,,std_msgs/msg/Header,0.9999967217445374,0.22605377435684204,2.4033284187316895,11.111268997192383,0.014000000432133675,0.38932071697612597,-19.022493530649935,0.0,geometry_msgs/msg/Point,fpn_msgs/msg/MHEOutput
1662053741462214708,1662053741.462214708,1662053741463157472,/terrasentia/mhe_output,fpn_msgs/msg/MHEOutput,848,1662053741,462214708,builtin_interfaces/msg/Time,,std_msgs/msg/Header,0.9999966621398926,0.22681981325149536,2.4062225818634033,11.111766815185547,0.014000000432133675,0.4186160119529268,-19.2505557881503,0.0,geometry_msgs/msg/Point,fpn_msgs/msg/MHEOutput
1662053741662195920,1662053741.662195921,1662053741663738816,/terrasentia/mhe_output,fpn_msgs/msg/MHEOutput,849,1662053741,662195920,builtin_interfaces/msg/Time,,std_msgs/msg/Header,0.9999982714653015,0.22757577896118164,2.4126904010772705,11.117979049682617,0.014000000432133675,0.45046294587518904,-19.456550111317206,0.0,geometry_msgs/msg/Point,fpn_msgs/msg/MHEOutput
1662053741862724304,1662053741.862724304,1662053741863519328,/terrasentia/mhe_output,fpn_msgs/msg/MHEOutput,850,1662053741,862724304,builtin_interfaces/msg/Time,,std_msgs/msg/Header,0.9999977350234985,0.22832196950912476,2.420004367828369,11.122044563293457,0.014000000432133675,0.4815822739765577,-19.686661904496056,0.0,geometry_msgs/msg/Point,fpn_msgs/msg/MHEOutput
1662053742062116384,1662053742.062116385,1662053742063769952,/terrasentia/mhe_output,fpn_msgs/msg/MHEOutput,851,1662053742,62116384,builtin_interfaces/msg/Time,,std_msgs/msg/Header,0.9999871850013733,0.2290586233139038,2.418471574783325,11.12389850616455,0.014000000432133675,0.5101560558136511,-19.915787070766964,0.0,geometry_msgs/msg/Point,fpn_msgs/msg/MHEOutput
1662053742263508081,1662053742.263508081,1662053742264711488,/terrasentia/mhe_output,fpn_msgs/msg/MHEOutput,852,1662053742,263508081,builtin_interfaces/msg/Time,,std_msgs/msg/Header,0.989151656627655,0.22919797897338867,2.408463716506958,11.117463111877441,0.014000000432133675,0.5250762880697026,-20.087810018075412,0.0,geometry_msgs/msg/Point,fpn_msgs/msg/MHEOutput
1662053742461086034,1662053742.461086035,1662053742462382592,/terrasentia/mhe_output,fpn_msgs/msg/MHEOutput,853,1662053742,461086034,builtin_interfaces/msg/Time,,std_msgs/msg/Header,0.9999920129776001,0.22937610745429993,2.400247573852539,11.108292579650879,0.014000000432133675,0.539378709347573,-20.30145557952448,0.0,geometry_msgs/msg/Point,fpn_msgs/msg/MHEOutput
1662053742662572383,1662053742.662572384,1662053742663323744,/terrasentia/mhe_output,fpn_msgs/msg/MHEOutput,854,1662053742,662572383,builtin_interfaces/msg/Time,,std_msgs/msg/Header,0.9999963045120239,0.2300984263420105,2.3909523487091064,11.140807151794434,0.014000000432133675,0.5463977518269045,-20.480646148631784,0.0,geometry_msgs/msg/Point,fpn_msgs/msg/MHEOutput
1662053742864460468,1662053742.864460468,1662053742865468000,/terrasentia/mhe_output,fpn_msgs/msg/MHEOutput,855,1662053742,864460468,builtin_interfaces/msg/Time,,std_msgs/msg/Header,0.9528460502624512,0.3607642650604248,2.3770344257354736,11.307847023010254,0.014000000432133675,0.5714721525353917,-20.591091941741226,0.0,geometry_msgs/msg/Point,fpn_msgs/msg/MHEOutput
1662053743067274093,1662053743.067274094,1662053743068380384,/terrasentia/mhe_output,fpn_msgs/msg/MHEOutput,856,1662053743,67274093,builtin_interfaces/msg/Time,,std_msgs/msg/Header,0.9358056783676147,0.17287199199199677,2.3674330711364746,11.19074821472168,0.014000000432133675,0.5913578629317034,-20.76293784533091,0.0,geometry_msgs/msg/Point,fpn_msgs/msg/MHEOutput
1662053743261934280,1662053743.261934280,1662053743263561920,/terrasentia/mhe_output,fpn_msgs/msg/MHEOutput,857,1662053743,261934280,builtin_interfaces/msg/Time,,std_msgs/msg/Header,0.912967324256897,0.07370088994503021,2.352808952331543,11.122282981872559,0.014000000432133675,0.5821675107946364,-20.924469930260805,0.0,geometry_msgs/msg/Point,fpn_msgs/msg/MHEOutput
1662053743468122720,1662053743.468122721,1662053743469124704,/terrasentia/mhe_output,fpn_msgs/msg/MHEOutput,858,1662053743,468122720,builtin_interfaces/msg/Time,,std_msgs/msg/Header,0.9925170540809631,0.05079222470521927,2.3442485332489014,11.116108894348145,0.014000000432133675,0.6150625622631403,-21.188876008287078,0.0,geometry_msgs/msg/Point,fpn_msgs/msg/MHEOutput
1662053743666987180,1662053743.666987181,1662053743667845248,/terrasentia/mhe_output,fpn_msgs/msg/MHEOutput,859,1662053743,666987180,builtin_interfaces/msg/Time,,std_msgs/msg/Header,0.9873573780059814,0.06156029924750328,2.347036600112915,11.121671676635742,0.014000000432133675,0.6415887645350234,-21.360189152122032,0.0,geometry_msgs/msg/Point,fpn_msgs/msg/MHEOutput
1662053743862855672,1662053743.862855673,1662053743864703776,/terrasentia/mhe_output,fpn_msgs/msg/MHEOutput,860,1662053743,862855672,builtin_interfaces/msg/Time,,std_msgs/msg/Header,0.894952118396759,0.09761302173137665,2.359572172164917,11.14017105102539,0.014000000432133675,0.6745829060905505,-21.47975509576279,0.0,geometry_msgs/msg/Point,fpn_msgs/msg/MHEOutput
1662053744061917543,1662053744.061917543,1662053744063228384,/terrasentia/mhe_output,fpn_msgs/msg/MHEOutput,861,1662053744,61917543,builtin_interfaces/msg/Time,,std_msgs/msg/Header,0.9950026869773865,0.07867572456598282,2.3714122772216797,11.179529190063477,0.014000000432133675,0.7231239319645314,-21.710192653571507,0.0,geometry_msgs/msg/Point,fpn_msgs/msg/MHEOutput
1662053744263499498,1662053744.263499498,1662053744264823168,/terrasentia/mhe_output,fpn_msgs/msg/MHEOutput,862,1662053744,263499498,builtin_interfaces/msg/Time,,std_msgs/msg/Header,0.9999975562095642,0.007760105188935995,2.376544237136841,11.15378189086914,0.014000000432133675,0.7573149338265152,-21.91658549909825,0.0,geometry_msgs/msg/Point,fpn_msgs/msg/MHEOutput
1662053744467535018,1662053744.467535019,1662053744468156832,/terrasentia/mhe_output,fpn_msgs/msg/MHEOutput,863,1662053744,467535018,builtin_interfaces/msg/Time,,std_msgs/msg/Header,0.9999977946281433,0.042765870690345764,2.3862600326538086,11.171138763427734,0.014000000432133675,0.8025062481364454,-22.134005680279465,0.0,geometry_msgs/msg/Point,fpn_msgs/msg/MHEOutput
1662053744667614936,1662053744.667614937,1662053744668517088,/terrasentia/mhe_output,fpn_msgs/msg/MHEOutput,864,1662053744,667614936,builtin_interfaces/msg/Time,,std_msgs/msg/Header,0.9999980926513672,0.04981141909956932,2.3955302238464355,11.181723594665527,0.014000000432133675,0.8496721090672898,-22.346769915741483,0.0,geometry_msgs/msg/Point,fpn_msgs/msg/MHEOutput
1662053744863814115,1662053744.863814116,1662053744864367520,/terrasentia/mhe_output,fpn_msgs/msg/MHEOutput,865,1662053744,863814115,builtin_interfaces/msg/Time,,std_msgs/msg/Header,0.9999974966049194,0.06622974574565887,2.3972346782684326,11.17943000793457,0.014000000432133675,0.8878655570563582,-22.565408446935876,0.0,geometry_msgs/msg/Point,fpn_msgs/msg/MHEOutput
1662053745069650888,1662053745.069650888,1662053745070560000,/terrasentia/mhe_output,fpn_msgs/msg/MHEOutput,866,1662053745,69650888,builtin_interfaces/msg/Time,,std_msgs/msg/Header,0.9999982118606567,0.07778812944889069,2.396703004837036,11.19353199005127,0.014000000432133675,0.9229574500524935,-22.74177594944376,0.0,geometry_msgs/msg/Point,fpn_msgs/msg/MHEOutput
1662053745264814853,1662053745.264814854,1662053745265439904,/terrasentia/mhe_output,fpn_msgs/msg/MHEOutput,867,1662053745,264814853,builtin_interfaces/msg/Time,,std_msgs/msg/Header,0.999997079372406,0.11298567056655884,2.3945178985595703,11.254427909851074,0.014000000432133675,0.96671337700934,-22.905041750383344,0.0,geometry_msgs/msg/Point,fpn_msgs/msg/MHEOutput
1662053745465777635,1662053745.465777636,1662053745466445344,/terrasentia/mhe_output,fpn_msgs/msg/MHEOutput,868,1662053745,465777635,builtin_interfaces/msg/Time,,std_msgs/msg/Header,0.9999789595603943,0.2623688280582428,2.391981601715088,11.355727195739746,0.014000000432133675,1.0582960519688043,-23.11306347121318,0.0,geometry_msgs/msg/Point,fpn_msgs/msg/MHEOutput
1662053745665491104,1662053745.665491104,1662053745666653792,/terrasentia/mhe_output,fpn_msgs/msg/MHEOutput,869,1662053745,665491104,builtin_interfaces/msg/Time,,std_msgs/msg/Header,0.9321489334106445,0.2866770923137665,2.390763282775879,11.352412223815918,0.014000000432133675,1.094917782326037,-23.232487743448594,0.0,geometry_msgs/msg/Point,fpn_msgs/msg/MHEOutput
1662053745862770795,1662053745.862770796,1662053745865016704,/terrasentia/mhe_output,fpn_msgs/msg/MHEOutput,870,1662053745,862770795,builtin_interfaces/msg/Time,,std_msgs/msg/Header,0.8722480535507202,0.25735610723495483,2.390835762023926,11.334052085876465,0.014000000432133675,1.1296587047730424,-23.349134695945107,0.0,geometry_msgs/msg/Point,fpn_msgs/msg/MHEOutput
1662053746060426473,1662053746.060426474,1662053746061370304,/terrasentia/mhe_output,fpn_msgs/msg/MHEOutput,871,1662053746,60426473,builtin_interfaces/msg/Time,,std_msgs/msg/Header,0.8281526565551758,0.22797654569149017,2.390836715698242,11.31716537475586,0.014000000432133675,1.1642469656613244,-23.483952041231632,0.0,geometry_msgs/msg/Point,fpn_msgs/msg/MHEOutput
1662053746263638019,1662053746.263638020,1662053746264439584,/terrasentia/mhe_output,fpn_msgs/msg/MHEOutput,872,1662053746,263638019,builtin_interfaces/msg/Time,,std_msgs/msg/Header,0.8139824867248535,0.17880362272262573,2.398773431777954,11.300671577453613,0.014000000432133675,1.2048521898630906,-23.640700851380632,0.0,geometry_msgs/msg/Point,fpn_msgs/msg/MHEOutput
1662053746462826013,1662053746.462826014,1662053746464221440,/terrasentia/mhe_output,fpn_msgs/msg/MHEOutput,873,1662053746,462826013,builtin_interfaces/msg/Time,,std_msgs/msg/Header,0.9053826332092285,0.17562317848205566,2.4071240425109863,11.305098533630371,0.014000000432133675,1.2937471703372088,-23.906126506551054,0.0,geometry_msgs/msg/Point,fpn_msgs/msg/MHEOutput
1662053746661963224,1662053746.661963224,1662053746663201632,/terrasentia/mhe_output,fpn_msgs/msg/MHEOutput,874,1662053746,661963224,builtin_interfaces/msg/Time,,std_msgs/msg/Header,0.998697817325592,0.17063631117343903,2.413206100463867,11.305392265319824,0.014000000432133675,1.3799737055907915,-24.175377883010633,0.0,geometry_msgs/msg/Point,fpn_msgs/msg/MHEOutput
1662053746863414287,1662053746.863414288,1662053746864222848,/terrasentia/mhe_output,fpn_msgs/msg/MHEOutput,875,1662053746,863414287,builtin_interfaces/msg/Time,,std_msgs/msg/Header,0.999997079372406,0.17269320785999298,2.4181339740753174,11.304136276245117,0.014000000432133675,1.4381277198997078,-24.367294093542764,0.0,geometry_msgs/msg/Point,fpn_msgs/msg/MHEOutput
1662053747064890384,1662053747.064890385,1662053747065521760,/terrasentia/mhe_output,fpn_msgs/msg/MHEOutput,876,1662053747,64890384,builtin_interfaces/msg/Time,,std_msgs/msg/Header,0.9999985694885254,0.17467455565929413,2.426784038543701,11.296883583068848,0.014000000432133675,1.4904747723922782,-24.55607690269321,0.0,geometry_msgs/msg/Point,fpn_msgs/msg/MHEOutput
1662053747266267538,1662053747.266267538,1662053747267243904,/terrasentia/mhe_output,fpn_msgs/msg/MHEOutput,877,1662053747,266267538,builtin_interfaces/msg/Time,,std_msgs/msg/Header,0.9999986290931702,0.17658579349517822,2.4287047386169434,11.289421081542969,0.014000000432133675,1.5502307171623924,-24.77422105392351,0.0,geometry_msgs/msg/Point,fpn_msgs/msg/MHEOutput
1662053747465849876,1662053747.465849876,1662053747466339712,/terrasentia/mhe_output,fpn_msgs/msg/MHEOutput,878,1662053747,465849876,builtin_interfaces/msg/Time,,std_msgs/msg/Header,0.9999982714653015,0.17843182384967804,2.4294357299804688,11.287970542907715,0.014000000432133675,1.6145633636597108,-24.99078063195468,0.0,geometry_msgs/msg/Point,fpn_msgs/msg/MHEOutput
1662053747665298461,1662053747.665298462,1662053747666051680,/terrasentia/mhe_output,fpn_msgs/msg/MHEOutput,879,1662053747,665298461,builtin_interfaces/msg/Time,,std_msgs/msg/Header,0.9999970197677612,0.18021704256534576,2.4289870262145996,11.282574653625488,0.014000000432133675,1.674126272244205,-25.206507999181184,0.0,geometry_msgs/msg/Point,fpn_msgs/msg/MHEOutput
1662053747863454580,1662053747.863454580,1662053747864159040,/terrasentia/mhe_output,fpn_msgs/msg/MHEOutput,880,1662053747,863454580,builtin_interfaces/msg/Time,,std_msgs/msg/Header,0.9356234073638916,0.18051815032958984,2.4229836463928223,11.28504467010498,0.014000000432133675,1.7167277193715056,-25.341805300568147,0.0,geometry_msgs/msg/Point,fpn_msgs/msg/MHEOutput
1662053748064139366,1662053748.064139366,1662053748065137056,/terrasentia/mhe_output,fpn_msgs/msg/MHEOutput,881,1662053748,64139366,builtin_interfaces/msg/Time,,std_msgs/msg/Header,0.8681467771530151,0.1818973571062088,2.420524835586548,11.285489082336426,0.014000000432133675,1.7494210016600995,-25.45254523084234,0.0,geometry_msgs/msg/Point,fpn_msgs/msg/MHEOutput
1662053748263083696,1662053748.263083696,1662053748265020224,/terrasentia/mhe_output,fpn_msgs/msg/MHEOutput,882,1662053748,263083696,builtin_interfaces/msg/Time,,std_msgs/msg/Header,0.83421391248703,0.1832450032234192,2.420030117034912,11.283421516418457,0.014000000432133675,1.788948950257417,-25.594548507641615,0.0,geometry_msgs/msg/Point,fpn_msgs/msg/MHEOutput
1662053748463628530,1662053748.463628531,1662053748464708000,/terrasentia/mhe_output,fpn_msgs/msg/MHEOutput,883,1662053748,463628530,builtin_interfaces/msg/Time,,std_msgs/msg/Header,0.9101021885871887,0.18456237018108368,2.4222588539123535,11.268712043762207,0.014000000432133675,1.8456009412473946,-25.85648666493719,0.0,geometry_msgs/msg/Point,fpn_msgs/msg/MHEOutput
1662053748667808294,1662053748.667808294,1662053748668716672,/terrasentia/mhe_output,fpn_msgs/msg/MHEOutput,884,1662053748,667808294,builtin_interfaces/msg/Time,,std_msgs/msg/Header,0.9677138328552246,0.1830378919839859,2.4263806343078613,11.322379112243652,0.014000000432133675,1.9087917877420877,-26.060267836625457,0.0,geometry_msgs/msg/Point,fpn_msgs/msg/MHEOutput
1662053748863622903,1662053748.863622904,1662053748864987744,/terrasentia/mhe_output,fpn_msgs/msg/MHEOutput,885,1662053748,863622903,builtin_interfaces/msg/Time,,std_msgs/msg/Header,0.9999937415122986,0.12679347395896912,2.4284446239471436,11.293562889099121,0.014000000432133675,1.9619246546859097,-26.28155294403387,0.0,geometry_msgs/msg/Point,fpn_msgs/msg/MHEOutput
1662053749061850786,1662053749.061850786,1662053749062676544,/terrasentia/mhe_output,fpn_msgs/msg/MHEOutput,886,1662053749,61850786,builtin_interfaces/msg/Time,,std_msgs/msg/Header,0.999997615814209,0.07892141491174698,2.4290828704833984,11.272171974182129,0.014000000432133675,2.0058498020466304,-26.477967360977505,0.0,geometry_msgs/msg/Point,fpn_msgs/msg/MHEOutput
1662053749263777971,1662053749.263777971,1662053749264406272,/terrasentia/mhe_output,fpn_msgs/msg/MHEOutput,887,1662053749,263777971,builtin_interfaces/msg/Time,,std_msgs/msg/Header,0.9999985098838806,0.062287140637636185,2.429783821105957,11.279500007629395,0.014000000432133675,2.046838945789845,-26.63913512126623,0.0,geometry_msgs/msg/Point,fpn_msgs/msg/MHEOutput
1662053749466125965,1662053749.466125965,1662053749466875680,/terrasentia/mhe_output,fpn_msgs/msg/MHEOutput,888,1662053749,466125965,builtin_interfaces/msg/Time,,std_msgs/msg/Header,0.9999983310699463,0.05460027605295181,2.429715633392334,11.29275131225586,0.014000000432133675,2.08676102510724,-26.804033289344545,0.0,geometry_msgs/msg/Point,fpn_msgs/msg/MHEOutput
1662053749663931846,1662053749.663931847,1662053749665160704,/terrasentia/mhe_output,fpn_msgs/msg/MHEOutput,889,1662053749,663931846,builtin_interfaces/msg/Time,,std_msgs/msg/Header,0.9999975562095642,0.17400753498077393,2.4323949813842773,11.393077850341797,0.014000000432133675,2.190572334940687,-27.01179934833168,0.0,geometry_msgs/msg/Point,fpn_msgs/msg/MHEOutput
1662053749862825632,1662053749.862825632,1662053749864149344,/terrasentia/mhe_output,fpn_msgs/msg/MHEOutput,890,1662053749,862825632,builtin_interfaces/msg/Time,,std_msgs/msg/Header,0.9666815400123596,0.15792490541934967,2.434476613998413,11.367118835449219,0.014000000432133675,2.2375113259197716,-27.18245190021709,0.0,geometry_msgs/msg/Point,fpn_msgs/msg/MHEOutput
1662053750063124656,1662053750.063124657,1662053750064162624,/terrasentia/mhe_output,fpn_msgs/msg/MHEOutput,891,1662053750,63124656,builtin_interfaces/msg/Time,,std_msgs/msg/Header,0.9945690035820007,0.11542011797428131,2.422443151473999,11.322446823120117,0.014000000432133675,2.282156489261119,-27.405469267963586,0.0,geometry_msgs/msg/Point,fpn_msgs/msg/MHEOutput
1662053750266567707,1662053750.266567707,1662053750267279264,/terrasentia/mhe_output,fpn_msgs/msg/MHEOutput,892,1662053750,266567707,builtin_interfaces/msg/Time,,std_msgs/msg/Header,0.9999161958694458,0.0926072746515274,2.417616128921509,11.30905818939209,0.014000000432133675,2.336165336543063,-27.60679217944234,0.0,geometry_msgs/msg/Point,fpn_msgs/msg/MHEOutput
1662053750466393947,1662053750.466393948,1662053750467238720,/terrasentia/mhe_output,fpn_msgs/msg/MHEOutput,893,1662053750,466393947,builtin_interfaces/msg/Time,,std_msgs/msg/Header,0.9363296627998352,0.0924316868185997,2.4133682250976562,11.302495002746582,0.014000000432133675,2.368372959862671,-27.72448958871339,0.0,geometry_msgs/msg/Point,fpn_msgs/msg/MHEOutput
1662053750664390563,1662053750.664390564,1662053750665321920,/terrasentia/mhe_output,fpn_msgs/msg/MHEOutput,894,1662053750,664390563,builtin_interfaces/msg/Time,,std_msgs/msg/Header,0.9751895070075989,0.0840265080332756,2.4048683643341064,11.285221099853516,0.014000000432133675,2.4193862163504534,-27.958257542255126,0.0,geometry_msgs/msg/Point,fpn_msgs/msg/MHEOutput
1662053750869717359,1662053750.869717360,1662053750870316384,/terrasentia/mhe_output,fpn_msgs/msg/MHEOutput,895,1662053750,869717359,builtin_interfaces/msg/Time,,std_msgs/msg/Header,0.999904215335846,0.11439850926399231,2.3934483528137207,11.290360450744629,0.014000000432133675,2.4899035937015914,-28.17704403840552,0.0,geometry_msgs/msg/Point,fpn_msgs/msg/MHEOutput
1662053751064133644,1662053751.064133644,1662053751065076704,/terrasentia/mhe_output,fpn_msgs/msg/MHEOutput,896,1662053751,64133644,builtin_interfaces/msg/Time,,std_msgs/msg/Header,0.9999944567680359,0.1153707280755043,2.3864352703094482,11.288345336914062,0.014000000432133675,2.5469439597808123,-28.369033130844116,0.0,geometry_msgs/msg/Point,fpn_msgs/msg/MHEOutput
1662053751263096094,1662053751.263096094,1662053751264240608,/terrasentia/mhe_output,fpn_msgs/msg/MHEOutput,897,1662053751,263096094,builtin_interfaces/msg/Time,,std_msgs/msg/Header,0.9999973773956299,0.11593219637870789,2.390862226486206,11.289850234985352,0.014000000432133675,2.607479561205333,-28.560040699995387,0.0,geometry_msgs/msg/Point,fpn_msgs/msg/MHEOutput
1662053751467976808,1662053751.467976809,1662053751468953184,/terrasentia/mhe_output,fpn_msgs/msg/MHEOutput,898,1662053751,467976808,builtin_interfaces/msg/Time,,std_msgs/msg/Header,0.9999942183494568,0.11687066406011581,2.3943517208099365,11.292584419250488,0.014000000432133675,2.674458351875876,-28.77328056622788,0.0,geometry_msgs/msg/Point,fpn_msgs/msg/MHEOutput
1662053751665416240,1662053751.665416241,1662053751667031040,/terrasentia/mhe_output,fpn_msgs/msg/MHEOutput,899,1662053751,665416240,builtin_interfaces/msg/Time,,std_msgs/msg/Header,0.9999958872795105,0.11741360276937485,2.3962371349334717,11.269964218139648,0.014000000432133675,2.722472860632693,-28.9422551293306,0.0,geometry_msgs/msg/Point,fpn_msgs/msg/MHEOutput
1662053751865713596,1662053751.865713596,1662053751866520992,/terrasentia/mhe_output,fpn_msgs/msg/MHEOutput,900,1662053751,865713596,builtin_interfaces/msg/Time,,std_msgs/msg/Header,0.9999973177909851,0.14478547871112823,2.397432804107666,11.20741081237793,0.014000000432133675,2.7599324637773304,-29.085846316948064,0.0,geometry_msgs/msg/Point,fpn_msgs/msg/MHEOutput
1662053752067643880,1662053752.067643881,1662053752069111296,/terrasentia/mhe_output,fpn_msgs/msg/MHEOutput,901,1662053752,67643880,builtin_interfaces/msg/Time,,std_msgs/msg/Header,0.9999944567680359,0.06882362067699432,2.394057512283325,11.24577808380127,0.014000000432133675,2.813481771954264,-29.316438492087208,0.0,geometry_msgs/msg/Point,fpn_msgs/msg/MHEOutput
1662053752261718988,1662053752.261718988,1662053752262435776,/terrasentia/mhe_output,fpn_msgs/msg/MHEOutput,902,1662053752,261718988,builtin_interfaces/msg/Time,,std_msgs/msg/Header,0.9879647493362427,0.06856516748666763,2.3837673664093018,11.228621482849121,0.014000000432133675,2.8385717399299044,-29.48983687395815,0.0,geometry_msgs/msg/Point,fpn_msgs/msg/MHEOutput
1662053752466985464,1662053752.466985464,1662053752468005984,/terrasentia/mhe_output,fpn_msgs/msg/MHEOutput,903,1662053752,466985464,builtin_interfaces/msg/Time,,std_msgs/msg/Header,0.999974250793457,0.056082095950841904,2.3786814212799072,11.216073989868164,0.014000000432133675,2.871383936283776,-29.702095246147824,0.0,geometry_msgs/msg/Point,fpn_msgs/msg/MHEOutput
1662053752668117761,1662053752.668117762,1662053752668614208,/terrasentia/mhe_output,fpn_msgs/msg/MHEOutput,904,1662053752,668117761,builtin_interfaces/msg/Time,,std_msgs/msg/Header,0.9999940991401672,0.014482568949460983,2.3781566619873047,11.234447479248047,0.014000000432133675,2.9357422594508167,-29.905443367121556,0.0,geometry_msgs/msg/Point,fpn_msgs/msg/MHEOutput
1662053752862323045,1662053752.862323046,1662053752863093056,/terrasentia/mhe_output,fpn_msgs/msg/MHEOutput,905,1662053752,862323045,builtin_interfaces/msg/Time,,std_msgs/msg/Header,0.9999956488609314,0.0022038999013602734,2.3806018829345703,11.241806030273438,0.014000000432133675,2.9937448729054883,-30.107173496123742,0.0,geometry_msgs/msg/Point,fpn_msgs/msg/MHEOutput
1662053753061917543,1662053753.061917543,1662053753062926944,/terrasentia/mhe_output,fpn_msgs/msg/MHEOutput,906,1662053753,61917543,builtin_interfaces/msg/Time,,std_msgs/msg/Header,0.9999961256980896,0.0019487467361614108,2.391265392303467,11.240856170654297,0.014000000432133675,3.0462293032191714,-30.310739255899016,0.0,geometry_msgs/msg/Point,fpn_msgs/msg/MHEOutput
1662053753263639450,1662053753.263639450,1662053753264738976,/terrasentia/mhe_output,fpn_msgs/msg/MHEOutput,907,1662053753,263639450,builtin_interfaces/msg/Time,,std_msgs/msg/Header,0.9999954700469971,0.001362511538900435,2.401237964630127,11.24583625793457,0.014000000432133675,3.1038048784018706,-30.515102707574844,0.0,geometry_msgs/msg/Point,fpn_msgs/msg/MHEOutput
1662053753462401866,1662053753.462401867,1662053753463408064,/terrasentia/mhe_output,fpn_msgs/msg/MHEOutput,908,1662053753,462401866,builtin_interfaces/msg/Time,,std_msgs/msg/Header,0.999995768070221,0.01967773027718067,2.4174211025238037,11.251380920410156,0.014000000432133675,3.157823872429344,-30.711755159900417,0.0,geometry_msgs/msg/Point,fpn_msgs/msg/MHEOutput
1662053753662728309,1662053753.662728310,1662053753663405472,/terrasentia/mhe_output,fpn_msgs/msg/MHEOutput,909,1662053753,662728309,builtin_interfaces/msg/Time,,std_msgs/msg/Header,0.9999969601631165,0.030412955209612846,2.4281270503997803,11.252185821533203,0.014000000432133675,3.2096609905703084,-30.902519262568475,0.0,geometry_msgs/msg/Point,fpn_msgs/msg/MHEOutput
1662053753863646745,1662053753.863646746,1662053753864658176,/terrasentia/mhe_output,fpn_msgs/msg/MHEOutput,910,1662053753,863646745,builtin_interfaces/msg/Time,,std_msgs/msg/Header,0.9986749291419983,0.033171046525239944,2.4348037242889404,11.250492095947266,0.014000000432133675,3.2645824623667674,-31.116016018994323,0.0,geometry_msgs/msg/Point,fpn_msgs/msg/MHEOutput
1662053754067660331,1662053754.067660332,1662053754068446816,/terrasentia/mhe_output,fpn_msgs/msg/MHEOutput,911,1662053754,67660331,builtin_interfaces/msg/Time,,std_msgs/msg/Header,0.9894374012947083,0.03559520095586777,2.4342799186706543,11.239579200744629,0.014000000432133675,3.3028030777497497,-31.304348051194154,0.0,geometry_msgs/msg/Point,fpn_msgs/msg/MHEOutput
1662053754261467218,1662053754.261467218,1662053754262148480,/terrasentia/mhe_output,fpn_msgs/msg/MHEOutput,912,1662053754,261467218,builtin_interfaces/msg/Time,,std_msgs/msg/Header,0.994819164276123,0.03776516765356064,2.435703992843628,11.238716125488281,0.014000000432133675,3.3508633827119056,-31.500938324147953,0.0,geometry_msgs/msg/Point,fpn_msgs/msg/MHEOutput
1662053754467331409,1662053754.467331409,1662053754468170528,/terrasentia/mhe_output,fpn_msgs/msg/MHEOutput,913,1662053754,467331409,builtin_interfaces/msg/Time,,std_msgs/msg/Header,0.9934553503990173,0.03973515331745148,2.4366068840026855,11.236884117126465,0.014000000432133675,3.3966780088969277,-31.693171885031,0.0,geometry_msgs/msg/Point,fpn_msgs/msg/MHEOutput
1662053754669912099,1662053754.669912100,1662053754671366816,/terrasentia/mhe_output,fpn_msgs/msg/MHEOutput,914,1662053754,669912099,builtin_interfaces/msg/Time,,std_msgs/msg/Header,0.9992857575416565,0.04154367372393608,2.43658709526062,11.235015869140625,0.014000000432133675,3.4422551157825287,-31.891747890320627,0.0,geometry_msgs/msg/Point,fpn_msgs/msg/MHEOutput
1662053754869082927,1662053754.869082928,1662053754870591232,/terrasentia/mhe_output,fpn_msgs/msg/MHEOutput,915,1662053754,869082927,builtin_interfaces/msg/Time,,std_msgs/msg/Header,0.9999021887779236,0.043219078332185745,2.438976526260376,11.240555763244629,0.014000000432133675,3.497120319611203,-32.08022174289652,0.0,geometry_msgs/msg/Point,fpn_msgs/msg/MHEOutput
1662053755067182540,1662053755.067182541,1662053755067944032,/terrasentia/mhe_output,fpn_msgs/msg/MHEOutput,916,1662053755,67182540,builtin_interfaces/msg/Time,,std_msgs/msg/Header,0.9273550510406494,0.04883674159646034,2.436601161956787,11.245454788208008,0.014000000432133675,3.5313303539946688,-32.17909408474993,0.0,geometry_msgs/msg/Point,fpn_msgs/msg/MHEOutput
1662053755265032291,1662053755.265032291,1662053755266312416,/terrasentia/mhe_output,fpn_msgs/msg/MHEOutput,917,1662053755,265032291,builtin_interfaces/msg/Time,,std_msgs/msg/Header,0.8588600158691406,0.04861261695623398,2.4380006790161133,11.233009338378906,0.014000000432133675,3.551679405079519,-32.23882983957471,0.0,geometry_msgs/msg/Point,fpn_msgs/msg/MHEOutput
1662053755463229894,1662053755.463229895,1662053755464043776,/terrasentia/mhe_output,fpn_msgs/msg/MHEOutput,918,1662053755,463229894,builtin_interfaces/msg/Time,,std_msgs/msg/Header,0.9256285429000854,0.0029688782524317503,2.438344717025757,11.254733085632324,0.014000000432133675,3.620525340634749,-32.49569322690321,0.0,geometry_msgs/msg/Point,fpn_msgs/msg/MHEOutput
1662053755661599636,1662053755.661599636,1662053755662301088,/terrasentia/mhe_output,fpn_msgs/msg/MHEOutput,919,1662053755,661599636,builtin_interfaces/msg/Time,,std_msgs/msg/Header,0.9112878441810608,0.0021565742790699005,2.438180685043335,11.252409934997559,0.014000000432133675,3.660515127215719,-32.661216732763585,0.0,geometry_msgs/msg/Point,fpn_msgs/msg/MHEOutput
1662053755863456964,1662053755.863456964,1662053755864752192,/terrasentia/mhe_output,fpn_msgs/msg/MHEOutput,920,1662053755,863456964,builtin_interfaces/msg/Time,,std_msgs/msg/Header,0.9776637554168701,0.0034188847057521343,2.4321510791778564,11.241988182067871,0.014000000432133675,3.71057825570811,-32.91217671141033,0.0,geometry_msgs/msg/Point,fpn_msgs/msg/MHEOutput
1662053756066023588,1662053756.066023588,1662053756066763456,/terrasentia/mhe_output,fpn_msgs/msg/MHEOutput,921,1662053756,66023588,builtin_interfaces/msg/Time,,std_msgs/msg/Header,0.9999949336051941,0.0008221246534958482,2.428375005722046,11.240152359008789,0.014000000432133675,3.754564767447837,-33.0908582256513,0.0,geometry_msgs/msg/Point,fpn_msgs/msg/MHEOutput
1662053756263419151,1662053756.263419151,1662053756264102080,/terrasentia/mhe_output,fpn_msgs/msg/MHEOutput,922,1662053756,263419151,builtin_interfaces/msg/Time,,std_msgs/msg/Header,0.9999977946281433,0.0027978653088212013,2.414531946182251,11.22813892364502,0.014000000432133675,3.781233117699536,-33.242847653266,0.0,geometry_msgs/msg/Point,fpn_msgs/msg/MHEOutput
1662053756462491750,1662053756.462491751,1662053756463688544,/terrasentia/mhe_output,fpn_msgs/msg/MHEOutput,923,1662053756,462491750,builtin_interfaces/msg/Time,,std_msgs/msg/Header,0.9999986886978149,0.0031529513653367758,2.4059324264526367,11.22389030456543,0.014000000432133675,3.8258657209156626,-33.45344651890267,0.0,geometry_msgs/msg/Point,fpn_msgs/msg/MHEOutput
1662053756661829233,1662053756.661829233,1662053756662679776,/terrasentia/mhe_output,fpn_msgs/msg/MHEOutput,924,1662053756,661829233,builtin_interfaces/msg/Time,,std_msgs/msg/Header,0.9999985098838806,0.0008627013303339481,2.4025890827178955,11.227103233337402,0.014000000432133675,3.883458604431716,-33.68420125662113,0.0,geometry_msgs/msg/Point,fpn_msgs/msg/MHEOutput
1662053756863789081,1662053756.863789082,1662053756865185856,/terrasentia/mhe_output,fpn_msgs/msg/MHEOutput,925,1662053756,863789081,builtin_interfaces/msg/Time,,std_msgs/msg/Header,0.9999973177909851,0.055595263838768005,2.404606580734253,11.183145523071289,0.014000000432133675,3.910797593160885,-33.897365747353774,0.0,geometry_msgs/msg/Point,fpn_msgs/msg/MHEOutput
1662053757061661720,1662053757.061661720,1662053757062365856,/terrasentia/mhe_output,fpn_msgs/msg/MHEOutput,926,1662053757,61661720,builtin_interfaces/msg/Time,,std_msgs/msg/Header,0.9999982118606567,0.03568638861179352,2.411602735519409,11.192362785339355,0.014000000432133675,3.9582411830081194,-34.045777324892505,0.0,geometry_msgs/msg/Point,fpn_msgs/msg/MHEOutput
1662053757264534473,1662053757.264534473,1662053757265525504,/terrasentia/mhe_output,fpn_msgs/msg/MHEOutput,927,1662053757,264534473,builtin_interfaces/msg/Time,,std_msgs/msg/Header,0.9999974966049194,0.030033476650714874,2.4170823097229004,11.192858695983887,0.014000000432133675,4.003003756859589,-34.219881987518654,0.0,geometry_msgs/msg/Point,fpn_msgs/msg/MHEOutput
1662053757470417499,1662053757.470417500,1662053757471939552,/terrasentia/mhe_output,fpn_msgs/msg/MHEOutput,928,1662053757,470417499,builtin_interfaces/msg/Time,,std_msgs/msg/Header,0.9999977350234985,0.011221972294151783,2.4221560955047607,11.215641975402832,0.014000000432133675,4.061577066154485,-34.443822515332485,0.0,geometry_msgs/msg/Point,fpn_msgs/msg/MHEOutput
1662053757665139198,1662053757.665139198,1662053757665924416,/terrasentia/mhe_output,fpn_msgs/msg/MHEOutput,929,1662053757,665139198,builtin_interfaces/msg/Time,,std_msgs/msg/Header,0.9999979138374329,0.018269022926688194,2.4261715412139893,11.209095001220703,0.014000000432133675,4.104687571994508,-34.657245645550475,0.0,geometry_msgs/msg/Point,fpn_msgs/msg/MHEOutput
1662053757866813421,1662053757.866813421,1662053757867256256,/terrasentia/mhe_output,fpn_msgs/msg/MHEOutput,930,1662053757,866813421,builtin_interfaces/msg/Time,,std_msgs/msg/Header,0.9999978542327881,0.042806729674339294,2.430562973022461,11.161307334899902,0.014000000432133675,4.12101695592266,-34.82593821248626,0.0,geometry_msgs/msg/Point,fpn_msgs/msg/MHEOutput
1662053758069538116,1662053758.069538116,1662053758070455296,/terrasentia/mhe_output,fpn_msgs/msg/MHEOutput,931,1662053758,69538116,builtin_interfaces/msg/Time,,std_msgs/msg/Header,0.9999980926513672,0.02759556472301483,2.4321038722991943,11.162056922912598,0.014000000432133675,4.152222530107524,-34.98880912763892,0.0,geometry_msgs/msg/Point,fpn_msgs/msg/MHEOutput
1662053758264197826,1662053758.264197826,1662053758264985632,/terrasentia/mhe_output,fpn_msgs/msg/MHEOutput,932,1662053758,264197826,builtin_interfaces/msg/Time,,std_msgs/msg/Header,0.9999982714653015,0.014057056978344917,2.441572666168213,11.184785842895508,0.014000000432133675,4.2033432400089366,-35.15588784234198,0.0,geometry_msgs/msg/Point,fpn_msgs/msg/MHEOutput
1662053758463653087,1662053758.463653088,1662053758464466816,/terrasentia/mhe_output,fpn_msgs/msg/MHEOutput,933,1662053758,463653087,builtin_interfaces/msg/Time,,std_msgs/msg/Header,0.9999980926513672,0.03764801472425461,2.4436070919036865,11.139450073242188,0.014000000432133675,4.233489850439928,-35.329847338453185,0.0,geometry_msgs/msg/Point,fpn_msgs/msg/MHEOutput
1662053758667446851,1662053758.667446852,1662053758668299584,/terrasentia/mhe_output,fpn_msgs/msg/MHEOutput,934,1662053758,667446851,builtin_interfaces/msg/Time,,std_msgs/msg/Header,0.9999980330467224,0.056685369461774826,2.4491384029388428,11.092304229736328,0.014000000432133675,4.255819340105249,-35.50096418979416,0.0,geometry_msgs/msg/Point,fpn_msgs/msg/MHEOutput
1662053758867354393,1662053758.867354393,1662053758868108512,/terrasentia/mhe_output,fpn_msgs/msg/MHEOutput,935,1662053758,867354393,builtin_interfaces/msg/Time,,std_msgs/msg/Header,0.9999977946281433,0.06521399319171906,2.455826759338379,11.080825805664062,0.014000000432133675,4.2783010031404425,-35.72787697120308,0.0,geometry_msgs/msg/Point,fpn_msgs/msg/MHEOutput
1662053759068899154,1662053759.068899155,1662053759070851328,/terrasentia/mhe_output,fpn_msgs/msg/MHEOutput,936,1662053759,68899154,builtin_interfaces/msg/Time,,std_msgs/msg/Header,0.9999977946281433,0.07976427674293518,2.4563686847686768,11.052103042602539,0.014000000432133675,4.274488419787762,-35.95159650895219,0.0,geometry_msgs/msg/Point,fpn_msgs/msg/MHEOutput
1662053759263646602,1662053759.263646603,1662053759264447936,/terrasentia/mhe_output,fpn_msgs/msg/MHEOutput,937,1662053759,263646602,builtin_interfaces/msg/Time,,std_msgs/msg/Header,0.9999974370002747,0.08740456402301788,2.4511876106262207,11.070016860961914,0.014000000432133675,4.269399944777511,-36.11690949001445,0.0,geometry_msgs/msg/Point,fpn_msgs/msg/MHEOutput
1662053759467431306,1662053759.467431307,1662053759468088704,/terrasentia/mhe_output,fpn_msgs/msg/MHEOutput,938,1662053759,467431306,builtin_interfaces/msg/Time,,std_msgs/msg/Header,0.9999973773956299,0.10971836745738983,2.4412360191345215,11.063251495361328,0.014000000432133675,4.281113050008968,-36.34134642191922,0.0,geometry_msgs/msg/Point,fpn_msgs/msg/MHEOutput
1662053759665459632,1662053759.665459633,1662053759666328224,/terrasentia/mhe_output,fpn_msgs/msg/MHEOutput,939,1662053759,665459632,builtin_interfaces/msg/Time,,std_msgs/msg/Header,0.9999972581863403,0.0990198627114296,2.432089328765869,11.049901962280273,0.014000000432133675,4.287274264210408,-36.56181237646618,0.0,geometry_msgs/msg/Point,fpn_msgs/msg/MHEOutput
1662053759862971305,1662053759.862971306,1662053759863978592,/terrasentia/mhe_output,fpn_msgs/msg/MHEOutput,940,1662053759,862971305,builtin_interfaces/msg/Time,,std_msgs/msg/Header,0.9999973177909851,0.07967998087406158,2.4251835346221924,11.034383773803711,0.014000000432133675,4.282112627331382,-36.77720312633655,0.0,geometry_msgs/msg/Point,fpn_msgs/msg/MHEOutput
1662053760063786983,1662053760.063786983,1662053760064516864,/terrasentia/mhe_output,fpn_msgs/msg/MHEOutput,941,1662053760,63786983,builtin_interfaces/msg/Time,,std_msgs/msg/Header,0.9999972581863403,0.009365231730043888,2.4182169437408447,11.006336212158203,0.014000000432133675,4.266341649364268,-36.992488772903364,0.0,geometry_msgs/msg/Point,fpn_msgs/msg/MHEOutput
1662053760261798381,1662053760.261798382,1662053760262786752,/terrasentia/mhe_output,fpn_msgs/msg/MHEOutput,942,1662053760,261798381,builtin_interfaces/msg/Time,,std_msgs/msg/Header,0.9999969601631165,0.002556377090513706,2.4168426990509033,11.003170013427734,0.014000000432133675,4.265761450667123,-37.20514213185966,0.0,geometry_msgs/msg/Point,fpn_msgs/msg/MHEOutput
1662053760464402437,1662053760.464402437,1662053760465574496,/terrasentia/mhe_output,fpn_msgs/msg/MHEOutput,943,1662053760,464402437,builtin_interfaces/msg/Time,,std_msgs/msg/Header,0.9999963045120239,0.000285640184301883,2.417895793914795,11.00492000579834,0.014000000432133675,4.266103670161476,-37.41331055694423,0.0,geometry_msgs/msg/Point,fpn_msgs/msg/MHEOutput
1662053760667776346,1662053760.667776346,1662053760668700480,/terrasentia/mhe_output,fpn_msgs/msg/MHEOutput,944,1662053760,667776346,builtin_interfaces/msg/Time,,std_msgs/msg/Header,0.9999955892562866,0.0003335730580147356,2.4144325256347656,10.993714332580566,0.014000000432133675,4.254316057937582,-37.61932212193001,0.0,geometry_msgs/msg/Point,fpn_msgs/msg/MHEOutput
1662053760865834951,1662053760.865834951,1662053760867262304,/terrasentia/mhe_output,fpn_msgs/msg/MHEOutput,945,1662053760,865834951,builtin_interfaces/msg/Time,,std_msgs/msg/Header,0.9999948143959045,0.021528352051973343,2.414424419403076,10.977729797363281,0.014000000432133675,4.237349374855521,-37.832082671936114,0.0,geometry_msgs/msg/Point,fpn_msgs/msg/MHEOutput
1662053761064242362,1662053761.064242363,1662053761065027744,/terrasentia/mhe_output,fpn_msgs/msg/MHEOutput,946,1662053761,64242362,builtin_interfaces/msg/Time,,std_msgs/msg/Header,0.9999926090240479,0.0338362492620945,2.4140846729278564,10.980809211730957,0.014000000432133675,4.233259963807268,-38.02016024913682,0.0,geometry_msgs/msg/Point,fpn_msgs/msg/MHEOutput
1662053761265274524,1662053761.265274525,1662053761265757312,/terrasentia/mhe_output,fpn_msgs/msg/MHEOutput,947,1662053761,265274524,builtin_interfaces/msg/Time,,std_msgs/msg/Header,0.9999933838844299,0.049349259585142136,2.4154915809631348,10.999080657958984,0.014000000432133675,4.234993094730982,-38.18972575124382,0.0,geometry_msgs/msg/Point,fpn_msgs/msg/MHEOutput
1662053761468312501,1662053761.468312502,1662053761469460288,/terrasentia/mhe_output,fpn_msgs/msg/MHEOutput,948,1662053761,468312501,builtin_interfaces/msg/Time,,std_msgs/msg/Header,0.9999954700469971,0.04626890644431114,2.4168648719787598,10.997514724731445,0.014000000432133675,4.236415986647679,-38.39682703641674,0.0,geometry_msgs/msg/Point,fpn_msgs/msg/MHEOutput
1662053761668228626,1662053761.668228626,1662053761669182112,/terrasentia/mhe_output,fpn_msgs/msg/MHEOutput,949,1662053761,668228626,builtin_interfaces/msg/Time,,std_msgs/msg/Header,0.9999959468841553,0.04900136590003967,2.418555736541748,10.997749328613281,0.014000000432133675,4.237554365886653,-38.601684324494066,0.0,geometry_msgs/msg/Point,fpn_msgs/msg/MHEOutput
1662053761869712352,1662053761.869712353,1662053761870829024,/terrasentia/mhe_output,fpn_msgs/msg/MHEOutput,950,1662053761,869712352,builtin_interfaces/msg/Time,,std_msgs/msg/Header,0.9999962449073792,0.03427468240261078,2.42063045501709,10.995477676391602,0.014000000432133675,4.23345750884549,-38.80540810024968,0.0,geometry_msgs/msg/Point,fpn_msgs/msg/MHEOutput
1662053762068461418,1662053762.068461418,1662053762069200512,/terrasentia/mhe_output,fpn_msgs/msg/MHEOutput,951,1662053762,68461418,builtin_interfaces/msg/Time,,std_msgs/msg/Header,0.9999955892562866,0.034370992332696915,2.422417640686035,11.007878303527832,0.014000000432133675,4.232371984216593,-38.964277598884166,0.0,geometry_msgs/msg/Point,fpn_msgs/msg/MHEOutput
1662053762261847734,1662053762.261847734,1662053762262528736,/terrasentia/mhe_output,fpn_msgs/msg/MHEOutput,952,1662053762,261847734,builtin_interfaces/msg/Time,,std_msgs/msg/Header,0.9999963045120239,0.04972311481833458,2.4259724617004395,11.03638744354248,0.014000000432133675,4.2413199832287924,-39.131037524120586,0.0,geometry_msgs/msg/Point,fpn_msgs/msg/MHEOutput
1662053762469143390,1662053762.469143391,1662053762470080000,/terrasentia/mhe_output,fpn_msgs/msg/MHEOutput,953,1662053762,469143390,builtin_interfaces/msg/Time,,std_msgs/msg/Header,0.9999975562095642,0.00647828821092844,2.4176909923553467,10.994491577148438,0.014000000432133675,4.226508404808336,-39.290318507843374,0.0,geometry_msgs/msg/Point,fpn_msgs/msg/MHEOutput
1662053762662918806,1662053762.662918806,1662053762663718720,/terrasentia/mhe_output,fpn_msgs/msg/MHEOutput,954,1662053762,662918806,builtin_interfaces/msg/Time,,std_msgs/msg/Header,0.9999976754188538,0.013958128169178963,2.4078221321105957,10.996352195739746,0.014000000432133675,4.212532932085112,-39.45818300092432,0.0,geometry_msgs/msg/Point,fpn_msgs/msg/MHEOutput
1662053762864632844,1662053762.864632845,1662053762865507232,/terrasentia/mhe_output,fpn_msgs/msg/MHEOutput,955,1662053762,864632844,builtin_interfaces/msg/Time,,std_msgs/msg/Header,0.9999979734420776,0.02159118466079235,2.398233652114868,10.996556282043457,0.014000000432133675,4.203535773137208,-39.6808728887881,0.0,geometry_msgs/msg/Point,fpn_msgs/msg/MHEOutput
1662053763064623117,1662053763.064623117,1662053763065616736,/terrasentia/mhe_output,fpn_msgs/msg/MHEOutput,956,1662053763,64623117,builtin_interfaces/msg/Time,,std_msgs/msg/Header,0.9999982714653015,0.02748536691069603,2.3937222957611084,11.009918212890625,0.014000000432133675,4.2085805810605965,-39.877686470198746,0.0,geometry_msgs/msg/Point,fpn_msgs/msg/MHEOutput
1662053763263587951,1662053763.263587952,1662053763264441440,/terrasentia/mhe_output,fpn_msgs/msg/MHEOutput,957,1662053763,263587951,builtin_interfaces/msg/Time,,std_msgs/msg/Header,0.9999982714653015,0.026335986331105232,2.3869988918304443,11.013463973999023,0.014000000432133675,4.201433746871748,-40.048022197499975,0.0,geometry_msgs/msg/Point,fpn_msgs/msg/MHEOutput
1662053763461634635,1662053763.461634636,1662053763462739264,/terrasentia/mhe_output,fpn_msgs/msg/MHEOutput,958,1662053763,461634635,builtin_interfaces/msg/Time,,std_msgs/msg/Header,0.9999980926513672,0.04703916981816292,2.380953550338745,11.061087608337402,0.014000000432133675,4.216037198852723,-40.21572535359494,0.0,geometry_msgs/msg/Point,fpn_msgs/msg/MHEOutput
1662053763664179086,1662053763.664179087,1662053763666338016,/terrasentia/mhe_output,fpn_msgs/msg/MHEOutput,959,1662053763,664179086,builtin_interfaces/msg/Time,,std_msgs/msg/Header,0.999997615814209,0.07858576625585556,2.375089168548584,11.134381294250488,0.014000000432133675,4.235384084957356,-40.38855239312651,0.0,geometry_msgs/msg/Point,fpn_msgs/msg/MHEOutput
1662053763862976551,1662053763.862976551,1662053763863926432,/terrasentia/mhe_output,fpn_msgs/msg/MHEOutput,960,1662053763,862976551,builtin_interfaces/msg/Time,,std_msgs/msg/Header,0.9999969005584717,0.09799541532993317,2.3755948543548584,11.21149730682373,0.014000000432133675,4.268831275205129,-40.549398936258136,0.0,geometry_msgs/msg/Point,fpn_msgs/msg/MHEOutput
1662053764062717199,1662053764.062717199,1662053764063279360,/terrasentia/mhe_output,fpn_msgs/msg/MHEOutput,961,1662053764,62717199,builtin_interfaces/msg/Time,,std_msgs/msg/Header,0.9999958872795105,0.11117741465568542,2.3768885135650635,11.283041000366211,0.014000000432133675,4.3083803566770795,-40.70239197495571,0.0,geometry_msgs/msg/Point,fpn_msgs/msg/MHEOutput
1662053764264563083,1662053764.264563084,1662053764265475456,/terrasentia/mhe_output,fpn_msgs/msg/MHEOutput,962,1662053764,264563083,builtin_interfaces/msg/Time,,std_msgs/msg/Header,0.9997682571411133,0.1286456435918808,2.37447190284729,11.362227439880371,0.014000000432133675,4.3520488271752376,-40.831642239518786,0.0,geometry_msgs/msg/Point,fpn_msgs/msg/MHEOutput
1662053764465401411,1662053764.465401411,1662053764466658624,/terrasentia/mhe_output,fpn_msgs/msg/MHEOutput,963,1662053764,465401411,builtin_interfaces/msg/Time,,std_msgs/msg/Header,0.9975637793540955,0.14277318120002747,2.3750925064086914,11.457219123840332,0.014000000432133675,4.422252979050308,-40.96020615062555,0.0,geometry_msgs/msg/Point,fpn_msgs/msg/MHEOutput
1662053764669533252,1662053764.669533253,1662053764669972128,/terrasentia/mhe_output,fpn_msgs/msg/MHEOutput,964,1662053764,669533252,builtin_interfaces/msg/Time,,std_msgs/msg/Header,0.9925107955932617,0.14597223699092865,2.376934051513672,11.470184326171875,0.014000000432133675,4.511697218351954,-41.12766858905374,0.0,geometry_msgs/msg/Point,fpn_msgs/msg/MHEOutput
1662053764863278865,1662053764.863278866,1662053764864611200,/terrasentia/mhe_output,fpn_msgs/msg/MHEOutput,965,1662053764,863278865,builtin_interfaces/msg/Time,,std_msgs/msg/Header,0.9595254063606262,2.0528134427877376e-06,2.454554796218872,11.11977767944336,0.014000000432133675,4.37141309321873,-41.333337952122044,0.0,geometry_msgs/msg/Point,fpn_msgs/msg/MHEOutput
1662053765064470767,1662053765.064470768,1662053765065455488,/terrasentia/mhe_output,fpn_msgs/msg/MHEOutput,966,1662053765,64470767,builtin_interfaces/msg/Time,,std_msgs/msg/Header,0.929448664188385,3.6954063489247346e-06,2.519420623779297,11.221061706542969,0.014000000432133675,4.499486297533962,-41.47107065894804,0.0,geometry_msgs/msg/Point,fpn_msgs/msg/MHEOutput
1662053765264214038,1662053765.264214039,1662053765265328544,/terrasentia/mhe_output,fpn_msgs/msg/MHEOutput,967,1662053765,264214038,builtin_interfaces/msg/Time,,std_msgs/msg/Header,0.9463295340538025,9.084011253435165e-06,2.572178840637207,11.302159309387207,0.014000000432133675,4.631775273148416,-41.632661441364725,0.0,geometry_msgs/msg/Point,fpn_msgs/msg/MHEOutput
1662053765465422391,1662053765.465422392,1662053765466191104,/terrasentia/mhe_output,fpn_msgs/msg/MHEOutput,968,1662053765,465422391,builtin_interfaces/msg/Time,,std_msgs/msg/Header,0.9679070115089417,1.602139491296839e-05,2.613262414932251,11.367539405822754,0.014000000432133675,4.761306821427358,-41.79514470888574,0.0,geometry_msgs/msg/Point,fpn_msgs/msg/MHEOutput
1662053765663445711,1662053765.663445711,1662053765664381376,/terrasentia/mhe_output,fpn_msgs/msg/MHEOutput,969,1662053765,663445711,builtin_interfaces/msg/Time,,std_msgs/msg/Header,0.9999717473983765,2.511072852939833e-05,2.6438326835632324,11.415800094604492,0.014000000432133675,4.8941036485058556,-41.96910047231833,0.0,geometry_msgs/msg/Point,fpn_msgs/msg/MHEOutput
1662053765869253635,1662053765.869253635,1662053765869670944,/terrasentia/mhe_output,fpn_msgs/msg/MHEOutput,970,1662053765,869253635,builtin_interfaces/msg/Time,,std_msgs/msg/Header,0.9937583804130554,5.9258556575514376e-05,2.6692845821380615,11.454713821411133,0.014000000432133675,5.014870841473303,-42.12786508422829,0.0,geometry_msgs/msg/Point,fpn_msgs/msg/MHEOutput
1662053766061578512,1662053766.061578512,1662053766062354912,/terrasentia/mhe_output,fpn_msgs/msg/MHEOutput,971,1662053766,61578512,builtin_interfaces/msg/Time,,std_msgs/msg/Header,0.9999858736991882,0.021423112601041794,2.689079523086548,11.481886863708496,0.014000000432133675,5.1134697898117345,-42.271876451669165,0.0,geometry_msgs/msg/Point,fpn_msgs/msg/MHEOutput
1662053766264060020,1662053766.264060020,1662053766265121472,/terrasentia/mhe_output,fpn_msgs/msg/MHEOutput,972,1662053766,264060020,builtin_interfaces/msg/Time,,std_msgs/msg/Header,0.9999877214431763,0.5989677309989929,2.706425428390503,11.886319160461426,0.014000000432133675,5.2181352336536,-42.369292595742486,0.0,geometry_msgs/msg/Point,fpn_msgs/msg/MHEOutput
1662053766467242956,1662053766.467242956,1662053766467681120,/terrasentia/mhe_output,fpn_msgs/msg/MHEOutput,973,1662053766,467242956,builtin_interfaces/msg/Time,,std_msgs/msg/Header,0.9999882578849792,0.5113604068756104,2.6055798530578613,11.90156364440918,0.014000000432133675,5.4171016918237,-42.46372869841902,0.0,geometry_msgs/msg/Point,fpn_msgs/msg/MHEOutput
1662053766666881561,1662053766.666881561,1662053766667715648,/terrasentia/mhe_output,fpn_msgs/msg/MHEOutput,974,1662053766,666881561,builtin_interfaces/msg/Time,,std_msgs/msg/Header,0.9999940395355225,0.3237695097923279,2.538482427597046,11.748712539672852,0.014000000432133675,5.493075827391254,-42.658913989166095,0.0,geometry_msgs/msg/Point,fpn_msgs/msg/MHEOutput
1662053766867352247,1662053766.867352247,1662053766868593248,/terrasentia/mhe_output,fpn_msgs/msg/MHEOutput,975,1662053766,867352247,builtin_interfaces/msg/Time,,std_msgs/msg/Header,0.9999910593032837,0.23490391671657562,2.492194652557373,11.673225402832031,0.014000000432133675,5.576858357107632,-42.8434198203686,0.0,geometry_msgs/msg/Point,fpn_msgs/msg/MHEOutput
1662053767062650918,1662053767.062650919,1662053767064578208,/terrasentia/mhe_output,fpn_msgs/msg/MHEOutput,976,1662053767,62650918,builtin_interfaces/msg/Time,,std_msgs/msg/Header,0.9999698996543884,0.1850557029247284,2.4576292037963867,11.624334335327148,0.014000000432133675,5.660918670099911,-43.02904042706946,0.0,geometry_msgs/msg/Point,fpn_msgs/msg/MHEOutput
1662053767263962507,1662053767.263962507,1662053767265006784,/terrasentia/mhe_output,fpn_msgs/msg/MHEOutput,977,1662053767,263962507,builtin_interfaces/msg/Time,,std_msgs/msg/Header,0.9999863505363464,0.1584618091583252,2.436422109603882,11.602611541748047,0.014000000432133675,5.754503925920166,-43.2013459615265,0.0,geometry_msgs/msg/Point,fpn_msgs/msg/MHEOutput
1662053767468097686,1662053767.468097687,1662053767468879808,/terrasentia/mhe_output,fpn_msgs/msg/MHEOutput,978,1662053767,468097686,builtin_interfaces/msg/Time,,std_msgs/msg/Header,0.9374475479125977,0.13791562616825104,2.426260232925415,11.597381591796875,0.014000000432133675,5.816599670936086,-43.305636068303215,0.0,geometry_msgs/msg/Point,fpn_msgs/msg/MHEOutput
1662053767665638208,1662053767.665638208,1662053767666561344,/terrasentia/mhe_output,fpn_msgs/msg/MHEOutput,979,1662053767,665638208,builtin_interfaces/msg/Time,,std_msgs/msg/Header,0.9827085733413696,0.09951775521039963,2.4247100353240967,11.598725318908691,0.014000000432133675,5.9495985288104745,-43.49887872986095,0.0,geometry_msgs/msg/Point,fpn_msgs/msg/MHEOutput
1662053767863313436,1662053767.863313437,1662053767864279552,/terrasentia/mhe_output,fpn_msgs/msg/MHEOutput,980,1662053767,863313436,builtin_interfaces/msg/Time,,std_msgs/msg/Header,0.9999274611473083,0.10057394951581955,2.4208061695098877,11.585213661193848,0.014000000432133675,6.053801286669634,-43.68077519571292,0.0,geometry_msgs/msg/Point,fpn_msgs/msg/MHEOutput
1662053768063871860,1662053768.063871861,1662053768065128896,/terrasentia/mhe_output,fpn_msgs/msg/MHEOutput,981,1662053768,63871860,builtin_interfaces/msg/Time,,std_msgs/msg/Header,0.9999916553497314,0.10193385183811188,2.4206221103668213,11.576484680175781,0.014000000432133675,6.154338732241588,-43.84790819019153,0.0,geometry_msgs/msg/Point,fpn_msgs/msg/MHEOutput
1662053768264757156,1662053768.264757156,1662053768266402464,/terrasentia/mhe_output,fpn_msgs/msg/MHEOutput,982,1662053768,264757156,builtin_interfaces/msg/Time,,std_msgs/msg/Header,0.9999927878379822,0.10324787348508835,2.414008617401123,11.556417465209961,0.014000000432133675,6.239601557402297,-44.023670340936796,0.0,geometry_msgs/msg/Point,fpn_msgs/msg/MHEOutput
1662053768463004350,1662053768.463004351,1662053768464889376,/terrasentia/mhe_output,fpn_msgs/msg/MHEOutput,983,1662053768,463004350,builtin_interfaces/msg/Time,,std_msgs/msg/Header,0.9999920725822449,0.10452022403478622,2.4062483310699463,11.584837913513184,0.014000000432133675,6.316072519278886,-44.159312854997744,0.0,geometry_msgs/msg/Point,fpn_msgs/msg/MHEOutput
1662053768667818546,1662053768.667818546,1662053768668901056,/terrasentia/mhe_output,fpn_msgs/msg/MHEOutput,984,1662053768,667818546,builtin_interfaces/msg/Time,,std_msgs/msg/Header,0.9999886155128479,0.22369098663330078,2.398108720779419,11.707247734069824,0.014000000432133675,6.403972964362015,-44.27819425085826,0.0,geometry_msgs/msg/Point,fpn_msgs/msg/MHEOutput
1662053768865456104,1662053768.865456104,1662053768866335584,/terrasentia/mhe_output,fpn_msgs/msg/MHEOutput,985,1662053768,865456104,builtin_interfaces/msg/Time,,std_msgs/msg/Header,0.9999961853027344,0.19562362134456635,2.3913893699645996,11.677019119262695,0.014000000432133675,6.517623481180544,-44.43655329439165,0.0,geometry_msgs/msg/Point,fpn_msgs/msg/MHEOutput
1662053769064416170,1662053769.064416170,1662053769065407392,/terrasentia/mhe_output,fpn_msgs/msg/MHEOutput,986,1662053769,64416170,builtin_interfaces/msg/Time,,std_msgs/msg/Header,0.9990714192390442,0.25208330154418945,2.3906970024108887,11.71823501586914,0.014000000432133675,6.670255470336905,-44.588317109541904,0.0,geometry_msgs/msg/Point,fpn_msgs/msg/MHEOutput
1662053769265467405,1662053769.265467405,1662053769266207104,/terrasentia/mhe_output,fpn_msgs/msg/MHEOutput,987,1662053769,265467405,builtin_interfaces/msg/Time,,std_msgs/msg/Header,0.9191621541976929,0.2237100899219513,2.397341012954712,11.608267784118652,0.014000000432133675,6.701696811005799,-44.630241307342324,0.0,geometry_msgs/msg/Point,fpn_msgs/msg/MHEOutput
1662053769467005491,1662053769.467005491,1662053769467910496,/terrasentia/mhe_output,fpn_msgs/msg/MHEOutput,988,1662053769,467005491,builtin_interfaces/msg/Time,,std_msgs/msg/Header,0.9766167402267456,0.20401491224765778,2.3980822563171387,11.51557731628418,0.014000000432133675,6.803347247127176,-44.79128736828862,0.0,geometry_msgs/msg/Point,fpn_msgs/msg/MHEOutput
1662053769667689561,1662053769.667689562,1662053769668561504,/terrasentia/mhe_output,fpn_msgs/msg/MHEOutput,989,1662053769,667689561,builtin_interfaces/msg/Time,,std_msgs/msg/Header,0.9999942183494568,0.12839755415916443,2.39443039894104,11.502880096435547,0.014000000432133675,6.891603696977105,-44.94381327503077,0.0,geometry_msgs/msg/Point,fpn_msgs/msg/MHEOutput
1662053769868065357,1662053769.868065357,1662053769869823264,/terrasentia/mhe_output,fpn_msgs/msg/MHEOutput,990,1662053769,868065357,builtin_interfaces/msg/Time,,std_msgs/msg/Header,0.9999974966049194,0.08001293987035751,2.387178659439087,11.548081398010254,0.014000000432133675,7.005868950609888,-45.12882424706162,0.0,geometry_msgs/msg/Point,fpn_msgs/msg/MHEOutput
1662053770067146062,1662053770.067146063,1662053770068572576,/terrasentia/mhe_output,fpn_msgs/msg/MHEOutput,991,1662053770,67146062,builtin_interfaces/msg/Time,,std_msgs/msg/Header,0.9999982118606567,0.07207292318344116,2.3796379566192627,11.550872802734375,0.014000000432133675,7.120612582021084,-45.3188736399504,0.0,geometry_msgs/msg/Point,fpn_msgs/msg/MHEOutput
1662053770267490863,1662053770.267490864,1662053770268138272,/terrasentia/mhe_output,fpn_msgs/msg/MHEOutput,992,1662053770,267490863,builtin_interfaces/msg/Time,,std_msgs/msg/Header,0.9999986290931702,0.06917601823806763,2.3708598613739014,11.575536727905273,0.014000000432133675,7.205985686979224,-45.46414157820735,0.0,geometry_msgs/msg/Point,fpn_msgs/msg/MHEOutput
1662053770463523626,1662053770.463523626,1662053770464375104,/terrasentia/mhe_output,fpn_msgs/msg/MHEOutput,993,1662053770,463523626,builtin_interfaces/msg/Time,,std_msgs/msg/Header,0.9999988675117493,0.05295164883136749,2.356719732284546,11.591792106628418,0.014000000432133675,7.300661540918125,-45.61048035560978,0.0,geometry_msgs/msg/Point,fpn_msgs/msg/MHEOutput
1662053770666734695,1662053770.666734695,1662053770667827904,/terrasentia/mhe_output,fpn_msgs/msg/MHEOutput,994,1662053770,666734695,builtin_interfaces/msg/Time,,std_msgs/msg/Header,0.9999988675117493,0.05338236317038536,2.3446550369262695,11.587230682373047,0.014000000432133675,7.420971223404698,-45.80109925832822,0.0,geometry_msgs/msg/Point,fpn_msgs/msg/MHEOutput
1662053770864310264,1662053770.864310265,1662053770865303040,/terrasentia/mhe_output,fpn_msgs/msg/MHEOutput,995,1662053770,864310264,builtin_interfaces/msg/Time,,std_msgs/msg/Header,0.9999977946281433,0.10302820801734924,2.3362913131713867,11.627628326416016,0.014000000432133675,7.578551997572542,-45.99096893020489,0.0,geometry_msgs/msg/Point,fpn_msgs/msg/MHEOutput
1662053771063838720,1662053771.063838720,1662053771064671520,/terrasentia/mhe_output,fpn_msgs/msg/MHEOutput,996,1662053771,63838720,builtin_interfaces/msg/Time,,std_msgs/msg/Header,0.9999959468841553,0.1859559267759323,2.3411288261413574,11.703481674194336,0.014000000432133675,7.746371046290688,-46.13285560671134,0.0,geometry_msgs/msg/Point,fpn_msgs/msg/MHEOutput
1662053771262984037,1662053771.262984037,1662053771263916608,/terrasentia/mhe_output,fpn_msgs/msg/MHEOutput,997,1662053771,262984037,builtin_interfaces/msg/Time,,std_msgs/msg/Header,0.9999939203262329,0.2021733969449997,2.3485119342803955,11.808783531188965,0.014000000432133675,7.876950233157693,-46.24069557651933,0.0,geometry_msgs/msg/Point,fpn_msgs/msg/MHEOutput
1662053771460588455,1662053771.460588455,1662053771461910176,/terrasentia/mhe_output,fpn_msgs/msg/MHEOutput,998,1662053771,460588455,builtin_interfaces/msg/Time,,std_msgs/msg/Header,0.9999898076057434,0.21856780350208282,2.3520374298095703,11.925151824951172,0.014000000432133675,7.99890074819731,-46.336557578299356,0.0,geometry_msgs/msg/Point,fpn_msgs/msg/MHEOutput
1662053771667064666,1662053771.667064667,1662053771668021824,/terrasentia/mhe_output,fpn_msgs/msg/MHEOutput,999,1662053771,667064666,builtin_interfaces/msg/Time,,std_msgs/msg/Header,0.9999937415122986,0.24521061778068542,2.3510384559631348,12.060744285583496,0.014000000432133675,8.124844058921482,-46.41872946205441,0.0,geometry_msgs/msg/Point,fpn_msgs/msg/MHEOutput
1662053771862655639,1662053771.862655640,1662053771863440352,/terrasentia/mhe_output,fpn_msgs/msg/MHEOutput,1000,1662053771,862655639,builtin_interfaces/msg/Time,,std_msgs/msg/Header,0.9999878406524658,0.2751237154006958,2.346527099609375,12.206807136535645,0.014000000432133675,8.247919491205339,-46.48673725300345,0.0,geometry_msgs/msg/Point,fpn_msgs/msg/MHEOutput
1662053772067655563,1662053772.067655563,1662053772068560800,/terrasentia/mhe_output,fpn_msgs/msg/MHEOutput,1001,1662053772,67655563,builtin_interfaces/msg/Time,,std_msgs/msg/Header,0.9999818205833435,0.32062602043151855,2.3431005477905273,12.414433479309082,0.014000000432133675,8.38284004605866,-46.50768570793416,0.0,geometry_msgs/msg/Point,fpn_msgs/msg/MHEOutput
1662053772263081073,1662053772.263081074,1662053772263913760,/terrasentia/mhe_output,fpn_msgs/msg/MHEOutput,1002,1662053772,263081073,builtin_interfaces/msg/Time,,std_msgs/msg/Header,0.9536377191543579,0.2866497039794922,2.330998182296753,12.45474910736084,0.014000000432133675,8.46303159419768,-46.541195612948165,0.0,geometry_msgs/msg/Point,fpn_msgs/msg/MHEOutput
1662053772460479259,1662053772.460479259,1662053772461100800,/terrasentia/mhe_output,fpn_msgs/msg/MHEOutput,1003,1662053772,460479259,builtin_interfaces/msg/Time,,std_msgs/msg/Header,0.9289233684539795,0.2722483277320862,2.3191657066345215,12.537806510925293,0.014000000432133675,8.577980880947564,-46.56935603877257,0.0,geometry_msgs/msg/Point,fpn_msgs/msg/MHEOutput
1662053772660514831,1662053772.660514832,1662053772661187008,/terrasentia/mhe_output,fpn_msgs/msg/MHEOutput,1004,1662053772,660514831,builtin_interfaces/msg/Time,,std_msgs/msg/Header,0.8890626430511475,0.26352450251579285,2.3071818351745605,12.631138801574707,0.014000000432133675,8.682320411336319,-46.57940075448007,0.0,geometry_msgs/msg/Point,fpn_msgs/msg/MHEOutput
1662053772860388755,1662053772.860388756,1662053772861155104,/terrasentia/mhe_output,fpn_msgs/msg/MHEOutput,1005,1662053772,860388755,builtin_interfaces/msg/Time,,std_msgs/msg/Header,0.8726038336753845,0.25065332651138306,2.300060987472534,12.71882152557373,0.014000000432133675,8.794598208150857,-46.574786168667025,0.0,geometry_msgs/msg/Point,fpn_msgs/msg/MHEOutput
1662053773062187433,1662053773.062187433,1662053773062852128,/terrasentia/mhe_output,fpn_msgs/msg/MHEOutput,1006,1662053773,62187433,builtin_interfaces/msg/Time,,std_msgs/msg/Header,0.8649653196334839,0.23824472725391388,2.2986857891082764,12.806191444396973,0.014000000432133675,8.905123647280414,-46.55508032758828,0.0,geometry_msgs/msg/Point,fpn_msgs/msg/MHEOutput
1662053773260404109,1662053773.260404110,1662053773261123264,/terrasentia/mhe_output,fpn_msgs/msg/MHEOutput,1007,1662053773,260404109,builtin_interfaces/msg/Time,,std_msgs/msg/Header,0.8024379014968872,0.22267453372478485,2.2974693775177,12.875199317932129,0.014000000432133675,8.964421312615427,-46.531327720055366,0.0,geometry_msgs/msg/Point,fpn_msgs/msg/MHEOutput
1662053773460379838,1662053773.460379839,1662053773461000480,/terrasentia/mhe_output,fpn_msgs/msg/MHEOutput,1008,1662053773,460379838,builtin_interfaces/msg/Time,,std_msgs/msg/Header,0.8100914359092712,0.2153559923171997,2.2928030490875244,12.954596519470215,0.014000000432133675,9.076827479718121,-46.49873501136571,0.0,geometry_msgs/msg/Point,fpn_msgs/msg/MHEOutput
1662053773661421537,1662053773.661421537,1662053773662311840,/terrasentia/mhe_output,fpn_msgs/msg/MHEOutput,1009,1662053773,661421537,builtin_interfaces/msg/Time,,std_msgs/msg/Header,0.833854615688324,0.22130370140075684,2.2974185943603516,13.06666088104248,0.014000000432133675,9.189822681523472,-46.44337694472563,0.0,geometry_msgs/msg/Point,fpn_msgs/msg/MHEOutput
1662053773860120773,1662053773.860120773,1662053773861953376,/terrasentia/mhe_output,fpn_msgs/msg/MHEOutput,1010,1662053773,860120773,builtin_interfaces/msg/Time,,std_msgs/msg/Header,0.7653886079788208,0.21573038399219513,2.3056883811950684,13.185487747192383,0.014000000432133675,9.249690261106036,-46.38647427608422,0.0,geometry_msgs/msg/Point,fpn_msgs/msg/MHEOutput
1662053774061603784,1662053774.061603785,1662053774062420800,/terrasentia/mhe_output,fpn_msgs/msg/MHEOutput,1011,1662053774,61603784,builtin_interfaces/msg/Time,,std_msgs/msg/Header,0.7742705941200256,0.20332778990268707,2.3086001873016357,13.249238014221191,0.014000000432133675,9.34192850906638,-46.32706767938813,0.0,geometry_msgs/msg/Point,fpn_msgs/msg/MHEOutput
1662053774261324644,1662053774.261324644,1662053774262370592,/terrasentia/mhe_output,fpn_msgs/msg/MHEOutput,1012,1662053774,261324644,builtin_interfaces/msg/Time,,std_msgs/msg/Header,0.7844808101654053,0.20384517312049866,2.3054850101470947,13.327408790588379,0.014000000432133675,9.42966070759968,-46.26206255932688,0.0,geometry_msgs/msg/Point,fpn_msgs/msg/MHEOutput
1662053774464438438,1662053774.464438438,1662053774465757920,/terrasentia/mhe_output,fpn_msgs/msg/MHEOutput,1013,1662053774,464438438,builtin_interfaces/msg/Time,,std_msgs/msg/Header,0.8117562532424927,0.2055250108242035,2.3006105422973633,13.414281845092773,0.014000000432133675,9.517796284579058,-46.1790718096204,0.0,geometry_msgs/msg/Point,fpn_msgs/msg/MHEOutput
1662053774662057876,1662053774.662057877,1662053774663227520,/terrasentia/mhe_output,fpn_msgs/msg/MHEOutput,1014,1662053774,662057876,builtin_interfaces/msg/Time,,std_msgs/msg/Header,0.8385827541351318,0.20919714868068695,2.2970993518829346,13.513032913208008,0.014000000432133675,9.594395525698387,-46.08270692825407,0.0,geometry_msgs/msg/Point,fpn_msgs/msg/MHEOutput
1662053774862959623,1662053774.862959623,1662053774863941824,/terrasentia/mhe_output,fpn_msgs/msg/MHEOutput,1015,1662053774,862959623,builtin_interfaces/msg/Time,,std_msgs/msg/Header,0.793243944644928,0.19932478666305542,2.2953057289123535,13.589573860168457,0.014000000432133675,9.647451986621926,-46.01076163836241,0.0,geometry_msgs/msg/Point,fpn_msgs/msg/MHEOutput
1662053775062536716,1662053775.062536716,1662053775063440992,/terrasentia/mhe_output,fpn_msgs/msg/MHEOutput,1016,1662053775,62536716,builtin_interfaces/msg/Time,,std_msgs/msg/Header,0.8083059787750244,0.20151661336421967,2.2945754528045654,13.689386367797852,0.014000000432133675,9.702871077677413,-45.90295795350981,0.0,geometry_msgs/msg/Point,fpn_msgs/msg/MHEOutput
1662053775263114690,1662053775.263114691,1662053775265141056,/terrasentia/mhe_output,fpn_msgs/msg/MHEOutput,1017,1662053775,263114690,builtin_interfaces/msg/Time,,std_msgs/msg/Header,0.8373204469680786,0.2016977220773697,2.293076753616333,13.785723686218262,0.014000000432133675,9.752367917965064,-45.78472210237652,0.0,geometry_msgs/msg/Point,fpn_msgs/msg/MHEOutput
1662053775462411880,1662053775.462411880,1662053775462880640,/terrasentia/mhe_output,fpn_msgs/msg/MHEOutput,1018,1662053775,462411880,builtin_interfaces/msg/Time,,std_msgs/msg/Header,0.847686767578125,0.22556039690971375,2.298748016357422,13.939048767089844,0.014000000432133675,9.771300141800268,-45.66538528805177,0.0,geometry_msgs/msg/Point,fpn_msgs/msg/MHEOutput
1662053775668239355,1662053775.668239355,1662053775669017728,/terrasentia/mhe_output,fpn_msgs/msg/MHEOutput,1019,1662053775,668239355,builtin_interfaces/msg/Time,,std_msgs/msg/Header,0.8426580429077148,0.23692047595977783,2.301445484161377,13.963117599487305,0.014000000432133675,9.790037043014397,-45.51584691275819,0.0,geometry_msgs/msg/Point,fpn_msgs/msg/MHEOutput
1662053775862814664,1662053775.862814665,1662053775863846080,/terrasentia/mhe_output,fpn_msgs/msg/MHEOutput,1020,1662053775,862814664,builtin_interfaces/msg/Time,,std_msgs/msg/Header,0.8170566558837891,0.24831092357635498,2.2998955249786377,13.976099014282227,0.014000000432133675,9.807047925253274,-45.383260744038076,0.0,geometry_msgs/msg/Point,fpn_msgs/msg/MHEOutput
1662053776061333656,1662053776.061333656,1662053776062442336,/terrasentia/mhe_output,fpn_msgs/msg/MHEOutput,1021,1662053776,61333656,builtin_interfaces/msg/Time,,std_msgs/msg/Header,0.8349437713623047,0.25829365849494934,2.297722339630127,13.985633850097656,0.014000000432133675,9.830978548226925,-45.21729305509685,0.0,geometry_msgs/msg/Point,fpn_msgs/msg/MHEOutput
1662053776262383460,1662053776.262383461,1662053776262999392,/terrasentia/mhe_output,fpn_msgs/msg/MHEOutput,1022,1662053776,262383460,builtin_interfaces/msg/Time,,std_msgs/msg/Header,0.8877026438713074,0.2848879098892212,2.2959930896759033,14.019638061523438,0.014000000432133675,9.838180399410104,-45.01223141467098,0.0,geometry_msgs/msg/Point,fpn_msgs/msg/MHEOutput
1662053776465870141,1662053776.465870142,1662053776466987296,/terrasentia/mhe_output,fpn_msgs/msg/MHEOutput,1023,1662053776,465870141,builtin_interfaces/msg/Time,,std_msgs/msg/Header,0.9410675764083862,0.32666122913360596,2.2875895500183105,14.035003662109375,0.014000000432133675,9.853075288907823,-44.79733923239379,0.0,geometry_msgs/msg/Point,fpn_msgs/msg/MHEOutput
1662053776663538694,1662053776.663538694,1662053776664808928,/terrasentia/mhe_output,fpn_msgs/msg/MHEOutput,1024,1662053776,663538694,builtin_interfaces/msg/Time,,std_msgs/msg/Header,0.9990192651748657,0.36566129326820374,2.283142566680908,14.041031837463379,0.014000000432133675,9.869273509748824,-44.57330675466567,0.0,geometry_msgs/msg/Point,fpn_msgs/msg/MHEOutput
1662053776867434978,1662053776.867434978,1662053776868407328,/terrasentia/mhe_output,fpn_msgs/msg/MHEOutput,1025,1662053776,867434978,builtin_interfaces/msg/Time,,std_msgs/msg/Header,0.9999938607215881,0.40261927247047424,2.280299186706543,14.045445442199707,0.014000000432133675,9.879978872791146,-44.38878100242466,0.0,geometry_msgs/msg/Point,fpn_msgs/msg/MHEOutput
1662053777064472675,1662053777.064472675,1662053777065370336,/terrasentia/mhe_output,fpn_msgs/msg/MHEOutput,1026,1662053777,64472675,builtin_interfaces/msg/Time,,std_msgs/msg/Header,0.9999958872795105,0.4026757776737213,2.2767653465270996,14.051218032836914,0.014000000432133675,9.890095678976435,-44.200981647771414,0.0,geometry_msgs/msg/Point,fpn_msgs/msg/MHEOutput
1662053777261020898,1662053777.261020899,1662053777262618656,/terrasentia/mhe_output,fpn_msgs/msg/MHEOutput,1027,1662053777,261020898,builtin_interfaces/msg/Time,,std_msgs/msg/Header,0.9999971389770508,0.4027322828769684,2.277935266494751,14.077434539794922,0.014000000432133675,9.875925727582693,-44.00478332007742,0.0,geometry_msgs/msg/Point,fpn_msgs/msg/MHEOutput
1662053777462670087,1662053777.462670088,1662053777463192960,/terrasentia/mhe_output,fpn_msgs/msg/MHEOutput,1028,1662053777,462670087,builtin_interfaces/msg/Time,,std_msgs/msg/Header,0.9999967217445374,0.4027886986732483,2.2832279205322266,14.10579776763916,0.014000000432133675,9.854317304460235,-43.79985870119675,0.0,geometry_msgs/msg/Point,fpn_msgs/msg/MHEOutput
1662053777662875413,1662053777.662875414,1662053777663310432,/terrasentia/mhe_output,fpn_msgs/msg/MHEOutput,1029,1662053777,662875413,builtin_interfaces/msg/Time,,std_msgs/msg/Header,0.9999960660934448,0.4028450846672058,2.2883243560791016,14.129537582397461,0.014000000432133675,9.833837508521247,-43.5955378682149,0.0,geometry_msgs/msg/Point,fpn_msgs/msg/MHEOutput
1662053777860978841,1662053777.860978842,1662053777861850880,/terrasentia/mhe_output,fpn_msgs/msg/MHEOutput,1030,1662053777,860978841,builtin_interfaces/msg/Time,,std_msgs/msg/Header,0.9999961853027344,0.40290144085884094,2.301738739013672,14.155155181884766,0.014000000432133675,9.806131030514335,-43.39410501530112,0.0,geometry_msgs/msg/Point,fpn_msgs/msg/MHEOutput
1662053778065837144,1662053778.065837145,1662053778067849056,/terrasentia/mhe_output,fpn_msgs/msg/MHEOutput,1031,1662053778,65837144,builtin_interfaces/msg/Time,,std_msgs/msg/Header,0.9999139904975891,0.4029381275177002,2.3161380290985107,14.172313690185547,0.014000000432133675,9.783482296342696,-43.21826324635795,0.0,geometry_msgs/msg/Point,fpn_msgs/msg/MHEOutput
1662053778263408422,1662053778.263408422,1662053778265148864,/terrasentia/mhe_output,fpn_msgs/msg/MHEOutput,1032,1662053778,263408422,builtin_interfaces/msg/Time,,std_msgs/msg/Header,0.9511373043060303,0.40298667550086975,2.325373888015747,14.194955825805664,0.014000000432133675,9.755786609035042,-43.08370360455432,0.0,geometry_msgs/msg/Point,fpn_msgs/msg/MHEOutput
1662053778463901519,1662053778.463901520,1662053778464447392,/terrasentia/mhe_output,fpn_msgs/msg/MHEOutput,1033,1662053778,463901519,builtin_interfaces/msg/Time,,std_msgs/msg/Header,0.9998359084129333,0.4030233323574066,2.333754539489746,14.219490051269531,0.014000000432133675,9.712753314610362,-42.84587046122886,0.0,geometry_msgs/msg/Point,fpn_msgs/msg/MHEOutput
1662053778661800146,1662053778.661800146,1662053778662476864,/terrasentia/mhe_output,fpn_msgs/msg/MHEOutput,1034,1662053778,661800146,builtin_interfaces/msg/Time,,std_msgs/msg/Header,0.9999937415122986,0.4030635356903076,2.339120626449585,14.232754707336426,0.014000000432133675,9.678181962479936,-42.64569141657613,0.0,geometry_msgs/msg/Point,fpn_msgs/msg/MHEOutput
1662053778861200094,1662053778.861200094,1662053778861845184,/terrasentia/mhe_output,fpn_msgs/msg/MHEOutput,1035,1662053778,861200094,builtin_interfaces/msg/Time,,std_msgs/msg/Header,0.9999970197677612,0.4031197130680084,2.343411684036255,14.248063087463379,0.014000000432133675,9.641452980278993,-42.4434666288998,0.0,geometry_msgs/msg/Point,fpn_msgs/msg/MHEOutput
1662053779063903808,1662053779.063903809,1662053779064838720,/terrasentia/mhe_output,fpn_msgs/msg/MHEOutput,1036,1662053779,63903808,builtin_interfaces/msg/Time,,std_msgs/msg/Header,0.999998152256012,0.40317583084106445,2.346196413040161,14.261603355407715,0.014000000432133675,9.604789883293744,-42.241221826349175,0.0,geometry_msgs/msg/Point,fpn_msgs/msg/MHEOutput
1662053779263575315,1662053779.263575315,1662053779264592384,/terrasentia/mhe_output,fpn_msgs/msg/MHEOutput,1037,1662053779,263575315,builtin_interfaces/msg/Time,,std_msgs/msg/Header,0.9999986290931702,0.4032319188117981,2.3444645404815674,14.267142295837402,0.014000000432133675,9.572693677243224,-42.038074236436174,0.0,geometry_msgs/msg/Point,fpn_msgs/msg/MHEOutput
1662053779462060213,1662053779.462060213,1662053779462938752,/terrasentia/mhe_output,fpn_msgs/msg/MHEOutput,1038,1662053779,462060213,builtin_interfaces/msg/Time,,std_msgs/msg/Header,0.9999988675117493,0.40328752994537354,2.34011173248291,14.155534744262695,0.014000000432133675,9.553634983917103,-41.857795363556065,0.0,geometry_msgs/msg/Point,fpn_msgs/msg/MHEOutput
1662053779661181449,1662053779.661181450,1662053779662247488,/terrasentia/mhe_output,fpn_msgs/msg/MHEOutput,1039,1662053779,661181449,builtin_interfaces/msg/Time,,std_msgs/msg/Header,0.9999986886978149,0.1850626915693283,2.3334057331085205,14.226707458496094,0.014000000432133675,9.518804861004558,-41.62609625253063,0.0,geometry_msgs/msg/Point,fpn_msgs/msg/MHEOutput
1662053779864432096,1662053779.864432096,1662053779866399232,/terrasentia/mhe_output,fpn_msgs/msg/MHEOutput,1040,1662053779,864432096,builtin_interfaces/msg/Time,,std_msgs/msg/Header,0.9999979138374329,0.008109774440526962,2.3322534561157227,14.287510871887207,0.014000000432133675,9.459818892195035,-41.39908244446422,0.0,geometry_msgs/msg/Point,fpn_msgs/msg/MHEOutput
1662053780065533638,1662053780.065533638,1662053780066829056,/terrasentia/mhe_output,fpn_msgs/msg/MHEOutput,1041,1662053780,65533638,builtin_interfaces/msg/Time,,std_msgs/msg/Header,0.9999976754188538,0.00013987503189127892,2.33497953414917,14.307510375976562,0.014000000432133675,9.40539540426704,-41.197264894856986,0.0,geometry_msgs/msg/Point,fpn_msgs/msg/MHEOutput
1662053780266021966,1662053780.266021967,1662053780267334880,/terrasentia/mhe_output,fpn_msgs/msg/MHEOutput,1042,1662053780,266021966,builtin_interfaces/msg/Time,,std_msgs/msg/Header,0.999984622001648,6.955667049624026e-05,2.333369493484497,14.329095840454102,0.014000000432133675,9.352731820430094,-41.02748074142706,0.0,geometry_msgs/msg/Point,fpn_msgs/msg/MHEOutput
1662053780464817762,1662053780.464817762,1662053780465992128,/terrasentia/mhe_output,fpn_msgs/msg/MHEOutput,1043,1662053780,464817762,builtin_interfaces/msg/Time,,std_msgs/msg/Header,0.9999883770942688,0.0005819718353450298,2.334373712539673,14.342843055725098,0.014000000432133675,9.30890589511598,-40.87121726252717,0.0,geometry_msgs/msg/Point,fpn_msgs/msg/MHEOutput
1662053780664184093,1662053780.664184093,1662053780664631552,/terrasentia/mhe_output,fpn_msgs/msg/MHEOutput,1044,1662053780,664184093,builtin_interfaces/msg/Time,,std_msgs/msg/Header,0.9999759793281555,0.000623974425252527,2.3361728191375732,14.353315353393555,0.014000000432133675,9.261251234287199,-40.68571549703318,0.0,geometry_msgs/msg/Point,fpn_msgs/msg/MHEOutput
1662053780872785329,1662053780.872785330,1662053780874193248,/terrasentia/mhe_output,fpn_msgs/msg/MHEOutput,1045,1662053780,872785329,builtin_interfaces/msg/Time,,std_msgs/msg/Header,0.9999966025352478,0.001592726563103497,2.335834264755249,14.357693672180176,0.014000000432133675,9.211978168361563,-40.47439279313163,0.0,geometry_msgs/msg/Point,fpn_msgs/msg/MHEOutput
1662053781068767070,1662053781.068767071,1662053781070072256,/terrasentia/mhe_output,fpn_msgs/msg/MHEOutput,1046,1662053781,68767070,builtin_interfaces/msg/Time,,std_msgs/msg/Header,0.9999947547912598,0.012082397937774658,2.3315393924713135,14.3515043258667,0.014000000432133675,9.174393330247261,-40.28636700915836,0.0,geometry_msgs/msg/Point,fpn_msgs/msg/MHEOutput
1662053781263839483,1662053781.263839483,1662053781264399136,/terrasentia/mhe_output,fpn_msgs/msg/MHEOutput,1047,1662053781,263839483,builtin_interfaces/msg/Time,,std_msgs/msg/Header,0.9999977946281433,0.0021757083013653755,2.328134775161743,14.361072540283203,0.014000000432133675,9.119620627597687,-40.09018333942873,0.0,geometry_msgs/msg/Point,fpn_msgs/msg/MHEOutput
1662053781465082645,1662053781.465082645,1662053781465955808,/terrasentia/mhe_output,fpn_msgs/msg/MHEOutput,1048,1662053781,465082645,builtin_interfaces/msg/Time,,std_msgs/msg/Header,0.9999985098838806,0.0003751663607545197,2.3283491134643555,14.372879028320312,0.014000000432133675,9.06667854954071,-39.93255156373237,0.0,geometry_msgs/msg/Point,fpn_msgs/msg/MHEOutput
1662053781666038751,1662053781.666038752,1662053781668515488,/terrasentia/mhe_output,fpn_msgs/msg/MHEOutput,1049,1662053781,666038751,builtin_interfaces/msg/Time,,std_msgs/msg/Header,0.999998927116394,0.02317262440919876,2.330737352371216,14.35429859161377,0.014000000432133675,9.023001899007014,-39.76495650678594,0.0,geometry_msgs/msg/Point,fpn_msgs/msg/MHEOutput
1662053781867542028,1662053781.867542028,1662053781868607840,/terrasentia/mhe_output,fpn_msgs/msg/MHEOutput,1050,1662053781,867542028,builtin_interfaces/msg/Time,,std_msgs/msg/Header,0.9999988079071045,0.03570195287466049,2.347614288330078,14.345914840698242,0.014000000432133675,8.958766208778918,-39.56830781564672,0.0,geometry_msgs/msg/Point,fpn_msgs/msg/MHEOutput
1662053782065673589,1662053782.065673590,1662053782066805600,/terrasentia/mhe_output,fpn_msgs/msg/MHEOutput,1051,1662053782,65673589,builtin_interfaces/msg/Time,,std_msgs/msg/Header,0.9999989867210388,0.06633953750133514,2.3616745471954346,14.293586730957031,0.014000000432133675,8.91222955915875,-39.395581137603635,0.0,geometry_msgs/msg/Point,fpn_msgs/msg/MHEOutput
1662053782261978387,1662053782.261978388,1662053782262675424,/terrasentia/mhe_output,fpn_msgs/msg/MHEOutput,1052,1662053782,261978387,builtin_interfaces/msg/Time,,std_msgs/msg/Header,0.9999984502792358,0.0636315867304802,2.3785552978515625,14.324673652648926,0.014000000432133675,8.844158135617432,-39.17927603528818,0.0,geometry_msgs/msg/Point,fpn_msgs/msg/MHEOutput
1662053782462358713,1662053782.462358713,1662053782463111552,/terrasentia/mhe_output,fpn_msgs/msg/MHEOutput,1053,1662053782,462358713,builtin_interfaces/msg/Time,,std_msgs/msg/Header,0.9999988079071045,0.05561106652021408,2.392080307006836,14.348020553588867,0.014000000432133675,8.780077259411758,-38.96116994995204,0.0,geometry_msgs/msg/Point,fpn_msgs/msg/MHEOutput
1662053782662263393,1662053782.662263393,1662053782663296320,/terrasentia/mhe_output,fpn_msgs/msg/MHEOutput,1054,1662053782,662263393,builtin_interfaces/msg/Time,,std_msgs/msg/Header,0.9999984502792358,0.055348772555589676,2.401691436767578,14.354622840881348,0.014000000432133675,8.713701547670416,-38.71931220005686,0.0,geometry_msgs/msg/Point,fpn_msgs/msg/MHEOutput
1662053782868698120,1662053782.868698120,1662053782869504000,/terrasentia/mhe_output,fpn_msgs/msg/MHEOutput,1055,1662053782,868698120,builtin_interfaces/msg/Time,,std_msgs/msg/Header,0.9999973177909851,0.05708104372024536,2.4079012870788574,14.332270622253418,0.014000000432133675,8.67580444044342,-38.56704759161882,0.0,geometry_msgs/msg/Point,fpn_msgs/msg/MHEOutput
1662053783068278789,1662053783.068278790,1662053783069029312,/terrasentia/mhe_output,fpn_msgs/msg/MHEOutput,1056,1662053783,68278789,builtin_interfaces/msg/Time,,std_msgs/msg/Header,0.9999976754188538,0.06814508885145187,2.4129791259765625,14.29676628112793,0.014000000432133675,8.638065381911185,-38.38886596026855,0.0,geometry_msgs/msg/Point,fpn_msgs/msg/MHEOutput
1662053783267069578,1662053783.267069578,1662053783267878560,/terrasentia/mhe_output,fpn_msgs/msg/MHEOutput,1057,1662053783,267069578,builtin_interfaces/msg/Time,,std_msgs/msg/Header,0.9999980330467224,0.06450607627630234,2.415976047515869,14.301847457885742,0.014000000432133675,8.590408869790368,-38.16773543823996,0.0,geometry_msgs/msg/Point,fpn_msgs/msg/MHEOutput
1662053783462943315,1662053783.462943316,1662053783463698720,/terrasentia/mhe_output,fpn_msgs/msg/MHEOutput,1058,1662053783,462943315,builtin_interfaces/msg/Time,,std_msgs/msg/Header,0.9999973177909851,0.05813555419445038,2.4222233295440674,14.31818962097168,0.014000000432133675,8.542086481338753,-37.9803922847303,0.0,geometry_msgs/msg/Point,fpn_msgs/msg/MHEOutput
1662053783665121316,1662053783.665121317,1662053783666192128,/terrasentia/mhe_output,fpn_msgs/msg/MHEOutput,1059,1662053783,665121316,builtin_interfaces/msg/Time,,std_msgs/msg/Header,0.9999983310699463,0.10841062664985657,2.4122235774993896,14.263603210449219,0.014000000432133675,8.55022902839111,-37.756879464113915,0.0,geometry_msgs/msg/Point,fpn_msgs/msg/MHEOutput
1662053783867661237,1662053783.867661238,1662053783868543872,/terrasentia/mhe_output,fpn_msgs/msg/MHEOutput,1060,1662053783,867661237,builtin_interfaces/msg/Time,,std_msgs/msg/Header,0.9999949336051941,0.13270725309848785,2.396895408630371,14.237881660461426,0.014000000432133675,8.546212215165182,-37.54206372490646,0.0,geometry_msgs/msg/Point,fpn_msgs/msg/MHEOutput
1662053784073368787,1662053784.073368788,1662053784074253408,/terrasentia/mhe_output,fpn_msgs/msg/MHEOutput,1061,1662053784,73368787,builtin_interfaces/msg/Time,,std_msgs/msg/Header,0.9999979734420776,0.13103649020195007,2.3822622299194336,14.232117652893066,0.014000000432133675,8.53115210852916,-37.33158825589652,0.0,geometry_msgs/msg/Point,fpn_msgs/msg/MHEOutput
1662053784264767646,1662053784.264767647,1662053784265631968,/terrasentia/mhe_output,fpn_msgs/msg/MHEOutput,1062,1662053784,264767646,builtin_interfaces/msg/Time,,std_msgs/msg/Header,0.9999986290931702,0.12508125603199005,2.3704662322998047,14.230799674987793,0.014000000432133675,8.510851800143836,-37.117570276110136,0.0,geometry_msgs/msg/Point,fpn_msgs/msg/MHEOutput
1662053784461024761,1662053784.461024761,1662053784461510624,/terrasentia/mhe_output,fpn_msgs/msg/MHEOutput,1063,1662053784,461024761,builtin_interfaces/msg/Time,,std_msgs/msg/Header,0.9999982118606567,0.11666164547204971,2.3579297065734863,14.222684860229492,0.014000000432133675,8.49249351820155,-36.88053178814221,0.0,geometry_msgs/msg/Point,fpn_msgs/msg/MHEOutput
1662053784668321847,1662053784.668321848,1662053784669101216,/terrasentia/mhe_output,fpn_msgs/msg/MHEOutput,1064,1662053784,668321847,builtin_interfaces/msg/Time,,std_msgs/msg/Header,0.9999984502792358,0.11720675230026245,2.3485777378082275,14.220480918884277,0.014000000432133675,8.47636578176702,-36.67354878417299,0.0,geometry_msgs/msg/Point,fpn_msgs/msg/MHEOutput
1662053784867905855,1662053784.867905855,1662053784870244768,/terrasentia/mhe_output,fpn_msgs/msg/MHEOutput,1065,1662053784,867905855,builtin_interfaces/msg/Time,,std_msgs/msg/Header,0.9999986886978149,0.11774517595767975,2.3475663661956787,14.230450630187988,0.014000000432133675,8.450354347168544,-36.4691164220905,0.0,geometry_msgs/msg/Point,fpn_msgs/msg/MHEOutput
1662053785062503576,1662053785.062503576,1662053785063061088,/terrasentia/mhe_output,fpn_msgs/msg/MHEOutput,1066,1662053785,62503576,builtin_interfaces/msg/Time,,std_msgs/msg/Header,0.999998152256012,0.11827711015939713,2.3514325618743896,14.239302635192871,0.014000000432133675,8.425555687633755,-36.23939246138599,0.0,geometry_msgs/msg/Point,fpn_msgs/msg/MHEOutput
1662053785267506361,1662053785.267506361,1662053785268586144,/terrasentia/mhe_output,fpn_msgs/msg/MHEOutput,1067,1662053785,267506361,builtin_interfaces/msg/Time,,std_msgs/msg/Header,0.9999970197677612,0.11880277097225189,2.351059675216675,14.232380867004395,0.014000000432133675,8.414932318053141,-36.06257658642559,0.0,geometry_msgs/msg/Point,fpn_msgs/msg/MHEOutput
1662053785465276479,1662053785.465276480,1662053785466143552,/terrasentia/mhe_output,fpn_msgs/msg/MHEOutput,1068,1662053785,465276479,builtin_interfaces/msg/Time,,std_msgs/msg/Header,0.9999918937683105,0.1196824461221695,2.3539552688598633,14.21336555480957,0.014000000432133675,8.405163054744097,-35.837793429930315,0.0,geometry_msgs/msg/Point,fpn_msgs/msg/MHEOutput
1662053785664976835,1662053785.664976835,1662053785666053440,/terrasentia/mhe_output,fpn_msgs/msg/MHEOutput,1069,1662053785,664976835,builtin_interfaces/msg/Time,,std_msgs/msg/Header,0.9713903665542603,0.18082202970981598,2.3605144023895264,14.132453918457031,0.014000000432133675,8.406789690463668,-35.720755192048834,0.0,geometry_msgs/msg/Point,fpn_msgs/msg/MHEOutput
1662053785867316246,1662053785.867316246,1662053785868343840,/terrasentia/mhe_output,fpn_msgs/msg/MHEOutput,1070,1662053785,867316246,builtin_interfaces/msg/Time,,std_msgs/msg/Header,0.999970018863678,0.19690707325935364,2.3696868419647217,14.142167091369629,0.014000000432133675,8.383191011073798,-35.497495810459135,0.0,geometry_msgs/msg/Point,fpn_msgs/msg/MHEOutput
1662053786063050985,1662053786.063050985,1662053786063863264,/terrasentia/mhe_output,fpn_msgs/msg/MHEOutput,1071,1662053786,63050985,builtin_interfaces/msg/Time,,std_msgs/msg/Header,0.9999964833259583,0.10899967700242996,2.38450288772583,14.198832511901855,0.014000000432133675,8.339972922156527,-35.2972910111354,0.0,geometry_msgs/msg/Point,fpn_msgs/msg/MHEOutput
1662053786269470453,1662053786.269470453,1662053786270032352,/terrasentia/mhe_output,fpn_msgs/msg/MHEOutput,1072,1662053786,269470453,builtin_interfaces/msg/Time,,std_msgs/msg/Header,0.9999975562095642,0.04813303053379059,2.4010095596313477,14.235662460327148,0.014000000432133675,8.297809582135994,-35.09501691065135,0.0,geometry_msgs/msg/Point,fpn_msgs/msg/MHEOutput
1662053786467877388,1662053786.467877388,1662053786469279872,/terrasentia/mhe_output,fpn_msgs/msg/MHEOutput,1073,1662053786,467877388,builtin_interfaces/msg/Time,,std_msgs/msg/Header,0.9999982118606567,0.04604875668883324,2.4137814044952393,14.242339134216309,0.014000000432133675,8.274082118780008,-34.89607250320622,0.0,geometry_msgs/msg/Point,fpn_msgs/msg/MHEOutput
1662053786667017698,1662053786.667017698,1662053786667768448,/terrasentia/mhe_output,fpn_msgs/msg/MHEOutput,1074,1662053786,667017698,builtin_interfaces/msg/Time,,std_msgs/msg/Header,0.9999985694885254,0.04787299782037735,2.4182446002960205,14.233429908752441,0.014000000432133675,8.264855134236466,-34.69564808654437,0.0,geometry_msgs/msg/Point,fpn_msgs/msg/MHEOutput
1662053786863529920,1662053786.863529921,1662053786864182752,/terrasentia/mhe_output,fpn_msgs/msg/MHEOutput,1075,1662053786,863529920,builtin_interfaces/msg/Time,,std_msgs/msg/Header,0.9999979138374329,0.024787308648228645,2.417438268661499,14.225048065185547,0.014000000432133675,8.25399004298364,-34.47243892182075,0.0,geometry_msgs/msg/Point,fpn_msgs/msg/MHEOutput
1662053787063146829,1662053787.063146830,1662053787063983808,/terrasentia/mhe_output,fpn_msgs/msg/MHEOutput,1076,1662053787,63146829,builtin_interfaces/msg/Time,,std_msgs/msg/Header,0.9999982118606567,0.033762745559215546,2.4053564071655273,14.21259880065918,0.014000000432133675,8.248756580641851,-34.26951359880505,0.0,geometry_msgs/msg/Point,fpn_msgs/msg/MHEOutput
1662053787265315771,1662053787.265315771,1662053787265996608,/terrasentia/mhe_output,fpn_msgs/msg/MHEOutput,1077,1662053787,265315771,builtin_interfaces/msg/Time,,std_msgs/msg/Header,0.999996542930603,0.0406639538705349,2.385715961456299,14.196563720703125,0.014000000432133675,8.24553950805078,-34.041609887836984,0.0,geometry_msgs/msg/Point,fpn_msgs/msg/MHEOutput
1662053787463607549,1662053787.463607550,1662053787465285376,/terrasentia/mhe_output,fpn_msgs/msg/MHEOutput,1078,1662053787,463607549,builtin_interfaces/msg/Time,,std_msgs/msg/Header,0.9999964237213135,0.04617230221629143,2.373779535293579,14.193840980529785,0.014000000432133675,8.237498538635275,-33.846464477087146,0.0,geometry_msgs/msg/Point,fpn_msgs/msg/MHEOutput
1662053787663611173,1662053787.663611174,1662053787664249600,/terrasentia/mhe_output,fpn_msgs/msg/MHEOutput,1079,1662053787,663611173,builtin_interfaces/msg/Time,,std_msgs/msg/Header,0.9999966025352478,0.05076064169406891,2.3682076930999756,14.195808410644531,0.014000000432133675,8.224860587850324,-33.647407812174066,0.0,geometry_msgs/msg/Point,fpn_msgs/msg/MHEOutput
1662053787863311052,1662053787.863311052,1662053787864228704,/terrasentia/mhe_output,fpn_msgs/msg/MHEOutput,1080,1662053787,863311052,builtin_interfaces/msg/Time,,std_msgs/msg/Header,0.9999969005584717,0.05469629913568497,2.366640090942383,14.196884155273438,0.014000000432133675,8.214951448779921,-33.449239686876744,0.0,geometry_msgs/msg/Point,fpn_msgs/msg/MHEOutput
1662053788069674968,1662053788.069674969,1662053788070890176,/terrasentia/mhe_output,fpn_msgs/msg/MHEOutput,1081,1662053788,69674968,builtin_interfaces/msg/Time,,std_msgs/msg/Header,0.9998046159744263,0.059540387243032455,2.3599514961242676,14.201016426086426,0.014000000432133675,8.201980830256167,-33.27418025076273,0.0,geometry_msgs/msg/Point,fpn_msgs/msg/MHEOutput
1662053788266554117,1662053788.266554117,1662053788267524992,/terrasentia/mhe_output,fpn_msgs/msg/MHEOutput,1082,1662053788,266554117,builtin_interfaces/msg/Time,,std_msgs/msg/Header,0.9485396146774292,0.06147259473800659,2.349393844604492,14.201595306396484,0.014000000432133675,8.193560583919195,-33.14330174178185,0.0,geometry_msgs/msg/Point,fpn_msgs/msg/MHEOutput
1662053788464408874,1662053788.464408875,1662053788465337536,/terrasentia/mhe_output,fpn_msgs/msg/MHEOutput,1083,1662053788,464408874,builtin_interfaces/msg/Time,,std_msgs/msg/Header,0.9920601844787598,0.06333670020103455,2.340477705001831,14.194036483764648,0.014000000432133675,8.188214153387053,-32.906225095228336,0.0,geometry_msgs/msg/Point,fpn_msgs/msg/MHEOutput
1662053788665268659,1662053788.665268660,1662053788666818848,/terrasentia/mhe_output,fpn_msgs/msg/MHEOutput,1084,1662053788,665268659,builtin_interfaces/msg/Time,,std_msgs/msg/Header,0.9999874234199524,0.06711211800575256,2.336071491241455,14.194294929504395,0.014000000432133675,8.17521547217813,-32.705791501750305,0.0,geometry_msgs/msg/Point,fpn_msgs/msg/MHEOutput
1662053788864495515,1662053788.864495516,1662053788865022944,/terrasentia/mhe_output,fpn_msgs/msg/MHEOutput,1085,1662053788,864495515,builtin_interfaces/msg/Time,,std_msgs/msg/Header,0.9999963045120239,0.06938941776752472,2.3350679874420166,14.196850776672363,0.014000000432133675,8.160314568331838,-32.51275413267283,0.0,geometry_msgs/msg/Point,fpn_msgs/msg/MHEOutput
1662053789069175720,1662053789.069175720,1662053789070231136,/terrasentia/mhe_output,fpn_msgs/msg/MHEOutput,1086,1662053789,69175720,builtin_interfaces/msg/Time,,std_msgs/msg/Header,0.9999974370002747,0.0715017020702362,2.33695650100708,14.201798439025879,0.014000000432133675,8.143134555884728,-32.31699693371368,0.0,geometry_msgs/msg/Point,fpn_msgs/msg/MHEOutput
1662053789268220901,1662053789.268220901,1662053789268731552,/terrasentia/mhe_output,fpn_msgs/msg/MHEOutput,1087,1662053789,268220901,builtin_interfaces/msg/Time,,std_msgs/msg/Header,0.9999983310699463,0.07348395138978958,2.3381502628326416,14.235170364379883,0.014000000432133675,8.13117613360454,-32.15909261599856,0.0,geometry_msgs/msg/Point,fpn_msgs/msg/MHEOutput
1662053789466927766,1662053789.466927767,1662053789467957088,/terrasentia/mhe_output,fpn_msgs/msg/MHEOutput,1088,1662053789,466927766,builtin_interfaces/msg/Time,,std_msgs/msg/Header,0.9999987483024597,0.14362271130084991,2.3350839614868164,14.259578704833984,0.014000000432133675,8.11369329438563,-31.962733025879146,0.0,geometry_msgs/msg/Point,fpn_msgs/msg/MHEOutput
1662053789661792039,1662053789.661792040,1662053789662315680,/terrasentia/mhe_output,fpn_msgs/msg/MHEOutput,1089,1662053789,661792039,builtin_interfaces/msg/Time,,std_msgs/msg/Header,0.9999983310699463,0.13708865642547607,2.3352017402648926,14.235260963439941,0.014000000432133675,8.10670396336456,-31.744234116833642,0.0,geometry_msgs/msg/Point,fpn_msgs/msg/MHEOutput
1662053789868468284,1662053789.868468285,1662053789869528992,/terrasentia/mhe_output,fpn_msgs/msg/MHEOutput,1090,1662053789,868468284,builtin_interfaces/msg/Time,,std_msgs/msg/Header,0.9999959468841553,0.15981189906597137,2.341545343399048,14.173480033874512,0.014000000432133675,8.094278744853625,-31.561916228511155,0.0,geometry_msgs/msg/Point,fpn_msgs/msg/MHEOutput
1662053790062560558,1662053790.062560558,1662053790063337280,/terrasentia/mhe_output,fpn_msgs/msg/MHEOutput,1091,1662053790,62560558,builtin_interfaces/msg/Time,,std_msgs/msg/Header,0.9999963641166687,0.23026253283023834,2.347548007965088,14.167462348937988,0.014000000432133675,8.071824414100838,-31.36763418790159,0.0,geometry_msgs/msg/Point,fpn_msgs/msg/MHEOutput
1662053790266990661,1662053790.266990662,1662053790268023328,/terrasentia/mhe_output,fpn_msgs/msg/MHEOutput,1092,1662053790,266990661,builtin_interfaces/msg/Time,,std_msgs/msg/Header,0.9999951720237732,0.24155989289283752,2.3503737449645996,14.16554069519043,0.014000000432133675,8.064378956178404,-31.169988995115663,0.0,geometry_msgs/msg/Point,fpn_msgs/msg/MHEOutput
1662053790466172695,1662053790.466172695,1662053790467461376,/terrasentia/mhe_output,fpn_msgs/msg/MHEOutput,1093,1662053790,466172695,builtin_interfaces/msg/Time,,std_msgs/msg/Header,0.9999938011169434,0.23644576966762543,2.3534483909606934,14.171092987060547,0.014000000432133675,8.052446289277183,-30.972249057391718,0.0,geometry_msgs/msg/Point,fpn_msgs/msg/MHEOutput
1662053790666454792,1662053790.666454792,1662053790667579328,/terrasentia/mhe_output,fpn_msgs/msg/MHEOutput,1094,1662053790,666454792,builtin_interfaces/msg/Time,,std_msgs/msg/Header,0.9999933838844299,0.22430086135864258,2.3598835468292236,14.182682991027832,0.014000000432133675,8.034758125315355,-30.774708461716948,0.0,geometry_msgs/msg/Point,fpn_msgs/msg/MHEOutput
1662053790862802982,1662053790.862802982,1662053790863504736,/terrasentia/mhe_output,fpn_msgs/msg/MHEOutput,1095,1662053790,862802982,builtin_interfaces/msg/Time,,std_msgs/msg/Header,0.999995768070221,0.18325883150100708,2.363224983215332,14.202092170715332,0.014000000432133675,8.008623276670551,-30.57996502871467,0.0,geometry_msgs/msg/Point,fpn_msgs/msg/MHEOutput
1662053791064619302,1662053791.064619303,1662053791065921984,/terrasentia/mhe_output,fpn_msgs/msg/MHEOutput,1096,1662053791,64619302,builtin_interfaces/msg/Time,,std_msgs/msg/Header,0.9999967217445374,0.19555483758449554,2.3640644550323486,14.195734024047852,0.014000000432133675,8.002697034699693,-30.386499652502163,0.0,geometry_msgs/msg/Point,fpn_msgs/msg/MHEOutput
1662053791263433933,1662053791.263433933,1662053791264095392,/terrasentia/mhe_output,fpn_msgs/msg/MHEOutput,1097,1662053791,263433933,builtin_interfaces/msg/Time,,std_msgs/msg/Header,0.9999387860298157,0.19155152142047882,2.3606951236724854,14.188179969787598,0.014000000432133675,7.998721201854369,-30.213985010314126,0.0,geometry_msgs/msg/Point,fpn_msgs/msg/MHEOutput
1662053791467406749,1662053791.467406750,1662053791468300288,/terrasentia/mhe_output,fpn_msgs/msg/MHEOutput,1098,1662053791,467406749,builtin_interfaces/msg/Time,,std_msgs/msg/Header,0.9422484040260315,0.19181719422340393,2.3488969802856445,14.183575630187988,0.014000000432133675,7.997066847606441,-30.086915345306295,0.0,geometry_msgs/msg/Point,fpn_msgs/msg/MHEOutput
1662053791662008762,1662053791.662008762,1662053791662820192,/terrasentia/mhe_output,fpn_msgs/msg/MHEOutput,1099,1662053791,662008762,builtin_interfaces/msg/Time,,std_msgs/msg/Header,0.9869343638420105,0.1919977217912674,2.3425893783569336,14.181214332580566,0.014000000432133675,7.992331678175731,-29.855839813493073,0.0,geometry_msgs/msg/Point,fpn_msgs/msg/MHEOutput
1662053791866146087,1662053791.866146088,1662053791867094368,/terrasentia/mhe_output,fpn_msgs/msg/MHEOutput,1100,1662053791,866146087,builtin_interfaces/msg/Time,,std_msgs/msg/Header,0.9999909400939941,0.19225934147834778,2.337678909301758,14.17555046081543,0.014000000432133675,7.988714140490285,-29.646066826568564,0.0,geometry_msgs/msg/Point,fpn_msgs/msg/MHEOutput
1662053792069265127,1662053792.069265127,1662053792070146592,/terrasentia/mhe_output,fpn_msgs/msg/MHEOutput,1101,1662053792,69265127,builtin_interfaces/msg/Time,,std_msgs/msg/Header,0.9999961853027344,0.19365009665489197,2.333235025405884,14.169745445251465,0.014000000432133675,7.987396408390822,-29.44670738273528,0.0,geometry_msgs/msg/Point,fpn_msgs/msg/MHEOutput
1662053792266932487,1662053792.266932487,1662053792267704736,/terrasentia/mhe_output,fpn_msgs/msg/MHEOutput,1102,1662053792,266932487,builtin_interfaces/msg/Time,,std_msgs/msg/Header,0.9999978542327881,0.1950065642595291,2.3307721614837646,14.169758796691895,0.014000000432133675,7.980273760254641,-29.24977179700606,0.0,geometry_msgs/msg/Point,fpn_msgs/msg/MHEOutput
1662053792461787939,1662053792.461787939,1662053792462465856,/terrasentia/mhe_output,fpn_msgs/msg/MHEOutput,1103,1662053792,461787939,builtin_interfaces/msg/Time,,std_msgs/msg/Header,0.9999984502792358,0.19633044302463531,2.336594820022583,14.167049407958984,0.014000000432133675,7.97764462895118,-29.05277855608854,0.0,geometry_msgs/msg/Point,fpn_msgs/msg/MHEOutput
1662053792660609245,1662053792.660609245,1662053792661256224,/terrasentia/mhe_output,fpn_msgs/msg/MHEOutput,1104,1662053792,660609245,builtin_interfaces/msg/Time,,std_msgs/msg/Header,0.9999987483024597,0.19762328267097473,2.340177536010742,14.166304588317871,0.014000000432133675,7.97306360853576,-28.85584888161758,0.0,geometry_msgs/msg/Point,fpn_msgs/msg/MHEOutput
1662053792862021684,1662053792.862021685,1662053792862847648,/terrasentia/mhe_output,fpn_msgs/msg/MHEOutput,1105,1662053792,862021684,builtin_interfaces/msg/Time,,std_msgs/msg/Header,0.9999983310699463,0.19888655841350555,2.342613935470581,14.163418769836426,0.014000000432133675,7.970631178405302,-28.635982017789622,0.0,geometry_msgs/msg/Point,fpn_msgs/msg/MHEOutput
1662053793060776710,1662053793.060776711,1662053793061637024,/terrasentia/mhe_output,fpn_msgs/msg/MHEOutput,1106,1662053793,60776710,builtin_interfaces/msg/Time,,std_msgs/msg/Header,0.9999958872795105,0.2001216560602188,2.3501739501953125,14.157522201538086,0.014000000432133675,7.969456641799667,-28.413488905603227,0.0,geometry_msgs/msg/Point,fpn_msgs/msg/MHEOutput
1662053793264701843,1662053793.264701843,1662053793265435520,/terrasentia/mhe_output,fpn_msgs/msg/MHEOutput,1107,1662053793,264701843,builtin_interfaces/msg/Time,,std_msgs/msg/Header,0.9999920725822449,0.2013298124074936,2.355257987976074,14.154928207397461,0.014000000432133675,7.966695488156862,-28.21622103995692,0.0,geometry_msgs/msg/Point,fpn_msgs/msg/MHEOutput
1662053793465433597,1662053793.465433598,1662053793466552672,/terrasentia/mhe_output,fpn_msgs/msg/MHEOutput,1108,1662053793,465433597,builtin_interfaces/msg/Time,,std_msgs/msg/Header,0.9999920129776001,0.2025122344493866,2.359239339828491,14.166701316833496,0.014000000432133675,7.963110858024343,-28.02160207252152,0.0,geometry_msgs/msg/Point,fpn_msgs/msg/MHEOutput
1662053793664990901,1662053793.664990902,1662053793666104352,/terrasentia/mhe_output,fpn_msgs/msg/MHEOutput,1109,1662053793,664990901,builtin_interfaces/msg/Time,,std_msgs/msg/Header,0.9914661049842834,0.2762783467769623,2.356132745742798,14.172932624816895,0.014000000432133675,7.954404136831183,-27.859245735340515,0.0,geometry_msgs/msg/Point,fpn_msgs/msg/MHEOutput
1662053793862045764,1662053793.862045765,1662053793862654624,/terrasentia/mhe_output,fpn_msgs/msg/MHEOutput,1110,1662053793,862045764,builtin_interfaces/msg/Time,,std_msgs/msg/Header,0.9999467730522156,0.3469824194908142,2.3557260036468506,14.179580688476562,0.014000000432133675,7.943513161097097,-27.65985131528507,0.0,geometry_msgs/msg/Point,fpn_msgs/msg/MHEOutput
1662053794068650007,1662053794.068650007,1662053794069087520,/terrasentia/mhe_output,fpn_msgs/msg/MHEOutput,1111,1662053794,68650007,builtin_interfaces/msg/Time,,std_msgs/msg/Header,0.999990701675415,0.434543251991272,2.3602986335754395,14.197351455688477,0.014000000432133675,7.915891496424826,-27.467773782327782,0.0,geometry_msgs/msg/Point,fpn_msgs/msg/MHEOutput
1662053794263386249,1662053794.263386250,1662053794264559040,/terrasentia/mhe_output,fpn_msgs/msg/MHEOutput,1112,1662053794,263386249,builtin_interfaces/msg/Time,,std_msgs/msg/Header,0.9999906420707703,0.5077919960021973,2.364593744277954,14.206560134887695,0.014000000432133675,7.895658917039759,-27.273339466235466,0.0,geometry_msgs/msg/Point,fpn_msgs/msg/MHEOutput
1662053794465164899,1662053794.465164900,1662053794466142464,/terrasentia/mhe_output,fpn_msgs/msg/MHEOutput,1113,1662053794,465164899,builtin_interfaces/msg/Time,,std_msgs/msg/Header,0.9999958276748657,0.5680204033851624,2.366788864135742,14.211298942565918,0.014000000432133675,7.877646709975291,-27.078785445855065,0.0,geometry_msgs/msg/Point,fpn_msgs/msg/MHEOutput
1662053794662784099,1662053794.662784100,1662053794663514464,/terrasentia/mhe_output,fpn_msgs/msg/MHEOutput,1114,1662053794,662784099,builtin_interfaces/msg/Time,,std_msgs/msg/Header,0.999997079372406,0.6129042506217957,2.369933605194092,14.220566749572754,0.014000000432133675,7.853339819399485,-26.886994741220455,0.0,geometry_msgs/msg/Point,fpn_msgs/msg/MHEOutput
1662053794868387699,1662053794.868387699,1662053794869598720,/terrasentia/mhe_output,fpn_msgs/msg/MHEOutput,1115,1662053794,868387699,builtin_interfaces/msg/Time,,std_msgs/msg/Header,0.9999976754188538,0.6241164207458496,2.3693830966949463,14.22115421295166,0.014000000432133675,7.838124886441192,-26.692369861455823,0.0,geometry_msgs/msg/Point,fpn_msgs/msg/MHEOutput
1662053795062786817,1662053795.062786818,1662053795063515552,/terrasentia/mhe_output,fpn_msgs/msg/MHEOutput,1116,1662053795,62786817,builtin_interfaces/msg/Time,,std_msgs/msg/Header,0.9999980330467224,0.6240349411964417,2.3628132343292236,14.213471412658691,0.014000000432133675,7.83199603425846,-26.499372103198017,0.0,geometry_msgs/msg/Point,fpn_msgs/msg/MHEOutput
1662053795262353658,1662053795.262353659,1662053795263051168,/terrasentia/mhe_output,fpn_msgs/msg/MHEOutput,1117,1662053795,262353658,builtin_interfaces/msg/Time,,std_msgs/msg/Header,0.9999942779541016,0.6239534616470337,2.358689069747925,14.205598831176758,0.014000000432133675,7.825675199410341,-26.28127865808727,0.0,geometry_msgs/msg/Point,fpn_msgs/msg/MHEOutput
1662053795463004112,1662053795.463004112,1662053795463682816,/terrasentia/mhe_output,fpn_msgs/msg/MHEOutput,1118,1662053795,463004112,builtin_interfaces/msg/Time,,std_msgs/msg/Header,0.9999942779541016,0.6238721013069153,2.351745367050171,14.201242446899414,0.014000000432133675,7.814147721946014,-26.08481978254106,0.0,geometry_msgs/msg/Point,fpn_msgs/msg/MHEOutput
1662053795662298202,1662053795.662298203,1662053795662953568,/terrasentia/mhe_output,fpn_msgs/msg/MHEOutput,1119,1662053795,662298202,builtin_interfaces/msg/Time,,std_msgs/msg/Header,0.9999956488609314,0.6237908601760864,2.3481931686401367,14.205401420593262,0.014000000432133675,7.797575932933719,-25.889053310184135,0.0,geometry_msgs/msg/Point,fpn_msgs/msg/MHEOutput
1662053795860601186,1662053795.860601187,1662053795861558752,/terrasentia/mhe_output,fpn_msgs/msg/MHEOutput,1120,1662053795,860601186,builtin_interfaces/msg/Time,,std_msgs/msg/Header,0.9999963641166687,0.6237096786499023,2.3464925289154053,14.21129322052002,0.014000000432133675,7.775840613703599,-25.695596743248107,0.0,geometry_msgs/msg/Point,fpn_msgs/msg/MHEOutput
1662053796062499761,1662053796.062499762,1662053796063691072,/terrasentia/mhe_output,fpn_msgs/msg/MHEOutput,1121,1662053796,62499761,builtin_interfaces/msg/Time,,std_msgs/msg/Header,0.9999963045120239,0.6236286163330078,2.346532106399536,14.216285705566406,0.014000000432133675,7.754966943106506,-25.502007322680022,0.0,geometry_msgs/msg/Point,fpn_msgs/msg/MHEOutput
1662053796264305114,1662053796.264305115,1662053796265192032,/terrasentia/mhe_output,fpn_msgs/msg/MHEOutput,1122,1662053796,264305114,builtin_interfaces/msg/Time,,std_msgs/msg/Header,0.9999961853027344,0.6235476136207581,2.3502116203308105,14.225625991821289,0.014000000432133675,7.731504467987157,-25.306405987644983,0.0,geometry_msgs/msg/Point,fpn_msgs/msg/MHEOutput
1662053796463812351,1662053796.463812351,1662053796464805120,/terrasentia/mhe_output,fpn_msgs/msg/MHEOutput,1123,1662053796,463812351,builtin_interfaces/msg/Time,,std_msgs/msg/Header,0.9999959468841553,0.6234666705131531,2.3554844856262207,14.235251426696777,0.014000000432133675,7.704295583600335,-25.113053763231164,0.0,geometry_msgs/msg/Point,fpn_msgs/msg/MHEOutput
1662053796666850328,1662053796.666850328,1662053796667953760,/terrasentia/mhe_output,fpn_msgs/msg/MHEOutput,1124,1662053796,666850328,builtin_interfaces/msg/Time,,std_msgs/msg/Header,0.9999939203262329,0.6233858466148376,2.3565051555633545,14.233457565307617,0.014000000432133675,7.688409890471014,-24.918535676602648,0.0,geometry_msgs/msg/Point,fpn_msgs/msg/MHEOutput
1662053796861865520,1662053796.861865520,1662053796862988896,/terrasentia/mhe_output,fpn_msgs/msg/MHEOutput,1125,1662053796,861865520,builtin_interfaces/msg/Time,,std_msgs/msg/Header,0.9999943375587463,0.6233330368995667,2.355804681777954,14.357572555541992,0.014000000432133675,7.660262200095539,-24.737826727655143,0.0,geometry_msgs/msg/Point,fpn_msgs/msg/MHEOutput
1662053797063948869,1662053797.063948870,1662053797064741536,/terrasentia/mhe_output,fpn_msgs/msg/MHEOutput,1126,1662053797,63948869,builtin_interfaces/msg/Time,,std_msgs/msg/Header,0.9999938607215881,0.5109156370162964,2.3589656352996826,14.335958480834961,0.014000000432133675,7.62388527057749,-24.5495856499133,0.0,geometry_msgs/msg/Point,fpn_msgs/msg/MHEOutput
1662053797262945890,1662053797.262945890,1662053797264609152,/terrasentia/mhe_output,fpn_msgs/msg/MHEOutput,1127,1662053797,262945890,builtin_interfaces/msg/Time,,std_msgs/msg/Header,0.9999940395355225,0.39444276690483093,2.3598897457122803,14.272022247314453,0.014000000432133675,7.602902613595174,-24.36078410720462,0.0,geometry_msgs/msg/Point,fpn_msgs/msg/MHEOutput
1662053797463436603,1662053797.463436604,1662053797464684896,/terrasentia/mhe_output,fpn_msgs/msg/MHEOutput,1128,1662053797,463436603,builtin_interfaces/msg/Time,,std_msgs/msg/Header,0.9999856948852539,0.32938021421432495,2.3619797229766846,14.119091033935547,0.014000000432133675,7.594738337098315,-24.212146909040754,0.0,geometry_msgs/msg/Point,fpn_msgs/msg/MHEOutput
1662053797663522958,1662053797.663522959,1662053797664894528,/terrasentia/mhe_output,fpn_msgs/msg/MHEOutput,1129,1662053797,663522958,builtin_interfaces/msg/Time,,std_msgs/msg/Header,0.9999898076057434,0.26392266154289246,2.362933874130249,14.030399322509766,0.014000000432133675,7.592859901274877,-24.063940389732263,0.0,geometry_msgs/msg/Point,fpn_msgs/msg/MHEOutput
1662053797866595745,1662053797.866595745,1662053797866969184,/terrasentia/mhe_output,fpn_msgs/msg/MHEOutput,1130,1662053797,866595745,builtin_interfaces/msg/Time,,std_msgs/msg/Header,0.9999961256980896,0.061977922916412354,2.365305185317993,14.21987533569336,0.014000000432133675,7.546507943287285,-23.87161825893419,0.0,geometry_msgs/msg/Point,fpn_msgs/msg/MHEOutput
1662053798061261892,1662053798.061261892,1662053798062341216,/terrasentia/mhe_output,fpn_msgs/msg/MHEOutput,1131,1662053798,61261892,builtin_interfaces/msg/Time,,std_msgs/msg/Header,0.9999961853027344,0.07861243188381195,2.366952896118164,14.207551956176758,0.014000000432133675,7.538841120988986,-23.67682274024195,0.0,geometry_msgs/msg/Point,fpn_msgs/msg/MHEOutput
1662053798262747764,1662053798.262747765,1662053798263999840,/terrasentia/mhe_output,fpn_msgs/msg/MHEOutput,1132,1662053798,262747764,builtin_interfaces/msg/Time,,std_msgs/msg/Header,0.9999195337295532,0.09693324565887451,2.3655035495758057,14.190277099609375,0.014000000432133675,7.538522192683418,-23.504611995824312,0.0,geometry_msgs/msg/Point,fpn_msgs/msg/MHEOutput
1662053798469925165,1662053798.469925165,1662053798470768096,/terrasentia/mhe_output,fpn_msgs/msg/MHEOutput,1133,1662053798,469925165,builtin_interfaces/msg/Time,,std_msgs/msg/Header,0.9999913573265076,0.10376281291246414,2.363954544067383,14.184050559997559,0.014000000432133675,7.532534030421205,-23.30345259660346,0.0,geometry_msgs/msg/Point,fpn_msgs/msg/MHEOutput
1662053798667613506,1662053798.667613506,1662053798668520512,/terrasentia/mhe_output,fpn_msgs/msg/MHEOutput,1134,1662053798,667613506,builtin_interfaces/msg/Time,,std_msgs/msg/Header,0.9999885559082031,0.10390201210975647,2.3606441020965576,14.176692962646484,0.014000000432133675,7.530091807591068,-23.10529874121795,0.0,geometry_msgs/msg/Point,fpn_msgs/msg/MHEOutput
1662053798867011785,1662053798.867011786,1662053798867446272,/terrasentia/mhe_output,fpn_msgs/msg/MHEOutput,1135,1662053798,867011785,builtin_interfaces/msg/Time,,std_msgs/msg/Header,0.9946413636207581,0.09230420738458633,2.356733798980713,14.171697616577148,0.014000000432133675,7.527472995744455,-22.934849726817905,0.0,geometry_msgs/msg/Point,fpn_msgs/msg/MHEOutput
1662053799068805932,1662053799.068805933,1662053799069265408,/terrasentia/mhe_output,fpn_msgs/msg/MHEOutput,1136,1662053799,68805932,builtin_interfaces/msg/Time,,std_msgs/msg/Header,0.9999912977218628,0.052579909563064575,2.3535149097442627,14.169622421264648,0.014000000432133675,7.522372553703891,-22.733826720005972,0.0,geometry_msgs/msg/Point,fpn_msgs/msg/MHEOutput
1662053799266970157,1662053799.266970158,1662053799269164576,/terrasentia/mhe_output,fpn_msgs/msg/MHEOutput,1137,1662053799,266970157,builtin_interfaces/msg/Time,,std_msgs/msg/Header,0.9999964237213135,0.05628260597586632,2.3536458015441895,14.172957420349121,0.014000000432133675,7.5125024474841435,-22.535894770924283,0.0,geometry_msgs/msg/Point,fpn_msgs/msg/MHEOutput
1662053799469814300,1662053799.469814301,1662053799470940128,/terrasentia/mhe_output,fpn_msgs/msg/MHEOutput,1138,1662053799,469814300,builtin_interfaces/msg/Time,,std_msgs/msg/Header,0.9999976754188538,0.05955253168940544,2.362602710723877,14.173225402832031,0.014000000432133675,7.506870760108845,-22.340154101342875,0.0,geometry_msgs/msg/Point,fpn_msgs/msg/MHEOutput
1662053799669918060,1662053799.669918060,1662053799671364352,/terrasentia/mhe_output,fpn_msgs/msg/MHEOutput,1139,1662053799,669918060,builtin_interfaces/msg/Time,,std_msgs/msg/Header,0.9999983310699463,0.06248275190591812,2.3669626712799072,14.169894218444824,0.014000000432133675,7.503121111969764,-22.139999052842448,0.0,geometry_msgs/msg/Point,fpn_msgs/msg/MHEOutput
1662053799868290901,1662053799.868290901,1662053799869235200,/terrasentia/mhe_output,fpn_msgs/msg/MHEOutput,1140,1662053799,868290901,builtin_interfaces/msg/Time,,std_msgs/msg/Header,0.9999975562095642,0.0651393011212349,2.3674418926239014,14.1630220413208,0.014000000432133675,7.502913064648153,-21.916948070196113,0.0,geometry_msgs/msg/Point,fpn_msgs/msg/MHEOutput
1662053800063956260,1662053800.063956261,1662053800065063040,/terrasentia/mhe_output,fpn_msgs/msg/MHEOutput,1141,1662053800,63956260,builtin_interfaces/msg/Time,,std_msgs/msg/Header,0.9999979138374329,0.06757071614265442,2.3667030334472656,14.159649848937988,0.014000000432133675,7.502683358490193,-21.72131331768174,0.0,geometry_msgs/msg/Point,fpn_msgs/msg/MHEOutput
1662053800269917249,1662053800.269917250,1662053800271057024,/terrasentia/mhe_output,fpn_msgs/msg/MHEOutput,1142,1662053800,269917249,builtin_interfaces/msg/Time,,std_msgs/msg/Header,0.9999982118606567,0.0698201060295105,2.3656954765319824,14.180398941040039,0.014000000432133675,7.49742030434411,-21.549544624020832,0.0,geometry_msgs/msg/Point,fpn_msgs/msg/MHEOutput
1662053800468225955,1662053800.468225956,1662053800469845024,/terrasentia/mhe_output,fpn_msgs/msg/MHEOutput,1143,1662053800,468225955,builtin_interfaces/msg/Time,,std_msgs/msg/Header,0.9997899532318115,0.28403598070144653,2.3614883422851562,14.250882148742676,0.014000000432133675,7.466169282542804,-21.348905711237247,0.0,geometry_msgs/msg/Point,fpn_msgs/msg/MHEOutput
1662053800662227869,1662053800.662227869,1662053800662928384,/terrasentia/mhe_output,fpn_msgs/msg/MHEOutput,1144,1662053800,662227869,builtin_interfaces/msg/Time,,std_msgs/msg/Header,0.9999613165855408,0.294425368309021,2.3583779335021973,14.24584674835205,0.014000000432133675,7.453727177175667,-21.151985403900564,0.0,geometry_msgs/msg/Point,fpn_msgs/msg/MHEOutput
1662053800863206624,1662053800.863206625,1662053800863946944,/terrasentia/mhe_output,fpn_msgs/msg/MHEOutput,1145,1662053800,863206624,builtin_interfaces/msg/Time,,std_msgs/msg/Header,0.9999914169311523,0.24405547976493835,2.355098009109497,14.226717948913574,0.014000000432133675,7.448822421457436,-20.9546245243921,0.0,geometry_msgs/msg/Point,fpn_msgs/msg/MHEOutput
1662053801062684774,1662053801.062684774,1662053801063136128,/terrasentia/mhe_output,fpn_msgs/msg/MHEOutput,1146,1662053801,62684774,builtin_interfaces/msg/Time,,std_msgs/msg/Header,0.9999943375587463,0.1794949620962143,2.3495535850524902,14.203600883483887,0.014000000432133675,7.452928009052368,-20.754824608591953,0.0,geometry_msgs/msg/Point,fpn_msgs/msg/MHEOutput
1662053801263283252,1662053801.263283253,1662053801264122272,/terrasentia/mhe_output,fpn_msgs/msg/MHEOutput,1147,1662053801,263283252,builtin_interfaces/msg/Time,,std_msgs/msg/Header,0.9999964237213135,0.14171040058135986,2.3436367511749268,14.19140338897705,0.014000000432133675,7.4518365897110606,-20.555660612624443,0.0,geometry_msgs/msg/Point,fpn_msgs/msg/MHEOutput
1662053801465648174,1662053801.465648174,1662053801466491712,/terrasentia/mhe_output,fpn_msgs/msg/MHEOutput,1148,1662053801,465648174,builtin_interfaces/msg/Time,,std_msgs/msg/Header,0.999997615814209,0.13719747960567474,2.3403167724609375,14.191655158996582,0.014000000432133675,7.438891940104065,-20.354969606386817,0.0,geometry_msgs/msg/Point,fpn_msgs/msg/MHEOutput
1662053801661253690,1662053801.661253691,1662053801662201920,/terrasentia/mhe_output,fpn_msgs/msg/MHEOutput,1149,1662053801,661253690,builtin_interfaces/msg/Time,,std_msgs/msg/Header,0.9999979734420776,0.14889343082904816,2.3386740684509277,14.192731857299805,0.014000000432133675,7.424684269653649,-20.154507803395827,0.0,geometry_msgs/msg/Point,fpn_msgs/msg/MHEOutput
1662053801861334800,1662053801.861334801,1662053801862085504,/terrasentia/mhe_output,fpn_msgs/msg/MHEOutput,1150,1662053801,861334800,builtin_interfaces/msg/Time,,std_msgs/msg/Header,0.9999983310699463,0.15195201337337494,2.3378005027770996,14.192107200622559,0.014000000432133675,7.414668579977588,-19.954173308154296,0.0,geometry_msgs/msg/Point,fpn_msgs/msg/MHEOutput
1662053802060634374,1662053802.060634375,1662053802061233984,/terrasentia/mhe_output,fpn_msgs/msg/MHEOutput,1151,1662053802,60634374,builtin_interfaces/msg/Time,,std_msgs/msg/Header,0.9999969005584717,0.15484443306922913,2.3483479022979736,14.199013710021973,0.014000000432133675,7.39525970350217,-19.73475577006676,0.0,geometry_msgs/msg/Point,fpn_msgs/msg/MHEOutput
1662053802267471790,1662053802.267471790,1662053802268505632,/terrasentia/mhe_output,fpn_msgs/msg/MHEOutput,1152,1662053802,267471790,builtin_interfaces/msg/Time,,std_msgs/msg/Header,0.9999963045120239,0.15758800506591797,2.3554420471191406,14.201375007629395,0.014000000432133675,7.380474708713624,-19.533139749242572,0.0,geometry_msgs/msg/Point,fpn_msgs/msg/MHEOutput
1662053802467404842,1662053802.467404842,1662053802468616064,/terrasentia/mhe_output,fpn_msgs/msg/MHEOutput,1153,1662053802,467404842,builtin_interfaces/msg/Time,,std_msgs/msg/Header,0.9999955296516418,0.16019751131534576,2.3613221645355225,14.20351505279541,0.014000000432133675,7.365899027492247,-19.331738434824906,0.0,geometry_msgs/msg/Point,fpn_msgs/msg/MHEOutput
1662053802669210195,1662053802.669210196,1662053802670322912,/terrasentia/mhe_output,fpn_msgs/msg/MHEOutput,1154,1662053802,669210195,builtin_interfaces/msg/Time,,std_msgs/msg/Header,0.9999922513961792,0.1626856029033661,2.3637475967407227,14.201900482177734,0.014000000432133675,7.3533868867475585,-19.132380145349472,0.0,geometry_msgs/msg/Point,fpn_msgs/msg/MHEOutput
1662053802867240905,1662053802.867240906,1662053802868350880,/terrasentia/mhe_output,fpn_msgs/msg/MHEOutput,1155,1662053802,867240905,builtin_interfaces/msg/Time,,std_msgs/msg/Header,0.9999924898147583,0.16506324708461761,2.3640403747558594,14.19827651977539,0.014000000432133675,7.34288140439449,-18.935211659142883,0.0,geometry_msgs/msg/Point,fpn_msgs/msg/MHEOutput
1662053803063763380,1662053803.063763380,1662053803065190848,/terrasentia/mhe_output,fpn_msgs/msg/MHEOutput,1156,1662053803,63763380,builtin_interfaces/msg/Time,,std_msgs/msg/Header,0.9999925494194031,0.1673399806022644,2.36539626121521,14.199711799621582,0.014000000432133675,7.3289804335935225,-18.740682574247437,0.0,geometry_msgs/msg/Point,fpn_msgs/msg/MHEOutput
1662053803262721061,1662053803.262721062,1662053803263449152,/terrasentia/mhe_output,fpn_msgs/msg/MHEOutput,1157,1662053803,262721061,builtin_interfaces/msg/Time,,std_msgs/msg/Header,0.9825108051300049,0.16766157746315002,2.3681769371032715,14.202606201171875,0.014000000432133675,7.316334956877549,-18.58364380324722,0.0,geometry_msgs/msg/Point,fpn_msgs/msg/MHEOutput
1662053803464745998,1662053803.464745998,1662053803466752640,/terrasentia/mhe_output,fpn_msgs/msg/MHEOutput,1158,1662053803,464745998,builtin_interfaces/msg/Time,,std_msgs/msg/Header,0.9998668432235718,0.16798171401023865,2.36844539642334,14.196680068969727,0.014000000432133675,7.3090290855314795,-18.372192417119464,0.0,geometry_msgs/msg/Point,fpn_msgs/msg/MHEOutput
1662053803663837432,1662053803.663837433,1662053803665133088,/terrasentia/mhe_output,fpn_msgs/msg/MHEOutput,1159,1662053803,663837432,builtin_interfaces/msg/Time,,std_msgs/msg/Header,0.951854407787323,0.1691790372133255,2.369718313217163,14.196430206298828,0.014000000432133675,7.30272439515921,-18.238046332643524,0.0,geometry_msgs/msg/Point,fpn_msgs/msg/MHEOutput
1662053803865139245,1662053803.865139246,1662053803866991744,/terrasentia/mhe_output,fpn_msgs/msg/MHEOutput,1160,1662053803,865139245,builtin_interfaces/msg/Time,,std_msgs/msg/Header,0.9188679456710815,0.17096178233623505,2.369753360748291,14.193806648254395,0.014000000432133675,7.29620421272566,-18.091234228183037,0.0,geometry_msgs/msg/Point,fpn_msgs/msg/MHEOutput
1662053804067235469,1662053804.067235470,1662053804068057600,/terrasentia/mhe_output,fpn_msgs/msg/MHEOutput,1161,1662053804,67235469,builtin_interfaces/msg/Time,,std_msgs/msg/Header,0.9998576045036316,0.17117255926132202,2.367619514465332,14.188545227050781,0.014000000432133675,7.287090515672575,-17.824707928334554,0.0,geometry_msgs/msg/Point,fpn_msgs/msg/MHEOutput
1662053804261540412,1662053804.261540413,1662053804263134208,/terrasentia/mhe_output,fpn_msgs/msg/MHEOutput,1162,1662053804,261540412,builtin_interfaces/msg/Time,,std_msgs/msg/Header,0.9999959468841553,0.17320947349071503,2.3639044761657715,14.181464195251465,0.014000000432133675,7.285407358522525,-17.623187026599936,0.0,geometry_msgs/msg/Point,fpn_msgs/msg/MHEOutput
1662053804463524818,1662053804.463524818,1662053804464457728,/terrasentia/mhe_output,fpn_msgs/msg/MHEOutput,1163,1662053804,463524818,builtin_interfaces/msg/Time,,std_msgs/msg/Header,0.9999982118606567,0.17517229914665222,2.3587396144866943,14.174348831176758,0.014000000432133675,7.28550919249585,-17.42135708772973,0.0,geometry_msgs/msg/Point,fpn_msgs/msg/MHEOutput
1662053804665016651,1662053804.665016651,1662053804666407264,/terrasentia/mhe_output,fpn_msgs/msg/MHEOutput,1164,1662053804,665016651,builtin_interfaces/msg/Time,,std_msgs/msg/Header,0.9999987483024597,0.17706632614135742,2.35249400138855,14.168834686279297,0.014000000432133675,7.285755090920276,-17.217335731442997,0.0,geometry_msgs/msg/Point,fpn_msgs/msg/MHEOutput
1662053804867383003,1662053804.867383003,1662053804868157568,/terrasentia/mhe_output,fpn_msgs/msg/MHEOutput,1165,1662053804,867383003,builtin_interfaces/msg/Time,,std_msgs/msg/Header,0.9999985098838806,0.17889632284641266,2.3452372550964355,14.162398338317871,0.014000000432133675,7.286968665327308,-16.990413558430774,0.0,geometry_msgs/msg/Point,fpn_msgs/msg/MHEOutput
1662053805066060543,1662053805.066060543,1662053805067316608,/terrasentia/mhe_output,fpn_msgs/msg/MHEOutput,1166,1662053805,66060543,builtin_interfaces/msg/Time,,std_msgs/msg/Header,0.9999987483024597,0.18066656589508057,2.341438055038452,14.163476943969727,0.014000000432133675,7.2787812369523675,-16.788590354784315,0.0,geometry_msgs/msg/Point,fpn_msgs/msg/MHEOutput
1662053805266281366,1662053805.266281366,1662053805267442560,/terrasentia/mhe_output,fpn_msgs/msg/MHEOutput,1167,1662053805,266281366,builtin_interfaces/msg/Time,,std_msgs/msg/Header,0.9999982714653015,0.18238091468811035,2.3423285484313965,14.171339988708496,0.014000000432133675,7.260190670260745,-16.564408494860306,0.0,geometry_msgs/msg/Point,fpn_msgs/msg/MHEOutput
1662053805467267274,1662053805.467267275,1662053805467723648,/terrasentia/mhe_output,fpn_msgs/msg/MHEOutput,1168,1662053805,467267274,builtin_interfaces/msg/Time,,std_msgs/msg/Header,0.9909289479255676,0.1825743019580841,2.347562313079834,14.182836532592773,0.014000000432133675,7.2399809093071354,-16.372862304279067,0.0,geometry_msgs/msg/Point,fpn_msgs/msg/MHEOutput
1662053805665940523,1662053805.665940523,1662053805667128032,/terrasentia/mhe_output,fpn_msgs/msg/MHEOutput,1169,1662053805,665940523,builtin_interfaces/msg/Time,,std_msgs/msg/Header,0.9997971057891846,0.1828678846359253,2.35422945022583,14.194350242614746,0.014000000432133675,7.219111610549792,-16.166828947547668,0.0,geometry_msgs/msg/Point,fpn_msgs/msg/MHEOutput
1662053805862137317,1662053805.862137318,1662053805863615392,/terrasentia/mhe_output,fpn_msgs/msg/MHEOutput,1170,1662053805,862137317,builtin_interfaces/msg/Time,,std_msgs/msg/Header,0.9999920725822449,0.18316034972667694,2.360999584197998,14.203471183776855,0.014000000432133675,7.199260235772522,-15.968062508240076,0.0,geometry_msgs/msg/Point,fpn_msgs/msg/MHEOutput
1662053806063624382,1662053806.063624382,1662053806065111392,/terrasentia/mhe_output,fpn_msgs/msg/MHEOutput,1171,1662053806,63624382,builtin_interfaces/msg/Time,,std_msgs/msg/Header,0.9999889135360718,0.18479904532432556,2.3628182411193848,14.2000732421875,0.014000000432133675,7.193857352234669,-15.77090532255463,0.0,geometry_msgs/msg/Point,fpn_msgs/msg/MHEOutput
1662053806263640880,1662053806.263640881,1662053806264575776,/terrasentia/mhe_output,fpn_msgs/msg/MHEOutput,1172,1662053806,263640880,builtin_interfaces/msg/Time,,std_msgs/msg/Header,0.999995768070221,0.18638989329338074,2.3612818717956543,14.192815780639648,0.014000000432133675,7.190607043282305,-15.575842559270063,0.0,geometry_msgs/msg/Point,fpn_msgs/msg/MHEOutput
1662053806464331150,1662053806.464331150,1662053806465569888,/terrasentia/mhe_output,fpn_msgs/msg/MHEOutput,1173,1662053806,464331150,builtin_interfaces/msg/Time,,std_msgs/msg/Header,0.9999973177909851,0.1879357099533081,2.3577373027801514,14.186065673828125,0.014000000432133675,7.1833556820187665,-15.377308451457267,0.0,geometry_msgs/msg/Point,fpn_msgs/msg/MHEOutput
1662053806663146972,1662053806.663146973,1662053806663939552,/terrasentia/mhe_output,fpn_msgs/msg/MHEOutput,1174,1662053806,663146972,builtin_interfaces/msg/Time,,std_msgs/msg/Header,0.9999978542327881,0.18943901360034943,2.3531434535980225,14.180577278137207,0.014000000432133675,7.178267545805413,-15.180985948936492,0.0,geometry_msgs/msg/Point,fpn_msgs/msg/MHEOutput
1662053806864637374,1662053806.864637375,1662053806865886208,/terrasentia/mhe_output,fpn_msgs/msg/MHEOutput,1175,1662053806,864637374,builtin_interfaces/msg/Time,,std_msgs/msg/Header,0.999998152256012,0.19090214371681213,2.3528032302856445,14.187220573425293,0.014000000432133675,7.160907193553868,-14.982851492870228,0.0,geometry_msgs/msg/Point,fpn_msgs/msg/MHEOutput
1662053807061603307,1662053807.061603308,1662053807062227776,/terrasentia/mhe_output,fpn_msgs/msg/MHEOutput,1176,1662053807,61603307,builtin_interfaces/msg/Time,,std_msgs/msg/Header,0.9999938011169434,0.19232726097106934,2.3548665046691895,14.192010879516602,0.014000000432133675,7.1454692160943,-14.761627053190773,0.0,geometry_msgs/msg/Point,fpn_msgs/msg/MHEOutput
1662053807265983581,1662053807.265983582,1662053807268038400,/terrasentia/mhe_output,fpn_msgs/msg/MHEOutput,1177,1662053807,265983581,builtin_interfaces/msg/Time,,std_msgs/msg/Header,0.9999940395355225,0.19371633231639862,2.356997013092041,14.191447257995605,0.014000000432133675,7.137196700025372,-14.564873595325883,0.0,geometry_msgs/msg/Point,fpn_msgs/msg/MHEOutput
1662053807468216896,1662053807.468216896,1662053807469323168,/terrasentia/mhe_output,fpn_msgs/msg/MHEOutput,1178,1662053807,468216896,builtin_interfaces/msg/Time,,std_msgs/msg/Header,0.9970847368240356,0.1938943862915039,2.359633445739746,14.193605422973633,0.014000000432133675,7.128053672242183,-14.396024216733993,0.0,geometry_msgs/msg/Point,fpn_msgs/msg/MHEOutput
1662053807667756795,1662053807.667756796,1662053807668507520,/terrasentia/mhe_output,fpn_msgs/msg/MHEOutput,1179,1662053807,667756795,builtin_interfaces/msg/Time,,std_msgs/msg/Header,0.9999817609786987,0.19415028393268585,2.359895944595337,14.189650535583496,0.014000000432133675,7.119597878033274,-14.19476427516019,0.0,geometry_msgs/msg/Point,fpn_msgs/msg/MHEOutput
1662053807868390560,1662053807.868390560,1662053807869682144,/terrasentia/mhe_output,fpn_msgs/msg/MHEOutput,1180,1662053807,868390560,builtin_interfaces/msg/Time,,std_msgs/msg/Header,0.9999926090240479,0.1944054216146469,2.3575663566589355,14.181997299194336,0.014000000432133675,7.116681857526945,-13.995300021508546,0.0,geometry_msgs/msg/Point,fpn_msgs/msg/MHEOutput
1662053808064055442,1662053808.064055443,1662053808064841696,/terrasentia/mhe_output,fpn_msgs/msg/MHEOutput,1181,1662053808,64055442,builtin_interfaces/msg/Time,,std_msgs/msg/Header,0.999995231628418,0.1957436352968216,2.356419563293457,14.181495666503906,0.014000000432133675,7.108279439366678,-13.796054043908391,0.0,geometry_msgs/msg/Point,fpn_msgs/msg/MHEOutput
1662053808266615152,1662053808.266615152,1662053808268208512,/terrasentia/mhe_output,fpn_msgs/msg/MHEOutput,1182,1662053808,266615152,builtin_interfaces/msg/Time,,std_msgs/msg/Header,0.9999970197677612,0.19705012440681458,2.3551876544952393,14.180574417114258,0.014000000432133675,7.098595601296618,-13.596787457480861,0.0,geometry_msgs/msg/Point,fpn_msgs/msg/MHEOutput
1662053808466530561,1662053808.466530561,1662053808467651232,/terrasentia/mhe_output,fpn_msgs/msg/MHEOutput,1183,1662053808,466530561,builtin_interfaces/msg/Time,,std_msgs/msg/Header,0.9999977946281433,0.19832642376422882,2.3578031063079834,14.186887741088867,0.014000000432133675,7.083315352131464,-13.397860599292075,0.0,geometry_msgs/msg/Point,fpn_msgs/msg/MHEOutput
1662053808665301799,1662053808.665301800,1662053808666348192,/terrasentia/mhe_output,fpn_msgs/msg/MHEOutput,1184,1662053808,665301799,builtin_interfaces/msg/Time,,std_msgs/msg/Header,0.9999980330467224,0.19957393407821655,2.358725070953369,14.184581756591797,0.014000000432133675,7.078556919397047,-13.198521751981001,0.0,geometry_msgs/msg/Point,fpn_msgs/msg/MHEOutput
1662053808866616725,1662053808.866616726,1662053808868147776,/terrasentia/mhe_output,fpn_msgs/msg/MHEOutput,1185,1662053808,866616725,builtin_interfaces/msg/Time,,std_msgs/msg/Header,0.9999983906745911,0.20079395174980164,2.357591390609741,14.1806001663208,0.014000000432133675,7.07373845135654,-12.994538395190121,0.0,geometry_msgs/msg/Point,fpn_msgs/msg/MHEOutput
1662053809063271999,1662053809.063271999,1662053809064112544,/terrasentia/mhe_output,fpn_msgs/msg/MHEOutput,1186,1662053809,63271999,builtin_interfaces/msg/Time,,std_msgs/msg/Header,0.9999966025352478,0.20198771357536316,2.356328248977661,14.177786827087402,0.014000000432133675,7.06596057711457,-12.769972315721654,0.0,geometry_msgs/msg/Point,fpn_msgs/msg/MHEOutput
1662053809263237714,1662053809.263237715,1662053809263903424,/terrasentia/mhe_output,fpn_msgs/msg/MHEOutput,1187,1662053809,263237714,builtin_interfaces/msg/Time,,std_msgs/msg/Header,0.9999960064888,0.20315635204315186,2.356325387954712,14.181025505065918,0.014000000432133675,7.053786133615443,-12.572864149060159,0.0,geometry_msgs/msg/Point,fpn_msgs/msg/MHEOutput
1662053809466979026,1662053809.466979027,1662053809469651680,/terrasentia/mhe_output,fpn_msgs/msg/MHEOutput,1188,1662053809,466979026,builtin_interfaces/msg/Time,,std_msgs/msg/Header,0.9999957084655762,0.2042997032403946,2.3517205715179443,14.156085968017578,0.014000000432133675,7.034422711255046,-12.378663356757624,0.0,geometry_msgs/msg/Point,fpn_msgs/msg/MHEOutput
1662053809663572072,1662053809.663572073,1662053809664499392,/terrasentia/mhe_output,fpn_msgs/msg/MHEOutput,1189,1662053809,663572072,builtin_interfaces/msg/Time,,std_msgs/msg/Header,0.9999961256980896,0.20221500098705292,2.3486058712005615,14.07253646850586,0.014000000432133675,7.036020847633944,-12.222134735360367,0.0,geometry_msgs/msg/Point,fpn_msgs/msg/MHEOutput
1662053809865225315,1662053809.865225315,1662053809866284768,/terrasentia/mhe_output,fpn_msgs/msg/MHEOutput,1190,1662053809,865225315,builtin_interfaces/msg/Time,,std_msgs/msg/Header,0.9999961853027344,0.22496239840984344,2.348071813583374,13.966085433959961,0.014000000432133675,7.047039650523705,-12.067395793470954,0.0,geometry_msgs/msg/Point,fpn_msgs/msg/MHEOutput
1662053810066069364,1662053810.066069365,1662053810069207008,/terrasentia/mhe_output,fpn_msgs/msg/MHEOutput,1191,1662053810,66069364,builtin_interfaces/msg/Time,,std_msgs/msg/Header,0.9999961256980896,0.3190191090106964,2.348771095275879,13.881858825683594,0.014000000432133675,7.099224496329739,-11.876096881364612,0.0,geometry_msgs/msg/Point,fpn_msgs/msg/MHEOutput
1662053810263711690,1662053810.263711691,1662053810264106432,/terrasentia/mhe_output,fpn_msgs/msg/MHEOutput,1192,1662053810,263711690,builtin_interfaces/msg/Time,,std_msgs/msg/Header,0.9999871253967285,0.3350314795970917,2.3480136394500732,13.870199203491211,0.014000000432133675,7.1480940298710065,-11.68809919900467,0.0,geometry_msgs/msg/Point,fpn_msgs/msg/MHEOutput
1662053810463007926,1662053810.463007927,1662053810463801568,/terrasentia/mhe_output,fpn_msgs/msg/MHEOutput,1193,1662053810,463007926,builtin_interfaces/msg/Time,,std_msgs/msg/Header,0.9999801516532898,0.2943221926689148,2.349989652633667,13.918473243713379,0.014000000432133675,7.158323582014488,-11.498306557148,0.0,geometry_msgs/msg/Point,fpn_msgs/msg/MHEOutput
1662053810661705493,1662053810.661705494,1662053810662355200,/terrasentia/mhe_output,fpn_msgs/msg/MHEOutput,1194,1662053810,661705493,builtin_interfaces/msg/Time,,std_msgs/msg/Header,0.9999926090240479,0.30742645263671875,2.35433292388916,13.916794776916504,0.014000000432133675,7.1950137342389135,-11.309111188734686,0.0,geometry_msgs/msg/Point,fpn_msgs/msg/MHEOutput
1662053810863637924,1662053810.863637924,1662053810864413248,/terrasentia/mhe_output,fpn_msgs/msg/MHEOutput,1195,1662053810,863637924,builtin_interfaces/msg/Time,,std_msgs/msg/Header,0.9999902248382568,0.30032452940940857,2.3600010871887207,13.939762115478516,0.014000000432133675,7.209110299644294,-11.112828268752406,0.0,geometry_msgs/msg/Point,fpn_msgs/msg/MHEOutput
1662053811065776824,1662053811.065776825,1662053811066792928,/terrasentia/mhe_output,fpn_msgs/msg/MHEOutput,1196,1662053811,65776824,builtin_interfaces/msg/Time,,std_msgs/msg/Header,0.9516937732696533,0.2799589931964874,2.373762607574463,13.960028648376465,0.014000000432133675,7.214859358831472,-10.982023926870859,0.0,geometry_msgs/msg/Point,fpn_msgs/msg/MHEOutput
1662053811261882781,1662053811.261882782,1662053811263068640,/terrasentia/mhe_output,fpn_msgs/msg/MHEOutput,1197,1662053811,261882781,builtin_interfaces/msg/Time,,std_msgs/msg/Header,0.8861905336380005,0.3089502453804016,2.385941982269287,13.955199241638184,0.014000000432133675,7.237065487645735,-10.873092920451102,0.0,geometry_msgs/msg/Point,fpn_msgs/msg/MHEOutput
1662053811467241525,1662053811.467241526,1662053811467727680,/terrasentia/mhe_output,fpn_msgs/msg/MHEOutput,1198,1662053811,467241525,builtin_interfaces/msg/Time,,std_msgs/msg/Header,0.9647572636604309,0.30904313921928406,2.398064136505127,13.914568901062012,0.014000000432133675,7.2719394737041565,-10.624704502424608,0.0,geometry_msgs/msg/Point,fpn_msgs/msg/MHEOutput
1662053811667093753,1662053811.667093754,1662053811668228512,/terrasentia/mhe_output,fpn_msgs/msg/MHEOutput,1199,1662053811,667093753,builtin_interfaces/msg/Time,,std_msgs/msg/Header,0.9999926090240479,0.24344001710414886,2.405139923095703,13.856058120727539,0.014000000432133675,7.301482404502698,-10.434365250381418,0.0,geometry_msgs/msg/Point,fpn_msgs/msg/MHEOutput
1662053811866334438,1662053811.866334438,1662053811867739840,/terrasentia/mhe_output,fpn_msgs/msg/MHEOutput,1200,1662053811,866334438,builtin_interfaces/msg/Time,,std_msgs/msg/Header,0.9999969005584717,0.20251980423927307,2.405884027481079,13.880536079406738,0.014000000432133675,7.342405481374607,-10.238274773420015,0.0,geometry_msgs/msg/Point,fpn_msgs/msg/MHEOutput
1662053812064665079,1662053812.064665079,1662053812065717600,/terrasentia/mhe_output,fpn_msgs/msg/MHEOutput,1201,1662053812,64665079,builtin_interfaces/msg/Time,,std_msgs/msg/Header,0.9999977946281433,0.19820840656757355,2.4100351333618164,13.88045597076416,0.014000000432133675,7.393289125944764,-10.045079836926188,0.0,geometry_msgs/msg/Point,fpn_msgs/msg/MHEOutput
1662053812264146804,1662053812.264146805,1662053812264870048,/terrasentia/mhe_output,fpn_msgs/msg/MHEOutput,1202,1662053812,264146804,builtin_interfaces/msg/Time,,std_msgs/msg/Header,0.9999966621398926,0.20815663039684296,2.4090306758880615,13.878671646118164,0.014000000432133675,7.435062887691016,-9.876438554442366,0.0,geometry_msgs/msg/Point,fpn_msgs/msg/MHEOutput
1662053812465458869,1662053812.465458870,1662053812466437504,/terrasentia/mhe_output,fpn_msgs/msg/MHEOutput,1203,1662053812,465458869,builtin_interfaces/msg/Time,,std_msgs/msg/Header,0.9999980330467224,0.18234531581401825,2.405076265335083,13.944733619689941,0.014000000432133675,7.472868510003422,-9.714821019981162,0.0,geometry_msgs/msg/Point,fpn_msgs/msg/MHEOutput
1662053812663425445,1662053812.663425446,1662053812664172896,/terrasentia/mhe_output,fpn_msgs/msg/MHEOutput,1204,1662053812,663425445,builtin_interfaces/msg/Time,,std_msgs/msg/Header,0.9999971985816956,0.20790022611618042,2.400930404663086,14.02889347076416,0.014000000432133675,7.518810768531459,-9.548489875826414,0.0,geometry_msgs/msg/Point,fpn_msgs/msg/MHEOutput
1662053812867452621,1662053812.867452621,1662053812868562848,/terrasentia/mhe_output,fpn_msgs/msg/MHEOutput,1205,1662053812,867452621,builtin_interfaces/msg/Time,,std_msgs/msg/Header,0.9722541570663452,0.18288175761699677,2.3906168937683105,13.997200012207031,0.014000000432133675,7.555651513761142,-9.370158122941746,0.0,geometry_msgs/msg/Point,fpn_msgs/msg/MHEOutput
1662053813063319206,1662053813.063319206,1662053813064000768,/terrasentia/mhe_output,fpn_msgs/msg/MHEOutput,1206,1662053813,63319206,builtin_interfaces/msg/Time,,std_msgs/msg/Header,0.9281118512153625,0.11029735952615738,2.3721764087677,13.916711807250977,0.014000000432133675,7.625183209978967,-9.245962736642893,0.0,geometry_msgs/msg/Point,fpn_msgs/msg/MHEOutput
1662053813263852357,1662053813.263852358,1662053813264455968,/terrasentia/mhe_output,fpn_msgs/msg/MHEOutput,1207,1662053813,263852357,builtin_interfaces/msg/Time,,std_msgs/msg/Header,0.9285621047019958,0.10800701379776001,2.3499937057495117,13.892060279846191,0.014000000432133675,7.685907880143855,-9.086695073098095,0.0,geometry_msgs/msg/Point,fpn_msgs/msg/MHEOutput
1662053813465441465,1662053813.465441465,1662053813466466752,/terrasentia/mhe_output,fpn_msgs/msg/MHEOutput,1208,1662053813,465441465,builtin_interfaces/msg/Time,,std_msgs/msg/Header,0.9453440308570862,0.09109124541282654,2.334075927734375,13.895505905151367,0.014000000432133675,7.742038160256607,-8.935276892505861,0.0,geometry_msgs/msg/Point,fpn_msgs/msg/MHEOutput
1662053813662834644,1662053813.662834644,1662053813663542016,/terrasentia/mhe_output,fpn_msgs/msg/MHEOutput,1209,1662053813,662834644,builtin_interfaces/msg/Time,,std_msgs/msg/Header,0.9999958872795105,0.08811063319444656,2.3234503269195557,13.934414863586426,0.014000000432133675,7.787461917525443,-8.74683590070918,0.0,geometry_msgs/msg/Point,fpn_msgs/msg/MHEOutput
1662053813867193698,1662053813.867193699,1662053813868036032,/terrasentia/mhe_output,fpn_msgs/msg/MHEOutput,1210,1662053813,867193698,builtin_interfaces/msg/Time,,std_msgs/msg/Header,0.999993622303009,0.09634006023406982,2.3157501220703125,13.991146087646484,0.014000000432133675,7.815376916202727,-8.579893232712475,0.0,geometry_msgs/msg/Point,fpn_msgs/msg/MHEOutput
1662053814067415237,1662053814.067415237,1662053814068315072,/terrasentia/mhe_output,fpn_msgs/msg/MHEOutput,1211,1662053814,67415237,builtin_interfaces/msg/Time,,std_msgs/msg/Header,0.9999946355819702,0.13474659621715546,2.3186416625976562,14.038933753967285,0.014000000432133675,7.823852746826825,-8.40578363983004,0.0,geometry_msgs/msg/Point,fpn_msgs/msg/MHEOutput
1662053814262594461,1662053814.262594461,1662053814263277920,/terrasentia/mhe_output,fpn_msgs/msg/MHEOutput,1212,1662053814,262594461,builtin_interfaces/msg/Time,,std_msgs/msg/Header,0.9999944567680359,0.18264587223529816,2.316483974456787,14.085663795471191,0.014000000432133675,7.820180977078861,-8.24340662178737,0.0,geometry_msgs/msg/Point,fpn_msgs/msg/MHEOutput
1662053814468030929,1662053814.468030930,1662053814468927296,/terrasentia/mhe_output,fpn_msgs/msg/MHEOutput,1213,1662053814,468030929,builtin_interfaces/msg/Time,,std_msgs/msg/Header,0.9999951720237732,0.31232187151908875,2.2922234535217285,14.224546432495117,0.014000000432133675,7.756261882742714,-8.050293437922866,0.0,geometry_msgs/msg/Point,fpn_msgs/msg/MHEOutput
1662053814667499542,1662053814.667499542,1662053814668380832,/terrasentia/mhe_output,fpn_msgs/msg/MHEOutput,1214,1662053814,667499542,builtin_interfaces/msg/Time,,std_msgs/msg/Header,0.9999924898147583,0.2577219009399414,2.263612747192383,14.240229606628418,0.014000000432133675,7.811115462421235,-7.878242848224233,0.0,geometry_msgs/msg/Point,fpn_msgs/msg/MHEOutput
1662053814862931251,1662053814.862931252,1662053814864208800,/terrasentia/mhe_output,fpn_msgs/msg/MHEOutput,1215,1662053814,862931251,builtin_interfaces/msg/Time,,std_msgs/msg/Header,0.9999755024909973,0.2493778020143509,2.2443668842315674,14.314181327819824,0.014000000432133675,7.83232103640444,-7.723552127910652,0.0,geometry_msgs/msg/Point,fpn_msgs/msg/MHEOutput
1662053815068610668,1662053815.068610668,1662053815069675168,/terrasentia/mhe_output,fpn_msgs/msg/MHEOutput,1216,1662053815,68610668,builtin_interfaces/msg/Time,,std_msgs/msg/Header,0.9912003874778748,0.2127123475074768,2.225823402404785,14.349578857421875,0.014000000432133675,7.843266070955353,-7.578555209434507,0.0,geometry_msgs/msg/Point,fpn_msgs/msg/MHEOutput
1662053815266375064,1662053815.266375065,1662053815267343424,/terrasentia/mhe_output,fpn_msgs/msg/MHEOutput,1217,1662053815,266375064,builtin_interfaces/msg/Time,,std_msgs/msg/Header,0.9830002784729004,0.10827542096376419,2.200397253036499,14.19127082824707,0.014000000432133675,7.87407913040431,-7.432468292782274,0.0,geometry_msgs/msg/Point,fpn_msgs/msg/MHEOutput
1662053815462060213,1662053815.462060213,1662053815462718560,/terrasentia/mhe_output,fpn_msgs/msg/MHEOutput,1218,1662053815,462060213,builtin_interfaces/msg/Time,,std_msgs/msg/Header,0.9999893307685852,0.052494727075099945,2.178943157196045,14.139262199401855,0.014000000432133675,7.880918622028735,-7.250427007111319,0.0,geometry_msgs/msg/Point,fpn_msgs/msg/MHEOutput
1662053815661355495,1662053815.661355495,1662053815662293568,/terrasentia/mhe_output,fpn_msgs/msg/MHEOutput,1219,1662053815,661355495,builtin_interfaces/msg/Time,,std_msgs/msg/Header,0.999970555305481,0.025351662188768387,2.170907974243164,14.147666931152344,0.014000000432133675,7.8607912431136,-7.063694462087805,0.0,geometry_msgs/msg/Point,fpn_msgs/msg/MHEOutput
1662053815862914800,1662053815.862914801,1662053815863794336,/terrasentia/mhe_output,fpn_msgs/msg/MHEOutput,1220,1662053815,862914800,builtin_interfaces/msg/Time,,std_msgs/msg/Header,0.968765377998352,0.0009609232074581087,2.180971145629883,14.173182487487793,0.014000000432133675,7.827081469905835,-6.892463596550503,0.0,geometry_msgs/msg/Point,fpn_msgs/msg/MHEOutput
1662053816063266277,1662053816.063266277,1662053816064669152,/terrasentia/mhe_output,fpn_msgs/msg/MHEOutput,1221,1662053816,63266277,builtin_interfaces/msg/Time,,std_msgs/msg/Header,0.9998872876167297,0.12447430193424225,2.235055923461914,14.246170997619629,0.014000000432133675,7.75819172730263,-6.688708967091973,0.0,geometry_msgs/msg/Point,fpn_msgs/msg/MHEOutput
1662053816264283418,1662053816.264283419,1662053816265549824,/terrasentia/mhe_output,fpn_msgs/msg/MHEOutput,1222,1662053816,264283418,builtin_interfaces/msg/Time,,std_msgs/msg/Header,0.9999881386756897,0.1329939216375351,2.2742066383361816,14.27530288696289,0.014000000432133675,7.702674187867409,-6.5107047880933635,0.0,geometry_msgs/msg/Point,fpn_msgs/msg/MHEOutput
1662053816462714433,1662053816.462714434,1662053816463564576,/terrasentia/mhe_output,fpn_msgs/msg/MHEOutput,1223,1662053816,462714433,builtin_interfaces/msg/Time,,std_msgs/msg/Header,0.9999973177909851,0.09539536386728287,2.2978081703186035,14.277965545654297,0.014000000432133675,7.671782018228092,-6.329245359787091,0.0,geometry_msgs/msg/Point,fpn_msgs/msg/MHEOutput
1662053816661038637,1662053816.661038637,1662053816661923904,/terrasentia/mhe_output,fpn_msgs/msg/MHEOutput,1224,1662053816,661038637,builtin_interfaces/msg/Time,,std_msgs/msg/Header,0.9999979138374329,0.09633713960647583,2.3105452060699463,14.277836799621582,0.014000000432133675,7.643162126417084,-6.14103444233353,0.0,geometry_msgs/msg/Point,fpn_msgs/msg/MHEOutput
1662053816862803459,1662053816.862803459,1662053816863654176,/terrasentia/mhe_output,fpn_msgs/msg/MHEOutput,1225,1662053816,862803459,builtin_interfaces/msg/Time,,std_msgs/msg/Header,0.9999971389770508,0.09725406020879745,2.3179104328155518,14.281682014465332,0.014000000432133675,7.6074946464291635,-5.9333403664064095,0.0,geometry_msgs/msg/Point,fpn_msgs/msg/MHEOutput
1662053817064649105,1662053817.064649105,1662053817065797088,/terrasentia/mhe_output,fpn_msgs/msg/MHEOutput,1226,1662053817,64649105,builtin_interfaces/msg/Time,,std_msgs/msg/Header,0.999997079372406,0.09815224260091782,2.323000907897949,14.327720642089844,0.014000000432133675,7.5715047744168436,-5.774735663858854,0.0,geometry_msgs/msg/Point,fpn_msgs/msg/MHEOutput
1662053817264666795,1662053817.264666796,1662053817265398976,/terrasentia/mhe_output,fpn_msgs/msg/MHEOutput,1227,1662053817,264666795,builtin_interfaces/msg/Time,,std_msgs/msg/Header,0.9999864101409912,0.1470211148262024,2.3254098892211914,14.355250358581543,0.014000000432133675,7.52223547951448,-5.6018695814863815,0.0,geometry_msgs/msg/Point,fpn_msgs/msg/MHEOutput
1662053817464987039,1662053817.464987040,1662053817466140256,/terrasentia/mhe_output,fpn_msgs/msg/MHEOutput,1228,1662053817,464987039,builtin_interfaces/msg/Time,,std_msgs/msg/Header,0.9975482225418091,0.21107117831707,2.327833414077759,14.388193130493164,0.014000000432133675,7.462268348023435,-5.424231442747106,0.0,geometry_msgs/msg/Point,fpn_msgs/msg/MHEOutput
1662053817663400173,1662053817.663400173,1662053817664338144,/terrasentia/mhe_output,fpn_msgs/msg/MHEOutput,1229,1662053817,663400173,builtin_interfaces/msg/Time,,std_msgs/msg/Header,0.9937504529953003,0.22464460134506226,2.3293275833129883,14.398988723754883,0.014000000432133675,7.409790075829297,-5.248608937724142,0.0,geometry_msgs/msg/Point,fpn_msgs/msg/MHEOutput
1662053817866445541,1662053817.866445541,1662053817870528640,/terrasentia/mhe_output,fpn_msgs/msg/MHEOutput,1230,1662053817,866445541,builtin_interfaces/msg/Time,,std_msgs/msg/Header,0.9999133944511414,0.21721762418746948,2.334744691848755,14.413647651672363,0.014000000432133675,7.346596126030324,-5.069237437409723,0.0,geometry_msgs/msg/Point,fpn_msgs/msg/MHEOutput
1662053818067531585,1662053818.067531586,1662053818068310528,/terrasentia/mhe_output,fpn_msgs/msg/MHEOutput,1231,1662053818,67531585,builtin_interfaces/msg/Time,,std_msgs/msg/Header,0.9999687075614929,0.22149643301963806,2.338104009628296,14.421832084655762,0.014000000432133675,7.286963623780353,-4.892773824156514,0.0,geometry_msgs/msg/Point,fpn_msgs/msg/MHEOutput
1662053818264411211,1662053818.264411211,1662053818265573664,/terrasentia/mhe_output,fpn_msgs/msg/MHEOutput,1232,1662053818,264411211,builtin_interfaces/msg/Time,,std_msgs/msg/Header,0.9999924302101135,0.23041456937789917,2.3380320072174072,14.425459861755371,0.014000000432133675,7.2298238594955295,-4.714873210864909,0.0,geometry_msgs/msg/Point,fpn_msgs/msg/MHEOutput
1662053818461122989,1662053818.461122990,1662053818461945824,/terrasentia/mhe_output,fpn_msgs/msg/MHEOutput,1233,1662053818,461122989,builtin_interfaces/msg/Time,,std_msgs/msg/Header,0.9999949336051941,0.24622128903865814,2.337575912475586,14.430853843688965,0.014000000432133675,7.169063821204474,-4.539487378039557,0.0,geometry_msgs/msg/Point,fpn_msgs/msg/MHEOutput
1662053818662819385,1662053818.662819386,1662053818663596896,/terrasentia/mhe_output,fpn_msgs/msg/MHEOutput,1234,1662053818,662819385,builtin_interfaces/msg/Time,,std_msgs/msg/Header,0.999997615814209,0.24676513671875,2.330051898956299,14.43576717376709,0.014000000432133675,7.108550555703299,-4.36142406387645,0.0,geometry_msgs/msg/Point,fpn_msgs/msg/MHEOutput
1662053818868966341,1662053818.868966341,1662053818870075840,/terrasentia/mhe_output,fpn_msgs/msg/MHEOutput,1235,1662053818,868966341,builtin_interfaces/msg/Time,,std_msgs/msg/Header,0.9999967217445374,0.24730682373046875,2.3233907222747803,14.556550979614258,0.014000000432133675,7.05150234267576,-4.208997053064828,0.0,geometry_msgs/msg/Point,fpn_msgs/msg/MHEOutput
1662053819066784143,1662053819.066784143,1662053819068184288,/terrasentia/mhe_output,fpn_msgs/msg/MHEOutput,1236,1662053819,66784143,builtin_interfaces/msg/Time,,std_msgs/msg/Header,0.999995768070221,0.30815228819847107,2.3190009593963623,14.729199409484863,0.014000000432133675,6.977909454919319,-4.0764556546788215,0.0,geometry_msgs/msg/Point,fpn_msgs/msg/MHEOutput
1662053819263194322,1662053819.263194323,1662053819264285056,/terrasentia/mhe_output,fpn_msgs/msg/MHEOutput,1237,1662053819,263194322,builtin_interfaces/msg/Time,,std_msgs/msg/Header,0.999980628490448,0.37673139572143555,2.313239097595215,14.96245288848877,0.014000000432133675,6.879670123466919,-3.9723848352016096,0.0,geometry_msgs/msg/Point,fpn_msgs/msg/MHEOutput
1662053819468467950,1662053819.468467951,1662053819469430304,/terrasentia/mhe_output,fpn_msgs/msg/MHEOutput,1238,1662053819,468467950,builtin_interfaces/msg/Time,,std_msgs/msg/Header,0.9997382164001465,0.30013927817344666,2.305243968963623,14.858171463012695,0.014000000432133675,6.777838584359781,-3.824948980362125,0.0,geometry_msgs/msg/Point,fpn_msgs/msg/MHEOutput
1662053819667402982,1662053819.667402983,1662053819668386080,/terrasentia/mhe_output,fpn_msgs/msg/MHEOutput,1239,1662053819,667402982,builtin_interfaces/msg/Time,,std_msgs/msg/Header,0.9754067659378052,0.23621626198291779,2.296032667160034,14.770867347717285,0.014000000432133675,6.70842430183702,-3.674692253294699,0.0,geometry_msgs/msg/Point,fpn_msgs/msg/MHEOutput
1662053819868663549,1662053819.868663549,1662053819869456544,/terrasentia/mhe_output,fpn_msgs/msg/MHEOutput,1240,1662053819,868663549,builtin_interfaces/msg/Time,,std_msgs/msg/Header,0.954695999622345,0.19245924055576324,2.2831881046295166,14.712441444396973,0.014000000432133675,6.646560403062073,-3.517472821516387,0.0,geometry_msgs/msg/Point,fpn_msgs/msg/MHEOutput
1662053820066767692,1662053820.066767693,1662053820068205504,/terrasentia/mhe_output,fpn_msgs/msg/MHEOutput,1241,1662053820,66767692,builtin_interfaces/msg/Time,,std_msgs/msg/Header,0.9616730213165283,0.16165441274642944,2.277005910873413,14.695836067199707,0.014000000432133675,6.5546654819099315,-3.353873564775031,0.0,geometry_msgs/msg/Point,fpn_msgs/msg/MHEOutput
1662053820261844396,1662053820.261844397,1662053820262763520,/terrasentia/mhe_output,fpn_msgs/msg/MHEOutput,1242,1662053820,261844396,builtin_interfaces/msg/Time,,std_msgs/msg/Header,0.9997896552085876,0.15939359366893768,2.2739434242248535,14.749263763427734,0.014000000432133675,6.45154241649916,-3.1976805142019655,0.0,geometry_msgs/msg/Point,fpn_msgs/msg/MHEOutput
1662053820467344999,1662053820.467344999,1662053820468192960,/terrasentia/mhe_output,fpn_msgs/msg/MHEOutput,1243,1662053820,467344999,builtin_interfaces/msg/Time,,std_msgs/msg/Header,0.9999916553497314,0.11532606929540634,2.266141891479492,14.768123626708984,0.014000000432133675,6.381076721611996,-3.0727023983924373,0.0,geometry_msgs/msg/Point,fpn_msgs/msg/MHEOutput
1662053820663856029,1662053820.663856030,1662053820664632640,/terrasentia/mhe_output,fpn_msgs/msg/MHEOutput,1244,1662053820,663856029,builtin_interfaces/msg/Time,,std_msgs/msg/Header,0.9999948143959045,0.003161691827699542,2.2546253204345703,14.671582221984863,0.014000000432133675,6.309392259299264,-2.906946422110781,0.0,geometry_msgs/msg/Point,fpn_msgs/msg/MHEOutput
1662053820864314794,1662053820.864314795,1662053820865242944,/terrasentia/mhe_output,fpn_msgs/msg/MHEOutput,1245,1662053820,864314794,builtin_interfaces/msg/Time,,std_msgs/msg/Header,0.9999891519546509,0.09421535581350327,2.2577872276306152,14.743059158325195,0.014000000432133675,6.183565782478103,-2.779014905350379,0.0,geometry_msgs/msg/Point,fpn_msgs/msg/MHEOutput
1662053821061763048,1662053821.061763048,1662053821062267552,/terrasentia/mhe_output,fpn_msgs/msg/MHEOutput,1246,1662053821,61763048,builtin_interfaces/msg/Time,,std_msgs/msg/Header,0.9996797442436218,0.14927302300930023,2.2720041275024414,14.788570404052734,0.014000000432133675,6.050914249091547,-2.647395091446106,0.0,geometry_msgs/msg/Point,fpn_msgs/msg/MHEOutput
1662053821266713380,1662053821.266713381,1662053821268874656,/terrasentia/mhe_output,fpn_msgs/msg/MHEOutput,1247,1662053821,266713380,builtin_interfaces/msg/Time,,std_msgs/msg/Header,0.9842637777328491,0.16956482827663422,2.2878572940826416,14.822429656982422,0.014000000432133675,5.919038657720965,-2.5295949167450043,0.0,geometry_msgs/msg/Point,fpn_msgs/msg/MHEOutput
1662053821465855836,1662053821.465855837,1662053821466988384,/terrasentia/mhe_output,fpn_msgs/msg/MHEOutput,1248,1662053821,465855836,builtin_interfaces/msg/Time,,std_msgs/msg/Header,0.882361650466919,0.14187999069690704,2.30303692817688,14.820083618164062,0.014000000432133675,5.865030565086451,-2.470257832435261,0.0,geometry_msgs/msg/Point,fpn_msgs/msg/MHEOutput
1662053821662729263,1662053821.662729263,1662053821663500544,/terrasentia/mhe_output,fpn_msgs/msg/MHEOutput,1249,1662053821,662729263,builtin_interfaces/msg/Time,,std_msgs/msg/Header,0.9462137818336487,0.11909833550453186,2.3208200931549072,14.847792625427246,0.014000000432133675,5.690539770882498,-2.304590829888554,0.0,geometry_msgs/msg/Point,fpn_msgs/msg/MHEOutput
1662053821868726730,1662053821.868726730,1662053821870036128,/terrasentia/mhe_output,fpn_msgs/msg/MHEOutput,1250,1662053821,868726730,builtin_interfaces/msg/Time,,std_msgs/msg/Header,0.9999334216117859,0.12650209665298462,2.3412375450134277,14.885627746582031,0.014000000432133675,5.526448051960452,-2.1466941826743713,0.0,geometry_msgs/msg/Point,fpn_msgs/msg/MHEOutput
1662053822062750816,1662053822.062750816,1662053822063454112,/terrasentia/mhe_output,fpn_msgs/msg/MHEOutput,1251,1662053822,62750816,builtin_interfaces/msg/Time,,std_msgs/msg/Header,0.9999961256980896,0.22170762717723846,2.3510775566101074,14.977489471435547,0.014000000432133675,5.408162766520365,-2.0385129538625306,0.0,geometry_msgs/msg/Point,fpn_msgs/msg/MHEOutput
1662053822263317584,1662053822.263317585,1662053822264303648,/terrasentia/mhe_output,fpn_msgs/msg/MHEOutput,1252,1662053822,263317584,builtin_interfaces/msg/Time,,std_msgs/msg/Header,0.9999974966049194,0.5664913058280945,2.350745677947998,15.147188186645508,0.014000000432133675,5.233035610528456,-1.953907389315337,0.0,geometry_msgs/msg/Point,fpn_msgs/msg/MHEOutput
1662053822463594913,1662053822.463594913,1662053822463979456,/terrasentia/mhe_output,fpn_msgs/msg/MHEOutput,1253,1662053822,463594913,builtin_interfaces/msg/Time,,std_msgs/msg/Header,0.9999968409538269,0.5245357155799866,2.348658800125122,15.11498737335205,0.014000000432133675,5.09022873712414,-1.828160476408223,0.0,geometry_msgs/msg/Point,fpn_msgs/msg/MHEOutput
1662053822667321443,1662053822.667321444,1662053822668561216,/terrasentia/mhe_output,fpn_msgs/msg/MHEOutput,1254,1662053822,667321443,builtin_interfaces/msg/Time,,std_msgs/msg/Header,0.9999961256980896,0.5401444435119629,2.3384788036346436,15.108271598815918,0.014000000432133675,4.942343689065714,-1.7116254887697748,0.0,geometry_msgs/msg/Point,fpn_msgs/msg/MHEOutput
1662053822865110158,1662053822.865110159,1662053822866008032,/terrasentia/mhe_output,fpn_msgs/msg/MHEOutput,1255,1662053822,865110158,builtin_interfaces/msg/Time,,std_msgs/msg/Header,0.9999967217445374,0.5074055194854736,2.3305013179779053,15.082568168640137,0.014000000432133675,4.798884399099923,-1.5833049491057032,0.0,geometry_msgs/msg/Point,fpn_msgs/msg/MHEOutput
1662053823067814350,1662053823.067814350,1662053823068749952,/terrasentia/mhe_output,fpn_msgs/msg/MHEOutput,1256,1662053823,67814350,builtin_interfaces/msg/Time,,std_msgs/msg/Header,0.9998933672904968,0.47906628251075745,2.3192405700683594,15.06978988647461,0.014000000432133675,4.632502722141793,-1.4417478277055116,0.0,geometry_msgs/msg/Point,fpn_msgs/msg/MHEOutput
1662053823263294458,1662053823.263294458,1662053823264189760,/terrasentia/mhe_output,fpn_msgs/msg/MHEOutput,1257,1662053823,263294458,builtin_interfaces/msg/Time,,std_msgs/msg/Header,0.9999895691871643,0.4523892402648926,2.3116421699523926,15.137550354003906,0.014000000432133675,4.49061015789672,-1.326167428840067,0.0,geometry_msgs/msg/Point,fpn_msgs/msg/MHEOutput
1662053823467484474,1662053823.467484474,1662053823468916320,/terrasentia/mhe_output,fpn_msgs/msg/MHEOutput,1258,1662053823,467484474,builtin_interfaces/msg/Time,,std_msgs/msg/Header,0.999993085861206,0.4132225811481476,2.310429573059082,15.29388427734375,0.014000000432133675,4.35981570394056,-1.2470272426799625,0.0,geometry_msgs/msg/Point,fpn_msgs/msg/MHEOutput
1662053823664772748,1662053823.664772749,1662053823666682528,/terrasentia/mhe_output,fpn_msgs/msg/MHEOutput,1259,1662053823,664772748,builtin_interfaces/msg/Time,,std_msgs/msg/Header,0.9999970197677612,0.05781732127070427,2.3063533306121826,15.074968338012695,0.014000000432133675,4.227187858357033,-1.1016649889277967,0.0,geometry_msgs/msg/Point,fpn_msgs/msg/MHEOutput
1662053823864455461,1662053823.864455462,1662053823865137888,/terrasentia/mhe_output,fpn_msgs/msg/MHEOutput,1260,1662053823,864455461,builtin_interfaces/msg/Time,,std_msgs/msg/Header,0.9999973773956299,0.07148303091526031,2.308891773223877,15.086406707763672,0.014000000432133675,4.065700572787061,-0.9945443889142392,0.0,geometry_msgs/msg/Point,fpn_msgs/msg/MHEOutput
1662053824064413547,1662053824.064413548,1662053824065200224,/terrasentia/mhe_output,fpn_msgs/msg/MHEOutput,1261,1662053824,64413547,builtin_interfaces/msg/Time,,std_msgs/msg/Header,0.9999406933784485,0.11632397770881653,2.308668851852417,15.110267639160156,0.014000000432133675,3.9125797854906517,-0.9050857909804653,0.0,geometry_msgs/msg/Point,fpn_msgs/msg/MHEOutput
1662053824264576435,1662053824.264576435,1662053824265150400,/terrasentia/mhe_output,fpn_msgs/msg/MHEOutput,1262,1662053824,264576435,builtin_interfaces/msg/Time,,std_msgs/msg/Header,0.999990701675415,0.18953335285186768,2.3189029693603516,15.144856452941895,0.014000000432133675,3.7271210979218754,-0.8124156297618678,0.0,geometry_msgs/msg/Point,fpn_msgs/msg/MHEOutput
1662053824463307857,1662053824.463307858,1662053824464360864,/terrasentia/mhe_output,fpn_msgs/msg/MHEOutput,1263,1662053824,463307857,builtin_interfaces/msg/Time,,std_msgs/msg/Header,0.9999853372573853,0.17555956542491913,2.3294315338134766,15.17111873626709,0.014000000432133675,3.55889037779578,-0.7080185501116009,0.0,geometry_msgs/msg/Point,fpn_msgs/msg/MHEOutput
1662053824661128997,1662053824.661128998,1662053824661714880,/terrasentia/mhe_output,fpn_msgs/msg/MHEOutput,1264,1662053824,661128997,builtin_interfaces/msg/Time,,std_msgs/msg/Header,0.9999951720237732,0.18869242072105408,2.336022138595581,15.187408447265625,0.014000000432133675,3.3813457281572123,-0.6183428123941868,0.0,geometry_msgs/msg/Point,fpn_msgs/msg/MHEOutput
1662053824867182016,1662053824.867182016,1662053824867964000,/terrasentia/mhe_output,fpn_msgs/msg/MHEOutput,1265,1662053824,867182016,builtin_interfaces/msg/Time,,std_msgs/msg/Header,0.9999954104423523,0.22892984747886658,2.3349452018737793,15.194930076599121,0.014000000432133675,3.2127581632094206,-0.5226897243365423,0.0,geometry_msgs/msg/Point,fpn_msgs/msg/MHEOutput
1662053825066173791,1662053825.066173792,1662053825067380288,/terrasentia/mhe_output,fpn_msgs/msg/MHEOutput,1266,1662053825,66173791,builtin_interfaces/msg/Time,,std_msgs/msg/Header,0.9999967217445374,0.4387832581996918,2.336043119430542,15.227034568786621,0.014000000432133675,3.037049568413039,-0.4462491687399714,0.0,geometry_msgs/msg/Point,fpn_msgs/msg/MHEOutput
1662053825263841390,1662053825.263841391,1662053825265143744,/terrasentia/mhe_output,fpn_msgs/msg/MHEOutput,1267,1662053825,263841390,builtin_interfaces/msg/Time,,std_msgs/msg/Header,0.9999974370002747,0.6018114686012268,2.330303192138672,15.252132415771484,0.014000000432133675,2.8540333069945096,-0.3770049885654118,0.0,geometry_msgs/msg/Point,fpn_msgs/msg/MHEOutput
1662053825462587356,1662053825.462587357,1662053825463564992,/terrasentia/mhe_output,fpn_msgs/msg/MHEOutput,1268,1662053825,462587356,builtin_interfaces/msg/Time,,std_msgs/msg/Header,0.9999978542327881,0.7339040040969849,2.330806016921997,15.274263381958008,0.014000000432133675,2.6671123688032927,-0.30952211000866675,0.0,geometry_msgs/msg/Point,fpn_msgs/msg/MHEOutput
1662053825663423538,1662053825.663423538,1662053825664355776,/terrasentia/mhe_output,fpn_msgs/msg/MHEOutput,1269,1662053825,663423538,builtin_interfaces/msg/Time,,std_msgs/msg/Header,0.9999955296516418,0.884083092212677,2.340425729751587,15.305398941040039,0.014000000432133675,2.44668758387098,-0.24304453096359932,0.0,geometry_msgs/msg/Point,fpn_msgs/msg/MHEOutput
1662053825862404108,1662053825.862404108,1662053825863266240,/terrasentia/mhe_output,fpn_msgs/msg/MHEOutput,1270,1662053825,862404108,builtin_interfaces/msg/Time,,std_msgs/msg/Header,0.9999963045120239,0.9756781458854675,2.350330352783203,15.316967964172363,0.014000000432133675,2.2938722511961633,-0.18897987430923563,0.0,geometry_msgs/msg/Point,fpn_msgs/msg/MHEOutput
1662053826067024946,1662053826.067024946,1662053826067767232,/terrasentia/mhe_output,fpn_msgs/msg/MHEOutput,1271,1662053826,67024946,builtin_interfaces/msg/Time,,std_msgs/msg/Header,0.9999973773956299,0.9663683772087097,2.3514580726623535,15.325201034545898,0.014000000432133675,2.183504899307785,-0.15229598521281634,0.0,geometry_msgs/msg/Point,fpn_msgs/msg/MHEOutput
1662053826263862133,1662053826.263862133,1662053826264776064,/terrasentia/mhe_output,fpn_msgs/msg/MHEOutput,1272,1662053826,263862133,builtin_interfaces/msg/Time,,std_msgs/msg/Header,0.9999977946281433,0.9594379663467407,2.34773588180542,15.341251373291016,0.014000000432133675,2.08416555921995,-0.11957669303268892,0.0,geometry_msgs/msg/Point,fpn_msgs/msg/MHEOutput
1662053826463693618,1662053826.463693619,1662053826464514304,/terrasentia/mhe_output,fpn_msgs/msg/MHEOutput,1273,1662053826,463693618,builtin_interfaces/msg/Time,,std_msgs/msg/Header,0.9999975562095642,0.9595382213592529,2.332552433013916,15.778135299682617,0.014000000432133675,1.9951846037761445,-0.09925147984675334,0.0,geometry_msgs/msg/Point,fpn_msgs/msg/MHEOutput
1662053826664108991,1662053826.664108992,1662053826664720960,/terrasentia/mhe_output,fpn_msgs/msg/MHEOutput,1274,1662053826,664108991,builtin_interfaces/msg/Time,,std_msgs/msg/Header,0.9999967217445374,0.6605194211006165,2.3261055946350098,15.64811897277832,0.014000000432133675,1.9152789100778815,-0.09091743018289956,0.0,geometry_msgs/msg/Point,fpn_msgs/msg/MHEOutput
1662053826862965822,1662053826.862965822,1662053826863574464,/terrasentia/mhe_output,fpn_msgs/msg/MHEOutput,1275,1662053826,862965822,builtin_interfaces/msg/Time,,std_msgs/msg/Header,0.999995768070221,0.5364254117012024,2.321361780166626,15.604693412780762,0.014000000432133675,1.8337628114599895,-0.0816185623095175,0.0,geometry_msgs/msg/Point,fpn_msgs/msg/MHEOutput
1662053827063383340,1662053827.063383341,1662053827063933280,/terrasentia/mhe_output,fpn_msgs/msg/MHEOutput,1276,1662053827,63383340,builtin_interfaces/msg/Time,,std_msgs/msg/Header,0.9999943971633911,0.510607898235321,2.317777156829834,15.607864379882812,0.014000000432133675,1.7544252963551186,-0.0750836723625005,0.0,geometry_msgs/msg/Point,fpn_msgs/msg/MHEOutput
1662053827263742923,1662053827.263742924,1662053827264770304,/terrasentia/mhe_output,fpn_msgs/msg/MHEOutput,1277,1662053827,263742923,builtin_interfaces/msg/Time,,std_msgs/msg/Header,0.9999931454658508,0.476102739572525,2.31885027885437,15.623257637023926,0.014000000432133675,1.6772785332955888,-0.07038678506584606,0.0,geometry_msgs/msg/Point,fpn_msgs/msg/MHEOutput
1662053827462943077,1662053827.462943077,1662053827463774240,/terrasentia/mhe_output,fpn_msgs/msg/MHEOutput,1278,1662053827,462943077,builtin_interfaces/msg/Time,,std_msgs/msg/Header,0.9999895691871643,0.4373819828033447,2.3185598850250244,15.636177062988281,0.014000000432133675,1.592233037986755,-0.06645098431738553,0.0,geometry_msgs/msg/Point,fpn_msgs/msg/MHEOutput
1662053827662787675,1662053827.662787676,1662053827663466368,/terrasentia/mhe_output,fpn_msgs/msg/MHEOutput,1279,1662053827,662787675,builtin_interfaces/msg/Time,,std_msgs/msg/Header,0.999987781047821,0.3842700719833374,2.31612229347229,15.64709186553955,0.014000000432133675,1.4651299270510358,-0.06157512445498888,0.0,geometry_msgs/msg/Point,fpn_msgs/msg/MHEOutput
1662053827864086627,1662053827.864086628,1662053827864926432,/terrasentia/mhe_output,fpn_msgs/msg/MHEOutput,1280,1662053827,864086627,builtin_interfaces/msg/Time,,std_msgs/msg/Header,0.9999845027923584,0.33800333738327026,2.3111627101898193,15.656196594238281,0.014000000432133675,1.3366073752441177,-0.05918165585680393,0.0,geometry_msgs/msg/Point,fpn_msgs/msg/MHEOutput
1662053828063411712,1662053828.063411713,1662053828064195488,/terrasentia/mhe_output,fpn_msgs/msg/MHEOutput,1281,1662053828,63411712,builtin_interfaces/msg/Time,,std_msgs/msg/Header,0.9999783635139465,0.33810773491859436,2.305457830429077,15.64339542388916,0.014000000432133675,1.2000407434826894,-0.05658857963809374,0.0,geometry_msgs/msg/Point,fpn_msgs/msg/MHEOutput
1662053828266866445,1662053828.266866446,1662053828268040384,/terrasentia/mhe_output,fpn_msgs/msg/MHEOutput,1282,1662053828,266866445,builtin_interfaces/msg/Time,,std_msgs/msg/Header,0.9999672174453735,0.28264161944389343,2.2987139225006104,15.559104919433594,0.014000000432133675,1.062271540399005,-0.054035608666943555,0.0,geometry_msgs/msg/Point,fpn_msgs/msg/MHEOutput
1662053828462367057,1662053828.462367058,1662053828463322688,/terrasentia/mhe_output,fpn_msgs/msg/MHEOutput,1283,1662053828,462367057,builtin_interfaces/msg/Time,,std_msgs/msg/Header,0.9999861717224121,0.14750798046588898,2.2989821434020996,15.563472747802734,0.014000000432133675,0.9298741975614301,-0.0655893543099118,0.0,geometry_msgs/msg/Point,fpn_msgs/msg/MHEOutput
1662053828663879156,1662053828.663879156,1662053828665480256,/terrasentia/mhe_output,fpn_msgs/msg/MHEOutput,1284,1662053828,663879156,builtin_interfaces/msg/Time,,std_msgs/msg/Header,0.999992311000824,0.20542308688163757,2.3074283599853516,15.545064926147461,0.014000000432133675,0.7956499606983133,-0.06909166640822381,0.0,geometry_msgs/msg/Point,fpn_msgs/msg/MHEOutput
1662053828865285634,1662053828.865285635,1662053828866102208,/terrasentia/mhe_output,fpn_msgs/msg/MHEOutput,1285,1662053828,865285634,builtin_interfaces/msg/Time,,std_msgs/msg/Header,0.9999933242797852,0.21486160159111023,2.316110372543335,15.558269500732422,0.014000000432133675,0.6814547316699634,-0.06861145942155421,0.0,geometry_msgs/msg/Point,fpn_msgs/msg/MHEOutput
1662053829063089132,1662053829.063089132,1662053829063993888,/terrasentia/mhe_output,fpn_msgs/msg/MHEOutput,1286,1662053829,63089132,builtin_interfaces/msg/Time,,std_msgs/msg/Header,0.9999948143959045,0.2150949239730835,2.3264336585998535,15.579447746276855,0.014000000432133675,0.5823870699254455,-0.07391811031005648,0.0,geometry_msgs/msg/Point,fpn_msgs/msg/MHEOutput
1662053829263831853,1662053829.263831854,1662053829264582400,/terrasentia/mhe_output,fpn_msgs/msg/MHEOutput,1287,1662053829,263831853,builtin_interfaces/msg/Time,,std_msgs/msg/Header,0.9999955892562866,0.21912211179733276,2.335664987564087,15.593937873840332,0.014000000432133675,0.4805045041822306,-0.07453367733277441,0.0,geometry_msgs/msg/Point,fpn_msgs/msg/MHEOutput
1662053829463507890,1662053829.463507891,1662053829464399296,/terrasentia/mhe_output,fpn_msgs/msg/MHEOutput,1288,1662053829,463507890,builtin_interfaces/msg/Time,,std_msgs/msg/Header,0.9999951124191284,0.22657105326652527,2.3451225757598877,15.607037544250488,0.014000000432133675,0.38240033708841126,-0.0766622155693385,0.0,geometry_msgs/msg/Point,fpn_msgs/msg/MHEOutput
1662053829665089368,1662053829.665089369,1662053829665992800,/terrasentia/mhe_output,fpn_msgs/msg/MHEOutput,1289,1662053829,665089368,builtin_interfaces/msg/Time,,std_msgs/msg/Header,0.999990701675415,0.221539705991745,2.3490805625915527,15.630082130432129,0.014000000432133675,0.314554924419438,-0.08634609000271429,0.0,geometry_msgs/msg/Point,fpn_msgs/msg/MHEOutput
1662053829866127252,1662053829.866127253,1662053829867419264,/terrasentia/mhe_output,fpn_msgs/msg/MHEOutput,1290,1662053829,866127252,builtin_interfaces/msg/Time,,std_msgs/msg/Header,0.9999865889549255,0.23675549030303955,2.3476521968841553,15.624876022338867,0.014000000432133675,0.2584843851947921,-0.08198965141625227,0.0,geometry_msgs/msg/Point,fpn_msgs/msg/MHEOutput
1662053830062437772,1662053830.062437773,1662053830063177856,/terrasentia/mhe_output,fpn_msgs/msg/MHEOutput,1291,1662053830,62437772,builtin_interfaces/msg/Time,,std_msgs/msg/Header,0.9999790191650391,0.23713962733745575,2.3411977291107178,15.615602493286133,0.014000000432133675,0.21468564651193892,-0.07314806489682882,0.0,geometry_msgs/msg/Point,fpn_msgs/msg/MHEOutput
1662053830261029005,1662053830.261029005,1662053830261697824,/terrasentia/mhe_output,fpn_msgs/msg/MHEOutput,1292,1662053830,261029005,builtin_interfaces/msg/Time,,std_msgs/msg/Header,0.9999775290489197,0.2373158037662506,2.3370771408081055,15.618982315063477,0.014000000432133675,0.17213127497295216,-0.06682982315855808,0.0,geometry_msgs/msg/Point,fpn_msgs/msg/MHEOutput
1662053830461250066,1662053830.461250067,1662053830462657152,/terrasentia/mhe_output,fpn_msgs/msg/MHEOutput,1293,1662053830,461250066,builtin_interfaces/msg/Time,,std_msgs/msg/Header,0.9999346137046814,0.2374904453754425,2.331047296524048,15.61848258972168,0.014000000432133675,0.09326997002054328,-0.059225434036532354,0.0,geometry_msgs/msg/Point,fpn_msgs/msg/MHEOutput
1662053830661674499,1662053830.661674500,1662053830662839072,/terrasentia/mhe_output,fpn_msgs/msg/MHEOutput,1294,1662053830,661674499,builtin_interfaces/msg/Time,,std_msgs/msg/Header,0.9999339580535889,0.23766455054283142,2.32649302482605,15.623967170715332,0.014000000432133675,0.013162362890670583,-0.05385213544613192,0.0,geometry_msgs/msg/Point,fpn_msgs/msg/MHEOutput
1662053830863190174,1662053830.863190174,1662053830863832704,/terrasentia/mhe_output,fpn_msgs/msg/MHEOutput,1295,1662053830,863190174,builtin_interfaces/msg/Time,,std_msgs/msg/Header,0.9999783039093018,0.23784029483795166,2.3237216472625732,15.629118919372559,0.014000000432133675,-0.06381818471529077,-0.050547397696952746,0.0,geometry_msgs/msg/Point,fpn_msgs/msg/MHEOutput
1662053831064745903,1662053831.064745903,1662053831066053472,/terrasentia/mhe_output,fpn_msgs/msg/MHEOutput,1296,1662053831,64745903,builtin_interfaces/msg/Time,,std_msgs/msg/Header,0.9999849796295166,0.23801679909229279,2.321786880493164,15.63309097290039,0.014000000432133675,-0.10341863975794083,-0.04696291785250466,0.0,geometry_msgs/msg/Point,fpn_msgs/msg/MHEOutput
1662053831264183759,1662053831.264183760,1662053831264697984,/terrasentia/mhe_output,fpn_msgs/msg/MHEOutput,1297,1662053831,264183759,builtin_interfaces/msg/Time,,std_msgs/msg/Header,0.9999798536300659,0.23819208145141602,2.326871871948242,15.6315336227417,0.014000000432133675,-0.12010002528813242,-0.04551567514025727,0.0,geometry_msgs/msg/Point,fpn_msgs/msg/MHEOutput
1662053831461082935,1662053831.461082935,1662053831461729088,/terrasentia/mhe_output,fpn_msgs/msg/MHEOutput,1298,1662053831,461082935,builtin_interfaces/msg/Time,,std_msgs/msg/Header,0.9999803900718689,0.23845189809799194,2.33132266998291,15.636580467224121,0.014000000432133675,-0.1283810536715616,-0.04587438936812041,0.0,geometry_msgs/msg/Point,fpn_msgs/msg/MHEOutput
1662053831660588502,1662053831.660588503,1662053831662175168,/terrasentia/mhe_output,fpn_msgs/msg/MHEOutput,1299,1662053831,660588502,builtin_interfaces/msg/Time,,std_msgs/msg/Header,0.9999738931655884,0.23871088027954102,2.333806276321411,15.637578010559082,0.014000000432133675,-0.13788902512434226,-0.04657198951516544,0.0,geometry_msgs/msg/Point,fpn_msgs/msg/MHEOutput
1662053831861863136,1662053831.861863136,1662053831862505280,/terrasentia/mhe_output,fpn_msgs/msg/MHEOutput,1300,1662053831,861863136,builtin_interfaces/msg/Time,,std_msgs/msg/Header,0.9999507665634155,0.23896904289722443,2.3346292972564697,15.637020111083984,0.014000000432133675,-0.1462855494195029,-0.0465233088291646,0.0,geometry_msgs/msg/Point,fpn_msgs/msg/MHEOutput
1662053832062627792,1662053832.062627792,1662053832063444128,/terrasentia/mhe_output,fpn_msgs/msg/MHEOutput,1301,1662053832,62627792,builtin_interfaces/msg/Time,,std_msgs/msg/Header,0.999605119228363,0.23922640085220337,2.334259510040283,15.635575294494629,0.014000000432133675,-0.15355142296668398,-0.04601019221844946,0.0,geometry_msgs/msg/Point,fpn_msgs/msg/MHEOutput
1662053832264726638,1662053832.264726639,1662053832265870048,/terrasentia/mhe_output,fpn_msgs/msg/MHEOutput,1302,1662053832,264726638,builtin_interfaces/msg/Time,,std_msgs/msg/Header,0.9967501163482666,0.23948293924331665,2.3338541984558105,15.634847640991211,0.014000000432133675,-0.156948612224833,-0.045106377469428596,0.0,geometry_msgs/msg/Point,fpn_msgs/msg/MHEOutput
1662053832464485883,1662053832.464485884,1662053832465725760,/terrasentia/mhe_output,fpn_msgs/msg/MHEOutput,1303,1662053832,464485883,builtin_interfaces/msg/Time,,std_msgs/msg/Header,0.9986379146575928,0.23961292207241058,2.3340179920196533,15.635445594787598,0.014000000432133675,-0.15834892925330382,-0.04384979315949261,0.0,geometry_msgs/msg/Point,fpn_msgs/msg/MHEOutput
1662053832661321640,1662053832.661321640,1662053832662410656,/terrasentia/mhe_output,fpn_msgs/msg/MHEOutput,1304,1662053832,661321640,builtin_interfaces/msg/Time,,std_msgs/msg/Header,0.9860833287239075,0.23974280059337616,2.3340508937835693,15.63503646850586,0.014000000432133675,-0.16109710805293398,-0.04406757605801377,0.0,geometry_msgs/msg/Point,fpn_msgs/msg/MHEOutput
1662053832861002445,1662053832.861002445,1662053832861908832,/terrasentia/mhe_output,fpn_msgs/msg/MHEOutput,1305,1662053832,861002445,builtin_interfaces/msg/Time,,std_msgs/msg/Header,0.9786786437034607,0.23987255990505219,2.3341126441955566,15.634857177734375,0.014000000432133675,-0.16112857639736702,-0.041748674891069704,0.0,geometry_msgs/msg/Point,fpn_msgs/msg/MHEOutput
1662053833063381433,1662053833.063381433,1662053833064347872,/terrasentia/mhe_output,fpn_msgs/msg/MHEOutput,1306,1662053833,63381433,builtin_interfaces/msg/Time,,std_msgs/msg/Header,0.9732867479324341,0.24000220000743866,2.3326263427734375,15.649213790893555,0.014000000432133675,-0.16130644582158757,-0.04440819190378261,0.0,geometry_msgs/msg/Point,fpn_msgs/msg/MHEOutput
1662053833261690139,1662053833.261690140,1662053833262675456,/terrasentia/mhe_output,fpn_msgs/msg/MHEOutput,1307,1662053833,261690139,builtin_interfaces/msg/Time,,std_msgs/msg/Header,0.969018280506134,0.24013173580169678,2.332469940185547,15.650718688964844,0.014000000432133675,-0.16132501851593312,-0.044723081932436994,0.0,geometry_msgs/msg/Point,fpn_msgs/msg/MHEOutput
